axis_id,knob_name,knob_value,seed,estimator,variant,hyperparam_value,estimate,v_true,ess_ratio_raw,max_weight_raw,support_proxy,ess_ratio_used
02,beta_log,-1,1000,dm,,nan,0.6931789077614771,0.7153918288961995,0.44540200180452355,10.475272325144406,0.0,nan
02,beta_log,-1,1000,ips,,nan,0.7124992755194697,0.7153918288961995,0.44540200180452355,10.475272325144406,0.0,0.44540200180452355
02,beta_log,-1,1000,snips,,nan,0.7193230569025413,0.7153918288961995,0.44540200180452355,10.475272325144406,0.0,0.44540200180452355
02,beta_log,-1,1000,clipped_ips,,2.5302270657029218,0.6149087636636459,0.7153918288961995,0.44540200180452355,10.475272325144406,0.0,0.5393769431421735
02,beta_log,-1,1000,dr,,nan,0.7239575309159858,0.7153918288961995,0.44540200180452355,10.475272325144406,0.0,0.44540200180452355
02,beta_log,-1,1000,switch_dr,,3.248351529857926,0.7079951907543313,0.7153918288961995,0.44540200180452355,10.475272325144406,0.0,0.49182764415195224
02,beta_log,-1,1000,dros,,6.402049004015618,0.7054096985108155,0.7153918288961995,0.44540200180452355,10.475272325144406,0.0,0.6828074400516674
02,beta_log,-1,1001,dm,,nan,0.6917799949717959,0.7153918288961995,0.445111338059841,10.264938005238006,0.0,nan
02,beta_log,-1,1001,ips,,nan,0.7175872933137727,0.7153918288961995,0.445111338059841,10.264938005238006,0.0,0.445111338059841
02,beta_log,-1,1001,snips,,nan,0.7065582345518052,0.7153918288961995,0.445111338059841,10.264938005238006,0.0,0.445111338059841
02,beta_log,-1,1001,clipped_ips,,2.5334381333091125,0.6186992790123131,0.7153918288961995,0.445111338059841,10.264938005238006,0.0,0.5462450424096096
02,beta_log,-1,1001,dr,,nan,0.7050162513091285,0.7153918288961995,0.445111338059841,10.264938005238006,0.0,0.445111338059841
02,beta_log,-1,1001,switch_dr,,3.3297668979162913,0.7067691076350071,0.7153918288961995,0.445111338059841,10.264938005238006,0.0,0.49615972815971743
02,beta_log,-1,1001,dros,,6.4183087753047605,0.6982520043548561,0.7153918288961995,0.445111338059841,10.264938005238006,0.0,0.6878769213948692
02,beta_log,-1,1002,dm,,nan,0.6957544468707243,0.7153918288961995,0.4376150291902329,11.09571567989182,0.0,nan
02,beta_log,-1,1002,ips,,nan,0.7257215237973397,0.7153918288961995,0.4376150291902329,11.09571567989182,0.0,0.4376150291902329
02,beta_log,-1,1002,snips,,nan,0.7241082641404848,0.7153918288961995,0.4376150291902329,11.09571567989182,0.0,0.4376150291902329
02,beta_log,-1,1002,clipped_ips,,2.536019717854621,0.6214194955484837,0.7153918288961995,0.4376150291902329,11.09571567989182,0.0,0.5387979596386494
02,beta_log,-1,1002,dr,,nan,0.7223228999437955,0.7153918288961995,0.4376150291902329,11.09571567989182,0.0,0.4376150291902329
02,beta_log,-1,1002,switch_dr,,3.3339913427920687,0.713308853178791,0.7153918288961995,0.4376150291902329,11.09571567989182,0.0,0.4888977256472509
02,beta_log,-1,1002,dros,,6.431396009347432,0.7068049903585271,0.7153918288961995,0.4376150291902329,11.09571567989182,0.0,0.6807987268542999
02,beta_log,-1,1003,dm,,nan,0.6951055705886715,0.7153918288961995,0.4390628667573982,10.69579455071326,0.0,nan
02,beta_log,-1,1003,ips,,nan,0.714152037704008,0.7153918288961995,0.4390628667573982,10.69579455071326,0.0,0.4390628667573982
02,beta_log,-1,1003,snips,,nan,0.7167180533479588,0.7153918288961995,0.4390628667573982,10.69579455071326,0.0,0.4390628667573982
02,beta_log,-1,1003,clipped_ips,,2.5577861184191786,0.6168062762434972,0.7153918288961995,0.4390628667573982,10.69579455071326,0.0,0.5341846921028677
02,beta_log,-1,1003,dr,,nan,0.716837414614396,0.7153918288961995,0.4390628667573982,10.69579455071326,0.0,0.4390628667573982
02,beta_log,-1,1003,switch_dr,,3.33255103309515,0.7084942298124078,0.7153918288961995,0.4390628667573982,10.69579455071326,0.0,0.4847798024154364
02,beta_log,-1,1003,dros,,6.542269827577848,0.7034662472287811,0.7153918288961995,0.4390628667573982,10.69579455071326,0.0,0.6777347128294245
02,beta_log,-1,1004,dm,,nan,0.6936586772927706,0.7153918288961995,0.4393066459068293,10.919026755927122,0.0,nan
02,beta_log,-1,1004,ips,,nan,0.7234943295136133,0.7153918288961995,0.4393066459068293,10.919026755927122,0.0,0.4393066459068293
02,beta_log,-1,1004,snips,,nan,0.7176594747903187,0.7153918288961995,0.4393066459068293,10.919026755927122,0.0,0.4393066459068293
02,beta_log,-1,1004,clipped_ips,,2.5816481791054744,0.6257811462319569,0.7153918288961995,0.4393066459068293,10.919026755927122,0.0,0.536640015224961
02,beta_log,-1,1004,dr,,nan,0.7152165920801216,0.7153918288961995,0.4393066459068293,10.919026755927122,0.0,0.4393066459068293
02,beta_log,-1,1004,switch_dr,,3.28479748984144,0.7080121740262472,0.7153918288961995,0.4393066459068293,10.919026755927122,0.0,0.4888040710144478
02,beta_log,-1,1004,dros,,6.664907320678612,0.7034688067379203,0.7153918288961995,0.4393066459068293,10.919026755927122,0.0,0.6794643314651112
02,beta_log,-1,1005,dm,,nan,0.6930386271315275,0.7153918288961995,0.4458875945799423,8.880132852693887,0.0,nan
02,beta_log,-1,1005,ips,,nan,0.6985275958552842,0.7153918288961995,0.4458875945799423,8.880132852693887,0.0,0.4458875945799423
02,beta_log,-1,1005,snips,,nan,0.7072004031270606,0.7153918288961995,0.4458875945799423,8.880132852693887,0.0,0.4458875945799423
02,beta_log,-1,1005,clipped_ips,,2.5170736683409785,0.5989866677206083,0.7153918288961995,0.4458875945799423,8.880132852693887,0.0,0.5405515420355171
02,beta_log,-1,1005,dr,,nan,0.7102192864942379,0.7153918288961995,0.4458875945799423,8.880132852693887,0.0,0.4458875945799423
02,beta_log,-1,1005,switch_dr,,3.2502475597287943,0.6922395236569722,0.7153918288961995,0.4458875945799423,8.880132852693887,0.0,0.492027215871505
02,beta_log,-1,1005,dros,,6.33565985185551,0.6934159219411881,0.7153918288961995,0.4458875945799423,8.880132852693887,0.0,0.6830754854122547
02,beta_log,-1,1006,dm,,nan,0.6924331064300114,0.7153918288961995,0.43341971140081725,12.130974222509362,0.0,nan
02,beta_log,-1,1006,ips,,nan,0.7255896071046987,0.7153918288961995,0.43341971140081725,12.130974222509362,0.0,0.43341971140081725
02,beta_log,-1,1006,snips,,nan,0.7147052380153283,0.7153918288961995,0.43341971140081725,12.130974222509362,0.0,0.43341971140081725
02,beta_log,-1,1006,clipped_ips,,2.5789539006689797,0.6218993568907323,0.7153918288961995,0.43341971140081725,12.130974222509362,0.0,0.5365272934895422
02,beta_log,-1,1006,dr,,nan,0.7113712852195802,0.7153918288961995,0.43341971140081725,12.130974222509362,0.0,0.43341971140081725
02,beta_log,-1,1006,switch_dr,,3.365731335196286,0.7063886691081722,0.7153918288961995,0.43341971140081725,12.130974222509362,0.0,0.48801267959690414
02,beta_log,-1,1006,dros,,6.6510032217757455,0.6997487039762715,0.7153918288961995,0.43341971140081725,12.130974222509362,0.0,0.6788439417788125
02,beta_log,-1,1007,dm,,nan,0.6938058926537315,0.7153918288961995,0.44375066682170183,12.386858857084176,0.0,nan
02,beta_log,-1,1007,ips,,nan,0.7201000549386215,0.7153918288961995,0.44375066682170183,12.386858857084176,0.0,0.44375066682170183
02,beta_log,-1,1007,snips,,nan,0.7207971241515541,0.7153918288961995,0.44375066682170183,12.386858857084176,0.0,0.44375066682170183
02,beta_log,-1,1007,clipped_ips,,2.5436941820029095,0.6190962844819297,0.7153918288961995,0.44375066682170183,12.386858857084176,0.0,0.5412351048128645
02,beta_log,-1,1007,dr,,nan,0.7211246815643939,0.7153918288961995,0.44375066682170183,12.386858857084176,0.0,0.44375066682170183
02,beta_log,-1,1007,switch_dr,,3.310512981142454,0.7080379012589678,0.7153918288961995,0.44375066682170183,12.386858857084176,0.0,0.4923458088311188
02,beta_log,-1,1007,dros,,6.470380091555451,0.7038490843600551,0.7153918288961995,0.44375066682170183,12.386858857084176,0.0,0.6842775676447819
02,beta_log,-1,1008,dm,,nan,0.6941399543912707,0.7153918288961995,0.4366202678467869,11.181354787854701,0.0,nan
02,beta_log,-1,1008,ips,,nan,0.7202874212158735,0.7153918288961995,0.4366202678467869,11.181354787854701,0.0,0.4366202678467869
02,beta_log,-1,1008,snips,,nan,0.7269285155317948,0.7153918288961995,0.4366202678467869,11.181354787854701,0.0,0.4366202678467869
02,beta_log,-1,1008,clipped_ips,,2.525554171385893,0.6154430872397112,0.7153918288961995,0.4366202678467869,11.181354787854701,0.0,0.5376404799731284
02,beta_log,-1,1008,dr,,nan,0.7296570314258208,0.7153918288961995,0.4366202678467869,11.181354787854701,0.0,0.4366202678467869
02,beta_log,-1,1008,switch_dr,,3.2906819705403527,0.7129118086143145,0.7153918288961995,0.4366202678467869,11.181354787854701,0.0,0.4895974903195011
02,beta_log,-1,1008,dros,,6.378423872604685,0.7080562761807989,0.7153918288961995,0.4366202678467869,11.181354787854701,0.0,0.6808611942758058
02,beta_log,-1,1009,dm,,nan,0.6927295403702923,0.7153918288961995,0.44451040455543245,8.672589275368642,0.0,nan
02,beta_log,-1,1009,ips,,nan,0.6893708771852931,0.7153918288961995,0.44451040455543245,8.672589275368642,0.0,0.44451040455543245
02,beta_log,-1,1009,snips,,nan,0.7052145764009751,0.7153918288961995,0.44451040455543245,8.672589275368642,0.0,0.44451040455543245
02,beta_log,-1,1009,clipped_ips,,2.506920853312565,0.5961751262192538,0.7153918288961995,0.44451040455543245,8.672589275368642,0.0,0.5355501505460283
02,beta_log,-1,1009,dr,,nan,0.708155763600108,0.7153918288961995,0.44451040455543245,8.672589275368642,0.0,0.44451040455543245
02,beta_log,-1,1009,switch_dr,,3.2092436232335366,0.7006994944928001,0.7153918288961995,0.44451040455543245,8.672589275368642,0.0,0.4874393620164632
02,beta_log,-1,1009,dros,,6.2846521647734,0.6969221303090218,0.7153918288961995,0.44451040455543245,8.672589275368642,0.0,0.678302799934545
02,beta_log,-1,1010,dm,,nan,0.6934092517159707,0.7153918288961995,0.43703946166862395,10.814348889482742,0.0,nan
02,beta_log,-1,1010,ips,,nan,0.707860230464473,0.7153918288961995,0.43703946166862395,10.814348889482742,0.0,0.43703946166862395
02,beta_log,-1,1010,snips,,nan,0.7141339057040645,0.7153918288961995,0.43703946166862395,10.814348889482742,0.0,0.43703946166862395
02,beta_log,-1,1010,clipped_ips,,2.5100744143641736,0.6071792548494954,0.7153918288961995,0.43703946166862395,10.814348889482742,0.0,0.5397163087287348
02,beta_log,-1,1010,dr,,nan,0.7165471262009797,0.7153918288961995,0.43703946166862395,10.814348889482742,0.0,0.43703946166862395
02,beta_log,-1,1010,switch_dr,,3.3199795946762487,0.7113403619454907,0.7153918288961995,0.43703946166862395,10.814348889482742,0.0,0.4898679003347297
02,beta_log,-1,1010,dros,,6.300473565645649,0.7047998127086078,0.7153918288961995,0.43703946166862395,10.814348889482742,0.0,0.6837364225904152
02,beta_log,-1,1011,dm,,nan,0.6948805225766604,0.7153918288961995,0.43565886949998955,9.707350665995314,0.0,nan
02,beta_log,-1,1011,ips,,nan,0.7276403469942244,0.7153918288961995,0.43565886949998955,9.707350665995314,0.0,0.43565886949998955
02,beta_log,-1,1011,snips,,nan,0.7183586905550667,0.7153918288961995,0.43565886949998955,9.707350665995314,0.0,0.43565886949998955
02,beta_log,-1,1011,clipped_ips,,2.529691253683258,0.6170515247648527,0.7153918288961995,0.43565886949998955,9.707350665995314,0.0,0.5420370870034095
02,beta_log,-1,1011,dr,,nan,0.7160854436092914,0.7153918288961995,0.43565886949998955,9.707350665995314,0.0,0.43565886949998955
02,beta_log,-1,1011,switch_dr,,3.3827462119098137,0.7048480044550178,0.7153918288961995,0.43565886949998955,9.707350665995314,0.0,0.4911108144312203
02,beta_log,-1,1011,dros,,6.399337838961574,0.701022014402626,0.7153918288961995,0.43565886949998955,9.707350665995314,0.0,0.6846464432592337
02,beta_log,-1,1012,dm,,nan,0.6944896621525134,0.7153918288961995,0.4387535336409611,13.137250459297402,0.0,nan
02,beta_log,-1,1012,ips,,nan,0.7045279782177889,0.7153918288961995,0.4387535336409611,13.137250459297402,0.0,0.4387535336409611
02,beta_log,-1,1012,snips,,nan,0.7164674238745106,0.7153918288961995,0.4387535336409611,13.137250459297402,0.0,0.4387535336409611
02,beta_log,-1,1012,clipped_ips,,2.493593233749809,0.6063195252225495,0.7153918288961995,0.4387535336409611,13.137250459297402,0.0,0.5391013301530656
02,beta_log,-1,1012,dr,,nan,0.7194347035747423,0.7153918288961995,0.4387535336409611,13.137250459297402,0.0,0.4387535336409611
02,beta_log,-1,1012,switch_dr,,3.2753742880676433,0.7123012299576101,0.7153918288961995,0.4387535336409611,13.137250459297402,0.0,0.49009470498721386
02,beta_log,-1,1012,dros,,6.21800721540283,0.7063279992667184,0.7153918288961995,0.4387535336409611,13.137250459297402,0.0,0.6823115055614651
02,beta_log,-1,1013,dm,,nan,0.6941379332524861,0.7153918288961995,0.43557240271519815,9.32211926229195,0.0,nan
02,beta_log,-1,1013,ips,,nan,0.7212984978729794,0.7153918288961995,0.43557240271519815,9.32211926229195,0.0,0.43557240271519815
02,beta_log,-1,1013,snips,,nan,0.7234282514625481,0.7153918288961995,0.43557240271519815,9.32211926229195,0.0,0.43557240271519815
02,beta_log,-1,1013,clipped_ips,,2.5597558908612688,0.6180870573814317,0.7153918288961995,0.43557240271519815,9.32211926229195,0.0,0.5333430337028662
02,beta_log,-1,1013,dr,,nan,0.7232469744161892,0.7153918288961995,0.43557240271519815,9.32211926229195,0.0,0.43557240271519815
02,beta_log,-1,1013,switch_dr,,3.371432875549013,0.7148981213540067,0.7153918288961995,0.43557240271519815,9.32211926229195,0.0,0.4839171753831553
02,beta_log,-1,1013,dros,,6.552350220798967,0.7058275485782651,0.7153918288961995,0.43557240271519815,9.32211926229195,0.0,0.6773911213486097
02,beta_log,-1,1014,dm,,nan,0.6932807440730274,0.7153918288961995,0.4358275345203907,10.198947492171445,0.0,nan
02,beta_log,-1,1014,ips,,nan,0.7030884886414833,0.7153918288961995,0.4358275345203907,10.198947492171445,0.0,0.4358275345203907
02,beta_log,-1,1014,snips,,nan,0.7147307967162018,0.7153918288961995,0.4358275345203907,10.198947492171445,0.0,0.4358275345203907
02,beta_log,-1,1014,clipped_ips,,2.5131017951488044,0.600826785165753,0.7153918288961995,0.4358275345203907,10.198947492171445,0.0,0.5384120052390742
02,beta_log,-1,1014,dr,,nan,0.7178118960508137,0.7153918288961995,0.4358275345203907,10.198947492171445,0.0,0.4358275345203907
02,beta_log,-1,1014,switch_dr,,3.2504856589700823,0.704876493052617,0.7153918288961995,0.4358275345203907,10.198947492171445,0.0,0.489709732966124
02,beta_log,-1,1014,dros,,6.315680632780143,0.700952977134709,0.7153918288961995,0.4358275345203907,10.198947492171445,0.0,0.681541078232618
02,beta_log,-1,1015,dm,,nan,0.6930117983022533,0.7153918288961995,0.4385450424440006,11.445720198435952,0.0,nan
02,beta_log,-1,1015,ips,,nan,0.7206965430277014,0.7153918288961995,0.4385450424440006,11.445720198435952,0.0,0.4385450424440006
02,beta_log,-1,1015,snips,,nan,0.7134225962378674,0.7153918288961995,0.4385450424440006,11.445720198435952,0.0,0.4385450424440006
02,beta_log,-1,1015,clipped_ips,,2.536382557105198,0.6143035806709862,0.7153918288961995,0.4385450424440006,11.445720198435952,0.0,0.5415262477056852
02,beta_log,-1,1015,dr,,nan,0.7121249573430911,0.7153918288961995,0.4385450424440006,11.445720198435952,0.0,0.4385450424440006
02,beta_log,-1,1015,switch_dr,,3.33886166728795,0.6989121024859651,0.7153918288961995,0.4385450424440006,11.445720198435952,0.0,0.49139731781294915
02,beta_log,-1,1015,dros,,6.433236475987504,0.6986700662031508,0.7153918288961995,0.4385450424440006,11.445720198435952,0.0,0.6835194287542343
02,beta_log,-1,1016,dm,,nan,0.6962416410726673,0.7153918288961995,0.44612000748259234,10.517537926760049,0.0,nan
02,beta_log,-1,1016,ips,,nan,0.7162982497455667,0.7153918288961995,0.44612000748259234,10.517537926760049,0.0,0.44612000748259234
02,beta_log,-1,1016,snips,,nan,0.7160196255932415,0.7153918288961995,0.44612000748259234,10.517537926760049,0.0,0.44612000748259234
02,beta_log,-1,1016,clipped_ips,,2.5303395832385602,0.6210633874373325,0.7153918288961995,0.44612000748259234,10.517537926760049,0.0,0.5433019819733741
02,beta_log,-1,1016,dr,,nan,0.7193474006830644,0.7153918288961995,0.44612000748259234,10.517537926760049,0.0,0.44612000748259234
02,beta_log,-1,1016,switch_dr,,3.274883734527839,0.713258613192272,0.7153918288961995,0.44612000748259234,10.517537926760049,0.0,0.4953870818748298
02,beta_log,-1,1016,dros,,6.4026184065038905,0.7071475612808348,0.7153918288961995,0.44612000748259234,10.517537926760049,0.0,0.6846373773897001
02,beta_log,-1,1017,dm,,nan,0.6929990235095813,0.7153918288961995,0.4450991917651866,10.680911946340304,0.0,nan
02,beta_log,-1,1017,ips,,nan,0.7088866811648722,0.7153918288961995,0.4450991917651866,10.680911946340304,0.0,0.4450991917651866
02,beta_log,-1,1017,snips,,nan,0.7112791241932133,0.7153918288961995,0.4450991917651866,10.680911946340304,0.0,0.4450991917651866
02,beta_log,-1,1017,clipped_ips,,2.531188429844358,0.6116440135118154,0.7153918288961995,0.4450991917651866,10.680911946340304,0.0,0.540084422148935
02,beta_log,-1,1017,dr,,nan,0.7128677315037096,0.7153918288961995,0.4450991917651866,10.680911946340304,0.0,0.4450991917651866
02,beta_log,-1,1017,switch_dr,,3.2661425634375516,0.7027838569493936,0.7153918288961995,0.4450991917651866,10.680911946340304,0.0,0.49154956400705807
02,beta_log,-1,1017,dros,,6.406914867377947,0.700394389283477,0.7153918288961995,0.4450991917651866,10.680911946340304,0.0,0.681043202251426
02,beta_log,-1,1018,dm,,nan,0.6937551179611569,0.7153918288961995,0.43852553579565373,9.373856158883239,0.0,nan
02,beta_log,-1,1018,ips,,nan,0.6993080410617251,0.7153918288961995,0.43852553579565373,9.373856158883239,0.0,0.43852553579565373
02,beta_log,-1,1018,snips,,nan,0.7006729190906567,0.7153918288961995,0.43852553579565373,9.373856158883239,0.0,0.43852553579565373
02,beta_log,-1,1018,clipped_ips,,2.5146116385478305,0.6012655575209948,0.7153918288961995,0.43852553579565373,9.373856158883239,0.0,0.538596379041444
02,beta_log,-1,1018,dr,,nan,0.6994321762250575,0.7153918288961995,0.43852553579565373,9.373856158883239,0.0,0.43852553579565373
02,beta_log,-1,1018,switch_dr,,3.3793458156721163,0.7040713072954187,0.7153918288961995,0.43852553579565373,9.373856158883239,0.0,0.48663708256034804
02,beta_log,-1,1018,dros,,6.323271692720205,0.6977797113491432,0.7153918288961995,0.43852553579565373,9.373856158883239,0.0,0.6811398297768801
02,beta_log,-1,1019,dm,,nan,0.6955462597736317,0.7153918288961995,0.4427764590970933,9.957223597813362,0.0,nan
02,beta_log,-1,1019,ips,,nan,0.7281867522349684,0.7153918288961995,0.4427764590970933,9.957223597813362,0.0,0.4427764590970933
02,beta_log,-1,1019,snips,,nan,0.7272763789180662,0.7153918288961995,0.4427764590970933,9.957223597813362,0.0,0.4427764590970933
02,beta_log,-1,1019,clipped_ips,,2.57490827279404,0.6309268392326379,0.7153918288961995,0.4427764590970933,9.957223597813362,0.0,0.5343687192835137
02,beta_log,-1,1019,dr,,nan,0.7275519397073346,0.7153918288961995,0.4427764590970933,9.957223597813362,0.0,0.4427764590970933
02,beta_log,-1,1019,switch_dr,,3.3491500645065053,0.7167145093628459,0.7153918288961995,0.4427764590970933,9.957223597813362,0.0,0.48601243664113797
02,beta_log,-1,1019,dros,,6.630152613303187,0.7111494415262187,0.7153918288961995,0.4427764590970933,9.957223597813362,0.0,0.6762252073043462
02,beta_log,-1,1020,dm,,nan,0.6949391005188121,0.7153918288961995,0.4407746440957893,10.491248705887239,0.0,nan
02,beta_log,-1,1020,ips,,nan,0.7115583149296847,0.7153918288961995,0.4407746440957893,10.491248705887239,0.0,0.4407746440957893
02,beta_log,-1,1020,snips,,nan,0.7080888107645165,0.7153918288961995,0.4407746440957893,10.491248705887239,0.0,0.4407746440957893
02,beta_log,-1,1020,clipped_ips,,2.5413725771396347,0.6146380122284125,0.7153918288961995,0.4407746440957893,10.491248705887239,0.0,0.5407665458126413
02,beta_log,-1,1020,dr,,nan,0.7075423235705358,0.7153918288961995,0.4407746440957893,10.491248705887239,0.0,0.4407746440957893
02,beta_log,-1,1020,switch_dr,,3.326576557897626,0.7075692167595242,0.7153918288961995,0.4407746440957893,10.491248705887239,0.0,0.491266388654985
02,beta_log,-1,1020,dros,,6.458574575837349,0.7012854519151954,0.7153918288961995,0.4407746440957893,10.491248705887239,0.0,0.6830897055122102
02,beta_log,-1,1021,dm,,nan,0.6934494920853139,0.7153918288961995,0.4456577134285513,10.286792240250934,0.0,nan
02,beta_log,-1,1021,ips,,nan,0.7263067427398914,0.7153918288961995,0.4456577134285513,10.286792240250934,0.0,0.4456577134285513
02,beta_log,-1,1021,snips,,nan,0.718862446668241,0.7153918288961995,0.4456577134285513,10.286792240250934,0.0,0.4456577134285513
02,beta_log,-1,1021,clipped_ips,,2.5853075595132435,0.626828503237745,0.7153918288961995,0.4456577134285513,10.286792240250934,0.0,0.5389096745937796
02,beta_log,-1,1021,dr,,nan,0.7174544371494376,0.7153918288961995,0.4456577134285513,10.286792240250934,0.0,0.4456577134285513
02,beta_log,-1,1021,switch_dr,,3.304845412470578,0.7032552151748207,0.7153918288961995,0.4456577134285513,10.286792240250934,0.0,0.49086765451004905
02,beta_log,-1,1021,dros,,6.6838151772763235,0.7022841279335734,0.7153918288961995,0.4456577134285513,10.286792240250934,0.0,0.6811561498347535
02,beta_log,-1,1022,dm,,nan,0.6953662502964467,0.7153918288961995,0.42622237765863036,11.442477894290352,0.0,nan
02,beta_log,-1,1022,ips,,nan,0.7065662897287802,0.7153918288961995,0.42622237765863036,11.442477894290352,0.0,0.42622237765863036
02,beta_log,-1,1022,snips,,nan,0.7152195995513676,0.7153918288961995,0.42622237765863036,11.442477894290352,0.0,0.42622237765863036
02,beta_log,-1,1022,clipped_ips,,2.5413934392830457,0.601693220609854,0.7153918288961995,0.42622237765863036,11.442477894290352,0.0,0.5312845613644961
02,beta_log,-1,1022,dr,,nan,0.7148973495427197,0.7153918288961995,0.42622237765863036,11.442477894290352,0.0,0.42622237765863036
02,beta_log,-1,1022,switch_dr,,3.331604516158729,0.707958884409303,0.7153918288961995,0.42622237765863036,11.442477894290352,0.0,0.48152415394547904
02,beta_log,-1,1022,dros,,6.458680613230908,0.7019204331811418,0.7153918288961995,0.42622237765863036,11.442477894290352,0.0,0.6758835826261718
02,beta_log,-1,1023,dm,,nan,0.6944141003199898,0.7153918288961995,0.4382625512492906,11.052036763768252,0.0,nan
02,beta_log,-1,1023,ips,,nan,0.7120047576668451,0.7153918288961995,0.4382625512492906,11.052036763768252,0.0,0.4382625512492906
02,beta_log,-1,1023,snips,,nan,0.7152858426812371,0.7153918288961995,0.4382625512492906,11.052036763768252,0.0,0.4382625512492906
02,beta_log,-1,1023,clipped_ips,,2.523867587081564,0.6109864067728127,0.7153918288961995,0.4382625512492906,11.052036763768252,0.0,0.5375065326394229
02,beta_log,-1,1023,dr,,nan,0.7167789994248935,0.7153918288961995,0.4382625512492906,11.052036763768252,0.0,0.4382625512492906
02,beta_log,-1,1023,switch_dr,,3.298478366436807,0.7038741185472189,0.7153918288961995,0.4382625512492906,11.052036763768252,0.0,0.488223883438736
02,beta_log,-1,1023,dros,,6.369907597120916,0.7033874839589769,0.7153918288961995,0.4382625512492906,11.052036763768252,0.0,0.6791884789198476
02,beta_log,-1,1024,dm,,nan,0.6924258740815692,0.7153918288961995,0.44171283526167,10.690273001470754,0.0,nan
02,beta_log,-1,1024,ips,,nan,0.7111821889779116,0.7153918288961995,0.44171283526167,10.690273001470754,0.0,0.44171283526167
02,beta_log,-1,1024,snips,,nan,0.7115679102291296,0.7153918288961995,0.44171283526167,10.690273001470754,0.0,0.44171283526167
02,beta_log,-1,1024,clipped_ips,,2.545853936708291,0.6105011499454623,0.7153918288961995,0.44171283526167,10.690273001470754,0.0,0.5384664239476158
02,beta_log,-1,1024,dr,,nan,0.7121889855239019,0.7153918288961995,0.44171283526167,10.690273001470754,0.0,0.44171283526167
02,beta_log,-1,1024,switch_dr,,3.318602223134364,0.7001842785590126,0.7153918288961995,0.44171283526167,10.690273001470754,0.0,0.4899524868788414
02,beta_log,-1,1024,dros,,6.4813722670531035,0.6975901259816474,0.7153918288961995,0.44171283526167,10.690273001470754,0.0,0.6819495208977635
02,beta_log,-1,1025,dm,,nan,0.6924870387502547,0.7153918288961995,0.4450273239203126,12.523829303552759,0.0,nan
02,beta_log,-1,1025,ips,,nan,0.6971307189192029,0.7153918288961995,0.4450273239203126,12.523829303552759,0.0,0.4450273239203126
02,beta_log,-1,1025,snips,,nan,0.707453242878306,0.7153918288961995,0.4450273239203126,12.523829303552759,0.0,0.4450273239203126
02,beta_log,-1,1025,clipped_ips,,2.4982504901144367,0.6022100590313442,0.7153918288961995,0.4450273239203126,12.523829303552759,0.0,0.5426473428384027
02,beta_log,-1,1025,dr,,nan,0.7084243371570895,0.7153918288961995,0.4450273239203126,12.523829303552759,0.0,0.4450273239203126
02,beta_log,-1,1025,switch_dr,,3.198294005797298,0.702530321549112,0.7153918288961995,0.4450273239203126,12.523829303552759,0.0,0.49531934095248253
02,beta_log,-1,1025,dros,,6.241255511357023,0.6981470687699237,0.7153918288961995,0.4450273239203126,12.523829303552759,0.0,0.6850809544684584
02,beta_log,-1,1026,dm,,nan,0.6926846985894299,0.7153918288961995,0.44217713671947756,10.007242211488766,0.0,nan
02,beta_log,-1,1026,ips,,nan,0.7160922893364402,0.7153918288961995,0.44217713671947756,10.007242211488766,0.0,0.44217713671947756
02,beta_log,-1,1026,snips,,nan,0.7117814413614022,0.7153918288961995,0.44217713671947756,10.007242211488766,0.0,0.44217713671947756
02,beta_log,-1,1026,clipped_ips,,2.567593348107907,0.619575297158852,0.7153918288961995,0.44217713671947756,10.007242211488766,0.0,0.5375840114838262
02,beta_log,-1,1026,dr,,nan,0.7105585932217835,0.7153918288961995,0.44217713671947756,10.007242211488766,0.0,0.44217713671947756
02,beta_log,-1,1026,switch_dr,,3.3568568014691653,0.7078725427258131,0.7153918288961995,0.44217713671947756,10.007242211488766,0.0,0.4880058556052827
02,beta_log,-1,1026,dros,,6.592535601247971,0.7018337371012004,0.7153918288961995,0.44217713671947756,10.007242211488766,0.0,0.6802866020483858
02,beta_log,-1,1027,dm,,nan,0.694932822567693,0.7153918288961995,0.43536646266063234,11.929260597380836,0.0,nan
02,beta_log,-1,1027,ips,,nan,0.7027993937372152,0.7153918288961995,0.43536646266063234,11.929260597380836,0.0,0.43536646266063234
02,beta_log,-1,1027,snips,,nan,0.7094749194753771,0.7153918288961995,0.43536646266063234,11.929260597380836,0.0,0.43536646266063234
02,beta_log,-1,1027,clipped_ips,,2.4731802217766226,0.5979020274099814,0.7153918288961995,0.43536646266063234,11.929260597380836,0.0,0.5449605258847405
02,beta_log,-1,1027,dr,,nan,0.7099541010526979,0.7153918288961995,0.43536646266063234,11.929260597380836,0.0,0.43536646266063234
02,beta_log,-1,1027,switch_dr,,3.2421417232786234,0.7030913763381671,0.7153918288961995,0.43536646266063234,11.929260597380836,0.0,0.49485148517394134
02,beta_log,-1,1027,dros,,6.116620409387064,0.6995131595876353,0.7153918288961995,0.43536646266063234,11.929260597380836,0.0,0.6875592312126321
02,beta_log,-1,1028,dm,,nan,0.6931840083551081,0.7153918288961995,0.4380972214383925,8.295016676267943,0.0,nan
02,beta_log,-1,1028,ips,,nan,0.6913438343686886,0.7153918288961995,0.4380972214383925,8.295016676267943,0.0,0.4380972214383925
02,beta_log,-1,1028,snips,,nan,0.7065269264440625,0.7153918288961995,0.4380972214383925,8.295016676267943,0.0,0.4380972214383925
02,beta_log,-1,1028,clipped_ips,,2.5077226709038842,0.5937320637495239,0.7153918288961995,0.4380972214383925,8.295016676267943,0.0,0.5341263706909993
02,beta_log,-1,1028,dr,,nan,0.7103504790713914,0.7153918288961995,0.4380972214383925,8.295016676267943,0.0,0.4380972214383925
02,beta_log,-1,1028,switch_dr,,3.2941082729512168,0.7041922673087249,0.7153918288961995,0.4380972214383925,8.295016676267943,0.0,0.4842650339638333
02,beta_log,-1,1028,dros,,6.288672994165311,0.7000546651180666,0.7153918288961995,0.4380972214383925,8.295016676267943,0.0,0.6770558279131988
02,beta_log,-1,1029,dm,,nan,0.6936510889127656,0.7153918288961995,0.4333163928406016,11.153189646024618,0.0,nan
02,beta_log,-1,1029,ips,,nan,0.7139368750971898,0.7153918288961995,0.4333163928406016,11.153189646024618,0.0,0.4333163928406016
02,beta_log,-1,1029,snips,,nan,0.7141317390195493,0.7153918288961995,0.4333163928406016,11.153189646024618,0.0,0.4333163928406016
02,beta_log,-1,1029,clipped_ips,,2.580131486080553,0.6117948426295218,0.7153918288961995,0.4333163928406016,11.153189646024618,0.0,0.5315507236372766
02,beta_log,-1,1029,dr,,nan,0.7134421153458289,0.7153918288961995,0.4333163928406016,11.153189646024618,0.0,0.4333163928406016
02,beta_log,-1,1029,switch_dr,,3.3215226536345264,0.7020490805644393,0.7153918288961995,0.4333163928406016,11.153189646024618,0.0,0.48366457028993454
02,beta_log,-1,1029,dros,,6.657078485464242,0.6996457909452032,0.7153918288961995,0.4333163928406016,11.153189646024618,0.0,0.6749353850189134
02,beta_log,-1,1030,dm,,nan,0.6959578595535321,0.7153918288961995,0.43860387473828644,10.531795021468925,0.0,nan
02,beta_log,-1,1030,ips,,nan,0.7065745557303448,0.7153918288961995,0.43860387473828644,10.531795021468925,0.0,0.43860387473828644
02,beta_log,-1,1030,snips,,nan,0.7090605531349115,0.7153918288961995,0.43860387473828644,10.531795021468925,0.0,0.43860387473828644
02,beta_log,-1,1030,clipped_ips,,2.5717859537865886,0.6096530362416319,0.7153918288961995,0.43860387473828644,10.531795021468925,0.0,0.5313481841350288
02,beta_log,-1,1030,dr,,nan,0.7082939429961693,0.7153918288961995,0.43860387473828644,10.531795021468925,0.0,0.43860387473828644
02,beta_log,-1,1030,switch_dr,,3.2555716701432753,0.7007480776913337,0.7153918288961995,0.43860387473828644,10.531795021468925,0.0,0.48366721932891216
02,beta_log,-1,1030,dros,,6.614082992093993,0.697490400388982,0.7153918288961995,0.43860387473828644,10.531795021468925,0.0,0.6738478279918517
02,beta_log,-1,1031,dm,,nan,0.6935672007073113,0.7153918288961995,0.4462009318331815,12.169934419720168,0.0,nan
02,beta_log,-1,1031,ips,,nan,0.7200815554885714,0.7153918288961995,0.4462009318331815,12.169934419720168,0.0,0.4462009318331815
02,beta_log,-1,1031,snips,,nan,0.7095326356050013,0.7153918288961995,0.4462009318331815,12.169934419720168,0.0,0.4462009318331815
02,beta_log,-1,1031,clipped_ips,,2.5811109305083946,0.6223363882128832,0.7153918288961995,0.4462009318331815,12.169934419720168,0.0,0.5390002023880411
02,beta_log,-1,1031,dr,,nan,0.7089570869963067,0.7153918288961995,0.4462009318331815,12.169934419720168,0.0,0.4462009318331815
02,beta_log,-1,1031,switch_dr,,3.3305482829175688,0.6988196187407001,0.7153918288961995,0.4462009318331815,12.169934419720168,0.0,0.4902615941549993
02,beta_log,-1,1031,dros,,6.66213363558991,0.6974829137938879,0.7153918288961995,0.4462009318331815,12.169934419720168,0.0,0.6807038550814227
02,beta_log,-1,1032,dm,,nan,0.6927234189159213,0.7153918288961995,0.43693458098614857,13.024063158343433,0.0,nan
02,beta_log,-1,1032,ips,,nan,0.7185757594463428,0.7153918288961995,0.43693458098614857,13.024063158343433,0.0,0.43693458098614857
02,beta_log,-1,1032,snips,,nan,0.7088060291113775,0.7153918288961995,0.43693458098614857,13.024063158343433,0.0,0.43693458098614857
02,beta_log,-1,1032,clipped_ips,,2.5558642389092645,0.6155760085922224,0.7153918288961995,0.43693458098614857,13.024063158343433,0.0,0.5405711343047646
02,beta_log,-1,1032,dr,,nan,0.7067754553412017,0.7153918288961995,0.43693458098614857,13.024063158343433,0.0,0.43693458098614857
02,beta_log,-1,1032,switch_dr,,3.375654533361394,0.7034046852769766,0.7153918288961995,0.43693458098614857,13.024063158343433,0.0,0.49020454947158415
02,beta_log,-1,1032,dros,,6.532442007735234,0.6988426389239656,0.7153918288961995,0.43693458098614857,13.024063158343433,0.0,0.6827491223000695
02,beta_log,-1,1033,dm,,nan,0.6947514559092304,0.7153918288961995,0.4316112558422953,11.503665512615799,0.0,nan
02,beta_log,-1,1033,ips,,nan,0.7053025535679821,0.7153918288961995,0.4316112558422953,11.503665512615799,0.0,0.4316112558422953
02,beta_log,-1,1033,snips,,nan,0.7133407379831123,0.7153918288961995,0.4316112558422953,11.503665512615799,0.0,0.4316112558422953
02,beta_log,-1,1033,clipped_ips,,2.4749634182342444,0.5972330040056517,0.7153918288961995,0.4316112558422953,11.503665512615799,0.0,0.5385819859032315
02,beta_log,-1,1033,dr,,nan,0.7136822751146185,0.7153918288961995,0.4316112558422953,11.503665512615799,0.0,0.4316112558422953
02,beta_log,-1,1033,switch_dr,,3.2951943523485716,0.7016776010649677,0.7153918288961995,0.4316112558422953,11.503665512615799,0.0,0.4878805174805146
02,beta_log,-1,1033,dros,,6.125443921597736,0.6999465904031015,0.7153918288961995,0.4316112558422953,11.503665512615799,0.0,0.6808322156947578
02,beta_log,-1,1034,dm,,nan,0.6941634717131772,0.7153918288961995,0.4419174484181568,10.905240610440998,0.0,nan
02,beta_log,-1,1034,ips,,nan,0.7155465303584668,0.7153918288961995,0.4419174484181568,10.905240610440998,0.0,0.4419174484181568
02,beta_log,-1,1034,snips,,nan,0.716856682675159,0.7153918288961995,0.4419174484181568,10.905240610440998,0.0,0.4419174484181568
02,beta_log,-1,1034,clipped_ips,,2.524891490255927,0.6148784097723918,0.7153918288961995,0.4419174484181568,10.905240610440998,0.0,0.5394575835197887
02,beta_log,-1,1034,dr,,nan,0.718433367162755,0.7153918288961995,0.4419174484181568,10.905240610440998,0.0,0.4419174484181568
02,beta_log,-1,1034,switch_dr,,3.2662458621145714,0.7096637160766822,0.7153918288961995,0.4419174484181568,10.905240610440998,0.0,0.49017935387494027
02,beta_log,-1,1034,dros,,6.375077037566797,0.7033349630309428,0.7153918288961995,0.4419174484181568,10.905240610440998,0.0,0.6819722221769885
02,beta_log,-1,1035,dm,,nan,0.6936778457121711,0.7153918288961995,0.4400153971600242,10.552400804525325,0.0,nan
02,beta_log,-1,1035,ips,,nan,0.7239518961226082,0.7153918288961995,0.4400153971600242,10.552400804525325,0.0,0.4400153971600242
02,beta_log,-1,1035,snips,,nan,0.7243438267983823,0.7153918288961995,0.4400153971600242,10.552400804525325,0.0,0.4400153971600242
02,beta_log,-1,1035,clipped_ips,,2.5620754852377012,0.6202240305111746,0.7153918288961995,0.4400153971600242,10.552400804525325,0.0,0.5362724246734878
02,beta_log,-1,1035,dr,,nan,0.7251617359923496,0.7153918288961995,0.4400153971600242,10.552400804525325,0.0,0.4400153971600242
02,beta_log,-1,1035,switch_dr,,3.3292370646869744,0.7087691990300012,0.7153918288961995,0.4400153971600242,10.552400804525325,0.0,0.48740911241580226
02,beta_log,-1,1035,dros,,6.564230792056002,0.703343005513961,0.7153918288961995,0.4400153971600242,10.552400804525325,0.0,0.6787009326163163
02,beta_log,-1,1036,dm,,nan,0.693694299662431,0.7153918288961995,0.44438568851762883,10.063303093585906,0.0,nan
02,beta_log,-1,1036,ips,,nan,0.7096524012182622,0.7153918288961995,0.44438568851762883,10.063303093585906,0.0,0.44438568851762883
02,beta_log,-1,1036,snips,,nan,0.7142797207228245,0.7153918288961995,0.44438568851762883,10.063303093585906,0.0,0.44438568851762883
02,beta_log,-1,1036,clipped_ips,,2.511875533235474,0.6102031163559516,0.7153918288961995,0.44438568851762883,10.063303093585906,0.0,0.5446874109693287
02,beta_log,-1,1036,dr,,nan,0.7170104802511249,0.7153918288961995,0.44438568851762883,10.063303093585906,0.0,0.44438568851762883
02,beta_log,-1,1036,switch_dr,,3.265946085723537,0.7069979732247351,0.7153918288961995,0.44438568851762883,10.063303093585906,0.0,0.49562063150482816
02,beta_log,-1,1036,dros,,6.3095186944669965,0.7033127124224042,0.7153918288961995,0.44438568851762883,10.063303093585906,0.0,0.6872080070603265
02,beta_log,-1,1037,dm,,nan,0.6935709830984859,0.7153918288961995,0.444148960869395,9.551347055694247,0.0,nan
02,beta_log,-1,1037,ips,,nan,0.7042788279575409,0.7153918288961995,0.444148960869395,9.551347055694247,0.0,0.444148960869395
02,beta_log,-1,1037,snips,,nan,0.7069055390653616,0.7153918288961995,0.444148960869395,9.551347055694247,0.0,0.444148960869395
02,beta_log,-1,1037,clipped_ips,,2.5353523704483645,0.607548122164478,0.7153918288961995,0.444148960869395,9.551347055694247,0.0,0.5401958960980628
02,beta_log,-1,1037,dr,,nan,0.7066719639341569,0.7153918288961995,0.444148960869395,9.551347055694247,0.0,0.444148960869395
02,beta_log,-1,1037,switch_dr,,3.2865732283752354,0.6999396791496305,0.7153918288961995,0.444148960869395,9.551347055694247,0.0,0.4918367522028014
02,beta_log,-1,1037,dros,,6.428011642338141,0.6956287668133723,0.7153918288961995,0.444148960869395,9.551347055694247,0.0,0.6817902691215452
02,beta_log,-1,1038,dm,,nan,0.6945459142367677,0.7153918288961995,0.4441640840084322,11.607893653370429,0.0,nan
02,beta_log,-1,1038,ips,,nan,0.7501344206381636,0.7153918288961995,0.4441640840084322,11.607893653370429,0.0,0.4441640840084322
02,beta_log,-1,1038,snips,,nan,0.7270008550153754,0.7153918288961995,0.4441640840084322,11.607893653370429,0.0,0.4441640840084322
02,beta_log,-1,1038,clipped_ips,,2.6196324406632177,0.6472839704065233,0.7153918288961995,0.4441640840084322,11.607893653370429,0.0,0.5394396928730245
02,beta_log,-1,1038,dr,,nan,0.722006031019564,0.7153918288961995,0.4441640840084322,11.607893653370429,0.0,0.4441640840084322
02,beta_log,-1,1038,switch_dr,,3.404352375179485,0.706867306865347,0.7153918288961995,0.4441640840084322,11.607893653370429,0.0,0.49081492673276955
02,beta_log,-1,1038,dros,,6.862474124175127,0.7034997663062177,0.7153918288961995,0.4441640840084322,11.607893653370429,0.0,0.6796009710292904
02,beta_log,-1,1039,dm,,nan,0.6918953120560825,0.7153918288961995,0.4418699136686866,9.354034330016246,0.0,nan
02,beta_log,-1,1039,ips,,nan,0.7244606106950819,0.7153918288961995,0.4418699136686866,9.354034330016246,0.0,0.4418699136686866
02,beta_log,-1,1039,snips,,nan,0.7215960779342877,0.7153918288961995,0.4418699136686866,9.354034330016246,0.0,0.4418699136686866
02,beta_log,-1,1039,clipped_ips,,2.556431537512723,0.6226462239186094,0.7153918288961995,0.4418699136686866,9.354034330016246,0.0,0.5369039077960618
02,beta_log,-1,1039,dr,,nan,0.7198800164469538,0.7153918288961995,0.4418699136686866,9.354034330016246,0.0,0.4418699136686866
02,beta_log,-1,1039,switch_dr,,3.373448783750936,0.7092393831892279,0.7153918288961995,0.4418699136686866,9.354034330016246,0.0,0.4864023375320059
02,beta_log,-1,1039,dros,,6.535342205989665,0.7023836717055189,0.7153918288961995,0.4418699136686866,9.354034330016246,0.0,0.678351976253243
02,beta_log,0,1000,dm,,nan,0.6931789077614771,0.7153918288961995,0.634318249780811,5.317686913356285,0.0,nan
02,beta_log,0,1000,ips,,nan,0.7203485533899743,0.7153918288961995,0.634318249780811,5.317686913356285,0.0,0.634318249780811
02,beta_log,0,1000,snips,,nan,0.7198324474859383,0.7153918288961995,0.634318249780811,5.317686913356285,0.0,0.634318249780811
02,beta_log,0,1000,clipped_ips,,2.063315335942557,0.6719930278824954,0.7153918288961995,0.634318249780811,5.317686913356285,0.0,0.6868973870076845
02,beta_log,0,1000,dr,,nan,0.720306068038361,0.7153918288961995,0.634318249780811,5.317686913356285,0.0,0.634318249780811
02,beta_log,0,1000,switch_dr,,2.445954432437559,0.7133461004123106,0.7153918288961995,0.634318249780811,5.317686913356285,0.0,0.6427756199631088
02,beta_log,0,1000,dros,,4.257270175535747,0.7071723470338245,0.7153918288961995,0.634318249780811,5.317686913356285,0.0,0.8169836955914741
02,beta_log,0,1001,dm,,nan,0.6917799949717959,0.7153918288961995,0.6372216223891747,5.159291313289072,0.0,nan
02,beta_log,0,1001,ips,,nan,0.7155759297687367,0.7153918288961995,0.6372216223891747,5.159291313289072,0.0,0.6372216223891747
02,beta_log,0,1001,snips,,nan,0.7109131183321413,0.7153918288961995,0.6372216223891747,5.159291313289072,0.0,0.6372216223891747
02,beta_log,0,1001,clipped_ips,,2.069256542257325,0.6694783281676184,0.7153918288961995,0.6372216223891747,5.159291313289072,0.0,0.6881700071245268
02,beta_log,0,1001,dr,,nan,0.7092330085497458,0.7153918288961995,0.6372216223891747,5.159291313289072,0.0,0.6372216223891747
02,beta_log,0,1001,switch_dr,,2.4610272233873687,0.7057872736247952,0.7153918288961995,0.6372216223891747,5.159291313289072,0.0,0.6443449812728882
02,beta_log,0,1001,dros,,4.281822637674741,0.7009633228659131,0.7153918288961995,0.6372216223891747,5.159291313289072,0.0,0.8178758986139575
02,beta_log,0,1002,dm,,nan,0.6957544468707243,0.7153918288961995,0.6389868411274208,5.270606498746356,0.0,nan
02,beta_log,0,1002,ips,,nan,0.7205676260520724,0.7153918288961995,0.6389868411274208,5.270606498746356,0.0,0.6389868411274208
02,beta_log,0,1002,snips,,nan,0.7225649482274541,0.7153918288961995,0.6389868411274208,5.270606498746356,0.0,0.6389868411274208
02,beta_log,0,1002,clipped_ips,,2.0419035571366595,0.673542244466937,0.7153918288961995,0.6389868411274208,5.270606498746356,0.0,0.688646790892407
02,beta_log,0,1002,dr,,nan,0.7223695151126677,0.7153918288961995,0.6389868411274208,5.270606498746356,0.0,0.6389868411274208
02,beta_log,0,1002,switch_dr,,2.422876530097488,0.7165982180473837,0.7153918288961995,0.6389868411274208,5.270606498746356,0.0,0.6444326928182045
02,beta_log,0,1002,dros,,4.169370136647343,0.7080875739131894,0.7153918288961995,0.6389868411274208,5.270606498746356,0.0,0.8179745798797065
02,beta_log,0,1003,dm,,nan,0.6951055705886715,0.7153918288961995,0.6367012517825671,5.098452160166597,0.0,nan
02,beta_log,0,1003,ips,,nan,0.723306975662619,0.7153918288961995,0.6367012517825671,5.098452160166597,0.0,0.6367012517825671
02,beta_log,0,1003,snips,,nan,0.7230710320835031,0.7153918288961995,0.6367012517825671,5.098452160166597,0.0,0.6367012517825671
02,beta_log,0,1003,clipped_ips,,2.055410590372655,0.6755845525724185,0.7153918288961995,0.6367012517825671,5.098452160166597,0.0,0.6859744012448591
02,beta_log,0,1003,dr,,nan,0.7216738411369695,0.7153918288961995,0.6367012517825671,5.098452160166597,0.0,0.6367012517825671
02,beta_log,0,1003,switch_dr,,2.44034817966387,0.7107067186299114,0.7153918288961995,0.6367012517825671,5.098452160166597,0.0,0.6414635077029688
02,beta_log,0,1003,dros,,4.224712695016066,0.7063302798641966,0.7153918288961995,0.6367012517825671,5.098452160166597,0.0,0.8154999664827483
02,beta_log,0,1004,dm,,nan,0.6936586772927706,0.7153918288961995,0.6368880280253266,5.283492258371389,0.0,nan
02,beta_log,0,1004,ips,,nan,0.716730942335913,0.7153918288961995,0.6368880280253266,5.283492258371389,0.0,0.6368880280253266
02,beta_log,0,1004,snips,,nan,0.7164541046209721,0.7153918288961995,0.6368880280253266,5.283492258371389,0.0,0.6368880280253266
02,beta_log,0,1004,clipped_ips,,2.0472250336217406,0.6690127012287789,0.7153918288961995,0.6368880280253266,5.283492258371389,0.0,0.6887656389710938
02,beta_log,0,1004,dr,,nan,0.7159057815173078,0.7153918288961995,0.6368880280253266,5.283492258371389,0.0,0.6368880280253266
02,beta_log,0,1004,switch_dr,,2.4391918361534057,0.7099743631840396,0.7153918288961995,0.6368880280253266,5.283492258371389,0.0,0.6442292463236221
02,beta_log,0,1004,dros,,4.191130338287537,0.703298736369412,0.7153918288961995,0.6368880280253266,5.283492258371389,0.0,0.8199438201127263
02,beta_log,0,1005,dm,,nan,0.6930386271315275,0.7153918288961995,0.6369164856255007,5.406473878587509,0.0,nan
02,beta_log,0,1005,ips,,nan,0.7077703885389273,0.7153918288961995,0.6369164856255007,5.406473878587509,0.0,0.6369164856255007
02,beta_log,0,1005,snips,,nan,0.7079073125415186,0.7153918288961995,0.6369164856255007,5.406473878587509,0.0,0.6369164856255007
02,beta_log,0,1005,clipped_ips,,2.0574869808748413,0.6582714908258189,0.7153918288961995,0.6369164856255007,5.406473878587509,0.0,0.6887503774763982
02,beta_log,0,1005,dr,,nan,0.707838878327383,0.7153918288961995,0.6369164856255007,5.406473878587509,0.0,0.6369164856255007
02,beta_log,0,1005,switch_dr,,2.44102276922988,0.695965436114986,0.7153918288961995,0.6369164856255007,5.406473878587509,0.0,0.6451925100140706
02,beta_log,0,1005,dros,,4.233252676469469,0.6943783679703144,0.7153918288961995,0.6369164856255007,5.406473878587509,0.0,0.8191873770148337
02,beta_log,0,1006,dm,,nan,0.6924331064300114,0.7153918288961995,0.6375233970377073,5.613051528001412,0.0,nan
02,beta_log,0,1006,ips,,nan,0.721966997997893,0.7153918288961995,0.6375233970377073,5.613051528001412,0.0,0.6375233970377073
02,beta_log,0,1006,snips,,nan,0.7155311144693394,0.7153918288961995,0.6375233970377073,5.613051528001412,0.0,0.6375233970377073
02,beta_log,0,1006,clipped_ips,,2.058243504427046,0.6736434688299965,0.7153918288961995,0.6375233970377073,5.613051528001412,0.0,0.6888542664532813
02,beta_log,0,1006,dr,,nan,0.7129831921900128,0.7153918288961995,0.6375233970377073,5.613051528001412,0.0,0.6375233970377073
02,beta_log,0,1006,switch_dr,,2.4555852548465187,0.7067061986168174,0.7153918288961995,0.6375233970377073,5.613051528001412,0.0,0.6440718842162332
02,beta_log,0,1006,dros,,4.236366323516127,0.7018297117860233,0.7153918288961995,0.6375233970377073,5.613051528001412,0.0,0.8186183500450653
02,beta_log,0,1007,dm,,nan,0.6938058926537315,0.7153918288961995,0.6398920756666534,5.615630354341854,0.0,nan
02,beta_log,0,1007,ips,,nan,0.7269356339201988,0.7153918288961995,0.6398920756666534,5.615630354341854,0.0,0.6398920756666534
02,beta_log,0,1007,snips,,nan,0.7254872269584223,0.7153918288961995,0.6398920756666534,5.615630354341854,0.0,0.6398920756666534
02,beta_log,0,1007,clipped_ips,,2.063732346129399,0.6798303946950931,0.7153918288961995,0.6398920756666534,5.615630354341854,0.0,0.6888154916939343
02,beta_log,0,1007,dr,,nan,0.7248526178309673,0.7153918288961995,0.6398920756666534,5.615630354341854,0.0,0.6398920756666534
02,beta_log,0,1007,switch_dr,,2.4145998287384898,0.7166394460124464,0.7153918288961995,0.6398920756666534,5.615630354341854,0.0,0.6452053618195658
02,beta_log,0,1007,dros,,4.2589911964607525,0.7084100174048992,0.7153918288961995,0.6398920756666534,5.615630354341854,0.0,0.8186767109918566
02,beta_log,0,1008,dm,,nan,0.6941399543912707,0.7153918288961995,0.6350337018759951,5.233297684039806,0.0,nan
02,beta_log,0,1008,ips,,nan,0.716455231094389,0.7153918288961995,0.6350337018759951,5.233297684039806,0.0,0.6350337018759951
02,beta_log,0,1008,snips,,nan,0.72202674786178,0.7153918288961995,0.6350337018759951,5.233297684039806,0.0,0.6350337018759951
02,beta_log,0,1008,clipped_ips,,2.0468969111835964,0.6687404308253525,0.7153918288961995,0.6350337018759951,5.233297684039806,0.0,0.6870295873108877
02,beta_log,0,1008,dr,,nan,0.7244430343202991,0.7153918288961995,0.6350337018759951,5.233297684039806,0.0,0.6350337018759951
02,beta_log,0,1008,switch_dr,,2.4604344075181,0.7174286349337051,0.7153918288961995,0.6350337018759951,5.233297684039806,0.0,0.641938083422565
02,beta_log,0,1008,dros,,4.189786965012948,0.7105534373814444,0.7153918288961995,0.6350337018759951,5.233297684039806,0.0,0.8176886611155362
02,beta_log,0,1009,dm,,nan,0.6927295403702923,0.7153918288961995,0.6383553588157865,4.592105424004751,0.0,nan
02,beta_log,0,1009,ips,,nan,0.7022846120692835,0.7153918288961995,0.6383553588157865,4.592105424004751,0.0,0.6383553588157865
02,beta_log,0,1009,snips,,nan,0.7126251426611582,0.7153918288961995,0.6383553588157865,4.592105424004751,0.0,0.6383553588157865
02,beta_log,0,1009,clipped_ips,,2.011939649606111,0.6557777780222378,0.7153918288961995,0.6383553588157865,4.592105424004751,0.0,0.6884144639881647
02,beta_log,0,1009,dr,,nan,0.7153893399563956,0.7153918288961995,0.6383553588157865,4.592105424004751,0.0,0.6383553588157865
02,beta_log,0,1009,switch_dr,,2.379595343813386,0.7062532055229497,0.7153918288961995,0.6383553588157865,4.592105424004751,0.0,0.6440419081304176
02,beta_log,0,1009,dros,,4.047901153657161,0.7014235424690825,0.7153918288961995,0.6383553588157865,4.592105424004751,0.0,0.8182132322730036
02,beta_log,0,1010,dm,,nan,0.6934092517159707,0.7153918288961995,0.6329373888845156,5.15945964810793,0.0,nan
02,beta_log,0,1010,ips,,nan,0.7052652219304945,0.7153918288961995,0.6329373888845156,5.15945964810793,0.0,0.6329373888845156
02,beta_log,0,1010,snips,,nan,0.7087055333321371,0.7153918288961995,0.6329373888845156,5.15945964810793,0.0,0.6329373888845156
02,beta_log,0,1010,clipped_ips,,2.0516923322935314,0.6580966495137961,0.7153918288961995,0.6329373888845156,5.15945964810793,0.0,0.6870159179149835
02,beta_log,0,1010,dr,,nan,0.7107980509504698,0.7153918288961995,0.6329373888845156,5.15945964810793,0.0,0.6329373888845156
02,beta_log,0,1010,switch_dr,,2.4577622646984074,0.7108582151479972,0.7153918288961995,0.6329373888845156,5.15945964810793,0.0,0.6425580010539139
02,beta_log,0,1010,dros,,4.209441426392071,0.7039938430203578,0.7153918288961995,0.6329373888845156,5.15945964810793,0.0,0.8186061974931693
02,beta_log,0,1011,dm,,nan,0.6948805225766604,0.7153918288961995,0.6418287954644907,4.88438772235171,0.0,nan
02,beta_log,0,1011,ips,,nan,0.7140983851007718,0.7153918288961995,0.6418287954644907,4.88438772235171,0.0,0.6418287954644907
02,beta_log,0,1011,snips,,nan,0.7119806797501096,0.7153918288961995,0.6418287954644907,4.88438772235171,0.0,0.6418287954644907
02,beta_log,0,1011,clipped_ips,,2.049257579197924,0.6689314204118358,0.7153918288961995,0.6418287954644907,4.88438772235171,0.0,0.6928700585949319
02,beta_log,0,1011,dr,,nan,0.7125049939775083,0.7153918288961995,0.6418287954644907,4.88438772235171,0.0,0.6418287954644907
02,beta_log,0,1011,switch_dr,,2.430043231810584,0.7129258396545611,0.7153918288961995,0.6418287954644907,4.88438772235171,0.0,0.6484703344898193
02,beta_log,0,1011,dros,,4.199456625900137,0.7027750394495309,0.7153918288961995,0.6418287954644907,4.88438772235171,0.0,0.8220923913166555
02,beta_log,0,1012,dm,,nan,0.6944896621525134,0.7153918288961995,0.6389109828329241,5.82027845723389,0.0,nan
02,beta_log,0,1012,ips,,nan,0.7196254464468927,0.7153918288961995,0.6389109828329241,5.82027845723389,0.0,0.6389109828329241
02,beta_log,0,1012,snips,,nan,0.7229493477372888,0.7153918288961995,0.6389109828329241,5.82027845723389,0.0,0.6389109828329241
02,beta_log,0,1012,clipped_ips,,2.0368530249883605,0.6731865550664621,0.7153918288961995,0.6389109828329241,5.82027845723389,0.0,0.6892148691604022
02,beta_log,0,1012,dr,,nan,0.7240974667366848,0.7153918288961995,0.6389109828329241,5.82027845723389,0.0,0.6389109828329241
02,beta_log,0,1012,switch_dr,,2.428231700836562,0.717219537453444,0.7153918288961995,0.6389109828329241,5.82027845723389,0.0,0.6445827003140486
02,beta_log,0,1012,dros,,4.148770245404235,0.7102229165410733,0.7153918288961995,0.6389109828329241,5.82027845723389,0.0,0.8188185178459237
02,beta_log,0,1013,dm,,nan,0.6941379332524861,0.7153918288961995,0.6370509452443299,5.196936048331222,0.0,nan
02,beta_log,0,1013,ips,,nan,0.7180982659387287,0.7153918288961995,0.6370509452443299,5.196936048331222,0.0,0.6370509452443299
02,beta_log,0,1013,snips,,nan,0.7169004959570295,0.7153918288961995,0.6370509452443299,5.196936048331222,0.0,0.6370509452443299
02,beta_log,0,1013,clipped_ips,,2.059244849910399,0.6722157088600996,0.7153918288961995,0.6370509452443299,5.196936048331222,0.0,0.6872236241183768
02,beta_log,0,1013,dr,,nan,0.7166508391510702,0.7153918288961995,0.6370509452443299,5.196936048331222,0.0,0.6370509452443299
02,beta_log,0,1013,switch_dr,,2.445181597653032,0.7147813988478235,0.7153918288961995,0.6370509452443299,5.196936048331222,0.0,0.6430521305116936
02,beta_log,0,1013,dros,,4.240489351882502,0.7052951138779813,0.7153918288961995,0.6370509452443299,5.196936048331222,0.0,0.8180626159106077
02,beta_log,0,1014,dm,,nan,0.6932807440730274,0.7153918288961995,0.6380126338693074,5.0488261183706955,0.0,nan
02,beta_log,0,1014,ips,,nan,0.7134566643898256,0.7153918288961995,0.6380126338693074,5.0488261183706955,0.0,0.6380126338693074
02,beta_log,0,1014,snips,,nan,0.7142701723200827,0.7153918288961995,0.6380126338693074,5.0488261183706955,0.0,0.6380126338693074
02,beta_log,0,1014,clipped_ips,,2.0419548699682424,0.6643264580647895,0.7153918288961995,0.6380126338693074,5.0488261183706955,0.0,0.6894859972878151
02,beta_log,0,1014,dr,,nan,0.7154074790813875,0.7153918288961995,0.6380126338693074,5.0488261183706955,0.0,0.6380126338693074
02,beta_log,0,1014,switch_dr,,2.441874831309506,0.7071332175461871,0.7153918288961995,0.6380126338693074,5.0488261183706955,0.0,0.6448193416929131
02,beta_log,0,1014,dros,,4.169579690987022,0.7021156424529615,0.7153918288961995,0.6380126338693074,5.0488261183706955,0.0,0.8193038814552949
02,beta_log,0,1015,dm,,nan,0.6930117983022533,0.7153918288961995,0.6369408305296126,5.193683713305404,0.0,nan
02,beta_log,0,1015,ips,,nan,0.7197291554584063,0.7153918288961995,0.6369408305296126,5.193683713305404,0.0,0.6369408305296126
02,beta_log,0,1015,snips,,nan,0.7156357828551224,0.7153918288961995,0.6369408305296126,5.193683713305404,0.0,0.6369408305296126
02,beta_log,0,1015,clipped_ips,,2.0662921384296515,0.6711748177929042,0.7153918288961995,0.6369408305296126,5.193683713305404,0.0,0.6890077879002702
02,beta_log,0,1015,dr,,nan,0.7139365113434114,0.7153918288961995,0.6369408305296126,5.193683713305404,0.0,0.6369408305296126
02,beta_log,0,1015,switch_dr,,2.4495920854825406,0.704732762373537,0.7153918288961995,0.6369408305296126,5.193683713305404,0.0,0.6449557635017743
02,beta_log,0,1015,dros,,4.269563201336182,0.7021381532410712,0.7153918288961995,0.6369408305296126,5.193683713305404,0.0,0.8182675838803853
02,beta_log,0,1016,dm,,nan,0.6962416410726673,0.7153918288961995,0.6384706648303864,5.102593895872083,0.0,nan
02,beta_log,0,1016,ips,,nan,0.7127240134278967,0.7153918288961995,0.6384706648303864,5.102593895872083,0.0,0.6384706648303864
02,beta_log,0,1016,snips,,nan,0.7153901801083412,0.7153918288961995,0.6384706648303864,5.102593895872083,0.0,0.6384706648303864
02,beta_log,0,1016,clipped_ips,,2.037864630709741,0.666458856420773,0.7153918288961995,0.6384706648303864,5.102593895872083,0.0,0.6896900864841057
02,beta_log,0,1016,dr,,nan,0.7179642995766109,0.7153918288961995,0.6384706648303864,5.102593895872083,0.0,0.6384706648303864
02,beta_log,0,1016,switch_dr,,2.4186053482780085,0.7110318220398175,0.7153918288961995,0.6384706648303864,5.102593895872083,0.0,0.6457120363839369
02,beta_log,0,1016,dros,,4.15289225309775,0.7069605453851966,0.7153918288961995,0.6384706648303864,5.102593895872083,0.0,0.8191251491619508
02,beta_log,0,1017,dm,,nan,0.6929990235095813,0.7153918288961995,0.6386000342506312,5.534499975635954,0.0,nan
02,beta_log,0,1017,ips,,nan,0.7073172536791993,0.7153918288961995,0.6386000342506312,5.534499975635954,0.0,0.6386000342506312
02,beta_log,0,1017,snips,,nan,0.7078692947478593,0.7153918288961995,0.6386000342506312,5.534499975635954,0.0,0.6386000342506312
02,beta_log,0,1017,clipped_ips,,2.0454532370176333,0.661764410230569,0.7153918288961995,0.6386000342506312,5.534499975635954,0.0,0.688832796814462
02,beta_log,0,1017,dr,,nan,0.7081657581910692,0.7153918288961995,0.6386000342506312,5.534499975635954,0.0,0.6386000342506312
02,beta_log,0,1017,switch_dr,,2.430385268355289,0.7065833442436089,0.7153918288961995,0.6386000342506312,5.534499975635954,0.0,0.6445308332978625
02,beta_log,0,1017,dros,,4.183878944825914,0.7004301950399764,0.7153918288961995,0.6386000342506312,5.534499975635954,0.0,0.8183210773375733
02,beta_log,0,1018,dm,,nan,0.6937551179611569,0.7153918288961995,0.6343806463292011,5.2304985467314,0.0,nan
02,beta_log,0,1018,ips,,nan,0.7150614653606843,0.7153918288961995,0.6343806463292011,5.2304985467314,0.0,0.6343806463292011
02,beta_log,0,1018,snips,,nan,0.7127195579311537,0.7153918288961995,0.6343806463292011,5.2304985467314,0.0,0.6343806463292011
02,beta_log,0,1018,clipped_ips,,2.091040396203058,0.6700426068607108,0.7153918288961995,0.6343806463292011,5.2304985467314,0.0,0.6841319257863114
02,beta_log,0,1018,dr,,nan,0.7100345814798172,0.7153918288961995,0.6343806463292011,5.2304985467314,0.0,0.6343806463292011
02,beta_log,0,1018,switch_dr,,2.470960256544557,0.708252607130768,0.7153918288961995,0.6343806463292011,5.2304985467314,0.0,0.6404578940111826
02,beta_log,0,1018,dros,,4.372449938553041,0.7014528707567723,0.7153918288961995,0.6343806463292011,5.2304985467314,0.0,0.8145040331271928
02,beta_log,0,1019,dm,,nan,0.6955462597736317,0.7153918288961995,0.639759233302113,4.8949679749219275,0.0,nan
02,beta_log,0,1019,ips,,nan,0.7271781289408569,0.7153918288961995,0.639759233302113,4.8949679749219275,0.0,0.639759233302113
02,beta_log,0,1019,snips,,nan,0.7257590441963999,0.7153918288961995,0.639759233302113,4.8949679749219275,0.0,0.639759233302113
02,beta_log,0,1019,clipped_ips,,2.069940946624686,0.6813944591762299,0.7153918288961995,0.639759233302113,4.8949679749219275,0.0,0.6861486009731403
02,beta_log,0,1019,dr,,nan,0.7249700437272258,0.7153918288961995,0.639759233302113,4.8949679749219275,0.0,0.639759233302113
02,beta_log,0,1019,switch_dr,,2.4665637331205534,0.7155412573041219,0.7153918288961995,0.639759233302113,4.8949679749219275,0.0,0.6415007841128131
02,beta_log,0,1019,dros,,4.284655522513502,0.7112469333806068,0.7153918288961995,0.639759233302113,4.8949679749219275,0.0,0.8158555311245121
02,beta_log,0,1020,dm,,nan,0.6949391005188121,0.7153918288961995,0.6368929501890505,5.3028937371914875,0.0,nan
02,beta_log,0,1020,ips,,nan,0.7072702512656547,0.7153918288961995,0.6368929501890505,5.3028937371914875,0.0,0.6368929501890505
02,beta_log,0,1020,snips,,nan,0.7042076036565329,0.7153918288961995,0.6368929501890505,5.3028937371914875,0.0,0.6368929501890505
02,beta_log,0,1020,clipped_ips,,2.0590323967205406,0.662572829558797,0.7153918288961995,0.6368929501890505,5.3028937371914875,0.0,0.6891278357561821
02,beta_log,0,1020,dr,,nan,0.7038336883385455,0.7153918288961995,0.6368929501890505,5.3028937371914875,0.0,0.6368929501890505
02,beta_log,0,1020,switch_dr,,2.4380363943539765,0.7072066694069363,0.7153918288961995,0.6368929501890505,5.3028937371914875,0.0,0.6447694807203391
02,beta_log,0,1020,dros,,4.239614410744734,0.7009346497377514,0.7153918288961995,0.6368929501890505,5.3028937371914875,0.0,0.8180910335843974
02,beta_log,0,1021,dm,,nan,0.6934494920853139,0.7153918288961995,0.6404505515589455,5.104842446521057,0.0,nan
02,beta_log,0,1021,ips,,nan,0.7238922332311648,0.7153918288961995,0.6404505515589455,5.104842446521057,0.0,0.6404505515589455
02,beta_log,0,1021,snips,,nan,0.7207633272651869,0.7153918288961995,0.6404505515589455,5.104842446521057,0.0,0.6404505515589455
02,beta_log,0,1021,clipped_ips,,2.0588266625892784,0.6762843914975072,0.7153918288961995,0.6404505515589455,5.104842446521057,0.0,0.6896529553301709
02,beta_log,0,1021,dr,,nan,0.7196076590292049,0.7153918288961995,0.6404505515589455,5.104842446521057,0.0,0.6404505515589455
02,beta_log,0,1021,switch_dr,,2.430246783930027,0.7084741428264765,0.7153918288961995,0.6404505515589455,5.104842446521057,0.0,0.6458172822594288
02,beta_log,0,1021,dros,,4.238767226588506,0.7061107743763664,0.7153918288961995,0.6404505515589455,5.104842446521057,0.0,0.8192810643955598
02,beta_log,0,1022,dm,,nan,0.6953662502964467,0.7153918288961995,0.631890478900769,5.411387244798414,0.0,nan
02,beta_log,0,1022,ips,,nan,0.7135133217624212,0.7153918288961995,0.631890478900769,5.411387244798414,0.0,0.631890478900769
02,beta_log,0,1022,snips,,nan,0.7145986815819934,0.7153918288961995,0.631890478900769,5.411387244798414,0.0,0.631890478900769
02,beta_log,0,1022,clipped_ips,,2.0722593839605525,0.664926933823175,0.7153918288961995,0.631890478900769,5.411387244798414,0.0,0.6846156217992464
02,beta_log,0,1022,dr,,nan,0.7143341163970399,0.7153918288961995,0.631890478900769,5.411387244798414,0.0,0.631890478900769
02,beta_log,0,1022,switch_dr,,2.4795750884951246,0.7102514960548093,0.7153918288961995,0.631890478900769,5.411387244798414,0.0,0.6402275357328386
02,beta_log,0,1022,dros,,4.294258954412569,0.7030785078231591,0.7153918288961995,0.631890478900769,5.411387244798414,0.0,0.8165782845380917
02,beta_log,0,1023,dm,,nan,0.6944141003199898,0.7153918288961995,0.6354375548579024,5.289589340650266,0.0,nan
02,beta_log,0,1023,ips,,nan,0.7142699932705165,0.7153918288961995,0.6354375548579024,5.289589340650266,0.0,0.6354375548579024
02,beta_log,0,1023,snips,,nan,0.7191735220519818,0.7153918288961995,0.6354375548579024,5.289589340650266,0.0,0.6354375548579024
02,beta_log,0,1023,clipped_ips,,2.058380387912288,0.6679596072309579,0.7153918288961995,0.6354375548579024,5.289589340650266,0.0,0.685837506268252
02,beta_log,0,1023,dr,,nan,0.7215908373695848,0.7153918288961995,0.6354375548579024,5.289589340650266,0.0,0.6354375548579024
02,beta_log,0,1023,switch_dr,,2.4290091524282444,0.7154113364803748,0.7153918288961995,0.6354375548579024,5.289589340650266,0.0,0.6419093020854713
02,beta_log,0,1023,dros,,4.236929821341942,0.7075614200610573,0.7153918288961995,0.6354375548579024,5.289589340650266,0.0,0.8159650147881322
02,beta_log,0,1024,dm,,nan,0.6924258740815692,0.7153918288961995,0.638125160992971,5.097786451929648,0.0,nan
02,beta_log,0,1024,ips,,nan,0.7318544432421641,0.7153918288961995,0.638125160992971,5.097786451929648,0.0,0.638125160992971
02,beta_log,0,1024,snips,,nan,0.722379244055703,0.7153918288961995,0.638125160992971,5.097786451929648,0.0,0.638125160992971
02,beta_log,0,1024,clipped_ips,,2.08496251036259,0.684021640115182,0.7153918288961995,0.638125160992971,5.097786451929648,0.0,0.6873107230601049
02,beta_log,0,1024,dr,,nan,0.718492728777076,0.7153918288961995,0.638125160992971,5.097786451929648,0.0,0.638125160992971
02,beta_log,0,1024,switch_dr,,2.459733364015741,0.7105786439427731,0.7153918288961995,0.638125160992971,5.097786451929648,0.0,0.6432541983678679
02,beta_log,0,1024,dros,,4.347068669617473,0.7029557715629465,0.7153918288961995,0.638125160992971,5.097786451929648,0.0,0.8179619977008706
02,beta_log,0,1025,dm,,nan,0.6924870387502547,0.7153918288961995,0.6418344448016075,5.394172776363193,0.0,nan
02,beta_log,0,1025,ips,,nan,0.6972782908667047,0.7153918288961995,0.6418344448016075,5.394172776363193,0.0,0.6418344448016075
02,beta_log,0,1025,snips,,nan,0.7033861937565482,0.7153918288961995,0.6418344448016075,5.394172776363193,0.0,0.6418344448016075
02,beta_log,0,1025,clipped_ips,,2.024633420122246,0.6521089038363345,0.7153918288961995,0.6418344448016075,5.394172776363193,0.0,0.6926254199988564
02,beta_log,0,1025,dr,,nan,0.7051426078179319,0.7153918288961995,0.6418344448016075,5.394172776363193,0.0,0.6418344448016075
02,beta_log,0,1025,switch_dr,,2.4158307849578637,0.6985438554072719,0.7153918288961995,0.6418344448016075,5.394172776363193,0.0,0.6483398684292312
02,beta_log,0,1025,dros,,4.099140485875903,0.6988837724693655,0.7153918288961995,0.6418344448016075,5.394172776363193,0.0,0.8228760113377284
02,beta_log,0,1026,dm,,nan,0.6926846985894299,0.7153918288961995,0.6396270992949307,4.987283416644277,0.0,nan
02,beta_log,0,1026,ips,,nan,0.708604781946125,0.7153918288961995,0.6396270992949307,4.987283416644277,0.0,0.6396270992949307
02,beta_log,0,1026,snips,,nan,0.7102442726558605,0.7153918288961995,0.6396270992949307,4.987283416644277,0.0,0.6396270992949307
02,beta_log,0,1026,clipped_ips,,2.0433962199961933,0.6629527951662246,0.7153918288961995,0.6396270992949307,4.987283416644277,0.0,0.6893870314050665
02,beta_log,0,1026,dr,,nan,0.7112908299922216,0.7153918288961995,0.6396270992949307,4.987283416644277,0.0,0.6396270992949307
02,beta_log,0,1026,switch_dr,,2.4211245995722894,0.706043824646033,0.7153918288961995,0.6396270992949307,4.987283416644277,0.0,0.6452054000473967
02,beta_log,0,1026,dros,,4.175468111894731,0.7022236210685571,0.7153918288961995,0.6396270992949307,4.987283416644277,0.0,0.8199150441947429
02,beta_log,0,1027,dm,,nan,0.694932822567693,0.7153918288961995,0.6398225579469414,5.505955040173225,0.0,nan
02,beta_log,0,1027,ips,,nan,0.7127244277073312,0.7153918288961995,0.6398225579469414,5.505955040173225,0.0,0.6398225579469414
02,beta_log,0,1027,snips,,nan,0.7156672101211342,0.7153918288961995,0.6398225579469414,5.505955040173225,0.0,0.6398225579469414
02,beta_log,0,1027,clipped_ips,,2.0309145455836455,0.6649318967776937,0.7153918288961995,0.6398225579469414,5.505955040173225,0.0,0.6920874691520252
02,beta_log,0,1027,dr,,nan,0.7162860029688509,0.7153918288961995,0.6398225579469414,5.505955040173225,0.0,0.6398225579469414
02,beta_log,0,1027,switch_dr,,2.395916283108073,0.7105331645468352,0.7153918288961995,0.6398225579469414,5.505955040173225,0.0,0.6474247689482888
02,beta_log,0,1027,dros,,4.124613891463225,0.7041499893582357,0.7153918288961995,0.6398225579469414,5.505955040173225,0.0,0.8212863464770737
02,beta_log,0,1028,dm,,nan,0.6931840083551081,0.7153918288961995,0.6357249209976861,5.307933129357036,0.0,nan
02,beta_log,0,1028,ips,,nan,0.7091999047363577,0.7153918288961995,0.6357249209976861,5.307933129357036,0.0,0.6357249209976861
02,beta_log,0,1028,snips,,nan,0.7163239991923275,0.7153918288961995,0.6357249209976861,5.307933129357036,0.0,0.6357249209976861
02,beta_log,0,1028,clipped_ips,,2.044132517365842,0.661687190150417,0.7153918288961995,0.6357249209976861,5.307933129357036,0.0,0.6855431375749587
02,beta_log,0,1028,dr,,nan,0.717193112585659,0.7153918288961995,0.6357249209976861,5.307933129357036,0.0,0.6357249209976861
02,beta_log,0,1028,switch_dr,,2.404127865019304,0.7065930237932252,0.7153918288961995,0.6357249209976861,5.307933129357036,0.0,0.6415889123993682
02,beta_log,0,1028,dros,,4.178477748552415,0.7036982669591346,0.7153918288961995,0.6357249209976861,5.307933129357036,0.0,0.8163263815863556
02,beta_log,0,1029,dm,,nan,0.6936510889127656,0.7153918288961995,0.6327255259951213,5.821987135277225,0.0,nan
02,beta_log,0,1029,ips,,nan,0.7101841034503615,0.7153918288961995,0.6327255259951213,5.821987135277225,0.0,0.6327255259951213
02,beta_log,0,1029,snips,,nan,0.709774799495428,0.7153918288961995,0.6327255259951213,5.821987135277225,0.0,0.6327255259951213
02,beta_log,0,1029,clipped_ips,,2.0705432816858207,0.6639334694318124,0.7153918288961995,0.6327255259951213,5.821987135277225,0.0,0.6825365441320348
02,beta_log,0,1029,dr,,nan,0.7077954959137015,0.7153918288961995,0.6327255259951213,5.821987135277225,0.0,0.6327255259951213
02,beta_log,0,1029,switch_dr,,2.446716690763467,0.7038606407964513,0.7153918288961995,0.6327255259951213,5.821987135277225,0.0,0.6384259110151228
02,beta_log,0,1029,dros,,4.287149481334287,0.699752410859341,0.7153918288961995,0.6327255259951213,5.821987135277225,0.0,0.813574141360703
02,beta_log,0,1030,dm,,nan,0.6959578595535321,0.7153918288961995,0.6359624109722504,4.613954719416506,0.0,nan
02,beta_log,0,1030,ips,,nan,0.7011236037048134,0.7153918288961995,0.6359624109722504,4.613954719416506,0.0,0.6359624109722504
02,beta_log,0,1030,snips,,nan,0.7073652083967152,0.7153918288961995,0.6359624109722504,4.613954719416506,0.0,0.6359624109722504
02,beta_log,0,1030,clipped_ips,,2.0562328575199342,0.6564492816130884,0.7153918288961995,0.6359624109722504,4.613954719416506,0.0,0.6832260923572883
02,beta_log,0,1030,dr,,nan,0.7093116244834999,0.7153918288961995,0.6359624109722504,4.613954719416506,0.0,0.6359624109722504
02,beta_log,0,1030,switch_dr,,2.427630132916366,0.7040271440585957,0.7153918288961995,0.6359624109722504,4.613954719416506,0.0,0.6400482375707356
02,beta_log,0,1030,dros,,4.2280935643445945,0.6993142420539978,0.7153918288961995,0.6359624109722504,4.613954719416506,0.0,0.8148197061821957
02,beta_log,0,1031,dm,,nan,0.6935672007073113,0.7153918288961995,0.6420058846069301,5.472143647058343,0.0,nan
02,beta_log,0,1031,ips,,nan,0.7124535646823759,0.7153918288961995,0.6420058846069301,5.472143647058343,0.0,0.6420058846069301
02,beta_log,0,1031,snips,,nan,0.7093320663829271,0.7153918288961995,0.6420058846069301,5.472143647058343,0.0,0.6420058846069301
02,beta_log,0,1031,clipped_ips,,2.0465503182378235,0.6664423173547082,0.7153918288961995,0.6420058846069301,5.472143647058343,0.0,0.6915058818969542
02,beta_log,0,1031,dr,,nan,0.7093064403356387,0.7153918288961995,0.6420058846069301,5.472143647058343,0.0,0.6420058846069301
02,beta_log,0,1031,switch_dr,,2.4129816064445677,0.703747524012664,0.7153918288961995,0.6420058846069301,5.472143647058343,0.0,0.6473441885955801
02,beta_log,0,1031,dros,,4.188368205079337,0.6996356116681988,0.7153918288961995,0.6420058846069301,5.472143647058343,0.0,0.8208672619121062
02,beta_log,0,1032,dm,,nan,0.6927234189159213,0.7153918288961995,0.6382323497126849,5.854519221424608,0.0,nan
02,beta_log,0,1032,ips,,nan,0.7045770280235866,0.7153918288961995,0.6382323497126849,5.854519221424608,0.0,0.6382323497126849
02,beta_log,0,1032,snips,,nan,0.7077024745492423,0.7153918288961995,0.6382323497126849,5.854519221424608,0.0,0.6382323497126849
02,beta_log,0,1032,clipped_ips,,2.0372495686548104,0.6586373148076388,0.7153918288961995,0.6382323497126849,5.854519221424608,0.0,0.6899602425183045
02,beta_log,0,1032,dr,,nan,0.7103962773469784,0.7153918288961995,0.6382323497126849,5.854519221424608,0.0,0.6382323497126849
02,beta_log,0,1032,switch_dr,,2.405848539571178,0.7078171575719684,0.7153918288961995,0.6382323497126849,5.854519221424608,0.0,0.6459321035461778
02,beta_log,0,1032,dros,,4.150385804984211,0.7011193021459551,0.7153918288961995,0.6382323497126849,5.854519221424608,0.0,0.8200019250065503
02,beta_log,0,1033,dm,,nan,0.6947514559092304,0.7153918288961995,0.6347515331079302,5.7013522347724575,0.0,nan
02,beta_log,0,1033,ips,,nan,0.7122045775625745,0.7153918288961995,0.6347515331079302,5.7013522347724575,0.0,0.6347515331079302
02,beta_log,0,1033,snips,,nan,0.7145805841730378,0.7153918288961995,0.6347515331079302,5.7013522347724575,0.0,0.6347515331079302
02,beta_log,0,1033,clipped_ips,,2.050971757058169,0.6632852028644645,0.7153918288961995,0.6347515331079302,5.7013522347724575,0.0,0.6868942519560068
02,beta_log,0,1033,dr,,nan,0.7143194343821356,0.7153918288961995,0.6347515331079302,5.7013522347724575,0.0,0.6347515331079302
02,beta_log,0,1033,switch_dr,,2.4285861612153146,0.708904991151413,0.7153918288961995,0.6347515331079302,5.7013522347724575,0.0,0.6423818260634129
02,beta_log,0,1033,dros,,4.206485148250273,0.7019601540428092,0.7153918288961995,0.6347515331079302,5.7013522347724575,0.0,0.8159108324377655
02,beta_log,0,1034,dm,,nan,0.6941634717131772,0.7153918288961995,0.6319645848430506,5.222657389200523,0.0,nan
02,beta_log,0,1034,ips,,nan,0.7044592467577401,0.7153918288961995,0.6319645848430506,5.222657389200523,0.0,0.6319645848430506
02,beta_log,0,1034,snips,,nan,0.7143841282651023,0.7153918288961995,0.6319645848430506,5.222657389200523,0.0,0.6319645848430506
02,beta_log,0,1034,clipped_ips,,2.0237401206183314,0.6551783109369927,0.7153918288961995,0.6319645848430506,5.222657389200523,0.0,0.6850382380731358
02,beta_log,0,1034,dr,,nan,0.7177308356246492,0.7153918288961995,0.6319645848430506,5.222657389200523,0.0,0.6319645848430506
02,beta_log,0,1034,switch_dr,,2.4430229034878463,0.7092814917396459,0.7153918288961995,0.6319645848430506,5.222657389200523,0.0,0.6399711304957387
02,beta_log,0,1034,dros,,4.095524075800299,0.705162323642453,0.7153918288961995,0.6319645848430506,5.222657389200523,0.0,0.8156451008541398
02,beta_log,0,1035,dm,,nan,0.6936778457121711,0.7153918288961995,0.6343219455311507,5.083530364125715,0.0,nan
02,beta_log,0,1035,ips,,nan,0.7268641773165031,0.7153918288961995,0.6343219455311507,5.083530364125715,0.0,0.6343219455311507
02,beta_log,0,1035,snips,,nan,0.722089551718842,0.7153918288961995,0.6343219455311507,5.083530364125715,0.0,0.6343219455311507
02,beta_log,0,1035,clipped_ips,,2.096812519872526,0.6781476797668501,0.7153918288961995,0.6343219455311507,5.083530364125715,0.0,0.6847587969049871
02,beta_log,0,1035,dr,,nan,0.7208260221458965,0.7153918288961995,0.6343219455311507,5.083530364125715,0.0,0.6343219455311507
02,beta_log,0,1035,switch_dr,,2.4884468382741978,0.7113077618475929,0.7153918288961995,0.6343219455311507,5.083530364125715,0.0,0.6407729498049148
02,beta_log,0,1035,dros,,4.396622743494172,0.7047285434068223,0.7153918288961995,0.6343219455311507,5.083530364125715,0.0,0.8154582862418961
02,beta_log,0,1036,dm,,nan,0.693694299662431,0.7153918288961995,0.6411101566269874,4.828439052136998,0.0,nan
02,beta_log,0,1036,ips,,nan,0.7231577737878703,0.7153918288961995,0.6411101566269874,4.828439052136998,0.0,0.6411101566269874
02,beta_log,0,1036,snips,,nan,0.7192408851227452,0.7153918288961995,0.6411101566269874,4.828439052136998,0.0,0.6411101566269874
02,beta_log,0,1036,clipped_ips,,2.0597599716560375,0.6772993321632893,0.7153918288961995,0.6411101566269874,4.828439052136998,0.0,0.6918340661337615
02,beta_log,0,1036,dr,,nan,0.7194197595393903,0.7153918288961995,0.6411101566269874,4.828439052136998,0.0,0.6411101566269874
02,beta_log,0,1036,switch_dr,,2.421275073632729,0.7135805827884432,0.7153918288961995,0.6411101566269874,4.828439052136998,0.0,0.648285316072566
02,beta_log,0,1036,dros,,4.24261114083648,0.7063516248198147,0.7153918288961995,0.6411101566269874,4.828439052136998,0.0,0.8220011872285908
02,beta_log,0,1037,dm,,nan,0.6935709830984859,0.7153918288961995,0.6416020931571141,4.796886038017168,0.0,nan
02,beta_log,0,1037,ips,,nan,0.7044238875513866,0.7153918288961995,0.6416020931571141,4.796886038017168,0.0,0.6416020931571141
02,beta_log,0,1037,snips,,nan,0.7038366205738348,0.7153918288961995,0.6416020931571141,4.796886038017168,0.0,0.6416020931571141
02,beta_log,0,1037,clipped_ips,,2.0415458253392442,0.6582482686583616,0.7153918288961995,0.6416020931571141,4.796886038017168,0.0,0.6919664188559183
02,beta_log,0,1037,dr,,nan,0.702985305990834,0.7153918288961995,0.6416020931571141,4.796886038017168,0.0,0.6416020931571141
02,beta_log,0,1037,switch_dr,,2.4184187726697264,0.6992351531948588,0.7153918288961995,0.6416020931571141,4.796886038017168,0.0,0.6474249248464856
02,beta_log,0,1037,dros,,4.167909356960096,0.6952167116305187,0.7153918288961995,0.6416020931571141,4.796886038017168,0.0,0.8214662611079362
02,beta_log,0,1038,dm,,nan,0.6945459142367677,0.7153918288961995,0.6377913748514358,5.42621219029277,0.0,nan
02,beta_log,0,1038,ips,,nan,0.7322124108399413,0.7153918288961995,0.6377913748514358,5.42621219029277,0.0,0.6377913748514358
02,beta_log,0,1038,snips,,nan,0.7218342442457226,0.7153918288961995,0.6377913748514358,5.42621219029277,0.0,0.6377913748514358
02,beta_log,0,1038,clipped_ips,,2.0823168689224834,0.6842260265108545,0.7153918288961995,0.6377913748514358,5.42621219029277,0.0,0.6881639535731718
02,beta_log,0,1038,dr,,nan,0.7185414839199806,0.7153918288961995,0.6377913748514358,5.42621219029277,0.0,0.6377913748514358
02,beta_log,0,1038,switch_dr,,2.45809218393523,0.7105831591933747,0.7153918288961995,0.6377913748514358,5.42621219029277,0.0,0.6436935426804941
02,beta_log,0,1038,dros,,4.336043542599135,0.7056147001345507,0.7153918288961995,0.6377913748514358,5.42621219029277,0.0,0.8165093713693016
02,beta_log,0,1039,dm,,nan,0.6918953120560825,0.7153918288961995,0.6386986057265526,4.690773029586904,0.0,nan
02,beta_log,0,1039,ips,,nan,0.7210653227620732,0.7153918288961995,0.6386986057265526,4.690773029586904,0.0,0.6386986057265526
02,beta_log,0,1039,snips,,nan,0.7217549963404057,0.7153918288961995,0.6386986057265526,4.690773029586904,0.0,0.6386986057265526
02,beta_log,0,1039,clipped_ips,,2.0690128707604254,0.6756439442046265,0.7153918288961995,0.6386986057265526,4.690773029586904,0.0,0.6853379963036293
02,beta_log,0,1039,dr,,nan,0.721584235656597,0.7153918288961995,0.6386986057265526,4.690773029586904,0.0,0.6386986057265526
02,beta_log,0,1039,switch_dr,,2.43224321856673,0.7142286693266102,0.7153918288961995,0.6386986057265526,4.690773029586904,0.0,0.6413787579694736
02,beta_log,0,1039,dros,,4.280814259372296,0.7056570983703127,0.7153918288961995,0.6386986057265526,4.690773029586904,0.0,0.815216892648185
02,beta_log,0.5,1000,dm,,nan,0.6931789077614771,0.7153918288961995,0.7310348969380515,3.7696048065529038,0.0,nan
02,beta_log,0.5,1000,ips,,nan,0.7245237058496782,0.7153918288961995,0.7310348969380515,3.7696048065529038,0.0,0.7310348969380515
02,beta_log,0.5,1000,snips,,nan,0.723867102420646,0.7153918288961995,0.7310348969380515,3.7696048065529038,0.0,0.7310348969380515
02,beta_log,0.5,1000,clipped_ips,,1.821321082000735,0.6911260328971917,0.7153918288961995,0.7310348969380515,3.7696048065529038,0.0,0.76627115654791
02,beta_log,0.5,1000,dr,,nan,0.7233048082010523,0.7153918288961995,0.7310348969380515,3.7696048065529038,0.0,0.7310348969380515
02,beta_log,0.5,1000,switch_dr,,2.085066475432147,0.7167128965551485,0.7153918288961995,0.7310348969380515,3.7696048065529038,0.0,0.722046831282987
02,beta_log,0.5,1000,dros,,3.3172104837403285,0.7091403766078108,0.7153918288961995,0.7310348969380515,3.7696048065529038,0.0,0.8818673041474918
02,beta_log,0.5,1001,dm,,nan,0.6917799949717959,0.7153918288961995,0.7341686029148863,3.6223280576240007,0.0,nan
02,beta_log,0.5,1001,ips,,nan,0.7124142768095364,0.7153918288961995,0.7341686029148863,3.6223280576240007,0.0,0.7341686029148863
02,beta_log,0.5,1001,snips,,nan,0.7095792172998451,0.7153918288961995,0.7341686029148863,3.6223280576240007,0.0,0.7341686029148863
02,beta_log,0.5,1001,clipped_ips,,1.8242631223675891,0.6823357073573194,0.7153918288961995,0.7341686029148863,3.6223280576240007,0.0,0.7658960438901339
02,beta_log,0.5,1001,dr,,nan,0.7078430161385233,0.7153918288961995,0.7341686029148863,3.6223280576240007,0.0,0.7341686029148863
02,beta_log,0.5,1001,switch_dr,,2.0854324708771,0.7059325232419834,0.7153918288961995,0.7341686029148863,3.6223280576240007,0.0,0.721698961347126
02,beta_log,0.5,1001,dros,,3.3279359396303456,0.7001790253111508,0.7153918288961995,0.7341686029148863,3.6223280576240007,0.0,0.8814863787144485
02,beta_log,0.5,1002,dm,,nan,0.6957544468707243,0.7153918288961995,0.7359757793257553,3.724263627009573,0.0,nan
02,beta_log,0.5,1002,ips,,nan,0.7281179155542574,0.7153918288961995,0.7359757793257553,3.724263627009573,0.0,0.7359757793257553
02,beta_log,0.5,1002,snips,,nan,0.7247120663248025,0.7153918288961995,0.7359757793257553,3.724263627009573,0.0,0.7359757793257553
02,beta_log,0.5,1002,clipped_ips,,1.8222752321337252,0.6970692976689088,0.7153918288961995,0.7359757793257553,3.724263627009573,0.0,0.767649167527384
02,beta_log,0.5,1002,dr,,nan,0.7222728959898476,0.7153918288961995,0.7359757793257553,3.724263627009573,0.0,0.7359757793257553
02,beta_log,0.5,1002,switch_dr,,2.092223235200717,0.7184390117254676,0.7153918288961995,0.7359757793257553,3.724263627009573,0.0,0.7232941739299108
02,beta_log,0.5,1002,dros,,3.320687021648022,0.7089794855505844,0.7153918288961995,0.7359757793257553,3.724263627009573,0.0,0.8826960345221845
02,beta_log,0.5,1003,dm,,nan,0.6951055705886715,0.7153918288961995,0.734328811533113,3.614958146531058,0.0,nan
02,beta_log,0.5,1003,ips,,nan,0.7180201884343017,0.7153918288961995,0.734328811533113,3.614958146531058,0.0,0.734328811533113
02,beta_log,0.5,1003,snips,,nan,0.7196569410626573,0.7153918288961995,0.734328811533113,3.614958146531058,0.0,0.734328811533113
02,beta_log,0.5,1003,clipped_ips,,1.818251622241912,0.6879679318424607,0.7153918288961995,0.734328811533113,3.614958146531058,0.0,0.764557630364496
02,beta_log,0.5,1003,dr,,nan,0.719276472742636,0.7153918288961995,0.734328811533113,3.614958146531058,0.0,0.734328811533113
02,beta_log,0.5,1003,switch_dr,,2.0611246589129983,0.7127906115229391,0.7153918288961995,0.734328811533113,3.614958146531058,0.0,0.7203464520717918
02,beta_log,0.5,1003,dros,,3.3060389617853447,0.7065839455339217,0.7153918288961995,0.734328811533113,3.614958146531058,0.0,0.8803366552905186
02,beta_log,0.5,1004,dm,,nan,0.6936586772927706,0.7153918288961995,0.7331765466419516,3.732243782021432,0.0,nan
02,beta_log,0.5,1004,ips,,nan,0.715934518039105,0.7153918288961995,0.7331765466419516,3.732243782021432,0.0,0.7331765466419516
02,beta_log,0.5,1004,snips,,nan,0.7184059350555159,0.7153918288961995,0.7331765466419516,3.732243782021432,0.0,0.7331765466419516
02,beta_log,0.5,1004,clipped_ips,,1.816007759655444,0.6848916036417116,0.7153918288961995,0.7331765466419516,3.732243782021432,0.0,0.7660305918085014
02,beta_log,0.5,1004,dr,,nan,0.7190190994113878,0.7153918288961995,0.7331765466419516,3.732243782021432,0.0,0.7331765466419516
02,beta_log,0.5,1004,switch_dr,,2.0710824217021266,0.7135548737135392,0.7153918288961995,0.7331765466419516,3.732243782021432,0.0,0.7221864426215227
02,beta_log,0.5,1004,dros,,3.297884183128785,0.7053508156979735,0.7153918288961995,0.7331765466419516,3.732243782021432,0.0,0.8821942199910602
02,beta_log,0.5,1005,dm,,nan,0.6930386271315275,0.7153918288961995,0.7332520690880941,3.7918783193546703,0.0,nan
02,beta_log,0.5,1005,ips,,nan,0.692446577636131,0.7153918288961995,0.7332520690880941,3.7918783193546703,0.0,0.7332520690880941
02,beta_log,0.5,1005,snips,,nan,0.7003039530270003,0.7153918288961995,0.7332520690880941,3.7918783193546703,0.0,0.7332520690880941
02,beta_log,0.5,1005,clipped_ips,,1.7970858115230943,0.6588071714689497,0.7153918288961995,0.7332520690880941,3.7918783193546703,0.0,0.7679401096422429
02,beta_log,0.5,1005,dr,,nan,0.7039362616289342,0.7153918288961995,0.7332520690880941,3.7918783193546703,0.0,0.7332520690880941
02,beta_log,0.5,1005,switch_dr,,2.059254291712536,0.6955690515892979,0.7153918288961995,0.7332520690880941,3.7918783193546703,0.0,0.7237202714890231
02,beta_log,0.5,1005,dros,,3.2295174139776184,0.6934859799416768,0.7153918288961995,0.7332520690880941,3.7918783193546703,0.0,0.884439949939426
02,beta_log,0.5,1006,dm,,nan,0.6924331064300114,0.7153918288961995,0.7348779592018597,3.907558948829229,0.0,nan
02,beta_log,0.5,1006,ips,,nan,0.7126241315295487,0.7153918288961995,0.7348779592018597,3.907558948829229,0.0,0.7348779592018597
02,beta_log,0.5,1006,snips,,nan,0.7131004537230115,0.7153918288961995,0.7348779592018597,3.907558948829229,0.0,0.7348779592018597
02,beta_log,0.5,1006,clipped_ips,,1.812426275174279,0.6810811164101205,0.7153918288961995,0.7348779592018597,3.907558948829229,0.0,0.7666101801072508
02,beta_log,0.5,1006,dr,,nan,0.7133087959169505,0.7153918288961995,0.7348779592018597,3.907558948829229,0.0,0.7348779592018597
02,beta_log,0.5,1006,switch_dr,,2.0769212093843574,0.704502725245981,0.7153918288961995,0.7348779592018597,3.907558948829229,0.0,0.7222304022900143
02,beta_log,0.5,1006,dros,,3.284889002942111,0.7014029722463965,0.7153918288961995,0.7348779592018597,3.907558948829229,0.0,0.8823308452085216
02,beta_log,0.5,1007,dm,,nan,0.6938058926537315,0.7153918288961995,0.7355795171288322,3.885236653877361,0.0,nan
02,beta_log,0.5,1007,ips,,nan,0.7276735015312812,0.7153918288961995,0.7355795171288322,3.885236653877361,0.0,0.7355795171288322
02,beta_log,0.5,1007,snips,,nan,0.725897017251711,0.7153918288961995,0.7355795171288322,3.885236653877361,0.0,0.7355795171288322
02,beta_log,0.5,1007,clipped_ips,,1.8263703703891287,0.6959540938415878,0.7153918288961995,0.7355795171288322,3.885236653877361,0.0,0.7670791133752888
02,beta_log,0.5,1007,dr,,nan,0.7253667345258914,0.7153918288961995,0.7355795171288322,3.885236653877361,0.0,0.7355795171288322
02,beta_log,0.5,1007,switch_dr,,2.0629350024027255,0.7175949170121725,0.7153918288961995,0.7355795171288322,3.885236653877361,0.0,0.7234560688618512
02,beta_log,0.5,1007,dros,,3.3356287298353235,0.7088258681700166,0.7153918288961995,0.7355795171288322,3.885236653877361,0.0,0.8825237829827419
02,beta_log,0.5,1008,dm,,nan,0.6941399543912707,0.7153918288961995,0.7328027145628266,3.7467021245782823,0.0,nan
02,beta_log,0.5,1008,ips,,nan,0.7162376609482944,0.7153918288961995,0.7328027145628266,3.7467021245782823,0.0,0.7328027145628266
02,beta_log,0.5,1008,snips,,nan,0.7238899194885505,0.7153918288961995,0.7328027145628266,3.7467021245782823,0.0,0.7328027145628266
02,beta_log,0.5,1008,clipped_ips,,1.8112892163744192,0.6853892720760806,0.7153918288961995,0.7328027145628266,3.7467021245782823,0.0,0.765439223171312
02,beta_log,0.5,1008,dr,,nan,0.7268280984299235,0.7153918288961995,0.7328027145628266,3.7467021245782823,0.0,0.7328027145628266
02,beta_log,0.5,1008,switch_dr,,2.0644004361822628,0.7213479892241659,0.7153918288961995,0.7328027145628266,3.7467021245782823,0.0,0.7212789960294523
02,beta_log,0.5,1008,dros,,3.2807686253542574,0.7117086037594169,0.7153918288961995,0.7328027145628266,3.7467021245782823,0.0,0.881945405765987
02,beta_log,0.5,1009,dm,,nan,0.6927295403702923,0.7153918288961995,0.7320612775900872,3.697561361020451,0.0,nan
02,beta_log,0.5,1009,ips,,nan,0.7018977457936807,0.7153918288961995,0.7320612775900872,3.697561361020451,0.0,0.7320612775900872
02,beta_log,0.5,1009,snips,,nan,0.709702584737392,0.7153918288961995,0.7320612775900872,3.697561361020451,0.0,0.7320612775900872
02,beta_log,0.5,1009,clipped_ips,,1.8062161618750276,0.6711670030197058,0.7153918288961995,0.7320612775900872,3.697561361020451,0.0,0.7643039974635732
02,beta_log,0.5,1009,dr,,nan,0.7122590375349234,0.7153918288961995,0.7320612775900872,3.697561361020451,0.0,0.7320612775900872
02,beta_log,0.5,1009,switch_dr,,2.059383165167953,0.706329014476977,0.7153918288961995,0.7320612775900872,3.697561361020451,0.0,0.7204651157842249
02,beta_log,0.5,1009,dros,,3.262416823418556,0.7009014047804555,0.7153918288961995,0.7320612775900872,3.697561361020451,0.0,0.8804497558438433
02,beta_log,0.5,1010,dm,,nan,0.6934092517159707,0.7153918288961995,0.7327165278049774,3.790341805795784,0.0,nan
02,beta_log,0.5,1010,ips,,nan,0.709376979038054,0.7153918288961995,0.7327165278049774,3.790341805795784,0.0,0.7327165278049774
02,beta_log,0.5,1010,snips,,nan,0.711724889689919,0.7153918288961995,0.7327165278049774,3.790341805795784,0.0,0.7327165278049774
02,beta_log,0.5,1010,clipped_ips,,1.8188656520026278,0.6784599988484104,0.7153918288961995,0.7327165278049774,3.790341805795784,0.0,0.7659236663258088
02,beta_log,0.5,1010,dr,,nan,0.7135335121030286,0.7153918288961995,0.7327165278049774,3.790341805795784,0.0,0.7327165278049774
02,beta_log,0.5,1010,switch_dr,,2.0829219938458623,0.7097808681902942,0.7153918288961995,0.7327165278049774,3.790341805795784,0.0,0.7219109332078439
02,beta_log,0.5,1010,dros,,3.3082722600349443,0.7043164025569973,0.7153918288961995,0.7327165278049774,3.790341805795784,0.0,0.8825840986685906
02,beta_log,0.5,1011,dm,,nan,0.6948805225766604,0.7153918288961995,0.7390252862744029,3.537382731850992,0.0,nan
02,beta_log,0.5,1011,ips,,nan,0.7158456276422037,0.7153918288961995,0.7390252862744029,3.537382731850992,0.0,0.7390252862744029
02,beta_log,0.5,1011,snips,,nan,0.7144059992924965,0.7153918288961995,0.7390252862744029,3.537382731850992,0.0,0.7390252862744029
02,beta_log,0.5,1011,clipped_ips,,1.819804173881434,0.6873880623463766,0.7153918288961995,0.7390252862744029,3.537382731850992,0.0,0.7698112817275422
02,beta_log,0.5,1011,dr,,nan,0.7140910335742823,0.7153918288961995,0.7390252862744029,3.537382731850992,0.0,0.7390252862744029
02,beta_log,0.5,1011,switch_dr,,2.0750397667272433,0.7144184628929479,0.7153918288961995,0.7390252862744029,3.537382731850992,0.0,0.7261937151184544
02,beta_log,0.5,1011,dros,,3.311687231276288,0.7040145041587538,0.7153918288961995,0.7390252862744029,3.537382731850992,0.0,0.884331894523409
02,beta_log,0.5,1012,dm,,nan,0.6944896621525134,0.7153918288961995,0.7364614677268632,3.9841200383584554,0.0,nan
02,beta_log,0.5,1012,ips,,nan,0.7281248845637724,0.7153918288961995,0.7364614677268632,3.9841200383584554,0.0,0.7364614677268632
02,beta_log,0.5,1012,snips,,nan,0.724817971095048,0.7153918288961995,0.7364614677268632,3.9841200383584554,0.0,0.7364614677268632
02,beta_log,0.5,1012,clipped_ips,,1.824371957800785,0.6972565085030555,0.7153918288961995,0.7364614677268632,3.9841200383584554,0.0,0.7687905912599469
02,beta_log,0.5,1012,dr,,nan,0.7243188646012103,0.7153918288961995,0.7364614677268632,3.9841200383584554,0.0,0.7364614677268632
02,beta_log,0.5,1012,switch_dr,,2.0861807857944066,0.7186421099903999,0.7153918288961995,0.7364614677268632,3.9841200383584554,0.0,0.7245495594937275
02,beta_log,0.5,1012,dros,,3.3283330404098694,0.710923101664302,0.7153918288961995,0.7364614677268632,3.9841200383584554,0.0,0.8831918151038771
02,beta_log,0.5,1013,dm,,nan,0.6941379332524861,0.7153918288961995,0.731478019882161,3.868456533102589,0.0,nan
02,beta_log,0.5,1013,ips,,nan,0.7108176321665158,0.7153918288961995,0.731478019882161,3.868456533102589,0.0,0.731478019882161
02,beta_log,0.5,1013,snips,,nan,0.714672440175169,0.7153918288961995,0.731478019882161,3.868456533102589,0.0,0.731478019882161
02,beta_log,0.5,1013,clipped_ips,,1.8182924045238982,0.680376956878224,0.7153918288961995,0.731478019882161,3.868456533102589,0.0,0.7640548956987635
02,beta_log,0.5,1013,dr,,nan,0.7157607966616603,0.7153918288961995,0.731478019882161,3.868456533102589,0.0,0.731478019882161
02,beta_log,0.5,1013,switch_dr,,2.0822092838446844,0.7137255068478199,0.7153918288961995,0.731478019882161,3.868456533102589,0.0,0.7201878649889146
02,beta_log,0.5,1013,dros,,3.306187268349299,0.7049954039979133,0.7153918288961995,0.731478019882161,3.868456533102589,0.0,0.880725707147619
02,beta_log,0.5,1014,dm,,nan,0.6932807440730274,0.7153918288961995,0.7343646074879796,3.625497229088427,0.0,nan
02,beta_log,0.5,1014,ips,,nan,0.7116003179566452,0.7153918288961995,0.7343646074879796,3.625497229088427,0.0,0.7343646074879796
02,beta_log,0.5,1014,snips,,nan,0.7137091181247885,0.7153918288961995,0.7343646074879796,3.625497229088427,0.0,0.7343646074879796
02,beta_log,0.5,1014,clipped_ips,,1.8116718541633356,0.6804610672839142,0.7153918288961995,0.7343646074879796,3.625497229088427,0.0,0.7664353870488887
02,beta_log,0.5,1014,dr,,nan,0.7149225495016094,0.7153918288961995,0.7343646074879796,3.625497229088427,0.0,0.7343646074879796
02,beta_log,0.5,1014,switch_dr,,2.0783223409802893,0.7094378931664003,0.7153918288961995,0.7343646074879796,3.625497229088427,0.0,0.7222424805371557
02,beta_log,0.5,1014,dros,,3.2821549071676186,0.7030234222147385,0.7153918288961995,0.7343646074879796,3.625497229088427,0.0,0.8818952852891667
02,beta_log,0.5,1015,dm,,nan,0.6930117983022533,0.7153918288961995,0.7326155228197346,4.0011215701289,0.0,nan
02,beta_log,0.5,1015,ips,,nan,0.7071379403432145,0.7153918288961995,0.7326155228197346,4.0011215701289,0.0,0.7326155228197346
02,beta_log,0.5,1015,snips,,nan,0.7101475194376627,0.7153918288961995,0.7326155228197346,4.0011215701289,0.0,0.7326155228197346
02,beta_log,0.5,1015,clipped_ips,,1.8201627840371701,0.675976073257176,0.7153918288961995,0.7326155228197346,4.0011215701289,0.0,0.7648487401975768
02,beta_log,0.5,1015,dr,,nan,0.7109522819959195,0.7153918288961995,0.7326155228197346,4.0011215701289,0.0,0.7326155228197346
02,beta_log,0.5,1015,switch_dr,,2.0688271505751676,0.7038969053746632,0.7153918288961995,0.7326155228197346,4.0011215701289,0.0,0.7211050138299537
02,beta_log,0.5,1015,dros,,3.312992560393942,0.7011854533929512,0.7153918288961995,0.7326155228197346,4.0011215701289,0.0,0.8806929368232604
02,beta_log,0.5,1016,dm,,nan,0.6962416410726673,0.7153918288961995,0.7342100359825381,3.6342495893322155,0.0,nan
02,beta_log,0.5,1016,ips,,nan,0.7133791779412831,0.7153918288961995,0.7342100359825381,3.6342495893322155,0.0,0.7342100359825381
02,beta_log,0.5,1016,snips,,nan,0.7151546340474729,0.7153918288961995,0.7342100359825381,3.6342495893322155,0.0,0.7342100359825381
02,beta_log,0.5,1016,clipped_ips,,1.8142746015115883,0.6829061405760001,0.7153918288961995,0.7342100359825381,3.6342495893322155,0.0,0.7667373727337194
02,beta_log,0.5,1016,dr,,nan,0.7170414704597258,0.7153918288961995,0.7342100359825381,3.6342495893322155,0.0,0.7342100359825381
02,beta_log,0.5,1016,switch_dr,,2.070189801377171,0.7139440264203444,0.7153918288961995,0.7342100359825381,3.6342495893322155,0.0,0.722568645471185
02,beta_log,0.5,1016,dros,,3.2915923296900322,0.7068135538815999,0.7153918288961995,0.7342100359825381,3.6342495893322155,0.0,0.8819721545548109
02,beta_log,0.5,1017,dm,,nan,0.6929990235095813,0.7153918288961995,0.7347432687641932,3.8431848379174913,0.0,nan
02,beta_log,0.5,1017,ips,,nan,0.7135823250438698,0.7153918288961995,0.7347432687641932,3.8431848379174913,0.0,0.7347432687641932
02,beta_log,0.5,1017,snips,,nan,0.7102169243987587,0.7153918288961995,0.7347432687641932,3.8431848379174913,0.0,0.7347432687641932
02,beta_log,0.5,1017,clipped_ips,,1.8164051986261625,0.6809123574266294,0.7153918288961995,0.7347432687641932,3.8431848379174913,0.0,0.768450420029716
02,beta_log,0.5,1017,dr,,nan,0.7092127966709529,0.7153918288961995,0.7347432687641932,3.8431848379174913,0.0,0.7347432687641932
02,beta_log,0.5,1017,switch_dr,,2.0946584502617345,0.705409125761327,0.7153918288961995,0.7347432687641932,3.8431848379174913,0.0,0.7236862251480612
02,beta_log,0.5,1017,dros,,3.2993278455961486,0.7001706092815806,0.7153918288961995,0.7347432687641932,3.8431848379174913,0.0,0.8834244859645732
02,beta_log,0.5,1018,dm,,nan,0.6937551179611569,0.7153918288961995,0.7323302669878082,3.7054023153159115,0.0,nan
02,beta_log,0.5,1018,ips,,nan,0.7080318350862121,0.7153918288961995,0.7323302669878082,3.7054023153159115,0.0,0.7323302669878082
02,beta_log,0.5,1018,snips,,nan,0.7113158757707613,0.7153918288961995,0.7323302669878082,3.7054023153159115,0.0,0.7323302669878082
02,beta_log,0.5,1018,clipped_ips,,1.8258201506407696,0.6791245129880608,0.7153918288961995,0.7323302669878082,3.7054023153159115,0.0,0.7631825102395037
02,beta_log,0.5,1018,dr,,nan,0.7108348866451114,0.7153918288961995,0.7323302669878082,3.7054023153159115,0.0,0.7323302669878082
02,beta_log,0.5,1018,switch_dr,,2.07636633137783,0.7092748071817452,0.7153918288961995,0.7323302669878082,3.7054023153159115,0.0,0.719438489891992
02,beta_log,0.5,1018,dros,,3.3336192224858827,0.7018160544121843,0.7153918288961995,0.7323302669878082,3.7054023153159115,0.0,0.8795000417719437
02,beta_log,0.5,1019,dm,,nan,0.6955462597736317,0.7153918288961995,0.7356952153249128,3.529001146734604,0.0,nan
02,beta_log,0.5,1019,ips,,nan,0.7233601162004691,0.7153918288961995,0.7356952153249128,3.529001146734604,0.0,0.7356952153249128
02,beta_log,0.5,1019,snips,,nan,0.7246504762870278,0.7153918288961995,0.7356952153249128,3.529001146734604,0.0,0.7356952153249128
02,beta_log,0.5,1019,clipped_ips,,1.8183540092031292,0.6926280237335474,0.7153918288961995,0.7356952153249128,3.529001146734604,0.0,0.7658272131433742
02,beta_log,0.5,1019,dr,,nan,0.7246840912466183,0.7153918288961995,0.7356952153249128,3.529001146734604,0.0,0.7356952153249128
02,beta_log,0.5,1019,switch_dr,,2.0749997734342283,0.7136588336074396,0.7153918288961995,0.7356952153249128,3.529001146734604,0.0,0.721506976669223
02,beta_log,0.5,1019,dros,,3.3064113027850937,0.7107216935151864,0.7153918288961995,0.7356952153249128,3.529001146734604,0.0,0.8813123308076382
02,beta_log,0.5,1020,dm,,nan,0.6949391005188121,0.7153918288961995,0.7367441314625001,3.91635794916571,0.0,nan
02,beta_log,0.5,1020,ips,,nan,0.705832141411815,0.7153918288961995,0.7367441314625001,3.91635794916571,0.0,0.7367441314625001
02,beta_log,0.5,1020,snips,,nan,0.7053297876894281,0.7153918288961995,0.7367441314625001,3.91635794916571,0.0,0.7367441314625001
02,beta_log,0.5,1020,clipped_ips,,1.8159958561467133,0.676771137405584,0.7153918288961995,0.7367441314625001,3.91635794916571,0.0,0.7694190605013608
02,beta_log,0.5,1020,dr,,nan,0.7059791286485922,0.7153918288961995,0.7367441314625001,3.91635794916571,0.0,0.7367441314625001
02,beta_log,0.5,1020,switch_dr,,2.055030522441783,0.7071817085007952,0.7153918288961995,0.7367441314625001,3.91635794916571,0.0,0.7257740565921079
02,beta_log,0.5,1020,dros,,3.297840949542034,0.7008524720062208,0.7153918288961995,0.7367441314625001,3.91635794916571,0.0,0.8839538009337703
02,beta_log,0.5,1021,dm,,nan,0.6934494920853139,0.7153918288961995,0.7381913771074763,3.6439274501477192,0.0,nan
02,beta_log,0.5,1021,ips,,nan,0.7239905719968629,0.7153918288961995,0.7381913771074763,3.6439274501477192,0.0,0.7381913771074763
02,beta_log,0.5,1021,snips,,nan,0.7197069957212029,0.7153918288961995,0.7381913771074763,3.6439274501477192,0.0,0.7381913771074763
02,beta_log,0.5,1021,clipped_ips,,1.823430685028364,0.6932343564513628,0.7153918288961995,0.7381913771074763,3.6439274501477192,0.0,0.7694714359560013
02,beta_log,0.5,1021,dr,,nan,0.7180352272438183,0.7153918288961995,0.7381913771074763,3.6439274501477192,0.0,0.7381913771074763
02,beta_log,0.5,1021,switch_dr,,2.0771703361888063,0.7114638889934578,0.7153918288961995,0.7381913771074763,3.6439274501477192,0.0,0.7254769575467493
02,beta_log,0.5,1021,dros,,3.3248994631030087,0.7059946440129985,0.7153918288961995,0.7381913771074763,3.6439274501477192,0.0,0.8841532007971978
02,beta_log,0.5,1022,dm,,nan,0.6953662502964467,0.7153918288961995,0.729691877872715,3.8070747186419083,0.0,nan
02,beta_log,0.5,1022,ips,,nan,0.7167879354669869,0.7153918288961995,0.729691877872715,3.8070747186419083,0.0,0.729691877872715
02,beta_log,0.5,1022,snips,,nan,0.7159458247601944,0.7153918288961995,0.729691877872715,3.8070747186419083,0.0,0.729691877872715
02,beta_log,0.5,1022,clipped_ips,,1.8376913908253143,0.6845078871462474,0.7153918288961995,0.729691877872715,3.8070747186419083,0.0,0.7637784656347704
02,beta_log,0.5,1022,dr,,nan,0.7149170007153272,0.7153918288961995,0.729691877872715,3.8070747186419083,0.0,0.729691877872715
02,beta_log,0.5,1022,switch_dr,,2.096015317188577,0.7086377806571514,0.7153918288961995,0.729691877872715,3.8070747186419083,0.0,0.719926827566822
02,beta_log,0.5,1022,dros,,3.377109647913478,0.7037074654771949,0.7153918288961995,0.729691877872715,3.8070747186419083,0.0,0.8812021815241086
02,beta_log,0.5,1023,dm,,nan,0.6944141003199898,0.7153918288961995,0.7348527583023966,3.7149978804148707,0.0,nan
02,beta_log,0.5,1023,ips,,nan,0.7095281663924002,0.7153918288961995,0.7348527583023966,3.7149978804148707,0.0,0.7348527583023966
02,beta_log,0.5,1023,snips,,nan,0.7173818099773217,0.7153918288961995,0.7348527583023966,3.7149978804148707,0.0,0.7348527583023966
02,beta_log,0.5,1023,clipped_ips,,1.8024166322032174,0.6787436675748556,0.7153918288961995,0.7348527583023966,3.7149978804148707,0.0,0.7669089417048305
02,beta_log,0.5,1023,dr,,nan,0.7212087680410526,0.7153918288961995,0.7348527583023966,3.7149978804148707,0.0,0.7348527583023966
02,beta_log,0.5,1023,switch_dr,,2.047159873371692,0.7144572620620674,0.7153918288961995,0.7348527583023966,3.7149978804148707,0.0,0.7228150254187494
02,beta_log,0.5,1023,dros,,3.248705716042788,0.7073115977850912,0.7153918288961995,0.7348527583023966,3.7149978804148707,0.0,0.8831596477052995
02,beta_log,0.5,1024,dm,,nan,0.6924258740815692,0.7153918288961995,0.73479102802426,3.9040405208321824,0.0,nan
02,beta_log,0.5,1024,ips,,nan,0.7166453787978199,0.7153918288961995,0.73479102802426,3.9040405208321824,0.0,0.73479102802426
02,beta_log,0.5,1024,snips,,nan,0.7152412581418306,0.7153918288961995,0.73479102802426,3.9040405208321824,0.0,0.73479102802426
02,beta_log,0.5,1024,clipped_ips,,1.8277022945573942,0.6868026041578827,0.7153918288961995,0.73479102802426,3.9040405208321824,0.0,0.7661590833501063
02,beta_log,0.5,1024,dr,,nan,0.7141778640833376,0.7153918288961995,0.73479102802426,3.9040405208321824,0.0,0.73479102802426
02,beta_log,0.5,1024,switch_dr,,2.083986916500185,0.7104808643418467,0.7153918288961995,0.73479102802426,3.9040405208321824,0.0,0.7223715534460926
02,beta_log,0.5,1024,dros,,3.3404956775303636,0.7021723827540842,0.7153918288961995,0.73479102802426,3.9040405208321824,0.0,0.8822252113865532
02,beta_log,0.5,1025,dm,,nan,0.6924870387502547,0.7153918288961995,0.737065458274552,3.788738673604894,0.0,nan
02,beta_log,0.5,1025,ips,,nan,0.7063995818630372,0.7153918288961995,0.737065458274552,3.788738673604894,0.0,0.737065458274552
02,beta_log,0.5,1025,snips,,nan,0.7092118796542669,0.7153918288961995,0.737065458274552,3.788738673604894,0.0,0.737065458274552
02,beta_log,0.5,1025,clipped_ips,,1.7991234513347587,0.6750562196746464,0.7153918288961995,0.737065458274552,3.788738673604894,0.0,0.7695587221502252
02,beta_log,0.5,1025,dr,,nan,0.7096038637626003,0.7153918288961995,0.737065458274552,3.788738673604894,0.0,0.737065458274552
02,beta_log,0.5,1025,switch_dr,,2.0643507734932647,0.704641743942615,0.7153918288961995,0.737065458274552,3.788738673604894,0.0,0.7248104623654749
02,beta_log,0.5,1025,dros,,3.236845193142694,0.7009386693290918,0.7153918288961995,0.737065458274552,3.788738673604894,0.0,0.8845427706699902
02,beta_log,0.5,1026,dm,,nan,0.6926846985894299,0.7153918288961995,0.7332679387967175,3.5583688420325426,0.0,nan
02,beta_log,0.5,1026,ips,,nan,0.7081587155580817,0.7153918288961995,0.7332679387967175,3.5583688420325426,0.0,0.7332679387967175
02,beta_log,0.5,1026,snips,,nan,0.7124540768201387,0.7153918288961995,0.7332679387967175,3.5583688420325426,0.0,0.7332679387967175
02,beta_log,0.5,1026,clipped_ips,,1.8136802887364623,0.6773325716613292,0.7153918288961995,0.7332679387967175,3.5583688420325426,0.0,0.7654399862044367
02,beta_log,0.5,1026,dr,,nan,0.7138480879192612,0.7153918288961995,0.7332679387967175,3.5583688420325426,0.0,0.7332679387967175
02,beta_log,0.5,1026,switch_dr,,2.0614742044193033,0.7086865568644263,0.7153918288961995,0.7332679387967175,3.5583688420325426,0.0,0.7215219970276711
02,beta_log,0.5,1026,dros,,3.2894361897511772,0.7031637204124481,0.7153918288961995,0.7332679387967175,3.5583688420325426,0.0,0.8818707436735036
02,beta_log,0.5,1027,dm,,nan,0.694932822567693,0.7153918288961995,0.7360083876491987,3.837407565744362,0.0,nan
02,beta_log,0.5,1027,ips,,nan,0.7109835255083632,0.7153918288961995,0.7360083876491987,3.837407565744362,0.0,0.7360083876491987
02,beta_log,0.5,1027,snips,,nan,0.7128129256991306,0.7153918288961995,0.7360083876491987,3.837407565744362,0.0,0.7360083876491987
02,beta_log,0.5,1027,clipped_ips,,1.8116777715955035,0.6796660464398345,0.7153918288961995,0.7360083876491987,3.837407565744362,0.0,0.7692720066095026
02,beta_log,0.5,1027,dr,,nan,0.7133629302774087,0.7153918288961995,0.7360083876491987,3.837407565744362,0.0,0.7360083876491987
02,beta_log,0.5,1027,switch_dr,,2.0562043261694862,0.7081268495940558,0.7153918288961995,0.7360083876491987,3.837407565744362,0.0,0.7256000581656767
02,beta_log,0.5,1027,dros,,3.282176348093249,0.7029467157841465,0.7153918288961995,0.7360083876491987,3.837407565744362,0.0,0.884266370586124
02,beta_log,0.5,1028,dm,,nan,0.6931840083551081,0.7153918288961995,0.7325311667467383,3.695852226672653,0.0,nan
02,beta_log,0.5,1028,ips,,nan,0.7176470161823392,0.7153918288961995,0.7325311667467383,3.695852226672653,0.0,0.7325311667467383
02,beta_log,0.5,1028,snips,,nan,0.718804621925872,0.7153918288961995,0.7325311667467383,3.695852226672653,0.0,0.7325311667467383
02,beta_log,0.5,1028,clipped_ips,,1.8199404350538706,0.6856758874298589,0.7153918288961995,0.7325311667467383,3.695852226672653,0.0,0.7647486540321488
02,beta_log,0.5,1028,dr,,nan,0.7179268642284712,0.7153918288961995,0.7325311667467383,3.695852226672653,0.0,0.7325311667467383
02,beta_log,0.5,1028,switch_dr,,2.072138794997522,0.710317617946064,0.7153918288961995,0.7325311667467383,3.695852226672653,0.0,0.7205746029865356
02,beta_log,0.5,1028,dros,,3.312183187144072,0.7050280496349497,0.7153918288961995,0.7325311667467383,3.695852226672653,0.0,0.8810932153844402
02,beta_log,0.5,1029,dm,,nan,0.6936510889127656,0.7153918288961995,0.7286352706160546,3.9741874053383843,0.0,nan
02,beta_log,0.5,1029,ips,,nan,0.708796190634863,0.7153918288961995,0.7286352706160546,3.9741874053383843,0.0,0.7286352706160546
02,beta_log,0.5,1029,snips,,nan,0.709756228344266,0.7153918288961995,0.7286352706160546,3.9741874053383843,0.0,0.7286352706160546
02,beta_log,0.5,1029,clipped_ips,,1.8267287869099436,0.6775130697485997,0.7153918288961995,0.7286352706160546,3.9741874053383843,0.0,0.7616298547582361
02,beta_log,0.5,1029,dr,,nan,0.709064804243904,0.7153918288961995,0.7286352706160546,3.9741874053383843,0.0,0.7286352706160546
02,beta_log,0.5,1029,switch_dr,,2.0845262735664334,0.7052899551319092,0.7153918288961995,0.7286352706160546,3.9741874053383843,0.0,0.7171649555624557
02,beta_log,0.5,1029,dros,,3.336938060925474,0.7010634791575415,0.7153918288961995,0.7286352706160546,3.9741874053383843,0.0,0.8787669438490948
02,beta_log,0.5,1030,dm,,nan,0.6959578595535321,0.7153918288961995,0.7322792883099171,3.756235657367645,0.0,nan
02,beta_log,0.5,1030,ips,,nan,0.6993544370947193,0.7153918288961995,0.7322792883099171,3.756235657367645,0.0,0.7322792883099171
02,beta_log,0.5,1030,snips,,nan,0.7058505374111498,0.7153918288961995,0.7322792883099171,3.756235657367645,0.0,0.7322792883099171
02,beta_log,0.5,1030,clipped_ips,,1.8135962909074286,0.6700189904871819,0.7153918288961995,0.7322792883099171,3.756235657367645,0.0,0.7628976041944238
02,beta_log,0.5,1030,dr,,nan,0.7084066721769362,0.7153918288961995,0.7322792883099171,3.756235657367645,0.0,0.7322792883099171
02,beta_log,0.5,1030,switch_dr,,2.058000875411377,0.7044225094466214,0.7153918288961995,0.7322792883099171,3.756235657367645,0.0,0.7191413700137179
02,beta_log,0.5,1030,dros,,3.2891315063931823,0.6995059469832597,0.7153918288961995,0.7322792883099171,3.756235657367645,0.0,0.8807676489358076
02,beta_log,0.5,1031,dm,,nan,0.6935672007073113,0.7153918288961995,0.7371302008114818,3.786106970769429,0.0,nan
02,beta_log,0.5,1031,ips,,nan,0.7047466441713345,0.7153918288961995,0.7371302008114818,3.786106970769429,0.0,0.7371302008114818
02,beta_log,0.5,1031,snips,,nan,0.7080039895021811,0.7153918288961995,0.7371302008114818,3.786106970769429,0.0,0.7371302008114818
02,beta_log,0.5,1031,clipped_ips,,1.7985494082231754,0.674891514678312,0.7153918288961995,0.7371302008114818,3.786106970769429,0.0,0.7689997729470028
02,beta_log,0.5,1031,dr,,nan,0.7103718389473931,0.7153918288961995,0.7371302008114818,3.786106970769429,0.0,0.7371302008114818
02,beta_log,0.5,1031,switch_dr,,2.0517631744247393,0.7098813934486111,0.7153918288961995,0.7371302008114818,3.786106970769429,0.0,0.7246676024472054
02,beta_log,0.5,1031,dros,,3.2347799738199345,0.7009585037446996,0.7153918288961995,0.7371302008114818,3.786106970769429,0.0,0.8842334069773775
02,beta_log,0.5,1032,dm,,nan,0.6927234189159213,0.7153918288961995,0.7335339193153843,4.022098631557091,0.0,nan
02,beta_log,0.5,1032,ips,,nan,0.6966902451946416,0.7153918288961995,0.7335339193153843,4.022098631557091,0.0,0.7335339193153843
02,beta_log,0.5,1032,snips,,nan,0.7023748710348,0.7153918288961995,0.7335339193153843,4.022098631557091,0.0,0.7335339193153843
02,beta_log,0.5,1032,clipped_ips,,1.802306535443244,0.6670602978027526,0.7153918288961995,0.7335339193153843,4.022098631557091,0.0,0.7666542071163617
02,beta_log,0.5,1032,dr,,nan,0.7063800177082624,0.7153918288961995,0.7335339193153843,4.022098631557091,0.0,0.7335339193153843
02,beta_log,0.5,1032,switch_dr,,2.047603251562101,0.7064567306855819,0.7153918288961995,0.7335339193153843,4.022098631557091,0.0,0.7226612363882693
02,beta_log,0.5,1032,dros,,3.2483088477014292,0.6996195796025311,0.7153918288961995,0.7335339193153843,4.022098631557091,0.0,0.8831418452362808
02,beta_log,0.5,1033,dm,,nan,0.6947514559092304,0.7153918288961995,0.7331881129448113,3.9458695454912194,0.0,nan
02,beta_log,0.5,1033,ips,,nan,0.7183997705997611,0.7153918288961995,0.7331881129448113,3.9458695454912194,0.0,0.7331881129448113
02,beta_log,0.5,1033,snips,,nan,0.715808085737043,0.7153918288961995,0.7331881129448113,3.9458695454912194,0.0,0.7331881129448113
02,beta_log,0.5,1033,clipped_ips,,1.8328961428444956,0.686979767431608,0.7153918288961995,0.7331881129448113,3.9458695454912194,0.0,0.7656234938008174
02,beta_log,0.5,1033,dr,,nan,0.7138962834195888,0.7153918288961995,0.7331881129448113,3.9458695454912194,0.0,0.7331881129448113
02,beta_log,0.5,1033,switch_dr,,2.0690259575231913,0.7076747102816007,0.7153918288961995,0.7331881129448113,3.9458695454912194,0.0,0.7218649458921569
02,beta_log,0.5,1033,dros,,3.3595082704542296,0.7029165943366078,0.7153918288961995,0.7331881129448113,3.9458695454912194,0.0,0.8805321879644687
02,beta_log,0.5,1034,dm,,nan,0.6941634717131772,0.7153918288961995,0.7292976918633379,3.701425307449155,0.0,nan
02,beta_log,0.5,1034,ips,,nan,0.7143686701488543,0.7153918288961995,0.7292976918633379,3.701425307449155,0.0,0.7292976918633379
02,beta_log,0.5,1034,snips,,nan,0.7160802504659086,0.7153918288961995,0.7292976918633379,3.701425307449155,0.0,0.7292976918633379
02,beta_log,0.5,1034,clipped_ips,,1.8178751240588387,0.6822454404437005,0.7153918288961995,0.7292976918633379,3.701425307449155,0.0,0.7623312819936757
02,beta_log,0.5,1034,dr,,nan,0.7166555543874666,0.7153918288961995,0.7292976918633379,3.701425307449155,0.0,0.7292976918633379
02,beta_log,0.5,1034,switch_dr,,2.092868535758477,0.7095291891782085,0.7153918288961995,0.7292976918633379,3.701425307449155,0.0,0.7176302582334292
02,beta_log,0.5,1034,dros,,3.304669966671938,0.7057731294070247,0.7153918288961995,0.7292976918633379,3.701425307449155,0.0,0.8789574013142168
02,beta_log,0.5,1035,dm,,nan,0.6936778457121711,0.7153918288961995,0.7348109914825329,3.6195508179586238,0.0,nan
02,beta_log,0.5,1035,ips,,nan,0.7187799820042068,0.7153918288961995,0.7348109914825329,3.6195508179586238,0.0,0.7348109914825329
02,beta_log,0.5,1035,snips,,nan,0.7149377668876118,0.7153918288961995,0.7348109914825329,3.6195508179586238,0.0,0.7348109914825329
02,beta_log,0.5,1035,clipped_ips,,1.8428519416120495,0.6880390576400732,0.7153918288961995,0.7348109914825329,3.6195508179586238,0.0,0.7658303590261908
02,beta_log,0.5,1035,dr,,nan,0.714248607898473,0.7153918288961995,0.7348109914825329,3.6195508179586238,0.0,0.7348109914825329
02,beta_log,0.5,1035,switch_dr,,2.0863290622417705,0.7066833974813157,0.7153918288961995,0.7348109914825329,3.6195508179586238,0.0,0.7221081967420865
02,beta_log,0.5,1035,dros,,3.3961032787033005,0.7022997455542653,0.7153918288961995,0.7348109914825329,3.6195508179586238,0.0,0.8814574121566544
02,beta_log,0.5,1036,dm,,nan,0.693694299662431,0.7153918288961995,0.7371775687641062,3.499942815583475,0.0,nan
02,beta_log,0.5,1036,ips,,nan,0.7185461569653055,0.7153918288961995,0.7371775687641062,3.499942815583475,0.0,0.7371775687641062
02,beta_log,0.5,1036,snips,,nan,0.7162799435243454,0.7153918288961995,0.7371775687641062,3.499942815583475,0.0,0.7371775687641062
02,beta_log,0.5,1036,clipped_ips,,1.810150268340845,0.6880233540031955,0.7153918288961995,0.7371775687641062,3.499942815583475,0.0,0.7703817674577111
02,beta_log,0.5,1036,dr,,nan,0.7162377533329124,0.7153918288961995,0.7371775687641062,3.499942815583475,0.0,0.7371775687641062
02,beta_log,0.5,1036,switch_dr,,2.06220760779599,0.7137132692836642,0.7153918288961995,0.7371775687641062,3.499942815583475,0.0,0.7262032197793428
02,beta_log,0.5,1036,dros,,3.2766439939744334,0.7056059588447595,0.7153918288961995,0.7371775687641062,3.499942815583475,0.0,0.88500351531281
02,beta_log,0.5,1037,dm,,nan,0.6935709830984859,0.7153918288961995,0.7362150320667832,3.8335336042691033,0.0,nan
02,beta_log,0.5,1037,ips,,nan,0.6943247960191933,0.7153918288961995,0.7362150320667832,3.8335336042691033,0.0,0.7362150320667832
02,beta_log,0.5,1037,snips,,nan,0.6990913801462403,0.7153918288961995,0.7362150320667832,3.8335336042691033,0.0,0.7362150320667832
02,beta_log,0.5,1037,clipped_ips,,1.8044463775850286,0.6643817415586813,0.7153918288961995,0.7362150320667832,3.8335336042691033,0.0,0.7692086336140777
02,beta_log,0.5,1037,dr,,nan,0.7011233310452649,0.7153918288961995,0.7362150320667832,3.8335336042691033,0.0,0.7362150320667832
02,beta_log,0.5,1037,switch_dr,,2.0512214326909444,0.7000313964151509,0.7153918288961995,0.7362150320667832,3.8335336042691033,0.0,0.7253351507235132
02,beta_log,0.5,1037,dros,,3.2560267295797316,0.6953688033154606,0.7153918288961995,0.7362150320667832,3.8335336042691033,0.0,0.8843737178295669
02,beta_log,0.5,1038,dm,,nan,0.6945459142367677,0.7153918288961995,0.7361859383581738,3.803398069836022,0.0,nan
02,beta_log,0.5,1038,ips,,nan,0.7225628661007735,0.7153918288961995,0.7361859383581738,3.803398069836022,0.0,0.7361859383581738
02,beta_log,0.5,1038,snips,,nan,0.7173465375113,0.7153918288961995,0.7361859383581738,3.803398069836022,0.0,0.7361859383581738
02,beta_log,0.5,1038,clipped_ips,,1.8252414894859101,0.6915632840352329,0.7153918288961995,0.7361859383581738,3.803398069836022,0.0,0.7679992464551737
02,beta_log,0.5,1038,dr,,nan,0.7153635253344225,0.7153918288961995,0.7361859383581738,3.803398069836022,0.0,0.7361859383581738
02,beta_log,0.5,1038,switch_dr,,2.073954950829445,0.7101626241686966,0.7153918288961995,0.7361859383581738,3.803398069836022,0.0,0.7238636406912318
02,beta_log,0.5,1038,dros,,3.331506494940744,0.7048482306186192,0.7153918288961995,0.7361859383581738,3.803398069836022,0.0,0.8822830990019269
02,beta_log,0.5,1039,dm,,nan,0.6918953120560825,0.7153918288961995,0.7374535714381611,3.85411751859488,0.0,nan
02,beta_log,0.5,1039,ips,,nan,0.721635209769094,0.7153918288961995,0.7374535714381611,3.85411751859488,0.0,0.7374535714381611
02,beta_log,0.5,1039,snips,,nan,0.7193554967179675,0.7153918288961995,0.7374535714381611,3.85411751859488,0.0,0.7374535714381611
02,beta_log,0.5,1039,clipped_ips,,1.8274520135854015,0.692505942291443,0.7153918288961995,0.7374535714381611,3.85411751859488,0.0,0.7674769950274483
02,beta_log,0.5,1039,dr,,nan,0.7187545460456322,0.7153918288961995,0.7374535714381611,3.85411751859488,0.0,0.7374535714381611
02,beta_log,0.5,1039,switch_dr,,2.0690566984584255,0.7140178775150403,0.7153918288961995,0.7374535714381611,3.85411751859488,0.0,0.7238024111148795
02,beta_log,0.5,1039,dros,,3.3395808619573386,0.7050372390587871,0.7153918288961995,0.7374535714381611,3.85411751859488,0.0,0.8827237773531126
02,beta_log,1,1000,dm,,nan,0.6931789077614771,0.7153918288961995,0.8201240283859388,2.754669514724757,0.0,nan
02,beta_log,1,1000,ips,,nan,0.7205525468101174,0.7153918288961995,0.8201240283859388,2.754669514724757,0.0,0.8201240283859388
02,beta_log,1,1000,snips,,nan,0.7224472703288193,0.7153918288961995,0.8201240283859388,2.754669514724757,0.0,0.8201240283859388
02,beta_log,1,1000,clipped_ips,,1.6055857719759001,0.6997913847874564,0.7153918288961995,0.8201240283859388,2.754669514724757,0.0,0.8402853412826027
02,beta_log,1,1000,dr,,nan,0.7234663034614771,0.7153918288961995,0.8201240283859388,2.754669514724757,0.0,0.8201240283859388
02,beta_log,1,1000,switch_dr,,1.7684260556785982,0.7194182940763618,0.7153918288961995,0.8201240283859388,2.754669514724757,0.0,0.7954152321984387
02,beta_log,1,1000,dros,,2.577905671171447,0.7096420018305581,0.7153918288961995,0.8201240283859388,2.754669514724757,0.0,0.9353045673101653
02,beta_log,1,1001,dm,,nan,0.6917799949717959,0.7153918288961995,0.8224395517557487,2.6469413369012913,0.0,nan
02,beta_log,1,1001,ips,,nan,0.7197675049804101,0.7153918288961995,0.8224395517557487,2.6469413369012913,0.0,0.8224395517557487
02,beta_log,1,1001,snips,,nan,0.7141665176280945,0.7153918288961995,0.8224395517557487,2.6469413369012913,0.0,0.8224395517557487
02,beta_log,1,1001,clipped_ips,,1.6080087476602787,0.6994486835701762,0.7153918288961995,0.8224395517557487,2.6469413369012913,0.0,0.8412703516389894
02,beta_log,1,1001,dr,,nan,0.7106060372615965,0.7153918288961995,0.8224395517557487,2.6469413369012913,0.0,0.8224395517557487
02,beta_log,1,1001,switch_dr,,1.7865268235606344,0.7085871877049846,0.7153918288961995,0.8224395517557487,2.6469413369012913,0.0,0.7957125892156435
02,beta_log,1,1001,dros,,2.5856921325519777,0.7009783176497497,0.7153918288961995,0.8224395517557487,2.6469413369012913,0.0,0.9353303888054736
02,beta_log,1,1002,dm,,nan,0.6957544468707243,0.7153918288961995,0.823410421387478,2.7283552112772056,0.0,nan
02,beta_log,1,1002,ips,,nan,0.7257933250708798,0.7153918288961995,0.823410421387478,2.7283552112772056,0.0,0.823410421387478
02,beta_log,1,1002,snips,,nan,0.7240383146714857,0.7153918288961995,0.823410421387478,2.7283552112772056,0.0,0.823410421387478
02,beta_log,1,1002,clipped_ips,,1.6071293944061085,0.7061735794853418,0.7153918288961995,0.823410421387478,2.7283552112772056,0.0,0.8416940651534435
02,beta_log,1,1002,dr,,nan,0.7224260891529402,0.7153918288961995,0.823410421387478,2.7283552112772056,0.0,0.823410421387478
02,beta_log,1,1002,switch_dr,,1.7767152164922335,0.719865216107134,0.7153918288961995,0.823410421387478,2.7283552112772056,0.0,0.7964769679666852
02,beta_log,1,1002,dros,,2.582864890364145,0.7097861222695081,0.7153918288961995,0.823410421387478,2.7283552112772056,0.0,0.9360069151178215
02,beta_log,1,1003,dm,,nan,0.6951055705886715,0.7153918288961995,0.8223336389227294,2.6243198699708756,0.0,nan
02,beta_log,1,1003,ips,,nan,0.716858807270425,0.7153918288961995,0.8223336389227294,2.6243198699708756,0.0,0.8223336389227294
02,beta_log,1,1003,snips,,nan,0.7176488613431843,0.7153918288961995,0.8223336389227294,2.6243198699708756,0.0,0.8223336389227294
02,beta_log,1,1003,clipped_ips,,1.6036259350997761,0.6973353836893097,0.7153918288961995,0.8223336389227294,2.6243198699708756,0.0,0.8404950457114967
02,beta_log,1,1003,dr,,nan,0.7172946230381441,0.7153918288961995,0.8223336389227294,2.6243198699708756,0.0,0.8223336389227294
02,beta_log,1,1003,switch_dr,,1.7572037249990058,0.7152969531447749,0.7153918288961995,0.8223336389227294,2.6243198699708756,0.0,0.7955096341923789
02,beta_log,1,1003,dros,,2.5716161397246315,0.7060983522839275,0.7153918288961995,0.8223336389227294,2.6243198699708756,0.0,0.9352294607597694
02,beta_log,1,1004,dm,,nan,0.6936586772927706,0.7153918288961995,0.819310816178653,2.695371868291286,0.0,nan
02,beta_log,1,1004,ips,,nan,0.7131351989004544,0.7153918288961995,0.819310816178653,2.695371868291286,0.0,0.819310816178653
02,beta_log,1,1004,snips,,nan,0.7182701601835201,0.7153918288961995,0.819310816178653,2.695371868291286,0.0,0.819310816178653
02,beta_log,1,1004,clipped_ips,,1.6031731775479277,0.692978445816759,0.7153918288961995,0.819310816178653,2.695371868291286,0.0,0.8383505916424759
02,beta_log,1,1004,dr,,nan,0.7200416489755378,0.7153918288961995,0.819310816178653,2.695371868291286,0.0,0.819310816178653
02,beta_log,1,1004,switch_dr,,1.7681012280116208,0.7132234254226298,0.7153918288961995,0.819310816178653,2.695371868291286,0.0,0.7933763896969148
02,beta_log,1,1004,dros,,2.570164237209119,0.7060794172262653,0.7153918288961995,0.819310816178653,2.695371868291286,0.0,0.9343622965200055
02,beta_log,1,1005,dm,,nan,0.6930386271315275,0.7153918288961995,0.8221100634278397,2.7249456443152873,0.0,nan
02,beta_log,1,1005,ips,,nan,0.6880660452143513,0.7153918288961995,0.8221100634278397,2.7249456443152873,0.0,0.8221100634278397
02,beta_log,1,1005,snips,,nan,0.6954805433563914,0.7153918288961995,0.8221100634278397,2.7249456443152873,0.0,0.8221100634278397
02,beta_log,1,1005,clipped_ips,,1.595445442031978,0.6678559366315208,0.7153918288961995,0.8221100634278397,2.7249456443152873,0.0,0.8409232467633626
02,beta_log,1,1005,dr,,nan,0.7002430679947942,0.7153918288961995,0.8221100634278397,2.7249456443152873,0.0,0.8221100634278397
02,beta_log,1,1005,switch_dr,,1.752174729525164,0.6933062933396009,0.7153918288961995,0.8221100634278397,2.7249456443152873,0.0,0.7962643188064293
02,beta_log,1,1005,dros,,2.545446158500613,0.6928254870597268,0.7153918288961995,0.8221100634278397,2.7249456443152873,0.0,0.9360121349348581
02,beta_log,1,1006,dm,,nan,0.6924331064300114,0.7153918288961995,0.8215556523830606,2.7816950771725657,0.0,nan
02,beta_log,1,1006,ips,,nan,0.711400834710385,0.7153918288961995,0.8215556523830606,2.7816950771725657,0.0,0.8215556523830606
02,beta_log,1,1006,snips,,nan,0.7139796540681621,0.7153918288961995,0.8215556523830606,2.7816950771725657,0.0,0.8215556523830606
02,beta_log,1,1006,clipped_ips,,1.60539226442668,0.6917767811301277,0.7153918288961995,0.8215556523830606,2.7816950771725657,0.0,0.8390829648496603
02,beta_log,1,1006,dr,,nan,0.7150293965765565,0.7153918288961995,0.8215556523830606,2.7816950771725657,0.0,0.8215556523830606
02,beta_log,1,1006,switch_dr,,1.7662237306327235,0.7046258501434908,0.7153918288961995,0.8215556523830606,2.7816950771725657,0.0,0.7941922282259025
02,beta_log,1,1006,dros,,2.5772843226810234,0.7023047013616444,0.7153918288961995,0.8215556523830606,2.7816950771725657,0.0,0.9343134004755804
02,beta_log,1,1007,dm,,nan,0.6938058926537315,0.7153918288961995,0.8258506289370565,2.7567184545270265,0.0,nan
02,beta_log,1,1007,ips,,nan,0.7328504454700852,0.7153918288961995,0.8258506289370565,2.7567184545270265,0.0,0.8258506289370565
02,beta_log,1,1007,snips,,nan,0.7264237942199154,0.7153918288961995,0.8258506289370565,2.7567184545270265,0.0,0.8258506289370565
02,beta_log,1,1007,clipped_ips,,1.615483201456399,0.7123605408704835,0.7153918288961995,0.8258506289370565,2.7567184545270265,0.0,0.843770517742748
02,beta_log,1,1007,dr,,nan,0.7235770261405555,0.7153918288961995,0.8258506289370565,2.7567184545270265,0.0,0.8258506289370565
02,beta_log,1,1007,switch_dr,,1.7699849492956456,0.7141145152955174,0.7153918288961995,0.8258506289370565,2.7567184545270265,0.0,0.7990733334983514
02,beta_log,1,1007,dros,,2.6097859741878158,0.7083749690394228,0.7153918288961995,0.8258506289370565,2.7567184545270265,0.0,0.9369269516151939
02,beta_log,1,1008,dm,,nan,0.6941399543912707,0.7153918288961995,0.821790946665722,2.826175132303068,0.0,nan
02,beta_log,1,1008,ips,,nan,0.7177359352880303,0.7153918288961995,0.821790946665722,2.826175132303068,0.0,0.821790946665722
02,beta_log,1,1008,snips,,nan,0.7239274020138748,0.7153918288961995,0.821790946665722,2.826175132303068,0.0,0.821790946665722
02,beta_log,1,1008,clipped_ips,,1.6048677901213944,0.6988131799090089,0.7153918288961995,0.821790946665722,2.826175132303068,0.0,0.8399796816820077
02,beta_log,1,1008,dr,,nan,0.7268851803685252,0.7153918288961995,0.821790946665722,2.826175132303068,0.0,0.821790946665722
02,beta_log,1,1008,switch_dr,,1.7552643111892794,0.7224328391274606,0.7153918288961995,0.821790946665722,2.826175132303068,0.0,0.795465301304856
02,beta_log,1,1008,dros,,2.575600623769128,0.7115926495281729,0.7153918288961995,0.821790946665722,2.826175132303068,0.0,0.9352749561482142
02,beta_log,1,1009,dm,,nan,0.6927295403702923,0.7153918288961995,0.8214035973554094,2.861524305471142,0.0,nan
02,beta_log,1,1009,ips,,nan,0.7068495386169857,0.7153918288961995,0.8214035973554094,2.861524305471142,0.0,0.8214035973554094
02,beta_log,1,1009,snips,,nan,0.7097540782292313,0.7153918288961995,0.8214035973554094,2.861524305471142,0.0,0.8214035973554094
02,beta_log,1,1009,clipped_ips,,1.5955992622566462,0.6868832058359774,0.7153918288961995,0.8214035973554094,2.861524305471142,0.0,0.8403501291217755
02,beta_log,1,1009,dr,,nan,0.7105567251010733,0.7153918288961995,0.8214035973554094,2.861524305471142,0.0,0.8214035973554094
02,beta_log,1,1009,switch_dr,,1.7628842592316296,0.7063922020622618,0.7153918288961995,0.8214035973554094,2.861524305471142,0.0,0.795157732774963
02,beta_log,1,1009,dros,,2.5459370057139536,0.7007910786628664,0.7153918288961995,0.8214035973554094,2.861524305471142,0.0,0.9349317884570739
02,beta_log,1,1010,dm,,nan,0.6934092517159707,0.7153918288961995,0.8219752977448285,2.722305948491597,0.0,nan
02,beta_log,1,1010,ips,,nan,0.7130906536758091,0.7153918288961995,0.8219752977448285,2.722305948491597,0.0,0.8219752977448285
02,beta_log,1,1010,snips,,nan,0.7137813281397027,0.7153918288961995,0.8219752977448285,2.722305948491597,0.0,0.8219752977448285
02,beta_log,1,1010,clipped_ips,,1.609212082524281,0.6937710062644921,0.7153918288961995,0.8219752977448285,2.722305948491597,0.0,0.840928936286457
02,beta_log,1,1010,dr,,nan,0.7147023413868494,0.7153918288961995,0.8219752977448285,2.722305948491597,0.0,0.8219752977448285
02,beta_log,1,1010,switch_dr,,1.7802814111562482,0.7132026267574697,0.7153918288961995,0.8219752977448285,2.722305948491597,0.0,0.7960452060518932
02,beta_log,1,1010,dros,,2.5895635265421335,0.7052261110380937,0.7153918288961995,0.8219752977448285,2.722305948491597,0.0,0.9358861049354382
02,beta_log,1,1011,dm,,nan,0.6948805225766604,0.7153918288961995,0.8237656048942888,2.6094035360603445,0.0,nan
02,beta_log,1,1011,ips,,nan,0.7109609153309114,0.7153918288961995,0.8237656048942888,2.6094035360603445,0.0,0.8237656048942888
02,beta_log,1,1011,snips,,nan,0.712042419138169,0.7153918288961995,0.8237656048942888,2.6094035360603445,0.0,0.8237656048942888
02,beta_log,1,1011,clipped_ips,,1.601722464585634,0.6926728116762204,0.7153918288961995,0.8237656048942888,2.6094035360603445,0.0,0.8420914401795029
02,beta_log,1,1011,dr,,nan,0.7122581760088391,0.7153918288961995,0.8237656048942888,2.6094035360603445,0.0,0.8237656048942888
02,beta_log,1,1011,switch_dr,,1.774841434193752,0.7142857553383459,0.7153918288961995,0.8237656048942888,2.6094035360603445,0.0,0.7969546993613507
02,beta_log,1,1011,dros,,2.5655148535582777,0.7039072867892249,0.7153918288961995,0.8237656048942888,2.6094035360603445,0.0,0.9363122144952746
02,beta_log,1,1012,dm,,nan,0.6944896621525134,0.7153918288961995,0.8243721421584426,2.8002006371836776,0.0,nan
02,beta_log,1,1012,ips,,nan,0.7324041185555817,0.7153918288961995,0.8243721421584426,2.8002006371836776,0.0,0.8243721421584426
02,beta_log,1,1012,snips,,nan,0.7279127302929711,0.7153918288961995,0.8243721421584426,2.8002006371836776,0.0,0.8243721421584426
02,beta_log,1,1012,clipped_ips,,1.6183797164497615,0.7133326621414833,0.7153918288961995,0.8243721421584426,2.8002006371836776,0.0,0.8421373958081877
02,beta_log,1,1012,dr,,nan,0.7264042828919397,0.7153918288961995,0.8243721421584426,2.8002006371836776,0.0,0.8243721421584426
02,beta_log,1,1012,switch_dr,,1.7701411328278225,0.72145924747379,0.7153918288961995,0.8243721421584426,2.8002006371836776,0.0,0.7974482965998347
02,beta_log,1,1012,dros,,2.6191529066160104,0.7115403577271739,0.7153918288961995,0.8243721421584426,2.8002006371836776,0.0,0.9358107178665361
02,beta_log,1,1013,dm,,nan,0.6941379332524861,0.7153918288961995,0.8206724478968336,2.7484415486823215,0.0,nan
02,beta_log,1,1013,ips,,nan,0.7087994279989385,0.7153918288961995,0.8206724478968336,2.7484415486823215,0.0,0.8206724478968336
02,beta_log,1,1013,snips,,nan,0.7142705533110842,0.7153918288961995,0.8206724478968336,2.7484415486823215,0.0,0.8206724478968336
02,beta_log,1,1013,clipped_ips,,1.5937281780806416,0.6892665685970519,0.7153918288961995,0.8206724478968336,2.7484415486823215,0.0,0.8392504916290929
02,beta_log,1,1013,dr,,nan,0.7165623490380122,0.7153918288961995,0.8206724478968336,2.7484415486823215,0.0,0.8206724478968336
02,beta_log,1,1013,switch_dr,,1.7578693786934165,0.713446321078387,0.7153918288961995,0.8206724478968336,2.7484415486823215,0.0,0.7941326941875254
02,beta_log,1,1013,dros,,2.539969505608241,0.7052473289912568,0.7153918288961995,0.8206724478968336,2.7484415486823215,0.0,0.9349049515865003
02,beta_log,1,1014,dm,,nan,0.6932807440730274,0.7153918288961995,0.8234480809075789,2.7606571691172337,0.0,nan
02,beta_log,1,1014,ips,,nan,0.7152257346399618,0.7153918288961995,0.8234480809075789,2.7606571691172337,0.0,0.8234480809075789
02,beta_log,1,1014,snips,,nan,0.7149987737103303,0.7153918288961995,0.8234480809075789,2.7606571691172337,0.0,0.8234480809075789
02,beta_log,1,1014,clipped_ips,,1.600124260831455,0.695806043432457,0.7153918288961995,0.8234480809075789,2.7606571691172337,0.0,0.8416473678097491
02,beta_log,1,1014,dr,,nan,0.7150935802877826,0.7153918288961995,0.8234480809075789,2.7606571691172337,0.0,0.8234480809075789
02,beta_log,1,1014,switch_dr,,1.7739793877440118,0.7116649906665208,0.7153918288961995,0.8234480809075789,2.7606571691172337,0.0,0.7963530644296118
02,beta_log,1,1014,dros,,2.56039765010141,0.7035442588006342,0.7153918288961995,0.8234480809075789,2.7606571691172337,0.0,0.9356061067980268
02,beta_log,1,1015,dm,,nan,0.6930117983022533,0.7153918288961995,0.8226587829028648,2.7977602058443694,0.0,nan
02,beta_log,1,1015,ips,,nan,0.7094190652320173,0.7153918288961995,0.8226587829028648,2.7977602058443694,0.0,0.8226587829028648
02,beta_log,1,1015,snips,,nan,0.710818091193537,0.7153918288961995,0.8226587829028648,2.7977602058443694,0.0,0.8226587829028648
02,beta_log,1,1015,clipped_ips,,1.6073608109228403,0.690285580872394,0.7153918288961995,0.8226587829028648,2.7977602058443694,0.0,0.8405669225776075
02,beta_log,1,1015,dr,,nan,0.7115298711583037,0.7153918288961995,0.8226587829028648,2.7977602058443694,0.0,0.8226587829028648
02,beta_log,1,1015,switch_dr,,1.7599085648286958,0.7059456281705649,0.7153918288961995,0.8226587829028648,2.7977602058443694,0.0,0.7959376418484141
02,beta_log,1,1015,dros,,2.583608776490531,0.7022097418401491,0.7153918288961995,0.8226587829028648,2.7977602058443694,0.0,0.9350701903724801
02,beta_log,1,1016,dm,,nan,0.6962416410726673,0.7153918288961995,0.8225817871717698,2.659992457813516,0.0,nan
02,beta_log,1,1016,ips,,nan,0.7151983157627757,0.7153918288961995,0.8225817871717698,2.659992457813516,0.0,0.8225817871717698
02,beta_log,1,1016,snips,,nan,0.7169473762250494,0.7153918288961995,0.8225817871717698,2.659992457813516,0.0,0.8225817871717698
02,beta_log,1,1016,clipped_ips,,1.6053768486418096,0.6958247116219464,0.7153918288961995,0.8225817871717698,2.659992457813516,0.0,0.8412101965216572
02,beta_log,1,1016,dr,,nan,0.7186942722218267,0.7153918288961995,0.8225817871717698,2.659992457813516,0.0,0.8225817871717698
02,beta_log,1,1016,switch_dr,,1.768398369525428,0.7157981918763642,0.7153918288961995,0.8225817871717698,2.659992457813516,0.0,0.796299161997232
02,beta_log,1,1016,dros,,2.5772348261551077,0.7080984220408577,0.7153918288961995,0.8225817871717698,2.659992457813516,0.0,0.9359250095357547
02,beta_log,1,1017,dm,,nan,0.6929990235095813,0.7153918288961995,0.8223794022710401,2.7369894859967614,0.0,nan
02,beta_log,1,1017,ips,,nan,0.7073512385008729,0.7153918288961995,0.8223794022710401,2.7369894859967614,0.0,0.8223794022710401
02,beta_log,1,1017,snips,,nan,0.7088358340919113,0.7153918288961995,0.8223794022710401,2.7369894859967614,0.0,0.8223794022710401
02,beta_log,1,1017,clipped_ips,,1.6012470320289793,0.686506792055553,0.7153918288961995,0.8223794022710401,2.7369894859967614,0.0,0.8417702644964272
02,beta_log,1,1017,dr,,nan,0.7098156684190856,0.7153918288961995,0.8223794022710401,2.7369894859967614,0.0,0.8223794022710401
02,beta_log,1,1017,switch_dr,,1.7763514969127792,0.7051400759034454,0.7153918288961995,0.8223794022710401,2.7369894859967614,0.0,0.7965532682809126
02,beta_log,1,1017,dros,,2.5639920575816153,0.7002506444442584,0.7153918288961995,0.8223794022710401,2.7369894859967614,0.0,0.9364547657177494
02,beta_log,1,1018,dm,,nan,0.6937551179611569,0.7153918288961995,0.8217891847025852,2.6824339898053178,0.0,nan
02,beta_log,1,1018,ips,,nan,0.7081164930482644,0.7153918288961995,0.8217891847025852,2.6824339898053178,0.0,0.8217891847025852
02,beta_log,1,1018,snips,,nan,0.711295667565787,0.7153918288961995,0.8217891847025852,2.6824339898053178,0.0,0.8217891847025852
02,beta_log,1,1018,clipped_ips,,1.6085346761819477,0.6903666127813952,0.7153918288961995,0.8217891847025852,2.6824339898053178,0.0,0.8392625650282775
02,beta_log,1,1018,dr,,nan,0.7119310967927506,0.7153918288961995,0.8217891847025852,2.6824339898053178,0.0,0.8217891847025852
02,beta_log,1,1018,switch_dr,,1.7605193521366975,0.7126320014823057,0.7153918288961995,0.8217891847025852,2.6824339898053178,0.0,0.7946558713023014
02,beta_log,1,1018,dros,,2.5873838044797632,0.7020447428769819,0.7153918288961995,0.8217891847025852,2.6824339898053178,0.0,0.9344901163537827
02,beta_log,1,1019,dm,,nan,0.6955462597736317,0.7153918288961995,0.8225407379517432,2.6834092714751745,0.0,nan
02,beta_log,1,1019,ips,,nan,0.7255044612859601,0.7153918288961995,0.8225407379517432,2.6834092714751745,0.0,0.8225407379517432
02,beta_log,1,1019,snips,,nan,0.7261924240601392,0.7153918288961995,0.8225407379517432,2.6834092714751745,0.0,0.8225407379517432
02,beta_log,1,1019,clipped_ips,,1.599101346662428,0.7054863704093209,0.7153918288961995,0.8225407379517432,2.6834092714751745,0.0,0.8405183610054255
02,beta_log,1,1019,dr,,nan,0.7258684358026054,0.7153918288961995,0.8225407379517432,2.6834092714751745,0.0,0.8225407379517432
02,beta_log,1,1019,switch_dr,,1.7682390104771528,0.7184005887838657,0.7153918288961995,0.8225407379517432,2.6834092714751745,0.0,0.794999807136905
02,beta_log,1,1019,dros,,2.557125116897591,0.71141190235326,0.7153918288961995,0.8225407379517432,2.6834092714751745,0.0,0.935086152912304
02,beta_log,1,1020,dm,,nan,0.6949391005188121,0.7153918288961995,0.8254688010991161,2.77163260283928,0.0,nan
02,beta_log,1,1020,ips,,nan,0.7094839609355684,0.7153918288961995,0.8254688010991161,2.77163260283928,0.0,0.8254688010991161
02,beta_log,1,1020,snips,,nan,0.7084306708560817,0.7153918288961995,0.8254688010991161,2.77163260283928,0.0,0.8254688010991161
02,beta_log,1,1020,clipped_ips,,1.5995193263615712,0.6904750452101731,0.7153918288961995,0.8254688010991161,2.77163260283928,0.0,0.844212353149212
02,beta_log,1,1020,dr,,nan,0.7086634004584773,0.7153918288961995,0.8254688010991161,2.77163260283928,0.0,0.8254688010991161
02,beta_log,1,1020,switch_dr,,1.7556513348867075,0.7071860989432428,0.7153918288961995,0.8254688010991161,2.77163260283928,0.0,0.7993201650795261
02,beta_log,1,1020,dros,,2.5584620754041745,0.7016315232446708,0.7153918288961995,0.8254688010991161,2.77163260283928,0.0,0.9374954873077092
02,beta_log,1,1021,dm,,nan,0.6934494920853139,0.7153918288961995,0.8243698836415462,2.636536163563298,0.0,nan
02,beta_log,1,1021,ips,,nan,0.7137495825857116,0.7153918288961995,0.8243698836415462,2.636536163563298,0.0,0.8243698836415462
02,beta_log,1,1021,snips,,nan,0.7156982378769428,0.7153918288961995,0.8243698836415462,2.636536163563298,0.0,0.8243698836415462
02,beta_log,1,1021,clipped_ips,,1.5948663118256337,0.693899307946322,0.7153918288961995,0.8243698836415462,2.636536163563298,0.0,0.842882134497844
02,beta_log,1,1021,dr,,nan,0.7166645532275658,0.7153918288961995,0.8243698836415462,2.636536163563298,0.0,0.8243698836415462
02,beta_log,1,1021,switch_dr,,1.7616081299132114,0.7126033591963244,0.7153918288961995,0.8243698836415462,2.636536163563298,0.0,0.7976160242313219
02,beta_log,1,1021,dros,,2.543598552596299,0.7051112569607604,0.7153918288961995,0.8243698836415462,2.636536163563298,0.0,0.9369452384943866
02,beta_log,1,1022,dm,,nan,0.6953662502964467,0.7153918288961995,0.8199502651793489,2.73624175502337,0.0,nan
02,beta_log,1,1022,ips,,nan,0.7168135556501501,0.7153918288961995,0.8199502651793489,2.73624175502337,0.0,0.8199502651793489
02,beta_log,1,1022,snips,,nan,0.7162328685435814,0.7153918288961995,0.8199502651793489,2.73624175502337,0.0,0.8199502651793489
02,beta_log,1,1022,clipped_ips,,1.6241463188546799,0.6972152253410668,0.7153918288961995,0.8199502651793489,2.73624175502337,0.0,0.8384858079677486
02,beta_log,1,1022,dr,,nan,0.7153120684342515,0.7153918288961995,0.8199502651793489,2.73624175502337,0.0,0.8199502651793489
02,beta_log,1,1022,switch_dr,,1.778726260662016,0.7106537522042439,0.7153918288961995,0.8199502651793489,2.73624175502337,0.0,0.7939728176803186
02,beta_log,1,1022,dros,,2.6378512650492074,0.7041797226896345,0.7153918288961995,0.8199502651793489,2.73624175502337,0.0,0.9343708586653423
02,beta_log,1,1023,dm,,nan,0.6944141003199898,0.7153918288961995,0.8229717845016803,2.6890500967456616,0.0,nan
02,beta_log,1,1023,ips,,nan,0.7141825023041836,0.7153918288961995,0.8229717845016803,2.6890500967456616,0.0,0.8229717845016803
02,beta_log,1,1023,snips,,nan,0.7186263697251607,0.7153918288961995,0.8229717845016803,2.6890500967456616,0.0,0.8229717845016803
02,beta_log,1,1023,clipped_ips,,1.6063259706458264,0.6952752265921208,0.7153918288961995,0.8229717845016803,2.6890500967456616,0.0,0.8405528182537823
02,beta_log,1,1023,dr,,nan,0.7214000749446638,0.7153918288961995,0.8229717845016803,2.6890500967456616,0.0,0.8229717845016803
02,beta_log,1,1023,switch_dr,,1.7552751547552483,0.7153640311956985,0.7153918288961995,0.8229717845016803,2.6890500967456616,0.0,0.7961132930663123
02,beta_log,1,1023,dros,,2.5802831239712565,0.7072472556244304,0.7153918288961995,0.8229717845016803,2.6890500967456616,0.0,0.9358006114064347
02,beta_log,1,1024,dm,,nan,0.6924258740815692,0.7153918288961995,0.8235285480252138,2.7855716839645988,0.0,nan
02,beta_log,1,1024,ips,,nan,0.7168552433214215,0.7153918288961995,0.8235285480252138,2.7855716839645988,0.0,0.8235285480252138
02,beta_log,1,1024,snips,,nan,0.7146448002261487,0.7153918288961995,0.8235285480252138,2.7855716839645988,0.0,0.8235285480252138
02,beta_log,1,1024,clipped_ips,,1.6104018096266268,0.6978286047102968,0.7153918288961995,0.8235285480252138,2.7855716839645988,0.0,0.8416494641341953
02,beta_log,1,1024,dr,,nan,0.7135608779301519,0.7153918288961995,0.8235285480252138,2.7855716839645988,0.0,0.8235285480252138
02,beta_log,1,1024,switch_dr,,1.7730001665384143,0.7094572719338722,0.7153918288961995,0.8235285480252138,2.7855716839645988,0.0,0.796600262395923
02,beta_log,1,1024,dros,,2.5933939884487143,0.702384154543787,0.7153918288961995,0.8235285480252138,2.7855716839645988,0.0,0.9360750659896243
02,beta_log,1,1025,dm,,nan,0.6924870387502547,0.7153918288961995,0.8246237826896943,2.823939673108736,0.0,nan
02,beta_log,1,1025,ips,,nan,0.7107199980610832,0.7153918288961995,0.8246237826896943,2.823939673108736,0.0,0.8246237826896943
02,beta_log,1,1025,snips,,nan,0.7120229691158014,0.7153918288961995,0.8246237826896943,2.823939673108736,0.0,0.8246237826896943
02,beta_log,1,1025,clipped_ips,,1.5971828041592202,0.6910228768266484,0.7153918288961995,0.8246237826896943,2.823939673108736,0.0,0.8431256189907741
02,beta_log,1,1025,dr,,nan,0.7122310850091265,0.7153918288961995,0.8246237826896943,2.823939673108736,0.0,0.8246237826896943
02,beta_log,1,1025,switch_dr,,1.7639489095019587,0.7071499066245087,0.7153918288961995,0.8246237826896943,2.823939673108736,0.0,0.7980241793943881
02,beta_log,1,1025,dros,,2.5509929099019097,0.7023090603244488,0.7153918288961995,0.8246237826896943,2.823939673108736,0.0,0.936937426861352
02,beta_log,1,1026,dm,,nan,0.6926846985894299,0.7153918288961995,0.8215930460341793,2.650994650035015,0.0,nan
02,beta_log,1,1026,ips,,nan,0.7142678064871668,0.7153918288961995,0.8215930460341793,2.650994650035015,0.0,0.8215930460341793
02,beta_log,1,1026,snips,,nan,0.7162381837285491,0.7153918288961995,0.8215930460341793,2.650994650035015,0.0,0.8215930460341793
02,beta_log,1,1026,clipped_ips,,1.6057411671296726,0.6945426449065703,0.7153918288961995,0.8215930460341793,2.650994650035015,0.0,0.8400658228511615
02,beta_log,1,1026,dr,,nan,0.7167862671122158,0.7153918288961995,0.8215930460341793,2.650994650035015,0.0,0.8215930460341793
02,beta_log,1,1026,switch_dr,,1.769876896489521,0.7131331383301529,0.7153918288961995,0.8215930460341793,2.650994650035015,0.0,0.795156234977039
02,beta_log,1,1026,dros,,2.5784046958149633,0.7046564065896751,0.7153918288961995,0.8215930460341793,2.650994650035015,0.0,0.935041869628608
02,beta_log,1,1027,dm,,nan,0.694932822567693,0.7153918288961995,0.8236854922943061,2.738974478613482,0.0,nan
02,beta_log,1,1027,ips,,nan,0.7142068549448589,0.7153918288961995,0.8236854922943061,2.738974478613482,0.0,0.8236854922943061
02,beta_log,1,1027,snips,,nan,0.71429153618723,0.7153918288961995,0.8236854922943061,2.738974478613482,0.0,0.8236854922943061
02,beta_log,1,1027,clipped_ips,,1.6042379135252638,0.6943417200672587,0.7153918288961995,0.8236854922943061,2.738974478613482,0.0,0.8424761332044842
02,beta_log,1,1027,dr,,nan,0.7141683120802648,0.7153918288961995,0.8236854922943061,2.738974478613482,0.0,0.8236854922943061
02,beta_log,1,1027,switch_dr,,1.7574005210067738,0.7103777203719419,0.7153918288961995,0.8236854922943061,2.738974478613482,0.0,0.7977352296213375
02,beta_log,1,1027,dros,,2.5735792831918918,0.703456672644108,0.7153918288961995,0.8236854922943061,2.738974478613482,0.0,0.9365190698614526
02,beta_log,1,1028,dm,,nan,0.6931840083551081,0.7153918288961995,0.8202568385979723,2.8907118974330017,0.0,nan
02,beta_log,1,1028,ips,,nan,0.7116510993582873,0.7153918288961995,0.8202568385979723,2.8907118974330017,0.0,0.8202568385979723
02,beta_log,1,1028,snips,,nan,0.7164979527994573,0.7153918288961995,0.8202568385979723,2.8907118974330017,0.0,0.8202568385979723
02,beta_log,1,1028,clipped_ips,,1.6111530005198702,0.6929449130950894,0.7153918288961995,0.8202568385979723,2.8907118974330017,0.0,0.837909993618219
02,beta_log,1,1028,dr,,nan,0.718170069534311,0.7153918288961995,0.8202568385979723,2.8907118974330017,0.0,0.8202568385979723
02,beta_log,1,1028,switch_dr,,1.759288702750439,0.7129448054712948,0.7153918288961995,0.8202568385979723,2.8907118974330017,0.0,0.7935938897828692
02,beta_log,1,1028,dros,,2.595813991084181,0.7057996562261096,0.7153918288961995,0.8202568385979723,2.8907118974330017,0.0,0.9338105254257367
02,beta_log,1,1029,dm,,nan,0.6936510889127656,0.7153918288961995,0.8192010368059985,2.788421015369327,0.0,nan
02,beta_log,1,1029,ips,,nan,0.7062346009132426,0.7153918288961995,0.8192010368059985,2.788421015369327,0.0,0.8192010368059985
02,beta_log,1,1029,snips,,nan,0.7083965592194734,0.7153918288961995,0.8192010368059985,2.788421015369327,0.0,0.8192010368059985
02,beta_log,1,1029,clipped_ips,,1.6122527208726927,0.6868131072354772,0.7153918288961995,0.8192010368059985,2.788421015369327,0.0,0.8379249984819178
02,beta_log,1,1029,dr,,nan,0.7087974198657991,0.7153918288961995,0.8192010368059985,2.788421015369327,0.0,0.8192010368059985
02,beta_log,1,1029,switch_dr,,1.7716330218080356,0.7062815377575397,0.7153918288961995,0.8192010368059985,2.788421015369327,0.0,0.7931188145970044
02,beta_log,1,1029,dros,,2.5993588359614006,0.7011623589412747,0.7153918288961995,0.8192010368059985,2.788421015369327,0.0,0.9339795232056036
02,beta_log,1,1030,dm,,nan,0.6959578595535321,0.7153918288961995,0.8211474514185684,2.742948644046735,0.0,nan
02,beta_log,1,1030,ips,,nan,0.7031023258891622,0.7153918288961995,0.8211474514185684,2.742948644046735,0.0,0.8211474514185684
02,beta_log,1,1030,snips,,nan,0.7076669196899931,0.7153918288961995,0.8211474514185684,2.742948644046735,0.0,0.8211474514185684
02,beta_log,1,1030,clipped_ips,,1.6002633437060998,0.6842171483641347,0.7153918288961995,0.8211474514185684,2.742948644046735,0.0,0.8388184205177626
02,beta_log,1,1030,dr,,nan,0.7100590990632404,0.7153918288961995,0.8211474514185684,2.742948644046735,0.0,0.8211474514185684
02,beta_log,1,1030,switch_dr,,1.7538398933633186,0.7055420500707142,0.7153918288961995,0.8211474514185684,2.742948644046735,0.0,0.7939663689028814
02,beta_log,1,1030,dros,,2.560842769209427,0.7001904581083724,0.7153918288961995,0.8211474514185684,2.742948644046735,0.0,0.9349980040835689
02,beta_log,1,1031,dm,,nan,0.6935672007073113,0.7153918288961995,0.8253485611570918,2.720276085651621,0.0,nan
02,beta_log,1,1031,ips,,nan,0.7074303074400117,0.7153918288961995,0.8253485611570918,2.720276085651621,0.0,0.8253485611570918
02,beta_log,1,1031,snips,,nan,0.7080166332504275,0.7153918288961995,0.8253485611570918,2.720276085651621,0.0,0.8253485611570918
02,beta_log,1,1031,clipped_ips,,1.5966348121468865,0.6882396437880663,0.7153918288961995,0.8253485611570918,2.720276085651621,0.0,0.8436932556653214
02,beta_log,1,1031,dr,,nan,0.7094101884231989,0.7153918288961995,0.8253485611570918,2.720276085651621,0.0,0.8253485611570918
02,beta_log,1,1031,switch_dr,,1.7621830688120392,0.70892450347157,0.7153918288961995,0.8253485611570918,2.720276085651621,0.0,0.7985039538384348
02,beta_log,1,1031,dros,,2.5492427233593236,0.7004196981418502,0.7153918288961995,0.8253485611570918,2.720276085651621,0.0,0.9374623451593052
02,beta_log,1,1032,dm,,nan,0.6927234189159213,0.7153918288961995,0.8219874054515074,2.8301572471995535,0.0,nan
02,beta_log,1,1032,ips,,nan,0.7036126841961753,0.7153918288961995,0.8219874054515074,2.8301572471995535,0.0,0.8219874054515074
02,beta_log,1,1032,snips,,nan,0.7059532188835039,0.7153918288961995,0.8219874054515074,2.8301572471995535,0.0,0.8219874054515074
02,beta_log,1,1032,clipped_ips,,1.6033260441397987,0.6843839645046979,0.7153918288961995,0.8219874054515074,2.8301572471995535,0.0,0.8407805693962267
02,beta_log,1,1032,dr,,nan,0.7083661477015739,0.7153918288961995,0.8219874054515074,2.8301572471995535,0.0,0.8219874054515074
02,beta_log,1,1032,switch_dr,,1.7605330281989497,0.7061179968556425,0.7153918288961995,0.8219874054515074,2.8301572471995535,0.0,0.7959270114699052
02,beta_log,1,1032,dros,,2.5706544038169756,0.7004147730974167,0.7153918288961995,0.8219874054515074,2.8301572471995535,0.0,0.9357240683575945
02,beta_log,1,1033,dm,,nan,0.6947514559092304,0.7153918288961995,0.8199341645593405,2.7939511084267,0.0,nan
02,beta_log,1,1033,ips,,nan,0.7129966980336474,0.7153918288961995,0.8199341645593405,2.7939511084267,0.0,0.8199341645593405
02,beta_log,1,1033,snips,,nan,0.7146472570531769,0.7153918288961995,0.8199341645593405,2.7939511084267,0.0,0.8199341645593405
02,beta_log,1,1033,clipped_ips,,1.6146142055646635,0.6930777760751226,0.7153918288961995,0.8199341645593405,2.7939511084267,0.0,0.8385879756513217
02,beta_log,1,1033,dr,,nan,0.7145973810832232,0.7153918288961995,0.8199341645593405,2.7939511084267,0.0,0.8199341645593405
02,beta_log,1,1033,switch_dr,,1.762926701541666,0.7093510142527938,0.7153918288961995,0.8199341645593405,2.7939511084267,0.0,0.7940755181710256
02,beta_log,1,1033,dros,,2.6069790328112097,0.7036780474570724,0.7153918288961995,0.8199341645593405,2.7939511084267,0.0,0.933879587230795
02,beta_log,1,1034,dm,,nan,0.6941634717131772,0.7153918288961995,0.8207187436688171,2.6806060778286995,0.0,nan
02,beta_log,1,1034,ips,,nan,0.720068355088758,0.7153918288961995,0.8207187436688171,2.6806060778286995,0.0,0.8207187436688171
02,beta_log,1,1034,snips,,nan,0.7199686315386443,0.7153918288961995,0.8207187436688171,2.6806060778286995,0.0,0.8207187436688171
02,beta_log,1,1034,clipped_ips,,1.6099355521926355,0.7007029807634053,0.7153918288961995,0.8207187436688171,2.6806060778286995,0.0,0.8384588907239177
02,beta_log,1,1034,dr,,nan,0.719199176233993,0.7153918288961995,0.8207187436688171,2.6806060778286995,0.0,0.8207187436688171
02,beta_log,1,1034,switch_dr,,1.7679136707658645,0.7125353754171021,0.7153918288961995,0.8207187436688171,2.6806060778286995,0.0,0.7936106019510892
02,beta_log,1,1034,dros,,2.5918924822138063,0.7070468701633864,0.7153918288961995,0.8207187436688171,2.6806060778286995,0.0,0.9341086738152354
02,beta_log,1,1035,dm,,nan,0.6936778457121711,0.7153918288961995,0.824883566690984,2.6500145265564803,0.0,nan
02,beta_log,1,1035,ips,,nan,0.7145741157720765,0.7153918288961995,0.824883566690984,2.6500145265564803,0.0,0.824883566690984
02,beta_log,1,1035,snips,,nan,0.7125432442656922,0.7153918288961995,0.824883566690984,2.6500145265564803,0.0,0.824883566690984
02,beta_log,1,1035,clipped_ips,,1.612023443553213,0.6958310063771739,0.7153918288961995,0.824883566690984,2.6500145265564803,0.0,0.8418416362445158
02,beta_log,1,1035,dr,,nan,0.7119592037635393,0.7153918288961995,0.824883566690984,2.6500145265564803,0.0,0.824883566690984
02,beta_log,1,1035,switch_dr,,1.7661719952342945,0.7051471659513621,0.7153918288961995,0.824883566690984,2.6500145265564803,0.0,0.7970138255503344
02,beta_log,1,1035,dros,,2.598619582565159,0.7019153685086532,0.7153918288961995,0.824883566690984,2.6500145265564803,0.0,0.9358459274696092
02,beta_log,1,1036,dm,,nan,0.693694299662431,0.7153918288961995,0.8236944553987907,2.6766305721550845,0.0,nan
02,beta_log,1,1036,ips,,nan,0.7117370269600858,0.7153918288961995,0.8236944553987907,2.6766305721550845,0.0,0.8236944553987907
02,beta_log,1,1036,snips,,nan,0.7128638141565221,0.7153918288961995,0.8236944553987907,2.6766305721550845,0.0,0.8236944553987907
02,beta_log,1,1036,clipped_ips,,1.6027869729454916,0.6925777617587972,0.7153918288961995,0.8236944553987907,2.6766305721550845,0.0,0.8429543428359628
02,beta_log,1,1036,dr,,nan,0.7141574336450337,0.7153918288961995,0.8236944553987907,2.6766305721550845,0.0,0.8236944553987907
02,beta_log,1,1036,switch_dr,,1.7689707310401883,0.7144554294380193,0.7153918288961995,0.8236944553987907,2.6766305721550845,0.0,0.7980203217746832
02,beta_log,1,1036,dros,,2.568926080643772,0.7048389119786743,0.7153918288961995,0.8236944553987907,2.6766305721550845,0.0,0.9366644876932493
02,beta_log,1,1037,dm,,nan,0.6935709830984859,0.7153918288961995,0.8243456997468819,2.7303680767642278,0.0,nan
02,beta_log,1,1037,ips,,nan,0.6951750528666999,0.7153918288961995,0.8243456997468819,2.7303680767642278,0.0,0.8243456997468819
02,beta_log,1,1037,snips,,nan,0.6992171833646915,0.7153918288961995,0.8243456997468819,2.7303680767642278,0.0,0.8243456997468819
02,beta_log,1,1037,clipped_ips,,1.5924782940031852,0.6758264824815651,0.7153918288961995,0.8243456997468819,2.7303680767642278,0.0,0.8430587542312254
02,beta_log,1,1037,dr,,nan,0.7014902295580777,0.7153918288961995,0.8243456997468819,2.7303680767642278,0.0,0.8243456997468819
02,beta_log,1,1037,switch_dr,,1.7592872711857659,0.6987888423960333,0.7153918288961995,0.8243456997468819,2.7303680767642278,0.0,0.7980632493765207
02,beta_log,1,1037,dros,,2.5359871168712953,0.6956323178101766,0.7153918288961995,0.8243456997468819,2.7303680767642278,0.0,0.9371094536658303
02,beta_log,1,1038,dm,,nan,0.6945459142367677,0.7153918288961995,0.8236710912877124,2.727587706350699,0.0,nan
02,beta_log,1,1038,ips,,nan,0.7157711366535258,0.7153918288961995,0.8236710912877124,2.727587706350699,0.0,0.8236710912877124
02,beta_log,1,1038,snips,,nan,0.7140095207009429,0.7153918288961995,0.8236710912877124,2.727587706350699,0.0,0.8236710912877124
02,beta_log,1,1038,clipped_ips,,1.6102115060520517,0.6971781290410136,0.7153918288961995,0.8236710912877124,2.727587706350699,0.0,0.8412632830790792
02,beta_log,1,1038,dr,,nan,0.7125341728885928,0.7153918288961995,0.8236710912877124,2.727587706350699,0.0,0.8236710912877124
02,beta_log,1,1038,switch_dr,,1.7630516024347611,0.7097374223389986,0.7153918288961995,0.8236710912877124,2.727587706350699,0.0,0.7965489511811643
02,beta_log,1,1038,dros,,2.5927810942224165,0.7038207746533021,0.7153918288961995,0.8236710912877124,2.727587706350699,0.0,0.934998833359848
02,beta_log,1,1039,dm,,nan,0.6918953120560825,0.7153918288961995,0.8260998536615718,2.758178435821828,0.0,nan
02,beta_log,1,1039,ips,,nan,0.720544057375292,0.7153918288961995,0.8260998536615718,2.758178435821828,0.0,0.8260998536615718
02,beta_log,1,1039,snips,,nan,0.7188770968558988,0.7153918288961995,0.8260998536615718,2.758178435821828,0.0,0.8260998536615718
02,beta_log,1,1039,clipped_ips,,1.606140072757515,0.7026888284216695,0.7153918288961995,0.8260998536615718,2.758178435821828,0.0,0.8426377951152404
02,beta_log,1,1039,dr,,nan,0.7183139202212926,0.7153918288961995,0.8260998536615718,2.758178435821828,0.0,0.8260998536615718
02,beta_log,1,1039,switch_dr,,1.7551615130981548,0.7146177509567943,0.7153918288961995,0.8260998536615718,2.758178435821828,0.0,0.7978388264190577
02,beta_log,1,1039,dros,,2.5796859333175157,0.7048905422466311,0.7153918288961995,0.8260998536615718,2.758178435821828,0.0,0.9365380231320262
02,beta_log,2,1000,dm,,nan,0.6931789077614771,0.7153918288961995,0.9537973726838344,1.5351601088593085,0.0,nan
02,beta_log,2,1000,ips,,nan,0.7231612683902451,0.7153918288961995,0.9537973726838344,1.5351601088593085,0.0,0.9537973726838344
02,beta_log,2,1000,snips,,nan,0.7223216766826516,0.7153918288961995,0.9537973726838344,1.5351601088593085,0.0,0.9537973726838344
02,beta_log,2,1000,clipped_ips,,1.2563027308545198,0.7168679104461431,0.7153918288961995,0.9537973726838344,1.5351601088593085,0.0,0.9572406007298884
02,beta_log,2,1000,dr,,nan,0.7216801623481954,0.7153918288961995,0.9537973726838344,1.5351601088593085,0.0,0.9537973726838344
02,beta_log,2,1000,switch_dr,,1.3063096323928955,0.7183717626840559,0.7153918288961995,0.9537973726838344,1.5351601088593085,0.0,0.9090816256774293
02,beta_log,2,1000,dros,,1.578296551552524,0.7086745945100855,0.7153918288961995,0.9537973726838344,1.5351601088593085,0.0,0.9936605867472321
02,beta_log,2,1001,dm,,nan,0.6917799949717959,0.7153918288961995,0.9538151040461189,1.5293173456525657,0.0,nan
02,beta_log,2,1001,ips,,nan,0.7165493875918771,0.7153918288961995,0.9538151040461189,1.5293173456525657,0.0,0.9538151040461189
02,beta_log,2,1001,snips,,nan,0.7136874558339991,0.7153918288961995,0.9538151040461189,1.5293173456525657,0.0,0.9538151040461189
02,beta_log,2,1001,clipped_ips,,1.2600626243479316,0.7105799438733336,0.7153918288961995,0.9538151040461189,1.5293173456525657,0.0,0.957114005869733
02,beta_log,2,1001,dr,,nan,0.7107100696694719,0.7153918288961995,0.9538151040461189,1.5293173456525657,0.0,0.9538151040461189
02,beta_log,2,1001,switch_dr,,1.310757626039289,0.7088609914499809,0.7153918288961995,0.9538151040461189,1.5293173456525657,0.0,0.9089537348354847
02,beta_log,2,1001,dros,,1.5877578172785967,0.7015539891914104,0.7153918288961995,0.9538151040461189,1.5293173456525657,0.0,0.9934687631493815
02,beta_log,2,1002,dm,,nan,0.6957544468707243,0.7153918288961995,0.9531540754522665,1.5324910818174513,0.0,nan
02,beta_log,2,1002,ips,,nan,0.724379534131514,0.7153918288961995,0.9531540754522665,1.5324910818174513,0.0,0.9531540754522665
02,beta_log,2,1002,snips,,nan,0.724411069318338,0.7153918288961995,0.9531540754522665,1.5324910818174513,0.0,0.9531540754522665
02,beta_log,2,1002,clipped_ips,,1.2585453304507017,0.7184993871199288,0.7153918288961995,0.9531540754522665,1.5324910818174513,0.0,0.9562898735754947
02,beta_log,2,1002,dr,,nan,0.7240250891502654,0.7153918288961995,0.9531540754522665,1.5324910818174513,0.0,0.9531540754522665
02,beta_log,2,1002,switch_dr,,1.3031146530462876,0.7198736511520852,0.7153918288961995,0.9531540754522665,1.5324910818174513,0.0,0.9081993104664765
02,beta_log,2,1002,dros,,1.583936348799266,0.710425020463645,0.7153918288961995,0.9531540754522665,1.5324910818174513,0.0,0.9933251771713542
02,beta_log,2,1003,dm,,nan,0.6951055705886715,0.7153918288961995,0.9536768387085063,1.529202127783597,0.0,nan
02,beta_log,2,1003,ips,,nan,0.7214160329014392,0.7153918288961995,0.9536768387085063,1.529202127783597,0.0,0.9536768387085063
02,beta_log,2,1003,snips,,nan,0.720334265381659,0.7153918288961995,0.9536768387085063,1.529202127783597,0.0,0.9536768387085063
02,beta_log,2,1003,clipped_ips,,1.2561134096614128,0.715593784740421,0.7153918288961995,0.9536768387085063,1.529202127783597,0.0,0.9567940287390284
02,beta_log,2,1003,dr,,nan,0.7190610703397615,0.7153918288961995,0.9536768387085063,1.529202127783597,0.0,0.9536768387085063
02,beta_log,2,1003,switch_dr,,1.3025842602403113,0.7163502755159918,0.7153918288961995,0.9536768387085063,1.529202127783597,0.0,0.9086152961380796
02,beta_log,2,1003,dros,,1.5778208979312203,0.7072911077340087,0.7153918288961995,0.9536768387085063,1.529202127783597,0.0,0.9934630201573631
02,beta_log,2,1004,dm,,nan,0.6936586772927706,0.7153918288961995,0.9534326185759427,1.539380288220668,0.0,nan
02,beta_log,2,1004,ips,,nan,0.7211836755625797,0.7153918288961995,0.9534326185759427,1.539380288220668,0.0,0.9534326185759427
02,beta_log,2,1004,snips,,nan,0.7195756524040808,0.7153918288961995,0.9534326185759427,1.539380288220668,0.0,0.9534326185759427
02,beta_log,2,1004,clipped_ips,,1.257637152735169,0.7151777715528614,0.7153918288961995,0.9534326185759427,1.539380288220668,0.0,0.9567657878949136
02,beta_log,2,1004,dr,,nan,0.7176110921623283,0.7153918288961995,0.9534326185759427,1.539380288220668,0.0,0.9534326185759427
02,beta_log,2,1004,switch_dr,,1.3044716255857034,0.7138819038339371,0.7153918288961995,0.9534326185759427,1.539380288220668,0.0,0.9085852153768715
02,beta_log,2,1004,dros,,1.581651207939823,0.7055588963188423,0.7153918288961995,0.9534326185759427,1.539380288220668,0.0,0.9934993817680065
02,beta_log,2,1005,dm,,nan,0.6930386271315275,0.7153918288961995,0.9528828324845041,1.5358749437039307,0.0,nan
02,beta_log,2,1005,ips,,nan,0.6907631244136764,0.7153918288961995,0.9528828324845041,1.5358749437039307,0.0,0.9528828324845041
02,beta_log,2,1005,snips,,nan,0.6939754468129805,0.7153918288961995,0.9528828324845041,1.5358749437039307,0.0,0.9528828324845041
02,beta_log,2,1005,clipped_ips,,1.2534342410557084,0.6845861250254911,0.7153918288961995,0.9528828324845041,1.5358749437039307,0.0,0.9562042042875881
02,beta_log,2,1005,dr,,nan,0.6978907357765635,0.7153918288961995,0.9528828324845041,1.5358749437039307,0.0,0.9528828324845041
02,beta_log,2,1005,switch_dr,,1.3027787926996879,0.6936746258734569,0.7153918288961995,0.9528828324845041,1.5358749437039307,0.0,0.9081001017711428
02,beta_log,2,1005,dros,,1.5710973966508999,0.693763583969377,0.7153918288961995,0.9528828324845041,1.5358749437039307,0.0,0.9934031802214731
02,beta_log,2,1006,dm,,nan,0.6924331064300114,0.7153918288961995,0.9532321361374557,1.54435229752431,0.0,nan
02,beta_log,2,1006,ips,,nan,0.7147200295450329,0.7153918288961995,0.9532321361374557,1.54435229752431,0.0,0.9532321361374557
02,beta_log,2,1006,snips,,nan,0.7144040340238361,0.7153918288961995,0.9532321361374557,1.54435229752431,0.0,0.9532321361374557
02,beta_log,2,1006,clipped_ips,,1.2557862122102554,0.7087589070776613,0.7153918288961995,0.9532321361374557,1.54435229752431,0.0,0.9564183277090217
02,beta_log,2,1006,dr,,nan,0.7140147110823866,0.7153918288961995,0.9532321361374557,1.54435229752431,0.0,0.9532321361374557
02,beta_log,2,1006,switch_dr,,1.3050630482890773,0.7115349382456299,0.7153918288961995,0.9532321361374557,1.54435229752431,0.0,0.9082166374560598
02,beta_log,2,1006,dros,,1.5769990107773808,0.7023608907228966,0.7153918288961995,0.9532321361374557,1.54435229752431,0.0,0.9933977589114176
02,beta_log,2,1007,dm,,nan,0.6938058926537315,0.7153918288961995,0.9546677144182854,1.5432431813832264,0.0,nan
02,beta_log,2,1007,ips,,nan,0.724784563158919,0.7153918288961995,0.9546677144182854,1.5432431813832264,0.0,0.9546677144182854
02,beta_log,2,1007,snips,,nan,0.7225727401208448,0.7153918288961995,0.9546677144182854,1.5432431813832264,0.0,0.9546677144182854
02,beta_log,2,1007,clipped_ips,,1.2565800289282048,0.7183290027245242,0.7153918288961995,0.9546677144182854,1.5432431813832264,0.0,0.957964342402526
02,beta_log,2,1007,dr,,nan,0.7205313360185089,0.7153918288961995,0.9546677144182854,1.5432431813832264,0.0,0.9546677144182854
02,beta_log,2,1007,switch_dr,,1.3056874052437584,0.7149469209781298,0.7153918288961995,0.9546677144182854,1.5432431813832264,0.0,0.9097873998610332
02,beta_log,2,1007,dros,,1.578993369101208,0.7072538470225072,0.7153918288961995,0.9546677144182854,1.5432431813832264,0.0,0.9937475689497227
02,beta_log,2,1008,dm,,nan,0.6941399543912707,0.7153918288961995,0.9530392537346899,1.5401938755813407,0.0,nan
02,beta_log,2,1008,ips,,nan,0.718544870848338,0.7153918288961995,0.9530392537346899,1.5401938755813407,0.0,0.9530392537346899
02,beta_log,2,1008,snips,,nan,0.7215976655719594,0.7153918288961995,0.9530392537346899,1.5401938755813407,0.0,0.9530392537346899
02,beta_log,2,1008,clipped_ips,,1.2528731340569168,0.7127303004016039,0.7153918288961995,0.9530392537346899,1.5401938755813407,0.0,0.9563022804729453
02,beta_log,2,1008,dr,,nan,0.7251029327090354,0.7153918288961995,0.9530392537346899,1.5401938755813407,0.0,0.9530392537346899
02,beta_log,2,1008,switch_dr,,1.2989929730289025,0.7231549355109153,0.7153918288961995,0.9530392537346899,1.5401938755813407,0.0,0.9082008152235985
02,beta_log,2,1008,dros,,1.569691090041601,0.7105284960338978,0.7153918288961995,0.9530392537346899,1.5401938755813407,0.0,0.9934073981881356
02,beta_log,2,1009,dm,,nan,0.6927295403702923,0.7153918288961995,0.95320523628054,1.541513316490945,0.0,nan
02,beta_log,2,1009,ips,,nan,0.7099846221614909,0.7153918288961995,0.95320523628054,1.541513316490945,0.0,0.95320523628054
02,beta_log,2,1009,snips,,nan,0.7101409516868199,0.7153918288961995,0.95320523628054,1.541513316490945,0.0,0.95320523628054
02,beta_log,2,1009,clipped_ips,,1.2555314288068458,0.7038217051912918,0.7153918288961995,0.95320523628054,1.541513316490945,0.0,0.9566630523675674
02,beta_log,2,1009,dr,,nan,0.7101714362404807,0.7153918288961995,0.95320523628054,1.541513316490945,0.0,0.95320523628054
02,beta_log,2,1009,switch_dr,,1.3063107112099368,0.7093849853166104,0.7153918288961995,0.95320523628054,1.541513316490945,0.0,0.9084775353746347
02,beta_log,2,1009,dros,,1.5763591687217595,0.7010437396661737,0.7153918288961995,0.95320523628054,1.541513316490945,0.0,0.9933977500056604
02,beta_log,2,1010,dm,,nan,0.6934092517159707,0.7153918288961995,0.9539841416333087,1.5415444895244728,0.0,nan
02,beta_log,2,1010,ips,,nan,0.7210227174825413,0.7153918288961995,0.9539841416333087,1.5415444895244728,0.0,0.9539841416333087
02,beta_log,2,1010,snips,,nan,0.7191024313138988,0.7153918288961995,0.9539841416333087,1.5415444895244728,0.0,0.9539841416333087
02,beta_log,2,1010,clipped_ips,,1.2578842087883997,0.7149904879849196,0.7153918288961995,0.9539841416333087,1.5415444895244728,0.0,0.9573504381409954
02,beta_log,2,1010,dr,,nan,0.717223615153185,0.7153918288961995,0.9539841416333087,1.5415444895244728,0.0,0.9539841416333087
02,beta_log,2,1010,switch_dr,,1.3062820989975759,0.715943270172965,0.7153918288961995,0.9539841416333087,1.5415444895244728,0.0,0.9091600091196096
02,beta_log,2,1010,dros,,1.5822726827192184,0.7058689126066683,0.7153918288961995,0.9539841416333087,1.5415444895244728,0.0,0.9935748768562597
02,beta_log,2,1011,dm,,nan,0.6948805225766604,0.7153918288961995,0.9528337826033949,1.5364128128632464,0.0,nan
02,beta_log,2,1011,ips,,nan,0.7116030447863456,0.7153918288961995,0.9528337826033949,1.5364128128632464,0.0,0.9528337826033949
02,beta_log,2,1011,snips,,nan,0.7132159379616346,0.7153918288961995,0.9528337826033949,1.5364128128632464,0.0,0.9528337826033949
02,beta_log,2,1011,clipped_ips,,1.2556765112178916,0.705759198393302,0.7153918288961995,0.9528337826033949,1.5364128128632464,0.0,0.9562005210319517
02,beta_log,2,1011,dr,,nan,0.7146324190648125,0.7153918288961995,0.9528337826033949,1.5364128128632464,0.0,0.9528337826033949
02,beta_log,2,1011,switch_dr,,1.3065400513500982,0.7145714286588598,0.7153918288961995,0.9528337826033949,1.5364128128632464,0.0,0.9080449707282027
02,beta_log,2,1011,dros,,1.5767235008243359,0.7047118525308997,0.7153918288961995,0.9528337826033949,1.5364128128632464,0.0,0.9932993018570629
02,beta_log,2,1012,dm,,nan,0.6944896621525134,0.7153918288961995,0.9553032780208379,1.5366534226448358,0.0,nan
02,beta_log,2,1012,ips,,nan,0.7343662968976032,0.7153918288961995,0.9553032780208379,1.5366534226448358,0.0,0.9553032780208379
02,beta_log,2,1012,snips,,nan,0.7299082383691825,0.7153918288961995,0.9553032780208379,1.5366534226448358,0.0,0.9553032780208379
02,beta_log,2,1012,clipped_ips,,1.2552359225630059,0.7283500335204596,0.7153918288961995,0.9553032780208379,1.5366534226448358,0.0,0.9585467410872063
02,beta_log,2,1012,dr,,nan,0.7256643193610617,0.7153918288961995,0.9553032780208379,1.5366534226448358,0.0,0.9553032780208379
02,beta_log,2,1012,switch_dr,,1.3056056724689276,0.7225119387214376,0.7153918288961995,0.9553032780208379,1.5366534226448358,0.0,0.9102596490883396
02,beta_log,2,1012,dros,,1.5756172212926005,0.7108319324463629,0.7153918288961995,0.9553032780208379,1.5366534226448358,0.0,0.9938519009235761
02,beta_log,2,1013,dm,,nan,0.6941379332524861,0.7153918288961995,0.9538068592901343,1.5378719651945993,0.0,nan
02,beta_log,2,1013,ips,,nan,0.7207501344732639,0.7153918288961995,0.9538068592901343,1.5378719651945993,0.0,0.9538068592901343
02,beta_log,2,1013,snips,,nan,0.7197680301356605,0.7153918288961995,0.9538068592901343,1.5378719651945993,0.0,0.9538068592901343
02,beta_log,2,1013,clipped_ips,,1.2558416847808551,0.7147502763258381,0.7153918288961995,0.9538068592901343,1.5378719651945993,0.0,0.9570120788090085
02,beta_log,2,1013,dr,,nan,0.718897529746813,0.7153918288961995,0.9538068592901343,1.5378719651945993,0.0,0.9538068592901343
02,beta_log,2,1013,switch_dr,,1.3020746588527423,0.714489533716838,0.7153918288961995,0.9538068592901343,1.5378719651945993,0.0,0.9088591205227416
02,beta_log,2,1013,dros,,1.5771383372332166,0.7061421191443079,0.7153918288961995,0.9538068592901343,1.5378719651945993,0.0,0.9935591177536455
02,beta_log,2,1014,dm,,nan,0.6932807440730274,0.7153918288961995,0.9549082550285113,1.534909181657856,0.0,nan
02,beta_log,2,1014,ips,,nan,0.7185577806076148,0.7153918288961995,0.9549082550285113,1.534909181657856,0.0,0.9549082550285113
02,beta_log,2,1014,snips,,nan,0.7164634353787088,0.7153918288961995,0.9549082550285113,1.534909181657856,0.0,0.9549082550285113
02,beta_log,2,1014,clipped_ips,,1.2551825538147712,0.7126490367847503,0.7153918288961995,0.9549082550285113,1.534909181657856,0.0,0.9581543547755135
02,beta_log,2,1014,dr,,nan,0.7144153499869521,0.7153918288961995,0.9549082550285113,1.534909181657856,0.0,0.9549082550285113
02,beta_log,2,1014,switch_dr,,1.3047150911307173,0.7122439994062588,0.7153918288961995,0.9549082550285113,1.534909181657856,0.0,0.9099245997956469
02,beta_log,2,1014,dros,,1.575483243400971,0.7032243157924669,0.7153918288961995,0.9549082550285113,1.534909181657856,0.0,0.9938309102155101
02,beta_log,2,1015,dm,,nan,0.6930117983022533,0.7153918288961995,0.9525449363360019,1.538637963739416,0.0,nan
02,beta_log,2,1015,ips,,nan,0.710035480401035,0.7153918288961995,0.9525449363360019,1.538637963739416,0.0,0.9525449363360019
02,beta_log,2,1015,snips,,nan,0.711959167169331,0.7153918288961995,0.9525449363360019,1.538637963739416,0.0,0.9525449363360019
02,beta_log,2,1015,clipped_ips,,1.2537255478716542,0.7037235722948468,0.7153918288961995,0.9525449363360019,1.538637963739416,0.0,0.9559154491671735
02,beta_log,2,1015,dr,,nan,0.7140832947016721,0.7153918288961995,0.9525449363360019,1.538637963739416,0.0,0.9525449363360019
02,beta_log,2,1015,switch_dr,,1.3028042733652654,0.7101280766506834,0.7153918288961995,0.9525449363360019,1.538637963739416,0.0,0.9077384318923725
02,beta_log,2,1015,dros,,1.5718277493860795,0.7034388177080702,0.7153918288961995,0.9525449363360019,1.538637963739416,0.0,0.9932451345705282
02,beta_log,2,1016,dm,,nan,0.6962416410726673,0.7153918288961995,0.9519120220590609,1.537486048956928,0.0,nan
02,beta_log,2,1016,ips,,nan,0.7143907105538659,0.7153918288961995,0.9519120220590609,1.537486048956928,0.0,0.9519120220590609
02,beta_log,2,1016,snips,,nan,0.716738055268682,0.7153918288961995,0.9519120220590609,1.537486048956928,0.0,0.9519120220590609
02,beta_log,2,1016,clipped_ips,,1.255135343393338,0.7085768023287647,0.7153918288961995,0.9519120220590609,1.537486048956928,0.0,0.9551509301113463
02,beta_log,2,1016,dr,,nan,0.719266860105716,0.7153918288961995,0.9519120220590609,1.537486048956928,0.0,0.9519120220590609
02,beta_log,2,1016,switch_dr,,1.3021643363194368,0.7157081461806639,0.7153918288961995,0.9519120220590609,1.537486048956928,0.0,0.9070233327479451
02,beta_log,2,1016,dros,,1.5753647302351128,0.7082591929278271,0.7153918288961995,0.9519120220590609,1.537486048956928,0.0,0.9930009613304314
02,beta_log,2,1017,dm,,nan,0.6929990235095813,0.7153918288961995,0.9536340487525243,1.5304550815596216,0.0,nan
02,beta_log,2,1017,ips,,nan,0.7114692444068147,0.7153918288961995,0.9536340487525243,1.5304550815596216,0.0,0.9536340487525243
02,beta_log,2,1017,snips,,nan,0.7114028443784427,0.7153918288961995,0.9536340487525243,1.5304550815596216,0.0,0.9536340487525243
02,beta_log,2,1017,clipped_ips,,1.2572065752342274,0.7053498910513281,0.7153918288961995,0.9536340487525243,1.5304550815596216,0.0,0.9569793365785823
02,beta_log,2,1017,dr,,nan,0.7114336068114712,0.7153918288961995,0.9536340487525243,1.5304550815596216,0.0,0.9536340487525243
02,beta_log,2,1017,switch_dr,,1.306130356401534,0.7087580037400908,0.7153918288961995,0.9536340487525243,1.5304550815596216,0.0,0.9088402630595667
02,beta_log,2,1017,dros,,1.580568372812175,0.7015984312763572,0.7153918288961995,0.9536340487525243,1.5304550815596216,0.0,0.993552075544977
02,beta_log,2,1018,dm,,nan,0.6937551179611569,0.7153918288961995,0.9529818967806035,1.5455661974638664,0.0,nan
02,beta_log,2,1018,ips,,nan,0.7093068768696816,0.7153918288961995,0.9529818967806035,1.5455661974638664,0.0,0.9529818967806035
02,beta_log,2,1018,snips,,nan,0.7101732206457245,0.7153918288961995,0.9529818967806035,1.5455661974638664,0.0,0.9529818967806035
02,beta_log,2,1018,clipped_ips,,1.2570931011004582,0.7036013252889719,0.7153918288961995,0.9529818967806035,1.5455661974638664,0.0,0.9561657771645882
02,beta_log,2,1018,dr,,nan,0.7107685286097616,0.7153918288961995,0.9529818967806035,1.5455661974638664,0.0,0.9529818967806035
02,beta_log,2,1018,switch_dr,,1.3058238604871368,0.7088677358674228,0.7153918288961995,0.9529818967806035,1.5455661974638664,0.0,0.908043394688615
02,beta_log,2,1018,dros,,1.5802830648343669,0.701180753871514,0.7153918288961995,0.9529818967806035,1.5455661974638664,0.0,0.9934051744133999
02,beta_log,2,1019,dm,,nan,0.6955462597736317,0.7153918288961995,0.9528913338308217,1.5343394161303339,0.0,nan
02,beta_log,2,1019,ips,,nan,0.7212204894605823,0.7153918288961995,0.9528913338308217,1.5343394161303339,0.0,0.9528913338308217
02,beta_log,2,1019,snips,,nan,0.722043800504457,0.7153918288961995,0.9528913338308217,1.5343394161303339,0.0,0.9528913338308217
02,beta_log,2,1019,clipped_ips,,1.2564480279817172,0.7153584300006485,0.7153918288961995,0.9528913338308217,1.5343394161303339,0.0,0.9560634624469793
02,beta_log,2,1019,dr,,nan,0.7226980735619489,0.7153918288961995,0.9528913338308217,1.5343394161303339,0.0,0.9528913338308217
02,beta_log,2,1019,switch_dr,,1.3033485881830142,0.717767559695109,0.7153918288961995,0.9528913338308217,1.5343394161303339,0.0,0.9079403474735056
02,beta_log,2,1019,dros,,1.578661647019146,0.7100934172616167,0.7153918288961995,0.9528913338308217,1.5343394161303339,0.0,0.9933455364348786
02,beta_log,2,1020,dm,,nan,0.6949391005188121,0.7153918288961995,0.9537044784416574,1.5415764712267348,0.0,nan
02,beta_log,2,1020,ips,,nan,0.7118625459635141,0.7153918288961995,0.9537044784416574,1.5415764712267348,0.0,0.9537044784416574
02,beta_log,2,1020,snips,,nan,0.7118547453827261,0.7153918288961995,0.9537044784416574,1.5415764712267348,0.0,0.9537044784416574
02,beta_log,2,1020,clipped_ips,,1.2556313825044794,0.7058802960372126,0.7153918288961995,0.9537044784416574,1.5415764712267348,0.0,0.9570393015756785
02,beta_log,2,1020,dr,,nan,0.7119912858519353,0.7153918288961995,0.9537044784416574,1.5415764712267348,0.0,0.9537044784416574
02,beta_log,2,1020,switch_dr,,1.3064494111554763,0.7095300116754044,0.7153918288961995,0.9537044784416574,1.5415764712267348,0.0,0.9088997366680164
02,beta_log,2,1020,dros,,1.5766101687301102,0.7026732961378632,0.7153918288961995,0.9537044784416574,1.5415764712267348,0.0,0.9934796414670986
02,beta_log,2,1021,dm,,nan,0.6934494920853139,0.7153918288961995,0.9536541887363086,1.5417559413041806,0.0,nan
02,beta_log,2,1021,ips,,nan,0.7174859588418067,0.7153918288961995,0.9536541887363086,1.5417559413041806,0.0,0.9536541887363086
02,beta_log,2,1021,snips,,nan,0.7177803441034016,0.7153918288961995,0.9536541887363086,1.5417559413041806,0.0,0.9536541887363086
02,beta_log,2,1021,clipped_ips,,1.2571637234674302,0.7115708862183074,0.7153918288961995,0.9536541887363086,1.5417559413041806,0.0,0.9569518757917443
02,beta_log,2,1021,dr,,nan,0.7184694048225619,0.7153918288961995,0.9536541887363086,1.5417559413041806,0.0,0.9536541887363086
02,beta_log,2,1021,switch_dr,,1.3047616628408867,0.7149044730449577,0.7153918288961995,0.9536541887363086,1.5417559413041806,0.0,0.908877255134585
02,beta_log,2,1021,dros,,1.5804606276024933,0.7063675381811061,0.7153918288961995,0.9536541887363086,1.5417559413041806,0.0,0.9934838676660264
02,beta_log,2,1022,dm,,nan,0.6953662502964467,0.7153918288961995,0.9525666355583521,1.5398379171980745,0.0,nan
02,beta_log,2,1022,ips,,nan,0.7124631245510356,0.7153918288961995,0.9525666355583521,1.5398379171980745,0.0,0.9525666355583521
02,beta_log,2,1022,snips,,nan,0.7132102344247753,0.7153918288961995,0.9525666355583521,1.5398379171980745,0.0,0.9525666355583521
02,beta_log,2,1022,clipped_ips,,1.2588889965258123,0.7064941081048599,0.7153918288961995,0.9525666355583521,1.5398379171980745,0.0,0.9558985189108493
02,beta_log,2,1022,dr,,nan,0.7136413696228847,0.7153918288961995,0.9525666355583521,1.5398379171980745,0.0,0.9525666355583521
02,beta_log,2,1022,switch_dr,,1.3051363714679427,0.7108249869967237,0.7153918288961995,0.9525666355583521,1.5398379171980745,0.0,0.9078330700801691
02,beta_log,2,1022,dros,,1.5848015055737668,0.7039578831236296,0.7153918288961995,0.9525666355583521,1.5398379171980745,0.0,0.993279964090308
02,beta_log,2,1023,dm,,nan,0.6944141003199898,0.7153918288961995,0.9540743096370885,1.5313122297241537,0.0,nan
02,beta_log,2,1023,ips,,nan,0.7199168697321388,0.7153918288961995,0.9540743096370885,1.5313122297241537,0.0,0.9540743096370885
02,beta_log,2,1023,snips,,nan,0.7194536349205085,0.7153918288961995,0.9540743096370885,1.5313122297241537,0.0,0.9540743096370885
02,beta_log,2,1023,clipped_ips,,1.2532360837481749,0.7139317117129125,0.7153918288961995,0.9540743096370885,1.5313122297241537,0.0,0.9572532785061414
02,beta_log,2,1023,dr,,nan,0.7193448167316193,0.7153918288961995,0.9540743096370885,1.5313122297241537,0.0,0.9540743096370885
02,beta_log,2,1023,switch_dr,,1.299060280668532,0.7160454861812894,0.7153918288961995,0.9540743096370885,1.5313122297241537,0.0,0.9090544963661686
02,beta_log,2,1023,dros,,1.5706006816084623,0.7067146224574514,0.7153918288961995,0.9540743096370885,1.5313122297241537,0.0,0.9936713909154113
02,beta_log,2,1024,dm,,nan,0.6924258740815692,0.7153918288961995,0.9535436514025701,1.548135621844479,0.0,nan
02,beta_log,2,1024,ips,,nan,0.7132983375634477,0.7153918288961995,0.9535436514025701,1.548135621844479,0.0,0.9535436514025701
02,beta_log,2,1024,snips,,nan,0.7129426725087736,0.7153918288961995,0.9535436514025701,1.548135621844479,0.0,0.9535436514025701
02,beta_log,2,1024,clipped_ips,,1.2571533040716858,0.7077658648205732,0.7153918288961995,0.9535436514025701,1.548135621844479,0.0,0.9566235810815283
02,beta_log,2,1024,dr,,nan,0.7123641558576028,0.7153918288961995,0.9535436514025701,1.548135621844479,0.0,0.9535436514025701
02,beta_log,2,1024,switch_dr,,1.3005953448650236,0.7108450307225304,0.7153918288961995,0.9535436514025701,1.548135621844479,0.0,0.9085203585537193
02,beta_log,2,1024,dros,,1.5804344299383566,0.7022300360949003,0.7153918288961995,0.9535436514025701,1.548135621844479,0.0,0.9934627582259167
02,beta_log,2,1025,dm,,nan,0.6924870387502547,0.7153918288961995,0.9534784244499153,1.546853379354986,0.0,nan
02,beta_log,2,1025,ips,,nan,0.7126099149728001,0.7153918288961995,0.9534784244499153,1.546853379354986,0.0,0.9534784244499153
02,beta_log,2,1025,snips,,nan,0.7135546110839041,0.7153918288961995,0.9534784244499153,1.546853379354986,0.0,0.9534784244499153
02,beta_log,2,1025,clipped_ips,,1.2519561843936962,0.7064992603942646,0.7153918288961995,0.9534784244499153,1.546853379354986,0.0,0.956775115356093
02,beta_log,2,1025,dr,,nan,0.7143056505346762,0.7153918288961995,0.9534784244499153,1.546853379354986,0.0,0.9534784244499153
02,beta_log,2,1025,switch_dr,,1.303206646019558,0.7111153269918914,0.7153918288961995,0.9534784244499153,1.546853379354986,0.0,0.9085613398534064
02,beta_log,2,1025,dros,,1.5673942876416225,0.7030039919951568,0.7153918288961995,0.9534784244499153,1.546853379354986,0.0,0.9934355126517308
02,beta_log,2,1026,dm,,nan,0.6926846985894299,0.7153918288961995,0.9532107734482151,1.5260680701109899,0.0,nan
02,beta_log,2,1026,ips,,nan,0.7103410740020765,0.7153918288961995,0.9532107734482151,1.5260680701109899,0.0,0.9532107734482151
02,beta_log,2,1026,snips,,nan,0.7118584570608296,0.7153918288961995,0.9532107734482151,1.5260680701109899,0.0,0.9532107734482151
02,beta_log,2,1026,clipped_ips,,1.253983279945937,0.7043630879721678,0.7153918288961995,0.9532107734482151,1.5260680701109899,0.0,0.9564853903456997
02,beta_log,2,1026,dr,,nan,0.7135029825504865,0.7153918288961995,0.9532107734482151,1.5260680701109899,0.0,0.9532107734482151
02,beta_log,2,1026,switch_dr,,1.3038672594938072,0.7104849978801233,0.7153918288961995,0.9532107734482151,1.5260680701109899,0.0,0.9083214321323696
02,beta_log,2,1026,dros,,1.57247406638397,0.7031268176603451,0.7153918288961995,0.9532107734482151,1.5260680701109899,0.0,0.9934358853674865
02,beta_log,2,1027,dm,,nan,0.694932822567693,0.7153918288961995,0.9534484775635302,1.5351583398142494,0.0,nan
02,beta_log,2,1027,ips,,nan,0.712900033353113,0.7153918288961995,0.9534484775635302,1.5351583398142494,0.0,0.9534484775635302
02,beta_log,2,1027,snips,,nan,0.7128408194546857,0.7153918288961995,0.9534484775635302,1.5351583398142494,0.0,0.9534484775635302
02,beta_log,2,1027,clipped_ips,,1.2558572483845767,0.7069626441720785,0.7153918288961995,0.9534484775635302,1.5351583398142494,0.0,0.9567575308602912
02,beta_log,2,1027,dr,,nan,0.7125103966122671,0.7153918288961995,0.9534484775635302,1.5351583398142494,0.0,0.9534484775635302
02,beta_log,2,1027,switch_dr,,1.304768299488331,0.711710433789182,0.7153918288961995,0.9534484775635302,1.5351583398142494,0.0,0.9085861195298821
02,beta_log,2,1027,dros,,1.5771774283200803,0.703511630784294,0.7153918288961995,0.9534484775635302,1.5351583398142494,0.0,0.9934671670343705
02,beta_log,2,1028,dm,,nan,0.6931840083551081,0.7153918288961995,0.9540336115522349,1.5427131887503078,0.0,nan
02,beta_log,2,1028,ips,,nan,0.7220737081538109,0.7153918288961995,0.9540336115522349,1.5427131887503078,0.0,0.9540336115522349
02,beta_log,2,1028,snips,,nan,0.720604221920904,0.7153918288961995,0.9540336115522349,1.5427131887503078,0.0,0.9540336115522349
02,beta_log,2,1028,clipped_ips,,1.255533157937198,0.7161988360148555,0.7153918288961995,0.9540336115522349,1.5427131887503078,0.0,0.9572184799219733
02,beta_log,2,1028,dr,,nan,0.719053359173419,0.7153918288961995,0.9540336115522349,1.5427131887503078,0.0,0.9540336115522349
02,beta_log,2,1028,switch_dr,,1.304740366990259,0.7165322955385539,0.7153918288961995,0.9540336115522349,1.5427131887503078,0.0,0.909007906670826
02,beta_log,2,1028,dros,,1.5763635106797529,0.7061961597085873,0.7153918288961995,0.9540336115522349,1.5427131887503078,0.0,0.9935649375524764
02,beta_log,2,1029,dm,,nan,0.6936510889127656,0.7153918288961995,0.9529061131563521,1.5320480702651573,0.0,nan
02,beta_log,2,1029,ips,,nan,0.709438954895959,0.7153918288961995,0.9529061131563521,1.5320480702651573,0.0,0.9529061131563521
02,beta_log,2,1029,snips,,nan,0.7101895784625506,0.7153918288961995,0.9529061131563521,1.5320480702651573,0.0,0.9529061131563521
02,beta_log,2,1029,clipped_ips,,1.2564487353410878,0.7036430269130929,0.7153918288961995,0.9529061131563521,1.5320480702651573,0.0,0.9561407971066784
02,beta_log,2,1029,dr,,nan,0.7108676686314731,0.7153918288961995,0.9529061131563521,1.5320480702651573,0.0,0.9529061131563521
02,beta_log,2,1029,switch_dr,,1.3038411157797478,0.7099914432136858,0.7153918288961995,0.9529061131563521,1.5320480702651573,0.0,0.9080447315079427
02,beta_log,2,1029,dros,,1.578663424540219,0.7022262762621357,0.7153918288961995,0.9529061131563521,1.5320480702651573,0.0,0.9933514821440065
02,beta_log,2,1030,dm,,nan,0.6959578595535321,0.7153918288961995,0.9522282320080221,1.529495837958845,0.0,nan
02,beta_log,2,1030,ips,,nan,0.7013556329715092,0.7153918288961995,0.9522282320080221,1.529495837958845,0.0,0.9522282320080221
02,beta_log,2,1030,snips,,nan,0.7042013769888716,0.7153918288961995,0.9522282320080221,1.529495837958845,0.0,0.9522282320080221
02,beta_log,2,1030,clipped_ips,,1.2538301159777776,0.6955264006114872,0.7153918288961995,0.9522282320080221,1.529495837958845,0.0,0.9553846801158131
02,beta_log,2,1030,dr,,nan,0.7071039184486453,0.7153918288961995,0.9522282320080221,1.529495837958845,0.0,0.9522282320080221
02,beta_log,2,1030,switch_dr,,1.2996555695890744,0.70362482161181,0.7153918288961995,0.9522282320080221,1.529495837958845,0.0,0.9072878774897406
02,beta_log,2,1030,dros,,1.5720899597328473,0.7002064200277793,0.7153918288961995,0.9522282320080221,1.529495837958845,0.0,0.9932278747733597
02,beta_log,2,1031,dm,,nan,0.6935672007073113,0.7153918288961995,0.9528342003160027,1.5428661376241917,0.0,nan
02,beta_log,2,1031,ips,,nan,0.7044004868746302,0.7153918288961995,0.9528342003160027,1.5428661376241917,0.0,0.9528342003160027
02,beta_log,2,1031,snips,,nan,0.7066256595647502,0.7153918288961995,0.9528342003160027,1.5428661376241917,0.0,0.9528342003160027
02,beta_log,2,1031,clipped_ips,,1.2537419683892121,0.6987902132916876,0.7153918288961995,0.9528342003160027,1.5428661376241917,0.0,0.956099588601074
02,beta_log,2,1031,dr,,nan,0.7090717621057363,0.7153918288961995,0.9528342003160027,1.5428661376241917,0.0,0.9528342003160027
02,beta_log,2,1031,switch_dr,,1.301179283152351,0.7096335345871566,0.7153918288961995,0.9528342003160027,1.5428661376241917,0.0,0.9080024340989943
02,beta_log,2,1031,dros,,1.5718689233004561,0.7008788788446505,0.7153918288961995,0.9528342003160027,1.5428661376241917,0.0,0.9932577370939142
02,beta_log,2,1032,dm,,nan,0.6927234189159213,0.7153918288961995,0.9531096353110228,1.547281988986731,0.0,nan
02,beta_log,2,1032,ips,,nan,0.7088100300085857,0.7153918288961995,0.9531096353110228,1.547281988986731,0.0,0.9531096353110228
02,beta_log,2,1032,snips,,nan,0.7086375117938245,0.7153918288961995,0.9531096353110228,1.547281988986731,0.0,0.9531096353110228
02,beta_log,2,1032,clipped_ips,,1.257235948797705,0.702958419623333,0.7153918288961995,0.9531096353110228,1.547281988986731,0.0,0.9564257051816724
02,beta_log,2,1032,dr,,nan,0.7085733175292651,0.7153918288961995,0.9531096353110228,1.547281988986731,0.0,0.9531096353110228
02,beta_log,2,1032,switch_dr,,1.3044207783692285,0.7081237096910885,0.7153918288961995,0.9531096353110228,1.547281988986731,0.0,0.9082853453447703
02,beta_log,2,1032,dros,,1.5806422309492654,0.7007059628343363,0.7153918288961995,0.9531096353110228,1.547281988986731,0.0,0.9933334510632021
02,beta_log,2,1033,dm,,nan,0.6947514559092304,0.7153918288961995,0.9524001335554562,1.5430338075801204,0.0,nan
02,beta_log,2,1033,ips,,nan,0.7172037796852108,0.7153918288961995,0.9524001335554562,1.5430338075801204,0.0,0.9524001335554562
02,beta_log,2,1033,snips,,nan,0.716508635875819,0.7153918288961995,0.9524001335554562,1.5430338075801204,0.0,0.9524001335554562
02,beta_log,2,1033,clipped_ips,,1.2580936803546463,0.7108889523933747,0.7153918288961995,0.9524001335554562,1.5430338075801204,0.0,0.9557993354012743
02,beta_log,2,1033,dr,,nan,0.7153142170957049,0.7153918288961995,0.9524001335554562,1.5430338075801204,0.0,0.9524001335554562
02,beta_log,2,1033,switch_dr,,1.3057891557902812,0.7111642421270549,0.7153918288961995,0.9524001335554562,1.5430338075801204,0.0,0.9076494465526667
02,beta_log,2,1033,dros,,1.582799708548299,0.7044533111990938,0.7153918288961995,0.9524001335554562,1.5430338075801204,0.0,0.9932161630817659
02,beta_log,2,1034,dm,,nan,0.6941634717131772,0.7153918288961995,0.9532536072072979,1.5418364344351416,0.0,nan
02,beta_log,2,1034,ips,,nan,0.7191674164496757,0.7153918288961995,0.9532536072072979,1.5418364344351416,0.0,0.9532536072072979
02,beta_log,2,1034,snips,,nan,0.7194588578924664,0.7153918288961995,0.9532536072072979,1.5418364344351416,0.0,0.9532536072072979
02,beta_log,2,1034,clipped_ips,,1.2535692227945028,0.7129621191383091,0.7153918288961995,0.9532536072072979,1.5418364344351416,0.0,0.9565667539857459
02,beta_log,2,1034,dr,,nan,0.7198760207339358,0.7153918288961995,0.9532536072072979,1.5418364344351416,0.0,0.9532536072072979
02,beta_log,2,1034,switch_dr,,1.3018075017278368,0.7164605403447785,0.7153918288961995,0.9532536072072979,1.5418364344351416,0.0,0.9083822038439187
02,beta_log,2,1034,dros,,1.5714357963376138,0.707097521203752,0.7153918288961995,0.9532536072072979,1.5418364344351416,0.0,0.9935005055462074
02,beta_log,2,1035,dm,,nan,0.6936778457121711,0.7153918288961995,0.9537919434046261,1.536167514765221,0.0,nan
02,beta_log,2,1035,ips,,nan,0.7120919661391802,0.7153918288961995,0.9537919434046261,1.536167514765221,0.0,0.9537919434046261
02,beta_log,2,1035,snips,,nan,0.7116331509837329,0.7153918288961995,0.9537919434046261,1.536167514765221,0.0,0.9537919434046261
02,beta_log,2,1035,clipped_ips,,1.255410796953652,0.7061594808523741,0.7153918288961995,0.9537919434046261,1.536167514765221,0.0,0.9568622196152828
02,beta_log,2,1035,dr,,nan,0.711498997908125,0.7153918288961995,0.9537919434046261,1.536167514765221,0.0,0.9537919434046261
02,beta_log,2,1035,switch_dr,,1.3016594127181,0.7072197480940294,0.7153918288961995,0.9537919434046261,1.536167514765221,0.0,0.9086924218950752
02,beta_log,2,1035,dros,,1.576056269107804,0.702277511426626,0.7153918288961995,0.9537919434046261,1.536167514765221,0.0,0.9934587945363835
02,beta_log,2,1036,dm,,nan,0.693694299662431,0.7153918288961995,0.9534535557008761,1.5306857339154707,0.0,nan
02,beta_log,2,1036,ips,,nan,0.713370740923006,0.7153918288961995,0.9534535557008761,1.5306857339154707,0.0,0.9534535557008761
02,beta_log,2,1036,snips,,nan,0.7141846513903934,0.7153918288961995,0.9534535557008761,1.5306857339154707,0.0,0.9534535557008761
02,beta_log,2,1036,clipped_ips,,1.2545438261923132,0.7073092201871037,0.7153918288961995,0.9534535557008761,1.5306857339154707,0.0,0.9568872370605032
02,beta_log,2,1036,dr,,nan,0.7154307066548341,0.7153918288961995,0.9534535557008761,1.5306857339154707,0.0,0.9534535557008761
02,beta_log,2,1036,switch_dr,,1.3046502358703327,0.7132849787207852,0.7153918288961995,0.9534535557008761,1.5306857339154707,0.0,0.9087362658060695
02,beta_log,2,1036,dros,,1.573880211837249,0.7050293943851998,0.7153918288961995,0.9534535557008761,1.5306857339154707,0.0,0.9933959139789209
02,beta_log,2,1037,dm,,nan,0.6935709830984859,0.7153918288961995,0.9539830327051874,1.527994737375822,0.0,nan
02,beta_log,2,1037,ips,,nan,0.6989553713933352,0.7153918288961995,0.9539830327051874,1.527994737375822,0.0,0.9539830327051874
02,beta_log,2,1037,snips,,nan,0.7005741975337676,0.7153918288961995,0.9539830327051874,1.527994737375822,0.0,0.9539830327051874
02,beta_log,2,1037,clipped_ips,,1.2498329515571192,0.6929197048854201,0.7153918288961995,0.9539830327051874,1.527994737375822,0.0,0.9572685251175346
02,beta_log,2,1037,dr,,nan,0.7022860918134546,0.7153918288961995,0.9539830327051874,1.527994737375822,0.0,0.9539830327051874
02,beta_log,2,1037,switch_dr,,1.3003298667036534,0.6986851719673474,0.7153918288961995,0.9539830327051874,1.527994737375822,0.0,0.9090171696679592
02,beta_log,2,1037,dros,,1.5620824067979802,0.6966660119932357,0.7153918288961995,0.9539830327051874,1.527994737375822,0.0,0.9935603026806487
02,beta_log,2,1038,dm,,nan,0.6945459142367677,0.7153918288961995,0.9538184126550006,1.534635804268234,0.0,nan
02,beta_log,2,1038,ips,,nan,0.7155282122762929,0.7153918288961995,0.9538184126550006,1.534635804268234,0.0,0.9538184126550006
02,beta_log,2,1038,snips,,nan,0.7150288657278151,0.7153918288961995,0.9538184126550006,1.534635804268234,0.0,0.9538184126550006
02,beta_log,2,1038,clipped_ips,,1.2548028476329056,0.7097952832946401,0.7153918288961995,0.9538184126550006,1.534635804268234,0.0,0.9569799717968235
02,beta_log,2,1038,dr,,nan,0.7143036809981711,0.7153918288961995,0.9538184126550006,1.534635804268234,0.0,0.9538184126550006
02,beta_log,2,1038,switch_dr,,1.3012222521636534,0.7124203496555103,0.7153918288961995,0.9538184126550006,1.534635804268234,0.0,0.9087971264582693
02,beta_log,2,1038,dros,,1.5745301864276489,0.7045558955730055,0.7153918288961995,0.9538184126550006,1.534635804268234,0.0,0.9934982132700645
02,beta_log,2,1039,dm,,nan,0.6918953120560825,0.7153918288961995,0.9542457140290246,1.5448749666964572,0.0,nan
02,beta_log,2,1039,ips,,nan,0.7164208829939089,0.7153918288961995,0.9542457140290246,1.5448749666964572,0.0,0.9542457140290246
02,beta_log,2,1039,snips,,nan,0.7151065873104836,0.7153918288961995,0.9542457140290246,1.5448749666964572,0.0,0.9542457140290246
02,beta_log,2,1039,clipped_ips,,1.2564601875123833,0.7108800209110434,0.7153918288961995,0.9542457140290246,1.5448749666964572,0.0,0.9573096342523723
02,beta_log,2,1039,dr,,nan,0.7140167685978833,0.7153918288961995,0.9542457140290246,1.5448749666964572,0.0,0.9542457140290246
02,beta_log,2,1039,switch_dr,,1.3035878301239976,0.7125606315225483,0.7153918288961995,0.9542457140290246,1.5448749666964572,0.0,0.9091461915335384
02,beta_log,2,1039,dros,,1.5786922028036534,0.7030235091777518,0.7153918288961995,0.9542457140290246,1.5448749666964572,0.0,0.993625630300582
02,beta_log,4,1000,dm,,nan,0.6931789077614771,0.7153918288961995,0.9519773709633368,2.4344416275111724,0.0,nan
02,beta_log,4,1000,ips,,nan,0.7244747642692975,0.7153918288961995,0.9519773709633368,2.4344416275111724,0.0,0.9519773709633368
02,beta_log,4,1000,snips,,nan,0.7222867438498817,0.7153918288961995,0.9519773709633368,2.4344416275111724,0.0,0.9519773709633368
02,beta_log,4,1000,clipped_ips,,1.2897685414851996,0.7180412089164417,0.7153918288961995,0.9519773709633368,2.4344416275111724,0.0,0.9764389914544227
02,beta_log,4,1000,dr,,nan,0.7256424538515438,0.7153918288961995,0.9519773709633368,2.4344416275111724,0.0,0.9519773709633368
02,beta_log,4,1000,switch_dr,,1.4924558842523172,0.7237848242165779,0.7153918288961995,0.9519773709633368,2.4344416275111724,0.0,0.927613016173787
02,beta_log,4,1000,dros,,1.663502890604859,0.7136918914352599,0.7153918288961995,0.9519773709633368,2.4344416275111724,0.0,0.9987962956004092
02,beta_log,4,1001,dm,,nan,0.6917799949717959,0.7153918288961995,0.954538916492718,2.3919812434538086,0.0,nan
02,beta_log,4,1001,ips,,nan,0.7130089768017084,0.7153918288961995,0.954538916492718,2.3919812434538086,0.0,0.954538916492718
02,beta_log,4,1001,snips,,nan,0.7138992934227505,0.7153918288961995,0.954538916492718,2.3919812434538086,0.0,0.954538916492718
02,beta_log,4,1001,clipped_ips,,1.2756454710094411,0.7083064292945118,0.7153918288961995,0.954538916492718,2.3919812434538086,0.0,0.9774580547320529
02,beta_log,4,1001,dr,,nan,0.712455179800004,0.7153918288961995,0.954538916492718,2.3919812434538086,0.0,0.954538916492718
02,beta_log,4,1001,switch_dr,,1.4544555533491281,0.7168397766417416,0.7153918288961995,0.954538916492718,2.3919812434538086,0.0,0.9287827780270446
02,beta_log,4,1001,dros,,1.6272713677068988,0.7063258871138072,0.7153918288961995,0.954538916492718,2.3919812434538086,0.0,0.9988818065382645
02,beta_log,4,1002,dm,,nan,0.6957544468707243,0.7153918288961995,0.9544024724760175,2.425867348430001,0.0,nan
02,beta_log,4,1002,ips,,nan,0.7236052888888389,0.7153918288961995,0.9544024724760175,2.425867348430001,0.0,0.9544024724760175
02,beta_log,4,1002,snips,,nan,0.7249522102836211,0.7153918288961995,0.9544024724760175,2.425867348430001,0.0,0.9544024724760175
02,beta_log,4,1002,clipped_ips,,1.273912213093229,0.7184041507195583,0.7153918288961995,0.9544024724760175,2.425867348430001,0.0,0.9778363570573377
02,beta_log,4,1002,dr,,nan,0.7231647612510776,0.7153918288961995,0.9544024724760175,2.425867348430001,0.0,0.9544024724760175
02,beta_log,4,1002,switch_dr,,1.4566917948608835,0.7247029527569272,0.7153918288961995,0.9544024724760175,2.425867348430001,0.0,0.9291287593327278
02,beta_log,4,1002,dros,,1.6228523266680885,0.7150530313341347,0.7153918288961995,0.9544024724760175,2.425867348430001,0.0,0.9989241463676517
02,beta_log,4,1003,dm,,nan,0.6951055705886715,0.7153918288961995,0.9530810732547795,2.368673499279882,0.0,nan
02,beta_log,4,1003,ips,,nan,0.7195592595837363,0.7153918288961995,0.9530810732547795,2.368673499279882,0.0,0.9530810732547795
02,beta_log,4,1003,snips,,nan,0.7188724797200357,0.7153918288961995,0.9530810732547795,2.368673499279882,0.0,0.9530810732547795
02,beta_log,4,1003,clipped_ips,,1.2809860971417022,0.7134999807523807,0.7153918288961995,0.9530810732547795,2.368673499279882,0.0,0.977583658374243
02,beta_log,4,1003,dr,,nan,0.7199378456333612,0.7153918288961995,0.9530810732547795,2.368673499279882,0.0,0.9530810732547795
02,beta_log,4,1003,switch_dr,,1.4703031098904877,0.7185214527605492,0.7153918288961995,0.9530810732547795,2.368673499279882,0.0,0.9289890960957798
02,beta_log,4,1003,dros,,1.6409253810703306,0.711798764661237,0.7153918288961995,0.9530810732547795,2.368673499279882,0.0,0.9988824390291348
02,beta_log,4,1004,dm,,nan,0.6936586772927706,0.7153918288961995,0.9520488153710372,2.317081550312093,0.0,nan
02,beta_log,4,1004,ips,,nan,0.7140066764818334,0.7153918288961995,0.9520488153710372,2.317081550312093,0.0,0.9520488153710372
02,beta_log,4,1004,snips,,nan,0.7132732426218054,0.7153918288961995,0.9520488153710372,2.317081550312093,0.0,0.9520488153710372
02,beta_log,4,1004,clipped_ips,,1.2798511834547368,0.7092707046322483,0.7153918288961995,0.9520488153710372,2.317081550312093,0.0,0.9771377122515964
02,beta_log,4,1004,dr,,nan,0.7148482736915007,0.7153918288961995,0.9520488153710372,2.317081550312093,0.0,0.9520488153710372
02,beta_log,4,1004,switch_dr,,1.4670916845240247,0.7175026561951752,0.7153918288961995,0.9520488153710372,2.317081550312093,0.0,0.9283411752460737
02,beta_log,4,1004,dros,,1.6380190517904905,0.7097939235865206,0.7153918288961995,0.9520488153710372,2.317081550312093,0.0,0.9988628416243146
02,beta_log,4,1005,dm,,nan,0.6930386271315275,0.7153918288961995,0.9523698537857456,2.3867802671721488,0.0,nan
02,beta_log,4,1005,ips,,nan,0.697878602387426,0.7153918288961995,0.9523698537857456,2.3867802671721488,0.0,0.9523698537857456
02,beta_log,4,1005,snips,,nan,0.6967744116311178,0.7153918288961995,0.9523698537857456,2.3867802671721488,0.0,0.9523698537857456
02,beta_log,4,1005,clipped_ips,,1.2789674077407414,0.693175940456759,0.7153918288961995,0.9523698537857456,2.3867802671721488,0.0,0.9770262384502483
02,beta_log,4,1005,dr,,nan,0.6987695204893263,0.7153918288961995,0.9523698537857456,2.3867802671721488,0.0,0.9523698537857456
02,beta_log,4,1005,switch_dr,,1.4718438828836167,0.7027868263189668,0.7153918288961995,0.9523698537857456,2.3867802671721488,0.0,0.9281180250147086
02,beta_log,4,1005,dros,,1.6357576300630718,0.6985402227997187,0.7153918288961995,0.9523698537857456,2.3867802671721488,0.0,0.9988536331813781
02,beta_log,4,1006,dm,,nan,0.6924331064300114,0.7153918288961995,0.9525545565941725,2.543090206860127,0.0,nan
02,beta_log,4,1006,ips,,nan,0.7126618879869003,0.7153918288961995,0.9525545565941725,2.543090206860127,0.0,0.9525545565941725
02,beta_log,4,1006,snips,,nan,0.7118068590520971,0.7153918288961995,0.9525545565941725,2.543090206860127,0.0,0.9525545565941725
02,beta_log,4,1006,clipped_ips,,1.2793563468603517,0.7069627656203856,0.7153918288961995,0.9525545565941725,2.543090206860127,0.0,0.9771177407015359
02,beta_log,4,1006,dr,,nan,0.7129063865426005,0.7153918288961995,0.9525545565941725,2.543090206860127,0.0,0.9525545565941725
02,beta_log,4,1006,switch_dr,,1.466046325087484,0.7141447047013343,0.7153918288961995,0.9525545565941725,2.543090206860127,0.0,0.9285467604473393
02,beta_log,4,1006,dros,,1.6367526622518647,0.7065781849585884,0.7153918288961995,0.9525545565941725,2.543090206860127,0.0,0.99886128794442
02,beta_log,4,1007,dm,,nan,0.6938058926537315,0.7153918288961995,0.9550802320888939,2.2811719931665397,0.0,nan
02,beta_log,4,1007,ips,,nan,0.7195313153959488,0.7153918288961995,0.9550802320888939,2.2811719931665397,0.0,0.9550802320888939
02,beta_log,4,1007,snips,,nan,0.7201452754552399,0.7153918288961995,0.9550802320888939,2.2811719931665397,0.0,0.9550802320888939
02,beta_log,4,1007,clipped_ips,,1.2629039934827022,0.7137451377762243,0.7153918288961995,0.9550802320888939,2.2811719931665397,0.0,0.9787986820671712
02,beta_log,4,1007,dr,,nan,0.7190571597464332,0.7153918288961995,0.9550802320888939,2.2811719931665397,0.0,0.9550802320888939
02,beta_log,4,1007,switch_dr,,1.4710390681277705,0.7202299849198192,0.7153918288961995,0.9550802320888939,2.2811719931665397,0.0,0.9294394965230202
02,beta_log,4,1007,dros,,1.594926496754557,0.711293455537004,0.7153918288961995,0.9550802320888939,2.2811719931665397,0.0,0.9989942856877898
02,beta_log,4,1008,dm,,nan,0.6941399543912707,0.7153918288961995,0.9543970868900032,2.3904257993409628,0.0,nan
02,beta_log,4,1008,ips,,nan,0.724258275037502,0.7153918288961995,0.9543970868900032,2.3904257993409628,0.0,0.9543970868900032
02,beta_log,4,1008,snips,,nan,0.7236211687079316,0.7153918288961995,0.9543970868900032,2.3904257993409628,0.0,0.9543970868900032
02,beta_log,4,1008,clipped_ips,,1.285928980130218,0.7193181088188434,0.7153918288961995,0.9543970868900032,2.3904257993409628,0.0,0.976915126267306
02,beta_log,4,1008,dr,,nan,0.7243282972243155,0.7153918288961995,0.9543970868900032,2.3904257993409628,0.0,0.9543970868900032
02,beta_log,4,1008,switch_dr,,1.4798105741816647,0.7268242760824629,0.7153918288961995,0.9543970868900032,2.3904257993409628,0.0,0.9282349570379494
02,beta_log,4,1008,dros,,1.6536133419387427,0.7154177219265596,0.7153918288961995,0.9543970868900032,2.3904257993409628,0.0,0.9988542841308062
02,beta_log,4,1009,dm,,nan,0.6927295403702923,0.7153918288961995,0.9535679028058266,2.3629930761241704,0.0,nan
02,beta_log,4,1009,ips,,nan,0.7097306218437625,0.7153918288961995,0.9535679028058266,2.3629930761241704,0.0,0.9535679028058266
02,beta_log,4,1009,snips,,nan,0.7101637771527166,0.7153918288961995,0.9535679028058266,2.3629930761241704,0.0,0.9535679028058266
02,beta_log,4,1009,clipped_ips,,1.2776465361864036,0.7051387306119681,0.7153918288961995,0.9535679028058266,2.3629930761241704,0.0,0.9776836457758346
02,beta_log,4,1009,dr,,nan,0.7097293331857939,0.7153918288961995,0.9535679028058266,2.3629930761241704,0.0,0.9535679028058266
02,beta_log,4,1009,switch_dr,,1.4670041996009946,0.7150767407374929,0.7153918288961995,0.9535679028058266,2.3629930761241704,0.0,0.9287876043931803
02,beta_log,4,1009,dros,,1.632380671429115,0.7055855180443573,0.7153918288961995,0.9535679028058266,2.3629930761241704,0.0,0.9988929710690277
02,beta_log,4,1010,dm,,nan,0.6934092517159707,0.7153918288961995,0.9530982873906427,2.365346586728542,0.0,nan
02,beta_log,4,1010,ips,,nan,0.7189536603920961,0.7153918288961995,0.9530982873906427,2.365346586728542,0.0,0.9530982873906427
02,beta_log,4,1010,snips,,nan,0.7188116274879536,0.7153918288961995,0.9530982873906427,2.365346586728542,0.0,0.9530982873906427
02,beta_log,4,1010,clipped_ips,,1.2795972079768694,0.7137448727359794,0.7153918288961995,0.9530982873906427,2.365346586728542,0.0,0.9771845810709994
02,beta_log,4,1010,dr,,nan,0.7192148078377205,0.7153918288961995,0.9530982873906427,2.365346586728542,0.0,0.9530982873906427
02,beta_log,4,1010,switch_dr,,1.4670005915578792,0.7198773234357129,0.7153918288961995,0.9530982873906427,2.365346586728542,0.0,0.9282236405667087
02,beta_log,4,1010,dros,,1.6373690146621995,0.7105895737306865,0.7153918288961995,0.9530982873906427,2.365346586728542,0.0,0.9988490928612446
02,beta_log,4,1011,dm,,nan,0.6948805225766604,0.7153918288961995,0.9523948988942182,2.4443016119799625,0.0,nan
02,beta_log,4,1011,ips,,nan,0.7137075709538292,0.7153918288961995,0.9523948988942182,2.4443016119799625,0.0,0.9523948988942182
02,beta_log,4,1011,snips,,nan,0.7125229449087572,0.7153918288961995,0.9523948988942182,2.4443016119799625,0.0,0.9523948988942182
02,beta_log,4,1011,clipped_ips,,1.280116243557039,0.7084153300479387,0.7153918288961995,0.9523948988942182,2.4443016119799625,0.0,0.977315531181151
02,beta_log,4,1011,dr,,nan,0.7145589889518165,0.7153918288961995,0.9523948988942182,2.4443016119799625,0.0,0.9523948988942182
02,beta_log,4,1011,switch_dr,,1.4740997209527449,0.7166226983894255,0.7153918288961995,0.9523948988942182,2.4443016119799625,0.0,0.9283703300050156
02,beta_log,4,1011,dros,,1.6386975970185844,0.7092958697593059,0.7153918288961995,0.9523948988942182,2.4443016119799625,0.0,0.9988574277759633
02,beta_log,4,1012,dm,,nan,0.6944896621525134,0.7153918288961995,0.955588325804264,2.5074718244367697,0.0,nan
02,beta_log,4,1012,ips,,nan,0.7269257923736814,0.7153918288961995,0.955588325804264,2.5074718244367697,0.0,0.955588325804264
02,beta_log,4,1012,snips,,nan,0.7290829134268217,0.7153918288961995,0.955588325804264,2.5074718244367697,0.0,0.955588325804264
02,beta_log,4,1012,clipped_ips,,1.2656776054744991,0.7212552206026787,0.7153918288961995,0.955588325804264,2.5074718244367697,0.0,0.9785023602708943
02,beta_log,4,1012,dr,,nan,0.7252509419360542,0.7153918288961995,0.955588325804264,2.5074718244367697,0.0,0.955588325804264
02,beta_log,4,1012,switch_dr,,1.447977817533612,0.7256123593557848,0.7153918288961995,0.955588325804264,2.5074718244367697,0.0,0.9295665438699925
02,beta_log,4,1012,dros,,1.601939800999662,0.7150887171247216,0.7153918288961995,0.955588325804264,2.5074718244367697,0.0,0.998959940377878
02,beta_log,4,1013,dm,,nan,0.6941379332524861,0.7153918288961995,0.9525398873219361,2.5312650308243465,0.0,nan
02,beta_log,4,1013,ips,,nan,0.7139363072751002,0.7153918288961995,0.9525398873219361,2.5312650308243465,0.0,0.9525398873219361
02,beta_log,4,1013,snips,,nan,0.7132496811801783,0.7153918288961995,0.9525398873219361,2.5312650308243465,0.0,0.9525398873219361
02,beta_log,4,1013,clipped_ips,,1.285656129851084,0.7099972321128675,0.7153918288961995,0.9525398873219361,2.5312650308243465,0.0,0.9770214790951685
02,beta_log,4,1013,dr,,nan,0.7144734263739227,0.7153918288961995,0.9525398873219361,2.5312650308243465,0.0,0.9525398873219361
02,beta_log,4,1013,switch_dr,,1.4855700650982042,0.7212433038958029,0.7153918288961995,0.9525398873219361,2.5312650308243465,0.0,0.9283219060475553
02,beta_log,4,1013,dros,,1.6529116842236673,0.7101816772890942,0.7153918288961995,0.9525398873219361,2.5312650308243465,0.0,0.9988523225248364
02,beta_log,4,1014,dm,,nan,0.6932807440730274,0.7153918288961995,0.9545585717691587,2.519398505095353,0.0,nan
02,beta_log,4,1014,ips,,nan,0.7122887728769287,0.7153918288961995,0.9545585717691587,2.519398505095353,0.0,0.9545585717691587
02,beta_log,4,1014,snips,,nan,0.7128054128649239,0.7153918288961995,0.9545585717691587,2.519398505095353,0.0,0.9545585717691587
02,beta_log,4,1014,clipped_ips,,1.2754024884720938,0.7075369880152587,0.7153918288961995,0.9545585717691587,2.519398505095353,0.0,0.9778614014251767
02,beta_log,4,1014,dr,,nan,0.7117880396888857,0.7153918288961995,0.9545585717691587,2.519398505095353,0.0,0.9545585717691587
02,beta_log,4,1014,switch_dr,,1.4652107854824907,0.7173085469065599,0.7153918288961995,0.9545585717691587,2.519398505095353,0.0,0.9290067053644474
02,beta_log,4,1014,dros,,1.6266515076008095,0.7072395645732913,0.7153918288961995,0.9545585717691587,2.519398505095353,0.0,0.9989127142664627
02,beta_log,4,1015,dm,,nan,0.6930117983022533,0.7153918288961995,0.9551868351162597,2.4274501910664212,0.0,nan
02,beta_log,4,1015,ips,,nan,0.7160069986091047,0.7153918288961995,0.9551868351162597,2.4274501910664212,0.0,0.9551868351162597
02,beta_log,4,1015,snips,,nan,0.7170165377552928,0.7153918288961995,0.9551868351162597,2.4274501910664212,0.0,0.9551868351162597
02,beta_log,4,1015,clipped_ips,,1.276343715983236,0.7102681868811298,0.7153918288961995,0.9551868351162597,2.4274501910664212,0.0,0.9778850029075616
02,beta_log,4,1015,dr,,nan,0.7151796763272994,0.7153918288961995,0.9551868351162597,2.4274501910664212,0.0,0.9551868351162597
02,beta_log,4,1015,switch_dr,,1.4697057921960421,0.7149510208132422,0.7153918288961995,0.9551868351162597,2.4274501910664212,0.0,0.9292997585634133
02,beta_log,4,1015,dros,,1.6290532813298955,0.7081474769330346,0.7153918288961995,0.9551868351162597,2.4274501910664212,0.0,0.998914465743194
02,beta_log,4,1016,dm,,nan,0.6962416410726673,0.7153918288961995,0.9534948663789224,2.533315844262015,0.0,nan
02,beta_log,4,1016,ips,,nan,0.7196439897354777,0.7153918288961995,0.9534948663789224,2.533315844262015,0.0,0.9534948663789224
02,beta_log,4,1016,snips,,nan,0.7194974394505037,0.7153918288961995,0.9534948663789224,2.533315844262015,0.0,0.9534948663789224
02,beta_log,4,1016,clipped_ips,,1.2683196753299377,0.7149855180202108,0.7153918288961995,0.9534948663789224,2.533315844262015,0.0,0.9783123851723485
02,beta_log,4,1016,dr,,nan,0.7193208582551069,0.7153918288961995,0.9534948663789224,2.533315844262015,0.0,0.9534948663789224
02,beta_log,4,1016,switch_dr,,1.463927045283976,0.7250790052911058,0.7153918288961995,0.9534948663789224,2.533315844262015,0.0,0.9292598968537513
02,beta_log,4,1016,dros,,1.6086347988290386,0.7131904782605826,0.7153918288961995,0.9534948663789224,2.533315844262015,0.0,0.9989448405013996
02,beta_log,4,1017,dm,,nan,0.6929990235095813,0.7153918288961995,0.9533435107780075,2.4273087399894555,0.0,nan
02,beta_log,4,1017,ips,,nan,0.7084595338872732,0.7153918288961995,0.9533435107780075,2.4273087399894555,0.0,0.9533435107780075
02,beta_log,4,1017,snips,,nan,0.7083695071904237,0.7153918288961995,0.9533435107780075,2.4273087399894555,0.0,0.9533435107780075
02,beta_log,4,1017,clipped_ips,,1.278613219352456,0.7044033059174836,0.7153918288961995,0.9533435107780075,2.4273087399894555,0.0,0.977166537243639
02,beta_log,4,1017,dr,,nan,0.7083659005407338,0.7153918288961995,0.9533435107780075,2.4273087399894555,0.0,0.9533435107780075
02,beta_log,4,1017,switch_dr,,1.4560503577511354,0.713536293083975,0.7153918288961995,0.9533435107780075,2.4273087399894555,0.0,0.9286682986493588
02,beta_log,4,1017,dros,,1.6348517647028518,0.7058612140851444,0.7153918288961995,0.9533435107780075,2.4273087399894555,0.0,0.9988561846457127
02,beta_log,4,1018,dm,,nan,0.6937551179611569,0.7153918288961995,0.9524155759441725,2.4479384548132486,0.0,nan
02,beta_log,4,1018,ips,,nan,0.7085532573763532,0.7153918288961995,0.9524155759441725,2.4479384548132486,0.0,0.9524155759441725
02,beta_log,4,1018,snips,,nan,0.7073183163291298,0.7153918288961995,0.9524155759441725,2.4479384548132486,0.0,0.9524155759441725
02,beta_log,4,1018,clipped_ips,,1.285712968516304,0.703780077933663,0.7153918288961995,0.9524155759441725,2.4479384548132486,0.0,0.9766495730380781
02,beta_log,4,1018,dr,,nan,0.7093946463128856,0.7153918288961995,0.9524155759441725,2.4479384548132486,0.0,0.9524155759441725
02,beta_log,4,1018,switch_dr,,1.4700469045367848,0.7128183268419744,0.7153918288961995,0.9524155759441725,2.4479384548132486,0.0,0.9282065654270429
02,beta_log,4,1018,dros,,1.6530578374110065,0.705302855785718,0.7153918288961995,0.9524155759441725,2.4479384548132486,0.0,0.9988183428565659
02,beta_log,4,1019,dm,,nan,0.6955462597736317,0.7153918288961995,0.9528295939795014,2.4048037765025563,0.0,nan
02,beta_log,4,1019,ips,,nan,0.7245304115506237,0.7153918288961995,0.9528295939795014,2.4048037765025563,0.0,0.9528295939795014
02,beta_log,4,1019,snips,,nan,0.7248635812822302,0.7153918288961995,0.9528295939795014,2.4048037765025563,0.0,0.9528295939795014
02,beta_log,4,1019,clipped_ips,,1.2738686119815055,0.7191341858954946,0.7153918288961995,0.9528295939795014,2.4048037765025563,0.0,0.9776627897959738
02,beta_log,4,1019,dr,,nan,0.7241202283893716,0.7153918288961995,0.9528295939795014,2.4048037765025563,0.0,0.9528295939795014
02,beta_log,4,1019,switch_dr,,1.4677203516118003,0.7272368882415973,0.7153918288961995,0.9528295939795014,2.4048037765025563,0.0,0.9286784643874857
02,beta_log,4,1019,dros,,1.6227412405916875,0.7151711509818752,0.7153918288961995,0.9528295939795014,2.4048037765025563,0.0,0.9989033011364931
02,beta_log,4,1020,dm,,nan,0.6949391005188121,0.7153918288961995,0.9538942700067858,2.3586909237449514,0.0,nan
02,beta_log,4,1020,ips,,nan,0.7112611466315925,0.7153918288961995,0.9538942700067858,2.3586909237449514,0.0,0.9538942700067858
02,beta_log,4,1020,snips,,nan,0.7116765798067336,0.7153918288961995,0.9538942700067858,2.3586909237449514,0.0,0.9538942700067858
02,beta_log,4,1020,clipped_ips,,1.2701180012047526,0.7062936289788265,0.7153918288961995,0.9538942700067858,2.3586909237449514,0.0,0.9779935088347546
02,beta_log,4,1020,dr,,nan,0.7111282759848943,0.7153918288961995,0.9538942700067858,2.3586909237449514,0.0,0.9538942700067858
02,beta_log,4,1020,switch_dr,,1.4663489305250703,0.7143972526652493,0.7153918288961995,0.9538942700067858,2.3586909237449514,0.0,0.9290391795048938
02,beta_log,4,1020,dros,,1.613199736984356,0.70699109783848,0.7153918288961995,0.9538942700067858,2.3586909237449514,0.0,0.9989207016560988
02,beta_log,4,1021,dm,,nan,0.6934494920853139,0.7153918288961995,0.9526340984669212,2.454151376345816,0.0,nan
02,beta_log,4,1021,ips,,nan,0.7170350125506202,0.7153918288961995,0.9526340984669212,2.454151376345816,0.0,0.9526340984669212
02,beta_log,4,1021,snips,,nan,0.714639669668655,0.7153918288961995,0.9526340984669212,2.454151376345816,0.0,0.9526340984669212
02,beta_log,4,1021,clipped_ips,,1.2845770381385158,0.7118720951504496,0.7153918288961995,0.9526340984669212,2.454151376345816,0.0,0.9768983943574038
02,beta_log,4,1021,dr,,nan,0.7183927588803676,0.7153918288961995,0.9526340984669212,2.454151376345816,0.0,0.9526340984669212
02,beta_log,4,1021,switch_dr,,1.4848232308848504,0.720066080583593,0.7153918288961995,0.9526340984669212,2.454151376345816,0.0,0.9281257439650299
02,beta_log,4,1021,dros,,1.6501381669127217,0.7110480978819065,0.7153918288961995,0.9526340984669212,2.454151376345816,0.0,0.9988346474705398
02,beta_log,4,1022,dm,,nan,0.6953662502964467,0.7153918288961995,0.9540590565754121,2.387948912053925,0.0,nan
02,beta_log,4,1022,ips,,nan,0.7131588942210737,0.7153918288961995,0.9540590565754121,2.387948912053925,0.0,0.9540590565754121
02,beta_log,4,1022,snips,,nan,0.7136735251918296,0.7153918288961995,0.9540590565754121,2.387948912053925,0.0,0.9540590565754121
02,beta_log,4,1022,clipped_ips,,1.270122332208027,0.707840634147469,0.7153918288961995,0.9540590565754121,2.387948912053925,0.0,0.9780632677402605
02,beta_log,4,1022,dr,,nan,0.7129008566434523,0.7153918288961995,0.9540590565754121,2.387948912053925,0.0,0.9540590565754121
02,beta_log,4,1022,switch_dr,,1.4545016655632437,0.7152446598552555,0.7153918288961995,0.9540590565754121,2.387948912053925,0.0,0.9292994045523606
02,beta_log,4,1022,dros,,1.613210738773558,0.7083581072765069,0.7153918288961995,0.9540590565754121,2.387948912053925,0.0,0.9989297243769459
02,beta_log,4,1023,dm,,nan,0.6944141003199898,0.7153918288961995,0.9540923193343147,2.4248562988379634,0.0,nan
02,beta_log,4,1023,ips,,nan,0.7193888519265159,0.7153918288961995,0.9540923193343147,2.4248562988379634,0.0,0.9540923193343147
02,beta_log,4,1023,snips,,nan,0.720053733125515,0.7153918288961995,0.9540923193343147,2.4248562988379634,0.0,0.9540923193343147
02,beta_log,4,1023,clipped_ips,,1.2809806553245298,0.7140950455777371,0.7153918288961995,0.9540923193343147,2.4248562988379634,0.0,0.9773297485312851
02,beta_log,4,1023,dr,,nan,0.7191277602888186,0.7153918288961995,0.9540923193343147,2.4248562988379634,0.0,0.9540923193343147
02,beta_log,4,1023,switch_dr,,1.4676725981011494,0.720515547874539,0.7153918288961995,0.9540923193343147,2.4248562988379634,0.0,0.9287058152196771
02,beta_log,4,1023,dros,,1.6409114393156616,0.7113150383614648,0.7153918288961995,0.9540923193343147,2.4248562988379634,0.0,0.9988798326853922
02,beta_log,4,1024,dm,,nan,0.6924258740815692,0.7153918288961995,0.9549853509832116,2.3662327783665815,0.0,nan
02,beta_log,4,1024,ips,,nan,0.7140318537003834,0.7153918288961995,0.9549853509832116,2.3662327783665815,0.0,0.9549853509832116
02,beta_log,4,1024,snips,,nan,0.7173079100141105,0.7153918288961995,0.9549853509832116,2.3662327783665815,0.0,0.9549853509832116
02,beta_log,4,1024,clipped_ips,,1.2617108227383924,0.7088676044553407,0.7153918288961995,0.9549853509832116,2.3662327783665815,0.0,0.9787731311339003
02,beta_log,4,1024,dr,,nan,0.7126860380896689,0.7153918288961995,0.9549853509832116,2.3662327783665815,0.0,0.9549853509832116
02,beta_log,4,1024,switch_dr,,1.472556083684676,0.716256136570325,0.7153918288961995,0.9549853509832116,2.3662327783665815,0.0,0.9295406072967173
02,beta_log,4,1024,dros,,1.5919142002151911,0.7068667497863228,0.7153918288961995,0.9549853509832116,2.3662327783665815,0.0,0.9989947938688247
02,beta_log,4,1025,dm,,nan,0.6924870387502547,0.7153918288961995,0.9549142090919428,2.458586432428028,0.0,nan
02,beta_log,4,1025,ips,,nan,0.711936944704703,0.7153918288961995,0.9549142090919428,2.458586432428028,0.0,0.9549142090919428
02,beta_log,4,1025,snips,,nan,0.7116637252475588,0.7153918288961995,0.9549142090919428,2.458586432428028,0.0,0.9549142090919428
02,beta_log,4,1025,clipped_ips,,1.2722977633129933,0.7078218860575152,0.7153918288961995,0.9549142090919428,2.458586432428028,0.0,0.9782769273548411
02,beta_log,4,1025,dr,,nan,0.7115498427184053,0.7153918288961995,0.9549142090919428,2.458586432428028,0.0,0.9549142090919428
02,beta_log,4,1025,switch_dr,,1.4626822892976585,0.7167702683726179,0.7153918288961995,0.9549142090919428,2.458586432428028,0.0,0.9296536066165032
02,beta_log,4,1025,dros,,1.6187415985312454,0.7072169216995178,0.7153918288961995,0.9549142090919428,2.458586432428028,0.0,0.9989482811600048
02,beta_log,4,1026,dm,,nan,0.6926846985894299,0.7153918288961995,0.9537168539461649,2.510427557089197,0.0,nan
02,beta_log,4,1026,ips,,nan,0.7127205233363231,0.7153918288961995,0.9537168539461649,2.510427557089197,0.0,0.9537168539461649
02,beta_log,4,1026,snips,,nan,0.7122428425493585,0.7153918288961995,0.9537168539461649,2.510427557089197,0.0,0.9537168539461649
02,beta_log,4,1026,clipped_ips,,1.2746135046949285,0.7081117881426345,0.7153918288961995,0.9537168539461649,2.510427557089197,0.0,0.97776270583644
02,beta_log,4,1026,dr,,nan,0.7126361323040564,0.7153918288961995,0.9537168539461649,2.510427557089197,0.0,0.9537168539461649
02,beta_log,4,1026,switch_dr,,1.470617271729117,0.7173908518594391,0.7153918288961995,0.9537168539461649,2.510427557089197,0.0,0.9288240642830753
02,beta_log,4,1026,dros,,1.6246395863506886,0.7075075222589426,0.7153918288961995,0.9537168539461649,2.510427557089197,0.0,0.998913623795682
02,beta_log,4,1027,dm,,nan,0.694932822567693,0.7153918288961995,0.952653549533852,2.2954766920430623,0.0,nan
02,beta_log,4,1027,ips,,nan,0.7110788719095439,0.7153918288961995,0.952653549533852,2.2954766920430623,0.0,0.952653549533852
02,beta_log,4,1027,snips,,nan,0.7090580930778896,0.7153918288961995,0.952653549533852,2.2954766920430623,0.0,0.952653549533852
02,beta_log,4,1027,clipped_ips,,1.2930393162335996,0.705954419351984,0.7153918288961995,0.952653549533852,2.2954766920430623,0.0,0.9762927739535362
02,beta_log,4,1027,dr,,nan,0.7123547501238432,0.7153918288961995,0.952653549533852,2.2954766920430623,0.0,0.952653549533852
02,beta_log,4,1027,switch_dr,,1.488148035753594,0.7162645421912229,0.7153918288961995,0.952653549533852,2.2954766920430623,0.0,0.927637479682658
02,beta_log,4,1027,dros,,1.6719506733258547,0.7080237844432516,0.7153918288961995,0.952653549533852,2.2954766920430623,0.0,0.9988042175228482
02,beta_log,4,1028,dm,,nan,0.6931840083551081,0.7153918288961995,0.9530345781784306,2.423066664864658,0.0,nan
02,beta_log,4,1028,ips,,nan,0.7196206812084736,0.7153918288961995,0.9530345781784306,2.423066664864658,0.0,0.9530345781784306
02,beta_log,4,1028,snips,,nan,0.7199757735961286,0.7153918288961995,0.9530345781784306,2.423066664864658,0.0,0.9530345781784306
02,beta_log,4,1028,clipped_ips,,1.2762613960677889,0.7141768020979953,0.7153918288961995,0.9530345781784306,2.423066664864658,0.0,0.9775938783572293
02,beta_log,4,1028,dr,,nan,0.719474587272658,0.7153918288961995,0.9530345781784306,2.423066664864658,0.0,0.9530345781784306
02,beta_log,4,1028,switch_dr,,1.4610223306378431,0.7208050887254567,0.7153918288961995,0.9530345781784306,2.423066664864658,0.0,0.9288223011614897
02,beta_log,4,1028,dros,,1.6288431510929016,0.7107785543606221,0.7153918288961995,0.9530345781784306,2.423066664864658,0.0,0.9988954561192
02,beta_log,4,1029,dm,,nan,0.6936510889127656,0.7153918288961995,0.9534346678234351,2.423631940435983,0.0,nan
02,beta_log,4,1029,ips,,nan,0.7101370095977976,0.7153918288961995,0.9534346678234351,2.423631940435983,0.0,0.9534346678234351
02,beta_log,4,1029,snips,,nan,0.7094716602809934,0.7153918288961995,0.9534346678234351,2.423631940435983,0.0,0.9534346678234351
02,beta_log,4,1029,clipped_ips,,1.2864268820119495,0.7056398198235138,0.7153918288961995,0.9534346678234351,2.423631940435983,0.0,0.9768365443330502
02,beta_log,4,1029,dr,,nan,0.7104928092964401,0.7153918288961995,0.9534346678234351,2.423631940435983,0.0,0.9534346678234351
02,beta_log,4,1029,switch_dr,,1.471756743289414,0.7148424508705593,0.7153918288961995,0.9534346678234351,2.423631940435983,0.0,0.9282694411716719
02,beta_log,4,1029,dros,,1.6548941227629863,0.7069492655328082,0.7153918288961995,0.9534346678234351,2.423631940435983,0.0,0.998828760421577
02,beta_log,4,1030,dm,,nan,0.6959578595535321,0.7153918288961995,0.9520653880263904,2.5451133784000364,0.0,nan
02,beta_log,4,1030,ips,,nan,0.7067358278353092,0.7153918288961995,0.9520653880263904,2.5451133784000364,0.0,0.9520653880263904
02,beta_log,4,1030,snips,,nan,0.7056134648933103,0.7153918288961995,0.9520653880263904,2.5451133784000364,0.0,0.9520653880263904
02,beta_log,4,1030,clipped_ips,,1.2827023567379578,0.7010487683367,0.7153918288961995,0.9520653880263904,2.5451133784000364,0.0,0.9772264091439989
02,beta_log,4,1030,dr,,nan,0.7076590742083773,0.7153918288961995,0.9520653880263904,2.5451133784000364,0.0,0.9520653880263904
02,beta_log,4,1030,switch_dr,,1.4798424950973834,0.7082525675001466,0.7153918288961995,0.9520653880263904,2.5451133784000364,0.0,0.9283400806742865
02,beta_log,4,1030,dros,,1.6453253359811113,0.7050345827963415,0.7153918288961995,0.9520653880263904,2.5451133784000364,0.0,0.9988650466249536
02,beta_log,4,1031,dm,,nan,0.6935672007073113,0.7153918288961995,0.9522316170465384,2.40726326657134,0.0,nan
02,beta_log,4,1031,ips,,nan,0.7093088342493951,0.7153918288961995,0.9522316170465384,2.40726326657134,0.0,0.9522316170465384
02,beta_log,4,1031,snips,,nan,0.7072823044725578,0.7153918288961995,0.9522316170465384,2.40726326657134,0.0,0.9522316170465384
02,beta_log,4,1031,clipped_ips,,1.2881994082878565,0.7036567121910577,0.7153918288961995,0.9522316170465384,2.40726326657134,0.0,0.9765096499532814
02,beta_log,4,1031,dr,,nan,0.7103872807551422,0.7153918288961995,0.9522316170465384,2.40726326657134,0.0,0.9522316170465384
02,beta_log,4,1031,switch_dr,,1.4831717900703887,0.7119798774715159,0.7153918288961995,0.9522316170465384,2.40726326657134,0.0,0.9276826793108653
02,beta_log,4,1031,dros,,1.6594577155131836,0.70542413977023,0.7153918288961995,0.9522316170465384,2.40726326657134,0.0,0.9988166466276358
02,beta_log,4,1032,dm,,nan,0.6927234189159213,0.7153918288961995,0.9519011341450814,2.451945081075507,0.0,nan
02,beta_log,4,1032,ips,,nan,0.7096889640520365,0.7153918288961995,0.9519011341450814,2.451945081075507,0.0,0.9519011341450814
02,beta_log,4,1032,snips,,nan,0.7092930391176295,0.7153918288961995,0.9519011341450814,2.451945081075507,0.0,0.9519011341450814
02,beta_log,4,1032,clipped_ips,,1.2744319221752676,0.7050083317675637,0.7153918288961995,0.9519011341450814,2.451945081075507,0.0,0.9777602109815529
02,beta_log,4,1032,dr,,nan,0.710362878813795,0.7153918288961995,0.9519011341450814,2.451945081075507,0.0,0.9519011341450814
02,beta_log,4,1032,switch_dr,,1.4800075999929876,0.7139131805917344,0.7153918288961995,0.9519011341450814,2.451945081075507,0.0,0.9288821498257199
02,beta_log,4,1032,dros,,1.6241767242593472,0.7055577679660481,0.7153918288961995,0.9519011341450814,2.451945081075507,0.0,0.9988997831023033
02,beta_log,4,1033,dm,,nan,0.6947514559092304,0.7153918288961995,0.9504602943376361,2.502174641377587,0.0,nan
02,beta_log,4,1033,ips,,nan,0.7121768252951323,0.7153918288961995,0.9504602943376361,2.502174641377587,0.0,0.9504602943376361
02,beta_log,4,1033,snips,,nan,0.7110051864349871,0.7153918288961995,0.9504602943376361,2.502174641377587,0.0,0.9504602943376361
02,beta_log,4,1033,clipped_ips,,1.2848917413268348,0.7067560920156698,0.7153918288961995,0.9504602943376361,2.502174641377587,0.0,0.9767659894625894
02,beta_log,4,1033,dr,,nan,0.7135408079367357,0.7153918288961995,0.9504602943376361,2.502174641377587,0.0,0.9504602943376361
02,beta_log,4,1033,switch_dr,,1.4922376803309687,0.7133413281709822,0.7153918288961995,0.9504602943376361,2.502174641377587,0.0,0.9280155626747328
02,beta_log,4,1033,dros,,1.6509467869299057,0.7087109765077358,0.7153918288961995,0.9504602943376361,2.502174641377587,0.0,0.9988214370406571
02,beta_log,4,1034,dm,,nan,0.6941634717131772,0.7153918288961995,0.9530688127402062,2.3699791383938216,0.0,nan
02,beta_log,4,1034,ips,,nan,0.7214139543061108,0.7153918288961995,0.9530688127402062,2.3699791383938216,0.0,0.9530688127402062
02,beta_log,4,1034,snips,,nan,0.7220235343895173,0.7153918288961995,0.9530688127402062,2.3699791383938216,0.0,0.9530688127402062
02,beta_log,4,1034,clipped_ips,,1.2758898568038834,0.7152227013658354,0.7153918288961995,0.9530688127402062,2.3699791383938216,0.0,0.9776443749124932
02,beta_log,4,1034,dr,,nan,0.7213121999101815,0.7153918288961995,0.9530688127402062,2.3699791383938216,0.0,0.9530688127402062
02,beta_log,4,1034,switch_dr,,1.4743972627399795,0.7225483994414142,0.7153918288961995,0.9530688127402062,2.3699791383938216,0.0,0.9287278302625913
02,beta_log,4,1034,dros,,1.6278949266950342,0.7117679816821628,0.7153918288961995,0.9530688127402062,2.3699791383938216,0.0,0.9989085624973996
02,beta_log,4,1035,dm,,nan,0.6936778457121711,0.7153918288961995,0.9515194031294945,2.4473435629066325,0.0,nan
02,beta_log,4,1035,ips,,nan,0.7104299025207851,0.7153918288961995,0.9515194031294945,2.4473435629066325,0.0,0.9515194031294945
02,beta_log,4,1035,snips,,nan,0.7078958201517226,0.7153918288961995,0.9515194031294945,2.4473435629066325,0.0,0.9515194031294945
02,beta_log,4,1035,clipped_ips,,1.2845217839508933,0.7051696868630868,0.7153918288961995,0.9515194031294945,2.4473435629066325,0.0,0.976897734202078
02,beta_log,4,1035,dr,,nan,0.7117476356676207,0.7153918288961995,0.9515194031294945,2.4473435629066325,0.0,0.9515194031294945
02,beta_log,4,1035,switch_dr,,1.4836989137782672,0.7140813581994804,0.7153918288961995,0.9515194031294945,2.4473435629066325,0.0,0.927994584361112
02,beta_log,4,1035,dros,,1.6499962134443855,0.7068257795405337,0.7153918288961995,0.9515194031294945,2.4473435629066325,0.0,0.9988278561865985
02,beta_log,4,1036,dm,,nan,0.693694299662431,0.7153918288961995,0.9540286195253453,2.3764550602003838,0.0,nan
02,beta_log,4,1036,ips,,nan,0.7183558818884354,0.7153918288961995,0.9540286195253453,2.3764550602003838,0.0,0.9540286195253453
02,beta_log,4,1036,snips,,nan,0.7177220450691018,0.7153918288961995,0.9540286195253453,2.3764550602003838,0.0,0.9540286195253453
02,beta_log,4,1036,clipped_ips,,1.2818850980008034,0.7122361973530674,0.7153918288961995,0.9540286195253453,2.3764550602003838,0.0,0.977273941638435
02,beta_log,4,1036,dr,,nan,0.7182571093134983,0.7153918288961995,0.9540286195253453,2.3764550602003838,0.0,0.9540286195253453
02,beta_log,4,1036,switch_dr,,1.4755350001115117,0.7180396315187131,0.7153918288961995,0.9540286195253453,2.3764550602003838,0.0,0.9285465906733158
02,beta_log,4,1036,dros,,1.6432294044765294,0.7100275274836895,0.7153918288961995,0.9540286195253453,2.3764550602003838,0.0,0.9988504180542048
02,beta_log,4,1037,dm,,nan,0.6935709830984859,0.7153918288961995,0.9527488459099457,2.375178643105098,0.0,nan
02,beta_log,4,1037,ips,,nan,0.700669622458694,0.7153918288961995,0.9527488459099457,2.375178643105098,0.0,0.9527488459099457
02,beta_log,4,1037,snips,,nan,0.6986886957525925,0.7153918288961995,0.9527488459099457,2.375178643105098,0.0,0.9527488459099457
02,beta_log,4,1037,clipped_ips,,1.2839273929230552,0.696222917930149,0.7153918288961995,0.9527488459099457,2.375178643105098,0.0,0.9770962005688436
02,beta_log,4,1037,dr,,nan,0.7020067600996105,0.7153918288961995,0.9527488459099457,2.375178643105098,0.0,0.9527488459099457
02,beta_log,4,1037,switch_dr,,1.4707661425195078,0.7052817128023263,0.7153918288961995,0.9527488459099457,2.375178643105098,0.0,0.9285126615741932
02,beta_log,4,1037,dros,,1.6484695502981934,0.7011113017194422,0.7153918288961995,0.9527488459099457,2.375178643105098,0.0,0.9988535781629778
02,beta_log,4,1038,dm,,nan,0.6945459142367677,0.7153918288961995,0.9520350871967262,2.3834997745244477,0.0,nan
02,beta_log,4,1038,ips,,nan,0.7123148710318244,0.7153918288961995,0.9520350871967262,2.3834997745244477,0.0,0.9520350871967262
02,beta_log,4,1038,snips,,nan,0.7095339434143324,0.7153918288961995,0.9520350871967262,2.3834997745244477,0.0,0.9520350871967262
02,beta_log,4,1038,clipped_ips,,1.2909716982606667,0.7080468879935327,0.7153918288961995,0.9520350871967262,2.3834997745244477,0.0,0.9766603409831094
02,beta_log,4,1038,dr,,nan,0.7140243930601651,0.7153918288961995,0.9520350871967262,2.3834997745244477,0.0,0.9520350871967262
02,beta_log,4,1038,switch_dr,,1.483381508379947,0.7202217722507173,0.7153918288961995,0.9520350871967262,2.3834997745244477,0.0,0.9280873488931295
02,beta_log,4,1038,dros,,1.66660792571003,0.7092424597078618,0.7153918288961995,0.9520350871967262,2.3834997745244477,0.0,0.9988159330619711
02,beta_log,4,1039,dm,,nan,0.6918953120560825,0.7153918288961995,0.9529059695136329,2.4836244508980485,0.0,nan
02,beta_log,4,1039,ips,,nan,0.7123982416893009,0.7153918288961995,0.9529059695136329,2.4836244508980485,0.0,0.9529059695136329
02,beta_log,4,1039,snips,,nan,0.7110000314472644,0.7153918288961995,0.9529059695136329,2.4836244508980485,0.0,0.9529059695136329
02,beta_log,4,1039,clipped_ips,,1.2859447706170444,0.7082298266664798,0.7153918288961995,0.9529059695136329,2.4836244508980485,0.0,0.9768024194999065
02,beta_log,4,1039,dr,,nan,0.7126853947677504,0.7153918288961995,0.9529059695136329,2.4836244508980485,0.0,0.9529059695136329
02,beta_log,4,1039,switch_dr,,1.4615498721214903,0.7182599309496105,0.7153918288961995,0.9529059695136329,2.4836244508980485,0.0,0.9284342757525593
02,beta_log,4,1039,dros,,1.6536539530773229,0.7074065481390376,0.7153918288961995,0.9529059695136329,2.4836244508980485,0.0,0.9988235324223077
02,beta_log,8,1000,dm,,nan,0.6931789077614771,0.7153918288961995,0.2910133871595229,62.91824961749137,0.0,nan
02,beta_log,8,1000,ips,,nan,0.7230763381321845,0.7153918288961995,0.2910133871595229,62.91824961749137,0.0,0.2910133871595229
02,beta_log,8,1000,snips,,nan,0.7243833995323461,0.7153918288961995,0.2910133871595229,62.91824961749137,0.0,0.2910133871595229
02,beta_log,8,1000,clipped_ips,,1.5270392849523249,0.6480148890572823,0.7153918288961995,0.2910133871595229,62.91824961749137,0.0,0.8562868966165869
02,beta_log,8,1000,dr,,nan,0.7221997621283738,0.7153918288961995,0.2910133871595229,62.91824961749137,0.0,0.2910133871595229
02,beta_log,8,1000,switch_dr,,2.2802597188894227,0.722088887359849,0.7153918288961995,0.2910133871595229,62.91824961749137,0.0,0.7983797292187157
02,beta_log,8,1000,dros,,2.3318489777877076,0.716823646865695,0.7153918288961995,0.2910133871595229,62.91824961749137,0.0,0.9634000854344095
02,beta_log,8,1001,dm,,nan,0.6917799949717959,0.7153918288961995,0.2696119365077565,73.37560155764996,0.0,nan
02,beta_log,8,1001,ips,,nan,0.7148656934665417,0.7153918288961995,0.2696119365077565,73.37560155764996,0.0,0.2696119365077565
02,beta_log,8,1001,snips,,nan,0.7164125830176612,0.7153918288961995,0.2696119365077565,73.37560155764996,0.0,0.2696119365077565
02,beta_log,8,1001,clipped_ips,,1.5151225562826913,0.6431561453971306,0.7153918288961995,0.2696119365077565,73.37560155764996,0.0,0.8576638807439069
02,beta_log,8,1001,dr,,nan,0.716488468666833,0.7153918288961995,0.2696119365077565,73.37560155764996,0.0,0.2696119365077565
02,beta_log,8,1001,switch_dr,,2.3225979311438,0.7150405052970283,0.7153918288961995,0.2696119365077565,73.37560155764996,0.0,0.7974888876831185
02,beta_log,8,1001,dros,,2.295596360556597,0.7103983086589559,0.7153918288961995,0.2696119365077565,73.37560155764996,0.0,0.9640481476362178
02,beta_log,8,1002,dm,,nan,0.6957544468707243,0.7153918288961995,0.3147972445829486,52.549016856258135,0.0,nan
02,beta_log,8,1002,ips,,nan,0.7231590746612937,0.7153918288961995,0.3147972445829486,52.549016856258135,0.0,0.3147972445829486
02,beta_log,8,1002,snips,,nan,0.7234069047349323,0.7153918288961995,0.3147972445829486,52.549016856258135,0.0,0.3147972445829486
02,beta_log,8,1002,clipped_ips,,1.512271147107572,0.6491155979978204,0.7153918288961995,0.3147972445829486,52.549016856258135,0.0,0.8602793246189036
02,beta_log,8,1002,dr,,nan,0.7223665473587348,0.7153918288961995,0.3147972445829486,52.549016856258135,0.0,0.3147972445829486
02,beta_log,8,1002,switch_dr,,2.300339628036527,0.7254080373666498,0.7153918288961995,0.3147972445829486,52.549016856258135,0.0,0.7996528559949078
02,beta_log,8,1002,dros,,2.2869640223740517,0.718341449585131,0.7153918288961995,0.3147972445829486,52.549016856258135,0.0,0.9644840836224439
02,beta_log,8,1003,dm,,nan,0.6951055705886715,0.7153918288961995,0.26242656496375427,56.075530953363455,0.0,nan
02,beta_log,8,1003,ips,,nan,0.7275278817715723,0.7153918288961995,0.26242656496375427,56.075530953363455,0.0,0.26242656496375427
02,beta_log,8,1003,snips,,nan,0.7056634464551893,0.7153918288961995,0.26242656496375427,56.075530953363455,0.0,0.26242656496375427
02,beta_log,8,1003,clipped_ips,,1.5121407666899331,0.6464499582822254,0.7153918288961995,0.26242656496375427,56.075530953363455,0.0,0.8606761523424334
02,beta_log,8,1003,dr,,nan,0.7195896702910602,0.7153918288961995,0.26242656496375427,56.075530953363455,0.0,0.26242656496375427
02,beta_log,8,1003,switch_dr,,2.3574157361107617,0.7211871032506372,0.7153918288961995,0.26242656496375427,56.075530953363455,0.0,0.7957295577795187
02,beta_log,8,1003,dros,,2.2865696982856187,0.7156567109392994,0.7153918288961995,0.26242656496375427,56.075530953363455,0.0,0.964160042552509
02,beta_log,8,1004,dm,,nan,0.6936586772927706,0.7153918288961995,0.3405266985475608,45.24586203216795,0.0,nan
02,beta_log,8,1004,ips,,nan,0.7049809599618045,0.7153918288961995,0.3405266985475608,45.24586203216795,0.0,0.3405266985475608
02,beta_log,8,1004,snips,,nan,0.7247158864144049,0.7153918288961995,0.3405266985475608,45.24586203216795,0.0,0.3405266985475608
02,beta_log,8,1004,clipped_ips,,1.4706959374658632,0.6375187162566981,0.7153918288961995,0.3405266985475608,45.24586203216795,0.0,0.8651516790009357
02,beta_log,8,1004,dr,,nan,0.7104632747938839,0.7153918288961995,0.3405266985475608,45.24586203216795,0.0,0.3405266985475608
02,beta_log,8,1004,switch_dr,,2.1693215519684586,0.7152127565834951,0.7153918288961995,0.3405266985475608,45.24586203216795,0.0,0.8076961738611086
02,beta_log,8,1004,dros,,2.162946540478594,0.7125020111377037,0.7153918288961995,0.3405266985475608,45.24586203216795,0.0,0.9667247950870865
02,beta_log,8,1005,dm,,nan,0.6930386271315275,0.7153918288961995,0.29650868658376034,62.61015117066126,0.0,nan
02,beta_log,8,1005,ips,,nan,0.6933069688315252,0.7153918288961995,0.29650868658376034,62.61015117066126,0.0,0.29650868658376034
02,beta_log,8,1005,snips,,nan,0.6944941678378935,0.7153918288961995,0.29650868658376034,62.61015117066126,0.0,0.29650868658376034
02,beta_log,8,1005,clipped_ips,,1.5046277413327527,0.6294076469400132,0.7153918288961995,0.29650868658376034,62.61015117066126,0.0,0.8591545059418908
02,beta_log,8,1005,dr,,nan,0.6935185956311887,0.7153918288961995,0.29650868658376034,62.61015117066126,0.0,0.29650868658376034
02,beta_log,8,1005,switch_dr,,2.287068170934131,0.7083934594081485,0.7153918288961995,0.29650868658376034,62.61015117066126,0.0,0.7975902931582276
02,beta_log,8,1005,dros,,2.263904639988101,0.7033008524746318,0.7153918288961995,0.29650868658376034,62.61015117066126,0.0,0.9641671760206336
02,beta_log,8,1006,dm,,nan,0.6924331064300114,0.7153918288961995,0.2843642896472358,67.30015721288552,0.0,nan
02,beta_log,8,1006,ips,,nan,0.7073582183298417,0.7153918288961995,0.2843642896472358,67.30015721288552,0.0,0.2843642896472358
02,beta_log,8,1006,snips,,nan,0.710822718389695,0.7153918288961995,0.2843642896472358,67.30015721288552,0.0,0.2843642896472358
02,beta_log,8,1006,clipped_ips,,1.4921874969880964,0.6373936413283163,0.7153918288961995,0.2843642896472358,67.30015721288552,0.0,0.8621653144989913
02,beta_log,8,1006,dr,,nan,0.7071322720807756,0.7153918288961995,0.2843642896472358,67.30015721288552,0.0,0.2843642896472358
02,beta_log,8,1006,switch_dr,,2.2767365354235665,0.715984387325046,0.7153918288961995,0.2843642896472358,67.30015721288552,0.0,0.8009703058245433
02,beta_log,8,1006,dros,,2.2266235261676,0.7102671398259289,0.7153918288961995,0.2843642896472358,67.30015721288552,0.0,0.9654111584976732
02,beta_log,8,1007,dm,,nan,0.6938058926537315,0.7153918288961995,0.2688043084231668,64.47773603121658,0.0,nan
02,beta_log,8,1007,ips,,nan,0.7251781423804832,0.7153918288961995,0.2688043084231668,64.47773603121658,0.0,0.2688043084231668
02,beta_log,8,1007,snips,,nan,0.7142182435248823,0.7153918288961995,0.2688043084231668,64.47773603121658,0.0,0.2688043084231668
02,beta_log,8,1007,clipped_ips,,1.5218615454490705,0.6478868529799261,0.7153918288961995,0.2688043084231668,64.47773603121658,0.0,0.8588914724311176
02,beta_log,8,1007,dr,,nan,0.7221576109398032,0.7153918288961995,0.2688043084231668,64.47773603121658,0.0,0.2688043084231668
02,beta_log,8,1007,switch_dr,,2.2530859917311434,0.7191792441528799,0.7153918288961995,0.2688043084231668,64.47773603121658,0.0,0.8018325503032265
02,beta_log,8,1007,dros,,2.3160625635166334,0.7139933352478661,0.7153918288961995,0.2688043084231668,64.47773603121658,0.0,0.9634513392483279
02,beta_log,8,1008,dm,,nan,0.6941399543912707,0.7153918288961995,0.20399712966893566,88.2027437581887,0.0,nan
02,beta_log,8,1008,ips,,nan,0.7265909686270828,0.7153918288961995,0.20399712966893566,88.2027437581887,0.0,0.20399712966893566
02,beta_log,8,1008,snips,,nan,0.7031903267482351,0.7153918288961995,0.20399712966893566,88.2027437581887,0.0,0.20399712966893566
02,beta_log,8,1008,clipped_ips,,1.5198380771055162,0.6484775707927293,0.7153918288961995,0.20399712966893566,88.2027437581887,0.0,0.8582046100427934
02,beta_log,8,1008,dr,,nan,0.7201154424045423,0.7153918288961995,0.20399712966893566,88.2027437581887,0.0,0.20399712966893566
02,beta_log,8,1008,switch_dr,,2.3315507370390987,0.7230605851962324,0.7153918288961995,0.20399712966893566,88.2027437581887,0.0,0.7974956998504187
02,beta_log,8,1008,dros,,2.309907780619793,0.7180952798209469,0.7153918288961995,0.20399712966893566,88.2027437581887,0.0,0.9636429902297121
02,beta_log,8,1009,dm,,nan,0.6927295403702923,0.7153918288961995,0.2597631594322458,82.03216850395762,0.0,nan
02,beta_log,8,1009,ips,,nan,0.7131043726142529,0.7153918288961995,0.2597631594322458,82.03216850395762,0.0,0.2597631594322458
02,beta_log,8,1009,snips,,nan,0.7183868451062069,0.7153918288961995,0.2597631594322458,82.03216850395762,0.0,0.2597631594322458
02,beta_log,8,1009,clipped_ips,,1.4781364108767958,0.6364008532973976,0.7153918288961995,0.2597631594322458,82.03216850395762,0.0,0.8643369887590321
02,beta_log,8,1009,dr,,nan,0.7178873762278553,0.7153918288961995,0.2597631594322458,82.03216850395762,0.0,0.2597631594322458
02,beta_log,8,1009,switch_dr,,2.1824284061083126,0.7160819994277728,0.7153918288961995,0.2597631594322458,82.03216850395762,0.0,0.8064609064217573
02,beta_log,8,1009,dros,,2.1848872491597358,0.7096891523626013,0.7153918288961995,0.2597631594322458,82.03216850395762,0.0,0.9657082054820492
02,beta_log,8,1010,dm,,nan,0.6934092517159707,0.7153918288961995,0.2679801652559299,76.07914554414698,0.0,nan
02,beta_log,8,1010,ips,,nan,0.7262716845190766,0.7153918288961995,0.2679801652559299,76.07914554414698,0.0,0.2679801652559299
02,beta_log,8,1010,snips,,nan,0.7255831221643838,0.7153918288961995,0.2679801652559299,76.07914554414698,0.0,0.2679801652559299
02,beta_log,8,1010,clipped_ips,,1.5033257530214759,0.6409393306915858,0.7153918288961995,0.2679801652559299,76.07914554414698,0.0,0.8592846478466843
02,beta_log,8,1010,dr,,nan,0.7258798952911621,0.7153918288961995,0.2679801652559299,76.07914554414698,0.0,0.2679801652559299
02,beta_log,8,1010,switch_dr,,2.3038119382137388,0.7164388541301978,0.7153918288961995,0.2679801652559299,76.07914554414698,0.0,0.7980291749306
02,beta_log,8,1010,dros,,2.2599883196975874,0.713137886764914,0.7153918288961995,0.2679801652559299,76.07914554414698,0.0,0.963973159234319
02,beta_log,8,1011,dm,,nan,0.6948805225766604,0.7153918288961995,0.3262600338849454,47.74475312446282,0.0,nan
02,beta_log,8,1011,ips,,nan,0.7117915004774813,0.7153918288961995,0.3262600338849454,47.74475312446282,0.0,0.3262600338849454
02,beta_log,8,1011,snips,,nan,0.7139945505305351,0.7153918288961995,0.3262600338849454,47.74475312446282,0.0,0.3262600338849454
02,beta_log,8,1011,clipped_ips,,1.5118890794934923,0.6426310762040803,0.7153918288961995,0.3262600338849454,47.74475312446282,0.0,0.8584779107441757
02,beta_log,8,1011,dr,,nan,0.7101418992945041,0.7153918288961995,0.3262600338849454,47.74475312446282,0.0,0.3262600338849454
02,beta_log,8,1011,switch_dr,,2.2310696472436895,0.7186366694776986,0.7153918288961995,0.3262600338849454,47.74475312446282,0.0,0.8009256867850967
02,beta_log,8,1011,dros,,2.2858085886916792,0.7131105625875891,0.7153918288961995,0.3262600338849454,47.74475312446282,0.0,0.9636448779429339
02,beta_log,8,1012,dm,,nan,0.6944896621525134,0.7153918288961995,0.24999459427114754,54.69427248407114,0.0,nan
02,beta_log,8,1012,ips,,nan,0.7355455758250905,0.7153918288961995,0.24999459427114754,54.69427248407114,0.0,0.24999459427114754
02,beta_log,8,1012,snips,,nan,0.7269040543657009,0.7153918288961995,0.24999459427114754,54.69427248407114,0.0,0.24999459427114754
02,beta_log,8,1012,clipped_ips,,1.4867652571599441,0.650360724952669,0.7153918288961995,0.24999459427114754,54.69427248407114,0.0,0.8643348379825738
02,beta_log,8,1012,dr,,nan,0.7346039868339198,0.7153918288961995,0.24999459427114754,54.69427248407114,0.0,0.24999459427114754
02,beta_log,8,1012,switch_dr,,2.2413268723526962,0.7242177966768333,0.7153918288961995,0.24999459427114754,54.69427248407114,0.0,0.8045696773347951
02,beta_log,8,1012,dros,,2.2104709298978746,0.7181453276957405,0.7153918288961995,0.24999459427114754,54.69427248407114,0.0,0.965289746143915
02,beta_log,8,1013,dm,,nan,0.6941379332524861,0.7153918288961995,0.30676362324017903,47.27889521047989,0.0,nan
02,beta_log,8,1013,ips,,nan,0.725774894412529,0.7153918288961995,0.30676362324017903,47.27889521047989,0.0,0.30676362324017903
02,beta_log,8,1013,snips,,nan,0.730829474587819,0.7153918288961995,0.30676362324017903,47.27889521047989,0.0,0.30676362324017903
02,beta_log,8,1013,clipped_ips,,1.525095361421439,0.6490614775367834,0.7153918288961995,0.30676362324017903,47.27889521047989,0.0,0.8584637524437488
02,beta_log,8,1013,dr,,nan,0.7250453769112122,0.7153918288961995,0.30676362324017903,47.27889521047989,0.0,0.30676362324017903
02,beta_log,8,1013,switch_dr,,2.262386554318557,0.7208428486967062,0.7153918288961995,0.30676362324017903,47.27889521047989,0.0,0.801020378704863
02,beta_log,8,1013,dros,,2.32591586142919,0.7143405818910058,0.7153918288961995,0.30676362324017903,47.27889521047989,0.0,0.9639469657840051
02,beta_log,8,1014,dm,,nan,0.6932807440730274,0.7153918288961995,0.2488485945644813,60.02490834439146,0.0,nan
02,beta_log,8,1014,ips,,nan,0.6976719312672339,0.7153918288961995,0.2488485945644813,60.02490834439146,0.0,0.2488485945644813
02,beta_log,8,1014,snips,,nan,0.6885814960705472,0.7153918288961995,0.2488485945644813,60.02490834439146,0.0,0.2488485945644813
02,beta_log,8,1014,clipped_ips,,1.505476048875046,0.6385334902460343,0.7153918288961995,0.2488485945644813,60.02490834439146,0.0,0.859824509135661
02,beta_log,8,1014,dr,,nan,0.6951117322920874,0.7153918288961995,0.2488485945644813,60.02490834439146,0.0,0.2488485945644813
02,beta_log,8,1014,switch_dr,,2.217361099903414,0.7169584753116873,0.7153918288961995,0.2488485945644813,60.02490834439146,0.0,0.8020955616543495
02,beta_log,8,1014,dros,,2.2664581337364202,0.7111254939187609,0.7153918288961995,0.2488485945644813,60.02490834439146,0.0,0.9637694328629967
02,beta_log,8,1015,dm,,nan,0.6930117983022533,0.7153918288961995,0.2200465536986198,108.18449179810814,0.0,nan
02,beta_log,8,1015,ips,,nan,0.7103741483712164,0.7153918288961995,0.2200465536986198,108.18449179810814,0.0,0.2200465536986198
02,beta_log,8,1015,snips,,nan,0.7102185133546831,0.7153918288961995,0.2200465536986198,108.18449179810814,0.0,0.2200465536986198
02,beta_log,8,1015,clipped_ips,,1.5021947439954162,0.6407623379129751,0.7153918288961995,0.2200465536986198,108.18449179810814,0.0,0.861864687301643
02,beta_log,8,1015,dr,,nan,0.7114072306838493,0.7153918288961995,0.2200465536986198,108.18449179810814,0.0,0.2200465536986198
02,beta_log,8,1015,switch_dr,,2.2624893800110417,0.7139245098154025,0.7153918288961995,0.2200465536986198,108.18449179810814,0.0,0.801894390430963
02,beta_log,8,1015,dros,,2.256589048887454,0.7107684542398451,0.7153918288961995,0.2200465536986198,108.18449179810814,0.0,0.9651129567934886
02,beta_log,8,1016,dm,,nan,0.6962416410726673,0.7153918288961995,0.32409499979146833,41.645412435329874,0.0,nan
02,beta_log,8,1016,ips,,nan,0.727898161192831,0.7153918288961995,0.32409499979146833,41.645412435329874,0.0,0.32409499979146833
02,beta_log,8,1016,snips,,nan,0.7338682774801961,0.7153918288961995,0.32409499979146833,41.645412435329874,0.0,0.32409499979146833
02,beta_log,8,1016,clipped_ips,,1.4982013672893277,0.6483901127173274,0.7153918288961995,0.32409499979146833,41.645412435329874,0.0,0.8613244954326429
02,beta_log,8,1016,dr,,nan,0.7268839209579614,0.7153918288961995,0.32409499979146833,41.645412435329874,0.0,0.32409499979146833
02,beta_log,8,1016,switch_dr,,2.228497845270901,0.7221193269980749,0.7153918288961995,0.32409499979146833,41.645412435329874,0.0,0.8019793782416463
02,beta_log,8,1016,dros,,2.244607336947611,0.7167113892662023,0.7153918288961995,0.32409499979146833,41.645412435329874,0.0,0.9649948589038313
02,beta_log,8,1017,dm,,nan,0.6929990235095813,0.7153918288961995,0.2510601393099019,68.42923583618624,0.0,nan
02,beta_log,8,1017,ips,,nan,0.7209305478904471,0.7153918288961995,0.2510601393099019,68.42923583618624,0.0,0.2510601393099019
02,beta_log,8,1017,snips,,nan,0.7145242388737197,0.7153918288961995,0.2510601393099019,68.42923583618624,0.0,0.2510601393099019
02,beta_log,8,1017,clipped_ips,,1.507544388625007,0.642130860163345,0.7153918288961995,0.2510601393099019,68.42923583618624,0.0,0.8590814007259816
02,beta_log,8,1017,dr,,nan,0.7180325183588501,0.7153918288961995,0.2510601393099019,68.42923583618624,0.0,0.2510601393099019
02,beta_log,8,1017,switch_dr,,2.2512484086141384,0.7175816714166217,0.7153918288961995,0.2510601393099019,68.42923583618624,0.0,0.8019690503910458
02,beta_log,8,1017,dros,,2.272690083674746,0.7100956763262263,0.7153918288961995,0.2510601393099019,68.42923583618624,0.0,0.9638352381718976
02,beta_log,8,1018,dm,,nan,0.6937551179611569,0.7153918288961995,0.3218264778813261,51.59780448255051,0.0,nan
02,beta_log,8,1018,ips,,nan,0.7167641833941689,0.7153918288961995,0.3218264778813261,51.59780448255051,0.0,0.3218264778813261
02,beta_log,8,1018,snips,,nan,0.7242960971472475,0.7153918288961995,0.3218264778813261,51.59780448255051,0.0,0.3218264778813261
02,beta_log,8,1018,clipped_ips,,1.5156260938652555,0.6401890517063202,0.7153918288961995,0.3218264778813261,51.59780448255051,0.0,0.8591255864250199
02,beta_log,8,1018,dr,,nan,0.7172803423793098,0.7153918288961995,0.3218264778813261,51.59780448255051,0.0,0.3218264778813261
02,beta_log,8,1018,switch_dr,,2.3002117009082497,0.7159839923729181,0.7153918288961995,0.3218264778813261,51.59780448255051,0.0,0.7986311883665569
02,beta_log,8,1018,dros,,2.297122456405252,0.7099895896685097,0.7153918288961995,0.3218264778813261,51.59780448255051,0.0,0.9643898594885808
02,beta_log,8,1019,dm,,nan,0.6955462597736317,0.7153918288961995,0.30858922867206345,45.169412104526344,0.0,nan
02,beta_log,8,1019,ips,,nan,0.727040946198596,0.7153918288961995,0.30858922867206345,45.169412104526344,0.0,0.30858922867206345
02,beta_log,8,1019,snips,,nan,0.736185770715294,0.7153918288961995,0.30858922867206345,45.169412104526344,0.0,0.30858922867206345
02,beta_log,8,1019,clipped_ips,,1.501302628147598,0.6500165459351971,0.7153918288961995,0.30858922867206345,45.169412104526344,0.0,0.8610086098235843
02,beta_log,8,1019,dr,,nan,0.7287605737861678,0.7153918288961995,0.30858922867206345,45.169412104526344,0.0,0.30858922867206345
02,beta_log,8,1019,switch_dr,,2.2697699202809614,0.726792406078076,0.7153918288961995,0.30858922867206345,45.169412104526344,0.0,0.8016513064824531
02,beta_log,8,1019,dros,,2.253909581282885,0.7191595965623698,0.7153918288961995,0.30858922867206345,45.169412104526344,0.0,0.9651938806924687
02,beta_log,8,1020,dm,,nan,0.6949391005188121,0.7153918288961995,0.3000984835500694,53.02627902056333,0.0,nan
02,beta_log,8,1020,ips,,nan,0.7088846809076771,0.7153918288961995,0.3000984835500694,53.02627902056333,0.0,0.3000984835500694
02,beta_log,8,1020,snips,,nan,0.7195957774835767,0.7153918288961995,0.3000984835500694,53.02627902056333,0.0,0.3000984835500694
02,beta_log,8,1020,clipped_ips,,1.4988501677210728,0.6401398853116669,0.7153918288961995,0.3000984835500694,53.02627902056333,0.0,0.8597089382680613
02,beta_log,8,1020,dr,,nan,0.7100648425773735,0.7153918288961995,0.3000984835500694,53.02627902056333,0.0,0.3000984835500694
02,beta_log,8,1020,switch_dr,,2.1804677836634117,0.7152691562581884,0.7153918288961995,0.3000984835500694,53.02627902056333,0.0,0.803876210872416
02,beta_log,8,1020,dros,,2.2465518252774883,0.7111309084910907,0.7153918288961995,0.3000984835500694,53.02627902056333,0.0,0.9646960288717026
02,beta_log,8,1021,dm,,nan,0.6934494920853139,0.7153918288961995,0.3194613056645071,51.005554500468854,0.0,nan
02,beta_log,8,1021,ips,,nan,0.7243198003921713,0.7153918288961995,0.3194613056645071,51.005554500468854,0.0,0.3194613056645071
02,beta_log,8,1021,snips,,nan,0.7236346158216793,0.7153918288961995,0.3194613056645071,51.005554500468854,0.0,0.3194613056645071
02,beta_log,8,1021,clipped_ips,,1.5262522442743796,0.6505626262003668,0.7153918288961995,0.3194613056645071,51.005554500468854,0.0,0.8564572684785883
02,beta_log,8,1021,dr,,nan,0.7183609959500505,0.7153918288961995,0.3194613056645071,51.005554500468854,0.0,0.3194613056645071
02,beta_log,8,1021,switch_dr,,2.2504815678199774,0.7205557331756927,0.7153918288961995,0.3194613056645071,51.005554500468854,0.0,0.7996057063193743
02,beta_log,8,1021,dros,,2.3294459131525804,0.7153289388715697,0.7153918288961995,0.3194613056645071,51.005554500468854,0.0,0.9628528653106612
02,beta_log,8,1022,dm,,nan,0.6953662502964467,0.7153918288961995,0.31847608421934154,43.92342253412666,0.0,nan
02,beta_log,8,1022,ips,,nan,0.7126186174089456,0.7153918288961995,0.31847608421934154,43.92342253412666,0.0,0.31847608421934154
02,beta_log,8,1022,snips,,nan,0.7074924867435902,0.7153918288961995,0.31847608421934154,43.92342253412666,0.0,0.31847608421934154
02,beta_log,8,1022,clipped_ips,,1.5191960888726916,0.6422637628364547,0.7153918288961995,0.31847608421934154,43.92342253412666,0.0,0.8587144351436047
02,beta_log,8,1022,dr,,nan,0.7051829615065197,0.7153918288961995,0.31847608421934154,43.92342253412666,0.0,0.31847608421934154
02,beta_log,8,1022,switch_dr,,2.3233679826122757,0.7177538857978408,0.7153918288961995,0.31847608421934154,43.92342253412666,0.0,0.7987465738521577
02,beta_log,8,1022,dros,,2.307956756446083,0.712773873767561,0.7153918288961995,0.31847608421934154,43.92342253412666,0.0,0.963568727542094
02,beta_log,8,1023,dm,,nan,0.6944141003199898,0.7153918288961995,0.2957352542886972,53.28174233967153,0.0,nan
02,beta_log,8,1023,ips,,nan,0.7209716692741709,0.7153918288961995,0.2957352542886972,53.28174233967153,0.0,0.2957352542886972
02,beta_log,8,1023,snips,,nan,0.7219061785401235,0.7153918288961995,0.2957352542886972,53.28174233967153,0.0,0.2957352542886972
02,beta_log,8,1023,clipped_ips,,1.519621458749752,0.6477801400510768,0.7153918288961995,0.2957352542886972,53.28174233967153,0.0,0.858178978264683
02,beta_log,8,1023,dr,,nan,0.7191212385564635,0.7153918288961995,0.2957352542886972,53.28174233967153,0.0,0.2957352542886972
02,beta_log,8,1023,switch_dr,,2.25734837780868,0.7202921373458848,0.7153918288961995,0.2957352542886972,53.28174233967153,0.0,0.8011929789067984
02,beta_log,8,1023,dros,,2.3092493778927246,0.7150163363916414,0.7153918288961995,0.2957352542886972,53.28174233967153,0.0,0.9639066555528992
02,beta_log,8,1024,dm,,nan,0.6924258740815692,0.7153918288961995,0.21205503897781422,67.57496208247287,0.0,nan
02,beta_log,8,1024,ips,,nan,0.7176119807534774,0.7153918288961995,0.21205503897781422,67.57496208247287,0.0,0.21205503897781422
02,beta_log,8,1024,snips,,nan,0.7003283647801662,0.7153918288961995,0.21205503897781422,67.57496208247287,0.0,0.21205503897781422
02,beta_log,8,1024,clipped_ips,,1.4801455291755878,0.6390561813893793,0.7153918288961995,0.21205503897781422,67.57496208247287,0.0,0.8633517535323101
02,beta_log,8,1024,dr,,nan,0.7167749488264878,0.7153918288961995,0.21205503897781422,67.57496208247287,0.0,0.21205503897781422
02,beta_log,8,1024,switch_dr,,2.2248943252916065,0.7191067106292499,0.7153918288961995,0.21205503897781422,67.57496208247287,0.0,0.8053504459817743
02,beta_log,8,1024,dros,,2.190830787538481,0.7113053050684289,0.7153918288961995,0.21205503897781422,67.57496208247287,0.0,0.9647887794147877
02,beta_log,8,1025,dm,,nan,0.6924870387502547,0.7153918288961995,0.23783463893398385,66.76422932689125,0.0,nan
02,beta_log,8,1025,ips,,nan,0.7211138029324009,0.7153918288961995,0.23783463893398385,66.76422932689125,0.0,0.23783463893398385
02,beta_log,8,1025,snips,,nan,0.7012925973022208,0.7153918288961995,0.23783463893398385,66.76422932689125,0.0,0.23783463893398385
02,beta_log,8,1025,clipped_ips,,1.538438627935528,0.6463549703735222,0.7153918288961995,0.23783463893398385,66.76422932689125,0.0,0.8562592128636457
02,beta_log,8,1025,dr,,nan,0.7143977058472725,0.7153918288961995,0.23783463893398385,66.76422932689125,0.0,0.23783463893398385
02,beta_log,8,1025,switch_dr,,2.301975244500908,0.7207663909793048,0.7153918288961995,0.23783463893398385,66.76422932689125,0.0,0.7980211933868039
02,beta_log,8,1025,dros,,2.36679341192415,0.71159606911514,0.7153918288961995,0.23783463893398385,66.76422932689125,0.0,0.9627063679188989
02,beta_log,8,1026,dm,,nan,0.6926846985894299,0.7153918288961995,0.22128062497015158,75.20647366664929,0.0,nan
02,beta_log,8,1026,ips,,nan,0.7095972753033246,0.7153918288961995,0.22128062497015158,75.20647366664929,0.0,0.22128062497015158
02,beta_log,8,1026,snips,,nan,0.7104663352807222,0.7153918288961995,0.22128062497015158,75.20647366664929,0.0,0.22128062497015158
02,beta_log,8,1026,clipped_ips,,1.4616881342029848,0.6391737836212944,0.7153918288961995,0.22128062497015158,75.20647366664929,0.0,0.8670148819886133
02,beta_log,8,1026,dr,,nan,0.7128731203641692,0.7153918288961995,0.22128062497015158,75.20647366664929,0.0,0.22128062497015158
02,beta_log,8,1026,switch_dr,,2.175551721615213,0.7122815271766803,0.7153918288961995,0.22128062497015158,75.20647366664929,0.0,0.8085242029356589
02,beta_log,8,1026,dros,,2.136532201669803,0.7106397814755175,0.7153918288961995,0.22128062497015158,75.20647366664929,0.0,0.966668915325658
02,beta_log,8,1027,dm,,nan,0.694932822567693,0.7153918288961995,0.31311306301965786,40.77817322661705,0.0,nan
02,beta_log,8,1027,ips,,nan,0.7175826239814118,0.7153918288961995,0.31311306301965786,40.77817322661705,0.0,0.31311306301965786
02,beta_log,8,1027,snips,,nan,0.7040869562767545,0.7153918288961995,0.31311306301965786,40.77817322661705,0.0,0.31311306301965786
02,beta_log,8,1027,clipped_ips,,1.5449622280088249,0.6455424002480882,0.7153918288961995,0.31311306301965786,40.77817322661705,0.0,0.8542124442316528
02,beta_log,8,1027,dr,,nan,0.7101306208469306,0.7153918288961995,0.31311306301965786,40.77817322661705,0.0,0.31311306301965786
02,beta_log,8,1027,switch_dr,,2.376298591005368,0.7200823090912606,0.7153918288961995,0.31311306301965786,40.77817322661705,0.0,0.7926623991183152
02,beta_log,8,1027,dros,,2.386908285973992,0.7127836258262031,0.7153918288961995,0.31311306301965786,40.77817322661705,0.0,0.9620478101361108
02,beta_log,8,1028,dm,,nan,0.6931840083551081,0.7153918288961995,0.2658979806434841,41.853319339115366,0.0,nan
02,beta_log,8,1028,ips,,nan,0.72247267939516,0.7153918288961995,0.2658979806434841,41.853319339115366,0.0,0.2658979806434841
02,beta_log,8,1028,snips,,nan,0.7052026070853328,0.7153918288961995,0.2658979806434841,41.853319339115366,0.0,0.2658979806434841
02,beta_log,8,1028,clipped_ips,,1.4999073796894784,0.6443332711357831,0.7153918288961995,0.2658979806434841,41.853319339115366,0.0,0.8609654584196301
02,beta_log,8,1028,dr,,nan,0.7157376404738482,0.7153918288961995,0.2658979806434841,41.853319339115366,0.0,0.2658979806434841
02,beta_log,8,1028,switch_dr,,2.2920911758190137,0.7204140765269308,0.7153918288961995,0.2658979806434841,41.853319339115366,0.0,0.801100692802756
02,beta_log,8,1028,dros,,2.249722147646957,0.7140699961093426,0.7153918288961995,0.2658979806434841,41.853319339115366,0.0,0.9639066972539767
02,beta_log,8,1029,dm,,nan,0.6936510889127656,0.7153918288961995,0.19348333885126914,73.36412592789256,0.0,nan
02,beta_log,8,1029,ips,,nan,0.7091251851455067,0.7153918288961995,0.19348333885126914,73.36412592789256,0.0,0.19348333885126914
02,beta_log,8,1029,snips,,nan,0.6820451631039508,0.7153918288961995,0.19348333885126914,73.36412592789256,0.0,0.19348333885126914
02,beta_log,8,1029,clipped_ips,,1.498559638892624,0.6378423052910722,0.7153918288961995,0.19348333885126914,73.36412592789256,0.0,0.8615324093207921
02,beta_log,8,1029,dr,,nan,0.7053919333173717,0.7153918288961995,0.19348333885126914,73.36412592789256,0.0,0.19348333885126914
02,beta_log,8,1029,switch_dr,,2.190840192267715,0.7148932641961012,0.7153918288961995,0.19348333885126914,73.36412592789256,0.0,0.803848107208794
02,beta_log,8,1029,dros,,2.2456809913179914,0.7109008715440429,0.7153918288961995,0.19348333885126914,73.36412592789256,0.0,0.9638941767436566
02,beta_log,8,1030,dm,,nan,0.6959578595535321,0.7153918288961995,0.3378814945929487,60.706160341634316,0.0,nan
02,beta_log,8,1030,ips,,nan,0.7019943548261774,0.7153918288961995,0.3378814945929487,60.706160341634316,0.0,0.3378814945929487
02,beta_log,8,1030,snips,,nan,0.7172240082492954,0.7153918288961995,0.3378814945929487,60.706160341634316,0.0,0.3378814945929487
02,beta_log,8,1030,clipped_ips,,1.494974248108286,0.6370627038891582,0.7153918288961995,0.3378814945929487,60.706160341634316,0.0,0.8624540399212972
02,beta_log,8,1030,dr,,nan,0.7063348244240586,0.7153918288961995,0.3378814945929487,60.706160341634316,0.0,0.3378814945929487
02,beta_log,8,1030,switch_dr,,2.1891574582801527,0.713508817307422,0.7153918288961995,0.3378814945929487,60.706160341634316,0.0,0.804706240714284
02,beta_log,8,1030,dros,,2.234948002506935,0.7096941349570663,0.7153918288961995,0.3378814945929487,60.706160341634316,0.0,0.96547974569035
02,beta_log,8,1031,dm,,nan,0.6935672007073113,0.7153918288961995,0.30188639363727504,46.88825155403917,0.0,nan
02,beta_log,8,1031,ips,,nan,0.714531364225122,0.7153918288961995,0.30188639363727504,46.88825155403917,0.0,0.30188639363727504
02,beta_log,8,1031,snips,,nan,0.713576291681082,0.7153918288961995,0.30188639363727504,46.88825155403917,0.0,0.30188639363727504
02,beta_log,8,1031,clipped_ips,,1.5364305813402521,0.6406694592361507,0.7153918288961995,0.30188639363727504,46.88825155403917,0.0,0.8534421331762638
02,beta_log,8,1031,dr,,nan,0.7121227245049546,0.7153918288961995,0.30188639363727504,46.88825155403917,0.0,0.30188639363727504
02,beta_log,8,1031,switch_dr,,2.263271905238652,0.7138171019741932,0.7153918288961995,0.30188639363727504,46.88825155403917,0.0,0.79640421513307
02,beta_log,8,1031,dros,,2.360618931277545,0.7096283754959124,0.7153918288961995,0.30188639363727504,46.88825155403917,0.0,0.9624663125051216
02,beta_log,8,1032,dm,,nan,0.6927234189159213,0.7153918288961995,0.32449070275016867,71.22830787742603,0.0,nan
02,beta_log,8,1032,ips,,nan,0.7130292365474751,0.7153918288961995,0.32449070275016867,71.22830787742603,0.0,0.32449070275016867
02,beta_log,8,1032,snips,,nan,0.7310763362273074,0.7153918288961995,0.32449070275016867,71.22830787742603,0.0,0.32449070275016867
02,beta_log,8,1032,clipped_ips,,1.4989532073587934,0.6394537540986746,0.7153918288961995,0.32449070275016867,71.22830787742603,0.0,0.8600775108753025
02,beta_log,8,1032,dr,,nan,0.7163068063007142,0.7153918288961995,0.32449070275016867,71.22830787742603,0.0,0.32449070275016867
02,beta_log,8,1032,switch_dr,,2.210614798876501,0.713119714574574,0.7153918288961995,0.32449070275016867,71.22830787742603,0.0,0.8035616948911545
02,beta_log,8,1032,dros,,2.246860717851214,0.7088012466270339,0.7153918288961995,0.32449070275016867,71.22830787742603,0.0,0.9651029043326164
02,beta_log,8,1033,dm,,nan,0.6947514559092304,0.7153918288961995,0.2759490277065868,66.2178895381908,0.0,nan
02,beta_log,8,1033,ips,,nan,0.705609630824194,0.7153918288961995,0.2759490277065868,66.2178895381908,0.0,0.2759490277065868
02,beta_log,8,1033,snips,,nan,0.7176628525845438,0.7153918288961995,0.2759490277065868,66.2178895381908,0.0,0.2759490277065868
02,beta_log,8,1033,clipped_ips,,1.4770806476636478,0.6356274608535727,0.7153918288961995,0.2759490277065868,66.2178895381908,0.0,0.8639280872343664
02,beta_log,8,1033,dr,,nan,0.7121656067359212,0.7153918288961995,0.2759490277065868,66.2178895381908,0.0,0.2759490277065868
02,beta_log,8,1033,switch_dr,,2.1304589661360946,0.716050431182363,0.7153918288961995,0.2759490277065868,66.2178895381908,0.0,0.8092687898723302
02,beta_log,8,1033,dros,,2.1817672397024612,0.7116068117525737,0.7153918288961995,0.2759490277065868,66.2178895381908,0.0,0.9655245248417468
02,beta_log,8,1034,dm,,nan,0.6941634717131772,0.7153918288961995,0.32151685282754944,60.713506708394746,0.0,nan
02,beta_log,8,1034,ips,,nan,0.7037560553146166,0.7153918288961995,0.32151685282754944,60.713506708394746,0.0,0.32151685282754944
02,beta_log,8,1034,snips,,nan,0.7196363159195749,0.7153918288961995,0.32151685282754944,60.713506708394746,0.0,0.32151685282754944
02,beta_log,8,1034,clipped_ips,,1.479371683700099,0.642939419409216,0.7153918288961995,0.32151685282754944,60.713506708394746,0.0,0.8644087813852522
02,beta_log,8,1034,dr,,nan,0.7108477946487292,0.7153918288961995,0.32151685282754944,60.713506708394746,0.0,0.32151685282754944
02,beta_log,8,1034,switch_dr,,2.1604167989005143,0.7212872744090097,0.7153918288961995,0.32151685282754944,60.713506708394746,0.0,0.8089655150653875
02,beta_log,8,1034,dros,,2.1885405785336656,0.7156711072591578,0.7153918288961995,0.32151685282754944,60.713506708394746,0.0,0.9659455489142831
02,beta_log,8,1035,dm,,nan,0.6936778457121711,0.7153918288961995,0.23600737910996267,66.33854240800811,0.0,nan
02,beta_log,8,1035,ips,,nan,0.7280211409691254,0.7153918288961995,0.23600737910996267,66.33854240800811,0.0,0.23600737910996267
02,beta_log,8,1035,snips,,nan,0.7036738832722063,0.7153918288961995,0.23600737910996267,66.33854240800811,0.0,0.23600737910996267
02,beta_log,8,1035,clipped_ips,,1.5239174301906298,0.6412035449092721,0.7153918288961995,0.23600737910996267,66.33854240800811,0.0,0.8574901762138206
02,beta_log,8,1035,dr,,nan,0.7211669890207707,0.7153918288961995,0.23600737910996267,66.33854240800811,0.0,0.23600737910996267
02,beta_log,8,1035,switch_dr,,2.318501823204457,0.7148091519598172,0.7153918288961995,0.23600737910996267,66.33854240800811,0.0,0.7955646600607847
02,beta_log,8,1035,dros,,2.322324334038813,0.7105518617772348,0.7153918288961995,0.23600737910996267,66.33854240800811,0.0,0.9628715959733097
02,beta_log,8,1036,dm,,nan,0.693694299662431,0.7153918288961995,0.2137335730716858,96.02845763878938,0.0,nan
02,beta_log,8,1036,ips,,nan,0.7329740308931265,0.7153918288961995,0.2137335730716858,96.02845763878938,0.0,0.2137335730716858
02,beta_log,8,1036,snips,,nan,0.7133609887386301,0.7153918288961995,0.2137335730716858,96.02845763878938,0.0,0.2137335730716858
02,beta_log,8,1036,clipped_ips,,1.5422419213082885,0.6488434524519192,0.7153918288961995,0.2137335730716858,96.02845763878938,0.0,0.8523964015129075
02,beta_log,8,1036,dr,,nan,0.7269089598895043,0.7153918288961995,0.2137335730716858,96.02845763878938,0.0,0.2137335730716858
02,beta_log,8,1036,switch_dr,,2.3098461085537005,0.7205415322258103,0.7153918288961995,0.2137335730716858,96.02845763878938,0.0,0.7944866558697184
02,beta_log,8,1036,dros,,2.378510143840681,0.7142894196013538,0.7153918288961995,0.2137335730716858,96.02845763878938,0.0,0.9613114774924272
02,beta_log,8,1037,dm,,nan,0.6935709830984859,0.7153918288961995,0.27427476079908153,79.15948954906213,0.0,nan
02,beta_log,8,1037,ips,,nan,0.7071237072245468,0.7153918288961995,0.27427476079908153,79.15948954906213,0.0,0.27427476079908153
02,beta_log,8,1037,snips,,nan,0.7118143155269346,0.7153918288961995,0.27427476079908153,79.15948954906213,0.0,0.27427476079908153
02,beta_log,8,1037,clipped_ips,,1.4633747221674798,0.627933512960459,0.7153918288961995,0.27427476079908153,79.15948954906213,0.0,0.8672995028729686
02,beta_log,8,1037,dr,,nan,0.7097758483529059,0.7153918288961995,0.27427476079908153,79.15948954906213,0.0,0.27427476079908153
02,beta_log,8,1037,switch_dr,,2.202214945861352,0.7074977814501148,0.7153918288961995,0.27427476079908153,79.15948954906213,0.0,0.8059295233218794
02,beta_log,8,1037,dros,,2.1414655774787485,0.7050745832825601,0.7153918288961995,0.27427476079908153,79.15948954906213,0.0,0.9664117069908627
02,beta_log,8,1038,dm,,nan,0.6945459142367677,0.7153918288961995,0.29262762335850345,62.00457266904958,0.0,nan
02,beta_log,8,1038,ips,,nan,0.7175403315265634,0.7153918288961995,0.29262762335850345,62.00457266904958,0.0,0.29262762335850345
02,beta_log,8,1038,snips,,nan,0.7215041657969214,0.7153918288961995,0.29262762335850345,62.00457266904958,0.0,0.29262762335850345
02,beta_log,8,1038,clipped_ips,,1.4991769032518594,0.6457351090415728,0.7153918288961995,0.29262762335850345,62.00457266904958,0.0,0.8611945419989668
02,beta_log,8,1038,dr,,nan,0.7173755974944925,0.7153918288961995,0.29262762335850345,62.00457266904958,0.0,0.29262762335850345
02,beta_log,8,1038,switch_dr,,2.2315097743111023,0.7166449717537794,0.7153918288961995,0.29262762335850345,62.00457266904958,0.0,0.8028910545599548
02,beta_log,8,1038,dros,,2.2475313872438347,0.7133697125084595,0.7153918288961995,0.29262762335850345,62.00457266904958,0.0,0.9648173843510535
02,beta_log,8,1039,dm,,nan,0.6918953120560825,0.7153918288961995,0.34796080821382613,43.37487627903448,0.0,nan
02,beta_log,8,1039,ips,,nan,0.7049181163866073,0.7153918288961995,0.34796080821382613,43.37487627903448,0.0,0.34796080821382613
02,beta_log,8,1039,snips,,nan,0.717063973152531,0.7153918288961995,0.34796080821382613,43.37487627903448,0.0,0.34796080821382613
02,beta_log,8,1039,clipped_ips,,1.4928741301097395,0.6405437099255153,0.7153918288961995,0.34796080821382613,43.37487627903448,0.0,0.861054913929826
02,beta_log,8,1039,dr,,nan,0.705361516719926,0.7153918288961995,0.34796080821382613,43.37487627903448,0.0,0.34796080821382613
02,beta_log,8,1039,switch_dr,,2.2312018858303144,0.7177359896602579,0.7153918288961995,0.34796080821382613,43.37487627903448,0.0,0.8007934320567983
02,beta_log,8,1039,dros,,2.228673168350911,0.7115677255926033,0.7153918288961995,0.34796080821382613,43.37487627903448,0.0,0.965148021881644
02,beta_log,16,1000,dm,,nan,0.6931789077614771,0.7153918288961995,0.07898095865515643,169.21064113674785,0.0,nan
02,beta_log,16,1000,ips,,nan,0.683227417288451,0.7153918288961995,0.07898095865515643,169.21064113674785,0.0,0.07898095865515643
02,beta_log,16,1000,snips,,nan,0.7944117402532762,0.7153918288961995,0.07898095865515643,169.21064113674785,0.0,0.07898095865515643
02,beta_log,16,1000,clipped_ips,,1.1890898645962646,0.5092675596951185,0.7153918288961995,0.07898095865515643,169.21064113674785,0.0,0.8109452452850642
02,beta_log,16,1000,dr,,nan,0.7262941184845465,0.7153918288961995,0.07898095865515643,169.21064113674785,0.0,0.07898095865515643
02,beta_log,16,1000,switch_dr,,1.9670580260869304,0.7164969902067003,0.7153918288961995,0.07898095865515643,169.21064113674785,0.0,0.7388798158766483
02,beta_log,16,1000,dros,,1.413934706085563,0.7121709172099884,0.7153918288961995,0.07898095865515643,169.21064113674785,0.0,0.9400097024873506
02,beta_log,16,1001,dm,,nan,0.6917799949717959,0.7153918288961995,0.06654628950288888,207.3979503905132,0.0,nan
02,beta_log,16,1001,ips,,nan,0.6793038504062439,0.7153918288961995,0.06654628950288888,207.3979503905132,0.0,0.06654628950288888
02,beta_log,16,1001,snips,,nan,0.801604361565525,0.7153918288961995,0.06654628950288888,207.3979503905132,0.0,0.06654628950288888
02,beta_log,16,1001,clipped_ips,,1.2225251406180326,0.5062638345432974,0.7153918288961995,0.06654628950288888,207.3979503905132,0.0,0.8026843466482402
02,beta_log,16,1001,dr,,nan,0.7308325817775639,0.7153918288961995,0.06654628950288888,207.3979503905132,0.0,0.06654628950288888
02,beta_log,16,1001,switch_dr,,1.9571819032214839,0.7135890539194651,0.7153918288961995,0.06654628950288888,207.3979503905132,0.0,0.7344102425449006
02,beta_log,16,1001,dros,,1.4945677194431404,0.7077293314063869,0.7153918288961995,0.06654628950288888,207.3979503905132,0.0,0.9374655780148454
02,beta_log,16,1002,dm,,nan,0.6957544468707243,0.7153918288961995,0.042765135211859005,217.0745693630291,0.0,nan
02,beta_log,16,1002,ips,,nan,0.7282747127207194,0.7153918288961995,0.042765135211859005,217.0745693630291,0.0,0.042765135211859005
02,beta_log,16,1002,snips,,nan,0.7908483480049588,0.7153918288961995,0.042765135211859005,217.0745693630291,0.0,0.042765135211859005
02,beta_log,16,1002,clipped_ips,,1.25008898453325,0.5155994350617102,0.7153918288961995,0.042765135211859005,217.0745693630291,0.0,0.7976067554174979
02,beta_log,16,1002,dr,,nan,0.7389231819980202,0.7153918288961995,0.042765135211859005,217.0745693630291,0.0,0.042765135211859005
02,beta_log,16,1002,switch_dr,,2.032508041976921,0.7203587173988506,0.7153918288961995,0.042765135211859005,217.0745693630291,0.0,0.728058711397624
02,beta_log,16,1002,dros,,1.562722469251372,0.7145436546181456,0.7153918288961995,0.042765135211859005,217.0745693630291,0.0,0.9341970303509161
02,beta_log,16,1003,dm,,nan,0.6951055705886715,0.7153918288961995,0.02766850096307585,477.1475229551336,0.0,nan
02,beta_log,16,1003,ips,,nan,0.7438047700085267,0.7153918288961995,0.02766850096307585,477.1475229551336,0.0,0.02766850096307585
02,beta_log,16,1003,snips,,nan,0.7954094400361154,0.7153918288961995,0.02766850096307585,477.1475229551336,0.0,0.02766850096307585
02,beta_log,16,1003,clipped_ips,,1.2703434997537122,0.5165668371427502,0.7153918288961995,0.02766850096307585,477.1475229551336,0.0,0.7941543678914951
02,beta_log,16,1003,dr,,nan,0.7460925885912578,0.7153918288961995,0.02766850096307585,477.1475229551336,0.0,0.02766850096307585
02,beta_log,16,1003,switch_dr,,2.085199696854428,0.716232311843532,0.7153918288961995,0.02766850096307585,477.1475229551336,0.0,0.7241270759709958
02,beta_log,16,1003,dros,,1.6137726073665097,0.7124158278595556,0.7153918288961995,0.02766850096307585,477.1475229551336,0.0,0.9332867231437522
02,beta_log,16,1004,dm,,nan,0.6936586772927706,0.7153918288961995,0.09097976626457552,127.58319299394417,0.0,nan
02,beta_log,16,1004,ips,,nan,0.6577358504008379,0.7153918288961995,0.09097976626457552,127.58319299394417,0.0,0.09097976626457552
02,beta_log,16,1004,snips,,nan,0.7786074212816045,0.7153918288961995,0.09097976626457552,127.58319299394417,0.0,0.09097976626457552
02,beta_log,16,1004,clipped_ips,,1.2041643518253635,0.5021746809669585,0.7153918288961995,0.09097976626457552,127.58319299394417,0.0,0.8087191130435988
02,beta_log,16,1004,dr,,nan,0.7104836404855674,0.7153918288961995,0.09097976626457552,127.58319299394417,0.0,0.09097976626457552
02,beta_log,16,1004,switch_dr,,1.949361407981258,0.7132730660526361,0.7153918288961995,0.09097976626457552,127.58319299394417,0.0,0.7421764120467573
02,beta_log,16,1004,dros,,1.4500117862069979,0.7096755209048489,0.7153918288961995,0.09097976626457552,127.58319299394417,0.0,0.9398571192038906
02,beta_log,16,1005,dm,,nan,0.6930386271315275,0.7153918288961995,0.014000057754685682,688.1390078576402,0.0,nan
02,beta_log,16,1005,ips,,nan,0.6442262976555801,0.7153918288961995,0.014000057754685682,688.1390078576402,0.0,0.014000057754685682
02,beta_log,16,1005,snips,,nan,0.701109084919114,0.7153918288961995,0.014000057754685682,688.1390078576402,0.0,0.014000057754685682
02,beta_log,16,1005,clipped_ips,,1.256186838522457,0.4970915462112696,0.7153918288961995,0.014000057754685682,688.1390078576402,0.0,0.7935799088151534
02,beta_log,16,1005,dr,,nan,0.6786958013642251,0.7153918288961995,0.014000057754685682,688.1390078576402,0.0,0.014000057754685682
02,beta_log,16,1005,switch_dr,,1.9960125986699382,0.7066276776490195,0.7153918288961995,0.014000057754685682,688.1390078576402,0.0,0.7288548426907092
02,beta_log,16,1005,dros,,1.5780053732770456,0.702186126476511,0.7153918288961995,0.014000057754685682,688.1390078576402,0.0,0.9353135461227232
02,beta_log,16,1006,dm,,nan,0.6924331064300114,0.7153918288961995,0.03706009285813948,324.81570654588387,0.0,nan
02,beta_log,16,1006,ips,,nan,0.7218199034275807,0.7153918288961995,0.03706009285813948,324.81570654588387,0.0,0.03706009285813948
02,beta_log,16,1006,snips,,nan,0.7836890135136846,0.7153918288961995,0.03706009285813948,324.81570654588387,0.0,0.03706009285813948
02,beta_log,16,1006,clipped_ips,,1.243816774549808,0.5090375595398411,0.7153918288961995,0.03706009285813948,324.81570654588387,0.0,0.7984551602609943
02,beta_log,16,1006,dr,,nan,0.7276290003018847,0.7153918288961995,0.03706009285813948,324.81570654588387,0.0,0.03706009285813948
02,beta_log,16,1006,switch_dr,,2.04775612528846,0.7152272692266437,0.7153918288961995,0.03706009285813948,324.81570654588387,0.0,0.7292538774362937
02,beta_log,16,1006,dros,,1.5470801686514881,0.7087832992904465,0.7153918288961995,0.03706009285813948,324.81570654588387,0.0,0.934859563951549
02,beta_log,16,1007,dm,,nan,0.6938058926537315,0.7153918288961995,0.04216454285279467,320.7911631799606,0.0,nan
02,beta_log,16,1007,ips,,nan,0.6697773760945042,0.7153918288961995,0.04216454285279467,320.7911631799606,0.0,0.04216454285279467
02,beta_log,16,1007,snips,,nan,0.7257396091945105,0.7153918288961995,0.04216454285279467,320.7911631799606,0.0,0.04216454285279467
02,beta_log,16,1007,clipped_ips,,1.2704636700873932,0.5142363681780414,0.7153918288961995,0.04216454285279467,320.7911631799606,0.0,0.7929351317519552
02,beta_log,16,1007,dr,,nan,0.690638833819793,0.7153918288961995,0.04216454285279467,320.7911631799606,0.0,0.04216454285279467
02,beta_log,16,1007,switch_dr,,2.1418808448527757,0.7165806662647335,0.7153918288961995,0.04216454285279467,320.7911631799606,0.0,0.719195929128725
02,beta_log,16,1007,dros,,1.6140779370119287,0.711559640129888,0.7153918288961995,0.04216454285279467,320.7911631799606,0.0,0.9328655647102528
02,beta_log,16,1008,dm,,nan,0.6941399543912707,0.7153918288961995,0.06346973700335144,199.3369367120122,0.0,nan
02,beta_log,16,1008,ips,,nan,0.7289919990398482,0.7153918288961995,0.06346973700335144,199.3369367120122,0.0,0.06346973700335144
02,beta_log,16,1008,snips,,nan,0.7976263134326804,0.7153918288961995,0.06346973700335144,199.3369367120122,0.0,0.06346973700335144
02,beta_log,16,1008,clipped_ips,,1.2473852768589344,0.517502272420685,0.7153918288961995,0.06346973700335144,199.3369367120122,0.0,0.7983956326329228
02,beta_log,16,1008,dr,,nan,0.7403532286169713,0.7153918288961995,0.06346973700335144,199.3369367120122,0.0,0.06346973700335144
02,beta_log,16,1008,switch_dr,,2.0361852557661457,0.7205536127996363,0.7153918288961995,0.06346973700335144,199.3369367120122,0.0,0.7277751963176202
02,beta_log,16,1008,dros,,1.5559700289244405,0.7142814613762063,0.7153918288961995,0.06346973700335144,199.3369367120122,0.0,0.9346208925428952
02,beta_log,16,1009,dm,,nan,0.6927295403702923,0.7153918288961995,0.03861258079135766,295.42985122613464,0.0,nan
02,beta_log,16,1009,ips,,nan,0.683125051157788,0.7153918288961995,0.03861258079135766,295.42985122613464,0.0,0.03861258079135766
02,beta_log,16,1009,snips,,nan,0.7367753446027184,0.7153918288961995,0.03861258079135766,295.42985122613464,0.0,0.03861258079135766
02,beta_log,16,1009,clipped_ips,,1.2315491695206056,0.5030279169321183,0.7153918288961995,0.03861258079135766,295.42985122613464,0.0,0.8013316626981003
02,beta_log,16,1009,dr,,nan,0.6946397298353306,0.7153918288961995,0.03861258079135766,295.42985122613464,0.0,0.03861258079135766
02,beta_log,16,1009,switch_dr,,1.9966975094726074,0.7134358475567658,0.7153918288961995,0.03861258079135766,295.42985122613464,0.0,0.7342830887232941
02,beta_log,16,1009,dros,,1.5167133569468934,0.7078984135697469,0.7153918288961995,0.03861258079135766,295.42985122613464,0.0,0.9357766500955679
02,beta_log,16,1010,dm,,nan,0.6934092517159707,0.7153918288961995,0.03461712745153983,393.08321702082344,0.0,nan
02,beta_log,16,1010,ips,,nan,0.7111323734254168,0.7153918288961995,0.03461712745153983,393.08321702082344,0.0,0.03461712745153983
02,beta_log,16,1010,snips,,nan,0.7975245671292432,0.7153918288961995,0.03461712745153983,393.08321702082344,0.0,0.03461712745153983
02,beta_log,16,1010,clipped_ips,,1.2306375420597802,0.5084030611265012,0.7153918288961995,0.03461712745153983,393.08321702082344,0.0,0.7999387324795368
02,beta_log,16,1010,dr,,nan,0.7372866228380781,0.7153918288961995,0.03461712745153983,393.08321702082344,0.0,0.03461712745153983
02,beta_log,16,1010,switch_dr,,2.0472422552480194,0.7158386498437661,0.7153918288961995,0.03461712745153983,393.08321702082344,0.0,0.7283187697639198
02,beta_log,16,1010,dros,,1.514468759926937,0.7102649127585655,0.7153918288961995,0.03461712745153983,393.08321702082344,0.0,0.9361961561563771
02,beta_log,16,1011,dm,,nan,0.6948805225766604,0.7153918288961995,0.052204903054374904,244.7975667382156,0.0,nan
02,beta_log,16,1011,ips,,nan,0.6769851140192982,0.7153918288961995,0.052204903054374904,244.7975667382156,0.0,0.052204903054374904
02,beta_log,16,1011,snips,,nan,0.7591420423914226,0.7153918288961995,0.052204903054374904,244.7975667382156,0.0,0.052204903054374904
02,beta_log,16,1011,clipped_ips,,1.24153523524905,0.5073130442322084,0.7153918288961995,0.052204903054374904,244.7975667382156,0.0,0.7977719951857576
02,beta_log,16,1011,dr,,nan,0.7032455287133821,0.7153918288961995,0.052204903054374904,244.7975667382156,0.0,0.052204903054374904
02,beta_log,16,1011,switch_dr,,2.169017260234107,0.7137764573830797,0.7153918288961995,0.052204903054374904,244.7975667382156,0.0,0.7197060853287257
02,beta_log,16,1011,dros,,1.541409740364914,0.7102812133850555,0.7153918288961995,0.052204903054374904,244.7975667382156,0.0,0.9353110488489074
02,beta_log,16,1012,dm,,nan,0.6944896621525134,0.7153918288961995,0.05121705537408877,260.6698418941624,0.0,nan
02,beta_log,16,1012,ips,,nan,0.681531177713865,0.7153918288961995,0.05121705537408877,260.6698418941624,0.0,0.05121705537408877
02,beta_log,16,1012,snips,,nan,0.7563797851393987,0.7153918288961995,0.05121705537408877,260.6698418941624,0.0,0.05121705537408877
02,beta_log,16,1012,clipped_ips,,1.2264886868899882,0.5132906635527454,0.7153918288961995,0.05121705537408877,260.6698418941624,0.0,0.8045672909751628
02,beta_log,16,1012,dr,,nan,0.7052313716401611,0.7153918288961995,0.05121705537408877,260.6698418941624,0.0,0.05121705537408877
02,beta_log,16,1012,switch_dr,,2.0216747151892434,0.7179628299009739,0.7153918288961995,0.05121705537408877,260.6698418941624,0.0,0.7327654687557441
02,beta_log,16,1012,dros,,1.5042744990691277,0.7139789502189549,0.7153918288961995,0.05121705537408877,260.6698418941624,0.0,0.9381241735719752
02,beta_log,16,1013,dm,,nan,0.6941379332524861,0.7153918288961995,0.0260968618121207,357.92580194547077,0.0,nan
02,beta_log,16,1013,ips,,nan,0.7214433085218999,0.7153918288961995,0.0260968618121207,357.92580194547077,0.0,0.0260968618121207
02,beta_log,16,1013,snips,,nan,0.7276393294893283,0.7153918288961995,0.0260968618121207,357.92580194547077,0.0,0.0260968618121207
02,beta_log,16,1013,clipped_ips,,1.2908780404347102,0.5201468516295357,0.7153918288961995,0.0260968618121207,357.92580194547077,0.0,0.7886056344415002
02,beta_log,16,1013,dr,,nan,0.6959766227767319,0.7153918288961995,0.0260968618121207,357.92580194547077,0.0,0.0260968618121207
02,beta_log,16,1013,switch_dr,,2.1972435838169306,0.7153292182477914,0.7153918288961995,0.0260968618121207,357.92580194547077,0.0,0.7139395853644833
02,beta_log,16,1013,dros,,1.6663661152765574,0.7113144683265322,0.7153918288961995,0.0260968618121207,357.92580194547077,0.0,0.9303566378336958
02,beta_log,16,1014,dm,,nan,0.6932807440730274,0.7153918288961995,0.03944534862142678,299.6081725098813,0.0,nan
02,beta_log,16,1014,ips,,nan,0.7185641548897178,0.7153918288961995,0.03944534862142678,299.6081725098813,0.0,0.03944534862142678
02,beta_log,16,1014,snips,,nan,0.7641309214303171,0.7153918288961995,0.03944534862142678,299.6081725098813,0.0,0.03944534862142678
02,beta_log,16,1014,clipped_ips,,1.2473198430905301,0.5040458477055357,0.7153918288961995,0.03944534862142678,299.6081725098813,0.0,0.797625189042458
02,beta_log,16,1014,dr,,nan,0.7207229079948745,0.7153918288961995,0.03944534862142678,299.6081725098813,0.0,0.03944534862142678
02,beta_log,16,1014,switch_dr,,1.995401864671089,0.7097241654112328,0.7153918288961995,0.03944534862142678,299.6081725098813,0.0,0.7277348493860251
02,beta_log,16,1014,dros,,1.5558067909673847,0.7077476216937663,0.7153918288961995,0.03944534862142678,299.6081725098813,0.0,0.9341597227487735
02,beta_log,16,1015,dm,,nan,0.6930117983022533,0.7153918288961995,0.03832005640813954,322.5216261489385,0.0,nan
02,beta_log,16,1015,ips,,nan,0.6996607145131668,0.7153918288961995,0.03832005640813954,322.5216261489385,0.0,0.03832005640813954
02,beta_log,16,1015,snips,,nan,0.7742059990863053,0.7153918288961995,0.03832005640813954,322.5216261489385,0.0,0.03832005640813954
02,beta_log,16,1015,clipped_ips,,1.2433630791180557,0.5078794825456051,0.7153918288961995,0.03832005640813954,322.5216261489385,0.0,0.7981387568092719
02,beta_log,16,1015,dr,,nan,0.724737460439698,0.7153918288961995,0.03832005640813954,322.5216261489385,0.0,0.03832005640813954
02,beta_log,16,1015,switch_dr,,2.087482393901522,0.7136720670777417,0.7153918288961995,0.03832005640813954,322.5216261489385,0.0,0.7255031896195151
02,beta_log,16,1015,dros,,1.5459517465139323,0.7088883716259485,0.7153918288961995,0.03832005640813954,322.5216261489385,0.0,0.9348463245392777
02,beta_log,16,1016,dm,,nan,0.6962416410726673,0.7153918288961995,0.008081295056136497,995.7682477469587,0.0,nan
02,beta_log,16,1016,ips,,nan,0.8109942211136042,0.7153918288961995,0.008081295056136497,995.7682477469587,0.0,0.008081295056136497
02,beta_log,16,1016,snips,,nan,0.7968389136546546,0.7153918288961995,0.008081295056136497,995.7682477469587,0.0,0.008081295056136497
02,beta_log,16,1016,clipped_ips,,1.2495806591952066,0.5119918380567358,0.7153918288961995,0.008081295056136497,995.7682477469587,0.0,0.7985554324466568
02,beta_log,16,1016,dr,,nan,0.7856585636041051,0.7153918288961995,0.008081295056136497,995.7682477469587,0.0,0.008081295056136497
02,beta_log,16,1016,switch_dr,,2.0663394740356464,0.718472204648566,0.7153918288961995,0.008081295056136497,995.7682477469587,0.0,0.7254647597177234
02,beta_log,16,1016,dros,,1.561451823834727,0.7134317295021921,0.7153918288961995,0.008081295056136497,995.7682477469587,0.0,0.9358524093307955
02,beta_log,16,1017,dm,,nan,0.6929990235095813,0.7153918288961995,0.016332098536672782,663.8230833061149,0.0,nan
02,beta_log,16,1017,ips,,nan,0.6917492564629585,0.7153918288961995,0.016332098536672782,663.8230833061149,0.0,0.016332098536672782
02,beta_log,16,1017,snips,,nan,0.7382566400181579,0.7153918288961995,0.016332098536672782,663.8230833061149,0.0,0.016332098536672782
02,beta_log,16,1017,clipped_ips,,1.2488895629424546,0.5070289136808503,0.7153918288961995,0.016332098536672782,663.8230833061149,0.0,0.7980382403584977
02,beta_log,16,1017,dr,,nan,0.7035810550284763,0.7153918288961995,0.016332098536672782,663.8230833061149,0.0,0.016332098536672782
02,beta_log,16,1017,switch_dr,,1.9535652244924673,0.7130204457584687,0.7153918288961995,0.016332098536672782,663.8230833061149,0.0,0.7339922770699334
02,beta_log,16,1017,dros,,1.5597251404265953,0.7074649127787637,0.7153918288961995,0.016332098536672782,663.8230833061149,0.0,0.9346369013410969
02,beta_log,16,1018,dm,,nan,0.6937551179611569,0.7153918288961995,0.06498717877839702,177.19507156524676,0.0,nan
02,beta_log,16,1018,ips,,nan,0.6542362112123843,0.7153918288961995,0.06498717877839702,177.19507156524676,0.0,0.06498717877839702
02,beta_log,16,1018,snips,,nan,0.7792776682767144,0.7153918288961995,0.06498717877839702,177.19507156524676,0.0,0.06498717877839702
02,beta_log,16,1018,clipped_ips,,1.1931448453830913,0.5015370466456672,0.7153918288961995,0.06498717877839702,177.19507156524676,0.0,0.808896407878517
02,beta_log,16,1018,dr,,nan,0.7072648010305457,0.7153918288961995,0.06498717877839702,177.19507156524676,0.0,0.06498717877839702
02,beta_log,16,1018,switch_dr,,1.8766347074570184,0.7101991129402601,0.7153918288961995,0.06498717877839702,177.19507156524676,0.0,0.7447295263531555
02,beta_log,16,1018,dros,,1.4235946220642408,0.7069765931262743,0.7153918288961995,0.06498717877839702,177.19507156524676,0.0,0.9396745130976102
02,beta_log,16,1019,dm,,nan,0.6955462597736317,0.7153918288961995,0.06300539591761423,143.1188235550726,0.0,nan
02,beta_log,16,1019,ips,,nan,0.7152006901388623,0.7153918288961995,0.06300539591761423,143.1188235550726,0.0,0.06300539591761423
02,beta_log,16,1019,snips,,nan,0.7864939124158998,0.7153918288961995,0.06300539591761423,143.1188235550726,0.0,0.06300539591761423
02,beta_log,16,1019,clipped_ips,,1.2712193515057428,0.5180583621669266,0.7153918288961995,0.06300539591761423,143.1188235550726,0.0,0.7938387535628618
02,beta_log,16,1019,dr,,nan,0.7361112208796103,0.7153918288961995,0.06300539591761423,143.1188235550726,0.0,0.06300539591761423
02,beta_log,16,1019,switch_dr,,2.1062514401430663,0.7197949092008803,0.7153918288961995,0.06300539591761423,143.1188235550726,0.0,0.7225593219586098
02,beta_log,16,1019,dros,,1.6159986396426813,0.7146481158166856,0.7153918288961995,0.06300539591761423,143.1188235550726,0.0,0.9332923008183834
02,beta_log,16,1020,dm,,nan,0.6949391005188121,0.7153918288961995,0.09705021605097519,101.8959223957787,0.0,nan
02,beta_log,16,1020,ips,,nan,0.6706003647648655,0.7153918288961995,0.09705021605097519,101.8959223957787,0.0,0.09705021605097519
02,beta_log,16,1020,snips,,nan,0.7984687271503174,0.7153918288961995,0.09705021605097519,101.8959223957787,0.0,0.09705021605097519
02,beta_log,16,1020,clipped_ips,,1.2208054816134242,0.5045121280774812,0.7153918288961995,0.09705021605097519,101.8959223957787,0.0,0.8034072425863207
02,beta_log,16,1020,dr,,nan,0.7211839605139208,0.7153918288961995,0.09705021605097519,101.8959223957787,0.0,0.09705021605097519
02,beta_log,16,1020,switch_dr,,1.976416376974457,0.7148961837633727,0.7153918288961995,0.09705021605097519,101.8959223957787,0.0,0.7360548296122083
02,beta_log,16,1020,dros,,1.4903660239373846,0.7094954982516843,0.7153918288961995,0.09705021605097519,101.8959223957787,0.0,0.9381446246936382
02,beta_log,16,1021,dm,,nan,0.6934494920853139,0.7153918288961995,0.07806440074287127,175.55581365379587,0.0,nan
02,beta_log,16,1021,ips,,nan,0.6853132511587935,0.7153918288961995,0.07806440074287127,175.55581365379587,0.0,0.07806440074287127
02,beta_log,16,1021,snips,,nan,0.7763783677123417,0.7153918288961995,0.07806440074287127,175.55581365379587,0.0,0.07806440074287127
02,beta_log,16,1021,clipped_ips,,1.269498309257057,0.5143110263206446,0.7153918288961995,0.07806440074287127,175.55581365379587,0.0,0.7933382212276372
02,beta_log,16,1021,dr,,nan,0.7094091435819131,0.7153918288961995,0.07806440074287127,175.55581365379587,0.0,0.07806440074287127
02,beta_log,16,1021,switch_dr,,2.101688194386303,0.7150156290368033,0.7153918288961995,0.07806440074287127,175.55581365379587,0.0,0.7253619924736548
02,beta_log,16,1021,dros,,1.6116259572065266,0.7109932748830965,0.7153918288961995,0.07806440074287127,175.55581365379587,0.0,0.9330381871236756
02,beta_log,16,1022,dm,,nan,0.6953662502964467,0.7153918288961995,0.05247108177749459,235.89910561789918,0.0,nan
02,beta_log,16,1022,ips,,nan,0.699044293621793,0.7153918288961995,0.05247108177749459,235.89910561789918,0.0,0.05247108177749459
02,beta_log,16,1022,snips,,nan,0.7892240783460489,0.7153918288961995,0.05247108177749459,235.89910561789918,0.0,0.05247108177749459
02,beta_log,16,1022,clipped_ips,,1.2119602512119263,0.5058655747013796,0.7153918288961995,0.05247108177749459,235.89910561789918,0.0,0.805672523544696
02,beta_log,16,1022,dr,,nan,0.7288231077271028,0.7153918288961995,0.05247108177749459,235.89910561789918,0.0,0.05247108177749459
02,beta_log,16,1022,switch_dr,,1.9469669085523824,0.7147645387139443,0.7153918288961995,0.05247108177749459,235.89910561789918,0.0,0.7407254620808738
02,beta_log,16,1022,dros,,1.4688476505176755,0.7100961616543962,0.7153918288961995,0.05247108177749459,235.89910561789918,0.0,0.937846766576338
02,beta_log,16,1023,dm,,nan,0.6944141003199898,0.7153918288961995,0.014685946165941507,561.7707160660335,0.0,nan
02,beta_log,16,1023,ips,,nan,0.7670414432310403,0.7153918288961995,0.014685946165941507,561.7707160660335,0.0,0.014685946165941507
02,beta_log,16,1023,snips,,nan,0.7708574089441234,0.7153918288961995,0.014685946165941507,561.7707160660335,0.0,0.014685946165941507
02,beta_log,16,1023,clipped_ips,,1.2230614774400435,0.509452252698345,0.7153918288961995,0.014685946165941507,561.7707160660335,0.0,0.8029148331726179
02,beta_log,16,1023,dr,,nan,0.753358488059496,0.7153918288961995,0.014685946165941507,561.7707160660335,0.0,0.014685946165941507
02,beta_log,16,1023,switch_dr,,1.9977230347055923,0.717540146627585,0.7153918288961995,0.014685946165941507,561.7707160660335,0.0,0.7354086134031148
02,beta_log,16,1023,dros,,1.4958793775978219,0.7119575818436836,0.7153918288961995,0.014685946165941507,561.7707160660335,0.0,0.9371997263151276
02,beta_log,16,1024,dm,,nan,0.6924258740815692,0.7153918288961995,0.028164866564545504,341.39440221945483,0.0,nan
02,beta_log,16,1024,ips,,nan,0.7078967788769505,0.7153918288961995,0.028164866564545504,341.39440221945483,0.0,0.028164866564545504
02,beta_log,16,1024,snips,,nan,0.7588666216235246,0.7153918288961995,0.028164866564545504,341.39440221945483,0.0,0.028164866564545504
02,beta_log,16,1024,clipped_ips,,1.2257599553706064,0.504512481282519,0.7153918288961995,0.028164866564545504,341.39440221945483,0.0,0.8024672372265195
02,beta_log,16,1024,dr,,nan,0.7229250820698099,0.7153918288961995,0.028164866564545504,341.39440221945483,0.0,0.028164866564545504
02,beta_log,16,1024,switch_dr,,2.0138840872525816,0.7128419508128371,0.7153918288961995,0.028164866564545504,341.39440221945483,0.0,0.731253626769001
02,beta_log,16,1024,dros,,1.502487468190151,0.7077790793520192,0.7153918288961995,0.028164866564545504,341.39440221945483,0.0,0.9371414575625616
02,beta_log,16,1025,dm,,nan,0.6924870387502547,0.7153918288961995,0.04748843661265775,190.3496729091988,0.0,nan
02,beta_log,16,1025,ips,,nan,0.7349793501633424,0.7153918288961995,0.04748843661265775,190.3496729091988,0.0,0.04748843661265775
02,beta_log,16,1025,snips,,nan,0.8077994079809363,0.7153918288961995,0.04748843661265775,190.3496729091988,0.0,0.04748843661265775
02,beta_log,16,1025,clipped_ips,,1.2164770630855857,0.5085649961215104,0.7153918288961995,0.04748843661265775,190.3496729091988,0.0,0.8047870978032857
02,beta_log,16,1025,dr,,nan,0.7505551645986299,0.7153918288961995,0.04748843661265775,190.3496729091988,0.0,0.04748843661265775
02,beta_log,16,1025,switch_dr,,1.96871069919676,0.7126959152631825,0.7153918288961995,0.04748843661265775,190.3496729091988,0.0,0.7352934308766547
02,beta_log,16,1025,dros,,1.479816445013332,0.7079180235719137,0.7153918288961995,0.04748843661265775,190.3496729091988,0.0,0.9376811222571579
02,beta_log,16,1026,dm,,nan,0.6926846985894299,0.7153918288961995,0.053423299134178634,295.46613973484017,0.0,nan
02,beta_log,16,1026,ips,,nan,0.6726014304916492,0.7153918288961995,0.053423299134178634,295.46613973484017,0.0,0.053423299134178634
02,beta_log,16,1026,snips,,nan,0.7668888607558643,0.7153918288961995,0.053423299134178634,295.46613973484017,0.0,0.053423299134178634
02,beta_log,16,1026,clipped_ips,,1.2428659264462514,0.5074216851470804,0.7153918288961995,0.053423299134178634,295.46613973484017,0.0,0.7992618864706795
02,beta_log,16,1026,dr,,nan,0.7072987262946377,0.7153918288961995,0.053423299134178634,295.46613973484017,0.0,0.053423299134178634
02,beta_log,16,1026,switch_dr,,2.0615307286226217,0.7107105382675576,0.7153918288961995,0.053423299134178634,295.46613973484017,0.0,0.7293539144648187
02,beta_log,16,1026,dros,,1.5447157111210987,0.7075805981280597,0.7153918288961995,0.053423299134178634,295.46613973484017,0.0,0.9360578901900186
02,beta_log,16,1027,dm,,nan,0.694932822567693,0.7153918288961995,0.03344994897047445,275.96804894285174,0.0,nan
02,beta_log,16,1027,ips,,nan,0.6748851360020133,0.7153918288961995,0.03344994897047445,275.96804894285174,0.0,0.03344994897047445
02,beta_log,16,1027,snips,,nan,0.7095468398600356,0.7153918288961995,0.03344994897047445,275.96804894285174,0.0,0.03344994897047445
02,beta_log,16,1027,clipped_ips,,1.2464909936927335,0.5105452480277893,0.7153918288961995,0.03344994897047445,275.96804894285174,0.0,0.7978041794867833
02,beta_log,16,1027,dr,,nan,0.6729035674150389,0.7153918288961995,0.03344994897047445,275.96804894285174,0.0,0.03344994897047445
02,beta_log,16,1027,switch_dr,,2.0182795600155043,0.7131431352964632,0.7153918288961995,0.03344994897047445,275.96804894285174,0.0,0.7327011251682914
02,beta_log,16,1027,dros,,1.5537397973570983,0.7101620421506848,0.7153918288961995,0.03344994897047445,275.96804894285174,0.0,0.9344608895121546
02,beta_log,16,1028,dm,,nan,0.6931840083551081,0.7153918288961995,0.02458925503147087,486.3144330740268,0.0,nan
02,beta_log,16,1028,ips,,nan,0.6641922222294168,0.7153918288961995,0.02458925503147087,486.3144330740268,0.0,0.02458925503147087
02,beta_log,16,1028,snips,,nan,0.7340593993568565,0.7153918288961995,0.02458925503147087,486.3144330740268,0.0,0.02458925503147087
02,beta_log,16,1028,clipped_ips,,1.195171814363873,0.5051155525616751,0.7153918288961995,0.02458925503147087,486.3144330740268,0.0,0.8091642374941028
02,beta_log,16,1028,dr,,nan,0.6889205423563909,0.7153918288961995,0.02458925503147087,486.3144330740268,0.0,0.02458925503147087
02,beta_log,16,1028,switch_dr,,1.9356360648601245,0.7177151080944393,0.7153918288961995,0.02458925503147087,486.3144330740268,0.0,0.7450395812554841
02,beta_log,16,1028,dros,,1.428435665849832,0.7109715235744009,0.7153918288961995,0.02458925503147087,486.3144330740268,0.0,0.9399150492056738
02,beta_log,16,1029,dm,,nan,0.6936510889127656,0.7153918288961995,0.011071965511192326,702.9716191174169,0.0,nan
02,beta_log,16,1029,ips,,nan,0.7787482416845746,0.7153918288961995,0.011071965511192326,702.9716191174169,0.0,0.011071965511192326
02,beta_log,16,1029,snips,,nan,0.7439688885673074,0.7153918288961995,0.011071965511192326,702.9716191174169,0.0,0.011071965511192326
02,beta_log,16,1029,clipped_ips,,1.2217231866915532,0.504949904492631,0.7153918288961995,0.011071965511192326,702.9716191174169,0.0,0.8044563004848309
02,beta_log,16,1029,dr,,nan,0.7434349324057576,0.7153918288961995,0.011071965511192326,702.9716191174169,0.0,0.011071965511192326
02,beta_log,16,1029,switch_dr,,2.0070115686600403,0.7106971282711952,0.7153918288961995,0.011071965511192326,702.9716191174169,0.0,0.735729879979432
02,beta_log,16,1029,dros,,1.4926075448997638,0.7077620485419277,0.7153918288961995,0.011071965511192326,702.9716191174169,0.0,0.9374372912980315
02,beta_log,16,1030,dm,,nan,0.6959578595535321,0.7153918288961995,0.0881168067269111,147.47920313583325,0.0,nan
02,beta_log,16,1030,ips,,nan,0.6493401217963687,0.7153918288961995,0.0881168067269111,147.47920313583325,0.0,0.0881168067269111
02,beta_log,16,1030,snips,,nan,0.7697277842457833,0.7153918288961995,0.0881168067269111,147.47920313583325,0.0,0.0881168067269111
02,beta_log,16,1030,clipped_ips,,1.2562565543955955,0.5063570570104987,0.7153918288961995,0.0881168067269111,147.47920313583325,0.0,0.7968380097952725
02,beta_log,16,1030,dr,,nan,0.701164826414107,0.7153918288961995,0.0881168067269111,147.47920313583325,0.0,0.0881168067269111
02,beta_log,16,1030,switch_dr,,1.9904900702647765,0.7122916363594338,0.7153918288961995,0.0881168067269111,147.47920313583325,0.0,0.7305344275262416
02,beta_log,16,1030,dros,,1.5781805304618937,0.7084775776290669,0.7153918288961995,0.0881168067269111,147.47920313583325,0.0,0.9350588396541916
02,beta_log,16,1031,dm,,nan,0.6935672007073113,0.7153918288961995,0.03683474544094251,318.07728287467376,0.0,nan
02,beta_log,16,1031,ips,,nan,0.6527060684120973,0.7153918288961995,0.03683474544094251,318.07728287467376,0.0,0.03683474544094251
02,beta_log,16,1031,snips,,nan,0.6999354698221176,0.7153918288961995,0.03683474544094251,318.07728287467376,0.0,0.03683474544094251
02,beta_log,16,1031,clipped_ips,,1.2227718749919039,0.5005457932436366,0.7153918288961995,0.03683474544094251,318.07728287467376,0.0,0.8026823358959145
02,beta_log,16,1031,dr,,nan,0.6629241087794651,0.7153918288961995,0.03683474544094251,318.07728287467376,0.0,0.03683474544094251
02,beta_log,16,1031,switch_dr,,2.0229901159127737,0.7123944304495325,0.7153918288961995,0.03683474544094251,318.07728287467376,0.0,0.7305255423747397
02,beta_log,16,1031,dros,,1.495171058271216,0.7074445092591879,0.7153918288961995,0.03683474544094251,318.07728287467376,0.0,0.9370713525343046
02,beta_log,16,1032,dm,,nan,0.6927234189159213,0.7153918288961995,0.07420851405288918,116.24549293060419,0.0,nan
02,beta_log,16,1032,ips,,nan,0.7281290393870863,0.7153918288961995,0.07420851405288918,116.24549293060419,0.0,0.07420851405288918
02,beta_log,16,1032,snips,,nan,0.7973002586726112,0.7153918288961995,0.07420851405288918,116.24549293060419,0.0,0.07420851405288918
02,beta_log,16,1032,clipped_ips,,1.2956057337824125,0.5098718548947591,0.7153918288961995,0.07420851405288918,116.24549293060419,0.0,0.7857283467168208
02,beta_log,16,1032,dr,,nan,0.735060304750131,0.7153918288961995,0.07420851405288918,116.24549293060419,0.0,0.07420851405288918
02,beta_log,16,1032,switch_dr,,2.1305352137885545,0.711824612971243,0.7153918288961995,0.07420851405288918,116.24549293060419,0.0,0.7175880489711419
02,beta_log,16,1032,dros,,1.6785942174098636,0.7072999294126073,0.7153918288961995,0.07420851405288918,116.24549293060419,0.0,0.930108579466458
02,beta_log,16,1033,dm,,nan,0.6947514559092304,0.7153918288961995,0.001611698498900623,3102.0757647492055,0.0,nan
02,beta_log,16,1033,ips,,nan,0.9422532990763736,0.7153918288961995,0.001611698498900623,3102.0757647492055,0.0,0.001611698498900623
02,beta_log,16,1033,snips,,nan,0.7469989893687498,0.7153918288961995,0.001611698498900623,3102.0757647492055,0.0,0.001611698498900623
02,beta_log,16,1033,clipped_ips,,1.2337625973970476,0.5035141703835758,0.7153918288961995,0.001611698498900623,3102.0757647492055,0.0,0.7999777660844049
02,beta_log,16,1033,dr,,nan,0.9268234019827785,0.7153918288961995,0.001611698498900623,3102.0757647492055,0.0,0.001611698498900623
02,beta_log,16,1033,switch_dr,,2.0550445312331713,0.7166118402426357,0.7153918288961995,0.001611698498900623,3102.0757647492055,0.0,0.7293535943363396
02,beta_log,16,1033,dros,,1.5221701467359094,0.7102898194366842,0.7153918288961995,0.001611698498900623,3102.0757647492055,0.0,0.9358620096166725
02,beta_log,16,1034,dm,,nan,0.6941634717131772,0.7153918288961995,0.04841874332823785,248.57036538863184,0.0,nan
02,beta_log,16,1034,ips,,nan,0.6792068455057514,0.7153918288961995,0.04841874332823785,248.57036538863184,0.0,0.04841874332823785
02,beta_log,16,1034,snips,,nan,0.7592733229918343,0.7153918288961995,0.04841874332823785,248.57036538863184,0.0,0.04841874332823785
02,beta_log,16,1034,clipped_ips,,1.219119982532828,0.5102910062894186,0.7153918288961995,0.04841874332823785,248.57036538863184,0.0,0.8039906942212149
02,beta_log,16,1034,dr,,nan,0.7060128368397389,0.7153918288961995,0.04841874332823785,248.57036538863184,0.0,0.04841874332823785
02,beta_log,16,1034,switch_dr,,2.0184246474859675,0.7165553566012453,0.7153918288961995,0.04841874332823785,248.57036538863184,0.0,0.7326618981255207
02,beta_log,16,1034,dros,,1.486253531810843,0.7120907242797633,0.7153918288961995,0.04841874332823785,248.57036538863184,0.0,0.9380089154145178
02,beta_log,16,1035,dm,,nan,0.6936778457121711,0.7153918288961995,0.037231374766191476,364.54911827517907,0.0,nan
02,beta_log,16,1035,ips,,nan,0.6996915554368148,0.7153918288961995,0.037231374766191476,364.54911827517907,0.0,0.037231374766191476
02,beta_log,16,1035,snips,,nan,0.7780483337764924,0.7153918288961995,0.037231374766191476,364.54911827517907,0.0,0.037231374766191476
02,beta_log,16,1035,clipped_ips,,1.2647356484503243,0.5091015900178913,0.7153918288961995,0.037231374766191476,364.54911827517907,0.0,0.7946948111217924
02,beta_log,16,1035,dr,,nan,0.7199905785583189,0.7153918288961995,0.037231374766191476,364.54911827517907,0.0,0.037231374766191476
02,beta_log,16,1035,switch_dr,,2.048377233121201,0.7130718150618611,0.7153918288961995,0.037231374766191476,364.54911827517907,0.0,0.7252373867468478
02,beta_log,16,1035,dros,,1.5995562604610623,0.7082288563771774,0.7153918288961995,0.037231374766191476,364.54911827517907,0.0,0.9339898010810779
02,beta_log,16,1036,dm,,nan,0.693694299662431,0.7153918288961995,0.0073616876044523966,1081.7313957611389,0.0,nan
02,beta_log,16,1036,ips,,nan,0.7585605410520228,0.7153918288961995,0.0073616876044523966,1081.7313957611389,0.0,0.0073616876044523966
02,beta_log,16,1036,snips,,nan,0.7477075624285607,0.7153918288961995,0.0073616876044523966,1081.7313957611389,0.0,0.0073616876044523966
02,beta_log,16,1036,clipped_ips,,1.2393285629673143,0.5107186242723782,0.7153918288961995,0.0073616876044523966,1081.7313957611389,0.0,0.7979446411214519
02,beta_log,16,1036,dr,,nan,0.7442463759983323,0.7153918288961995,0.0073616876044523966,1081.7313957611389,0.0,0.0073616876044523966
02,beta_log,16,1036,switch_dr,,2.066712788123909,0.715346368342734,0.7153918288961995,0.0073616876044523966,1081.7313957611389,0.0,0.7289680224397048
02,beta_log,16,1036,dros,,1.5359352869866283,0.7108865702776934,0.7153918288961995,0.0073616876044523966,1081.7313957611389,0.0,0.9343907644471158
02,beta_log,16,1037,dm,,nan,0.6935709830984859,0.7153918288961995,0.0007273550296081006,5262.161072516472,0.0,nan
02,beta_log,16,1037,ips,,nan,0.3908575409665695,0.7153918288961995,0.0007273550296081006,5262.161072516472,0.0,0.0007273550296081006
02,beta_log,16,1037,snips,,nan,0.2726957380659214,0.7153918288961995,0.0007273550296081006,5262.161072516472,0.0,0.0007273550296081006
02,beta_log,16,1037,clipped_ips,,1.220855215707209,0.5001471204742591,0.7153918288961995,0.0007273550296081006,5262.161072516472,0.0,0.8029493644737795
02,beta_log,16,1037,dr,,nan,0.34155169407279345,0.7153918288961995,0.0007273550296081006,5262.161072516472,0.0,0.0007273550296081006
02,beta_log,16,1037,switch_dr,,1.8946523933309185,0.7088485927239523,0.7153918288961995,0.0007273550296081006,5262.161072516472,0.0,0.7424744440033896
02,beta_log,16,1037,dros,,1.4904874577194958,0.704929139613094,0.7153918288961995,0.0007273550296081006,5262.161072516472,0.0,0.9367802623285768
02,beta_log,16,1038,dm,,nan,0.6945459142367677,0.7153918288961995,0.0008641833548196889,4824.557574445039,0.0,nan
02,beta_log,16,1038,ips,,nan,0.6356684981882107,0.7153918288961995,0.0008641833548196889,4824.557574445039,0.0,0.0008641833548196889
02,beta_log,16,1038,snips,,nan,0.44666695619935476,0.7153918288961995,0.0008641833548196889,4824.557574445039,0.0,0.0008641833548196889
02,beta_log,16,1038,clipped_ips,,1.2880297092107886,0.5139361476590091,0.7153918288961995,0.0008641833548196889,4824.557574445039,0.0,0.7886812998498184
02,beta_log,16,1038,dr,,nan,0.4810263235207806,0.7153918288961995,0.0008641833548196889,4824.557574445039,0.0,0.0008641833548196889
02,beta_log,16,1038,switch_dr,,2.2124154133304414,0.715206599528847,0.7153918288961995,0.0008641833548196889,4824.557574445039,0.0,0.7141602586223135
02,beta_log,16,1038,dros,,1.6590205318096287,0.7102945485039278,0.7153918288961995,0.0008641833548196889,4824.557574445039,0.0,0.9302001555372421
02,beta_log,16,1039,dm,,nan,0.6918953120560825,0.7153918288961995,0.0033083528280786595,1778.8434439091177,0.0,nan
02,beta_log,16,1039,ips,,nan,0.7290314220952119,0.7153918288961995,0.0033083528280786595,1778.8434439091177,0.0,0.0033083528280786595
02,beta_log,16,1039,snips,,nan,0.7034751057085173,0.7153918288961995,0.0033083528280786595,1778.8434439091177,0.0,0.0033083528280786595
02,beta_log,16,1039,clipped_ips,,1.232570168716066,0.5057763278828951,0.7153918288961995,0.0033083528280786595,1778.8434439091177,0.0,0.8015906229782368
02,beta_log,16,1039,dr,,nan,0.7398317720899104,0.7153918288961995,0.0033083528280786595,1778.8434439091177,0.0,0.0033083528280786595
02,beta_log,16,1039,switch_dr,,2.0641004602601805,0.7106535538365896,0.7153918288961995,0.0033083528280786595,1778.8434439091177,0.0,0.7298483964997714
02,beta_log,16,1039,dros,,1.5192292208087512,0.7077557863946115,0.7153918288961995,0.0033083528280786595,1778.8434439091177,0.0,0.9364986806990957
