axis_id,knob_name,knob_value,seed,estimator,variant,hyperparam_value,estimate,v_true,ess_ratio_raw,max_weight_raw,support_proxy,ess_ratio_used
05,pscore_mode,true,1000,dm,q_oracle,nan,0.7146432308460855,0.7153918288961995,0.8201240283859388,2.754669514724757,0.0,nan
05,pscore_mode,true,1000,ips,q_oracle,nan,0.7205525468101174,0.7153918288961995,0.8201240283859388,2.754669514724757,0.0,0.8201240283859388
05,pscore_mode,true,1000,snips,q_oracle,nan,0.7224472703288193,0.7153918288961995,0.8201240283859388,2.754669514724757,0.0,0.8201240283859388
05,pscore_mode,true,1000,clipped_ips,q_oracle,1.6055857719759001,0.6997913847874564,0.7153918288961995,0.8201240283859388,2.754669514724757,0.0,0.8402853412826027
05,pscore_mode,true,1000,dr,q_oracle,nan,0.7236443516391968,0.7153918288961995,0.8201240283859388,2.754669514724757,0.0,0.8201240283859388
05,pscore_mode,true,1000,switch_dr,q_oracle,1.7684260556785982,0.7236869649687454,0.7153918288961995,0.8201240283859388,2.754669514724757,0.0,0.7954152321984387
05,pscore_mode,true,1000,dros,q_oracle,2.577905671171447,0.7206435382413587,0.7153918288961995,0.8201240283859388,2.754669514724757,0.0,0.9353045673101653
05,pscore_mode,true,1000,dm,q_shrink09,nan,0.6931789077614771,0.7153918288961995,0.8201240283859388,2.754669514724757,0.0,nan
05,pscore_mode,true,1000,ips,q_shrink09,nan,0.7205525468101174,0.7153918288961995,0.8201240283859388,2.754669514724757,0.0,0.8201240283859388
05,pscore_mode,true,1000,snips,q_shrink09,nan,0.7224472703288193,0.7153918288961995,0.8201240283859388,2.754669514724757,0.0,0.8201240283859388
05,pscore_mode,true,1000,clipped_ips,q_shrink09,1.6055857719759001,0.6997913847874564,0.7153918288961995,0.8201240283859388,2.754669514724757,0.0,0.8402853412826027
05,pscore_mode,true,1000,dr,q_shrink09,nan,0.723466303461477,0.7153918288961995,0.8201240283859388,2.754669514724757,0.0,0.8201240283859388
05,pscore_mode,true,1000,switch_dr,q_shrink09,1.7684260556785982,0.7194182940763618,0.7153918288961995,0.8201240283859388,2.754669514724757,0.0,0.7954152321984387
05,pscore_mode,true,1000,dros,q_shrink09,2.577905671171447,0.7096420018305581,0.7153918288961995,0.8201240283859388,2.754669514724757,0.0,0.9353045673101653
05,pscore_mode,estimated,1000,dm,q_oracle,nan,0.7146432308460855,0.7153918288961995,0.7916702364503769,3.028352961995321,0.0,nan
05,pscore_mode,estimated,1000,ips,q_oracle,nan,0.7444155374955137,0.7153918288961995,0.7916702364503769,3.028352961995321,0.0,0.7916702364503769
05,pscore_mode,estimated,1000,snips,q_oracle,nan,0.7286723981674683,0.7153918288961995,0.7916702364503769,3.028352961995321,0.0,0.7916702364503769
05,pscore_mode,estimated,1000,clipped_ips,q_oracle,1.6055857719759001,0.7067991889390922,0.7153918288961995,0.7916702364503769,3.028352961995321,0.0,0.8272694363257802
05,pscore_mode,estimated,1000,dr,q_oracle,nan,0.7239845888144965,0.7153918288961995,0.7916702364503769,3.028352961995321,0.0,0.7916702364503769
05,pscore_mode,estimated,1000,switch_dr,q_oracle,1.7684260556785982,0.7237460392919954,0.7153918288961995,0.7916702364503769,3.028352961995321,0.0,0.7526335675837564
05,pscore_mode,estimated,1000,dros,q_oracle,2.577905671171447,0.7205953736139742,0.7153918288961995,0.7916702364503769,3.028352961995321,0.0,0.9280450194803911
05,pscore_mode,estimated,1000,dm,q_shrink09,nan,0.6931789077614771,0.7153918288961995,0.7916702364503769,3.028352961995321,0.0,nan
05,pscore_mode,estimated,1000,ips,q_shrink09,nan,0.7444155374955137,0.7153918288961995,0.7916702364503769,3.028352961995321,0.0,0.7916702364503769
05,pscore_mode,estimated,1000,snips,q_shrink09,nan,0.7286723981674683,0.7153918288961995,0.7916702364503769,3.028352961995321,0.0,0.7916702364503769
05,pscore_mode,estimated,1000,clipped_ips,q_shrink09,1.6055857719759001,0.7067991889390922,0.7153918288961995,0.7916702364503769,3.028352961995321,0.0,0.8272694363257802
05,pscore_mode,estimated,1000,dr,q_shrink09,nan,0.7249474218689467,0.7153918288961995,0.7916702364503769,3.028352961995321,0.0,0.7916702364503769
05,pscore_mode,estimated,1000,switch_dr,q_shrink09,1.7684260556785982,0.7180420672059433,0.7153918288961995,0.7916702364503769,3.028352961995321,0.0,0.7526335675837564
05,pscore_mode,estimated,1000,dros,q_shrink09,2.577905671171447,0.7096949853724814,0.7153918288961995,0.7916702364503769,3.028352961995321,0.0,0.9280450194803911
05,pscore_mode,noised_0.1,1000,dm,q_oracle,nan,0.7146432308460855,0.7153918288961995,0.8120082583641096,3.16438573764617,0.0,nan
05,pscore_mode,noised_0.1,1000,ips,q_oracle,nan,0.7252557273356051,0.7153918288961995,0.8120082583641096,3.16438573764617,0.0,0.8120082583641096
05,pscore_mode,noised_0.1,1000,snips,q_oracle,nan,0.7229675831802681,0.7153918288961995,0.8120082583641096,3.16438573764617,0.0,0.8120082583641096
05,pscore_mode,noised_0.1,1000,clipped_ips,q_oracle,1.6055857719759001,0.6988899004985868,0.7153918288961995,0.8120082583641096,3.16438573764617,0.0,0.8378384011193307
05,pscore_mode,noised_0.1,1000,dr,q_oracle,nan,0.7243091384352818,0.7153918288961995,0.8120082583641096,3.16438573764617,0.0,0.8120082583641096
05,pscore_mode,noised_0.1,1000,switch_dr,q_oracle,1.7684260556785982,0.722044245365457,0.7153918288961995,0.8120082583641096,3.16438573764617,0.0,0.7849157688468614
05,pscore_mode,noised_0.1,1000,dros,q_oracle,2.577905671171447,0.720652520288649,0.7153918288961995,0.8120082583641096,3.16438573764617,0.0,0.9345989305488179
05,pscore_mode,noised_0.1,1000,dm,q_shrink09,nan,0.6931789077614771,0.7153918288961995,0.8120082583641096,3.16438573764617,0.0,nan
05,pscore_mode,noised_0.1,1000,ips,q_shrink09,nan,0.7252557273356051,0.7153918288961995,0.8120082583641096,3.16438573764617,0.0,0.8120082583641096
05,pscore_mode,noised_0.1,1000,snips,q_shrink09,nan,0.7229675831802681,0.7153918288961995,0.8120082583641096,3.16438573764617,0.0,0.8120082583641096
05,pscore_mode,noised_0.1,1000,clipped_ips,q_shrink09,1.6055857719759001,0.6988899004985868,0.7153918288961995,0.8120082583641096,3.16438573764617,0.0,0.8378384011193307
05,pscore_mode,noised_0.1,1000,dr,q_shrink09,nan,0.7242455506619389,0.7153918288961995,0.8120082583641096,3.16438573764617,0.0,0.8120082583641096
05,pscore_mode,noised_0.1,1000,switch_dr,q_shrink09,1.7684260556785982,0.7170484149479306,0.7153918288961995,0.8120082583641096,3.16438573764617,0.0,0.7849157688468614
05,pscore_mode,noised_0.1,1000,dros,q_shrink09,2.577905671171447,0.7095826771110689,0.7153918288961995,0.8120082583641096,3.16438573764617,0.0,0.9345989305488179
05,pscore_mode,noised_0.25,1000,dm,q_oracle,nan,0.7146432308460855,0.7153918288961995,0.7708115174694696,4.68172522359133,0.0,nan
05,pscore_mode,noised_0.25,1000,ips,q_oracle,nan,0.746311999697711,0.7153918288961995,0.7708115174694696,4.68172522359133,0.0,0.7708115174694696
05,pscore_mode,noised_0.25,1000,snips,q_oracle,nan,0.723741828628437,0.7153918288961995,0.7708115174694696,4.68172522359133,0.0,0.7708115174694696
05,pscore_mode,noised_0.25,1000,clipped_ips,q_oracle,1.6055857719759001,0.6916003719278322,0.7153918288961995,0.7708115174694696,4.68172522359133,0.0,0.827024206622219
05,pscore_mode,noised_0.25,1000,dr,q_oracle,nan,0.7255644906359074,0.7153918288961995,0.7708115174694696,4.68172522359133,0.0,0.7708115174694696
05,pscore_mode,noised_0.25,1000,switch_dr,q_oracle,1.7684260556785982,0.7208270784669449,0.7153918288961995,0.7708115174694696,4.68172522359133,0.0,0.73898100309494
05,pscore_mode,noised_0.25,1000,dros,q_oracle,2.577905671171447,0.7205574374213999,0.7153918288961995,0.7708115174694696,4.68172522359133,0.0,0.9303566810813308
05,pscore_mode,noised_0.25,1000,dm,q_shrink09,nan,0.6931789077614771,0.7153918288961995,0.7708115174694696,4.68172522359133,0.0,nan
05,pscore_mode,noised_0.25,1000,ips,q_shrink09,nan,0.746311999697711,0.7153918288961995,0.7708115174694696,4.68172522359133,0.0,0.7708115174694696
05,pscore_mode,noised_0.25,1000,snips,q_shrink09,nan,0.723741828628437,0.7153918288961995,0.7708115174694696,4.68172522359133,0.0,0.7708115174694696
05,pscore_mode,noised_0.25,1000,clipped_ips,q_shrink09,1.6055857719759001,0.6916003719278322,0.7153918288961995,0.7708115174694696,4.68172522359133,0.0,0.827024206622219
05,pscore_mode,noised_0.25,1000,dr,q_shrink09,nan,0.7260799720500891,0.7153918288961995,0.7708115174694696,4.68172522359133,0.0,0.7708115174694696
05,pscore_mode,noised_0.25,1000,switch_dr,q_shrink09,1.7684260556785982,0.7128551840862698,0.7153918288961995,0.7708115174694696,4.68172522359133,0.0,0.73898100309494
05,pscore_mode,noised_0.25,1000,dros,q_shrink09,2.577905671171447,0.7091550827077062,0.7153918288961995,0.7708115174694696,4.68172522359133,0.0,0.9303566810813308
05,pscore_mode,noised_0.5,1000,dm,q_oracle,nan,0.7146432308460855,0.7153918288961995,0.6416090544198065,9.413200182808545,0.0,nan
05,pscore_mode,noised_0.5,1000,ips,q_oracle,nan,0.8226723051067627,0.7153918288961995,0.6416090544198065,9.413200182808545,0.0,0.6416090544198065
05,pscore_mode,noised_0.5,1000,snips,q_oracle,nan,0.7248478829100785,0.7153918288961995,0.6416090544198065,9.413200182808545,0.0,0.6416090544198065
05,pscore_mode,noised_0.5,1000,clipped_ips,q_oracle,1.6055857719759001,0.6730674227710172,0.7153918288961995,0.6416090544198065,9.413200182808545,0.0,0.7988080628883409
05,pscore_mode,noised_0.5,1000,dr,q_oracle,nan,0.7285168376842106,0.7153918288961995,0.6416090544198065,9.413200182808545,0.0,0.6416090544198065
05,pscore_mode,noised_0.5,1000,switch_dr,q_oracle,1.7684260556785982,0.7211097991546784,0.7153918288961995,0.6416090544198065,9.413200182808545,0.0,0.6509390044269414
05,pscore_mode,noised_0.5,1000,dros,q_oracle,2.577905671171447,0.7201730188255759,0.7153918288961995,0.6416090544198065,9.413200182808545,0.0,0.9132768400280807
05,pscore_mode,noised_0.5,1000,dm,q_shrink09,nan,0.6931789077614771,0.7153918288961995,0.6416090544198065,9.413200182808545,0.0,nan
05,pscore_mode,noised_0.5,1000,ips,q_shrink09,nan,0.8226723051067627,0.7153918288961995,0.6416090544198065,9.413200182808545,0.0,0.6416090544198065
05,pscore_mode,noised_0.5,1000,snips,q_shrink09,nan,0.7248478829100785,0.7153918288961995,0.6416090544198065,9.413200182808545,0.0,0.6416090544198065
05,pscore_mode,noised_0.5,1000,clipped_ips,q_shrink09,1.6055857719759001,0.6730674227710172,0.7153918288961995,0.6416090544198065,9.413200182808545,0.0,0.7988080628883409
05,pscore_mode,noised_0.5,1000,dr,q_shrink09,nan,0.7311844567230735,0.7153918288961995,0.6416090544198065,9.413200182808545,0.0,0.6416090544198065
05,pscore_mode,noised_0.5,1000,switch_dr,q_shrink09,1.7684260556785982,0.7086954621871124,0.7153918288961995,0.6416090544198065,9.413200182808545,0.0,0.6509390044269414
05,pscore_mode,noised_0.5,1000,dros,q_shrink09,2.577905671171447,0.7078153660364005,0.7153918288961995,0.6416090544198065,9.413200182808545,0.0,0.9132768400280807
05,pscore_mode,noised_1.0,1000,dm,q_oracle,nan,0.7146432308460855,0.7153918288961995,0.31405849729133917,49.628702394519536,0.0,nan
05,pscore_mode,noised_1.0,1000,ips,q_oracle,nan,1.1997828713255552,0.7153918288961995,0.31405849729133917,49.628702394519536,0.0,0.31405849729133917
05,pscore_mode,noised_1.0,1000,snips,q_oracle,nan,0.7241805889363856,0.7153918288961995,0.31405849729133917,49.628702394519536,0.0,0.31405849729133917
05,pscore_mode,noised_1.0,1000,clipped_ips,q_oracle,1.6055857719759001,0.638108843294241,0.7153918288961995,0.31405849729133917,49.628702394519536,0.0,0.7398197053822833
05,pscore_mode,noised_1.0,1000,dr,q_oracle,nan,0.7383328906004865,0.7153918288961995,0.31405849729133917,49.628702394519536,0.0,0.31405849729133917
05,pscore_mode,noised_1.0,1000,switch_dr,q_oracle,1.7684260556785982,0.7186733436772862,0.7153918288961995,0.31405849729133917,49.628702394519536,0.0,0.5063947721004407
05,pscore_mode,noised_1.0,1000,dros,q_oracle,2.577905671171447,0.7188051315985442,0.7153918288961995,0.31405849729133917,49.628702394519536,0.0,0.8483447163994519
05,pscore_mode,noised_1.0,1000,dm,q_shrink09,nan,0.6931789077614771,0.7153918288961995,0.31405849729133917,49.628702394519536,0.0,nan
05,pscore_mode,noised_1.0,1000,ips,q_shrink09,nan,1.1997828713255552,0.7153918288961995,0.31405849729133917,49.628702394519536,0.0,0.31405849729133917
05,pscore_mode,noised_1.0,1000,snips,q_shrink09,nan,0.7241805889363856,0.7153918288961995,0.31405849729133917,49.628702394519536,0.0,0.31405849729133917
05,pscore_mode,noised_1.0,1000,clipped_ips,q_shrink09,1.6055857719759001,0.638108843294241,0.7153918288961995,0.31405849729133917,49.628702394519536,0.0,0.7398197053822833
05,pscore_mode,noised_1.0,1000,dr,q_shrink09,nan,0.7516406178558003,0.7153918288961995,0.31405849729133917,49.628702394519536,0.0,0.31405849729133917
05,pscore_mode,noised_1.0,1000,switch_dr,q_shrink09,1.7684260556785982,0.7025418954245563,0.7153918288961995,0.31405849729133917,49.628702394519536,0.0,0.5063947721004407
05,pscore_mode,noised_1.0,1000,dros,q_shrink09,2.577905671171447,0.7043251027816354,0.7153918288961995,0.31405849729133917,49.628702394519536,0.0,0.8483447163994519
05,pscore_mode,true,1001,dm,q_oracle,nan,0.7130888833019955,0.7153918288961995,0.8224395517557487,2.6469413369012913,0.0,nan
05,pscore_mode,true,1001,ips,q_oracle,nan,0.7197675049804101,0.7153918288961995,0.8224395517557487,2.6469413369012913,0.0,0.8224395517557487
05,pscore_mode,true,1001,snips,q_oracle,nan,0.7141665176280945,0.7153918288961995,0.8224395517557487,2.6469413369012913,0.0,0.8224395517557487
05,pscore_mode,true,1001,clipped_ips,q_oracle,1.6080087476602787,0.6994486835701762,0.7153918288961995,0.8224395517557487,2.6469413369012913,0.0,0.8412703516389894
05,pscore_mode,true,1001,dr,q_oracle,nan,0.7100238014619964,0.7153918288961995,0.8224395517557487,2.6469413369012913,0.0,0.8224395517557487
05,pscore_mode,true,1001,switch_dr,q_oracle,1.7865268235606344,0.7120491454662419,0.7153918288961995,0.8224395517557487,2.6469413369012913,0.0,0.7957125892156435
05,pscore_mode,true,1001,dros,q_oracle,2.5856921325519777,0.7114972164816993,0.7153918288961995,0.8224395517557487,2.6469413369012913,0.0,0.9353303888054736
05,pscore_mode,true,1001,dm,q_shrink09,nan,0.691779994971796,0.7153918288961995,0.8224395517557487,2.6469413369012913,0.0,nan
05,pscore_mode,true,1001,ips,q_shrink09,nan,0.7197675049804101,0.7153918288961995,0.8224395517557487,2.6469413369012913,0.0,0.8224395517557487
05,pscore_mode,true,1001,snips,q_shrink09,nan,0.7141665176280945,0.7153918288961995,0.8224395517557487,2.6469413369012913,0.0,0.8224395517557487
05,pscore_mode,true,1001,clipped_ips,q_shrink09,1.6080087476602787,0.6994486835701762,0.7153918288961995,0.8224395517557487,2.6469413369012913,0.0,0.8412703516389894
05,pscore_mode,true,1001,dr,q_shrink09,nan,0.7106060372615965,0.7153918288961995,0.8224395517557487,2.6469413369012913,0.0,0.8224395517557487
05,pscore_mode,true,1001,switch_dr,q_shrink09,1.7865268235606344,0.7085871877049846,0.7153918288961995,0.8224395517557487,2.6469413369012913,0.0,0.7957125892156435
05,pscore_mode,true,1001,dros,q_shrink09,2.5856921325519777,0.7009783176497498,0.7153918288961995,0.8224395517557487,2.6469413369012913,0.0,0.9353303888054736
05,pscore_mode,estimated,1001,dm,q_oracle,nan,0.7130888833019955,0.7153918288961995,0.8078001442190809,3.3226397731094663,0.0,nan
05,pscore_mode,estimated,1001,ips,q_oracle,nan,0.7309455106353544,0.7153918288961995,0.8078001442190809,3.3226397731094663,0.0,0.8078001442190809
05,pscore_mode,estimated,1001,snips,q_oracle,nan,0.7150357987721654,0.7153918288961995,0.8078001442190809,3.3226397731094663,0.0,0.8078001442190809
05,pscore_mode,estimated,1001,clipped_ips,q_oracle,1.6080087476602787,0.7032617130267516,0.7153918288961995,0.8078001442190809,3.3226397731094663,0.0,0.8352793268858042
05,pscore_mode,estimated,1001,dr,q_oracle,nan,0.7097228209310412,0.7153918288961995,0.8078001442190809,3.3226397731094663,0.0,0.8078001442190809
05,pscore_mode,estimated,1001,switch_dr,q_oracle,1.7865268235606344,0.7104231930342116,0.7153918288961995,0.8078001442190809,3.3226397731094663,0.0,0.7792725984720313
05,pscore_mode,estimated,1001,dros,q_oracle,2.5856921325519777,0.7114559026163089,0.7153918288961995,0.8078001442190809,3.3226397731094663,0.0,0.9305079812329065
05,pscore_mode,estimated,1001,dm,q_shrink09,nan,0.691779994971796,0.7153918288961995,0.8078001442190809,3.3226397731094663,0.0,nan
05,pscore_mode,estimated,1001,ips,q_shrink09,nan,0.7309455106353544,0.7153918288961995,0.8078001442190809,3.3226397731094663,0.0,0.8078001442190809
05,pscore_mode,estimated,1001,snips,q_shrink09,nan,0.7150357987721654,0.7153918288961995,0.8078001442190809,3.3226397731094663,0.0,0.8078001442190809
05,pscore_mode,estimated,1001,clipped_ips,q_shrink09,1.6080087476602787,0.7032617130267516,0.7153918288961995,0.8078001442190809,3.3226397731094663,0.0,0.8352793268858042
05,pscore_mode,estimated,1001,dr,q_shrink09,nan,0.7107325783397781,0.7153918288961995,0.8078001442190809,3.3226397731094663,0.0,0.8078001442190809
05,pscore_mode,estimated,1001,switch_dr,q_shrink09,1.7865268235606344,0.7066724108038116,0.7153918288961995,0.8078001442190809,3.3226397731094663,0.0,0.7792725984720313
05,pscore_mode,estimated,1001,dros,q_shrink09,2.5856921325519777,0.7010261265917139,0.7153918288961995,0.8078001442190809,3.3226397731094663,0.0,0.9305079812329065
05,pscore_mode,noised_0.1,1001,dm,q_oracle,nan,0.7130888833019955,0.7153918288961995,0.8140565266306597,3.106188418123442,0.0,nan
05,pscore_mode,noised_0.1,1001,ips,q_oracle,nan,0.7249949540825994,0.7153918288961995,0.8140565266306597,3.106188418123442,0.0,0.8140565266306597
05,pscore_mode,noised_0.1,1001,snips,q_oracle,nan,0.7150428372651195,0.7153918288961995,0.8140565266306597,3.106188418123442,0.0,0.8140565266306597
05,pscore_mode,noised_0.1,1001,clipped_ips,q_oracle,1.6080087476602787,0.6983800086714637,0.7153918288961995,0.8140565266306597,3.106188418123442,0.0,0.8387010599523461
05,pscore_mode,noised_0.1,1001,dr,q_oracle,nan,0.7108063278251372,0.7153918288961995,0.8140565266306597,3.106188418123442,0.0,0.8140565266306597
05,pscore_mode,noised_0.1,1001,switch_dr,q_oracle,1.7865268235606344,0.7100317747538887,0.7153918288961995,0.8140565266306597,3.106188418123442,0.0,0.7813563776844095
05,pscore_mode,noised_0.1,1001,dros,q_oracle,2.5856921325519777,0.7114365681153431,0.7153918288961995,0.8140565266306597,3.106188418123442,0.0,0.9346964902859887
05,pscore_mode,noised_0.1,1001,dm,q_shrink09,nan,0.691779994971796,0.7153918288961995,0.8140565266306597,3.106188418123442,0.0,nan
05,pscore_mode,noised_0.1,1001,ips,q_shrink09,nan,0.7249949540825994,0.7153918288961995,0.8140565266306597,3.106188418123442,0.0,0.8140565266306597
05,pscore_mode,noised_0.1,1001,snips,q_shrink09,nan,0.7150428372651195,0.7153918288961995,0.8140565266306597,3.106188418123442,0.0,0.8140565266306597
05,pscore_mode,noised_0.1,1001,clipped_ips,q_shrink09,1.6080087476602787,0.6983800086714637,0.7153918288961995,0.8140565266306597,3.106188418123442,0.0,0.8387010599523461
05,pscore_mode,noised_0.1,1001,dr,q_shrink09,nan,0.7115292799194568,0.7153918288961995,0.8140565266306597,3.106188418123442,0.0,0.8140565266306597
05,pscore_mode,noised_0.1,1001,switch_dr,q_shrink09,1.7865268235606344,0.7055668112994784,0.7153918288961995,0.8140565266306597,3.106188418123442,0.0,0.7813563776844095
05,pscore_mode,noised_0.1,1001,dros,q_shrink09,2.5856921325519777,0.7008466908959534,0.7153918288961995,0.8140565266306597,3.106188418123442,0.0,0.9346964902859887
05,pscore_mode,noised_0.25,1001,dm,q_oracle,nan,0.7130888833019955,0.7153918288961995,0.7719637892403421,4.644357607492721,0.0,nan
05,pscore_mode,noised_0.25,1001,ips,q_oracle,nan,0.7469328477735959,0.7153918288961995,0.7719637892403421,4.644357607492721,0.0,0.7719637892403421
05,pscore_mode,noised_0.25,1001,snips,q_oracle,nan,0.7163498452558078,0.7153918288961995,0.7719637892403421,4.644357607492721,0.0,0.7719637892403421
05,pscore_mode,noised_0.25,1001,clipped_ips,q_oracle,1.6080087476602787,0.6900221446190496,0.7153918288961995,0.7719637892403421,4.644357607492721,0.0,0.8283545303913065
05,pscore_mode,noised_0.25,1001,dr,q_oracle,nan,0.7119890030858969,0.7153918288961995,0.7719637892403421,4.644357607492721,0.0,0.7719637892403421
05,pscore_mode,noised_0.25,1001,switch_dr,q_oracle,1.7865268235606344,0.708436573741463,0.7153918288961995,0.7719637892403421,4.644357607492721,0.0,0.7355208337076541
05,pscore_mode,noised_0.25,1001,dros,q_oracle,2.5856921325519777,0.7113487194961421,0.7153918288961995,0.7719637892403421,4.644357607492721,0.0,0.9306785687320318
05,pscore_mode,noised_0.25,1001,dm,q_shrink09,nan,0.691779994971796,0.7153918288961995,0.7719637892403421,4.644357607492721,0.0,nan
05,pscore_mode,noised_0.25,1001,ips,q_shrink09,nan,0.7469328477735959,0.7153918288961995,0.7719637892403421,4.644357607492721,0.0,0.7719637892403421
05,pscore_mode,noised_0.25,1001,snips,q_shrink09,nan,0.7163498452558078,0.7153918288961995,0.7719637892403421,4.644357607492721,0.0,0.7719637892403421
05,pscore_mode,noised_0.25,1001,clipped_ips,q_shrink09,1.6080087476602787,0.6900221446190496,0.7153918288961995,0.7719637892403421,4.644357607492721,0.0,0.8283545303913065
05,pscore_mode,noised_0.25,1001,dr,q_shrink09,nan,0.7133487460299752,0.7153918288961995,0.7719637892403421,4.644357607492721,0.0,0.7719637892403421
05,pscore_mode,noised_0.25,1001,switch_dr,q_shrink09,1.7865268235606344,0.7010011040344776,0.7153918288961995,0.7719637892403421,4.644357607492721,0.0,0.7355208337076541
05,pscore_mode,noised_0.25,1001,dros,q_shrink09,2.5856921325519777,0.7004146941112791,0.7153918288961995,0.7719637892403421,4.644357607492721,0.0,0.9306785687320318
05,pscore_mode,noised_0.5,1001,dm,q_oracle,nan,0.7130888833019955,0.7153918288961995,0.6383103778180074,11.11162048041316,0.0,nan
05,pscore_mode,noised_0.5,1001,ips,q_oracle,nan,0.8256567623636991,0.7153918288961995,0.6383103778180074,11.11162048041316,0.0,0.6383103778180074
05,pscore_mode,noised_0.5,1001,snips,q_oracle,nan,0.7186478037199233,0.7153918288961995,0.6383103778180074,11.11162048041316,0.0,0.6383103778180074
05,pscore_mode,noised_0.5,1001,clipped_ips,q_oracle,1.6080087476602787,0.6709227320055992,0.7153918288961995,0.6383103778180074,11.11162048041316,0.0,0.8005537924131795
05,pscore_mode,noised_0.5,1001,dr,q_oracle,nan,0.7143657470788196,0.7153918288961995,0.6383103778180074,11.11162048041316,0.0,0.6383103778180074
05,pscore_mode,noised_0.5,1001,switch_dr,q_oracle,1.7865268235606344,0.7065146414283194,0.7153918288961995,0.6383103778180074,11.11162048041316,0.0,0.6521001529981223
05,pscore_mode,noised_0.5,1001,dros,q_oracle,2.5856921325519777,0.7112000080514926,0.7153918288961995,0.6383103778180074,11.11162048041316,0.0,0.9137047994493561
05,pscore_mode,noised_0.5,1001,dm,q_shrink09,nan,0.691779994971796,0.7153918288961995,0.6383103778180074,11.11162048041316,0.0,nan
05,pscore_mode,noised_0.5,1001,ips,q_shrink09,nan,0.8256567623636991,0.7153918288961995,0.6383103778180074,11.11162048041316,0.0,0.6383103778180074
05,pscore_mode,noised_0.5,1001,snips,q_shrink09,nan,0.7186478037199233,0.7153918288961995,0.6383103778180074,11.11162048041316,0.0,0.6383103778180074
05,pscore_mode,noised_0.5,1001,clipped_ips,q_shrink09,1.6080087476602787,0.6709227320055992,0.7153918288961995,0.6383103778180074,11.11162048041316,0.0,0.8005537924131795
05,pscore_mode,noised_0.5,1001,dr,q_shrink09,nan,0.7180496885379476,0.7153918288961995,0.6383103778180074,11.11162048041316,0.0,0.6383103778180074
05,pscore_mode,noised_0.5,1001,switch_dr,q_shrink09,1.7865268235606344,0.6948993812038122,0.7153918288961995,0.6383103778180074,11.11162048041316,0.0,0.6521001529981223
05,pscore_mode,noised_0.5,1001,dros,q_shrink09,2.5856921325519777,0.6992778034120193,0.7153918288961995,0.6383103778180074,11.11162048041316,0.0,0.9137047994493561
05,pscore_mode,noised_1.0,1001,dm,q_oracle,nan,0.7130888833019955,0.7153918288961995,0.2940350791592468,63.60348232456899,0.0,nan
05,pscore_mode,noised_1.0,1001,ips,q_oracle,nan,1.2208623482085372,0.7153918288961995,0.2940350791592468,63.60348232456899,0.0,0.2940350791592468
05,pscore_mode,noised_1.0,1001,snips,q_oracle,nan,0.724184345500404,0.7153918288961995,0.2940350791592468,63.60348232456899,0.0,0.2940350791592468
05,pscore_mode,noised_1.0,1001,clipped_ips,q_oracle,1.6080087476602787,0.6349061748494629,0.7153918288961995,0.2940350791592468,63.60348232456899,0.0,0.7429839631797519
05,pscore_mode,noised_1.0,1001,dr,q_oracle,nan,0.7241995212352103,0.7153918288961995,0.2940350791592468,63.60348232456899,0.0,0.2940350791592468
05,pscore_mode,noised_1.0,1001,switch_dr,q_oracle,1.7865268235606344,0.7077432539440862,0.7153918288961995,0.2940350791592468,63.60348232456899,0.0,0.5060215949660812
05,pscore_mode,noised_1.0,1001,dros,q_oracle,2.5856921325519777,0.7109618527719498,0.7153918288961995,0.2940350791592468,63.60348232456899,0.0,0.848421595676575
05,pscore_mode,noised_1.0,1001,dm,q_shrink09,nan,0.691779994971796,0.7153918288961995,0.2940350791592468,63.60348232456899,0.0,nan
05,pscore_mode,noised_1.0,1001,ips,q_shrink09,nan,1.2208623482085372,0.7153918288961995,0.2940350791592468,63.60348232456899,0.0,0.2940350791592468
05,pscore_mode,noised_1.0,1001,snips,q_shrink09,nan,0.724184345500404,0.7153918288961995,0.2940350791592468,63.60348232456899,0.0,0.2940350791592468
05,pscore_mode,noised_1.0,1001,clipped_ips,q_shrink09,1.6080087476602787,0.6349061748494629,0.7153918288961995,0.2940350791592468,63.60348232456899,0.0,0.7429839631797519
05,pscore_mode,noised_1.0,1001,dr,q_shrink09,nan,0.7395735684130817,0.7153918288961995,0.2940350791592468,63.60348232456899,0.0,0.2940350791592468
05,pscore_mode,noised_1.0,1001,switch_dr,q_shrink09,1.7865268235606344,0.6916314035679164,0.7153918288961995,0.2940350791592468,63.60348232456899,0.0,0.5060215949660812
05,pscore_mode,noised_1.0,1001,dros,q_shrink09,2.5856921325519777,0.6968476079722437,0.7153918288961995,0.2940350791592468,63.60348232456899,0.0,0.848421595676575
05,pscore_mode,true,1002,dm,q_oracle,nan,0.7175049409674715,0.7153918288961995,0.823410421387478,2.7283552112772056,0.0,nan
05,pscore_mode,true,1002,ips,q_oracle,nan,0.7257933250708798,0.7153918288961995,0.823410421387478,2.7283552112772056,0.0,0.823410421387478
05,pscore_mode,true,1002,snips,q_oracle,nan,0.7240383146714857,0.7153918288961995,0.823410421387478,2.7283552112772056,0.0,0.823410421387478
05,pscore_mode,true,1002,clipped_ips,q_oracle,1.6071293944061085,0.7061735794853418,0.7153918288961995,0.823410421387478,2.7283552112772056,0.0,0.8416940651534435
05,pscore_mode,true,1002,dr,q_oracle,nan,0.7221866140085685,0.7153918288961995,0.823410421387478,2.7283552112772056,0.0,0.823410421387478
05,pscore_mode,true,1002,switch_dr,q_oracle,1.7767152164922335,0.7236759362113215,0.7153918288961995,0.823410421387478,2.7283552112772056,0.0,0.7964769679666852
05,pscore_mode,true,1002,dros,q_oracle,2.582864890364145,0.7206007880397176,0.7153918288961995,0.823410421387478,2.7283552112772056,0.0,0.9360069151178215
05,pscore_mode,true,1002,dm,q_shrink09,nan,0.6957544468707243,0.7153918288961995,0.823410421387478,2.7283552112772056,0.0,nan
05,pscore_mode,true,1002,ips,q_shrink09,nan,0.7257933250708798,0.7153918288961995,0.823410421387478,2.7283552112772056,0.0,0.823410421387478
05,pscore_mode,true,1002,snips,q_shrink09,nan,0.7240383146714857,0.7153918288961995,0.823410421387478,2.7283552112772056,0.0,0.823410421387478
05,pscore_mode,true,1002,clipped_ips,q_shrink09,1.6071293944061085,0.7061735794853418,0.7153918288961995,0.823410421387478,2.7283552112772056,0.0,0.8416940651534435
05,pscore_mode,true,1002,dr,q_shrink09,nan,0.7224260891529402,0.7153918288961995,0.823410421387478,2.7283552112772056,0.0,0.823410421387478
05,pscore_mode,true,1002,switch_dr,q_shrink09,1.7767152164922335,0.719865216107134,0.7153918288961995,0.823410421387478,2.7283552112772056,0.0,0.7964769679666852
05,pscore_mode,true,1002,dros,q_shrink09,2.582864890364145,0.7097861222695081,0.7153918288961995,0.823410421387478,2.7283552112772056,0.0,0.9360069151178215
05,pscore_mode,estimated,1002,dm,q_oracle,nan,0.7175049409674715,0.7153918288961995,0.809872890902618,2.9135588123007214,0.0,nan
05,pscore_mode,estimated,1002,ips,q_oracle,nan,0.7388352473402747,0.7153918288961995,0.809872890902618,2.9135588123007214,0.0,0.809872890902618
05,pscore_mode,estimated,1002,snips,q_oracle,nan,0.7269350902883371,0.7153918288961995,0.809872890902618,2.9135588123007214,0.0,0.809872890902618
05,pscore_mode,estimated,1002,clipped_ips,q_oracle,1.6071293944061085,0.7124254196192618,0.7153918288961995,0.809872890902618,2.9135588123007214,0.0,0.834128133511001
05,pscore_mode,estimated,1002,dr,q_oracle,nan,0.7230466705644305,0.7153918288961995,0.809872890902618,2.9135588123007214,0.0,0.809872890902618
05,pscore_mode,estimated,1002,switch_dr,q_oracle,1.7767152164922335,0.7218662693417439,0.7153918288961995,0.809872890902618,2.9135588123007214,0.0,0.7773683816953569
05,pscore_mode,estimated,1002,dros,q_oracle,2.582864890364145,0.7207327774944451,0.7153918288961995,0.809872890902618,2.9135588123007214,0.0,0.9307143594693169
05,pscore_mode,estimated,1002,dm,q_shrink09,nan,0.6957544468707243,0.7153918288961995,0.809872890902618,2.9135588123007214,0.0,nan
05,pscore_mode,estimated,1002,ips,q_shrink09,nan,0.7388352473402747,0.7153918288961995,0.809872890902618,2.9135588123007214,0.0,0.809872890902618
05,pscore_mode,estimated,1002,snips,q_shrink09,nan,0.7269350902883371,0.7153918288961995,0.809872890902618,2.9135588123007214,0.0,0.809872890902618
05,pscore_mode,estimated,1002,clipped_ips,q_shrink09,1.6071293944061085,0.7124254196192618,0.7153918288961995,0.809872890902618,2.9135588123007214,0.0,0.834128133511001
05,pscore_mode,estimated,1002,dr,q_shrink09,nan,0.723807012448038,0.7153918288961995,0.809872890902618,2.9135588123007214,0.0,0.809872890902618
05,pscore_mode,estimated,1002,switch_dr,q_shrink09,1.7767152164922335,0.7177070157122573,0.7153918288961995,0.809872890902618,2.9135588123007214,0.0,0.7773683816953569
05,pscore_mode,estimated,1002,dros,q_shrink09,2.582864890364145,0.7100135421739973,0.7153918288961995,0.809872890902618,2.9135588123007214,0.0,0.9307143594693169
05,pscore_mode,noised_0.1,1002,dm,q_oracle,nan,0.7175049409674715,0.7153918288961995,0.814961073895343,3.0508810146703604,0.0,nan
05,pscore_mode,noised_0.1,1002,ips,q_oracle,nan,0.7299080579386445,0.7153918288961995,0.814961073895343,3.0508810146703604,0.0,0.814961073895343
05,pscore_mode,noised_0.1,1002,snips,q_oracle,nan,0.7237816470945674,0.7153918288961995,0.814961073895343,3.0508810146703604,0.0,0.814961073895343
05,pscore_mode,noised_0.1,1002,clipped_ips,q_oracle,1.6071293944061085,0.7047034463567923,0.7153918288961995,0.814961073895343,3.0508810146703604,0.0,0.8392333070420794
05,pscore_mode,noised_0.1,1002,dr,q_oracle,nan,0.7219502028423443,0.7153918288961995,0.814961073895343,3.0508810146703604,0.0,0.814961073895343
05,pscore_mode,noised_0.1,1002,switch_dr,q_oracle,1.7767152164922335,0.7214169632465849,0.7153918288961995,0.814961073895343,3.0508810146703604,0.0,0.7872805719575534
05,pscore_mode,noised_0.1,1002,dros,q_oracle,2.582864890364145,0.7206374552931349,0.7153918288961995,0.814961073895343,3.0508810146703604,0.0,0.9355708210738574
05,pscore_mode,noised_0.1,1002,dm,q_shrink09,nan,0.6957544468707243,0.7153918288961995,0.814961073895343,3.0508810146703604,0.0,nan
05,pscore_mode,noised_0.1,1002,ips,q_shrink09,nan,0.7299080579386445,0.7153918288961995,0.814961073895343,3.0508810146703604,0.0,0.814961073895343
05,pscore_mode,noised_0.1,1002,snips,q_shrink09,nan,0.7237816470945674,0.7153918288961995,0.814961073895343,3.0508810146703604,0.0,0.814961073895343
05,pscore_mode,noised_0.1,1002,clipped_ips,q_shrink09,1.6071293944061085,0.7047034463567923,0.7153918288961995,0.814961073895343,3.0508810146703604,0.0,0.8392333070420794
05,pscore_mode,noised_0.1,1002,dr,q_shrink09,nan,0.7223227660397845,0.7153918288961995,0.814961073895343,3.0508810146703604,0.0,0.814961073895343
05,pscore_mode,noised_0.1,1002,switch_dr,q_shrink09,1.7767152164922335,0.7170646687989931,0.7153918288961995,0.814961073895343,3.0508810146703604,0.0,0.7872805719575534
05,pscore_mode,noised_0.1,1002,dros,q_shrink09,2.582864890364145,0.709752702431915,0.7153918288961995,0.814961073895343,3.0508810146703604,0.0,0.9355708210738574
05,pscore_mode,noised_0.25,1002,dm,q_oracle,nan,0.7175049409674715,0.7153918288961995,0.7730011124538809,4.129370380462271,0.0,nan
05,pscore_mode,noised_0.25,1002,ips,q_oracle,nan,0.7496822160354056,0.7153918288961995,0.7730011124538809,4.129370380462271,0.0,0.7730011124538809
05,pscore_mode,noised_0.25,1002,snips,q_oracle,nan,0.7230978873160454,0.7153918288961995,0.7730011124538809,4.129370380462271,0.0,0.7730011124538809
05,pscore_mode,noised_0.25,1002,clipped_ips,q_oracle,1.6071293944061085,0.6962263984120667,0.7153918288961995,0.7730011124538809,4.129370380462271,0.0,0.8287824554472534
05,pscore_mode,noised_0.25,1002,dr,q_oracle,nan,0.7213156144789818,0.7153918288961995,0.7730011124538809,4.129370380462271,0.0,0.7730011124538809
05,pscore_mode,noised_0.25,1002,switch_dr,q_oracle,1.7767152164922335,0.7225918658266709,0.7153918288961995,0.7730011124538809,4.129370380462271,0.0,0.7406407538707049
05,pscore_mode,noised_0.25,1002,dros,q_oracle,2.582864890364145,0.7208221170108372,0.7153918288961995,0.7730011124538809,4.129370380462271,0.0,0.9321194713657762
05,pscore_mode,noised_0.25,1002,dm,q_shrink09,nan,0.6957544468707243,0.7153918288961995,0.7730011124538809,4.129370380462271,0.0,nan
05,pscore_mode,noised_0.25,1002,ips,q_shrink09,nan,0.7496822160354056,0.7153918288961995,0.7730011124538809,4.129370380462271,0.0,0.7730011124538809
05,pscore_mode,noised_0.25,1002,snips,q_shrink09,nan,0.7230978873160454,0.7153918288961995,0.7730011124538809,4.129370380462271,0.0,0.7730011124538809
05,pscore_mode,noised_0.25,1002,clipped_ips,q_shrink09,1.6071293944061085,0.6962263984120667,0.7153918288961995,0.7730011124538809,4.129370380462271,0.0,0.8287824554472534
05,pscore_mode,noised_0.25,1002,dr,q_shrink09,nan,0.722314049880709,0.7153918288961995,0.7730011124538809,4.129370380462271,0.0,0.7730011124538809
05,pscore_mode,noised_0.25,1002,switch_dr,q_shrink09,1.7767152164922335,0.7151389971694981,0.7153918288961995,0.7730011124538809,4.129370380462271,0.0,0.7406407538707049
05,pscore_mode,noised_0.25,1002,dros,q_shrink09,2.582864890364145,0.7095942567777738,0.7153918288961995,0.7730011124538809,4.129370380462271,0.0,0.9321194713657762
05,pscore_mode,noised_0.5,1002,dm,q_oracle,nan,0.7175049409674715,0.7153918288961995,0.6426402258602679,7.788936109255313,0.0,nan
05,pscore_mode,noised_0.5,1002,ips,q_oracle,nan,0.8226622184699829,0.7153918288961995,0.6426402258602679,7.788936109255313,0.0,0.6426402258602679
05,pscore_mode,noised_0.5,1002,snips,q_oracle,nan,0.7211523464139992,0.7153918288961995,0.6426402258602679,7.788936109255313,0.0,0.6426402258602679
05,pscore_mode,noised_0.5,1002,clipped_ips,q_oracle,1.6071293944061085,0.677008311792585,0.7153918288961995,0.6426402258602679,7.788936109255313,0.0,0.8016853187550904
05,pscore_mode,noised_0.5,1002,dr,q_oracle,nan,0.7192665824827342,0.7153918288961995,0.6426402258602679,7.788936109255313,0.0,0.6426402258602679
05,pscore_mode,noised_0.5,1002,switch_dr,q_oracle,1.7767152164922335,0.7247818788457248,0.7153918288961995,0.6426402258602679,7.788936109255313,0.0,0.6563652550839908
05,pscore_mode,noised_0.5,1002,dros,q_oracle,2.582864890364145,0.7213422589445693,0.7153918288961995,0.6426402258602679,7.788936109255313,0.0,0.9164672747857979
05,pscore_mode,noised_0.5,1002,dm,q_shrink09,nan,0.6957544468707243,0.7153918288961995,0.6426402258602679,7.788936109255313,0.0,nan
05,pscore_mode,noised_0.5,1002,ips,q_shrink09,nan,0.8226622184699829,0.7153918288961995,0.6426402258602679,7.788936109255313,0.0,0.6426402258602679
05,pscore_mode,noised_0.5,1002,snips,q_shrink09,nan,0.7211523464139992,0.7153918288961995,0.6426402258602679,7.788936109255313,0.0,0.6426402258602679
05,pscore_mode,noised_0.5,1002,clipped_ips,q_shrink09,1.6071293944061085,0.677008311792585,0.7153918288961995,0.6426402258602679,7.788936109255313,0.0,0.8016853187550904
05,pscore_mode,noised_0.5,1002,dr,q_shrink09,nan,0.722568113649009,0.7153918288961995,0.6426402258602679,7.788936109255313,0.0,0.6426402258602679
05,pscore_mode,noised_0.5,1002,switch_dr,q_shrink09,1.7767152164922335,0.7129527883728609,0.7153918288961995,0.6426402258602679,7.788936109255313,0.0,0.6563652550839908
05,pscore_mode,noised_0.5,1002,dros,q_shrink09,2.582864890364145,0.7091116007268892,0.7153918288961995,0.6426402258602679,7.788936109255313,0.0,0.9164672747857979
05,pscore_mode,noised_1.0,1002,dm,q_oracle,nan,0.7175049409674715,0.7153918288961995,0.3218372502889497,34.60494674339243,0.0,nan
05,pscore_mode,noised_1.0,1002,ips,q_oracle,nan,1.183985662106074,0.7153918288961995,0.3218372502889497,34.60494674339243,0.0,0.3218372502889497
05,pscore_mode,noised_1.0,1002,snips,q_oracle,nan,0.7137289638080375,0.7153918288961995,0.3218372502889497,34.60494674339243,0.0,0.3218372502889497
05,pscore_mode,noised_1.0,1002,clipped_ips,q_oracle,1.6071293944061085,0.6408319455364626,0.7153918288961995,0.3218372502889497,34.60494674339243,0.0,0.7427076950532786
05,pscore_mode,noised_1.0,1002,dr,q_oracle,nan,0.7068573687823216,0.7153918288961995,0.3218372502889497,34.60494674339243,0.0,0.3218372502889497
05,pscore_mode,noised_1.0,1002,switch_dr,q_oracle,1.7767152164922335,0.7225762338138989,0.7153918288961995,0.3218372502889497,34.60494674339243,0.0,0.5095893198265925
05,pscore_mode,noised_1.0,1002,dros,q_oracle,2.582864890364145,0.7220920118706174,0.7153918288961995,0.3218372502889497,34.60494674339243,0.0,0.8520546927182834
05,pscore_mode,noised_1.0,1002,dm,q_shrink09,nan,0.6957544468707243,0.7153918288961995,0.3218372502889497,34.60494674339243,0.0,nan
05,pscore_mode,noised_1.0,1002,ips,q_shrink09,nan,1.183985662106074,0.7153918288961995,0.3218372502889497,34.60494674339243,0.0,0.3218372502889497
05,pscore_mode,noised_1.0,1002,snips,q_shrink09,nan,0.7137289638080375,0.7153918288961995,0.3218372502889497,34.60494674339243,0.0,0.3218372502889497
05,pscore_mode,noised_1.0,1002,clipped_ips,q_shrink09,1.6071293944061085,0.6408319455364626,0.7153918288961995,0.3218372502889497,34.60494674339243,0.0,0.7427076950532786
05,pscore_mode,noised_1.0,1002,dr,q_shrink09,nan,0.7216265512862827,0.7153918288961995,0.3218372502889497,34.60494674339243,0.0,0.3218372502889497
05,pscore_mode,noised_1.0,1002,switch_dr,q_shrink09,1.7767152164922335,0.7063836266349028,0.7153918288961995,0.3218372502889497,34.60494674339243,0.0,0.5095893198265925
05,pscore_mode,noised_1.0,1002,dros,q_shrink09,2.582864890364145,0.7075992091873922,0.7153918288961995,0.3218372502889497,34.60494674339243,0.0,0.8520546927182834
05,pscore_mode,true,1003,dm,q_oracle,nan,0.7167839673207461,0.7153918288961995,0.8223336389227294,2.6243198699708756,0.0,nan
05,pscore_mode,true,1003,ips,q_oracle,nan,0.716858807270425,0.7153918288961995,0.8223336389227294,2.6243198699708756,0.0,0.8223336389227294
05,pscore_mode,true,1003,snips,q_oracle,nan,0.7176488613431843,0.7153918288961995,0.8223336389227294,2.6243198699708756,0.0,0.8223336389227294
05,pscore_mode,true,1003,clipped_ips,q_oracle,1.6036259350997761,0.6973353836893097,0.7153918288961995,0.8223336389227294,2.6243198699708756,0.0,0.8404950457114967
05,pscore_mode,true,1003,dr,q_oracle,nan,0.7172818863315407,0.7153918288961995,0.8223336389227294,2.6243198699708756,0.0,0.8223336389227294
05,pscore_mode,true,1003,switch_dr,q_oracle,1.7572037249990058,0.7193342027703009,0.7153918288961995,0.8223336389227294,2.6243198699708756,0.0,0.7955096341923789
05,pscore_mode,true,1003,dros,q_oracle,2.5716161397246315,0.7170613825258965,0.7153918288961995,0.8223336389227294,2.6243198699708756,0.0,0.9352294607597694
05,pscore_mode,true,1003,dm,q_shrink09,nan,0.6951055705886716,0.7153918288961995,0.8223336389227294,2.6243198699708756,0.0,nan
05,pscore_mode,true,1003,ips,q_shrink09,nan,0.716858807270425,0.7153918288961995,0.8223336389227294,2.6243198699708756,0.0,0.8223336389227294
05,pscore_mode,true,1003,snips,q_shrink09,nan,0.7176488613431843,0.7153918288961995,0.8223336389227294,2.6243198699708756,0.0,0.8223336389227294
05,pscore_mode,true,1003,clipped_ips,q_shrink09,1.6036259350997761,0.6973353836893097,0.7153918288961995,0.8223336389227294,2.6243198699708756,0.0,0.8404950457114967
05,pscore_mode,true,1003,dr,q_shrink09,nan,0.7172946230381442,0.7153918288961995,0.8223336389227294,2.6243198699708756,0.0,0.8223336389227294
05,pscore_mode,true,1003,switch_dr,q_shrink09,1.7572037249990058,0.7152969531447749,0.7153918288961995,0.8223336389227294,2.6243198699708756,0.0,0.7955096341923789
05,pscore_mode,true,1003,dros,q_shrink09,2.5716161397246315,0.7060983522839275,0.7153918288961995,0.8223336389227294,2.6243198699708756,0.0,0.9352294607597694
05,pscore_mode,estimated,1003,dm,q_oracle,nan,0.7167839673207461,0.7153918288961995,0.7990373041834673,3.598567071119101,0.0,nan
05,pscore_mode,estimated,1003,ips,q_oracle,nan,0.7358854581299433,0.7153918288961995,0.7990373041834673,3.598567071119101,0.0,0.7990373041834673
05,pscore_mode,estimated,1003,snips,q_oracle,nan,0.7229387521442145,0.7153918288961995,0.7990373041834673,3.598567071119101,0.0,0.7990373041834673
05,pscore_mode,estimated,1003,clipped_ips,q_oracle,1.6036259350997761,0.7029199299898097,0.7153918288961995,0.7990373041834673,3.598567071119101,0.0,0.8305870966323499
05,pscore_mode,estimated,1003,dr,q_oracle,nan,0.7183201981576357,0.7153918288961995,0.7990373041834673,3.598567071119101,0.0,0.7990373041834673
05,pscore_mode,estimated,1003,switch_dr,q_oracle,1.7572037249990058,0.7181445827471562,0.7153918288961995,0.7990373041834673,3.598567071119101,0.0,0.76246794245026
05,pscore_mode,estimated,1003,dros,q_oracle,2.5716161397246315,0.7170663918311928,0.7153918288961995,0.7990373041834673,3.598567071119101,0.0,0.9291099901843961
05,pscore_mode,estimated,1003,dm,q_shrink09,nan,0.6951055705886716,0.7153918288961995,0.7990373041834673,3.598567071119101,0.0,nan
05,pscore_mode,estimated,1003,ips,q_shrink09,nan,0.7358854581299433,0.7153918288961995,0.7990373041834673,3.598567071119101,0.0,0.7990373041834673
05,pscore_mode,estimated,1003,snips,q_shrink09,nan,0.7229387521442145,0.7153918288961995,0.7990373041834673,3.598567071119101,0.0,0.7990373041834673
05,pscore_mode,estimated,1003,clipped_ips,q_shrink09,1.6036259350997761,0.7029199299898097,0.7153918288961995,0.7990373041834673,3.598567071119101,0.0,0.8305870966323499
05,pscore_mode,estimated,1003,dr,q_shrink09,nan,0.7191813021051197,0.7153918288961995,0.7990373041834673,3.598567071119101,0.0,0.7990373041834673
05,pscore_mode,estimated,1003,switch_dr,q_shrink09,1.7572037249990058,0.7129180947354948,0.7153918288961995,0.7990373041834673,3.598567071119101,0.0,0.76246794245026
05,pscore_mode,estimated,1003,dros,q_shrink09,2.5716161397246315,0.7061930623063077,0.7153918288961995,0.7990373041834673,3.598567071119101,0.0,0.9291099901843961
05,pscore_mode,noised_0.1,1003,dm,q_oracle,nan,0.7167839673207461,0.7153918288961995,0.8135778545103072,3.049683746790568,0.0,nan
05,pscore_mode,noised_0.1,1003,ips,q_oracle,nan,0.7224920640583421,0.7153918288961995,0.8135778545103072,3.049683746790568,0.0,0.8135778545103072
05,pscore_mode,noised_0.1,1003,snips,q_oracle,nan,0.7184003885611367,0.7153918288961995,0.8135778545103072,3.049683746790568,0.0,0.8135778545103072
05,pscore_mode,noised_0.1,1003,clipped_ips,q_oracle,1.6036259350997761,0.6969895815290503,0.7153918288961995,0.8135778545103072,3.049683746790568,0.0,0.8373572901195512
05,pscore_mode,noised_0.1,1003,dr,q_oracle,nan,0.7176183952742002,0.7153918288961995,0.8135778545103072,3.049683746790568,0.0,0.8135778545103072
05,pscore_mode,noised_0.1,1003,switch_dr,q_oracle,1.7572037249990058,0.7143942042109784,0.7153918288961995,0.8135778545103072,3.049683746790568,0.0,0.779906425666189
05,pscore_mode,noised_0.1,1003,dros,q_oracle,2.5716161397246315,0.7170968436928076,0.7153918288961995,0.8135778545103072,3.049683746790568,0.0,0.934412200765104
05,pscore_mode,noised_0.1,1003,dm,q_shrink09,nan,0.6951055705886716,0.7153918288961995,0.8135778545103072,3.049683746790568,0.0,nan
05,pscore_mode,noised_0.1,1003,ips,q_shrink09,nan,0.7224920640583421,0.7153918288961995,0.8135778545103072,3.049683746790568,0.0,0.8135778545103072
05,pscore_mode,noised_0.1,1003,snips,q_shrink09,nan,0.7184003885611367,0.7153918288961995,0.8135778545103072,3.049683746790568,0.0,0.8135778545103072
05,pscore_mode,noised_0.1,1003,clipped_ips,q_shrink09,1.6036259350997761,0.6969895815290503,0.7153918288961995,0.8135778545103072,3.049683746790568,0.0,0.8373572901195512
05,pscore_mode,noised_0.1,1003,dr,q_shrink09,nan,0.7178209853371815,0.7153918288961995,0.8135778545103072,3.049683746790568,0.0,0.8135778545103072
05,pscore_mode,noised_0.1,1003,switch_dr,q_shrink09,1.7572037249990058,0.7094101724267359,0.7153918288961995,0.8135778545103072,3.049683746790568,0.0,0.779906425666189
05,pscore_mode,noised_0.1,1003,dros,q_shrink09,2.5716161397246315,0.7060779892044149,0.7153918288961995,0.8135778545103072,3.049683746790568,0.0,0.934412200765104
05,pscore_mode,noised_0.25,1003,dm,q_oracle,nan,0.7167839673207461,0.7153918288961995,0.7718829285276066,4.187585929761776,0.0,nan
05,pscore_mode,noised_0.25,1003,ips,q_oracle,nan,0.744606982855844,0.7153918288961995,0.7718829285276066,4.187585929761776,0.0,0.7718829285276066
05,pscore_mode,noised_0.25,1003,snips,q_oracle,nan,0.7193572047993884,0.7153918288961995,0.7718829285276066,4.187585929761776,0.0,0.7718829285276066
05,pscore_mode,noised_0.25,1003,clipped_ips,q_oracle,1.6036259350997761,0.6902228145857756,0.7153918288961995,0.7718829285276066,4.187585929761776,0.0,0.826110586872734
05,pscore_mode,noised_0.25,1003,dr,q_oracle,nan,0.7180820786500306,0.7153918288961995,0.7718829285276066,4.187585929761776,0.0,0.7718829285276066
05,pscore_mode,noised_0.25,1003,switch_dr,q_oracle,1.7572037249990058,0.7172173129770185,0.7153918288961995,0.7718829285276066,4.187585929761776,0.0,0.7310025077754505
05,pscore_mode,noised_0.25,1003,dros,q_oracle,2.5716161397246315,0.7172400555249336,0.7153918288961995,0.7718829285276066,4.187585929761776,0.0,0.930249866407598
05,pscore_mode,noised_0.25,1003,dm,q_shrink09,nan,0.6951055705886716,0.7153918288961995,0.7718829285276066,4.187585929761776,0.0,nan
05,pscore_mode,noised_0.25,1003,ips,q_shrink09,nan,0.744606982855844,0.7153918288961995,0.7718829285276066,4.187585929761776,0.0,0.7718829285276066
05,pscore_mode,noised_0.25,1003,snips,q_shrink09,nan,0.7193572047993884,0.7153918288961995,0.7718829285276066,4.187585929761776,0.0,0.7718829285276066
05,pscore_mode,noised_0.25,1003,clipped_ips,q_shrink09,1.6036259350997761,0.6902228145857756,0.7153918288961995,0.7718829285276066,4.187585929761776,0.0,0.826110586872734
05,pscore_mode,noised_0.25,1003,dr,q_shrink09,nan,0.7189795454267258,0.7153918288961995,0.7718829285276066,4.187585929761776,0.0,0.7718829285276066
05,pscore_mode,noised_0.25,1003,switch_dr,q_shrink09,1.7572037249990058,0.7090840640301809,0.7153918288961995,0.7718829285276066,4.187585929761776,0.0,0.7310025077754505
05,pscore_mode,noised_0.25,1003,dros,q_shrink09,2.5716161397246315,0.7059030235376476,0.7153918288961995,0.7718829285276066,4.187585929761776,0.0,0.930249866407598
05,pscore_mode,noised_0.5,1003,dm,q_oracle,nan,0.7167839673207461,0.7153918288961995,0.6408484481300597,8.73794605531519,0.0,nan
05,pscore_mode,noised_0.5,1003,ips,q_oracle,nan,0.8225553372489263,0.7153918288961995,0.6408484481300597,8.73794605531519,0.0,0.6408484481300597
05,pscore_mode,noised_0.5,1003,snips,q_oracle,nan,0.720714585623162,0.7153918288961995,0.6408484481300597,8.73794605531519,0.0,0.6408484481300597
05,pscore_mode,noised_0.5,1003,clipped_ips,q_oracle,1.6036259350997761,0.672362361208108,0.7153918288961995,0.6408484481300597,8.73794605531519,0.0,0.7987477340651414
05,pscore_mode,noised_0.5,1003,dr,q_oracle,nan,0.7190091470588212,0.7153918288961995,0.6408484481300597,8.73794605531519,0.0,0.6408484481300597
05,pscore_mode,noised_0.5,1003,switch_dr,q_oracle,1.7572037249990058,0.7204631132193673,0.7153918288961995,0.6408484481300597,8.73794605531519,0.0,0.6450891948073859
05,pscore_mode,noised_0.5,1003,dros,q_oracle,2.5716161397246315,0.7176371100282434,0.7153918288961995,0.6408484481300597,8.73794605531519,0.0,0.9136896545272221
05,pscore_mode,noised_0.5,1003,dm,q_shrink09,nan,0.6951055705886716,0.7153918288961995,0.6408484481300597,8.73794605531519,0.0,nan
05,pscore_mode,noised_0.5,1003,ips,q_shrink09,nan,0.8225553372489263,0.7153918288961995,0.6408484481300597,8.73794605531519,0.0,0.6408484481300597
05,pscore_mode,noised_0.5,1003,snips,q_shrink09,nan,0.720714585623162,0.7153918288961995,0.6408484481300597,8.73794605531519,0.0,0.6408484481300597
05,pscore_mode,noised_0.5,1003,clipped_ips,q_shrink09,1.6036259350997761,0.672362361208108,0.7153918288961995,0.6408484481300597,8.73794605531519,0.0,0.7987477340651414
05,pscore_mode,noised_0.5,1003,dr,q_shrink09,nan,0.7222985037911176,0.7153918288961995,0.6408484481300597,8.73794605531519,0.0,0.6408484481300597
05,pscore_mode,noised_0.5,1003,switch_dr,q_shrink09,1.7572037249990058,0.7079548543446896,0.7153918288961995,0.6408484481300597,8.73794605531519,0.0,0.6450891948073859
05,pscore_mode,noised_0.5,1003,dros,q_shrink09,2.5716161397246315,0.7053427035316215,0.7153918288961995,0.6408484481300597,8.73794605531519,0.0,0.9136896545272221
05,pscore_mode,noised_1.0,1003,dm,q_oracle,nan,0.7167839673207461,0.7153918288961995,0.2956397798719664,69.80768345397533,0.0,nan
05,pscore_mode,noised_1.0,1003,ips,q_oracle,nan,1.2122635792867746,0.7153918288961995,0.2956397798719664,69.80768345397533,0.0,0.2956397798719664
05,pscore_mode,noised_1.0,1003,snips,q_oracle,nan,0.7244158023488636,0.7153918288961995,0.2956397798719664,69.80768345397533,0.0,0.2956397798719664
05,pscore_mode,noised_1.0,1003,clipped_ips,q_oracle,1.6036259350997761,0.637553215029347,0.7153918288961995,0.2956397798719664,69.80768345397533,0.0,0.7409565706320196
05,pscore_mode,noised_1.0,1003,dr,q_oracle,nan,0.7253839898482245,0.7153918288961995,0.2956397798719664,69.80768345397533,0.0,0.2956397798719664
05,pscore_mode,noised_1.0,1003,switch_dr,q_oracle,1.7572037249990058,0.716533329055695,0.7153918288961995,0.2956397798719664,69.80768345397533,0.0,0.5032760319131229
05,pscore_mode,noised_1.0,1003,dros,q_oracle,2.5716161397246315,0.7180538044952036,0.7153918288961995,0.2956397798719664,69.80768345397533,0.0,0.8491894182645361
05,pscore_mode,noised_1.0,1003,dm,q_shrink09,nan,0.6951055705886716,0.7153918288961995,0.2956397798719664,69.80768345397533,0.0,nan
05,pscore_mode,noised_1.0,1003,ips,q_shrink09,nan,1.2122635792867746,0.7153918288961995,0.2956397798719664,69.80768345397533,0.0,0.2956397798719664
05,pscore_mode,noised_1.0,1003,snips,q_shrink09,nan,0.7244158023488636,0.7153918288961995,0.2956397798719664,69.80768345397533,0.0,0.2956397798719664
05,pscore_mode,noised_1.0,1003,clipped_ips,q_shrink09,1.6036259350997761,0.637553215029347,0.7153918288961995,0.2956397798719664,69.80768345397533,0.0,0.7409565706320196
05,pscore_mode,noised_1.0,1003,dr,q_shrink09,nan,0.7404001421199928,0.7153918288961995,0.2956397798719664,69.80768345397533,0.0,0.2956397798719664
05,pscore_mode,noised_1.0,1003,switch_dr,q_shrink09,1.7572037249990058,0.6998402655995363,0.7153918288961995,0.2956397798719664,69.80768345397533,0.0,0.5032760319131229
05,pscore_mode,noised_1.0,1003,dros,q_shrink09,2.5716161397246315,0.7035544035819613,0.7153918288961995,0.2956397798719664,69.80768345397533,0.0,0.8491894182645361
05,pscore_mode,true,1004,dm,q_oracle,nan,0.7151763081030784,0.7153918288961995,0.819310816178653,2.695371868291286,0.0,nan
05,pscore_mode,true,1004,ips,q_oracle,nan,0.7131351989004544,0.7153918288961995,0.819310816178653,2.695371868291286,0.0,0.819310816178653
05,pscore_mode,true,1004,snips,q_oracle,nan,0.7182701601835201,0.7153918288961995,0.819310816178653,2.695371868291286,0.0,0.819310816178653
05,pscore_mode,true,1004,clipped_ips,q_oracle,1.6031731775479277,0.692978445816759,0.7153918288961995,0.819310816178653,2.695371868291286,0.0,0.8383505916424759
05,pscore_mode,true,1004,dr,q_oracle,nan,0.720411861945046,0.7153918288961995,0.819310816178653,2.695371868291286,0.0,0.819310816178653
05,pscore_mode,true,1004,switch_dr,q_oracle,1.7681012280116208,0.7176262742703405,0.7153918288961995,0.819310816178653,2.695371868291286,0.0,0.7933763896969148
05,pscore_mode,true,1004,dros,q_oracle,2.570164237209119,0.7172274864788999,0.7153918288961995,0.819310816178653,2.695371868291286,0.0,0.9343622965200055
05,pscore_mode,true,1004,dm,q_shrink09,nan,0.6936586772927708,0.7153918288961995,0.819310816178653,2.695371868291286,0.0,nan
05,pscore_mode,true,1004,ips,q_shrink09,nan,0.7131351989004544,0.7153918288961995,0.819310816178653,2.695371868291286,0.0,0.819310816178653
05,pscore_mode,true,1004,snips,q_shrink09,nan,0.7182701601835201,0.7153918288961995,0.819310816178653,2.695371868291286,0.0,0.819310816178653
05,pscore_mode,true,1004,clipped_ips,q_shrink09,1.6031731775479277,0.692978445816759,0.7153918288961995,0.819310816178653,2.695371868291286,0.0,0.8383505916424759
05,pscore_mode,true,1004,dr,q_shrink09,nan,0.7200416489755378,0.7153918288961995,0.819310816178653,2.695371868291286,0.0,0.819310816178653
05,pscore_mode,true,1004,switch_dr,q_shrink09,1.7681012280116208,0.71322342542263,0.7153918288961995,0.819310816178653,2.695371868291286,0.0,0.7933763896969148
05,pscore_mode,true,1004,dros,q_shrink09,2.570164237209119,0.7060794172262653,0.7153918288961995,0.819310816178653,2.695371868291286,0.0,0.9343622965200055
05,pscore_mode,estimated,1004,dm,q_oracle,nan,0.7151763081030784,0.7153918288961995,0.7970115621669966,2.8257598377812405,0.0,nan
05,pscore_mode,estimated,1004,ips,q_oracle,nan,0.7347447089002014,0.7153918288961995,0.7970115621669966,2.8257598377812405,0.0,0.7970115621669966
05,pscore_mode,estimated,1004,snips,q_oracle,nan,0.7235186706411055,0.7153918288961995,0.7970115621669966,2.8257598377812405,0.0,0.7970115621669966
05,pscore_mode,estimated,1004,clipped_ips,q_oracle,1.6031731775479277,0.7030428592419399,0.7153918288961995,0.7970115621669966,2.8257598377812405,0.0,0.8251426249529632
05,pscore_mode,estimated,1004,dr,q_oracle,nan,0.7201488844449537,0.7153918288961995,0.7970115621669966,2.8257598377812405,0.0,0.7970115621669966
05,pscore_mode,estimated,1004,switch_dr,q_oracle,1.7681012280116208,0.7190990224984966,0.7153918288961995,0.7970115621669966,2.8257598377812405,0.0,0.7568170984345586
05,pscore_mode,estimated,1004,dros,q_oracle,2.570164237209119,0.7170878312316984,0.7153918288961995,0.7970115621669966,2.8257598377812405,0.0,0.9256892947998216
05,pscore_mode,estimated,1004,dm,q_shrink09,nan,0.6936586772927708,0.7153918288961995,0.7970115621669966,2.8257598377812405,0.0,nan
05,pscore_mode,estimated,1004,ips,q_shrink09,nan,0.7347447089002014,0.7153918288961995,0.7970115621669966,2.8257598377812405,0.0,0.7970115621669966
05,pscore_mode,estimated,1004,snips,q_shrink09,nan,0.7235186706411055,0.7153918288961995,0.7970115621669966,2.8257598377812405,0.0,0.7970115621669966
05,pscore_mode,estimated,1004,clipped_ips,q_shrink09,1.6031731775479277,0.7030428592419399,0.7153918288961995,0.7970115621669966,2.8257598377812405,0.0,0.8251426249529632
05,pscore_mode,estimated,1004,dr,q_shrink09,nan,0.7208326722417276,0.7153918288961995,0.7970115621669966,2.8257598377812405,0.0,0.7970115621669966
05,pscore_mode,estimated,1004,switch_dr,q_shrink09,1.7681012280116208,0.7139181147069515,0.7153918288961995,0.7970115621669966,2.8257598377812405,0.0,0.7568170984345586
05,pscore_mode,estimated,1004,dros,q_shrink09,2.570164237209119,0.7061178081664466,0.7153918288961995,0.7970115621669966,2.8257598377812405,0.0,0.9256892947998216
05,pscore_mode,noised_0.1,1004,dm,q_oracle,nan,0.7151763081030784,0.7153918288961995,0.8114108528779764,3.0304780341799886,0.0,nan
05,pscore_mode,noised_0.1,1004,ips,q_oracle,nan,0.7179760087742585,0.7153918288961995,0.8114108528779764,3.0304780341799886,0.0,0.8114108528779764
05,pscore_mode,noised_0.1,1004,snips,q_oracle,nan,0.7180353402665387,0.7153918288961995,0.8114108528779764,3.0304780341799886,0.0,0.8114108528779764
05,pscore_mode,noised_0.1,1004,clipped_ips,q_oracle,1.6031731775479277,0.6918911136411492,0.7153918288961995,0.8114108528779764,3.0304780341799886,0.0,0.8363639338824852
05,pscore_mode,noised_0.1,1004,dr,q_oracle,nan,0.7204147943214472,0.7153918288961995,0.8114108528779764,3.0304780341799886,0.0,0.8114108528779764
05,pscore_mode,noised_0.1,1004,switch_dr,q_oracle,1.7681012280116208,0.7184737575323354,0.7153918288961995,0.8114108528779764,3.0304780341799886,0.0,0.7812619585502832
05,pscore_mode,noised_0.1,1004,dros,q_oracle,2.570164237209119,0.717146554065375,0.7153918288961995,0.8114108528779764,3.0304780341799886,0.0,0.934274946917469
05,pscore_mode,noised_0.1,1004,dm,q_shrink09,nan,0.6936586772927708,0.7153918288961995,0.8114108528779764,3.0304780341799886,0.0,nan
05,pscore_mode,noised_0.1,1004,ips,q_shrink09,nan,0.7179760087742585,0.7153918288961995,0.8114108528779764,3.0304780341799886,0.0,0.8114108528779764
05,pscore_mode,noised_0.1,1004,snips,q_shrink09,nan,0.7180353402665387,0.7153918288961995,0.8114108528779764,3.0304780341799886,0.0,0.8114108528779764
05,pscore_mode,noised_0.1,1004,clipped_ips,q_shrink09,1.6031731775479277,0.6918911136411492,0.7153918288961995,0.8114108528779764,3.0304780341799886,0.0,0.8363639338824852
05,pscore_mode,noised_0.1,1004,dr,q_shrink09,nan,0.7201750472828916,0.7153918288961995,0.8114108528779764,3.0304780341799886,0.0,0.8114108528779764
05,pscore_mode,noised_0.1,1004,switch_dr,q_shrink09,1.7681012280116208,0.7132545826396344,0.7153918288961995,0.8114108528779764,3.0304780341799886,0.0,0.7812619585502832
05,pscore_mode,noised_0.1,1004,dros,q_shrink09,2.570164237209119,0.7059168500197561,0.7153918288961995,0.8114108528779764,3.0304780341799886,0.0,0.934274946917469
05,pscore_mode,noised_0.25,1004,dm,q_oracle,nan,0.7151763081030784,0.7153918288961995,0.7710103170098137,4.28161822724525,0.0,nan
05,pscore_mode,noised_0.25,1004,ips,q_oracle,nan,0.7387981510852797,0.7153918288961995,0.7710103170098137,4.28161822724525,0.0,0.7710103170098137
05,pscore_mode,noised_0.25,1004,snips,q_oracle,nan,0.7175353745068526,0.7153918288961995,0.7710103170098137,4.28161822724525,0.0,0.7710103170098137
05,pscore_mode,noised_0.25,1004,clipped_ips,q_oracle,1.6031731775479277,0.6844376410323885,0.7153918288961995,0.7710103170098137,4.28161822724525,0.0,0.8267041946745274
05,pscore_mode,noised_0.25,1004,dr,q_oracle,nan,0.7203474928959419,0.7153918288961995,0.7710103170098137,4.28161822724525,0.0,0.7710103170098137
05,pscore_mode,noised_0.25,1004,switch_dr,q_oracle,1.7681012280116208,0.7196389091413651,0.7153918288961995,0.7710103170098137,4.28161822724525,0.0,0.7373468025995562
05,pscore_mode,noised_0.25,1004,dros,q_oracle,2.570164237209119,0.7170304135249783,0.7153918288961995,0.7710103170098137,4.28161822724525,0.0,0.9310192631526337
05,pscore_mode,noised_0.25,1004,dm,q_shrink09,nan,0.6936586772927708,0.7153918288961995,0.7710103170098137,4.28161822724525,0.0,nan
05,pscore_mode,noised_0.25,1004,ips,q_shrink09,nan,0.7387981510852797,0.7153918288961995,0.7710103170098137,4.28161822724525,0.0,0.7710103170098137
05,pscore_mode,noised_0.25,1004,snips,q_shrink09,nan,0.7175353745068526,0.7153918288961995,0.7710103170098137,4.28161822724525,0.0,0.7710103170098137
05,pscore_mode,noised_0.25,1004,clipped_ips,q_shrink09,1.6031731775479277,0.6844376410323885,0.7153918288961995,0.7710103170098137,4.28161822724525,0.0,0.8267041946745274
05,pscore_mode,noised_0.25,1004,dr,q_shrink09,nan,0.7207109051731921,0.7153918288961995,0.7710103170098137,4.28161822724525,0.0,0.7710103170098137
05,pscore_mode,noised_0.25,1004,switch_dr,q_shrink09,1.7681012280116208,0.71146040704363,0.7153918288961995,0.7710103170098137,4.28161822724525,0.0,0.7373468025995562
05,pscore_mode,noised_0.25,1004,dros,q_shrink09,2.570164237209119,0.7054466982583292,0.7153918288961995,0.7710103170098137,4.28161822724525,0.0,0.9310192631526337
05,pscore_mode,noised_0.5,1004,dm,q_oracle,nan,0.7151763081030784,0.7153918288961995,0.642587654536534,10.238580998382053,0.0,nan
05,pscore_mode,noised_0.5,1004,ips,q_oracle,nan,0.8138623206927511,0.7153918288961995,0.642587654536534,10.238580998382053,0.0,0.642587654536534
05,pscore_mode,noised_0.5,1004,snips,q_oracle,nan,0.716380280550503,0.7153918288961995,0.642587654536534,10.238580998382053,0.0,0.642587654536534
05,pscore_mode,noised_0.5,1004,clipped_ips,q_oracle,1.6031731775479277,0.6657738192065837,0.7153918288961995,0.642587654536534,10.238580998382053,0.0,0.8003064840445417
05,pscore_mode,noised_0.5,1004,dr,q_oracle,nan,0.7201079565926984,0.7153918288961995,0.642587654536534,10.238580998382053,0.0,0.642587654536534
05,pscore_mode,noised_0.5,1004,switch_dr,q_oracle,1.7681012280116208,0.7160750550873638,0.7153918288961995,0.642587654536534,10.238580998382053,0.0,0.6517914511340941
05,pscore_mode,noised_0.5,1004,dros,q_oracle,2.570164237209119,0.7168729208802537,0.7153918288961995,0.642587654536534,10.238580998382053,0.0,0.9153987482683736
05,pscore_mode,noised_0.5,1004,dm,q_shrink09,nan,0.6936586772927708,0.7153918288961995,0.642587654536534,10.238580998382053,0.0,nan
05,pscore_mode,noised_0.5,1004,ips,q_shrink09,nan,0.8138623206927511,0.7153918288961995,0.642587654536534,10.238580998382053,0.0,0.642587654536534
05,pscore_mode,noised_0.5,1004,snips,q_shrink09,nan,0.716380280550503,0.7153918288961995,0.642587654536534,10.238580998382053,0.0,0.642587654536534
05,pscore_mode,noised_0.5,1004,clipped_ips,q_shrink09,1.6031731775479277,0.6657738192065837,0.7153918288961995,0.642587654536534,10.238580998382053,0.0,0.8003064840445417
05,pscore_mode,noised_0.5,1004,dr,q_shrink09,nan,0.7226796015815233,0.7153918288961995,0.642587654536534,10.238580998382053,0.0,0.642587654536534
05,pscore_mode,noised_0.5,1004,switch_dr,q_shrink09,1.7681012280116208,0.7033797168690399,0.7153918288961995,0.642587654536534,10.238580998382053,0.0,0.6517914511340941
05,pscore_mode,noised_0.5,1004,dros,q_shrink09,2.570164237209119,0.7042951594737096,0.7153918288961995,0.642587654536534,10.238580998382053,0.0,0.9153987482683736
05,pscore_mode,noised_1.0,1004,dm,q_oracle,nan,0.7151763081030784,0.7153918288961995,0.30989881024694044,58.54683602161805,0.0,nan
05,pscore_mode,noised_1.0,1004,ips,q_oracle,nan,1.188848055248977,0.7153918288961995,0.30989881024694044,58.54683602161805,0.0,0.30989881024694044
05,pscore_mode,noised_1.0,1004,snips,q_oracle,nan,0.7138800963142921,0.7153918288961995,0.30989881024694044,58.54683602161805,0.0,0.30989881024694044
05,pscore_mode,noised_1.0,1004,clipped_ips,q_oracle,1.6031731775479277,0.6296930901223595,0.7153918288961995,0.30989881024694044,58.54683602161805,0.0,0.7434169800710598
05,pscore_mode,noised_1.0,1004,dr,q_oracle,nan,0.7202509096495837,0.7153918288961995,0.30989881024694044,58.54683602161805,0.0,0.30989881024694044
05,pscore_mode,noised_1.0,1004,switch_dr,q_oracle,1.7681012280116208,0.714422216005234,0.7153918288961995,0.30989881024694044,58.54683602161805,0.0,0.5086038069770233
05,pscore_mode,noised_1.0,1004,dros,q_oracle,2.570164237209119,0.71654410404806,0.7153918288961995,0.30989881024694044,58.54683602161805,0.0,0.8522876197789656
05,pscore_mode,noised_1.0,1004,dm,q_shrink09,nan,0.6936586772927708,0.7153918288961995,0.30989881024694044,58.54683602161805,0.0,nan
05,pscore_mode,noised_1.0,1004,ips,q_shrink09,nan,1.188848055248977,0.7153918288961995,0.30989881024694044,58.54683602161805,0.0,0.30989881024694044
05,pscore_mode,noised_1.0,1004,snips,q_shrink09,nan,0.7138800963142921,0.7153918288961995,0.30989881024694044,58.54683602161805,0.0,0.30989881024694044
05,pscore_mode,noised_1.0,1004,clipped_ips,q_shrink09,1.6031731775479277,0.6296930901223595,0.7153918288961995,0.30989881024694044,58.54683602161805,0.0,0.7434169800710598
05,pscore_mode,noised_1.0,1004,dr,q_shrink09,nan,0.7338439761136519,0.7153918288961995,0.30989881024694044,58.54683602161805,0.0,0.30989881024694044
05,pscore_mode,noised_1.0,1004,switch_dr,q_shrink09,1.7681012280116208,0.6978422035804595,0.7153918288961995,0.30989881024694044,58.54683602161805,0.0,0.5086038069770233
05,pscore_mode,noised_1.0,1004,dros,q_shrink09,2.570164237209119,0.7017872158078249,0.7153918288961995,0.30989881024694044,58.54683602161805,0.0,0.8522876197789656
05,pscore_mode,true,1005,dm,q_oracle,nan,0.7144873634794751,0.7153918288961995,0.8221100634278397,2.7249456443152873,0.0,nan
05,pscore_mode,true,1005,ips,q_oracle,nan,0.6880660452143513,0.7153918288961995,0.8221100634278397,2.7249456443152873,0.0,0.8221100634278397
05,pscore_mode,true,1005,snips,q_oracle,nan,0.6954805433563914,0.7153918288961995,0.8221100634278397,2.7249456443152873,0.0,0.8221100634278397
05,pscore_mode,true,1005,clipped_ips,q_oracle,1.595445442031978,0.6678559366315208,0.7153918288961995,0.8221100634278397,2.7249456443152873,0.0,0.8409232467633626
05,pscore_mode,true,1005,dr,q_oracle,nan,0.701003794340256,0.7153918288961995,0.8221100634278397,2.7249456443152873,0.0,0.8221100634278397
05,pscore_mode,true,1005,switch_dr,q_oracle,1.752174729525164,0.6980635075995862,0.7153918288961995,0.8221100634278397,2.7249456443152873,0.0,0.7962643188064293
05,pscore_mode,true,1005,dros,q_oracle,2.545446158500613,0.7041300152438483,0.7153918288961995,0.8221100634278397,2.7249456443152873,0.0,0.9360121349348581
05,pscore_mode,true,1005,dm,q_shrink09,nan,0.6930386271315275,0.7153918288961995,0.8221100634278397,2.7249456443152873,0.0,nan
05,pscore_mode,true,1005,ips,q_shrink09,nan,0.6880660452143513,0.7153918288961995,0.8221100634278397,2.7249456443152873,0.0,0.8221100634278397
05,pscore_mode,true,1005,snips,q_shrink09,nan,0.6954805433563914,0.7153918288961995,0.8221100634278397,2.7249456443152873,0.0,0.8221100634278397
05,pscore_mode,true,1005,clipped_ips,q_shrink09,1.595445442031978,0.6678559366315208,0.7153918288961995,0.8221100634278397,2.7249456443152873,0.0,0.8409232467633626
05,pscore_mode,true,1005,dr,q_shrink09,nan,0.7002430679947942,0.7153918288961995,0.8221100634278397,2.7249456443152873,0.0,0.8221100634278397
05,pscore_mode,true,1005,switch_dr,q_shrink09,1.752174729525164,0.6933062933396009,0.7153918288961995,0.8221100634278397,2.7249456443152873,0.0,0.7962643188064293
05,pscore_mode,true,1005,dros,q_shrink09,2.545446158500613,0.6928254870597268,0.7153918288961995,0.8221100634278397,2.7249456443152873,0.0,0.9360121349348581
05,pscore_mode,estimated,1005,dm,q_oracle,nan,0.7144873634794751,0.7153918288961995,0.7946580836581274,2.9835790293495266,0.0,nan
05,pscore_mode,estimated,1005,ips,q_oracle,nan,0.7155933399476946,0.7153918288961995,0.7946580836581274,2.9835790293495266,0.0,0.7946580836581274
05,pscore_mode,estimated,1005,snips,q_oracle,nan,0.7030921228634207,0.7153918288961995,0.7946580836581274,2.9835790293495266,0.0,0.7946580836581274
05,pscore_mode,estimated,1005,clipped_ips,q_oracle,1.595445442031978,0.6798194232573125,0.7153918288961995,0.7946580836581274,2.9835790293495266,0.0,0.8266438839760877
05,pscore_mode,estimated,1005,dr,q_oracle,nan,0.7008628265014536,0.7153918288961995,0.7946580836581274,2.9835790293495266,0.0,0.7946580836581274
05,pscore_mode,estimated,1005,switch_dr,q_oracle,1.752174729525164,0.6987645133056523,0.7153918288961995,0.7946580836581274,2.9835790293495266,0.0,0.7523056558784317
05,pscore_mode,estimated,1005,dros,q_oracle,2.545446158500613,0.7041373816572246,0.7153918288961995,0.7946580836581274,2.9835790293495266,0.0,0.9264010723863354
05,pscore_mode,estimated,1005,dm,q_shrink09,nan,0.6930386271315275,0.7153918288961995,0.7946580836581274,2.9835790293495266,0.0,nan
05,pscore_mode,estimated,1005,ips,q_shrink09,nan,0.7155933399476946,0.7153918288961995,0.7946580836581274,2.9835790293495266,0.0,0.7946580836581274
05,pscore_mode,estimated,1005,snips,q_shrink09,nan,0.7030921228634207,0.7153918288961995,0.7946580836581274,2.9835790293495266,0.0,0.7946580836581274
05,pscore_mode,estimated,1005,clipped_ips,q_shrink09,1.595445442031978,0.6798194232573125,0.7153918288961995,0.7946580836581274,2.9835790293495266,0.0,0.8266438839760877
05,pscore_mode,estimated,1005,dr,q_shrink09,nan,0.7014468608397882,0.7153918288961995,0.7946580836581274,2.9835790293495266,0.0,0.7946580836581274
05,pscore_mode,estimated,1005,switch_dr,q_shrink09,1.752174729525164,0.6928592900167615,0.7153918288961995,0.7946580836581274,2.9835790293495266,0.0,0.7523056558784317
05,pscore_mode,estimated,1005,dros,q_shrink09,2.545446158500613,0.6930392492245333,0.7153918288961995,0.7946580836581274,2.9835790293495266,0.0,0.9264010723863354
05,pscore_mode,noised_0.1,1005,dm,q_oracle,nan,0.7144873634794751,0.7153918288961995,0.8134570099514888,3.4032175886106883,0.0,nan
05,pscore_mode,noised_0.1,1005,ips,q_oracle,nan,0.6922172523029614,0.7153918288961995,0.8134570099514888,3.4032175886106883,0.0,0.8134570099514888
05,pscore_mode,noised_0.1,1005,snips,q_oracle,nan,0.6958277129055963,0.7153918288961995,0.8134570099514888,3.4032175886106883,0.0,0.8134570099514888
05,pscore_mode,noised_0.1,1005,clipped_ips,q_oracle,1.595445442031978,0.6665729185029033,0.7153918288961995,0.8134570099514888,3.4032175886106883,0.0,0.8383846712720264
05,pscore_mode,noised_0.1,1005,dr,q_oracle,nan,0.7010743828076642,0.7153918288961995,0.8134570099514888,3.4032175886106883,0.0,0.8134570099514888
05,pscore_mode,noised_0.1,1005,switch_dr,q_oracle,1.752174729525164,0.7004525316438245,0.7153918288961995,0.8134570099514888,3.4032175886106883,0.0,0.782767758435923
05,pscore_mode,noised_0.1,1005,dros,q_oracle,2.545446158500613,0.7043407253510982,0.7153918288961995,0.8134570099514888,3.4032175886106883,0.0,0.9353881720226184
05,pscore_mode,noised_0.1,1005,dm,q_shrink09,nan,0.6930386271315275,0.7153918288961995,0.8134570099514888,3.4032175886106883,0.0,nan
05,pscore_mode,noised_0.1,1005,ips,q_shrink09,nan,0.6922172523029614,0.7153918288961995,0.8134570099514888,3.4032175886106883,0.0,0.8134570099514888
05,pscore_mode,noised_0.1,1005,snips,q_shrink09,nan,0.6958277129055963,0.7153918288961995,0.8134570099514888,3.4032175886106883,0.0,0.8134570099514888
05,pscore_mode,noised_0.1,1005,clipped_ips,q_shrink09,1.595445442031978,0.6665729185029033,0.7153918288961995,0.8134570099514888,3.4032175886106883,0.0,0.8383846712720264
05,pscore_mode,noised_0.1,1005,dr,q_shrink09,nan,0.7004481061475295,0.7153918288961995,0.8134570099514888,3.4032175886106883,0.0,0.8134570099514888
05,pscore_mode,noised_0.1,1005,switch_dr,q_shrink09,1.752174729525164,0.6947715376664172,0.7153918288961995,0.8134570099514888,3.4032175886106883,0.0,0.782767758435923
05,pscore_mode,noised_0.1,1005,dros,q_shrink09,2.545446158500613,0.6929688949513354,0.7153918288961995,0.8134570099514888,3.4032175886106883,0.0,0.9353881720226184
05,pscore_mode,noised_0.25,1005,dm,q_oracle,nan,0.7144873634794751,0.7153918288961995,0.7705816709933221,5.121200019984636,0.0,nan
05,pscore_mode,noised_0.25,1005,ips,q_oracle,nan,0.7117673392146726,0.7153918288961995,0.7705816709933221,5.121200019984636,0.0,0.7705816709933221
05,pscore_mode,noised_0.25,1005,snips,q_oracle,nan,0.696309426369834,0.7153918288961995,0.7705816709933221,5.121200019984636,0.0,0.7705816709933221
05,pscore_mode,noised_0.25,1005,clipped_ips,q_oracle,1.595445442031978,0.659361580605552,0.7153918288961995,0.7705816709933221,5.121200019984636,0.0,0.82759768047928
05,pscore_mode,noised_0.25,1005,dr,q_oracle,nan,0.7008117538555207,0.7153918288961995,0.7705816709933221,5.121200019984636,0.0,0.7705816709933221
05,pscore_mode,noised_0.25,1005,switch_dr,q_oracle,1.752174729525164,0.7041610734686526,0.7153918288961995,0.7705816709933221,5.121200019984636,0.0,0.7408092745803723
05,pscore_mode,noised_0.25,1005,dros,q_oracle,2.545446158500613,0.7048228710168757,0.7153918288961995,0.7705816709933221,5.121200019984636,0.0,0.9313173133710676
05,pscore_mode,noised_0.25,1005,dm,q_shrink09,nan,0.6930386271315275,0.7153918288961995,0.7705816709933221,5.121200019984636,0.0,nan
05,pscore_mode,noised_0.25,1005,ips,q_shrink09,nan,0.7117673392146726,0.7153918288961995,0.7705816709933221,5.121200019984636,0.0,0.7705816709933221
05,pscore_mode,noised_0.25,1005,snips,q_shrink09,nan,0.696309426369834,0.7153918288961995,0.7705816709933221,5.121200019984636,0.0,0.7705816709933221
05,pscore_mode,noised_0.25,1005,clipped_ips,q_shrink09,1.595445442031978,0.659361580605552,0.7153918288961995,0.7705816709933221,5.121200019984636,0.0,0.82759768047928
05,pscore_mode,noised_0.25,1005,dr,q_shrink09,nan,0.7007973236235523,0.7153918288961995,0.7705816709933221,5.121200019984636,0.0,0.7705816709933221
05,pscore_mode,noised_0.25,1005,switch_dr,q_shrink09,1.752174729525164,0.6958418438754189,0.7153918288961995,0.7705816709933221,5.121200019984636,0.0,0.7408092745803723
05,pscore_mode,noised_0.25,1005,dros,q_shrink09,2.545446158500613,0.6931234477075526,0.7153918288961995,0.7705816709933221,5.121200019984636,0.0,0.9313173133710676
05,pscore_mode,noised_0.5,1005,dm,q_oracle,nan,0.7144873634794751,0.7153918288961995,0.637036164200247,10.11987405341894,0.0,nan
05,pscore_mode,noised_0.5,1005,ips,q_oracle,nan,0.7838345882895047,0.7153918288961995,0.637036164200247,10.11987405341894,0.0,0.637036164200247
05,pscore_mode,noised_0.5,1005,snips,q_oracle,nan,0.6970625992101965,0.7153918288961995,0.637036164200247,10.11987405341894,0.0,0.637036164200247
05,pscore_mode,noised_0.5,1005,clipped_ips,q_oracle,1.595445442031978,0.6418132661938664,0.7153918288961995,0.637036164200247,10.11987405341894,0.0,0.7991170366622535
05,pscore_mode,noised_0.5,1005,dr,q_oracle,nan,0.6993630362028539,0.7153918288961995,0.637036164200247,10.11987405341894,0.0,0.637036164200247
05,pscore_mode,noised_0.5,1005,switch_dr,q_oracle,1.752174729525164,0.70673198152567,0.7153918288961995,0.637036164200247,10.11987405341894,0.0,0.6562826671494679
05,pscore_mode,noised_0.5,1005,dros,q_oracle,2.545446158500613,0.7058810560387743,0.7153918288961995,0.637036164200247,10.11987405341894,0.0,0.9144629956699079
05,pscore_mode,noised_0.5,1005,dm,q_shrink09,nan,0.6930386271315275,0.7153918288961995,0.637036164200247,10.11987405341894,0.0,nan
05,pscore_mode,noised_0.5,1005,ips,q_shrink09,nan,0.7838345882895047,0.7153918288961995,0.637036164200247,10.11987405341894,0.0,0.637036164200247
05,pscore_mode,noised_0.5,1005,snips,q_shrink09,nan,0.6970625992101965,0.7153918288961995,0.637036164200247,10.11987405341894,0.0,0.637036164200247
05,pscore_mode,noised_0.5,1005,clipped_ips,q_shrink09,1.595445442031978,0.6418132661938664,0.7153918288961995,0.637036164200247,10.11987405341894,0.0,0.7991170366622535
05,pscore_mode,noised_0.5,1005,dr,q_shrink09,nan,0.701586074009608,0.7153918288961995,0.637036164200247,10.11987405341894,0.0,0.637036164200247
05,pscore_mode,noised_0.5,1005,switch_dr,q_shrink09,1.752174729525164,0.6942932746698867,0.7153918288961995,0.637036164200247,10.11987405341894,0.0,0.6562826671494679
05,pscore_mode,noised_0.5,1005,dros,q_shrink09,2.545446158500613,0.6932334480479525,0.7153918288961995,0.637036164200247,10.11987405341894,0.0,0.9144629956699079
05,pscore_mode,noised_1.0,1005,dm,q_oracle,nan,0.7144873634794751,0.7153918288961995,0.3092586734207378,44.57234640962504,0.0,nan
05,pscore_mode,noised_1.0,1005,ips,q_oracle,nan,1.1453053865309553,0.7153918288961995,0.3092586734207378,44.57234640962504,0.0,0.3092586734207378
05,pscore_mode,noised_1.0,1005,snips,q_oracle,nan,0.6989326296216615,0.7153918288961995,0.3092586734207378,44.57234640962504,0.0,0.3092586734207378
05,pscore_mode,noised_1.0,1005,clipped_ips,q_oracle,1.595445442031978,0.6071034732792692,0.7153918288961995,0.3092586734207378,44.57234640962504,0.0,0.7398226455779141
05,pscore_mode,noised_1.0,1005,dr,q_oracle,nan,0.6915021806291165,0.7153918288961995,0.3092586734207378,44.57234640962504,0.0,0.3092586734207378
05,pscore_mode,noised_1.0,1005,switch_dr,q_oracle,1.752174729525164,0.7083944511351875,0.7153918288961995,0.3092586734207378,44.57234640962504,0.0,0.5118726038579603
05,pscore_mode,noised_1.0,1005,dros,q_oracle,2.545446158500613,0.7077590234889534,0.7153918288961995,0.3092586734207378,44.57234640962504,0.0,0.8493707210608736
05,pscore_mode,noised_1.0,1005,dm,q_shrink09,nan,0.6930386271315275,0.7153918288961995,0.3092586734207378,44.57234640962504,0.0,nan
05,pscore_mode,noised_1.0,1005,ips,q_shrink09,nan,1.1453053865309553,0.7153918288961995,0.3092586734207378,44.57234640962504,0.0,0.3092586734207378
05,pscore_mode,noised_1.0,1005,snips,q_shrink09,nan,0.6989326296216615,0.7153918288961995,0.3092586734207378,44.57234640962504,0.0,0.3092586734207378
05,pscore_mode,noised_1.0,1005,clipped_ips,q_shrink09,1.595445442031978,0.6071034732792692,0.7153918288961995,0.3092586734207378,44.57234640962504,0.0,0.7398226455779141
05,pscore_mode,noised_1.0,1005,dr,q_shrink09,nan,0.704950041781048,0.7153918288961995,0.3092586734207378,44.57234640962504,0.0,0.3092586734207378
05,pscore_mode,noised_1.0,1005,switch_dr,q_shrink09,1.752174729525164,0.6918348515514507,0.7153918288961995,0.3092586734207378,44.57234640962504,0.0,0.5118726038579603
05,pscore_mode,noised_1.0,1005,dros,q_shrink09,2.545446158500613,0.69299604047414,0.7153918288961995,0.3092586734207378,44.57234640962504,0.0,0.8493707210608736
05,pscore_mode,true,1006,dm,q_oracle,nan,0.7138145627000126,0.7153918288961995,0.8215556523830606,2.7816950771725657,0.0,nan
05,pscore_mode,true,1006,ips,q_oracle,nan,0.711400834710385,0.7153918288961995,0.8215556523830606,2.7816950771725657,0.0,0.8215556523830606
05,pscore_mode,true,1006,snips,q_oracle,nan,0.7139796540681621,0.7153918288961995,0.8215556523830606,2.7816950771725657,0.0,0.8215556523830606
05,pscore_mode,true,1006,clipped_ips,q_oracle,1.60539226442668,0.6917767811301277,0.7153918288961995,0.8215556523830606,2.7816950771725657,0.0,0.8390829648496603
05,pscore_mode,true,1006,dr,q_oracle,nan,0.7152319092982925,0.7153918288961995,0.8215556523830606,2.7816950771725657,0.0,0.8215556523830606
05,pscore_mode,true,1006,switch_dr,q_oracle,1.7662237306327235,0.708833850189874,0.7153918288961995,0.8215556523830606,2.7816950771725657,0.0,0.7941922282259025
05,pscore_mode,true,1006,dros,q_oracle,2.5772843226810234,0.7132686367987393,0.7153918288961995,0.8215556523830606,2.7816950771725657,0.0,0.9343134004755804
05,pscore_mode,true,1006,dm,q_shrink09,nan,0.6924331064300114,0.7153918288961995,0.8215556523830606,2.7816950771725657,0.0,nan
05,pscore_mode,true,1006,ips,q_shrink09,nan,0.711400834710385,0.7153918288961995,0.8215556523830606,2.7816950771725657,0.0,0.8215556523830606
05,pscore_mode,true,1006,snips,q_shrink09,nan,0.7139796540681621,0.7153918288961995,0.8215556523830606,2.7816950771725657,0.0,0.8215556523830606
05,pscore_mode,true,1006,clipped_ips,q_shrink09,1.60539226442668,0.6917767811301277,0.7153918288961995,0.8215556523830606,2.7816950771725657,0.0,0.8390829648496603
05,pscore_mode,true,1006,dr,q_shrink09,nan,0.7150293965765565,0.7153918288961995,0.8215556523830606,2.7816950771725657,0.0,0.8215556523830606
05,pscore_mode,true,1006,switch_dr,q_shrink09,1.7662237306327235,0.7046258501434908,0.7153918288961995,0.8215556523830606,2.7816950771725657,0.0,0.7941922282259025
05,pscore_mode,true,1006,dros,q_shrink09,2.5772843226810234,0.7023047013616442,0.7153918288961995,0.8215556523830606,2.7816950771725657,0.0,0.9343134004755804
05,pscore_mode,estimated,1006,dm,q_oracle,nan,0.7138145627000126,0.7153918288961995,0.7962269845536296,3.499102305644367,0.0,nan
05,pscore_mode,estimated,1006,ips,q_oracle,nan,0.7344287784175565,0.7153918288961995,0.7962269845536296,3.499102305644367,0.0,0.7962269845536296
05,pscore_mode,estimated,1006,snips,q_oracle,nan,0.7197554838709406,0.7153918288961995,0.7962269845536296,3.499102305644367,0.0,0.7962269845536296
05,pscore_mode,estimated,1006,clipped_ips,q_oracle,1.60539226442668,0.7000252319964924,0.7153918288961995,0.7962269845536296,3.499102305644367,0.0,0.8276449524022655
05,pscore_mode,estimated,1006,dr,q_oracle,nan,0.7155263055884458,0.7153918288961995,0.7962269845536296,3.499102305644367,0.0,0.7962269845536296
05,pscore_mode,estimated,1006,switch_dr,q_oracle,1.7662237306327235,0.7130439993836902,0.7153918288961995,0.7962269845536296,3.499102305644367,0.0,0.7559220375093386
05,pscore_mode,estimated,1006,dros,q_oracle,2.5772843226810234,0.7133185376207198,0.7153918288961995,0.7962269845536296,3.499102305644367,0.0,0.9270736368460298
05,pscore_mode,estimated,1006,dm,q_shrink09,nan,0.6924331064300114,0.7153918288961995,0.7962269845536296,3.499102305644367,0.0,nan
05,pscore_mode,estimated,1006,ips,q_shrink09,nan,0.7344287784175565,0.7153918288961995,0.7962269845536296,3.499102305644367,0.0,0.7962269845536296
05,pscore_mode,estimated,1006,snips,q_shrink09,nan,0.7197554838709406,0.7153918288961995,0.7962269845536296,3.499102305644367,0.0,0.7962269845536296
05,pscore_mode,estimated,1006,clipped_ips,q_shrink09,1.60539226442668,0.7000252319964924,0.7153918288961995,0.7962269845536296,3.499102305644367,0.0,0.8276449524022655
05,pscore_mode,estimated,1006,dr,q_shrink09,nan,0.7163972279147965,0.7153918288961995,0.7962269845536296,3.499102305644367,0.0,0.7962269845536296
05,pscore_mode,estimated,1006,switch_dr,q_shrink09,1.7662237306327235,0.7075955309691566,0.7153918288961995,0.7962269845536296,3.499102305644367,0.0,0.7559220375093386
05,pscore_mode,estimated,1006,dros,q_shrink09,2.5772843226810234,0.702493304624526,0.7153918288961995,0.7962269845536296,3.499102305644367,0.0,0.9270736368460298
05,pscore_mode,noised_0.1,1006,dm,q_oracle,nan,0.7138145627000126,0.7153918288961995,0.8133027896910381,2.911034515684283,0.0,nan
05,pscore_mode,noised_0.1,1006,ips,q_oracle,nan,0.7140755230948302,0.7153918288961995,0.8133027896910381,2.911034515684283,0.0,0.8133027896910381
05,pscore_mode,noised_0.1,1006,snips,q_oracle,nan,0.7143817252384662,0.7153918288961995,0.8133027896910381,2.911034515684283,0.0,0.8133027896910381
05,pscore_mode,noised_0.1,1006,clipped_ips,q_oracle,1.60539226442668,0.6886975462863888,0.7153918288961995,0.8133027896910381,2.911034515684283,0.0,0.836636886633175
05,pscore_mode,noised_0.1,1006,dr,q_oracle,nan,0.7156144456774383,0.7153918288961995,0.8133027896910381,2.911034515684283,0.0,0.8133027896910381
05,pscore_mode,noised_0.1,1006,switch_dr,q_oracle,1.7662237306327235,0.7107979510812693,0.7153918288961995,0.8133027896910381,2.911034515684283,0.0,0.7831896684111818
05,pscore_mode,noised_0.1,1006,dros,q_oracle,2.5772843226810234,0.7131299622853698,0.7153918288961995,0.8133027896910381,2.911034515684283,0.0,0.9332788123605791
05,pscore_mode,noised_0.1,1006,dm,q_shrink09,nan,0.6924331064300114,0.7153918288961995,0.8133027896910381,2.911034515684283,0.0,nan
05,pscore_mode,noised_0.1,1006,ips,q_shrink09,nan,0.7140755230948302,0.7153918288961995,0.8133027896910381,2.911034515684283,0.0,0.8133027896910381
05,pscore_mode,noised_0.1,1006,snips,q_shrink09,nan,0.7143817252384662,0.7153918288961995,0.8133027896910381,2.911034515684283,0.0,0.8133027896910381
05,pscore_mode,noised_0.1,1006,clipped_ips,q_shrink09,1.60539226442668,0.6886975462863888,0.7153918288961995,0.8133027896910381,2.911034515684283,0.0,0.836636886633175
05,pscore_mode,noised_0.1,1006,dr,q_shrink09,nan,0.7154819846885407,0.7153918288961995,0.8133027896910381,2.911034515684283,0.0,0.8133027896910381
05,pscore_mode,noised_0.1,1006,switch_dr,q_shrink09,1.7662237306327235,0.7058549192183095,0.7153918288961995,0.8133027896910381,2.911034515684283,0.0,0.7831896684111818
05,pscore_mode,noised_0.1,1006,dros,q_shrink09,2.5772843226810234,0.7021056731300139,0.7153918288961995,0.8133027896910381,2.911034515684283,0.0,0.9332788123605791
05,pscore_mode,noised_0.25,1006,dm,q_oracle,nan,0.7138145627000126,0.7153918288961995,0.772189372572558,4.453840542815535,0.0,nan
05,pscore_mode,noised_0.25,1006,ips,q_oracle,nan,0.7315382037438297,0.7153918288961995,0.772189372572558,4.453840542815535,0.0,0.772189372572558
05,pscore_mode,noised_0.25,1006,snips,q_oracle,nan,0.7150993965490813,0.7153918288961995,0.772189372572558,4.453840542815535,0.0,0.772189372572558
05,pscore_mode,noised_0.25,1006,clipped_ips,q_oracle,1.60539226442668,0.6790198717593962,0.7153918288961995,0.772189372572558,4.453840542815535,0.0,0.8253809690145514
05,pscore_mode,noised_0.25,1006,dr,q_oracle,nan,0.7163216324147356,0.7153918288961995,0.772189372572558,4.453840542815535,0.0,0.772189372572558
05,pscore_mode,noised_0.25,1006,switch_dr,q_oracle,1.7662237306327235,0.7089628717804102,0.7153918288961995,0.772189372572558,4.453840542815535,0.0,0.7419447147265532
05,pscore_mode,noised_0.25,1006,dros,q_oracle,2.5772843226810234,0.7128761266156751,0.7153918288961995,0.772189372572558,4.453840542815535,0.0,0.9287881000245969
05,pscore_mode,noised_0.25,1006,dm,q_shrink09,nan,0.6924331064300114,0.7153918288961995,0.772189372572558,4.453840542815535,0.0,nan
05,pscore_mode,noised_0.25,1006,ips,q_shrink09,nan,0.7315382037438297,0.7153918288961995,0.772189372572558,4.453840542815535,0.0,0.772189372572558
05,pscore_mode,noised_0.25,1006,snips,q_shrink09,nan,0.7150993965490813,0.7153918288961995,0.772189372572558,4.453840542815535,0.0,0.772189372572558
05,pscore_mode,noised_0.25,1006,clipped_ips,q_shrink09,1.60539226442668,0.6790198717593962,0.7153918288961995,0.772189372572558,4.453840542815535,0.0,0.8253809690145514
05,pscore_mode,noised_0.25,1006,dr,q_shrink09,nan,0.7166938823971091,0.7153918288961995,0.772189372572558,4.453840542815535,0.0,0.772189372572558
05,pscore_mode,noised_0.25,1006,switch_dr,q_shrink09,1.7662237306327235,0.7013499179133115,0.7153918288961995,0.772189372572558,4.453840542815535,0.0,0.7419447147265532
05,pscore_mode,noised_0.25,1006,dros,q_shrink09,2.5772843226810234,0.7015346630200255,0.7153918288961995,0.772189372572558,4.453840542815535,0.0,0.9287881000245969
05,pscore_mode,noised_0.5,1006,dm,q_oracle,nan,0.7138145627000126,0.7153918288961995,0.6425281861559545,11.105951115881044,0.0,nan
05,pscore_mode,noised_0.5,1006,ips,q_oracle,nan,0.8002695191860209,0.7153918288961995,0.6425281861559545,11.105951115881044,0.0,0.6425281861559545
05,pscore_mode,noised_0.5,1006,snips,q_oracle,nan,0.7167721106574518,0.7153918288961995,0.6425281861559545,11.105951115881044,0.0,0.6425281861559545
05,pscore_mode,noised_0.5,1006,clipped_ips,q_oracle,1.60539226442668,0.6569400338771553,0.7153918288961995,0.6425281861559545,11.105951115881044,0.0,0.7959215474816914
05,pscore_mode,noised_0.5,1006,dr,q_oracle,nan,0.7181662637870057,0.7153918288961995,0.6425281861559545,11.105951115881044,0.0,0.6425281861559545
05,pscore_mode,noised_0.5,1006,switch_dr,q_oracle,1.7662237306327235,0.7064154171161363,0.7153918288961995,0.6425281861559545,11.105951115881044,0.0,0.6563350771345966
05,pscore_mode,noised_0.5,1006,dros,q_oracle,2.5772843226810234,0.7124522542543963,0.7153918288961995,0.6425281861559545,11.105951115881044,0.0,0.9114783134214708
05,pscore_mode,noised_0.5,1006,dm,q_shrink09,nan,0.6924331064300114,0.7153918288961995,0.6425281861559545,11.105951115881044,0.0,nan
05,pscore_mode,noised_0.5,1006,ips,q_shrink09,nan,0.8002695191860209,0.7153918288961995,0.6425281861559545,11.105951115881044,0.0,0.6425281861559545
05,pscore_mode,noised_0.5,1006,snips,q_shrink09,nan,0.7167721106574518,0.7153918288961995,0.6425281861559545,11.105951115881044,0.0,0.6425281861559545
05,pscore_mode,noised_0.5,1006,clipped_ips,q_shrink09,1.60539226442668,0.6569400338771553,0.7153918288961995,0.6425281861559545,11.105951115881044,0.0,0.7959215474816914
05,pscore_mode,noised_0.5,1006,dr,q_shrink09,nan,0.7205520457036918,0.7153918288961995,0.6425281861559545,11.105951115881044,0.0,0.6425281861559545
05,pscore_mode,noised_0.5,1006,switch_dr,q_shrink09,1.7662237306327235,0.6945477477041542,0.7153918288961995,0.6425281861559545,11.105951115881044,0.0,0.6563350771345966
05,pscore_mode,noised_0.5,1006,dros,q_shrink09,2.5772843226810234,0.7001786979715203,0.7153918288961995,0.6425281861559545,11.105951115881044,0.0,0.9114783134214708
05,pscore_mode,noised_1.0,1006,dm,q_oracle,nan,0.7138145627000126,0.7153918288961995,0.3020732973607628,82.55835582016472,0.0,nan
05,pscore_mode,noised_1.0,1006,ips,q_oracle,nan,1.1561151714416058,0.7153918288961995,0.3020732973607628,82.55835582016472,0.0,0.3020732973607628
05,pscore_mode,noised_1.0,1006,snips,q_oracle,nan,0.7241213277384685,0.7153918288961995,0.3020732973607628,82.55835582016472,0.0,0.3020732973607628
05,pscore_mode,noised_1.0,1006,clipped_ips,q_oracle,1.60539226442668,0.6186403558178326,0.7153918288961995,0.3020732973607628,82.55835582016472,0.0,0.7342303226798995
05,pscore_mode,noised_1.0,1006,dr,q_oracle,nan,0.7295026929575111,0.7153918288961995,0.3020732973607628,82.55835582016472,0.0,0.3020732973607628
05,pscore_mode,noised_1.0,1006,switch_dr,q_oracle,1.7662237306327235,0.7118959213225626,0.7153918288961995,0.3020732973607628,82.55835582016472,0.0,0.5099322894246214
05,pscore_mode,noised_1.0,1006,dros,q_oracle,2.5772843226810234,0.7123538355102398,0.7153918288961995,0.3020732973607628,82.55835582016472,0.0,0.845538949659294
05,pscore_mode,noised_1.0,1006,dm,q_shrink09,nan,0.6924331064300114,0.7153918288961995,0.3020732973607628,82.55835582016472,0.0,nan
05,pscore_mode,noised_1.0,1006,ips,q_shrink09,nan,1.1561151714416058,0.7153918288961995,0.3020732973607628,82.55835582016472,0.0,0.3020732973607628
05,pscore_mode,noised_1.0,1006,snips,q_shrink09,nan,0.7241213277384685,0.7153918288961995,0.3020732973607628,82.55835582016472,0.0,0.3020732973607628
05,pscore_mode,noised_1.0,1006,clipped_ips,q_shrink09,1.60539226442668,0.6186403558178326,0.7153918288961995,0.3020732973607628,82.55835582016472,0.0,0.7342303226798995
05,pscore_mode,noised_1.0,1006,dr,q_shrink09,nan,0.7423351105287961,0.7153918288961995,0.3020732973607628,82.55835582016472,0.0,0.3020732973607628
05,pscore_mode,noised_1.0,1006,switch_dr,q_shrink09,1.7662237306327235,0.6956535364506851,0.7153918288961995,0.3020732973607628,82.55835582016472,0.0,0.5099322894246214
05,pscore_mode,noised_1.0,1006,dros,q_shrink09,2.5772843226810234,0.6979772828184926,0.7153918288961995,0.3020732973607628,82.55835582016472,0.0,0.845538949659294
05,pscore_mode,true,1007,dm,q_oracle,nan,0.7153398807263682,0.7153918288961995,0.8258506289370565,2.7567184545270265,0.0,nan
05,pscore_mode,true,1007,ips,q_oracle,nan,0.7328504454700852,0.7153918288961995,0.8258506289370565,2.7567184545270265,0.0,0.8258506289370565
05,pscore_mode,true,1007,snips,q_oracle,nan,0.7264237942199154,0.7153918288961995,0.8258506289370565,2.7567184545270265,0.0,0.8258506289370565
05,pscore_mode,true,1007,clipped_ips,q_oracle,1.615483201456399,0.7123605408704835,0.7153918288961995,0.8258506289370565,2.7567184545270265,0.0,0.843770517742748
05,pscore_mode,true,1007,dr,q_oracle,nan,0.7230381446811072,0.7153918288961995,0.8258506289370565,2.7567184545270265,0.0,0.8258506289370565
05,pscore_mode,true,1007,switch_dr,q_oracle,1.7699849492956456,0.7176623881769094,0.7153918288961995,0.8258506289370565,2.7567184545270265,0.0,0.7990733334983514
05,pscore_mode,true,1007,dros,q_oracle,2.6097859741878158,0.7188660274555204,0.7153918288961995,0.8258506289370565,2.7567184545270265,0.0,0.9369269516151939
05,pscore_mode,true,1007,dm,q_shrink09,nan,0.6938058926537315,0.7153918288961995,0.8258506289370565,2.7567184545270265,0.0,nan
05,pscore_mode,true,1007,ips,q_shrink09,nan,0.7328504454700852,0.7153918288961995,0.8258506289370565,2.7567184545270265,0.0,0.8258506289370565
05,pscore_mode,true,1007,snips,q_shrink09,nan,0.7264237942199154,0.7153918288961995,0.8258506289370565,2.7567184545270265,0.0,0.8258506289370565
05,pscore_mode,true,1007,clipped_ips,q_shrink09,1.615483201456399,0.7123605408704835,0.7153918288961995,0.8258506289370565,2.7567184545270265,0.0,0.843770517742748
05,pscore_mode,true,1007,dr,q_shrink09,nan,0.7235770261405555,0.7153918288961995,0.8258506289370565,2.7567184545270265,0.0,0.8258506289370565
05,pscore_mode,true,1007,switch_dr,q_shrink09,1.7699849492956456,0.7141145152955173,0.7153918288961995,0.8258506289370565,2.7567184545270265,0.0,0.7990733334983514
05,pscore_mode,true,1007,dros,q_shrink09,2.6097859741878158,0.7083749690394228,0.7153918288961995,0.8258506289370565,2.7567184545270265,0.0,0.9369269516151939
05,pscore_mode,estimated,1007,dm,q_oracle,nan,0.7153398807263682,0.7153918288961995,0.8174846063095174,2.8630046385398322,0.0,nan
05,pscore_mode,estimated,1007,ips,q_oracle,nan,0.7408304588143673,0.7153918288961995,0.8174846063095174,2.8630046385398322,0.0,0.8174846063095174
05,pscore_mode,estimated,1007,snips,q_oracle,nan,0.7266634800201681,0.7153918288961995,0.8174846063095174,2.8630046385398322,0.0,0.8174846063095174
05,pscore_mode,estimated,1007,clipped_ips,q_oracle,1.615483201456399,0.716516888755238,0.7153918288961995,0.8174846063095174,2.8630046385398322,0.0,0.8390608911547681
05,pscore_mode,estimated,1007,dr,q_oracle,nan,0.7233187870211837,0.7153918288961995,0.8174846063095174,2.8630046385398322,0.0,0.8174846063095174
05,pscore_mode,estimated,1007,switch_dr,q_oracle,1.7699849492956456,0.7179317553396999,0.7153918288961995,0.8174846063095174,2.8630046385398322,0.0,0.7840632895978253
05,pscore_mode,estimated,1007,dros,q_oracle,2.6097859741878158,0.7189942862838326,0.7153918288961995,0.8174846063095174,2.8630046385398322,0.0,0.9335508467954171
05,pscore_mode,estimated,1007,dm,q_shrink09,nan,0.6938058926537315,0.7153918288961995,0.8174846063095174,2.8630046385398322,0.0,nan
05,pscore_mode,estimated,1007,ips,q_shrink09,nan,0.7408304588143673,0.7153918288961995,0.8174846063095174,2.8630046385398322,0.0,0.8174846063095174
05,pscore_mode,estimated,1007,snips,q_shrink09,nan,0.7266634800201681,0.7153918288961995,0.8174846063095174,2.8630046385398322,0.0,0.8174846063095174
05,pscore_mode,estimated,1007,clipped_ips,q_shrink09,1.615483201456399,0.716516888755238,0.7153918288961995,0.8174846063095174,2.8630046385398322,0.0,0.8390608911547681
05,pscore_mode,estimated,1007,dr,q_shrink09,nan,0.7240951578068671,0.7153918288961995,0.8174846063095174,2.8630046385398322,0.0,0.8174846063095174
05,pscore_mode,estimated,1007,switch_dr,q_shrink09,1.7699849492956456,0.7140512006244736,0.7153918288961995,0.8174846063095174,2.8630046385398322,0.0,0.7840632895978253
05,pscore_mode,estimated,1007,dros,q_shrink09,2.6097859741878158,0.7085569230875346,0.7153918288961995,0.8174846063095174,2.8630046385398322,0.0,0.9335508467954171
05,pscore_mode,noised_0.1,1007,dm,q_oracle,nan,0.7153398807263682,0.7153918288961995,0.817422865922952,3.0402505982148127,0.0,nan
05,pscore_mode,noised_0.1,1007,ips,q_oracle,nan,0.7372316470150481,0.7153918288961995,0.817422865922952,3.0402505982148127,0.0,0.817422865922952
05,pscore_mode,noised_0.1,1007,snips,q_oracle,nan,0.7270541811466898,0.7153918288961995,0.817422865922952,3.0402505982148127,0.0,0.817422865922952
05,pscore_mode,noised_0.1,1007,clipped_ips,q_oracle,1.615483201456399,0.7113002532567223,0.7153918288961995,0.817422865922952,3.0402505982148127,0.0,0.8405132181208057
05,pscore_mode,noised_0.1,1007,dr,q_oracle,nan,0.7236311402428934,0.7153918288961995,0.817422865922952,3.0402505982148127,0.0,0.817422865922952
05,pscore_mode,noised_0.1,1007,switch_dr,q_oracle,1.7699849492956456,0.7170131873410518,0.7153918288961995,0.817422865922952,3.0402505982148127,0.0,0.7856402639010609
05,pscore_mode,noised_0.1,1007,dros,q_oracle,2.6097859741878158,0.719020109473188,0.7153918288961995,0.817422865922952,3.0402505982148127,0.0,0.9360169088590644
05,pscore_mode,noised_0.1,1007,dm,q_shrink09,nan,0.6938058926537315,0.7153918288961995,0.817422865922952,3.0402505982148127,0.0,nan
05,pscore_mode,noised_0.1,1007,ips,q_shrink09,nan,0.7372316470150481,0.7153918288961995,0.817422865922952,3.0402505982148127,0.0,0.817422865922952
05,pscore_mode,noised_0.1,1007,snips,q_shrink09,nan,0.7270541811466898,0.7153918288961995,0.817422865922952,3.0402505982148127,0.0,0.817422865922952
05,pscore_mode,noised_0.1,1007,clipped_ips,q_shrink09,1.615483201456399,0.7113002532567223,0.7153918288961995,0.817422865922952,3.0402505982148127,0.0,0.8405132181208057
05,pscore_mode,noised_0.1,1007,dr,q_shrink09,nan,0.7242912798177269,0.7153918288961995,0.817422865922952,3.0402505982148127,0.0,0.817422865922952
05,pscore_mode,noised_0.1,1007,switch_dr,q_shrink09,1.7699849492956456,0.7126093403170857,0.7153918288961995,0.817422865922952,3.0402505982148127,0.0,0.7856402639010609
05,pscore_mode,noised_0.1,1007,dros,q_shrink09,2.6097859741878158,0.7084611316510079,0.7153918288961995,0.817422865922952,3.0402505982148127,0.0,0.9360169088590644
05,pscore_mode,noised_0.25,1007,dm,q_oracle,nan,0.7153398807263682,0.7153918288961995,0.7752563377952798,4.694565660849077,0.0,nan
05,pscore_mode,noised_0.25,1007,ips,q_oracle,nan,0.7582341098957164,0.7153918288961995,0.7752563377952798,4.694565660849077,0.0,0.7752563377952798
05,pscore_mode,noised_0.25,1007,snips,q_oracle,nan,0.7283137110976873,0.7153918288961995,0.7752563377952798,4.694565660849077,0.0,0.7752563377952798
05,pscore_mode,noised_0.25,1007,clipped_ips,q_oracle,1.615483201456399,0.7033995443262082,0.7153918288961995,0.7752563377952798,4.694565660849077,0.0,0.8290936045776108
05,pscore_mode,noised_0.25,1007,dr,q_oracle,nan,0.7250223613031104,0.7153918288961995,0.7752563377952798,4.694565660849077,0.0,0.7752563377952798
05,pscore_mode,noised_0.25,1007,switch_dr,q_oracle,1.7699849492956456,0.7190631722198695,0.7153918288961995,0.7752563377952798,4.694565660849077,0.0,0.7395635590424496
05,pscore_mode,noised_0.25,1007,dros,q_oracle,2.6097859741878158,0.7190519984159297,0.7153918288961995,0.7752563377952798,4.694565660849077,0.0,0.9316183306042553
05,pscore_mode,noised_0.25,1007,dm,q_shrink09,nan,0.6938058926537315,0.7153918288961995,0.7752563377952798,4.694565660849077,0.0,nan
05,pscore_mode,noised_0.25,1007,ips,q_shrink09,nan,0.7582341098957164,0.7153918288961995,0.7752563377952798,4.694565660849077,0.0,0.7752563377952798
05,pscore_mode,noised_0.25,1007,snips,q_shrink09,nan,0.7283137110976873,0.7153918288961995,0.7752563377952798,4.694565660849077,0.0,0.7752563377952798
05,pscore_mode,noised_0.25,1007,clipped_ips,q_shrink09,1.615483201456399,0.7033995443262082,0.7153918288961995,0.7752563377952798,4.694565660849077,0.0,0.8290936045776108
05,pscore_mode,noised_0.25,1007,dr,q_shrink09,nan,0.7262894488685224,0.7153918288961995,0.7752563377952798,4.694565660849077,0.0,0.7752563377952798
05,pscore_mode,noised_0.25,1007,switch_dr,q_shrink09,1.7699849492956456,0.7117772280416471,0.7153918288961995,0.7752563377952798,4.694565660849077,0.0,0.7395635590424496
05,pscore_mode,noised_0.25,1007,dros,q_shrink09,2.6097859741878158,0.7081574204409979,0.7153918288961995,0.7752563377952798,4.694565660849077,0.0,0.9316183306042553
05,pscore_mode,noised_0.5,1007,dm,q_oracle,nan,0.7153398807263682,0.7153918288961995,0.6408583134145778,10.129812125389742,0.0,nan
05,pscore_mode,noised_0.5,1007,ips,q_oracle,nan,0.8367131991217126,0.7153918288961995,0.6408583134145778,10.129812125389742,0.0,0.6408583134145778
05,pscore_mode,noised_0.5,1007,snips,q_oracle,nan,0.7314493005071216,0.7153918288961995,0.6408583134145778,10.129812125389742,0.0,0.6408583134145778
05,pscore_mode,noised_0.5,1007,clipped_ips,q_oracle,1.615483201456399,0.6832711398583536,0.7153918288961995,0.6408583134145778,10.129812125389742,0.0,0.8004487039599726
05,pscore_mode,noised_0.5,1007,dr,q_oracle,nan,0.7292260873922328,0.7153918288961995,0.6408583134145778,10.129812125389742,0.0,0.6408583134145778
05,pscore_mode,noised_0.5,1007,switch_dr,q_oracle,1.7699849492956456,0.7179250252615746,0.7153918288961995,0.6408583134145778,10.129812125389742,0.0,0.6539639761385574
05,pscore_mode,noised_0.5,1007,dros,q_oracle,2.6097859741878158,0.718664024507852,0.7153918288961995,0.6408583134145778,10.129812125389742,0.0,0.9146202618879954
05,pscore_mode,noised_0.5,1007,dm,q_shrink09,nan,0.6938058926537315,0.7153918288961995,0.6408583134145778,10.129812125389742,0.0,nan
05,pscore_mode,noised_0.5,1007,ips,q_shrink09,nan,0.8367131991217126,0.7153918288961995,0.6408583134145778,10.129812125389742,0.0,0.6408583134145778
05,pscore_mode,noised_0.5,1007,snips,q_shrink09,nan,0.7314493005071216,0.7153918288961995,0.6408583134145778,10.129812125389742,0.0,0.6408583134145778
05,pscore_mode,noised_0.5,1007,clipped_ips,q_shrink09,1.615483201456399,0.6832711398583536,0.7153918288961995,0.6408583134145778,10.129812125389742,0.0,0.8004487039599726
05,pscore_mode,noised_0.5,1007,dr,q_shrink09,nan,0.7327792281721536,0.7153918288961995,0.6408583134145778,10.129812125389742,0.0,0.6408583134145778
05,pscore_mode,noised_0.5,1007,switch_dr,q_shrink09,1.7699849492956456,0.7063725993066899,0.7153918288961995,0.6408583134145778,10.129812125389742,0.0,0.6539639761385574
05,pscore_mode,noised_0.5,1007,dros,q_shrink09,2.6097859741878158,0.7067927923016414,0.7153918288961995,0.6408583134145778,10.129812125389742,0.0,0.9146202618879954
05,pscore_mode,noised_1.0,1007,dm,q_oracle,nan,0.7153398807263682,0.7153918288961995,0.3088064857724999,47.16429386646032,0.0,nan
05,pscore_mode,noised_1.0,1007,ips,q_oracle,nan,1.2402415855967428,0.7153918288961995,0.3088064857724999,47.16429386646032,0.0,0.3088064857724999
05,pscore_mode,noised_1.0,1007,snips,q_oracle,nan,0.7427615773882564,0.7153918288961995,0.3088064857724999,47.16429386646032,0.0,0.3088064857724999
05,pscore_mode,noised_1.0,1007,clipped_ips,q_oracle,1.615483201456399,0.6429725495384359,0.7153918288961995,0.3088064857724999,47.16429386646032,0.0,0.7403289224365405
05,pscore_mode,noised_1.0,1007,dr,q_oracle,nan,0.7524190973559871,0.7153918288961995,0.3088064857724999,47.16429386646032,0.0,0.3088064857724999
05,pscore_mode,noised_1.0,1007,switch_dr,q_oracle,1.7699849492956456,0.7166672092643923,0.7153918288961995,0.3088064857724999,47.16429386646032,0.0,0.5112354468391886
05,pscore_mode,noised_1.0,1007,dros,q_oracle,2.6097859741878158,0.7174418070445961,0.7153918288961995,0.3088064857724999,47.16429386646032,0.0,0.8491026543358509
05,pscore_mode,noised_1.0,1007,dm,q_shrink09,nan,0.6938058926537315,0.7153918288961995,0.3088064857724999,47.16429386646032,0.0,nan
05,pscore_mode,noised_1.0,1007,ips,q_shrink09,nan,1.2402415855967428,0.7153918288961995,0.3088064857724999,47.16429386646032,0.0,0.3088064857724999
05,pscore_mode,noised_1.0,1007,snips,q_shrink09,nan,0.7427615773882564,0.7153918288961995,0.3088064857724999,47.16429386646032,0.0,0.3088064857724999
05,pscore_mode,noised_1.0,1007,clipped_ips,q_shrink09,1.615483201456399,0.6429725495384359,0.7153918288961995,0.3088064857724999,47.16429386646032,0.0,0.7403289224365405
05,pscore_mode,noised_1.0,1007,dr,q_shrink09,nan,0.767712806697598,0.7153918288961995,0.3088064857724999,47.16429386646032,0.0,0.3088064857724999
05,pscore_mode,noised_1.0,1007,switch_dr,q_shrink09,1.7699849492956456,0.7008134615086582,0.7153918288961995,0.3088064857724999,47.16429386646032,0.0,0.5112354468391886
05,pscore_mode,noised_1.0,1007,dros,q_shrink09,2.6097859741878158,0.7033616781094626,0.7153918288961995,0.3088064857724999,47.16429386646032,0.0,0.8491026543358509
05,pscore_mode,true,1008,dm,q_oracle,nan,0.7157110604347453,0.7153918288961995,0.821790946665722,2.826175132303068,0.0,nan
05,pscore_mode,true,1008,ips,q_oracle,nan,0.7177359352880303,0.7153918288961995,0.821790946665722,2.826175132303068,0.0,0.821790946665722
05,pscore_mode,true,1008,snips,q_oracle,nan,0.7239274020138748,0.7153918288961995,0.821790946665722,2.826175132303068,0.0,0.821790946665722
05,pscore_mode,true,1008,clipped_ips,q_oracle,1.6048677901213944,0.6988131799090089,0.7153918288961995,0.821790946665722,2.826175132303068,0.0,0.8399796816820077
05,pscore_mode,true,1008,dr,q_oracle,nan,0.7274266183096435,0.7153918288961995,0.821790946665722,2.826175132303068,0.0,0.821790946665722
05,pscore_mode,true,1008,switch_dr,q_oracle,1.7552643111892794,0.7270035701263908,0.7153918288961995,0.821790946665722,2.826175132303068,0.0,0.795465301304856
05,pscore_mode,true,1008,dros,q_oracle,2.575600623769128,0.7227917355282552,0.7153918288961995,0.821790946665722,2.826175132303068,0.0,0.9352749561482142
05,pscore_mode,true,1008,dm,q_shrink09,nan,0.6941399543912709,0.7153918288961995,0.821790946665722,2.826175132303068,0.0,nan
05,pscore_mode,true,1008,ips,q_shrink09,nan,0.7177359352880303,0.7153918288961995,0.821790946665722,2.826175132303068,0.0,0.821790946665722
05,pscore_mode,true,1008,snips,q_shrink09,nan,0.7239274020138748,0.7153918288961995,0.821790946665722,2.826175132303068,0.0,0.821790946665722
05,pscore_mode,true,1008,clipped_ips,q_shrink09,1.6048677901213944,0.6988131799090089,0.7153918288961995,0.821790946665722,2.826175132303068,0.0,0.8399796816820077
05,pscore_mode,true,1008,dr,q_shrink09,nan,0.7268851803685253,0.7153918288961995,0.821790946665722,2.826175132303068,0.0,0.821790946665722
05,pscore_mode,true,1008,switch_dr,q_shrink09,1.7552643111892794,0.7224328391274606,0.7153918288961995,0.821790946665722,2.826175132303068,0.0,0.795465301304856
05,pscore_mode,true,1008,dros,q_shrink09,2.575600623769128,0.711592649528173,0.7153918288961995,0.821790946665722,2.826175132303068,0.0,0.9352749561482142
05,pscore_mode,estimated,1008,dm,q_oracle,nan,0.7157110604347453,0.7153918288961995,0.7967124070210331,3.667536683315742,0.0,nan
05,pscore_mode,estimated,1008,ips,q_oracle,nan,0.7381798673864789,0.7153918288961995,0.7967124070210331,3.667536683315742,0.0,0.7967124070210331
05,pscore_mode,estimated,1008,snips,q_oracle,nan,0.72809984344215,0.7153918288961995,0.7967124070210331,3.667536683315742,0.0,0.7967124070210331
05,pscore_mode,estimated,1008,clipped_ips,q_oracle,1.6048677901213944,0.7080369307249171,0.7153918288961995,0.7967124070210331,3.667536683315742,0.0,0.8273247870130385
05,pscore_mode,estimated,1008,dr,q_oracle,nan,0.7265964889529811,0.7153918288961995,0.7967124070210331,3.667536683315742,0.0,0.7967124070210331
05,pscore_mode,estimated,1008,switch_dr,q_oracle,1.7552643111892794,0.7265183482904437,0.7153918288961995,0.7967124070210331,3.667536683315742,0.0,0.7634567812038539
05,pscore_mode,estimated,1008,dros,q_oracle,2.575600623769128,0.7227267215001352,0.7153918288961995,0.7967124070210331,3.667536683315742,0.0,0.9265578136434611
05,pscore_mode,estimated,1008,dm,q_shrink09,nan,0.6941399543912709,0.7153918288961995,0.7967124070210331,3.667536683315742,0.0,nan
05,pscore_mode,estimated,1008,ips,q_shrink09,nan,0.7381798673864789,0.7153918288961995,0.7967124070210331,3.667536683315742,0.0,0.7967124070210331
05,pscore_mode,estimated,1008,snips,q_shrink09,nan,0.72809984344215,0.7153918288961995,0.7967124070210331,3.667536683315742,0.0,0.7967124070210331
05,pscore_mode,estimated,1008,clipped_ips,q_shrink09,1.6048677901213944,0.7080369307249171,0.7153918288961995,0.7967124070210331,3.667536683315742,0.0,0.8273247870130385
05,pscore_mode,estimated,1008,dr,q_shrink09,nan,0.7270626123950288,0.7153918288961995,0.7967124070210331,3.667536683315742,0.0,0.7967124070210331
05,pscore_mode,estimated,1008,switch_dr,q_shrink09,1.7552643111892794,0.721430617121337,0.7153918288961995,0.7967124070210331,3.667536683315742,0.0,0.7634567812038539
05,pscore_mode,estimated,1008,dros,q_shrink09,2.575600623769128,0.7117077645315302,0.7153918288961995,0.7967124070210331,3.667536683315742,0.0,0.9265578136434611
05,pscore_mode,noised_0.1,1008,dm,q_oracle,nan,0.7157110604347453,0.7153918288961995,0.8141024494240416,2.9823016134211557,0.0,nan
05,pscore_mode,noised_0.1,1008,ips,q_oracle,nan,0.7224488790494734,0.7153918288961995,0.8141024494240416,2.9823016134211557,0.0,0.8141024494240416
05,pscore_mode,noised_0.1,1008,snips,q_oracle,nan,0.7244519863028818,0.7153918288961995,0.8141024494240416,2.9823016134211557,0.0,0.8141024494240416
05,pscore_mode,noised_0.1,1008,clipped_ips,q_oracle,1.6048677901213944,0.6982427573554345,0.7153918288961995,0.8141024494240416,2.9823016134211557,0.0,0.8372960240094312
05,pscore_mode,noised_0.1,1008,dr,q_oracle,nan,0.7281696691489468,0.7153918288961995,0.8141024494240416,2.9823016134211557,0.0,0.8141024494240416
05,pscore_mode,noised_0.1,1008,switch_dr,q_oracle,1.7552643111892794,0.7256964289733604,0.7153918288961995,0.8141024494240416,2.9823016134211557,0.0,0.7845591641051881
05,pscore_mode,noised_0.1,1008,dros,q_oracle,2.575600623769128,0.7228737679217664,0.7153918288961995,0.8141024494240416,2.9823016134211557,0.0,0.9346354093060323
05,pscore_mode,noised_0.1,1008,dm,q_shrink09,nan,0.6941399543912709,0.7153918288961995,0.8141024494240416,2.9823016134211557,0.0,nan
05,pscore_mode,noised_0.1,1008,ips,q_shrink09,nan,0.7224488790494734,0.7153918288961995,0.8141024494240416,2.9823016134211557,0.0,0.8141024494240416
05,pscore_mode,noised_0.1,1008,snips,q_shrink09,nan,0.7244519863028818,0.7153918288961995,0.8141024494240416,2.9823016134211557,0.0,0.8141024494240416
05,pscore_mode,noised_0.1,1008,clipped_ips,q_shrink09,1.6048677901213944,0.6982427573554345,0.7153918288961995,0.8141024494240416,2.9823016134211557,0.0,0.8372960240094312
05,pscore_mode,noised_0.1,1008,dr,q_shrink09,nan,0.7277358399672338,0.7153918288961995,0.8141024494240416,2.9823016134211557,0.0,0.8141024494240416
05,pscore_mode,noised_0.1,1008,switch_dr,q_shrink09,1.7552643111892794,0.7203612119053859,0.7153918288961995,0.8141024494240416,2.9823016134211557,0.0,0.7845591641051881
05,pscore_mode,noised_0.1,1008,dros,q_shrink09,2.575600623769128,0.7116079930562,0.7153918288961995,0.8141024494240416,2.9823016134211557,0.0,0.9346354093060323
05,pscore_mode,noised_0.25,1008,dm,q_oracle,nan,0.7157110604347453,0.7153918288961995,0.7731247345930513,4.348764392818211,0.0,nan
05,pscore_mode,noised_0.25,1008,ips,q_oracle,nan,0.7435671676116508,0.7153918288961995,0.7731247345930513,4.348764392818211,0.0,0.7731247345930513
05,pscore_mode,noised_0.25,1008,snips,q_oracle,nan,0.7253252375786456,0.7153918288961995,0.7731247345930513,4.348764392818211,0.0,0.7731247345930513
05,pscore_mode,noised_0.25,1008,clipped_ips,q_oracle,1.6048677901213944,0.6901701777475128,0.7153918288961995,0.7731247345930513,4.348764392818211,0.0,0.8267705648568164
05,pscore_mode,noised_0.25,1008,dr,q_oracle,nan,0.7296704018238217,0.7153918288961995,0.7731247345930513,4.348764392818211,0.0,0.7731247345930513
05,pscore_mode,noised_0.25,1008,switch_dr,q_oracle,1.7552643111892794,0.7227613939639667,0.7153918288961995,0.7731247345930513,4.348764392818211,0.0,0.736541400308305
05,pscore_mode,noised_0.25,1008,dros,q_oracle,2.575600623769128,0.7229308805133806,0.7153918288961995,0.7731247345930513,4.348764392818211,0.0,0.9307874507104409
05,pscore_mode,noised_0.25,1008,dm,q_shrink09,nan,0.6941399543912709,0.7153918288961995,0.7731247345930513,4.348764392818211,0.0,nan
05,pscore_mode,noised_0.25,1008,ips,q_shrink09,nan,0.7435671676116508,0.7153918288961995,0.7731247345930513,4.348764392818211,0.0,0.7731247345930513
05,pscore_mode,noised_0.25,1008,snips,q_shrink09,nan,0.7253252375786456,0.7153918288961995,0.7731247345930513,4.348764392818211,0.0,0.7731247345930513
05,pscore_mode,noised_0.25,1008,clipped_ips,q_shrink09,1.6048677901213944,0.6901701777475128,0.7153918288961995,0.7731247345930513,4.348764392818211,0.0,0.8267705648568164
05,pscore_mode,noised_0.25,1008,dr,q_shrink09,nan,0.7298025783813795,0.7153918288961995,0.7731247345930513,4.348764392818211,0.0,0.7731247345930513
05,pscore_mode,noised_0.25,1008,switch_dr,q_shrink09,1.7552643111892794,0.7143250192109003,0.7153918288961995,0.7731247345930513,4.348764392818211,0.0,0.736541400308305
05,pscore_mode,noised_0.25,1008,dros,q_shrink09,2.575600623769128,0.7113339516855385,0.7153918288961995,0.7731247345930513,4.348764392818211,0.0,0.9307874507104409
05,pscore_mode,noised_0.5,1008,dm,q_oracle,nan,0.7157110604347453,0.7153918288961995,0.6427971342493429,9.425055070200049,0.0,nan
05,pscore_mode,noised_0.5,1008,ips,q_oracle,nan,0.8207640362272381,0.7153918288961995,0.6427971342493429,9.425055070200049,0.0,0.6427971342493429
05,pscore_mode,noised_0.5,1008,snips,q_oracle,nan,0.7270500054821292,0.7153918288961995,0.6427971342493429,9.425055070200049,0.0,0.6427971342493429
05,pscore_mode,noised_0.5,1008,clipped_ips,q_oracle,1.6048677901213944,0.6708590730674739,0.7153918288961995,0.6427971342493429,9.425055070200049,0.0,0.7993145460891078
05,pscore_mode,noised_0.5,1008,dr,q_oracle,nan,0.7336000064645893,0.7153918288961995,0.6427971342493429,9.425055070200049,0.0,0.6427971342493429
05,pscore_mode,noised_0.5,1008,switch_dr,q_oracle,1.7552643111892794,0.7219952496218908,0.7153918288961995,0.6427971342493429,9.425055070200049,0.0,0.6554387886201303
05,pscore_mode,noised_0.5,1008,dros,q_oracle,2.575600623769128,0.7227430398590201,0.7153918288961995,0.6427971342493429,9.425055070200049,0.0,0.9146695261502298
05,pscore_mode,noised_0.5,1008,dm,q_shrink09,nan,0.6941399543912709,0.7153918288961995,0.6427971342493429,9.425055070200049,0.0,nan
05,pscore_mode,noised_0.5,1008,ips,q_shrink09,nan,0.8207640362272381,0.7153918288961995,0.6427971342493429,9.425055070200049,0.0,0.6427971342493429
05,pscore_mode,noised_0.5,1008,snips,q_shrink09,nan,0.7270500054821292,0.7153918288961995,0.6427971342493429,9.425055070200049,0.0,0.6427971342493429
05,pscore_mode,noised_0.5,1008,clipped_ips,q_shrink09,1.6048677901213944,0.6708590730674739,0.7153918288961995,0.6427971342493429,9.425055070200049,0.0,0.7993145460891078
05,pscore_mode,noised_0.5,1008,dr,q_shrink09,nan,0.7358715961516387,0.7153918288961995,0.6427971342493429,9.425055070200049,0.0,0.6427971342493429
05,pscore_mode,noised_0.5,1008,switch_dr,q_shrink09,1.7552643111892794,0.7094392127823774,0.7153918288961995,0.6427971342493429,9.425055070200049,0.0,0.6554387886201303
05,pscore_mode,noised_0.5,1008,dros,q_shrink09,2.575600623769128,0.710176673590995,0.7153918288961995,0.6427971342493429,9.425055070200049,0.0,0.9146695261502298
05,pscore_mode,noised_1.0,1008,dm,q_oracle,nan,0.7157110604347453,0.7153918288961995,0.31474417107480124,52.895762644770926,0.0,nan
05,pscore_mode,noised_1.0,1008,ips,q_oracle,nan,1.2093300560270757,0.7153918288961995,0.31474417107480124,52.895762644770926,0.0,0.31474417107480124
05,pscore_mode,noised_1.0,1008,snips,q_oracle,nan,0.731662497544108,0.7153918288961995,0.31474417107480124,52.895762644770926,0.0,0.31474417107480124
05,pscore_mode,noised_1.0,1008,clipped_ips,q_oracle,1.6048677901213944,0.6355803527180655,0.7153918288961995,0.31474417107480124,52.895762644770926,0.0,0.7387610283954745
05,pscore_mode,noised_1.0,1008,dr,q_oracle,nan,0.7520657668928616,0.7153918288961995,0.31474417107480124,52.895762644770926,0.0,0.31474417107480124
05,pscore_mode,noised_1.0,1008,switch_dr,q_oracle,1.7552643111892794,0.7226418940231186,0.7153918288961995,0.31474417107480124,52.895762644770926,0.0,0.5088261062161403
05,pscore_mode,noised_1.0,1008,dros,q_oracle,2.575600623769128,0.7216399779981881,0.7153918288961995,0.31474417107480124,52.895762644770926,0.0,0.848818218372153
05,pscore_mode,noised_1.0,1008,dm,q_shrink09,nan,0.6941399543912709,0.7153918288961995,0.31474417107480124,52.895762644770926,0.0,nan
05,pscore_mode,noised_1.0,1008,ips,q_shrink09,nan,1.2093300560270757,0.7153918288961995,0.31474417107480124,52.895762644770926,0.0,0.31474417107480124
05,pscore_mode,noised_1.0,1008,snips,q_shrink09,nan,0.731662497544108,0.7153918288961995,0.31474417107480124,52.895762644770926,0.0,0.31474417107480124
05,pscore_mode,noised_1.0,1008,clipped_ips,q_shrink09,1.6048677901213944,0.6355803527180655,0.7153918288961995,0.31474417107480124,52.895762644770926,0.0,0.7387610283954745
05,pscore_mode,noised_1.0,1008,dr,q_shrink09,nan,0.7651495798401577,0.7153918288961995,0.31474417107480124,52.895762644770926,0.0,0.31474417107480124
05,pscore_mode,noised_1.0,1008,switch_dr,q_shrink09,1.7552643111892794,0.7061158461497992,0.7153918288961995,0.31474417107480124,52.895762644770926,0.0,0.5088261062161403
05,pscore_mode,noised_1.0,1008,dros,q_shrink09,2.575600623769128,0.7068958853891024,0.7153918288961995,0.31474417107480124,52.895762644770926,0.0,0.848818218372153
05,pscore_mode,true,1009,dm,q_oracle,nan,0.7141439337447694,0.7153918288961995,0.8214035973554094,2.861524305471142,0.0,nan
05,pscore_mode,true,1009,ips,q_oracle,nan,0.7068495386169857,0.7153918288961995,0.8214035973554094,2.861524305471142,0.0,0.8214035973554094
05,pscore_mode,true,1009,snips,q_oracle,nan,0.7097540782292313,0.7153918288961995,0.8214035973554094,2.861524305471142,0.0,0.8214035973554094
05,pscore_mode,true,1009,clipped_ips,q_oracle,1.5955992622566462,0.6868832058359774,0.7153918288961995,0.8214035973554094,2.861524305471142,0.0,0.8403501291217755
05,pscore_mode,true,1009,dr,q_oracle,nan,0.7107412836930134,0.7153918288961995,0.8214035973554094,2.861524305471142,0.0,0.8214035973554094
05,pscore_mode,true,1009,switch_dr,q_oracle,1.7628842592316296,0.7105972974854526,0.7153918288961995,0.8214035973554094,2.861524305471142,0.0,0.795157732774963
05,pscore_mode,true,1009,dros,q_oracle,2.5459370057139536,0.7118186453448817,0.7153918288961995,0.8214035973554094,2.861524305471142,0.0,0.9349317884570739
05,pscore_mode,true,1009,dm,q_shrink09,nan,0.6927295403702924,0.7153918288961995,0.8214035973554094,2.861524305471142,0.0,nan
05,pscore_mode,true,1009,ips,q_shrink09,nan,0.7068495386169857,0.7153918288961995,0.8214035973554094,2.861524305471142,0.0,0.8214035973554094
05,pscore_mode,true,1009,snips,q_shrink09,nan,0.7097540782292313,0.7153918288961995,0.8214035973554094,2.861524305471142,0.0,0.8214035973554094
05,pscore_mode,true,1009,clipped_ips,q_shrink09,1.5955992622566462,0.6868832058359774,0.7153918288961995,0.8214035973554094,2.861524305471142,0.0,0.8403501291217755
05,pscore_mode,true,1009,dr,q_shrink09,nan,0.7105567251010734,0.7153918288961995,0.8214035973554094,2.861524305471142,0.0,0.8214035973554094
05,pscore_mode,true,1009,switch_dr,q_shrink09,1.7628842592316296,0.7063922020622619,0.7153918288961995,0.8214035973554094,2.861524305471142,0.0,0.795157732774963
05,pscore_mode,true,1009,dros,q_shrink09,2.5459370057139536,0.7007910786628665,0.7153918288961995,0.8214035973554094,2.861524305471142,0.0,0.9349317884570739
05,pscore_mode,estimated,1009,dm,q_oracle,nan,0.7141439337447694,0.7153918288961995,0.8011470176267005,2.96166871474505,0.0,nan
05,pscore_mode,estimated,1009,ips,q_oracle,nan,0.7254302277601354,0.7153918288961995,0.8011470176267005,2.96166871474505,0.0,0.8011470176267005
05,pscore_mode,estimated,1009,snips,q_oracle,nan,0.7140148067643263,0.7153918288961995,0.8011470176267005,2.96166871474505,0.0,0.8011470176267005
05,pscore_mode,estimated,1009,clipped_ips,q_oracle,1.5955992622566462,0.6949115930719728,0.7153918288961995,0.8011470176267005,2.96166871474505,0.0,0.8298315819689774
05,pscore_mode,estimated,1009,dr,q_oracle,nan,0.7105446696622535,0.7153918288961995,0.8011470176267005,2.96166871474505,0.0,0.8011470176267005
05,pscore_mode,estimated,1009,switch_dr,q_oracle,1.7628842592316296,0.7119123273496523,0.7153918288961995,0.8011470176267005,2.96166871474505,0.0,0.7640781105820614
05,pscore_mode,estimated,1009,dros,q_oracle,2.5459370057139536,0.7118643859110085,0.7153918288961995,0.8011470176267005,2.96166871474505,0.0,0.9274534080765962
05,pscore_mode,estimated,1009,dm,q_shrink09,nan,0.6927295403702924,0.7153918288961995,0.8011470176267005,2.96166871474505,0.0,nan
05,pscore_mode,estimated,1009,ips,q_shrink09,nan,0.7254302277601354,0.7153918288961995,0.8011470176267005,2.96166871474505,0.0,0.8011470176267005
05,pscore_mode,estimated,1009,snips,q_shrink09,nan,0.7140148067643263,0.7153918288961995,0.8011470176267005,2.96166871474505,0.0,0.8011470176267005
05,pscore_mode,estimated,1009,clipped_ips,q_shrink09,1.5955992622566462,0.6949115930719728,0.7153918288961995,0.8011470176267005,2.96166871474505,0.0,0.8298315819689774
05,pscore_mode,estimated,1009,dr,q_shrink09,nan,0.7112338428200529,0.7153918288961995,0.8011470176267005,2.96166871474505,0.0,0.8011470176267005
05,pscore_mode,estimated,1009,switch_dr,q_shrink09,1.7628842592316296,0.7069660360759898,0.7153918288961995,0.8011470176267005,2.96166871474505,0.0,0.7640781105820614
05,pscore_mode,estimated,1009,dros,q_shrink09,2.5459370057139536,0.7009762164485626,0.7153918288961995,0.8011470176267005,2.96166871474505,0.0,0.9274534080765962
05,pscore_mode,noised_0.1,1009,dm,q_oracle,nan,0.7141439337447694,0.7153918288961995,0.8133147700354161,3.0413896843239527,0.0,nan
05,pscore_mode,noised_0.1,1009,ips,q_oracle,nan,0.7103255402550548,0.7153918288961995,0.8133147700354161,3.0413896843239527,0.0,0.8133147700354161
05,pscore_mode,noised_0.1,1009,snips,q_oracle,nan,0.7098169845152515,0.7153918288961995,0.8133147700354161,3.0413896843239527,0.0,0.8133147700354161
05,pscore_mode,noised_0.1,1009,clipped_ips,q_oracle,1.5955992622566462,0.6854302962270588,0.7153918288961995,0.8133147700354161,3.0413896843239527,0.0,0.8374873230237488
05,pscore_mode,noised_0.1,1009,dr,q_oracle,nan,0.7107878933092838,0.7153918288961995,0.8133147700354161,3.0413896843239527,0.0,0.8133147700354161
05,pscore_mode,noised_0.1,1009,switch_dr,q_oracle,1.7628842592316296,0.7099217271439744,0.7153918288961995,0.8133147700354161,3.0413896843239527,0.0,0.7848570444648555
05,pscore_mode,noised_0.1,1009,dros,q_oracle,2.5459370057139536,0.7118672810834388,0.7153918288961995,0.8133147700354161,3.0413896843239527,0.0,0.9341713979016997
05,pscore_mode,noised_0.1,1009,dm,q_shrink09,nan,0.6927295403702924,0.7153918288961995,0.8133147700354161,3.0413896843239527,0.0,nan
05,pscore_mode,noised_0.1,1009,ips,q_shrink09,nan,0.7103255402550548,0.7153918288961995,0.8133147700354161,3.0413896843239527,0.0,0.8133147700354161
05,pscore_mode,noised_0.1,1009,snips,q_shrink09,nan,0.7098169845152515,0.7153918288961995,0.8133147700354161,3.0413896843239527,0.0,0.8133147700354161
05,pscore_mode,noised_0.1,1009,clipped_ips,q_shrink09,1.5955992622566462,0.6854302962270588,0.7153918288961995,0.8133147700354161,3.0413896843239527,0.0,0.8374873230237488
05,pscore_mode,noised_0.1,1009,dr,q_shrink09,nan,0.7107058349853296,0.7153918288961995,0.8133147700354161,3.0413896843239527,0.0,0.8133147700354161
05,pscore_mode,noised_0.1,1009,switch_dr,q_shrink09,1.7628842592316296,0.7051147692047771,0.7153918288961995,0.8133147700354161,3.0413896843239527,0.0,0.7848570444648555
05,pscore_mode,noised_0.1,1009,dros,q_shrink09,2.5459370057139536,0.7007706275166411,0.7153918288961995,0.8133147700354161,3.0413896843239527,0.0,0.9341713979016997
05,pscore_mode,noised_0.25,1009,dm,q_oracle,nan,0.7141439337447694,0.7153918288961995,0.7717372557923772,4.130696313875097,0.0,nan
05,pscore_mode,noised_0.25,1009,ips,q_oracle,nan,0.7292107253178608,0.7153918288961995,0.7717372557923772,4.130696313875097,0.0,0.7717372557923772
05,pscore_mode,noised_0.25,1009,snips,q_oracle,nan,0.7099678961219205,0.7153918288961995,0.7717372557923772,4.130696313875097,0.0,0.7717372557923772
05,pscore_mode,noised_0.25,1009,clipped_ips,q_oracle,1.5955992622566462,0.6758764412632964,0.7153918288961995,0.7717372557923772,4.130696313875097,0.0,0.8267167419203603
05,pscore_mode,noised_0.25,1009,dr,q_oracle,nan,0.7108354944492618,0.7153918288961995,0.7717372557923772,4.130696313875097,0.0,0.7717372557923772
05,pscore_mode,noised_0.25,1009,switch_dr,q_oracle,1.7628842592316296,0.711000916321048,0.7153918288961995,0.7717372557923772,4.130696313875097,0.0,0.7366739094876583
05,pscore_mode,noised_0.25,1009,dros,q_oracle,2.5459370057139536,0.7119794739255323,0.7153918288961995,0.7717372557923772,4.130696313875097,0.0,0.9302385395278666
05,pscore_mode,noised_0.25,1009,dm,q_shrink09,nan,0.6927295403702924,0.7153918288961995,0.7717372557923772,4.130696313875097,0.0,nan
05,pscore_mode,noised_0.25,1009,ips,q_shrink09,nan,0.7292107253178608,0.7153918288961995,0.7717372557923772,4.130696313875097,0.0,0.7717372557923772
05,pscore_mode,noised_0.25,1009,snips,q_shrink09,nan,0.7099678961219205,0.7153918288961995,0.7717372557923772,4.130696313875097,0.0,0.7717372557923772
05,pscore_mode,noised_0.25,1009,clipped_ips,q_shrink09,1.5955992622566462,0.6758764412632964,0.7153918288961995,0.7717372557923772,4.130696313875097,0.0,0.8267167419203603
05,pscore_mode,noised_0.25,1009,dr,q_shrink09,nan,0.711317827442242,0.7153918288961995,0.7717372557923772,4.130696313875097,0.0,0.7717372557923772
05,pscore_mode,noised_0.25,1009,switch_dr,q_shrink09,1.7628842592316296,0.7029629948907778,0.7153918288961995,0.7717372557923772,4.130696313875097,0.0,0.7366739094876583
05,pscore_mode,noised_0.25,1009,dros,q_shrink09,2.5459370057139536,0.7005472798303882,0.7153918288961995,0.7717372557923772,4.130696313875097,0.0,0.9302385395278666
05,pscore_mode,noised_0.5,1009,dm,q_oracle,nan,0.7141439337447694,0.7153918288961995,0.6378086226665571,11.018093370620873,0.0,nan
05,pscore_mode,noised_0.5,1009,ips,q_oracle,nan,0.8017163732153519,0.7153918288961995,0.6378086226665571,11.018093370620873,0.0,0.6378086226665571
05,pscore_mode,noised_0.5,1009,snips,q_oracle,nan,0.7105431297015609,0.7153918288961995,0.6378086226665571,11.018093370620873,0.0,0.6378086226665571
05,pscore_mode,noised_0.5,1009,clipped_ips,q_oracle,1.5955992622566462,0.6551759389834028,0.7153918288961995,0.6378086226665571,11.018093370620873,0.0,0.7981932302382394
05,pscore_mode,noised_0.5,1009,dr,q_oracle,nan,0.7110696728766733,0.7153918288961995,0.6378086226665571,11.018093370620873,0.0,0.6378086226665571
05,pscore_mode,noised_0.5,1009,switch_dr,q_oracle,1.7628842592316296,0.7148698157588311,0.7153918288961995,0.6378086226665571,11.018093370620873,0.0,0.6519927050787285
05,pscore_mode,noised_0.5,1009,dros,q_oracle,2.5459370057139536,0.7122088825473027,0.7153918288961995,0.6378086226665571,11.018093370620873,0.0,0.914173443482085
05,pscore_mode,noised_0.5,1009,dm,q_shrink09,nan,0.6927295403702924,0.7153918288961995,0.6378086226665571,11.018093370620873,0.0,nan
05,pscore_mode,noised_0.5,1009,ips,q_shrink09,nan,0.8017163732153519,0.7153918288961995,0.6378086226665571,11.018093370620873,0.0,0.6378086226665571
05,pscore_mode,noised_0.5,1009,snips,q_shrink09,nan,0.7105431297015609,0.7153918288961995,0.6378086226665571,11.018093370620873,0.0,0.6378086226665571
05,pscore_mode,noised_0.5,1009,clipped_ips,q_shrink09,1.5955992622566462,0.6551759389834028,0.7153918288961995,0.6378086226665571,11.018093370620873,0.0,0.7981932302382394
05,pscore_mode,noised_0.5,1009,dr,q_shrink09,nan,0.7137185998189088,0.7153918288961995,0.6378086226665571,11.018093370620873,0.0,0.6378086226665571
05,pscore_mode,noised_0.5,1009,switch_dr,q_shrink09,1.7628842592316296,0.7025923656857336,0.7153918288961995,0.6378086226665571,11.018093370620873,0.0,0.6519927050787285
05,pscore_mode,noised_0.5,1009,dros,q_shrink09,2.5459370057139536,0.6998098049973575,0.7153918288961995,0.6378086226665571,11.018093370620873,0.0,0.914173443482085
05,pscore_mode,noised_1.0,1009,dm,q_oracle,nan,0.7141439337447694,0.7153918288961995,0.28666252096451256,94.441745033131,0.0,nan
05,pscore_mode,noised_1.0,1009,ips,q_oracle,nan,1.1796292692819457,0.7153918288961995,0.28666252096451256,94.441745033131,0.0,0.28666252096451256
05,pscore_mode,noised_1.0,1009,snips,q_oracle,nan,0.7139459224240728,0.7153918288961995,0.28666252096451256,94.441745033131,0.0,0.28666252096451256
05,pscore_mode,noised_1.0,1009,clipped_ips,q_oracle,1.5955992622566462,0.6176251737595511,0.7153918288961995,0.28666252096451256,94.441745033131,0.0,0.7379923648484185
05,pscore_mode,noised_1.0,1009,dr,q_oracle,nan,0.7146251181907322,0.7153918288961995,0.28666252096451256,94.441745033131,0.0,0.28666252096451256
05,pscore_mode,noised_1.0,1009,switch_dr,q_oracle,1.7628842592316296,0.7137279945675524,0.7153918288961995,0.28666252096451256,94.441745033131,0.0,0.5112499472495717
05,pscore_mode,noised_1.0,1009,dros,q_oracle,2.5459370057139536,0.7124509485621452,0.7153918288961995,0.28666252096451256,94.441745033131,0.0,0.8484933450967125
05,pscore_mode,noised_1.0,1009,dm,q_shrink09,nan,0.6927295403702924,0.7153918288961995,0.28666252096451256,94.441745033131,0.0,nan
05,pscore_mode,noised_1.0,1009,ips,q_shrink09,nan,1.1796292692819457,0.7153918288961995,0.28666252096451256,94.441745033131,0.0,0.28666252096451256
05,pscore_mode,noised_1.0,1009,snips,q_shrink09,nan,0.7139459224240728,0.7153918288961995,0.28666252096451256,94.441745033131,0.0,0.28666252096451256
05,pscore_mode,noised_1.0,1009,clipped_ips,q_shrink09,1.5955992622566462,0.6176251737595511,0.7153918288961995,0.28666252096451256,94.441745033131,0.0,0.7379923648484185
05,pscore_mode,noised_1.0,1009,dr,q_shrink09,nan,0.728512184569131,0.7153918288961995,0.28666252096451256,94.441745033131,0.0,0.28666252096451256
05,pscore_mode,noised_1.0,1009,switch_dr,q_shrink09,1.7628842592316296,0.6975753127876152,0.7153918288961995,0.28666252096451256,94.441745033131,0.0,0.5112499472495717
05,pscore_mode,noised_1.0,1009,dros,q_shrink09,2.5459370057139536,0.6979094053783004,0.7153918288961995,0.28666252096451256,94.441745033131,0.0,0.8484933450967125
05,pscore_mode,true,1010,dm,q_oracle,nan,0.7148991685733006,0.7153918288961995,0.8219752977448285,2.722305948491597,0.0,nan
05,pscore_mode,true,1010,ips,q_oracle,nan,0.7130906536758091,0.7153918288961995,0.8219752977448285,2.722305948491597,0.0,0.8219752977448285
05,pscore_mode,true,1010,snips,q_oracle,nan,0.7137813281397027,0.7153918288961995,0.8219752977448285,2.722305948491597,0.0,0.8219752977448285
05,pscore_mode,true,1010,clipped_ips,q_oracle,1.609212082524281,0.6937710062644921,0.7153918288961995,0.8219752977448285,2.722305948491597,0.0,0.840928936286457
05,pscore_mode,true,1010,dr,q_oracle,nan,0.714827660714157,0.7153918288961995,0.8219752977448285,2.722305948491597,0.0,0.8219752977448285
05,pscore_mode,true,1010,switch_dr,q_oracle,1.7802814111562482,0.71737286773287,0.7153918288961995,0.8219752977448285,2.722305948491597,0.0,0.7960452060518932
05,pscore_mode,true,1010,dros,q_oracle,2.5895635265421335,0.7161636242079236,0.7153918288961995,0.8219752977448285,2.722305948491597,0.0,0.9358861049354382
05,pscore_mode,true,1010,dm,q_shrink09,nan,0.6934092517159707,0.7153918288961995,0.8219752977448285,2.722305948491597,0.0,nan
05,pscore_mode,true,1010,ips,q_shrink09,nan,0.7130906536758091,0.7153918288961995,0.8219752977448285,2.722305948491597,0.0,0.8219752977448285
05,pscore_mode,true,1010,snips,q_shrink09,nan,0.7137813281397027,0.7153918288961995,0.8219752977448285,2.722305948491597,0.0,0.8219752977448285
05,pscore_mode,true,1010,clipped_ips,q_shrink09,1.609212082524281,0.6937710062644921,0.7153918288961995,0.8219752977448285,2.722305948491597,0.0,0.840928936286457
05,pscore_mode,true,1010,dr,q_shrink09,nan,0.7147023413868493,0.7153918288961995,0.8219752977448285,2.722305948491597,0.0,0.8219752977448285
05,pscore_mode,true,1010,switch_dr,q_shrink09,1.7802814111562482,0.7132026267574696,0.7153918288961995,0.8219752977448285,2.722305948491597,0.0,0.7960452060518932
05,pscore_mode,true,1010,dros,q_shrink09,2.5895635265421335,0.7052261110380936,0.7153918288961995,0.8219752977448285,2.722305948491597,0.0,0.9358861049354382
05,pscore_mode,estimated,1010,dm,q_oracle,nan,0.7148991685733006,0.7153918288961995,0.8022378328361941,2.982172845890358,0.0,nan
05,pscore_mode,estimated,1010,ips,q_oracle,nan,0.7283511477551646,0.7153918288961995,0.8022378328361941,2.982172845890358,0.0,0.8022378328361941
05,pscore_mode,estimated,1010,snips,q_oracle,nan,0.7175175592418479,0.7153918288961995,0.8022378328361941,2.982172845890358,0.0,0.8022378328361941
05,pscore_mode,estimated,1010,clipped_ips,q_oracle,1.609212082524281,0.6982182104235697,0.7153918288961995,0.8022378328361941,2.982172845890358,0.0,0.8314991702611931
05,pscore_mode,estimated,1010,dr,q_oracle,nan,0.7156982590925536,0.7153918288961995,0.8022378328361941,2.982172845890358,0.0,0.8022378328361941
05,pscore_mode,estimated,1010,switch_dr,q_oracle,1.7802814111562482,0.7166106369858093,0.7153918288961995,0.8022378328361941,2.982172845890358,0.0,0.7682738871593099
05,pscore_mode,estimated,1010,dros,q_oracle,2.5895635265421335,0.7162817168213149,0.7153918288961995,0.8022378328361941,2.982172845890358,0.0,0.9298405393249861
05,pscore_mode,estimated,1010,dm,q_shrink09,nan,0.6934092517159707,0.7153918288961995,0.8022378328361941,2.982172845890358,0.0,nan
05,pscore_mode,estimated,1010,ips,q_shrink09,nan,0.7283511477551646,0.7153918288961995,0.8022378328361941,2.982172845890358,0.0,0.8022378328361941
05,pscore_mode,estimated,1010,snips,q_shrink09,nan,0.7175175592418479,0.7153918288961995,0.8022378328361941,2.982172845890358,0.0,0.8022378328361941
05,pscore_mode,estimated,1010,clipped_ips,q_shrink09,1.609212082524281,0.6982182104235697,0.7153918288961995,0.8022378328361941,2.982172845890358,0.0,0.8314991702611931
05,pscore_mode,estimated,1010,dr,q_shrink09,nan,0.7162086125308398,0.7153918288961995,0.8022378328361941,2.982172845890358,0.0,0.8022378328361941
05,pscore_mode,estimated,1010,switch_dr,q_shrink09,1.7802814111562482,0.7115300060520605,0.7153918288961995,0.8022378328361941,2.982172845890358,0.0,0.7682738871593099
05,pscore_mode,estimated,1010,dros,q_shrink09,2.5895635265421335,0.705404390366606,0.7153918288961995,0.8022378328361941,2.982172845890358,0.0,0.9298405393249861
05,pscore_mode,noised_0.1,1010,dm,q_oracle,nan,0.7148991685733006,0.7153918288961995,0.8133665281038152,3.388797625161643,0.0,nan
05,pscore_mode,noised_0.1,1010,ips,q_oracle,nan,0.7147959226535487,0.7153918288961995,0.8133665281038152,3.388797625161643,0.0,0.8133665281038152
05,pscore_mode,noised_0.1,1010,snips,q_oracle,nan,0.7133170593517255,0.7153918288961995,0.8133665281038152,3.388797625161643,0.0,0.8133665281038152
05,pscore_mode,noised_0.1,1010,clipped_ips,q_oracle,1.609212082524281,0.6906422492238143,0.7153918288961995,0.8133665281038152,3.388797625161643,0.0,0.8381112763041836
05,pscore_mode,noised_0.1,1010,dr,q_oracle,nan,0.714195614172426,0.7153918288961995,0.8133665281038152,3.388797625161643,0.0,0.8133665281038152
05,pscore_mode,noised_0.1,1010,switch_dr,q_oracle,1.7802814111562482,0.7146916365167654,0.7153918288961995,0.8133665281038152,3.388797625161643,0.0,0.7880215247897677
05,pscore_mode,noised_0.1,1010,dros,q_oracle,2.5895635265421335,0.7159604113401579,0.7153918288961995,0.8133665281038152,3.388797625161643,0.0,0.9345490374673922
05,pscore_mode,noised_0.1,1010,dm,q_shrink09,nan,0.6934092517159707,0.7153918288961995,0.8133665281038152,3.388797625161643,0.0,nan
05,pscore_mode,noised_0.1,1010,ips,q_shrink09,nan,0.7147959226535487,0.7153918288961995,0.8133665281038152,3.388797625161643,0.0,0.8133665281038152
05,pscore_mode,noised_0.1,1010,snips,q_shrink09,nan,0.7133170593517255,0.7153918288961995,0.8133665281038152,3.388797625161643,0.0,0.8133665281038152
05,pscore_mode,noised_0.1,1010,clipped_ips,q_shrink09,1.609212082524281,0.6906422492238143,0.7153918288961995,0.8133665281038152,3.388797625161643,0.0,0.8381112763041836
05,pscore_mode,noised_0.1,1010,dr,q_shrink09,nan,0.7141519840129658,0.7153918288961995,0.8133665281038152,3.388797625161643,0.0,0.8133665281038152
05,pscore_mode,noised_0.1,1010,switch_dr,q_shrink09,1.7802814111562482,0.7100509315207857,0.7153918288961995,0.8133665281038152,3.388797625161643,0.0,0.7880215247897677
05,pscore_mode,noised_0.1,1010,dros,q_shrink09,2.5895635265421335,0.7049693560234226,0.7153918288961995,0.8133665281038152,3.388797625161643,0.0,0.9345490374673922
05,pscore_mode,noised_0.25,1010,dm,q_oracle,nan,0.7148991685733006,0.7153918288961995,0.77061106133855,4.919678518460199,0.0,nan
05,pscore_mode,noised_0.25,1010,ips,q_oracle,nan,0.7308843878058394,0.7153918288961995,0.77061106133855,4.919678518460199,0.0,0.77061106133855
05,pscore_mode,noised_0.25,1010,snips,q_oracle,nan,0.712693747751878,0.7153918288961995,0.77061106133855,4.919678518460199,0.0,0.77061106133855
05,pscore_mode,noised_0.25,1010,clipped_ips,q_oracle,1.609212082524281,0.6811726889368177,0.7153918288961995,0.77061106133855,4.919678518460199,0.0,0.8267560080845656
05,pscore_mode,noised_0.25,1010,dr,q_oracle,nan,0.7132832771615056,0.7153918288961995,0.77061106133855,4.919678518460199,0.0,0.77061106133855
05,pscore_mode,noised_0.25,1010,switch_dr,q_oracle,1.7802814111562482,0.7175966099174262,0.7153918288961995,0.77061106133855,4.919678518460199,0.0,0.7451482364564641
05,pscore_mode,noised_0.25,1010,dros,q_oracle,2.5895635265421335,0.7156633988084162,0.7153918288961995,0.77061106133855,4.919678518460199,0.0,0.9295838510300526
05,pscore_mode,noised_0.25,1010,dm,q_shrink09,nan,0.6934092517159707,0.7153918288961995,0.77061106133855,4.919678518460199,0.0,nan
05,pscore_mode,noised_0.25,1010,ips,q_shrink09,nan,0.7308843878058394,0.7153918288961995,0.77061106133855,4.919678518460199,0.0,0.77061106133855
05,pscore_mode,noised_0.25,1010,snips,q_shrink09,nan,0.712693747751878,0.7153918288961995,0.77061106133855,4.919678518460199,0.0,0.77061106133855
05,pscore_mode,noised_0.25,1010,clipped_ips,q_shrink09,1.609212082524281,0.6811726889368177,0.7153918288961995,0.77061106133855,4.919678518460199,0.0,0.8267560080845656
05,pscore_mode,noised_0.25,1010,dr,q_shrink09,nan,0.7137671991116568,0.7153918288961995,0.77061106133855,4.919678518460199,0.0,0.77061106133855
05,pscore_mode,noised_0.25,1010,switch_dr,q_shrink09,1.7802814111562482,0.7101603170664378,0.7153918288961995,0.77061106133855,4.919678518460199,0.0,0.7451482364564641
05,pscore_mode,noised_0.25,1010,dros,q_shrink09,2.5895635265421335,0.7043666985419386,0.7153918288961995,0.77061106133855,4.919678518460199,0.0,0.9295838510300526
05,pscore_mode,noised_0.5,1010,dm,q_oracle,nan,0.7148991685733006,0.7153918288961995,0.6353841243590519,9.157042037427003,0.0,nan
05,pscore_mode,noised_0.5,1010,ips,q_oracle,nan,0.7974109194015875,0.7153918288961995,0.6353841243590519,9.157042037427003,0.0,0.6353841243590519
05,pscore_mode,noised_0.5,1010,snips,q_oracle,nan,0.711891848297022,0.7153918288961995,0.6353841243590519,9.157042037427003,0.0,0.6353841243590519
05,pscore_mode,noised_0.5,1010,clipped_ips,q_oracle,1.609212082524281,0.6602043300139344,0.7153918288961995,0.6353841243590519,9.157042037427003,0.0,0.7970220104813688
05,pscore_mode,noised_0.5,1010,dr,q_oracle,nan,0.7117233955740367,0.7153918288961995,0.6353841243590519,9.157042037427003,0.0,0.6353841243590519
05,pscore_mode,noised_0.5,1010,switch_dr,q_oracle,1.7802814111562482,0.7132181930254299,0.7153918288961995,0.6353841243590519,9.157042037427003,0.0,0.6603817455614246
05,pscore_mode,noised_0.5,1010,dros,q_oracle,2.5895635265421335,0.715210061297739,0.7153918288961995,0.6353841243590519,9.157042037427003,0.0,0.9117469507212378
05,pscore_mode,noised_0.5,1010,dm,q_shrink09,nan,0.6934092517159707,0.7153918288961995,0.6353841243590519,9.157042037427003,0.0,nan
05,pscore_mode,noised_0.5,1010,ips,q_shrink09,nan,0.7974109194015875,0.7153918288961995,0.6353841243590519,9.157042037427003,0.0,0.6353841243590519
05,pscore_mode,noised_0.5,1010,snips,q_shrink09,nan,0.711891848297022,0.7153918288961995,0.6353841243590519,9.157042037427003,0.0,0.6353841243590519
05,pscore_mode,noised_0.5,1010,clipped_ips,q_shrink09,1.609212082524281,0.6602043300139344,0.7153918288961995,0.6353841243590519,9.157042037427003,0.0,0.7970220104813688
05,pscore_mode,noised_0.5,1010,dr,q_shrink09,nan,0.7142856828378877,0.7153918288961995,0.6353841243590519,9.157042037427003,0.0,0.6353841243590519
05,pscore_mode,noised_0.5,1010,switch_dr,q_shrink09,1.7802814111562482,0.7015738138712784,0.7153918288961995,0.6353841243590519,9.157042037427003,0.0,0.6603817455614246
05,pscore_mode,noised_0.5,1010,dros,q_shrink09,2.5895635265421335,0.7030002181793022,0.7153918288961995,0.6353841243590519,9.157042037427003,0.0,0.9117469507212378
05,pscore_mode,noised_1.0,1010,dm,q_oracle,nan,0.7148991685733006,0.7153918288961995,0.3034137797712825,40.885240281751145,0.0,nan
05,pscore_mode,noised_1.0,1010,ips,q_oracle,nan,1.1472628403188843,0.7153918288961995,0.3034137797712825,40.885240281751145,0.0,0.3034137797712825
05,pscore_mode,noised_1.0,1010,snips,q_oracle,nan,0.7119039792193655,0.7153918288961995,0.3034137797712825,40.885240281751145,0.0,0.3034137797712825
05,pscore_mode,noised_1.0,1010,clipped_ips,q_oracle,1.609212082524281,0.6213306594586888,0.7153918288961995,0.3034137797712825,40.885240281751145,0.0,0.7349143557726909
05,pscore_mode,noised_1.0,1010,dr,q_oracle,nan,0.7083038625892346,0.7153918288961995,0.3034137797712825,40.885240281751145,0.0,0.3034137797712825
05,pscore_mode,noised_1.0,1010,switch_dr,q_oracle,1.7802814111562482,0.7151300825130454,0.7153918288961995,0.3034137797712825,40.885240281751145,0.0,0.514208679513223
05,pscore_mode,noised_1.0,1010,dros,q_oracle,2.5895635265421335,0.7147607913186459,0.7153918288961995,0.3034137797712825,40.885240281751145,0.0,0.8462267082333792
05,pscore_mode,noised_1.0,1010,dm,q_shrink09,nan,0.6934092517159707,0.7153918288961995,0.3034137797712825,40.885240281751145,0.0,nan
05,pscore_mode,noised_1.0,1010,ips,q_shrink09,nan,1.1472628403188843,0.7153918288961995,0.3034137797712825,40.885240281751145,0.0,0.3034137797712825
05,pscore_mode,noised_1.0,1010,snips,q_shrink09,nan,0.7119039792193655,0.7153918288961995,0.3034137797712825,40.885240281751145,0.0,0.3034137797712825
05,pscore_mode,noised_1.0,1010,clipped_ips,q_shrink09,1.609212082524281,0.6213306594586888,0.7153918288961995,0.3034137797712825,40.885240281751145,0.0,0.7349143557726909
05,pscore_mode,noised_1.0,1010,dr,q_shrink09,nan,0.7216226829888642,0.7153918288961995,0.3034137797712825,40.885240281751145,0.0,0.3034137797712825
05,pscore_mode,noised_1.0,1010,switch_dr,q_shrink09,1.7802814111562482,0.6992399305484657,0.7153918288961995,0.3034137797712825,40.885240281751145,0.0,0.514208679513223
05,pscore_mode,noised_1.0,1010,dros,q_shrink09,2.5895635265421335,0.7004648261092924,0.7153918288961995,0.3034137797712825,40.885240281751145,0.0,0.8462267082333792
05,pscore_mode,true,1011,dm,q_oracle,nan,0.7165339139740672,0.7153918288961995,0.8237656048942888,2.6094035360603445,0.0,nan
05,pscore_mode,true,1011,ips,q_oracle,nan,0.7109609153309114,0.7153918288961995,0.8237656048942888,2.6094035360603445,0.0,0.8237656048942888
05,pscore_mode,true,1011,snips,q_oracle,nan,0.712042419138169,0.7153918288961995,0.8237656048942888,2.6094035360603445,0.0,0.8237656048942888
05,pscore_mode,true,1011,clipped_ips,q_oracle,1.601722464585634,0.6926728116762204,0.7153918288961995,0.8237656048942888,2.6094035360603445,0.0,0.8420914401795029
05,pscore_mode,true,1011,dr,q_oracle,nan,0.712317934110236,0.7153918288961995,0.8237656048942888,2.6094035360603445,0.0,0.8237656048942888
05,pscore_mode,true,1011,switch_dr,q_oracle,1.774841434193752,0.718359438847886,0.7153918288961995,0.8237656048942888,2.6094035360603445,0.0,0.7969546993613507
05,pscore_mode,true,1011,dros,q_oracle,2.5655148535582777,0.7148752635751693,0.7153918288961995,0.8237656048942888,2.6094035360603445,0.0,0.9363122144952746
05,pscore_mode,true,1011,dm,q_shrink09,nan,0.6948805225766604,0.7153918288961995,0.8237656048942888,2.6094035360603445,0.0,nan
05,pscore_mode,true,1011,ips,q_shrink09,nan,0.7109609153309114,0.7153918288961995,0.8237656048942888,2.6094035360603445,0.0,0.8237656048942888
05,pscore_mode,true,1011,snips,q_shrink09,nan,0.712042419138169,0.7153918288961995,0.8237656048942888,2.6094035360603445,0.0,0.8237656048942888
05,pscore_mode,true,1011,clipped_ips,q_shrink09,1.601722464585634,0.6926728116762204,0.7153918288961995,0.8237656048942888,2.6094035360603445,0.0,0.8420914401795029
05,pscore_mode,true,1011,dr,q_shrink09,nan,0.7122581760088391,0.7153918288961995,0.8237656048942888,2.6094035360603445,0.0,0.8237656048942888
05,pscore_mode,true,1011,switch_dr,q_shrink09,1.774841434193752,0.7142857553383459,0.7153918288961995,0.8237656048942888,2.6094035360603445,0.0,0.7969546993613507
05,pscore_mode,true,1011,dros,q_shrink09,2.5655148535582777,0.7039072867892249,0.7153918288961995,0.8237656048942888,2.6094035360603445,0.0,0.9363122144952746
05,pscore_mode,estimated,1011,dm,q_oracle,nan,0.7165339139740672,0.7153918288961995,0.8048411693548303,3.1567549772414605,0.0,nan
05,pscore_mode,estimated,1011,ips,q_oracle,nan,0.7249785845623137,0.7153918288961995,0.8048411693548303,3.1567549772414605,0.0,0.8048411693548303
05,pscore_mode,estimated,1011,snips,q_oracle,nan,0.7147002678363034,0.7153918288961995,0.8048411693548303,3.1567549772414605,0.0,0.8048411693548303
05,pscore_mode,estimated,1011,clipped_ips,q_oracle,1.601722464585634,0.696856679085784,0.7153918288961995,0.8048411693548303,3.1567549772414605,0.0,0.8334764707411767
05,pscore_mode,estimated,1011,dr,q_oracle,nan,0.7120384454639908,0.7153918288961995,0.8048411693548303,3.1567549772414605,0.0,0.8048411693548303
05,pscore_mode,estimated,1011,switch_dr,q_oracle,1.774841434193752,0.7177242823531823,0.7153918288961995,0.8048411693548303,3.1567549772414605,0.0,0.7723548122775008
05,pscore_mode,estimated,1011,dros,q_oracle,2.5655148535582777,0.7149857765657134,0.7153918288961995,0.8048411693548303,3.1567549772414605,0.0,0.9307910921836806
05,pscore_mode,estimated,1011,dm,q_shrink09,nan,0.6948805225766604,0.7153918288961995,0.8048411693548303,3.1567549772414605,0.0,nan
05,pscore_mode,estimated,1011,ips,q_shrink09,nan,0.7249785845623137,0.7153918288961995,0.8048411693548303,3.1567549772414605,0.0,0.8048411693548303
05,pscore_mode,estimated,1011,snips,q_shrink09,nan,0.7147002678363034,0.7153918288961995,0.8048411693548303,3.1567549772414605,0.0,0.8048411693548303
05,pscore_mode,estimated,1011,clipped_ips,q_shrink09,1.601722464585634,0.696856679085784,0.7153918288961995,0.8048411693548303,3.1567549772414605,0.0,0.8334764707411767
05,pscore_mode,estimated,1011,dr,q_shrink09,nan,0.7126133945302399,0.7153918288961995,0.8048411693548303,3.1567549772414605,0.0,0.8048411693548303
05,pscore_mode,estimated,1011,switch_dr,q_shrink09,1.774841434193752,0.7130493293466212,0.7153918288961995,0.8048411693548303,3.1567549772414605,0.0,0.7723548122775008
05,pscore_mode,estimated,1011,dros,q_shrink09,2.5655148535582777,0.7041101371803284,0.7153918288961995,0.8048411693548303,3.1567549772414605,0.0,0.9307910921836806
05,pscore_mode,noised_0.1,1011,dm,q_oracle,nan,0.7165339139740672,0.7153918288961995,0.8164155517517413,2.917757486711538,0.0,nan
05,pscore_mode,noised_0.1,1011,ips,q_oracle,nan,0.7127007743037748,0.7153918288961995,0.8164155517517413,2.917757486711538,0.0,0.8164155517517413
05,pscore_mode,noised_0.1,1011,snips,q_oracle,nan,0.7109969658169139,0.7153918288961995,0.8164155517517413,2.917757486711538,0.0,0.8164155517517413
05,pscore_mode,noised_0.1,1011,clipped_ips,q_oracle,1.601722464585634,0.6893594379574689,0.7153918288961995,0.8164155517517413,2.917757486711538,0.0,0.8404609183086815
05,pscore_mode,noised_0.1,1011,dr,q_oracle,nan,0.7117850117170097,0.7153918288961995,0.8164155517517413,2.917757486711538,0.0,0.8164155517517413
05,pscore_mode,noised_0.1,1011,switch_dr,q_oracle,1.774841434193752,0.717314686996459,0.7153918288961995,0.8164155517517413,2.917757486711538,0.0,0.7883106064188437
05,pscore_mode,noised_0.1,1011,dros,q_oracle,2.5655148535582777,0.7148821072699799,0.7153918288961995,0.8164155517517413,2.917757486711538,0.0,0.9360021986957223
05,pscore_mode,noised_0.1,1011,dm,q_shrink09,nan,0.6948805225766604,0.7153918288961995,0.8164155517517413,2.917757486711538,0.0,nan
05,pscore_mode,noised_0.1,1011,ips,q_shrink09,nan,0.7127007743037748,0.7153918288961995,0.8164155517517413,2.917757486711538,0.0,0.8164155517517413
05,pscore_mode,noised_0.1,1011,snips,q_shrink09,nan,0.7109969658169139,0.7153918288961995,0.8164155517517413,2.917757486711538,0.0,0.8164155517517413
05,pscore_mode,noised_0.1,1011,clipped_ips,q_shrink09,1.601722464585634,0.6893594379574689,0.7153918288961995,0.8164155517517413,2.917757486711538,0.0,0.8404609183086815
05,pscore_mode,noised_0.1,1011,dr,q_shrink09,nan,0.7117567697086065,0.7153918288961995,0.8164155517517413,2.917757486711538,0.0,0.8164155517517413
05,pscore_mode,noised_0.1,1011,switch_dr,q_shrink09,1.774841434193752,0.7126074021245128,0.7153918288961995,0.8164155517517413,2.917757486711538,0.0,0.7883106064188437
05,pscore_mode,noised_0.1,1011,dros,q_shrink09,2.5655148535582777,0.7038301144384713,0.7153918288961995,0.8164155517517413,2.917757486711538,0.0,0.9360021986957223
05,pscore_mode,noised_0.25,1011,dm,q_oracle,nan,0.7165339139740672,0.7153918288961995,0.7756510368303079,4.13393674063474,0.0,nan
05,pscore_mode,noised_0.25,1011,ips,q_oracle,nan,0.7285144878812987,0.7153918288961995,0.7756510368303079,4.13393674063474,0.0,0.7756510368303079
05,pscore_mode,noised_0.25,1011,snips,q_oracle,nan,0.7090719329652437,0.7153918288961995,0.7756510368303079,4.13393674063474,0.0,0.7756510368303079
05,pscore_mode,noised_0.25,1011,clipped_ips,q_oracle,1.601722464585634,0.6793134237075131,0.7153918288961995,0.7756510368303079,4.13393674063474,0.0,0.830526774768213
05,pscore_mode,noised_0.25,1011,dr,q_oracle,nan,0.7105696581027244,0.7153918288961995,0.7756510368303079,4.13393674063474,0.0,0.7756510368303079
05,pscore_mode,noised_0.25,1011,switch_dr,q_oracle,1.774841434193752,0.717557044473799,0.7153918288961995,0.7756510368303079,4.13393674063474,0.0,0.7458565603651569
05,pscore_mode,noised_0.25,1011,dros,q_oracle,2.5655148535582777,0.7150826251474959,0.7153918288961995,0.7756510368303079,4.13393674063474,0.0,0.9324450767757826
05,pscore_mode,noised_0.25,1011,dm,q_shrink09,nan,0.6948805225766604,0.7153918288961995,0.7756510368303079,4.13393674063474,0.0,nan
05,pscore_mode,noised_0.25,1011,ips,q_shrink09,nan,0.7285144878812987,0.7153918288961995,0.7756510368303079,4.13393674063474,0.0,0.7756510368303079
05,pscore_mode,noised_0.25,1011,snips,q_shrink09,nan,0.7090719329652437,0.7153918288961995,0.7756510368303079,4.13393674063474,0.0,0.7756510368303079
05,pscore_mode,noised_0.25,1011,clipped_ips,q_shrink09,1.601722464585634,0.6793134237075131,0.7153918288961995,0.7756510368303079,4.13393674063474,0.0,0.830526774768213
05,pscore_mode,noised_0.25,1011,dr,q_shrink09,nan,0.7109931550062388,0.7153918288961995,0.7756510368303079,4.13393674063474,0.0,0.7756510368303079
05,pscore_mode,noised_0.25,1011,switch_dr,q_shrink09,1.774841434193752,0.7098603809653287,0.7153918288961995,0.7756510368303079,4.13393674063474,0.0,0.7458565603651569
05,pscore_mode,noised_0.25,1011,dros,q_shrink09,2.5655148535582777,0.703676032274881,0.7153918288961995,0.7756510368303079,4.13393674063474,0.0,0.9324450767757826
05,pscore_mode,noised_0.5,1011,dm,q_oracle,nan,0.7165339139740672,0.7153918288961995,0.6437133259210501,8.20281104139129,0.0,nan
05,pscore_mode,noised_0.5,1011,ips,q_oracle,nan,0.7936238476612952,0.7153918288961995,0.6437133259210501,8.20281104139129,0.0,0.6437133259210501
05,pscore_mode,noised_0.5,1011,snips,q_oracle,nan,0.7049755819663224,0.7153918288961995,0.6437133259210501,8.20281104139129,0.0,0.6437133259210501
05,pscore_mode,noised_0.5,1011,clipped_ips,q_oracle,1.601722464585634,0.6581914044353423,0.7153918288961995,0.6437133259210501,8.20281104139129,0.0,0.8026458475147037
05,pscore_mode,noised_0.5,1011,dr,q_oracle,nan,0.7071998059473444,0.7153918288961995,0.6437133259210501,8.20281104139129,0.0,0.6437133259210501
05,pscore_mode,noised_0.5,1011,switch_dr,q_oracle,1.774841434193752,0.7216176562984711,0.7153918288961995,0.6437133259210501,8.20281104139129,0.0,0.6629678403377413
05,pscore_mode,noised_0.5,1011,dros,q_oracle,2.5655148535582777,0.7157965760334887,0.7153918288961995,0.6437133259210501,8.20281104139129,0.0,0.9164199225221881
05,pscore_mode,noised_0.5,1011,dm,q_shrink09,nan,0.6948805225766604,0.7153918288961995,0.6437133259210501,8.20281104139129,0.0,nan
05,pscore_mode,noised_0.5,1011,ips,q_shrink09,nan,0.7936238476612952,0.7153918288961995,0.6437133259210501,8.20281104139129,0.0,0.6437133259210501
05,pscore_mode,noised_0.5,1011,snips,q_shrink09,nan,0.7049755819663224,0.7153918288961995,0.6437133259210501,8.20281104139129,0.0,0.6437133259210501
05,pscore_mode,noised_0.5,1011,clipped_ips,q_shrink09,1.601722464585634,0.6581914044353423,0.7153918288961995,0.6437133259210501,8.20281104139129,0.0,0.8026458475147037
05,pscore_mode,noised_0.5,1011,dr,q_shrink09,nan,0.7095548813117108,0.7153918288961995,0.6437133259210501,8.20281104139129,0.0,0.6437133259210501
05,pscore_mode,noised_0.5,1011,switch_dr,q_shrink09,1.774841434193752,0.7096942319254148,0.7153918288961995,0.6437133259210501,8.20281104139129,0.0,0.6629678403377413
05,pscore_mode,noised_0.5,1011,dros,q_shrink09,2.5655148535582777,0.7034058257182091,0.7153918288961995,0.6437133259210501,8.20281104139129,0.0,0.9164199225221881
05,pscore_mode,noised_1.0,1011,dm,q_oracle,nan,0.7165339139740672,0.7153918288961995,0.31242382917326317,44.791313556567665,0.0,nan
05,pscore_mode,noised_1.0,1011,ips,q_oracle,nan,1.1348192141513,0.7153918288961995,0.31242382917326317,44.791313556567665,0.0,0.31242382917326317
05,pscore_mode,noised_1.0,1011,snips,q_oracle,nan,0.6940639906769959,0.7153918288961995,0.31242382917326317,44.791313556567665,0.0,0.31242382917326317
05,pscore_mode,noised_1.0,1011,clipped_ips,q_oracle,1.601722464585634,0.6204912154447944,0.7153918288961995,0.31242382917326317,44.791313556567665,0.0,0.7419534811447965
05,pscore_mode,noised_1.0,1011,dr,q_oracle,nan,0.691467655763695,0.7153918288961995,0.31242382917326317,44.791313556567665,0.0,0.31242382917326317
05,pscore_mode,noised_1.0,1011,switch_dr,q_oracle,1.774841434193752,0.7179641882896179,0.7153918288961995,0.31242382917326317,44.791313556567665,0.0,0.5180842096346049
05,pscore_mode,noised_1.0,1011,dros,q_oracle,2.5655148535582777,0.7171200617828961,0.7153918288961995,0.31242382917326317,44.791313556567665,0.0,0.8522300462230825
05,pscore_mode,noised_1.0,1011,dm,q_shrink09,nan,0.6948805225766604,0.7153918288961995,0.31242382917326317,44.791313556567665,0.0,nan
05,pscore_mode,noised_1.0,1011,ips,q_shrink09,nan,1.1348192141513,0.7153918288961995,0.31242382917326317,44.791313556567665,0.0,0.31242382917326317
05,pscore_mode,noised_1.0,1011,snips,q_shrink09,nan,0.6940639906769959,0.7153918288961995,0.31242382917326317,44.791313556567665,0.0,0.31242382917326317
05,pscore_mode,noised_1.0,1011,clipped_ips,q_shrink09,1.601722464585634,0.6204912154447944,0.7153918288961995,0.31242382917326317,44.791313556567665,0.0,0.7419534811447965
05,pscore_mode,noised_1.0,1011,dr,q_shrink09,nan,0.7040510401955864,0.7153918288961995,0.31242382917326317,44.791313556567665,0.0,0.31242382917326317
05,pscore_mode,noised_1.0,1011,switch_dr,q_shrink09,1.774841434193752,0.7019357869588636,0.7153918288961995,0.31242382917326317,44.791313556567665,0.0,0.5180842096346049
05,pscore_mode,noised_1.0,1011,dros,q_shrink09,2.5655148535582777,0.7025903609421112,0.7153918288961995,0.31242382917326317,44.791313556567665,0.0,0.8522300462230825
05,pscore_mode,true,1012,dm,q_oracle,nan,0.7160996246139036,0.7153918288961995,0.8243721421584426,2.8002006371836776,0.0,nan
05,pscore_mode,true,1012,ips,q_oracle,nan,0.7324041185555817,0.7153918288961995,0.8243721421584426,2.8002006371836776,0.0,0.8243721421584426
05,pscore_mode,true,1012,snips,q_oracle,nan,0.7279127302929711,0.7153918288961995,0.8243721421584426,2.8002006371836776,0.0,0.8243721421584426
05,pscore_mode,true,1012,clipped_ips,q_oracle,1.6183797164497615,0.7133326621414833,0.7153918288961995,0.8243721421584426,2.8002006371836776,0.0,0.8421373958081877
05,pscore_mode,true,1012,dr,q_oracle,nan,0.7260804249867524,0.7153918288961995,0.8243721421584426,2.8002006371836776,0.0,0.8243721421584426
05,pscore_mode,true,1012,switch_dr,q_oracle,1.7701411328278225,0.725180846062722,0.7153918288961995,0.8243721421584426,2.8002006371836776,0.0,0.7974482965998347
05,pscore_mode,true,1012,dros,q_oracle,2.6191529066160104,0.7221871096418249,0.7153918288961995,0.8243721421584426,2.8002006371836776,0.0,0.9358107178665361
05,pscore_mode,true,1012,dm,q_shrink09,nan,0.6944896621525134,0.7153918288961995,0.8243721421584426,2.8002006371836776,0.0,nan
05,pscore_mode,true,1012,ips,q_shrink09,nan,0.7324041185555817,0.7153918288961995,0.8243721421584426,2.8002006371836776,0.0,0.8243721421584426
05,pscore_mode,true,1012,snips,q_shrink09,nan,0.7279127302929711,0.7153918288961995,0.8243721421584426,2.8002006371836776,0.0,0.8243721421584426
05,pscore_mode,true,1012,clipped_ips,q_shrink09,1.6183797164497615,0.7133326621414833,0.7153918288961995,0.8243721421584426,2.8002006371836776,0.0,0.8421373958081877
05,pscore_mode,true,1012,dr,q_shrink09,nan,0.7264042828919397,0.7153918288961995,0.8243721421584426,2.8002006371836776,0.0,0.8243721421584426
05,pscore_mode,true,1012,switch_dr,q_shrink09,1.7701411328278225,0.72145924747379,0.7153918288961995,0.8243721421584426,2.8002006371836776,0.0,0.7974482965998347
05,pscore_mode,true,1012,dros,q_shrink09,2.6191529066160104,0.7115403577271739,0.7153918288961995,0.8243721421584426,2.8002006371836776,0.0,0.9358107178665361
05,pscore_mode,estimated,1012,dm,q_oracle,nan,0.7160996246139036,0.7153918288961995,0.8110194857660981,3.000136782929754,0.0,nan
05,pscore_mode,estimated,1012,ips,q_oracle,nan,0.7415450048381713,0.7153918288961995,0.8110194857660981,3.000136782929754,0.0,0.8110194857660981
05,pscore_mode,estimated,1012,snips,q_oracle,nan,0.729046144904017,0.7153918288961995,0.8110194857660981,3.000136782929754,0.0,0.8110194857660981
05,pscore_mode,estimated,1012,clipped_ips,q_oracle,1.6183797164497615,0.7147178744488996,0.7153918288961995,0.8110194857660981,3.000136782929754,0.0,0.8372549911044483
05,pscore_mode,estimated,1012,dr,q_oracle,nan,0.7265987577247551,0.7153918288961995,0.8110194857660981,3.000136782929754,0.0,0.8110194857660981
05,pscore_mode,estimated,1012,switch_dr,q_oracle,1.7701411328278225,0.7278821014808681,0.7153918288961995,0.8110194857660981,3.000136782929754,0.0,0.778714392947675
05,pscore_mode,estimated,1012,dros,q_oracle,2.6191529066160104,0.7221297645851182,0.7153918288961995,0.8110194857660981,3.000136782929754,0.0,0.932176657463302
05,pscore_mode,estimated,1012,dm,q_shrink09,nan,0.6944896621525134,0.7153918288961995,0.8110194857660981,3.000136782929754,0.0,nan
05,pscore_mode,estimated,1012,ips,q_shrink09,nan,0.7415450048381713,0.7153918288961995,0.8110194857660981,3.000136782929754,0.0,0.8110194857660981
05,pscore_mode,estimated,1012,snips,q_shrink09,nan,0.729046144904017,0.7153918288961995,0.8110194857660981,3.000136782929754,0.0,0.8110194857660981
05,pscore_mode,estimated,1012,clipped_ips,q_shrink09,1.6183797164497615,0.7147178744488996,0.7153918288961995,0.8110194857660981,3.000136782929754,0.0,0.8372549911044483
05,pscore_mode,estimated,1012,dr,q_shrink09,nan,0.7272361760698386,0.7153918288961995,0.8110194857660981,3.000136782929754,0.0,0.8110194857660981
05,pscore_mode,estimated,1012,switch_dr,q_shrink09,1.7701411328278225,0.7233937904400726,0.7153918288961995,0.8110194857660981,3.000136782929754,0.0,0.778714392947675
05,pscore_mode,estimated,1012,dros,q_shrink09,2.6191529066160104,0.7115272013293135,0.7153918288961995,0.8110194857660981,3.000136782929754,0.0,0.932176657463302
05,pscore_mode,noised_0.1,1012,dm,q_oracle,nan,0.7160996246139036,0.7153918288961995,0.8160204093658329,3.0516078429369355,0.0,nan
05,pscore_mode,noised_0.1,1012,ips,q_oracle,nan,0.7373843246614808,0.7153918288961995,0.8160204093658329,3.0516078429369355,0.0,0.8160204093658329
05,pscore_mode,noised_0.1,1012,snips,q_oracle,nan,0.7284586407291591,0.7153918288961995,0.8160204093658329,3.0516078429369355,0.0,0.8160204093658329
05,pscore_mode,noised_0.1,1012,clipped_ips,q_oracle,1.6183797164497615,0.7125044776213787,0.7153918288961995,0.8160204093658329,3.0516078429369355,0.0,0.8394607999696128
05,pscore_mode,noised_0.1,1012,dr,q_oracle,nan,0.7265071323719623,0.7153918288961995,0.8160204093658329,3.0516078429369355,0.0,0.8160204093658329
05,pscore_mode,noised_0.1,1012,switch_dr,q_oracle,1.7701411328278225,0.7237078775670243,0.7153918288961995,0.8160204093658329,3.0516078429369355,0.0,0.7841072550051438
05,pscore_mode,noised_0.1,1012,dros,q_oracle,2.6191529066160104,0.7222597509934181,0.7153918288961995,0.8160204093658329,3.0516078429369355,0.0,0.9347941087672446
05,pscore_mode,noised_0.1,1012,dm,q_shrink09,nan,0.6944896621525134,0.7153918288961995,0.8160204093658329,3.0516078429369355,0.0,nan
05,pscore_mode,noised_0.1,1012,ips,q_shrink09,nan,0.7373843246614808,0.7153918288961995,0.8160204093658329,3.0516078429369355,0.0,0.8160204093658329
05,pscore_mode,noised_0.1,1012,snips,q_shrink09,nan,0.7284586407291591,0.7153918288961995,0.8160204093658329,3.0516078429369355,0.0,0.8160204093658329
05,pscore_mode,noised_0.1,1012,clipped_ips,q_shrink09,1.6183797164497615,0.7125044776213787,0.7153918288961995,0.8160204093658329,3.0516078429369355,0.0,0.8394607999696128
05,pscore_mode,noised_0.1,1012,dr,q_shrink09,nan,0.7269822098232432,0.7153918288961995,0.8160204093658329,3.0516078429369355,0.0,0.8160204093658329
05,pscore_mode,noised_0.1,1012,switch_dr,q_shrink09,1.7701411328278225,0.7189504158407015,0.7153918288961995,0.8160204093658329,3.0516078429369355,0.0,0.7841072550051438
05,pscore_mode,noised_0.1,1012,dros,q_shrink09,2.6191529066160104,0.7115531068688156,0.7153918288961995,0.8160204093658329,3.0516078429369355,0.0,0.9347941087672446
05,pscore_mode,noised_0.25,1012,dm,q_oracle,nan,0.7160996246139036,0.7153918288961995,0.7734330096527225,4.247361880547141,0.0,nan
05,pscore_mode,noised_0.25,1012,ips,q_oracle,nan,0.759119657104643,0.7153918288961995,0.7734330096527225,4.247361880547141,0.0,0.7734330096527225
05,pscore_mode,noised_0.25,1012,snips,q_oracle,nan,0.7290607746860825,0.7153918288961995,0.7734330096527225,4.247361880547141,0.0,0.7734330096527225
05,pscore_mode,noised_0.25,1012,clipped_ips,q_oracle,1.6183797164497615,0.705899524465482,0.7153918288961995,0.7734330096527225,4.247361880547141,0.0,0.8277975874527
05,pscore_mode,noised_0.25,1012,dr,q_oracle,nan,0.7272083870637177,0.7153918288961995,0.7734330096527225,4.247361880547141,0.0,0.7734330096527225
05,pscore_mode,noised_0.25,1012,switch_dr,q_oracle,1.7701411328278225,0.7259240899462758,0.7153918288961995,0.7734330096527225,4.247361880547141,0.0,0.7378090282120323
05,pscore_mode,noised_0.25,1012,dros,q_oracle,2.6191529066160104,0.7223608303055289,0.7153918288961995,0.7734330096527225,4.247361880547141,0.0,0.9302955115748529
05,pscore_mode,noised_0.25,1012,dm,q_shrink09,nan,0.6944896621525134,0.7153918288961995,0.7734330096527225,4.247361880547141,0.0,nan
05,pscore_mode,noised_0.25,1012,ips,q_shrink09,nan,0.759119657104643,0.7153918288961995,0.7734330096527225,4.247361880547141,0.0,0.7734330096527225
05,pscore_mode,noised_0.25,1012,snips,q_shrink09,nan,0.7290607746860825,0.7153918288961995,0.7734330096527225,4.247361880547141,0.0,0.7734330096527225
05,pscore_mode,noised_0.25,1012,clipped_ips,q_shrink09,1.6183797164497615,0.705899524465482,0.7153918288961995,0.7734330096527225,4.247361880547141,0.0,0.8277975874527
05,pscore_mode,noised_0.25,1012,dr,q_shrink09,nan,0.7283380341842228,0.7153918288961995,0.7734330096527225,4.247361880547141,0.0,0.7734330096527225
05,pscore_mode,noised_0.25,1012,switch_dr,q_shrink09,1.7701411328278225,0.7183242945733208,0.7153918288961995,0.7734330096527225,4.247361880547141,0.0,0.7378090282120323
05,pscore_mode,noised_0.25,1012,dros,q_shrink09,2.6191529066160104,0.7113249704106487,0.7153918288961995,0.7734330096527225,4.247361880547141,0.0,0.9302955115748529
05,pscore_mode,noised_0.5,1012,dm,q_oracle,nan,0.7160996246139036,0.7153918288961995,0.6400154706729155,8.891451420944422,0.0,nan
05,pscore_mode,noised_0.5,1012,ips,q_oracle,nan,0.8378088014545816,0.7153918288961995,0.6400154706729155,8.891451420944422,0.0,0.6400154706729155
05,pscore_mode,noised_0.5,1012,snips,q_oracle,nan,0.7294395414968416,0.7153918288961995,0.6400154706729155,8.891451420944422,0.0,0.6400154706729155
05,pscore_mode,noised_0.5,1012,clipped_ips,q_oracle,1.6183797164497615,0.6874438679961713,0.7153918288961995,0.6400154706729155,8.891451420944422,0.0,0.7978119970810843
05,pscore_mode,noised_0.5,1012,dr,q_oracle,nan,0.7286614276560686,0.7153918288961995,0.6400154706729155,8.891451420944422,0.0,0.6400154706729155
05,pscore_mode,noised_0.5,1012,switch_dr,q_oracle,1.7701411328278225,0.7230550694497522,0.7153918288961995,0.6400154706729155,8.891451420944422,0.0,0.6468704250258769
05,pscore_mode,noised_0.5,1012,dros,q_oracle,2.6191529066160104,0.7222870802526224,0.7153918288961995,0.6400154706729155,8.891451420944422,0.0,0.9132090572469901
05,pscore_mode,noised_0.5,1012,dm,q_shrink09,nan,0.6944896621525134,0.7153918288961995,0.6400154706729155,8.891451420944422,0.0,nan
05,pscore_mode,noised_0.5,1012,ips,q_shrink09,nan,0.8378088014545816,0.7153918288961995,0.6400154706729155,8.891451420944422,0.0,0.6400154706729155
05,pscore_mode,noised_0.5,1012,snips,q_shrink09,nan,0.7294395414968416,0.7153918288961995,0.6400154706729155,8.891451420944422,0.0,0.6400154706729155
05,pscore_mode,noised_0.5,1012,clipped_ips,q_shrink09,1.6183797164497615,0.6874438679961713,0.7153918288961995,0.6400154706729155,8.891451420944422,0.0,0.7978119970810843
05,pscore_mode,noised_0.5,1012,dr,q_shrink09,nan,0.7321479099309552,0.7153918288961995,0.6400154706729155,8.891451420944422,0.0,0.6400154706729155
05,pscore_mode,noised_0.5,1012,switch_dr,q_shrink09,1.7701411328278225,0.7110975898741552,0.7153918288961995,0.6400154706729155,8.891451420944422,0.0,0.6468704250258769
05,pscore_mode,noised_0.5,1012,dros,q_shrink09,2.6191529066160104,0.7102763509842952,0.7153918288961995,0.6400154706729155,8.891451420944422,0.0,0.9132090572469901
05,pscore_mode,noised_1.0,1012,dm,q_oracle,nan,0.7160996246139036,0.7153918288961995,0.30866867952278565,51.66548104013768,0.0,nan
05,pscore_mode,noised_1.0,1012,ips,q_oracle,nan,1.2308513051167291,0.7153918288961995,0.30866867952278565,51.66548104013768,0.0,0.30866867952278565
05,pscore_mode,noised_1.0,1012,snips,q_oracle,nan,0.7279086604340947,0.7153918288961995,0.30866867952278565,51.66548104013768,0.0,0.30866867952278565
05,pscore_mode,noised_1.0,1012,clipped_ips,q_oracle,1.6183797164497615,0.6485649915610812,0.7153918288961995,0.30866867952278565,51.66548104013768,0.0,0.7370422481766699
05,pscore_mode,noised_1.0,1012,dr,q_oracle,nan,0.7345075993646688,0.7153918288961995,0.30866867952278565,51.66548104013768,0.0,0.30866867952278565
05,pscore_mode,noised_1.0,1012,switch_dr,q_oracle,1.7701411328278225,0.7185123531438066,0.7153918288961995,0.30866867952278565,51.66548104013768,0.0,0.501129540034959
05,pscore_mode,noised_1.0,1012,dros,q_oracle,2.6191529066160104,0.7211685009179474,0.7153918288961995,0.30866867952278565,51.66548104013768,0.0,0.8474472241427422
05,pscore_mode,noised_1.0,1012,dm,q_shrink09,nan,0.6944896621525134,0.7153918288961995,0.30866867952278565,51.66548104013768,0.0,nan
05,pscore_mode,noised_1.0,1012,ips,q_shrink09,nan,1.2308513051167291,0.7153918288961995,0.30866867952278565,51.66548104013768,0.0,0.30866867952278565
05,pscore_mode,noised_1.0,1012,snips,q_shrink09,nan,0.7279086604340947,0.7153918288961995,0.30866867952278565,51.66548104013768,0.0,0.30866867952278565
05,pscore_mode,noised_1.0,1012,clipped_ips,q_shrink09,1.6183797164497615,0.6485649915610812,0.7153918288961995,0.30866867952278565,51.66548104013768,0.0,0.7370422481766699
05,pscore_mode,noised_1.0,1012,dr,q_shrink09,nan,0.7495948713806477,0.7153918288961995,0.30866867952278565,51.66548104013768,0.0,0.30866867952278565
05,pscore_mode,noised_1.0,1012,switch_dr,q_shrink09,1.7701411328278225,0.702439867320335,0.7153918288961995,0.30866867952278565,51.66548104013768,0.0,0.501129540034959
05,pscore_mode,noised_1.0,1012,dros,q_shrink09,2.6191529066160104,0.7069586781392987,0.7153918288961995,0.30866867952278565,51.66548104013768,0.0,0.8474472241427422
05,pscore_mode,true,1013,dm,q_oracle,nan,0.7157088147249846,0.7153918288961995,0.8206724478968336,2.7484415486823215,0.0,nan
05,pscore_mode,true,1013,ips,q_oracle,nan,0.7087994279989385,0.7153918288961995,0.8206724478968336,2.7484415486823215,0.0,0.8206724478968336
05,pscore_mode,true,1013,snips,q_oracle,nan,0.7142705533110842,0.7153918288961995,0.8206724478968336,2.7484415486823215,0.0,0.8206724478968336
05,pscore_mode,true,1013,clipped_ips,q_oracle,1.5937281780806416,0.6892665685970519,0.7153918288961995,0.8206724478968336,2.7484415486823215,0.0,0.8392504916290929
05,pscore_mode,true,1013,dr,q_oracle,nan,0.7169993548191463,0.7153918288961995,0.8206724478968336,2.7484415486823215,0.0,0.8206724478968336
05,pscore_mode,true,1013,switch_dr,q_oracle,1.7578693786934165,0.7178900522578134,0.7153918288961995,0.8206724478968336,2.7484415486823215,0.0,0.7941326941875254
05,pscore_mode,true,1013,dros,q_oracle,2.539969505608241,0.7164814820555105,0.7153918288961995,0.8206724478968336,2.7484415486823215,0.0,0.9349049515865003
05,pscore_mode,true,1013,dm,q_shrink09,nan,0.6941379332524862,0.7153918288961995,0.8206724478968336,2.7484415486823215,0.0,nan
05,pscore_mode,true,1013,ips,q_shrink09,nan,0.7087994279989385,0.7153918288961995,0.8206724478968336,2.7484415486823215,0.0,0.8206724478968336
05,pscore_mode,true,1013,snips,q_shrink09,nan,0.7142705533110842,0.7153918288961995,0.8206724478968336,2.7484415486823215,0.0,0.8206724478968336
05,pscore_mode,true,1013,clipped_ips,q_shrink09,1.5937281780806416,0.6892665685970519,0.7153918288961995,0.8206724478968336,2.7484415486823215,0.0,0.8392504916290929
05,pscore_mode,true,1013,dr,q_shrink09,nan,0.7165623490380123,0.7153918288961995,0.8206724478968336,2.7484415486823215,0.0,0.8206724478968336
05,pscore_mode,true,1013,switch_dr,q_shrink09,1.7578693786934165,0.713446321078387,0.7153918288961995,0.8206724478968336,2.7484415486823215,0.0,0.7941326941875254
05,pscore_mode,true,1013,dros,q_shrink09,2.539969505608241,0.7052473289912569,0.7153918288961995,0.8206724478968336,2.7484415486823215,0.0,0.9349049515865003
05,pscore_mode,estimated,1013,dm,q_oracle,nan,0.7157088147249846,0.7153918288961995,0.7920145249125565,3.092962157805362,0.0,nan
05,pscore_mode,estimated,1013,ips,q_oracle,nan,0.7363328371302122,0.7153918288961995,0.7920145249125565,3.092962157805362,0.0,0.7920145249125565
05,pscore_mode,estimated,1013,snips,q_oracle,nan,0.721134239920697,0.7153918288961995,0.7920145249125565,3.092962157805362,0.0,0.7920145249125565
05,pscore_mode,estimated,1013,clipped_ips,q_oracle,1.5937281780806416,0.7000059952647533,0.7153918288961995,0.7920145249125565,3.092962157805362,0.0,0.8256549171950633
05,pscore_mode,estimated,1013,dr,q_oracle,nan,0.7168055139945813,0.7153918288961995,0.7920145249125565,3.092962157805362,0.0,0.7920145249125565
05,pscore_mode,estimated,1013,switch_dr,q_oracle,1.7578693786934165,0.7182501993546657,0.7153918288961995,0.7920145249125565,3.092962157805362,0.0,0.7520014875138049
05,pscore_mode,estimated,1013,dros,q_oracle,2.539969505608241,0.7163926176414694,0.7153918288961995,0.7920145249125565,3.092962157805362,0.0,0.9256150692478661
05,pscore_mode,estimated,1013,dm,q_shrink09,nan,0.6941379332524862,0.7153918288961995,0.7920145249125565,3.092962157805362,0.0,nan
05,pscore_mode,estimated,1013,ips,q_shrink09,nan,0.7363328371302122,0.7153918288961995,0.7920145249125565,3.092962157805362,0.0,0.7920145249125565
05,pscore_mode,estimated,1013,snips,q_shrink09,nan,0.721134239920697,0.7153918288961995,0.7920145249125565,3.092962157805362,0.0,0.7920145249125565
05,pscore_mode,estimated,1013,clipped_ips,q_shrink09,1.5937281780806416,0.7000059952647533,0.7153918288961995,0.7920145249125565,3.092962157805362,0.0,0.8256549171950633
05,pscore_mode,estimated,1013,dr,q_shrink09,nan,0.7177044482516836,0.7153918288961995,0.7920145249125565,3.092962157805362,0.0,0.7920145249125565
05,pscore_mode,estimated,1013,switch_dr,q_shrink09,1.7578693786934165,0.7126791273327279,0.7153918288961995,0.7920145249125565,3.092962157805362,0.0,0.7520014875138049
05,pscore_mode,estimated,1013,dros,q_shrink09,2.539969505608241,0.7053405165179257,0.7153918288961995,0.7920145249125565,3.092962157805362,0.0,0.9256150692478661
05,pscore_mode,noised_0.1,1013,dm,q_oracle,nan,0.7157088147249846,0.7153918288961995,0.8121696971916252,2.890070168456079,0.0,nan
05,pscore_mode,noised_0.1,1013,ips,q_oracle,nan,0.7124586300914528,0.7153918288961995,0.8121696971916252,2.890070168456079,0.0,0.8121696971916252
05,pscore_mode,noised_0.1,1013,snips,q_oracle,nan,0.7136823931277723,0.7153918288961995,0.8121696971916252,2.890070168456079,0.0,0.8121696971916252
05,pscore_mode,noised_0.1,1013,clipped_ips,q_oracle,1.5937281780806416,0.6880277093581291,0.7153918288961995,0.8121696971916252,2.890070168456079,0.0,0.8361801329575829
05,pscore_mode,noised_0.1,1013,dr,q_oracle,nan,0.7161093414948099,0.7153918288961995,0.8121696971916252,2.890070168456079,0.0,0.8121696971916252
05,pscore_mode,noised_0.1,1013,switch_dr,q_oracle,1.7578693786934165,0.7182236711806698,0.7153918288961995,0.8121696971916252,2.890070168456079,0.0,0.7812899559347544
05,pscore_mode,noised_0.1,1013,dros,q_oracle,2.539969505608241,0.7164444606185032,0.7153918288961995,0.8121696971916252,2.890070168456079,0.0,0.9338763842522386
05,pscore_mode,noised_0.1,1013,dm,q_shrink09,nan,0.6941379332524862,0.7153918288961995,0.8121696971916252,2.890070168456079,0.0,nan
05,pscore_mode,noised_0.1,1013,ips,q_shrink09,nan,0.7124586300914528,0.7153918288961995,0.8121696971916252,2.890070168456079,0.0,0.8121696971916252
05,pscore_mode,noised_0.1,1013,snips,q_shrink09,nan,0.7136823931277723,0.7153918288961995,0.8121696971916252,2.890070168456079,0.0,0.8121696971916252
05,pscore_mode,noised_0.1,1013,clipped_ips,q_shrink09,1.5937281780806416,0.6880277093581291,0.7153918288961995,0.8121696971916252,2.890070168456079,0.0,0.8361801329575829
05,pscore_mode,noised_0.1,1013,dr,q_shrink09,nan,0.7158300061837523,0.7153918288961995,0.8121696971916252,2.890070168456079,0.0,0.8121696971916252
05,pscore_mode,noised_0.1,1013,switch_dr,q_shrink09,1.7578693786934165,0.713048512994431,0.7153918288961995,0.8121696971916252,2.890070168456079,0.0,0.7812899559347544
05,pscore_mode,noised_0.1,1013,dros,q_shrink09,2.539969505608241,0.7051577286467656,0.7153918288961995,0.8121696971916252,2.890070168456079,0.0,0.9338763842522386
05,pscore_mode,noised_0.25,1013,dm,q_oracle,nan,0.7157088147249846,0.7153918288961995,0.7707100020982204,3.851255339565275,0.0,nan
05,pscore_mode,noised_0.25,1013,ips,q_oracle,nan,0.7314919255242904,0.7153918288961995,0.7707100020982204,3.851255339565275,0.0,0.7707100020982204
05,pscore_mode,noised_0.25,1013,snips,q_oracle,nan,0.7128263631757236,0.7153918288961995,0.7707100020982204,3.851255339565275,0.0,0.7707100020982204
05,pscore_mode,noised_0.25,1013,clipped_ips,q_oracle,1.5937281780806416,0.6794780599441183,0.7153918288961995,0.7707100020982204,3.851255339565275,0.0,0.8250927290559588
05,pscore_mode,noised_0.25,1013,dr,q_oracle,nan,0.7147977595755243,0.7153918288961995,0.7707100020982204,3.851255339565275,0.0,0.7707100020982204
05,pscore_mode,noised_0.25,1013,switch_dr,q_oracle,1.7578693786934165,0.7158707434157909,0.7153918288961995,0.7707100020982204,3.851255339565275,0.0,0.7339936076966057
05,pscore_mode,noised_0.25,1013,dros,q_oracle,2.539969505608241,0.7163179133683742,0.7153918288961995,0.7707100020982204,3.851255339565275,0.0,0.929459375203448
05,pscore_mode,noised_0.25,1013,dm,q_shrink09,nan,0.6941379332524862,0.7153918288961995,0.7707100020982204,3.851255339565275,0.0,nan
05,pscore_mode,noised_0.25,1013,ips,q_shrink09,nan,0.7314919255242904,0.7153918288961995,0.7707100020982204,3.851255339565275,0.0,0.7707100020982204
05,pscore_mode,noised_0.25,1013,snips,q_shrink09,nan,0.7128263631757236,0.7153918288961995,0.7707100020982204,3.851255339565275,0.0,0.7707100020982204
05,pscore_mode,noised_0.25,1013,clipped_ips,q_shrink09,1.5937281780806416,0.6794780599441183,0.7153918288961995,0.7707100020982204,3.851255339565275,0.0,0.8250927290559588
05,pscore_mode,noised_0.25,1013,dr,q_shrink09,nan,0.715157911859145,0.7153918288961995,0.7707100020982204,3.851255339565275,0.0,0.7707100020982204
05,pscore_mode,noised_0.25,1013,switch_dr,q_shrink09,1.7578693786934165,0.7076855448894912,0.7153918288961995,0.7707100020982204,3.851255339565275,0.0,0.7339936076966057
05,pscore_mode,noised_0.25,1013,dros,q_shrink09,2.539969505608241,0.70472300881592,0.7153918288961995,0.7707100020982204,3.851255339565275,0.0,0.929459375203448
05,pscore_mode,noised_0.5,1013,dm,q_oracle,nan,0.7157088147249846,0.7153918288961995,0.6404068083051525,7.604291874680682,0.0,nan
05,pscore_mode,noised_0.5,1013,ips,q_oracle,nan,0.8035129950923061,0.7153918288961995,0.6404068083051525,7.604291874680682,0.0,0.6404068083051525
05,pscore_mode,noised_0.5,1013,snips,q_oracle,nan,0.7115743618713674,0.7153918288961995,0.6404068083051525,7.604291874680682,0.0,0.6404068083051525
05,pscore_mode,noised_0.5,1013,clipped_ips,q_oracle,1.5937281780806416,0.6589203793818884,0.7153918288961995,0.6404068083051525,7.604291874680682,0.0,0.7973647807294547
05,pscore_mode,noised_0.5,1013,dr,q_oracle,nan,0.7126168904038828,0.7153918288961995,0.6404068083051525,7.604291874680682,0.0,0.6404068083051525
05,pscore_mode,noised_0.5,1013,switch_dr,q_oracle,1.7578693786934165,0.7180028670514622,0.7153918288961995,0.6404068083051525,7.604291874680682,0.0,0.6499653864773117
05,pscore_mode,noised_0.5,1013,dros,q_oracle,2.539969505608241,0.7159777583096478,0.7153918288961995,0.6404068083051525,7.604291874680682,0.0,0.9127001059390933
05,pscore_mode,noised_0.5,1013,dm,q_shrink09,nan,0.6941379332524862,0.7153918288961995,0.6404068083051525,7.604291874680682,0.0,nan
05,pscore_mode,noised_0.5,1013,ips,q_shrink09,nan,0.8035129950923061,0.7153918288961995,0.6404068083051525,7.604291874680682,0.0,0.6404068083051525
05,pscore_mode,noised_0.5,1013,snips,q_shrink09,nan,0.7115743618713674,0.7153918288961995,0.6404068083051525,7.604291874680682,0.0,0.6404068083051525
05,pscore_mode,noised_0.5,1013,clipped_ips,q_shrink09,1.5937281780806416,0.6589203793818884,0.7153918288961995,0.6404068083051525,7.604291874680682,0.0,0.7973647807294547
05,pscore_mode,noised_0.5,1013,dr,q_shrink09,nan,0.715246274215658,0.7153918288961995,0.6404068083051525,7.604291874680682,0.0,0.6404068083051525
05,pscore_mode,noised_0.5,1013,switch_dr,q_shrink09,1.7578693786934165,0.7057388259889165,0.7153918288961995,0.6404068083051525,7.604291874680682,0.0,0.6499653864773117
05,pscore_mode,noised_0.5,1013,dros,q_shrink09,2.539969505608241,0.7034575593130127,0.7153918288961995,0.6404068083051525,7.604291874680682,0.0,0.9127001059390933
05,pscore_mode,noised_1.0,1013,dm,q_oracle,nan,0.7157088147249846,0.7153918288961995,0.31283076141020616,46.29926778224579,0.0,nan
05,pscore_mode,noised_1.0,1013,ips,q_oracle,nan,1.1716990067143533,0.7153918288961995,0.31283076141020616,46.29926778224579,0.0,0.31283076141020616
05,pscore_mode,noised_1.0,1013,snips,q_oracle,nan,0.7105416782843453,0.7153918288961995,0.31283076141020616,46.29926778224579,0.0,0.31283076141020616
05,pscore_mode,noised_1.0,1013,clipped_ips,q_oracle,1.5937281780806416,0.6205763047229209,0.7153918288961995,0.31283076141020616,46.29926778224579,0.0,0.7385649402493993
05,pscore_mode,noised_1.0,1013,dr,q_oracle,nan,0.7083166775628202,0.7153918288961995,0.31283076141020616,46.29926778224579,0.0,0.31283076141020616
05,pscore_mode,noised_1.0,1013,switch_dr,q_oracle,1.7578693786934165,0.7172473445232838,0.7153918288961995,0.31283076141020616,46.29926778224579,0.0,0.5081699560308909
05,pscore_mode,noised_1.0,1013,dros,q_oracle,2.539969505608241,0.715577116042604,0.7153918288961995,0.31283076141020616,46.29926778224579,0.0,0.84737962087682
05,pscore_mode,noised_1.0,1013,dm,q_shrink09,nan,0.6941379332524862,0.7153918288961995,0.31283076141020616,46.29926778224579,0.0,nan
05,pscore_mode,noised_1.0,1013,ips,q_shrink09,nan,1.1716990067143533,0.7153918288961995,0.31283076141020616,46.29926778224579,0.0,0.31283076141020616
05,pscore_mode,noised_1.0,1013,snips,q_shrink09,nan,0.7105416782843453,0.7153918288961995,0.31283076141020616,46.29926778224579,0.0,0.31283076141020616
05,pscore_mode,noised_1.0,1013,clipped_ips,q_shrink09,1.5937281780806416,0.6205763047229209,0.7153918288961995,0.31283076141020616,46.29926778224579,0.0,0.7385649402493993
05,pscore_mode,noised_1.0,1013,dr,q_shrink09,nan,0.7222038001121814,0.7153918288961995,0.31283076141020616,46.29926778224579,0.0,0.31283076141020616
05,pscore_mode,noised_1.0,1013,switch_dr,q_shrink09,1.7578693786934165,0.7009632474024139,0.7153918288961995,0.31283076141020616,46.29926778224579,0.0,0.5081699560308909
05,pscore_mode,noised_1.0,1013,dros,q_shrink09,2.539969505608241,0.7009553109361867,0.7153918288961995,0.31283076141020616,46.29926778224579,0.0,0.84737962087682
05,pscore_mode,true,1014,dm,q_oracle,nan,0.7147563823033637,0.7153918288961995,0.8234480809075789,2.7606571691172337,0.0,nan
05,pscore_mode,true,1014,ips,q_oracle,nan,0.7152257346399618,0.7153918288961995,0.8234480809075789,2.7606571691172337,0.0,0.8234480809075789
05,pscore_mode,true,1014,snips,q_oracle,nan,0.7149987737103303,0.7153918288961995,0.8234480809075789,2.7606571691172337,0.0,0.8234480809075789
05,pscore_mode,true,1014,clipped_ips,q_oracle,1.600124260831455,0.695806043432457,0.7153918288961995,0.8234480809075789,2.7606571691172337,0.0,0.8416473678097491
05,pscore_mode,true,1014,dr,q_oracle,nan,0.7150965313829865,0.7153918288961995,0.8234480809075789,2.7606571691172337,0.0,0.8234480809075789
05,pscore_mode,true,1014,switch_dr,q_oracle,1.7739793877440118,0.7157335930180512,0.7153918288961995,0.8234480809075789,2.7606571691172337,0.0,0.7963530644296118
05,pscore_mode,true,1014,dros,q_oracle,2.56039765010141,0.714429552404414,0.7153918288961995,0.8234480809075789,2.7606571691172337,0.0,0.9356061067980268
05,pscore_mode,true,1014,dm,q_shrink09,nan,0.6932807440730274,0.7153918288961995,0.8234480809075789,2.7606571691172337,0.0,nan
05,pscore_mode,true,1014,ips,q_shrink09,nan,0.7152257346399618,0.7153918288961995,0.8234480809075789,2.7606571691172337,0.0,0.8234480809075789
05,pscore_mode,true,1014,snips,q_shrink09,nan,0.7149987737103303,0.7153918288961995,0.8234480809075789,2.7606571691172337,0.0,0.8234480809075789
05,pscore_mode,true,1014,clipped_ips,q_shrink09,1.600124260831455,0.695806043432457,0.7153918288961995,0.8234480809075789,2.7606571691172337,0.0,0.8416473678097491
05,pscore_mode,true,1014,dr,q_shrink09,nan,0.7150935802877826,0.7153918288961995,0.8234480809075789,2.7606571691172337,0.0,0.8234480809075789
05,pscore_mode,true,1014,switch_dr,q_shrink09,1.7739793877440118,0.7116649906665208,0.7153918288961995,0.8234480809075789,2.7606571691172337,0.0,0.7963530644296118
05,pscore_mode,true,1014,dros,q_shrink09,2.56039765010141,0.7035442588006342,0.7153918288961995,0.8234480809075789,2.7606571691172337,0.0,0.9356061067980268
05,pscore_mode,estimated,1014,dm,q_oracle,nan,0.7147563823033637,0.7153918288961995,0.8048234600280112,3.042079794444891,0.0,nan
05,pscore_mode,estimated,1014,ips,q_oracle,nan,0.7331204425849764,0.7153918288961995,0.8048234600280112,3.042079794444891,0.0,0.8048234600280112
05,pscore_mode,estimated,1014,snips,q_oracle,nan,0.7188504442003498,0.7153918288961995,0.8048234600280112,3.042079794444891,0.0,0.8048234600280112
05,pscore_mode,estimated,1014,clipped_ips,q_oracle,1.600124260831455,0.703812849474633,0.7153918288961995,0.8048234600280112,3.042079794444891,0.0,0.832486985315707
05,pscore_mode,estimated,1014,dr,q_oracle,nan,0.7152683107856671,0.7153918288961995,0.8048234600280112,3.042079794444891,0.0,0.8048234600280112
05,pscore_mode,estimated,1014,switch_dr,q_oracle,1.7739793877440118,0.7170395198062046,0.7153918288961995,0.8048234600280112,3.042079794444891,0.0,0.7701203197488464
05,pscore_mode,estimated,1014,dros,q_oracle,2.56039765010141,0.7142444169220282,0.7153918288961995,0.8048234600280112,3.042079794444891,0.0,0.9293071877214375
05,pscore_mode,estimated,1014,dm,q_shrink09,nan,0.6932807440730274,0.7153918288961995,0.8048234600280112,3.042079794444891,0.0,nan
05,pscore_mode,estimated,1014,ips,q_shrink09,nan,0.7331204425849764,0.7153918288961995,0.8048234600280112,3.042079794444891,0.0,0.8048234600280112
05,pscore_mode,estimated,1014,snips,q_shrink09,nan,0.7188504442003498,0.7153918288961995,0.8048234600280112,3.042079794444891,0.0,0.8048234600280112
05,pscore_mode,estimated,1014,clipped_ips,q_shrink09,1.600124260831455,0.703812849474633,0.7153918288961995,0.8048234600280112,3.042079794444891,0.0,0.832486985315707
05,pscore_mode,estimated,1014,dr,q_shrink09,nan,0.7160609671340794,0.7153918288961995,0.8048234600280112,3.042079794444891,0.0,0.8048234600280112
05,pscore_mode,estimated,1014,switch_dr,q_shrink09,1.7739793877440118,0.7124855058175601,0.7153918288961995,0.8048234600280112,3.042079794444891,0.0,0.7701203197488464
05,pscore_mode,estimated,1014,dros,q_shrink09,2.56039765010141,0.7034869784475022,0.7153918288961995,0.8048234600280112,3.042079794444891,0.0,0.9293071877214375
05,pscore_mode,noised_0.1,1014,dm,q_oracle,nan,0.7147563823033637,0.7153918288961995,0.8158034815473609,3.148751935320513,0.0,nan
05,pscore_mode,noised_0.1,1014,ips,q_oracle,nan,0.719450226746648,0.7153918288961995,0.8158034815473609,3.148751935320513,0.0,0.8158034815473609
05,pscore_mode,noised_0.1,1014,snips,q_oracle,nan,0.7147509153555949,0.7153918288961995,0.8158034815473609,3.148751935320513,0.0,0.8158034815473609
05,pscore_mode,noised_0.1,1014,clipped_ips,q_oracle,1.600124260831455,0.6943572763098924,0.7153918288961995,0.8158034815473609,3.148751935320513,0.0,0.8397410842044821
05,pscore_mode,noised_0.1,1014,dr,q_oracle,nan,0.7151634053908946,0.7153918288961995,0.8158034815473609,3.148751935320513,0.0,0.8158034815473609
05,pscore_mode,noised_0.1,1014,switch_dr,q_oracle,1.7739793877440118,0.7131384490794748,0.7153918288961995,0.8158034815473609,3.148751935320513,0.0,0.7869495219881278
05,pscore_mode,noised_0.1,1014,dros,q_oracle,2.56039765010141,0.7144504095568041,0.7153918288961995,0.8158034815473609,3.148751935320513,0.0,0.9352326507743303
05,pscore_mode,noised_0.1,1014,dm,q_shrink09,nan,0.6932807440730274,0.7153918288961995,0.8158034815473609,3.148751935320513,0.0,nan
05,pscore_mode,noised_0.1,1014,ips,q_shrink09,nan,0.719450226746648,0.7153918288961995,0.8158034815473609,3.148751935320513,0.0,0.8158034815473609
05,pscore_mode,noised_0.1,1014,snips,q_shrink09,nan,0.7147509153555949,0.7153918288961995,0.8158034815473609,3.148751935320513,0.0,0.8158034815473609
05,pscore_mode,noised_0.1,1014,clipped_ips,q_shrink09,1.600124260831455,0.6943572763098924,0.7153918288961995,0.8158034815473609,3.148751935320513,0.0,0.8397410842044821
05,pscore_mode,noised_0.1,1014,dr,q_shrink09,nan,0.7152633498298757,0.7153918288961995,0.8158034815473609,3.148751935320513,0.0,0.8158034815473609
05,pscore_mode,noised_0.1,1014,switch_dr,q_shrink09,1.7739793877440118,0.7085069056516505,0.7153918288961995,0.8158034815473609,3.148751935320513,0.0,0.7869495219881278
05,pscore_mode,noised_0.1,1014,dros,q_shrink09,2.56039765010141,0.7034885453646159,0.7153918288961995,0.8158034815473609,3.148751935320513,0.0,0.9352326507743303
05,pscore_mode,noised_0.25,1014,dm,q_oracle,nan,0.7147563823033637,0.7153918288961995,0.7750591848419266,4.3628456477016435,0.0,nan
05,pscore_mode,noised_0.25,1014,ips,q_oracle,nan,0.739557747104964,0.7153918288961995,0.7750591848419266,4.3628456477016435,0.0,0.7750591848419266
05,pscore_mode,noised_0.25,1014,snips,q_oracle,nan,0.7144102239133641,0.7153918288961995,0.7750591848419266,4.3628456477016435,0.0,0.7750591848419266
05,pscore_mode,noised_0.25,1014,clipped_ips,q_oracle,1.600124260831455,0.6861275986762162,0.7153918288961995,0.7750591848419266,4.3628456477016435,0.0,0.829499007386642
05,pscore_mode,noised_0.25,1014,dr,q_oracle,nan,0.7152974478901776,0.7153918288961995,0.7750591848419266,4.3628456477016435,0.0,0.7750591848419266
05,pscore_mode,noised_0.25,1014,switch_dr,q_oracle,1.7739793877440118,0.7126578186129986,0.7153918288961995,0.7750591848419266,4.3628456477016435,0.0,0.7419148241142468
05,pscore_mode,noised_0.25,1014,dros,q_oracle,2.56039765010141,0.7143969728910485,0.7153918288961995,0.7750591848419266,4.3628456477016435,0.0,0.9318979538252244
05,pscore_mode,noised_0.25,1014,dm,q_shrink09,nan,0.6932807440730274,0.7153918288961995,0.7750591848419266,4.3628456477016435,0.0,nan
05,pscore_mode,noised_0.25,1014,ips,q_shrink09,nan,0.739557747104964,0.7153918288961995,0.7750591848419266,4.3628456477016435,0.0,0.7750591848419266
05,pscore_mode,noised_0.25,1014,snips,q_shrink09,nan,0.7144102239133641,0.7153918288961995,0.7750591848419266,4.3628456477016435,0.0,0.7750591848419266
05,pscore_mode,noised_0.25,1014,clipped_ips,q_shrink09,1.600124260831455,0.6861275986762162,0.7153918288961995,0.7750591848419266,4.3628456477016435,0.0,0.829499007386642
05,pscore_mode,noised_0.25,1014,dr,q_shrink09,nan,0.7159634579834232,0.7153918288961995,0.7750591848419266,4.3628456477016435,0.0,0.7750591848419266
05,pscore_mode,noised_0.25,1014,switch_dr,q_shrink09,1.7739793877440118,0.7050813176653754,0.7153918288961995,0.7750591848419266,4.3628456477016435,0.0,0.7419148241142468
05,pscore_mode,noised_0.25,1014,dros,q_shrink09,2.56039765010141,0.7030885786917359,0.7153918288961995,0.7750591848419266,4.3628456477016435,0.0,0.9318979538252244
05,pscore_mode,noised_0.5,1014,dm,q_oracle,nan,0.7147563823033637,0.7153918288961995,0.6438792479030753,8.270656471361884,0.0,nan
05,pscore_mode,noised_0.5,1014,ips,q_oracle,nan,0.814005026492949,0.7153918288961995,0.6438792479030753,8.270656471361884,0.0,0.6438792479030753
05,pscore_mode,noised_0.5,1014,snips,q_oracle,nan,0.7137926871787783,0.7153918288961995,0.6438792479030753,8.270656471361884,0.0,0.6438792479030753
05,pscore_mode,noised_0.5,1014,clipped_ips,q_oracle,1.600124260831455,0.665876120174039,0.7153918288961995,0.6438792479030753,8.270656471361884,0.0,0.8024819753878377
05,pscore_mode,noised_0.5,1014,dr,q_oracle,nan,0.7154874513208884,0.7153918288961995,0.6438792479030753,8.270656471361884,0.0,0.6438792479030753
05,pscore_mode,noised_0.5,1014,switch_dr,q_oracle,1.7739793877440118,0.7121199154751011,0.7153918288961995,0.6438792479030753,8.270656471361884,0.0,0.654224974671889
05,pscore_mode,noised_0.5,1014,dros,q_oracle,2.56039765010141,0.7141652538636336,0.7153918288961995,0.6438792479030753,8.270656471361884,0.0,0.9165717764228537
05,pscore_mode,noised_0.5,1014,dm,q_shrink09,nan,0.6932807440730274,0.7153918288961995,0.6438792479030753,8.270656471361884,0.0,nan
05,pscore_mode,noised_0.5,1014,ips,q_shrink09,nan,0.814005026492949,0.7153918288961995,0.6438792479030753,8.270656471361884,0.0,0.6438792479030753
05,pscore_mode,noised_0.5,1014,snips,q_shrink09,nan,0.7137926871787783,0.7153918288961995,0.6438792479030753,8.270656471361884,0.0,0.6438792479030753
05,pscore_mode,noised_0.5,1014,clipped_ips,q_shrink09,1.600124260831455,0.665876120174039,0.7153918288961995,0.6438792479030753,8.270656471361884,0.0,0.8024819753878377
05,pscore_mode,noised_0.5,1014,dr,q_shrink09,nan,0.71831949981654,0.7153918288961995,0.6438792479030753,8.270656471361884,0.0,0.6438792479030753
05,pscore_mode,noised_0.5,1014,switch_dr,q_shrink09,1.7739793877440118,0.7000450008505871,0.7153918288961995,0.6438792479030753,8.270656471361884,0.0,0.654224974671889
05,pscore_mode,noised_0.5,1014,dros,q_shrink09,2.56039765010141,0.7018717996645444,0.7153918288961995,0.6438792479030753,8.270656471361884,0.0,0.9165717764228537
05,pscore_mode,noised_1.0,1014,dm,q_oracle,nan,0.7147563823033637,0.7153918288961995,0.3040232225217493,60.074221860626956,0.0,nan
05,pscore_mode,noised_1.0,1014,ips,q_oracle,nan,1.190173095951312,0.7153918288961995,0.3040232225217493,60.074221860626956,0.0,0.3040232225217493
05,pscore_mode,noised_1.0,1014,snips,q_oracle,nan,0.7110908219209441,0.7153918288961995,0.3040232225217493,60.074221860626956,0.0,0.3040232225217493
05,pscore_mode,noised_1.0,1014,clipped_ips,q_oracle,1.600124260831455,0.6277043924564694,0.7153918288961995,0.3040232225217493,60.074221860626956,0.0,0.744373008863844
05,pscore_mode,noised_1.0,1014,dr,q_oracle,nan,0.7137435954480509,0.7153918288961995,0.3040232225217493,60.074221860626956,0.0,0.3040232225217493
05,pscore_mode,noised_1.0,1014,switch_dr,q_oracle,1.7739793877440118,0.7116415162311174,0.7153918288961995,0.3040232225217493,60.074221860626956,0.0,0.5103234327326219
05,pscore_mode,noised_1.0,1014,dros,q_oracle,2.56039765010141,0.7135529177770302,0.7153918288961995,0.3040232225217493,60.074221860626956,0.0,0.8530154897673993
05,pscore_mode,noised_1.0,1014,dm,q_shrink09,nan,0.6932807440730274,0.7153918288961995,0.3040232225217493,60.074221860626956,0.0,nan
05,pscore_mode,noised_1.0,1014,ips,q_shrink09,nan,1.190173095951312,0.7153918288961995,0.3040232225217493,60.074221860626956,0.0,0.3040232225217493
05,pscore_mode,noised_1.0,1014,snips,q_shrink09,nan,0.7110908219209441,0.7153918288961995,0.3040232225217493,60.074221860626956,0.0,0.3040232225217493
05,pscore_mode,noised_1.0,1014,clipped_ips,q_shrink09,1.600124260831455,0.6277043924564694,0.7153918288961995,0.3040232225217493,60.074221860626956,0.0,0.744373008863844
05,pscore_mode,noised_1.0,1014,dr,q_shrink09,nan,0.7277001119752883,0.7153918288961995,0.3040232225217493,60.074221860626956,0.0,0.3040232225217493
05,pscore_mode,noised_1.0,1014,switch_dr,q_shrink09,1.7739793877440118,0.6953982779788221,0.7153918288961995,0.3040232225217493,60.074221860626956,0.0,0.5103234327326219
05,pscore_mode,noised_1.0,1014,dros,q_shrink09,2.56039765010141,0.6990838108137062,0.7153918288961995,0.3040232225217493,60.074221860626956,0.0,0.8530154897673993
05,pscore_mode,true,1015,dm,q_oracle,nan,0.7144575536691703,0.7153918288961995,0.8226587829028648,2.7977602058443694,0.0,nan
05,pscore_mode,true,1015,ips,q_oracle,nan,0.7094190652320173,0.7153918288961995,0.8226587829028648,2.7977602058443694,0.0,0.8226587829028648
05,pscore_mode,true,1015,snips,q_oracle,nan,0.710818091193537,0.7153918288961995,0.8226587829028648,2.7977602058443694,0.0,0.8226587829028648
05,pscore_mode,true,1015,clipped_ips,q_oracle,1.6073608109228403,0.690285580872394,0.7153918288961995,0.8226587829028648,2.7977602058443694,0.0,0.8405669225776075
05,pscore_mode,true,1015,dr,q_oracle,nan,0.7116550611906786,0.7153918288961995,0.8226587829028648,2.7977602058443694,0.0,0.8226587829028648
05,pscore_mode,true,1015,switch_dr,q_oracle,1.7599085648286958,0.7101319646536192,0.7153918288961995,0.8226587829028648,2.7977602058443694,0.0,0.7959376418484141
05,pscore_mode,true,1015,dros,q_oracle,2.583608776490531,0.7131196824272089,0.7153918288961995,0.8226587829028648,2.7977602058443694,0.0,0.9350701903724801
05,pscore_mode,true,1015,dm,q_shrink09,nan,0.6930117983022533,0.7153918288961995,0.8226587829028648,2.7977602058443694,0.0,nan
05,pscore_mode,true,1015,ips,q_shrink09,nan,0.7094190652320173,0.7153918288961995,0.8226587829028648,2.7977602058443694,0.0,0.8226587829028648
05,pscore_mode,true,1015,snips,q_shrink09,nan,0.710818091193537,0.7153918288961995,0.8226587829028648,2.7977602058443694,0.0,0.8226587829028648
05,pscore_mode,true,1015,clipped_ips,q_shrink09,1.6073608109228403,0.690285580872394,0.7153918288961995,0.8226587829028648,2.7977602058443694,0.0,0.8405669225776075
05,pscore_mode,true,1015,dr,q_shrink09,nan,0.7115298711583037,0.7153918288961995,0.8226587829028648,2.7977602058443694,0.0,0.8226587829028648
05,pscore_mode,true,1015,switch_dr,q_shrink09,1.7599085648286958,0.7059456281705648,0.7153918288961995,0.8226587829028648,2.7977602058443694,0.0,0.7959376418484141
05,pscore_mode,true,1015,dros,q_shrink09,2.583608776490531,0.702209741840149,0.7153918288961995,0.8226587829028648,2.7977602058443694,0.0,0.9350701903724801
05,pscore_mode,estimated,1015,dm,q_oracle,nan,0.7144575536691703,0.7153918288961995,0.8015067852172874,3.1563506723864876,0.0,nan
05,pscore_mode,estimated,1015,ips,q_oracle,nan,0.7257675375877553,0.7153918288961995,0.8015067852172874,3.1563506723864876,0.0,0.8015067852172874
05,pscore_mode,estimated,1015,snips,q_oracle,nan,0.7144810370749666,0.7153918288961995,0.8015067852172874,3.1563506723864876,0.0,0.8015067852172874
05,pscore_mode,estimated,1015,clipped_ips,q_oracle,1.6073608109228403,0.6949747588698414,0.7153918288961995,0.8015067852172874,3.1563506723864876,0.0,0.8312138458842441
05,pscore_mode,estimated,1015,dr,q_oracle,nan,0.7118740510556667,0.7153918288961995,0.8015067852172874,3.1563506723864876,0.0,0.8015067852172874
05,pscore_mode,estimated,1015,switch_dr,q_oracle,1.7599085648286958,0.7093137566721905,0.7153918288961995,0.8015067852172874,3.1563506723864876,0.0,0.7672385095778169
05,pscore_mode,estimated,1015,dros,q_oracle,2.583608776490531,0.7128055738925979,0.7153918288961995,0.8015067852172874,3.1563506723864876,0.0,0.928368021981008
05,pscore_mode,estimated,1015,dm,q_shrink09,nan,0.6930117983022533,0.7153918288961995,0.8015067852172874,3.1563506723864876,0.0,nan
05,pscore_mode,estimated,1015,ips,q_shrink09,nan,0.7257675375877553,0.7153918288961995,0.8015067852172874,3.1563506723864876,0.0,0.8015067852172874
05,pscore_mode,estimated,1015,snips,q_shrink09,nan,0.7144810370749666,0.7153918288961995,0.8015067852172874,3.1563506723864876,0.0,0.8015067852172874
05,pscore_mode,estimated,1015,clipped_ips,q_shrink09,1.6073608109228403,0.6949747588698414,0.7153918288961995,0.8015067852172874,3.1563506723864876,0.0,0.8312138458842441
05,pscore_mode,estimated,1015,dr,q_shrink09,nan,0.712473560655974,0.7153918288961995,0.8015067852172874,3.1563506723864876,0.0,0.8015067852172874
05,pscore_mode,estimated,1015,switch_dr,q_shrink09,1.7599085648286958,0.7042530294628744,0.7153918288961995,0.8015067852172874,3.1563506723864876,0.0,0.7672385095778169
05,pscore_mode,estimated,1015,dros,q_shrink09,2.583608776490531,0.70200401411501,0.7153918288961995,0.8015067852172874,3.1563506723864876,0.0,0.928368021981008
05,pscore_mode,noised_0.1,1015,dm,q_oracle,nan,0.7144575536691703,0.7153918288961995,0.8144388362978181,3.3812012310446224,0.0,nan
05,pscore_mode,noised_0.1,1015,ips,q_oracle,nan,0.7135930171019684,0.7153918288961995,0.8144388362978181,3.3812012310446224,0.0,0.8144388362978181
05,pscore_mode,noised_0.1,1015,snips,q_oracle,nan,0.7102905419596378,0.7153918288961995,0.8144388362978181,3.3812012310446224,0.0,0.8144388362978181
05,pscore_mode,noised_0.1,1015,clipped_ips,q_oracle,1.6073608109228403,0.6892769340051152,0.7153918288961995,0.8144388362978181,3.3812012310446224,0.0,0.8382421863604759
05,pscore_mode,noised_0.1,1015,dr,q_oracle,nan,0.7108821411921796,0.7153918288961995,0.8144388362978181,3.3812012310446224,0.0,0.8144388362978181
05,pscore_mode,noised_0.1,1015,switch_dr,q_oracle,1.7599085648286958,0.7118667454911974,0.7153918288961995,0.8144388362978181,3.3812012310446224,0.0,0.7836368286024208
05,pscore_mode,noised_0.1,1015,dros,q_oracle,2.583608776490531,0.7130461841056684,0.7153918288961995,0.8144388362978181,3.3812012310446224,0.0,0.9346328373538929
05,pscore_mode,noised_0.1,1015,dm,q_shrink09,nan,0.6930117983022533,0.7153918288961995,0.8144388362978181,3.3812012310446224,0.0,nan
05,pscore_mode,noised_0.1,1015,ips,q_shrink09,nan,0.7135930171019684,0.7153918288961995,0.8144388362978181,3.3812012310446224,0.0,0.8144388362978181
05,pscore_mode,noised_0.1,1015,snips,q_shrink09,nan,0.7102905419596378,0.7153918288961995,0.8144388362978181,3.3812012310446224,0.0,0.8144388362978181
05,pscore_mode,noised_0.1,1015,clipped_ips,q_shrink09,1.6073608109228403,0.6892769340051152,0.7153918288961995,0.8144388362978181,3.3812012310446224,0.0,0.8382421863604759
05,pscore_mode,noised_0.1,1015,dr,q_shrink09,nan,0.7109207552425972,0.7153918288961995,0.8144388362978181,3.3812012310446224,0.0,0.8144388362978181
05,pscore_mode,noised_0.1,1015,switch_dr,q_shrink09,1.7599085648286958,0.7068091458295648,0.7153918288961995,0.8144388362978181,3.3812012310446224,0.0,0.7836368286024208
05,pscore_mode,noised_0.1,1015,dros,q_shrink09,2.583608776490531,0.7020706986647653,0.7153918288961995,0.8144388362978181,3.3812012310446224,0.0,0.9346328373538929
05,pscore_mode,noised_0.25,1015,dm,q_oracle,nan,0.7144575536691703,0.7153918288961995,0.7739589006012844,4.5008488252603,0.0,nan
05,pscore_mode,noised_0.25,1015,ips,q_oracle,nan,0.732997222790232,0.7153918288961995,0.7739589006012844,4.5008488252603,0.0,0.7739589006012844
05,pscore_mode,noised_0.25,1015,snips,q_oracle,nan,0.7093434357589817,0.7153918288961995,0.7739589006012844,4.5008488252603,0.0,0.7739589006012844
05,pscore_mode,noised_0.25,1015,clipped_ips,q_oracle,1.6073608109228403,0.6822739680383721,0.7153918288961995,0.7739589006012844,4.5008488252603,0.0,0.8275881577843085
05,pscore_mode,noised_0.25,1015,dr,q_oracle,nan,0.7095191997836362,0.7153918288961995,0.7739589006012844,4.5008488252603,0.0,0.7739589006012844
05,pscore_mode,noised_0.25,1015,switch_dr,q_oracle,1.7599085648286958,0.7105783417277413,0.7153918288961995,0.7739589006012844,4.5008488252603,0.0,0.7383420555139237
05,pscore_mode,noised_0.25,1015,dros,q_oracle,2.583608776490531,0.7130689606896279,0.7153918288961995,0.7739589006012844,4.5008488252603,0.0,0.9310121188920204
05,pscore_mode,noised_0.25,1015,dm,q_shrink09,nan,0.6930117983022533,0.7153918288961995,0.7739589006012844,4.5008488252603,0.0,nan
05,pscore_mode,noised_0.25,1015,ips,q_shrink09,nan,0.732997222790232,0.7153918288961995,0.7739589006012844,4.5008488252603,0.0,0.7739589006012844
05,pscore_mode,noised_0.25,1015,snips,q_shrink09,nan,0.7093434357589817,0.7153918288961995,0.7739589006012844,4.5008488252603,0.0,0.7739589006012844
05,pscore_mode,noised_0.25,1015,clipped_ips,q_shrink09,1.6073608109228403,0.6822739680383721,0.7153918288961995,0.7739589006012844,4.5008488252603,0.0,0.8275881577843085
05,pscore_mode,noised_0.25,1015,dr,q_shrink09,nan,0.7101997006165701,0.7153918288961995,0.7739589006012844,4.5008488252603,0.0,0.7739589006012844
05,pscore_mode,noised_0.25,1015,switch_dr,q_shrink09,1.7599085648286958,0.7027012158447391,0.7153918288961995,0.7739589006012844,4.5008488252603,0.0,0.7383420555139237
05,pscore_mode,noised_0.25,1015,dros,q_shrink09,2.583608776490531,0.7017691647623076,0.7153918288961995,0.7739589006012844,4.5008488252603,0.0,0.9310121188920204
05,pscore_mode,noised_0.5,1015,dm,q_oracle,nan,0.7144575536691703,0.7153918288961995,0.6455345942847684,9.558324298014568,0.0,nan
05,pscore_mode,noised_0.5,1015,ips,q_oracle,nan,0.8044233731072642,0.7153918288961995,0.6455345942847684,9.558324298014568,0.0,0.6455345942847684
05,pscore_mode,noised_0.5,1015,snips,q_oracle,nan,0.7074825591400795,0.7153918288961995,0.6455345942847684,9.558324298014568,0.0,0.6455345942847684
05,pscore_mode,noised_0.5,1015,clipped_ips,q_oracle,1.6073608109228403,0.6643445991123469,0.7153918288961995,0.6455345942847684,9.558324298014568,0.0,0.8009634522658409
05,pscore_mode,noised_0.5,1015,dr,q_oracle,nan,0.7064764169545448,0.7153918288961995,0.6455345942847684,9.558324298014568,0.0,0.6455345942847684
05,pscore_mode,noised_0.5,1015,switch_dr,q_oracle,1.7599085648286958,0.7153157789389528,0.7153918288961995,0.6455345942847684,9.558324298014568,0.0,0.6534775387558134
05,pscore_mode,noised_0.5,1015,dros,q_oracle,2.583608776490531,0.7133232212880312,0.7153918288961995,0.6455345942847684,9.558324298014568,0.0,0.9154705725262294
05,pscore_mode,noised_0.5,1015,dm,q_shrink09,nan,0.6930117983022533,0.7153918288961995,0.6455345942847684,9.558324298014568,0.0,nan
05,pscore_mode,noised_0.5,1015,ips,q_shrink09,nan,0.8044233731072642,0.7153918288961995,0.6455345942847684,9.558324298014568,0.0,0.6455345942847684
05,pscore_mode,noised_0.5,1015,snips,q_shrink09,nan,0.7074825591400795,0.7153918288961995,0.6455345942847684,9.558324298014568,0.0,0.6455345942847684
05,pscore_mode,noised_0.5,1015,clipped_ips,q_shrink09,1.6073608109228403,0.6643445991123469,0.7153918288961995,0.6455345942847684,9.558324298014568,0.0,0.8009634522658409
05,pscore_mode,noised_0.5,1015,dr,q_shrink09,nan,0.7094200027640136,0.7153918288961995,0.6455345942847684,9.558324298014568,0.0,0.6455345942847684
05,pscore_mode,noised_0.5,1015,switch_dr,q_shrink09,1.7599085648286958,0.7031113708257893,0.7153918288961995,0.6455345942847684,9.558324298014568,0.0,0.6534775387558134
05,pscore_mode,noised_0.5,1015,dros,q_shrink09,2.583608776490531,0.7010734897679569,0.7153918288961995,0.6455345942847684,9.558324298014568,0.0,0.9154705725262294
05,pscore_mode,noised_1.0,1015,dm,q_oracle,nan,0.7144575536691703,0.7153918288961995,0.3140540846283556,57.820595881776484,0.0,nan
05,pscore_mode,noised_1.0,1015,ips,q_oracle,nan,1.163125806285729,0.7153918288961995,0.3140540846283556,57.820595881776484,0.0,0.3140540846283556
05,pscore_mode,noised_1.0,1015,snips,q_oracle,nan,0.7034441398665373,0.7153918288961995,0.3140540846283556,57.820595881776484,0.0,0.3140540846283556
05,pscore_mode,noised_1.0,1015,clipped_ips,q_oracle,1.6073608109228403,0.6287308927655382,0.7153918288961995,0.3140540846283556,57.820595881776484,0.0,0.7439938099197412
05,pscore_mode,noised_1.0,1015,dr,q_oracle,nan,0.6943916887471869,0.7153918288961995,0.3140540846283556,57.820595881776484,0.0,0.3140540846283556
05,pscore_mode,noised_1.0,1015,switch_dr,q_oracle,1.7599085648286958,0.7151480045229855,0.7153918288961995,0.3140540846283556,57.820595881776484,0.0,0.5096943503607556
05,pscore_mode,noised_1.0,1015,dros,q_oracle,2.583608776490531,0.7137219428243515,0.7153918288961995,0.3140540846283556,57.820595881776484,0.0,0.8528384898614663
05,pscore_mode,noised_1.0,1015,dm,q_shrink09,nan,0.6930117983022533,0.7153918288961995,0.3140540846283556,57.820595881776484,0.0,nan
05,pscore_mode,noised_1.0,1015,ips,q_shrink09,nan,1.163125806285729,0.7153918288961995,0.3140540846283556,57.820595881776484,0.0,0.3140540846283556
05,pscore_mode,noised_1.0,1015,snips,q_shrink09,nan,0.7034441398665373,0.7153918288961995,0.3140540846283556,57.820595881776484,0.0,0.3140540846283556
05,pscore_mode,noised_1.0,1015,clipped_ips,q_shrink09,1.6073608109228403,0.6287308927655382,0.7153918288961995,0.3140540846283556,57.820595881776484,0.0,0.7439938099197412
05,pscore_mode,noised_1.0,1015,dr,q_shrink09,nan,0.7085914566132403,0.7153918288961995,0.3140540846283556,57.820595881776484,0.0,0.3140540846283556
05,pscore_mode,noised_1.0,1015,switch_dr,q_shrink09,1.7599085648286958,0.6987938477981309,0.7153918288961995,0.3140540846283556,57.820595881776484,0.0,0.5096943503607556
05,pscore_mode,noised_1.0,1015,dros,q_shrink09,2.583608776490531,0.699317633045251,0.7153918288961995,0.3140540846283556,57.820595881776484,0.0,0.8528384898614663
05,pscore_mode,true,1016,dm,q_oracle,nan,0.7180462678585192,0.7153918288961995,0.8225817871717698,2.659992457813516,0.0,nan
05,pscore_mode,true,1016,ips,q_oracle,nan,0.7151983157627757,0.7153918288961995,0.8225817871717698,2.659992457813516,0.0,0.8225817871717698
05,pscore_mode,true,1016,snips,q_oracle,nan,0.7169473762250494,0.7153918288961995,0.8225817871717698,2.659992457813516,0.0,0.8225817871717698
05,pscore_mode,true,1016,clipped_ips,q_oracle,1.6053768486418096,0.6958247116219464,0.7153918288961995,0.8225817871717698,2.659992457813516,0.0,0.8412101965216572
05,pscore_mode,true,1016,dr,q_oracle,nan,0.718947178832656,0.7153918288961995,0.8225817871717698,2.659992457813516,0.0,0.8225817871717698
05,pscore_mode,true,1016,switch_dr,q_oracle,1.768398369525428,0.72009025203499,0.7153918288961995,0.8225817871717698,2.659992457813516,0.0,0.796299161997232
05,pscore_mode,true,1016,dros,q_oracle,2.5772348261551077,0.7191890577931829,0.7153918288961995,0.8225817871717698,2.659992457813516,0.0,0.9359250095357547
05,pscore_mode,true,1016,dm,q_shrink09,nan,0.6962416410726673,0.7153918288961995,0.8225817871717698,2.659992457813516,0.0,nan
05,pscore_mode,true,1016,ips,q_shrink09,nan,0.7151983157627757,0.7153918288961995,0.8225817871717698,2.659992457813516,0.0,0.8225817871717698
05,pscore_mode,true,1016,snips,q_shrink09,nan,0.7169473762250494,0.7153918288961995,0.8225817871717698,2.659992457813516,0.0,0.8225817871717698
05,pscore_mode,true,1016,clipped_ips,q_shrink09,1.6053768486418096,0.6958247116219464,0.7153918288961995,0.8225817871717698,2.659992457813516,0.0,0.8412101965216572
05,pscore_mode,true,1016,dr,q_shrink09,nan,0.7186942722218266,0.7153918288961995,0.8225817871717698,2.659992457813516,0.0,0.8225817871717698
05,pscore_mode,true,1016,switch_dr,q_shrink09,1.768398369525428,0.7157981918763642,0.7153918288961995,0.8225817871717698,2.659992457813516,0.0,0.796299161997232
05,pscore_mode,true,1016,dros,q_shrink09,2.5772348261551077,0.7080984220408577,0.7153918288961995,0.8225817871717698,2.659992457813516,0.0,0.9359250095357547
05,pscore_mode,estimated,1016,dm,q_oracle,nan,0.7180462678585192,0.7153918288961995,0.8019577913068052,3.3546480365984492,0.0,nan
05,pscore_mode,estimated,1016,ips,q_oracle,nan,0.733893145172794,0.7153918288961995,0.8019577913068052,3.3546480365984492,0.0,0.8019577913068052
05,pscore_mode,estimated,1016,snips,q_oracle,nan,0.7208210679329301,0.7153918288961995,0.8019577913068052,3.3546480365984492,0.0,0.8019577913068052
05,pscore_mode,estimated,1016,clipped_ips,q_oracle,1.6053768486418096,0.7030228537185792,0.7153918288961995,0.8019577913068052,3.3546480365984492,0.0,0.8314196830755727
05,pscore_mode,estimated,1016,dr,q_oracle,nan,0.7185746897763936,0.7153918288961995,0.8019577913068052,3.3546480365984492,0.0,0.8019577913068052
05,pscore_mode,estimated,1016,switch_dr,q_oracle,1.768398369525428,0.7197527841797516,0.7153918288961995,0.8019577913068052,3.3546480365984492,0.0,0.7649984291671915
05,pscore_mode,estimated,1016,dros,q_oracle,2.5772348261551077,0.7192406174750005,0.7153918288961995,0.8019577913068052,3.3546480365984492,0.0,0.9288200215022034
05,pscore_mode,estimated,1016,dm,q_shrink09,nan,0.6962416410726673,0.7153918288961995,0.8019577913068052,3.3546480365984492,0.0,nan
05,pscore_mode,estimated,1016,ips,q_shrink09,nan,0.733893145172794,0.7153918288961995,0.8019577913068052,3.3546480365984492,0.0,0.8019577913068052
05,pscore_mode,estimated,1016,snips,q_shrink09,nan,0.7208210679329301,0.7153918288961995,0.8019577913068052,3.3546480365984492,0.0,0.8019577913068052
05,pscore_mode,estimated,1016,clipped_ips,q_shrink09,1.6053768486418096,0.7030228537185792,0.7153918288961995,0.8019577913068052,3.3546480365984492,0.0,0.8314196830755727
05,pscore_mode,estimated,1016,dr,q_shrink09,nan,0.7191997862057897,0.7153918288961995,0.8019577913068052,3.3546480365984492,0.0,0.8019577913068052
05,pscore_mode,estimated,1016,switch_dr,q_shrink09,1.768398369525428,0.7145948936441948,0.7153918288961995,0.8019577913068052,3.3546480365984492,0.0,0.7649984291671915
05,pscore_mode,estimated,1016,dros,q_shrink09,2.5772348261551077,0.7082887372480327,0.7153918288961995,0.8019577913068052,3.3546480365984492,0.0,0.9288200215022034
05,pscore_mode,noised_0.1,1016,dm,q_oracle,nan,0.7180462678585192,0.7153918288961995,0.8142717975367485,3.357587280615914,0.0,nan
05,pscore_mode,noised_0.1,1016,ips,q_oracle,nan,0.7186165986369314,0.7153918288961995,0.8142717975367485,3.357587280615914,0.0,0.8142717975367485
05,pscore_mode,noised_0.1,1016,snips,q_oracle,nan,0.7171935471267719,0.7153918288961995,0.8142717975367485,3.357587280615914,0.0,0.8142717975367485
05,pscore_mode,noised_0.1,1016,clipped_ips,q_oracle,1.6053768486418096,0.6942440197042681,0.7153918288961995,0.8142717975367485,3.357587280615914,0.0,0.8388669021922538
05,pscore_mode,noised_0.1,1016,dr,q_oracle,nan,0.7192049550255422,0.7153918288961995,0.8142717975367485,3.357587280615914,0.0,0.8142717975367485
05,pscore_mode,noised_0.1,1016,switch_dr,q_oracle,1.768398369525428,0.7207828138957967,0.7153918288961995,0.8142717975367485,3.357587280615914,0.0,0.7850895791855804
05,pscore_mode,noised_0.1,1016,dros,q_oracle,2.5772348261551077,0.7192728701072431,0.7153918288961995,0.8142717975367485,3.357587280615914,0.0,0.9352681932659136
05,pscore_mode,noised_0.1,1016,dm,q_shrink09,nan,0.6962416410726673,0.7153918288961995,0.8142717975367485,3.357587280615914,0.0,nan
05,pscore_mode,noised_0.1,1016,ips,q_shrink09,nan,0.7186165986369314,0.7153918288961995,0.8142717975367485,3.357587280615914,0.0,0.8142717975367485
05,pscore_mode,noised_0.1,1016,snips,q_shrink09,nan,0.7171935471267719,0.7153918288961995,0.8142717975367485,3.357587280615914,0.0,0.8142717975367485
05,pscore_mode,noised_0.1,1016,clipped_ips,q_shrink09,1.6053768486418096,0.6942440197042681,0.7153918288961995,0.8142717975367485,3.357587280615914,0.0,0.8388669021922538
05,pscore_mode,noised_0.1,1016,dr,q_shrink09,nan,0.7190469096603902,0.7153918288961995,0.8142717975367485,3.357587280615914,0.0,0.8142717975367485
05,pscore_mode,noised_0.1,1016,switch_dr,q_shrink09,1.768398369525428,0.7157123606971926,0.7153918288961995,0.8142717975367485,3.357587280615914,0.0,0.7850895791855804
05,pscore_mode,noised_0.1,1016,dros,q_shrink09,2.5772348261551077,0.7081103900121528,0.7153918288961995,0.8142717975367485,3.357587280615914,0.0,0.9352681932659136
05,pscore_mode,noised_0.25,1016,dm,q_oracle,nan,0.7180462678585192,0.7153918288961995,0.771155562986913,4.811486589482293,0.0,nan
05,pscore_mode,noised_0.25,1016,ips,q_oracle,nan,0.7377736666360845,0.7153918288961995,0.771155562986913,4.811486589482293,0.0,0.771155562986913
05,pscore_mode,noised_0.25,1016,snips,q_oracle,nan,0.717606924217338,0.7153918288961995,0.771155562986913,4.811486589482293,0.0,0.771155562986913
05,pscore_mode,noised_0.25,1016,clipped_ips,q_oracle,1.6053768486418096,0.685991331090567,0.7153918288961995,0.771155562986913,4.811486589482293,0.0,0.8277899376564255
05,pscore_mode,noised_0.25,1016,dr,q_oracle,nan,0.7195273213820369,0.7153918288961995,0.771155562986913,4.811486589482293,0.0,0.771155562986913
05,pscore_mode,noised_0.25,1016,switch_dr,q_oracle,1.768398369525428,0.7203988661465256,0.7153918288961995,0.771155562986913,4.811486589482293,0.0,0.7406900141291803
05,pscore_mode,noised_0.25,1016,dros,q_oracle,2.5772348261551077,0.7194101977097378,0.7153918288961995,0.771155562986913,4.811486589482293,0.0,0.9311925550709933
05,pscore_mode,noised_0.25,1016,dm,q_shrink09,nan,0.6962416410726673,0.7153918288961995,0.771155562986913,4.811486589482293,0.0,nan
05,pscore_mode,noised_0.25,1016,ips,q_shrink09,nan,0.7377736666360845,0.7153918288961995,0.771155562986913,4.811486589482293,0.0,0.771155562986913
05,pscore_mode,noised_0.25,1016,snips,q_shrink09,nan,0.717606924217338,0.7153918288961995,0.771155562986913,4.811486589482293,0.0,0.771155562986913
05,pscore_mode,noised_0.25,1016,clipped_ips,q_shrink09,1.6053768486418096,0.685991331090567,0.7153918288961995,0.771155562986913,4.811486589482293,0.0,0.8277899376564255
05,pscore_mode,noised_0.25,1016,dr,q_shrink09,nan,0.7199468174020723,0.7153918288961995,0.771155562986913,4.811486589482293,0.0,0.771155562986913
05,pscore_mode,noised_0.25,1016,switch_dr,q_shrink09,1.768398369525428,0.712357544897497,0.7153918288961995,0.771155562986913,4.811486589482293,0.0,0.7406900141291803
05,pscore_mode,noised_0.25,1016,dros,q_shrink09,2.5772348261551077,0.7079030446531235,0.7153918288961995,0.771155562986913,4.811486589482293,0.0,0.9311925550709933
05,pscore_mode,noised_0.5,1016,dm,q_oracle,nan,0.7180462678585192,0.7153918288961995,0.6337076714894466,8.763936606933363,0.0,nan
05,pscore_mode,noised_0.5,1016,ips,q_oracle,nan,0.8111916362920094,0.7153918288961995,0.6337076714894466,8.763936606933363,0.0,0.6337076714894466
05,pscore_mode,noised_0.5,1016,snips,q_oracle,nan,0.7183038921942276,0.7153918288961995,0.6337076714894466,8.763936606933363,0.0,0.6337076714894466
05,pscore_mode,noised_0.5,1016,clipped_ips,q_oracle,1.6053768486418096,0.6664324069150338,0.7153918288961995,0.6337076714894466,8.763936606933363,0.0,0.7985059897290192
05,pscore_mode,noised_0.5,1016,dr,q_oracle,nan,0.719756229218833,0.7153918288961995,0.6337076714894466,8.763936606933363,0.0,0.6337076714894466
05,pscore_mode,noised_0.5,1016,switch_dr,q_oracle,1.768398369525428,0.7199315403063132,0.7153918288961995,0.6337076714894466,8.763936606933363,0.0,0.6541436836643186
05,pscore_mode,noised_0.5,1016,dros,q_oracle,2.5772348261551077,0.7195912292844706,0.7153918288961995,0.6337076714894466,8.763936606933363,0.0,0.914254429232536
05,pscore_mode,noised_0.5,1016,dm,q_shrink09,nan,0.6962416410726673,0.7153918288961995,0.6337076714894466,8.763936606933363,0.0,nan
05,pscore_mode,noised_0.5,1016,ips,q_shrink09,nan,0.8111916362920094,0.7153918288961995,0.6337076714894466,8.763936606933363,0.0,0.6337076714894466
05,pscore_mode,noised_0.5,1016,snips,q_shrink09,nan,0.7183038921942276,0.7153918288961995,0.6337076714894466,8.763936606933363,0.0,0.6337076714894466
05,pscore_mode,noised_0.5,1016,clipped_ips,q_shrink09,1.6053768486418096,0.6664324069150338,0.7153918288961995,0.6337076714894466,8.763936606933363,0.0,0.7985059897290192
05,pscore_mode,noised_0.5,1016,dr,q_shrink09,nan,0.7224340006948273,0.7153918288961995,0.6337076714894466,8.763936606933363,0.0,0.6337076714894466
05,pscore_mode,noised_0.5,1016,switch_dr,q_shrink09,1.768398369525428,0.7075381557565793,0.7153918288961995,0.6337076714894466,8.763936606933363,0.0,0.6541436836643186
05,pscore_mode,noised_0.5,1016,dros,q_shrink09,2.5772348261551077,0.7070905523965014,0.7153918288961995,0.6337076714894466,8.763936606933363,0.0,0.914254429232536
05,pscore_mode,noised_1.0,1016,dm,q_oracle,nan,0.7180462678585192,0.7153918288961995,0.28732656927982586,51.39100451293855,0.0,nan
05,pscore_mode,noised_1.0,1016,ips,q_oracle,nan,1.1882258211116414,0.7153918288961995,0.28732656927982586,51.39100451293855,0.0,0.28732656927982586
05,pscore_mode,noised_1.0,1016,snips,q_oracle,nan,0.7191571785057428,0.7153918288961995,0.28732656927982586,51.39100451293855,0.0,0.28732656927982586
05,pscore_mode,noised_1.0,1016,clipped_ips,q_oracle,1.6053768486418096,0.6293312599559872,0.7153918288961995,0.28732656927982586,51.39100451293855,0.0,0.7371234863223006
05,pscore_mode,noised_1.0,1016,dr,q_oracle,nan,0.7162831551332798,0.7153918288961995,0.28732656927982586,51.39100451293855,0.0,0.28732656927982586
05,pscore_mode,noised_1.0,1016,switch_dr,q_oracle,1.768398369525428,0.71608472354376,0.7153918288961995,0.28732656927982586,51.39100451293855,0.0,0.5080860945252909
05,pscore_mode,noised_1.0,1016,dros,q_oracle,2.5772348261551077,0.7195402992484666,0.7153918288961995,0.28732656927982586,51.39100451293855,0.0,0.8489710382616806
05,pscore_mode,noised_1.0,1016,dm,q_shrink09,nan,0.6962416410726673,0.7153918288961995,0.28732656927982586,51.39100451293855,0.0,nan
05,pscore_mode,noised_1.0,1016,ips,q_shrink09,nan,1.1882258211116414,0.7153918288961995,0.28732656927982586,51.39100451293855,0.0,0.28732656927982586
05,pscore_mode,noised_1.0,1016,snips,q_shrink09,nan,0.7191571785057428,0.7153918288961995,0.28732656927982586,51.39100451293855,0.0,0.28732656927982586
05,pscore_mode,noised_1.0,1016,clipped_ips,q_shrink09,1.6053768486418096,0.6293312599559872,0.7153918288961995,0.28732656927982586,51.39100451293855,0.0,0.7371234863223006
05,pscore_mode,noised_1.0,1016,dr,q_shrink09,nan,0.7308650348548196,0.7153918288961995,0.28732656927982586,51.39100451293855,0.0,0.28732656927982586
05,pscore_mode,noised_1.0,1016,switch_dr,q_shrink09,1.768398369525428,0.6994877776864008,0.7153918288961995,0.28732656927982586,51.39100451293855,0.0,0.5080860945252909
05,pscore_mode,noised_1.0,1016,dros,q_shrink09,2.5772348261551077,0.7048202048889888,0.7153918288961995,0.28732656927982586,51.39100451293855,0.0,0.8489710382616806
05,pscore_mode,true,1017,dm,q_oracle,nan,0.7144433594550903,0.7153918288961995,0.8223794022710401,2.7369894859967614,0.0,nan
05,pscore_mode,true,1017,ips,q_oracle,nan,0.7073512385008729,0.7153918288961995,0.8223794022710401,2.7369894859967614,0.0,0.8223794022710401
05,pscore_mode,true,1017,snips,q_oracle,nan,0.7088358340919113,0.7153918288961995,0.8223794022710401,2.7369894859967614,0.0,0.8223794022710401
05,pscore_mode,true,1017,clipped_ips,q_oracle,1.6012470320289793,0.686506792055553,0.7153918288961995,0.8223794022710401,2.7369894859967614,0.0,0.8417702644964272
05,pscore_mode,true,1017,dr,q_oracle,nan,0.7099731376403389,0.7153918288961995,0.8223794022710401,2.7369894859967614,0.0,0.8223794022710401
05,pscore_mode,true,1017,switch_dr,q_oracle,1.7763514969127792,0.7094221699529708,0.7153918288961995,0.8223794022710401,2.7369894859967614,0.0,0.7965532682809126
05,pscore_mode,true,1017,dros,q_oracle,2.5639920575816153,0.7112353373223592,0.7153918288961995,0.8223794022710401,2.7369894859967614,0.0,0.9364547657177494
05,pscore_mode,true,1017,dm,q_shrink09,nan,0.6929990235095813,0.7153918288961995,0.8223794022710401,2.7369894859967614,0.0,nan
05,pscore_mode,true,1017,ips,q_shrink09,nan,0.7073512385008729,0.7153918288961995,0.8223794022710401,2.7369894859967614,0.0,0.8223794022710401
05,pscore_mode,true,1017,snips,q_shrink09,nan,0.7088358340919113,0.7153918288961995,0.8223794022710401,2.7369894859967614,0.0,0.8223794022710401
05,pscore_mode,true,1017,clipped_ips,q_shrink09,1.6012470320289793,0.686506792055553,0.7153918288961995,0.8223794022710401,2.7369894859967614,0.0,0.8417702644964272
05,pscore_mode,true,1017,dr,q_shrink09,nan,0.7098156684190855,0.7153918288961995,0.8223794022710401,2.7369894859967614,0.0,0.8223794022710401
05,pscore_mode,true,1017,switch_dr,q_shrink09,1.7763514969127792,0.7051400759034454,0.7153918288961995,0.8223794022710401,2.7369894859967614,0.0,0.7965532682809126
05,pscore_mode,true,1017,dros,q_shrink09,2.5639920575816153,0.7002506444442584,0.7153918288961995,0.8223794022710401,2.7369894859967614,0.0,0.9364547657177494
05,pscore_mode,estimated,1017,dm,q_oracle,nan,0.7144433594550903,0.7153918288961995,0.8028763064034455,2.992931534602741,0.0,nan
05,pscore_mode,estimated,1017,ips,q_oracle,nan,0.7248498254602688,0.7153918288961995,0.8028763064034455,2.992931534602741,0.0,0.8028763064034455
05,pscore_mode,estimated,1017,snips,q_oracle,nan,0.7130251949503956,0.7153918288961995,0.8028763064034455,2.992931534602741,0.0,0.8028763064034455
05,pscore_mode,estimated,1017,clipped_ips,q_oracle,1.6012470320289793,0.6936852319169238,0.7153918288961995,0.8028763064034455,2.992931534602741,0.0,0.8310957221732306
05,pscore_mode,estimated,1017,dr,q_oracle,nan,0.7099187242223308,0.7153918288961995,0.8028763064034455,2.992931534602741,0.0,0.8028763064034455
05,pscore_mode,estimated,1017,switch_dr,q_oracle,1.7763514969127792,0.7075083781771891,0.7153918288961995,0.8028763064034455,2.992931534602741,0.0,0.7677264613807728
05,pscore_mode,estimated,1017,dros,q_oracle,2.5639920575816153,0.7112057533768955,0.7153918288961995,0.8028763064034455,2.992931534602741,0.0,0.9299114812887892
05,pscore_mode,estimated,1017,dm,q_shrink09,nan,0.6929990235095813,0.7153918288961995,0.8028763064034455,2.992931534602741,0.0,nan
05,pscore_mode,estimated,1017,ips,q_shrink09,nan,0.7248498254602688,0.7153918288961995,0.8028763064034455,2.992931534602741,0.0,0.8028763064034455
05,pscore_mode,estimated,1017,snips,q_shrink09,nan,0.7130251949503956,0.7153918288961995,0.8028763064034455,2.992931534602741,0.0,0.8028763064034455
05,pscore_mode,estimated,1017,clipped_ips,q_shrink09,1.6012470320289793,0.6936852319169238,0.7153918288961995,0.8028763064034455,2.992931534602741,0.0,0.8310957221732306
05,pscore_mode,estimated,1017,dr,q_shrink09,nan,0.7105826469209386,0.7153918288961995,0.8028763064034455,2.992931534602741,0.0,0.8028763064034455
05,pscore_mode,estimated,1017,switch_dr,q_shrink09,1.7763514969127792,0.7026574312607483,0.7153918288961995,0.8028763064034455,2.992931534602741,0.0,0.7677264613807728
05,pscore_mode,estimated,1017,dros,q_shrink09,2.5639920575816153,0.7003354853035129,0.7153918288961995,0.8028763064034455,2.992931534602741,0.0,0.9299114812887892
05,pscore_mode,noised_0.1,1017,dm,q_oracle,nan,0.7144433594550903,0.7153918288961995,0.8142819702052371,3.214462905971102,0.0,nan
05,pscore_mode,noised_0.1,1017,ips,q_oracle,nan,0.7119413737834513,0.7153918288961995,0.8142819702052371,3.214462905971102,0.0,0.8142819702052371
05,pscore_mode,noised_0.1,1017,snips,q_oracle,nan,0.7088016347626596,0.7153918288961995,0.8142819702052371,3.214462905971102,0.0,0.8142819702052371
05,pscore_mode,noised_0.1,1017,clipped_ips,q_oracle,1.6012470320289793,0.6855128958514671,0.7153918288961995,0.8142819702052371,3.214462905971102,0.0,0.8394874479527847
05,pscore_mode,noised_0.1,1017,dr,q_oracle,nan,0.7098974064139453,0.7153918288961995,0.8142819702052371,3.214462905971102,0.0,0.8142819702052371
05,pscore_mode,noised_0.1,1017,switch_dr,q_oracle,1.7763514969127792,0.7072296106521332,0.7153918288961995,0.8142819702052371,3.214462905971102,0.0,0.785464760702338
05,pscore_mode,noised_0.1,1017,dros,q_oracle,2.5639920575816153,0.7112334423552886,0.7153918288961995,0.8142819702052371,3.214462905971102,0.0,0.9357679049791333
05,pscore_mode,noised_0.1,1017,dm,q_shrink09,nan,0.6929990235095813,0.7153918288961995,0.8142819702052371,3.214462905971102,0.0,nan
05,pscore_mode,noised_0.1,1017,ips,q_shrink09,nan,0.7119413737834513,0.7153918288961995,0.8142819702052371,3.214462905971102,0.0,0.8142819702052371
05,pscore_mode,noised_0.1,1017,snips,q_shrink09,nan,0.7088016347626596,0.7153918288961995,0.8142819702052371,3.214462905971102,0.0,0.8142819702052371
05,pscore_mode,noised_0.1,1017,clipped_ips,q_shrink09,1.6012470320289793,0.6855128958514671,0.7153918288961995,0.8142819702052371,3.214462905971102,0.0,0.8394874479527847
05,pscore_mode,noised_0.1,1017,dr,q_shrink09,nan,0.7098803209429829,0.7153918288961995,0.8142819702052371,3.214462905971102,0.0,0.8142819702052371
05,pscore_mode,noised_0.1,1017,switch_dr,q_shrink09,1.7763514969127792,0.702221308039202,0.7153918288961995,0.8142819702052371,3.214462905971102,0.0,0.785464760702338
05,pscore_mode,noised_0.1,1017,dros,q_shrink09,2.5639920575816153,0.7001819313345308,0.7153918288961995,0.8142819702052371,3.214462905971102,0.0,0.9357679049791333
05,pscore_mode,noised_0.25,1017,dm,q_oracle,nan,0.7144433594550903,0.7153918288961995,0.7741103069525975,4.5764503956933344,0.0,nan
05,pscore_mode,noised_0.25,1017,ips,q_oracle,nan,0.7321313407439832,0.7153918288961995,0.7741103069525975,4.5764503956933344,0.0,0.7741103069525975
05,pscore_mode,noised_0.25,1017,snips,q_oracle,nan,0.708537843068234,0.7153918288961995,0.7741103069525975,4.5764503956933344,0.0,0.7741103069525975
05,pscore_mode,noised_0.25,1017,clipped_ips,q_oracle,1.6012470320289793,0.6780178251541391,0.7153918288961995,0.7741103069525975,4.5764503956933344,0.0,0.8287093538158011
05,pscore_mode,noised_0.25,1017,dr,q_oracle,nan,0.7095992138242238,0.7153918288961995,0.7741103069525975,4.5764503956933344,0.0,0.7741103069525975
05,pscore_mode,noised_0.25,1017,switch_dr,q_oracle,1.7763514969127792,0.7071673115390791,0.7153918288961995,0.7741103069525975,4.5764503956933344,0.0,0.7384762099923341
05,pscore_mode,noised_0.25,1017,dros,q_oracle,2.5639920575816153,0.7112791501487371,0.7153918288961995,0.7741103069525975,4.5764503956933344,0.0,0.9315758483085345
05,pscore_mode,noised_0.25,1017,dm,q_shrink09,nan,0.6929990235095813,0.7153918288961995,0.7741103069525975,4.5764503956933344,0.0,nan
05,pscore_mode,noised_0.25,1017,ips,q_shrink09,nan,0.7321313407439832,0.7153918288961995,0.7741103069525975,4.5764503956933344,0.0,0.7741103069525975
05,pscore_mode,noised_0.25,1017,snips,q_shrink09,nan,0.708537843068234,0.7153918288961995,0.7741103069525975,4.5764503956933344,0.0,0.7741103069525975
05,pscore_mode,noised_0.25,1017,clipped_ips,q_shrink09,1.6012470320289793,0.6780178251541391,0.7153918288961995,0.7741103069525975,4.5764503956933344,0.0,0.8287093538158011
05,pscore_mode,noised_0.25,1017,dr,q_shrink09,nan,0.7101874838524754,0.7153918288961995,0.7741103069525975,4.5764503956933344,0.0,0.7741103069525975
05,pscore_mode,noised_0.25,1017,switch_dr,q_shrink09,1.7763514969127792,0.6991355442414614,0.7153918288961995,0.7741103069525975,4.5764503956933344,0.0,0.7384762099923341
05,pscore_mode,noised_0.25,1017,dros,q_shrink09,2.5639920575816153,0.6999023161871314,0.7153918288961995,0.7741103069525975,4.5764503956933344,0.0,0.9315758483085345
05,pscore_mode,noised_0.5,1017,dm,q_oracle,nan,0.7144433594550903,0.7153918288961995,0.6496468755017673,8.245734129572885,0.0,nan
05,pscore_mode,noised_0.5,1017,ips,q_oracle,nan,0.8050226087031651,0.7153918288961995,0.6496468755017673,8.245734129572885,0.0,0.6496468755017673
05,pscore_mode,noised_0.5,1017,snips,q_oracle,nan,0.7075959135478462,0.7153918288961995,0.6496468755017673,8.245734129572885,0.0,0.6496468755017673
05,pscore_mode,noised_0.5,1017,clipped_ips,q_oracle,1.6012470320289793,0.6597776091865042,0.7153918288961995,0.6496468755017673,8.245734129572885,0.0,0.8003923891170474
05,pscore_mode,noised_0.5,1017,dr,q_oracle,nan,0.7086796554353259,0.7153918288961995,0.6496468755017673,8.245734129572885,0.0,0.6496468755017673
05,pscore_mode,noised_0.5,1017,switch_dr,q_oracle,1.7763514969127792,0.7094673158533937,0.7153918288961995,0.6496468755017673,8.245734129572885,0.0,0.651155775140418
05,pscore_mode,noised_0.5,1017,dros,q_oracle,2.5639920575816153,0.7114395120735943,0.7153918288961995,0.6496468755017673,8.245734129572885,0.0,0.9147587508153389
05,pscore_mode,noised_0.5,1017,dm,q_shrink09,nan,0.6929990235095813,0.7153918288961995,0.6496468755017673,8.245734129572885,0.0,nan
05,pscore_mode,noised_0.5,1017,ips,q_shrink09,nan,0.8050226087031651,0.7153918288961995,0.6496468755017673,8.245734129572885,0.0,0.6496468755017673
05,pscore_mode,noised_0.5,1017,snips,q_shrink09,nan,0.7075959135478462,0.7153918288961995,0.6496468755017673,8.245734129572885,0.0,0.6496468755017673
05,pscore_mode,noised_0.5,1017,clipped_ips,q_shrink09,1.6012470320289793,0.6597776091865042,0.7153918288961995,0.6496468755017673,8.245734129572885,0.0,0.8003923891170474
05,pscore_mode,noised_0.5,1017,dr,q_shrink09,nan,0.7114296052415974,0.7153918288961995,0.6496468755017673,8.245734129572885,0.0,0.6496468755017673
05,pscore_mode,noised_0.5,1017,switch_dr,q_shrink09,1.7763514969127792,0.6971853816972536,0.7153918288961995,0.6496468755017673,8.245734129572885,0.0,0.651155775140418
05,pscore_mode,noised_0.5,1017,dros,q_shrink09,2.5639920575816153,0.6991210821715498,0.7153918288961995,0.6496468755017673,8.245734129572885,0.0,0.9147587508153389
05,pscore_mode,noised_1.0,1017,dm,q_oracle,nan,0.7144433594550903,0.7153918288961995,0.33970742298897333,39.16011054375413,0.0,nan
05,pscore_mode,noised_1.0,1017,ips,q_oracle,nan,1.1637265524293197,0.7153918288961995,0.33970742298897333,39.16011054375413,0.0,0.33970742298897333
05,pscore_mode,noised_1.0,1017,snips,q_oracle,nan,0.7046130878826532,0.7153918288961995,0.33970742298897333,39.16011054375413,0.0,0.33970742298897333
05,pscore_mode,noised_1.0,1017,clipped_ips,q_oracle,1.6012470320289793,0.6239475203485169,0.7153918288961995,0.33970742298897333,39.16011054375413,0.0,0.741080928083548
05,pscore_mode,noised_1.0,1017,dr,q_oracle,nan,0.7057508437584997,0.7153918288961995,0.33970742298897333,39.16011054375413,0.0,0.33970742298897333
05,pscore_mode,noised_1.0,1017,switch_dr,q_oracle,1.7763514969127792,0.7106570415485354,0.7153918288961995,0.33970742298897333,39.16011054375413,0.0,0.5013519807870516
05,pscore_mode,noised_1.0,1017,dros,q_oracle,2.5639920575816153,0.7119475820644678,0.7153918288961995,0.33970742298897333,39.16011054375413,0.0,0.8508714760417432
05,pscore_mode,noised_1.0,1017,dm,q_shrink09,nan,0.6929990235095813,0.7153918288961995,0.33970742298897333,39.16011054375413,0.0,nan
05,pscore_mode,noised_1.0,1017,ips,q_shrink09,nan,1.1637265524293197,0.7153918288961995,0.33970742298897333,39.16011054375413,0.0,0.33970742298897333
05,pscore_mode,noised_1.0,1017,snips,q_shrink09,nan,0.7046130878826532,0.7153918288961995,0.33970742298897333,39.16011054375413,0.0,0.33970742298897333
05,pscore_mode,noised_1.0,1017,clipped_ips,q_shrink09,1.6012470320289793,0.6239475203485169,0.7153918288961995,0.33970742298897333,39.16011054375413,0.0,0.741080928083548
05,pscore_mode,noised_1.0,1017,dr,q_shrink09,nan,0.7189692962099493,0.7153918288961995,0.33970742298897333,39.16011054375413,0.0,0.33970742298897333
05,pscore_mode,noised_1.0,1017,switch_dr,q_shrink09,1.7763514969127792,0.6945003814863535,0.7153918288961995,0.33970742298897333,39.16011054375413,0.0,0.5013519807870516
05,pscore_mode,noised_1.0,1017,dros,q_shrink09,2.5639920575816153,0.6975411751686185,0.7153918288961995,0.33970742298897333,39.16011054375413,0.0,0.8508714760417432
05,pscore_mode,true,1018,dm,q_oracle,nan,0.7152834644012854,0.7153918288961995,0.8217891847025852,2.6824339898053178,0.0,nan
05,pscore_mode,true,1018,ips,q_oracle,nan,0.7081164930482644,0.7153918288961995,0.8217891847025852,2.6824339898053178,0.0,0.8217891847025852
05,pscore_mode,true,1018,snips,q_oracle,nan,0.711295667565787,0.7153918288961995,0.8217891847025852,2.6824339898053178,0.0,0.8217891847025852
05,pscore_mode,true,1018,clipped_ips,q_oracle,1.6085346761819477,0.6903666127813952,0.7153918288961995,0.8217891847025852,2.6824339898053178,0.0,0.8392625650282775
05,pscore_mode,true,1018,dr,q_oracle,nan,0.7121066330882138,0.7153918288961995,0.8217891847025852,2.6824339898053178,0.0,0.8217891847025852
05,pscore_mode,true,1018,switch_dr,q_oracle,1.7605193521366975,0.7167973396785094,0.7153918288961995,0.8217891847025852,2.6824339898053178,0.0,0.7946558713023014
05,pscore_mode,true,1018,dros,q_oracle,2.5873838044797632,0.7130128939126351,0.7153918288961995,0.8217891847025852,2.6824339898053178,0.0,0.9344901163537827
05,pscore_mode,true,1018,dm,q_shrink09,nan,0.693755117961157,0.7153918288961995,0.8217891847025852,2.6824339898053178,0.0,nan
05,pscore_mode,true,1018,ips,q_shrink09,nan,0.7081164930482644,0.7153918288961995,0.8217891847025852,2.6824339898053178,0.0,0.8217891847025852
05,pscore_mode,true,1018,snips,q_shrink09,nan,0.711295667565787,0.7153918288961995,0.8217891847025852,2.6824339898053178,0.0,0.8217891847025852
05,pscore_mode,true,1018,clipped_ips,q_shrink09,1.6085346761819477,0.6903666127813952,0.7153918288961995,0.8217891847025852,2.6824339898053178,0.0,0.8392625650282775
05,pscore_mode,true,1018,dr,q_shrink09,nan,0.7119310967927506,0.7153918288961995,0.8217891847025852,2.6824339898053178,0.0,0.8217891847025852
05,pscore_mode,true,1018,switch_dr,q_shrink09,1.7605193521366975,0.7126320014823058,0.7153918288961995,0.8217891847025852,2.6824339898053178,0.0,0.7946558713023014
05,pscore_mode,true,1018,dros,q_shrink09,2.5873838044797632,0.702044742876982,0.7153918288961995,0.8217891847025852,2.6824339898053178,0.0,0.9344901163537827
05,pscore_mode,estimated,1018,dm,q_oracle,nan,0.7152834644012854,0.7153918288961995,0.7994163687808657,3.0133891540390483,0.0,nan
05,pscore_mode,estimated,1018,ips,q_oracle,nan,0.7306715952813436,0.7153918288961995,0.7994163687808657,3.0133891540390483,0.0,0.7994163687808657
05,pscore_mode,estimated,1018,snips,q_oracle,nan,0.7174670887050262,0.7153918288961995,0.7994163687808657,3.0133891540390483,0.0,0.7994163687808657
05,pscore_mode,estimated,1018,clipped_ips,q_oracle,1.6085346761819477,0.7010708192874173,0.7153918288961995,0.7994163687808657,3.0133891540390483,0.0,0.8275043240968911
05,pscore_mode,estimated,1018,dr,q_oracle,nan,0.7129285142870176,0.7153918288961995,0.7994163687808657,3.0133891540390483,0.0,0.7994163687808657
05,pscore_mode,estimated,1018,switch_dr,q_oracle,1.7605193521366975,0.716424953343867,0.7153918288961995,0.7994163687808657,3.0133891540390483,0.0,0.7588852063367543
05,pscore_mode,estimated,1018,dros,q_oracle,2.5873838044797632,0.7133152182446713,0.7153918288961995,0.7994163687808657,3.0133891540390483,0.0,0.926678696158904
05,pscore_mode,estimated,1018,dm,q_shrink09,nan,0.693755117961157,0.7153918288961995,0.7994163687808657,3.0133891540390483,0.0,nan
05,pscore_mode,estimated,1018,ips,q_shrink09,nan,0.7306715952813436,0.7153918288961995,0.7994163687808657,3.0133891540390483,0.0,0.7994163687808657
05,pscore_mode,estimated,1018,snips,q_shrink09,nan,0.7174670887050262,0.7153918288961995,0.7994163687808657,3.0133891540390483,0.0,0.7994163687808657
05,pscore_mode,estimated,1018,clipped_ips,q_shrink09,1.6085346761819477,0.7010708192874173,0.7153918288961995,0.7994163687808657,3.0133891540390483,0.0,0.8275043240968911
05,pscore_mode,estimated,1018,dr,q_shrink09,nan,0.7137826055023455,0.7153918288961995,0.7994163687808657,3.0133891540390483,0.0,0.7994163687808657
05,pscore_mode,estimated,1018,switch_dr,q_shrink09,1.7605193521366975,0.7113058188582301,0.7153918288961995,0.7994163687808657,3.0133891540390483,0.0,0.7588852063367543
05,pscore_mode,estimated,1018,dros,q_shrink09,2.5873838044797632,0.702507295016926,0.7153918288961995,0.7994163687808657,3.0133891540390483,0.0,0.926678696158904
05,pscore_mode,noised_0.1,1018,dm,q_oracle,nan,0.7152834644012854,0.7153918288961995,0.8138283937855079,3.096601293563575,0.0,nan
05,pscore_mode,noised_0.1,1018,ips,q_oracle,nan,0.710936206525595,0.7153918288961995,0.8138283937855079,3.096601293563575,0.0,0.8138283937855079
05,pscore_mode,noised_0.1,1018,snips,q_oracle,nan,0.7107386549937525,0.7153918288961995,0.8138283937855079,3.096601293563575,0.0,0.8138283937855079
05,pscore_mode,noised_0.1,1018,clipped_ips,q_oracle,1.6085346761819477,0.6882440270388861,0.7153918288961995,0.8138283937855079,3.096601293563575,0.0,0.8368747352705004
05,pscore_mode,noised_0.1,1018,dr,q_oracle,nan,0.7117906875026804,0.7153918288961995,0.8138283937855079,3.096601293563575,0.0,0.8138283937855079
05,pscore_mode,noised_0.1,1018,switch_dr,q_oracle,1.7605193521366975,0.7165434598135527,0.7153918288961995,0.8138283937855079,3.096601293563575,0.0,0.7834537713407714
05,pscore_mode,noised_0.1,1018,dros,q_oracle,2.5873838044797632,0.7130477375946102,0.7153918288961995,0.8138283937855079,3.096601293563575,0.0,0.9337661038567195
05,pscore_mode,noised_0.1,1018,dm,q_shrink09,nan,0.693755117961157,0.7153918288961995,0.8138283937855079,3.096601293563575,0.0,nan
05,pscore_mode,noised_0.1,1018,ips,q_shrink09,nan,0.710936206525595,0.7153918288961995,0.8138283937855079,3.096601293563575,0.0,0.8138283937855079
05,pscore_mode,noised_0.1,1018,snips,q_shrink09,nan,0.7107386549937525,0.7153918288961995,0.8138283937855079,3.096601293563575,0.0,0.8138283937855079
05,pscore_mode,noised_0.1,1018,clipped_ips,q_shrink09,1.6085346761819477,0.6882440270388861,0.7153918288961995,0.8138283937855079,3.096601293563575,0.0,0.8368747352705004
05,pscore_mode,noised_0.1,1018,dr,q_shrink09,nan,0.7116913417837819,0.7153918288961995,0.8138283937855079,3.096601293563575,0.0,0.8138283937855079
05,pscore_mode,noised_0.1,1018,switch_dr,q_shrink09,1.7605193521366975,0.7115901307859818,0.7153918288961995,0.8138283937855079,3.096601293563575,0.0,0.7834537713407714
05,pscore_mode,noised_0.1,1018,dros,q_shrink09,2.5873838044797632,0.7020109514162576,0.7153918288961995,0.8138283937855079,3.096601293563575,0.0,0.9337661038567195
05,pscore_mode,noised_0.25,1018,dm,q_oracle,nan,0.7152834644012854,0.7153918288961995,0.7729116566594931,4.394020054485311,0.0,nan
05,pscore_mode,noised_0.25,1018,ips,q_oracle,nan,0.7285784046203339,0.7153918288961995,0.7729116566594931,4.394020054485311,0.0,0.7729116566594931
05,pscore_mode,noised_0.25,1018,snips,q_oracle,nan,0.7098979059691338,0.7153918288961995,0.7729116566594931,4.394020054485311,0.0,0.7729116566594931
05,pscore_mode,noised_0.25,1018,clipped_ips,q_oracle,1.6085346761819477,0.6789361090142543,0.7153918288961995,0.7729116566594931,4.394020054485311,0.0,0.8262382283245577
05,pscore_mode,noised_0.25,1018,dr,q_oracle,nan,0.711246370618357,0.7153918288961995,0.7729116566594931,4.394020054485311,0.0,0.7729116566594931
05,pscore_mode,noised_0.25,1018,switch_dr,q_oracle,1.7605193521366975,0.7134672331392166,0.7153918288961995,0.7729116566594931,4.394020054485311,0.0,0.7391157226755173
05,pscore_mode,noised_0.25,1018,dros,q_oracle,2.5873838044797632,0.7130167203177957,0.7153918288961995,0.7729116566594931,4.394020054485311,0.0,0.9297455846030837
05,pscore_mode,noised_0.25,1018,dm,q_shrink09,nan,0.693755117961157,0.7153918288961995,0.7729116566594931,4.394020054485311,0.0,nan
05,pscore_mode,noised_0.25,1018,ips,q_shrink09,nan,0.7285784046203339,0.7153918288961995,0.7729116566594931,4.394020054485311,0.0,0.7729116566594931
05,pscore_mode,noised_0.25,1018,snips,q_shrink09,nan,0.7098979059691338,0.7153918288961995,0.7729116566594931,4.394020054485311,0.0,0.7729116566594931
05,pscore_mode,noised_0.25,1018,clipped_ips,q_shrink09,1.6085346761819477,0.6789361090142543,0.7153918288961995,0.7729116566594931,4.394020054485311,0.0,0.8262382283245577
05,pscore_mode,noised_0.25,1018,dr,q_shrink09,nan,0.7116638567517389,0.7153918288961995,0.7729116566594931,4.394020054485311,0.0,0.7729116566594931
05,pscore_mode,noised_0.25,1018,switch_dr,q_shrink09,1.7605193521366975,0.705611420038702,0.7153918288961995,0.7729116566594931,4.394020054485311,0.0,0.7391157226755173
05,pscore_mode,noised_0.25,1018,dros,q_shrink09,2.5873838044797632,0.7016472112324049,0.7153918288961995,0.7729116566594931,4.394020054485311,0.0,0.9297455846030837
05,pscore_mode,noised_0.5,1018,dm,q_oracle,nan,0.7152834644012854,0.7153918288961995,0.643608959840512,8.11541003949722,0.0,nan
05,pscore_mode,noised_0.5,1018,ips,q_oracle,nan,0.7973826372307141,0.7153918288961995,0.643608959840512,8.11541003949722,0.0,0.643608959840512
05,pscore_mode,noised_0.5,1018,snips,q_oracle,nan,0.7083832802252643,0.7153918288961995,0.643608959840512,8.11541003949722,0.0,0.643608959840512
05,pscore_mode,noised_0.5,1018,clipped_ips,q_oracle,1.6085346761819477,0.6588979796748217,0.7153918288961995,0.643608959840512,8.11541003949722,0.0,0.7974822117494881
05,pscore_mode,noised_0.5,1018,dr,q_oracle,nan,0.7099444950076125,0.7153918288961995,0.643608959840512,8.11541003949722,0.0,0.643608959840512
05,pscore_mode,noised_0.5,1018,switch_dr,q_oracle,1.7605193521366975,0.7151332852616676,0.7153918288961995,0.643608959840512,8.11541003949722,0.0,0.6549528143959629
05,pscore_mode,noised_0.5,1018,dros,q_oracle,2.5873838044797632,0.7129687782910814,0.7153918288961995,0.643608959840512,8.11541003949722,0.0,0.9134103918893588
05,pscore_mode,noised_0.5,1018,dm,q_shrink09,nan,0.693755117961157,0.7153918288961995,0.643608959840512,8.11541003949722,0.0,nan
05,pscore_mode,noised_0.5,1018,ips,q_shrink09,nan,0.7973826372307141,0.7153918288961995,0.643608959840512,8.11541003949722,0.0,0.643608959840512
05,pscore_mode,noised_0.5,1018,snips,q_shrink09,nan,0.7083832802252643,0.7153918288961995,0.643608959840512,8.11541003949722,0.0,0.643608959840512
05,pscore_mode,noised_0.5,1018,clipped_ips,q_shrink09,1.6085346761819477,0.6588979796748217,0.7153918288961995,0.643608959840512,8.11541003949722,0.0,0.7974822117494881
05,pscore_mode,noised_0.5,1018,dr,q_shrink09,nan,0.7124064446313434,0.7153918288961995,0.643608959840512,8.11541003949722,0.0,0.643608959840512
05,pscore_mode,noised_0.5,1018,switch_dr,q_shrink09,1.7605193521366975,0.7030357599980865,0.7153918288961995,0.643608959840512,8.11541003949722,0.0,0.6549528143959629
05,pscore_mode,noised_0.5,1018,dros,q_shrink09,2.5873838044797632,0.7006282541002343,0.7153918288961995,0.643608959840512,8.11541003949722,0.0,0.9134103918893588
05,pscore_mode,noised_1.0,1018,dm,q_oracle,nan,0.7152834644012854,0.7153918288961995,0.3190116247123877,39.864858880894545,0.0,nan
05,pscore_mode,noised_1.0,1018,ips,q_oracle,nan,1.1490175812520058,0.7153918288961995,0.3190116247123877,39.864858880894545,0.0,0.3190116247123877
05,pscore_mode,noised_1.0,1018,snips,q_oracle,nan,0.7049621523597386,0.7153918288961995,0.3190116247123877,39.864858880894545,0.0,0.3190116247123877
05,pscore_mode,noised_1.0,1018,clipped_ips,q_oracle,1.6085346761819477,0.620419998232213,0.7153918288961995,0.3190116247123877,39.864858880894545,0.0,0.7364038966217543
05,pscore_mode,noised_1.0,1018,dr,q_oracle,nan,0.7045768856875139,0.7153918288961995,0.3190116247123877,39.864858880894545,0.0,0.3190116247123877
05,pscore_mode,noised_1.0,1018,switch_dr,q_oracle,1.7605193521366975,0.7138256417270119,0.7153918288961995,0.3190116247123877,39.864858880894545,0.0,0.5077681415305043
05,pscore_mode,noised_1.0,1018,dros,q_oracle,2.5873838044797632,0.7133583988310538,0.7153918288961995,0.3190116247123877,39.864858880894545,0.0,0.8487129289004656
05,pscore_mode,noised_1.0,1018,dm,q_shrink09,nan,0.693755117961157,0.7153918288961995,0.3190116247123877,39.864858880894545,0.0,nan
05,pscore_mode,noised_1.0,1018,ips,q_shrink09,nan,1.1490175812520058,0.7153918288961995,0.3190116247123877,39.864858880894545,0.0,0.3190116247123877
05,pscore_mode,noised_1.0,1018,snips,q_shrink09,nan,0.7049621523597386,0.7153918288961995,0.3190116247123877,39.864858880894545,0.0,0.3190116247123877
05,pscore_mode,noised_1.0,1018,clipped_ips,q_shrink09,1.6085346761819477,0.620419998232213,0.7153918288961995,0.3190116247123877,39.864858880894545,0.0,0.7364038966217543
05,pscore_mode,noised_1.0,1018,dr,q_shrink09,nan,0.7175259716192487,0.7153918288961995,0.3190116247123877,39.864858880894545,0.0,0.3190116247123877
05,pscore_mode,noised_1.0,1018,switch_dr,q_shrink09,1.7605193521366975,0.6975803822966743,0.7153918288961995,0.3190116247123877,39.864858880894545,0.0,0.5077681415305043
05,pscore_mode,noised_1.0,1018,dros,q_shrink09,2.5873838044797632,0.6988240155237446,0.7153918288961995,0.3190116247123877,39.864858880894545,0.0,0.8487129289004656
05,pscore_mode,true,1019,dm,q_oracle,nan,0.7172736219707019,0.7153918288961995,0.8225407379517432,2.6834092714751745,0.0,nan
05,pscore_mode,true,1019,ips,q_oracle,nan,0.7255044612859601,0.7153918288961995,0.8225407379517432,2.6834092714751745,0.0,0.8225407379517432
05,pscore_mode,true,1019,snips,q_oracle,nan,0.7261924240601392,0.7153918288961995,0.8225407379517432,2.6834092714751745,0.0,0.8225407379517432
05,pscore_mode,true,1019,clipped_ips,q_oracle,1.599101346662428,0.7054863704093209,0.7153918288961995,0.8225407379517432,2.6834092714751745,0.0,0.8405183610054255
05,pscore_mode,true,1019,dr,q_oracle,nan,0.725856246524834,0.7153918288961995,0.8225407379517432,2.6834092714751745,0.0,0.8225407379517432
05,pscore_mode,true,1019,switch_dr,q_oracle,1.7682390104771528,0.7224292979854078,0.7153918288961995,0.8225407379517432,2.6834092714751745,0.0,0.794999807136905
05,pscore_mode,true,1019,dros,q_oracle,2.557125116897591,0.7224103825343183,0.7153918288961995,0.8225407379517432,2.6834092714751745,0.0,0.935086152912304
05,pscore_mode,true,1019,dm,q_shrink09,nan,0.6955462597736317,0.7153918288961995,0.8225407379517432,2.6834092714751745,0.0,nan
05,pscore_mode,true,1019,ips,q_shrink09,nan,0.7255044612859601,0.7153918288961995,0.8225407379517432,2.6834092714751745,0.0,0.8225407379517432
05,pscore_mode,true,1019,snips,q_shrink09,nan,0.7261924240601392,0.7153918288961995,0.8225407379517432,2.6834092714751745,0.0,0.8225407379517432
05,pscore_mode,true,1019,clipped_ips,q_shrink09,1.599101346662428,0.7054863704093209,0.7153918288961995,0.8225407379517432,2.6834092714751745,0.0,0.8405183610054255
05,pscore_mode,true,1019,dr,q_shrink09,nan,0.7258684358026054,0.7153918288961995,0.8225407379517432,2.6834092714751745,0.0,0.8225407379517432
05,pscore_mode,true,1019,switch_dr,q_shrink09,1.7682390104771528,0.7184005887838656,0.7153918288961995,0.8225407379517432,2.6834092714751745,0.0,0.794999807136905
05,pscore_mode,true,1019,dros,q_shrink09,2.557125116897591,0.71141190235326,0.7153918288961995,0.8225407379517432,2.6834092714751745,0.0,0.935086152912304
05,pscore_mode,estimated,1019,dm,q_oracle,nan,0.7172736219707019,0.7153918288961995,0.8029973228328636,3.173381913914823,0.0,nan
05,pscore_mode,estimated,1019,ips,q_oracle,nan,0.7413788520955948,0.7153918288961995,0.8029973228328636,3.173381913914823,0.0,0.8029973228328636
05,pscore_mode,estimated,1019,snips,q_oracle,nan,0.7300450025908338,0.7153918288961995,0.8029973228328636,3.173381913914823,0.0,0.8029973228328636
05,pscore_mode,estimated,1019,clipped_ips,q_oracle,1.599101346662428,0.7105957270900332,0.7153918288961995,0.8029973228328636,3.173381913914823,0.0,0.8313358494384836
05,pscore_mode,estimated,1019,dr,q_oracle,nan,0.7266467095907607,0.7153918288961995,0.8029973228328636,3.173381913914823,0.0,0.8029973228328636
05,pscore_mode,estimated,1019,switch_dr,q_oracle,1.7682390104771528,0.7221491917692345,0.7153918288961995,0.8029973228328636,3.173381913914823,0.0,0.7667893859141415
05,pscore_mode,estimated,1019,dros,q_oracle,2.557125116897591,0.7225978304407805,0.7153918288961995,0.8029973228328636,3.173381913914823,0.0,0.9291242137521282
05,pscore_mode,estimated,1019,dm,q_shrink09,nan,0.6955462597736317,0.7153918288961995,0.8029973228328636,3.173381913914823,0.0,nan
05,pscore_mode,estimated,1019,ips,q_shrink09,nan,0.7413788520955948,0.7153918288961995,0.8029973228328636,3.173381913914823,0.0,0.8029973228328636
05,pscore_mode,estimated,1019,snips,q_shrink09,nan,0.7300450025908338,0.7153918288961995,0.8029973228328636,3.173381913914823,0.0,0.8029973228328636
05,pscore_mode,estimated,1019,clipped_ips,q_shrink09,1.599101346662428,0.7105957270900332,0.7153918288961995,0.8029973228328636,3.173381913914823,0.0,0.8313358494384836
05,pscore_mode,estimated,1019,dr,q_shrink09,nan,0.7273436806326379,0.7153918288961995,0.8029973228328636,3.173381913914823,0.0,0.8029973228328636
05,pscore_mode,estimated,1019,switch_dr,q_shrink09,1.7682390104771528,0.7171901795550282,0.7153918288961995,0.8029973228328636,3.173381913914823,0.0,0.7667893859141415
05,pscore_mode,estimated,1019,dros,q_shrink09,2.557125116897591,0.7116821289935135,0.7153918288961995,0.8029973228328636,3.173381913914823,0.0,0.9291242137521282
05,pscore_mode,noised_0.1,1019,dm,q_oracle,nan,0.7172736219707019,0.7153918288961995,0.8152849904153742,3.0213980550387904,0.0,nan
05,pscore_mode,noised_0.1,1019,ips,q_oracle,nan,0.7288670320064723,0.7153918288961995,0.8152849904153742,3.0213980550387904,0.0,0.8152849904153742
05,pscore_mode,noised_0.1,1019,snips,q_oracle,nan,0.7265024249282792,0.7153918288961995,0.8152849904153742,3.0213980550387904,0.0,0.8152849904153742
05,pscore_mode,noised_0.1,1019,clipped_ips,q_oracle,1.599101346662428,0.7037813906382037,0.7153918288961995,0.8152849904153742,3.0213980550387904,0.0,0.8383999988517933
05,pscore_mode,noised_0.1,1019,dr,q_oracle,nan,0.7266860038556676,0.7153918288961995,0.8152849904153742,3.0213980550387904,0.0,0.8152849904153742
05,pscore_mode,noised_0.1,1019,switch_dr,q_oracle,1.7682390104771528,0.723245921762022,0.7153918288961995,0.8152849904153742,3.0213980550387904,0.0,0.786381919567262
05,pscore_mode,noised_0.1,1019,dros,q_oracle,2.557125116897591,0.7225098263374639,0.7153918288961995,0.8152849904153742,3.0213980550387904,0.0,0.9345681906975642
05,pscore_mode,noised_0.1,1019,dm,q_shrink09,nan,0.6955462597736317,0.7153918288961995,0.8152849904153742,3.0213980550387904,0.0,nan
05,pscore_mode,noised_0.1,1019,ips,q_shrink09,nan,0.7288670320064723,0.7153918288961995,0.8152849904153742,3.0213980550387904,0.0,0.8152849904153742
05,pscore_mode,noised_0.1,1019,snips,q_shrink09,nan,0.7265024249282792,0.7153918288961995,0.8152849904153742,3.0213980550387904,0.0,0.8152849904153742
05,pscore_mode,noised_0.1,1019,clipped_ips,q_shrink09,1.599101346662428,0.7037813906382037,0.7153918288961995,0.8152849904153742,3.0213980550387904,0.0,0.8383999988517933
05,pscore_mode,noised_0.1,1019,dr,q_shrink09,nan,0.7267413675664411,0.7153918288961995,0.8152849904153742,3.0213980550387904,0.0,0.8152849904153742
05,pscore_mode,noised_0.1,1019,switch_dr,q_shrink09,1.7682390104771528,0.7186721938220955,0.7153918288961995,0.8152849904153742,3.0213980550387904,0.0,0.786381919567262
05,pscore_mode,noised_0.1,1019,dros,q_shrink09,2.557125116897591,0.7114325593141247,0.7153918288961995,0.8152849904153742,3.0213980550387904,0.0,0.9345681906975642
05,pscore_mode,noised_0.25,1019,dm,q_oracle,nan,0.7172736219707019,0.7153918288961995,0.7749138003032389,4.047596783135138,0.0,nan
05,pscore_mode,noised_0.25,1019,ips,q_oracle,nan,0.748072299509093,0.7153918288961995,0.7749138003032389,4.047596783135138,0.0,0.7749138003032389
05,pscore_mode,noised_0.25,1019,snips,q_oracle,nan,0.7271408424793505,0.7153918288961995,0.7749138003032389,4.047596783135138,0.0,0.7749138003032389
05,pscore_mode,noised_0.25,1019,clipped_ips,q_oracle,1.599101346662428,0.6944842912605054,0.7153918288961995,0.7749138003032389,4.047596783135138,0.0,0.8282227509612674
05,pscore_mode,noised_0.25,1019,dr,q_oracle,nan,0.7282688434428478,0.7153918288961995,0.7749138003032389,4.047596783135138,0.0,0.7749138003032389
05,pscore_mode,noised_0.25,1019,switch_dr,q_oracle,1.7682390104771528,0.7233605410188918,0.7153918288961995,0.7749138003032389,4.047596783135138,0.0,0.7413985078425032
05,pscore_mode,noised_0.25,1019,dros,q_oracle,2.557125116897591,0.7225143854896137,0.7153918288961995,0.7749138003032389,4.047596783135138,0.0,0.9308506224802764
05,pscore_mode,noised_0.25,1019,dm,q_shrink09,nan,0.6955462597736317,0.7153918288961995,0.7749138003032389,4.047596783135138,0.0,nan
05,pscore_mode,noised_0.25,1019,ips,q_shrink09,nan,0.748072299509093,0.7153918288961995,0.7749138003032389,4.047596783135138,0.0,0.7749138003032389
05,pscore_mode,noised_0.25,1019,snips,q_shrink09,nan,0.7271408424793505,0.7153918288961995,0.7749138003032389,4.047596783135138,0.0,0.7749138003032389
05,pscore_mode,noised_0.25,1019,clipped_ips,q_shrink09,1.599101346662428,0.6944842912605054,0.7153918288961995,0.7749138003032389,4.047596783135138,0.0,0.8282227509612674
05,pscore_mode,noised_0.25,1019,dr,q_shrink09,nan,0.7288098903739659,0.7153918288961995,0.7749138003032389,4.047596783135138,0.0,0.7749138003032389
05,pscore_mode,noised_0.25,1019,switch_dr,q_shrink09,1.7682390104771528,0.7156837619826878,0.7153918288961995,0.7749138003032389,4.047596783135138,0.0,0.7413985078425032
05,pscore_mode,noised_0.25,1019,dros,q_shrink09,2.557125116897591,0.7110813598257311,0.7153918288961995,0.7749138003032389,4.047596783135138,0.0,0.9308506224802764
05,pscore_mode,noised_0.5,1019,dm,q_oracle,nan,0.7172736219707019,0.7153918288961995,0.6439973794647522,9.468930316818556,0.0,nan
05,pscore_mode,noised_0.5,1019,ips,q_oracle,nan,0.821853134471681,0.7153918288961995,0.6439973794647522,9.468930316818556,0.0,0.6439973794647522
05,pscore_mode,noised_0.5,1019,snips,q_oracle,nan,0.7286600911436362,0.7153918288961995,0.6439973794647522,9.468930316818556,0.0,0.6439973794647522
05,pscore_mode,noised_0.5,1019,clipped_ips,q_oracle,1.599101346662428,0.6743419333400801,0.7153918288961995,0.6439973794647522,9.468930316818556,0.0,0.7997809243401669
05,pscore_mode,noised_0.5,1019,dr,q_oracle,nan,0.732209698942538,0.7153918288961995,0.6439973794647522,9.468930316818556,0.0,0.6439973794647522
05,pscore_mode,noised_0.5,1019,switch_dr,q_oracle,1.7682390104771528,0.7202318219424265,0.7153918288961995,0.6439973794647522,9.468930316818556,0.0,0.6562768559183759
05,pscore_mode,noised_0.5,1019,dros,q_oracle,2.557125116897591,0.7221627254593924,0.7153918288961995,0.6439973794647522,9.468930316818556,0.0,0.9144986271802229
05,pscore_mode,noised_0.5,1019,dm,q_shrink09,nan,0.6955462597736317,0.7153918288961995,0.6439973794647522,9.468930316818556,0.0,nan
05,pscore_mode,noised_0.5,1019,ips,q_shrink09,nan,0.821853134471681,0.7153918288961995,0.6439973794647522,9.468930316818556,0.0,0.6439973794647522
05,pscore_mode,noised_0.5,1019,snips,q_shrink09,nan,0.7286600911436362,0.7153918288961995,0.6439973794647522,9.468930316818556,0.0,0.6439973794647522
05,pscore_mode,noised_0.5,1019,clipped_ips,q_shrink09,1.599101346662428,0.6743419333400801,0.7153918288961995,0.6439973794647522,9.468930316818556,0.0,0.7997809243401669
05,pscore_mode,noised_0.5,1019,dr,q_shrink09,nan,0.7347792196925609,0.7153918288961995,0.6439973794647522,9.468930316818556,0.0,0.6439973794647522
05,pscore_mode,noised_0.5,1019,switch_dr,q_shrink09,1.7682390104771528,0.7081391518692095,0.7153918288961995,0.6439973794647522,9.468930316818556,0.0,0.6562768559183759
05,pscore_mode,noised_0.5,1019,dros,q_shrink09,2.557125116897591,0.7097258629257961,0.7153918288961995,0.6439973794647522,9.468930316818556,0.0,0.9144986271802229
05,pscore_mode,noised_1.0,1019,dm,q_oracle,nan,0.7172736219707019,0.7153918288961995,0.29675501001087295,74.19754837257459,0.0,nan
05,pscore_mode,noised_1.0,1019,ips,q_oracle,nan,1.1995579516509598,0.7153918288961995,0.29675501001087295,74.19754837257459,0.0,0.29675501001087295
05,pscore_mode,noised_1.0,1019,snips,q_oracle,nan,0.7324866779344532,0.7153918288961995,0.29675501001087295,74.19754837257459,0.0,0.29675501001087295
05,pscore_mode,noised_1.0,1019,clipped_ips,q_oracle,1.599101346662428,0.6362455229727475,0.7153918288961995,0.29675501001087295,74.19754837257459,0.0,0.7402922037863257
05,pscore_mode,noised_1.0,1019,dr,q_oracle,nan,0.7487613034908299,0.7153918288961995,0.29675501001087295,74.19754837257459,0.0,0.29675501001087295
05,pscore_mode,noised_1.0,1019,switch_dr,q_oracle,1.7682390104771528,0.722409986185931,0.7153918288961995,0.29675501001087295,74.19754837257459,0.0,0.5088519558787419
05,pscore_mode,noised_1.0,1019,dros,q_oracle,2.557125116897591,0.7210354866212679,0.7153918288961995,0.29675501001087295,74.19754837257459,0.0,0.8505264811701431
05,pscore_mode,noised_1.0,1019,dm,q_shrink09,nan,0.6955462597736317,0.7153918288961995,0.29675501001087295,74.19754837257459,0.0,nan
05,pscore_mode,noised_1.0,1019,ips,q_shrink09,nan,1.1995579516509598,0.7153918288961995,0.29675501001087295,74.19754837257459,0.0,0.29675501001087295
05,pscore_mode,noised_1.0,1019,snips,q_shrink09,nan,0.7324866779344532,0.7153918288961995,0.29675501001087295,74.19754837257459,0.0,0.29675501001087295
05,pscore_mode,noised_1.0,1019,clipped_ips,q_shrink09,1.599101346662428,0.6362455229727475,0.7153918288961995,0.29675501001087295,74.19754837257459,0.0,0.7402922037863257
05,pscore_mode,noised_1.0,1019,dr,q_shrink09,nan,0.7619583902486585,0.7153918288961995,0.29675501001087295,74.19754837257459,0.0,0.29675501001087295
05,pscore_mode,noised_1.0,1019,switch_dr,q_shrink09,1.7682390104771528,0.7060439648142364,0.7153918288961995,0.29675501001087295,74.19754837257459,0.0,0.5088519558787419
05,pscore_mode,noised_1.0,1019,dros,q_shrink09,2.557125116897591,0.7063944113906534,0.7153918288961995,0.29675501001087295,74.19754837257459,0.0,0.8505264811701431
05,pscore_mode,true,1020,dm,q_oracle,nan,0.7165990005764579,0.7153918288961995,0.8254688010991161,2.77163260283928,0.0,nan
05,pscore_mode,true,1020,ips,q_oracle,nan,0.7094839609355684,0.7153918288961995,0.8254688010991161,2.77163260283928,0.0,0.8254688010991161
05,pscore_mode,true,1020,snips,q_oracle,nan,0.7084306708560817,0.7153918288961995,0.8254688010991161,2.77163260283928,0.0,0.8254688010991161
05,pscore_mode,true,1020,clipped_ips,q_oracle,1.5995193263615712,0.6904750452101731,0.7153918288961995,0.8254688010991161,2.77163260283928,0.0,0.844212353149212
05,pscore_mode,true,1020,dr,q_oracle,nan,0.7086548267081099,0.7153918288961995,0.8254688010991161,2.77163260283928,0.0,0.8254688010991161
05,pscore_mode,true,1020,switch_dr,q_oracle,1.7556513348867075,0.7111946956459526,0.7153918288961995,0.8254688010991161,2.77163260283928,0.0,0.7993201650795261
05,pscore_mode,true,1020,dros,q_oracle,2.5584620754041745,0.7125347219323758,0.7153918288961995,0.8254688010991161,2.77163260283928,0.0,0.9374954873077092
05,pscore_mode,true,1020,dm,q_shrink09,nan,0.6949391005188121,0.7153918288961995,0.8254688010991161,2.77163260283928,0.0,nan
05,pscore_mode,true,1020,ips,q_shrink09,nan,0.7094839609355684,0.7153918288961995,0.8254688010991161,2.77163260283928,0.0,0.8254688010991161
05,pscore_mode,true,1020,snips,q_shrink09,nan,0.7084306708560817,0.7153918288961995,0.8254688010991161,2.77163260283928,0.0,0.8254688010991161
05,pscore_mode,true,1020,clipped_ips,q_shrink09,1.5995193263615712,0.6904750452101731,0.7153918288961995,0.8254688010991161,2.77163260283928,0.0,0.844212353149212
05,pscore_mode,true,1020,dr,q_shrink09,nan,0.7086634004584772,0.7153918288961995,0.8254688010991161,2.77163260283928,0.0,0.8254688010991161
05,pscore_mode,true,1020,switch_dr,q_shrink09,1.7556513348867075,0.7071860989432428,0.7153918288961995,0.8254688010991161,2.77163260283928,0.0,0.7993201650795261
05,pscore_mode,true,1020,dros,q_shrink09,2.5584620754041745,0.7016315232446707,0.7153918288961995,0.8254688010991161,2.77163260283928,0.0,0.9374954873077092
05,pscore_mode,estimated,1020,dm,q_oracle,nan,0.7165990005764579,0.7153918288961995,0.8085249497710577,3.0831530247678978,0.0,nan
05,pscore_mode,estimated,1020,ips,q_oracle,nan,0.7194381281632355,0.7153918288961995,0.8085249497710577,3.0831530247678978,0.0,0.8085249497710577
05,pscore_mode,estimated,1020,snips,q_oracle,nan,0.7103148602692417,0.7153918288961995,0.8085249497710577,3.0831530247678978,0.0,0.8085249497710577
05,pscore_mode,estimated,1020,clipped_ips,q_oracle,1.5995193263615712,0.6892262704995387,0.7153918288961995,0.8085249497710577,3.0831530247678978,0.0,0.8387107759740043
05,pscore_mode,estimated,1020,dr,q_oracle,nan,0.7085920458834655,0.7153918288961995,0.8085249497710577,3.0831530247678978,0.0,0.8085249497710577
05,pscore_mode,estimated,1020,switch_dr,q_oracle,1.7556513348867075,0.7118837468331294,0.7153918288961995,0.8085249497710577,3.0831530247678978,0.0,0.7737047613338565
05,pscore_mode,estimated,1020,dros,q_oracle,2.5584620754041745,0.712703207452824,0.7153918288961995,0.8085249497710577,3.0831530247678978,0.0,0.9336873067062003
05,pscore_mode,estimated,1020,dm,q_shrink09,nan,0.6949391005188121,0.7153918288961995,0.8085249497710577,3.0831530247678978,0.0,nan
05,pscore_mode,estimated,1020,ips,q_shrink09,nan,0.7194381281632355,0.7153918288961995,0.8085249497710577,3.0831530247678978,0.0,0.8085249497710577
05,pscore_mode,estimated,1020,snips,q_shrink09,nan,0.7103148602692417,0.7153918288961995,0.8085249497710577,3.0831530247678978,0.0,0.8085249497710577
05,pscore_mode,estimated,1020,clipped_ips,q_shrink09,1.5995193263615712,0.6892262704995387,0.7153918288961995,0.8085249497710577,3.0831530247678978,0.0,0.8387107759740043
05,pscore_mode,estimated,1020,dr,q_shrink09,nan,0.7090344552497619,0.7153918288961995,0.8085249497710577,3.0831530247678978,0.0,0.8085249497710577
05,pscore_mode,estimated,1020,switch_dr,q_shrink09,1.7556513348867075,0.706406350759218,0.7153918288961995,0.8085249497710577,3.0831530247678978,0.0,0.7737047613338565
05,pscore_mode,estimated,1020,dros,q_shrink09,2.5584620754041745,0.7018145089711456,0.7153918288961995,0.8085249497710577,3.0831530247678978,0.0,0.9336873067062003
05,pscore_mode,noised_0.1,1020,dm,q_oracle,nan,0.7165990005764579,0.7153918288961995,0.8170609188200134,3.1071621772098976,0.0,nan
05,pscore_mode,noised_0.1,1020,ips,q_oracle,nan,0.7135663159128846,0.7153918288961995,0.8170609188200134,3.1071621772098976,0.0,0.8170609188200134
05,pscore_mode,noised_0.1,1020,snips,q_oracle,nan,0.7082948739991329,0.7153918288961995,0.8170609188200134,3.1071621772098976,0.0,0.8170609188200134
05,pscore_mode,noised_0.1,1020,clipped_ips,q_oracle,1.5995193263615712,0.6891844528469097,0.7153918288961995,0.8170609188200134,3.1071621772098976,0.0,0.8412758284038612
05,pscore_mode,noised_0.1,1020,dr,q_oracle,nan,0.7084240237595105,0.7153918288961995,0.8170609188200134,3.1071621772098976,0.0,0.8170609188200134
05,pscore_mode,noised_0.1,1020,switch_dr,q_oracle,1.7556513348867075,0.7120115601516154,0.7153918288961995,0.8170609188200134,3.1071621772098976,0.0,0.785976696031321
05,pscore_mode,noised_0.1,1020,dros,q_oracle,2.5584620754041745,0.7124883911071137,0.7153918288961995,0.8170609188200134,3.1071621772098976,0.0,0.9367180724579708
05,pscore_mode,noised_0.1,1020,dm,q_shrink09,nan,0.6949391005188121,0.7153918288961995,0.8170609188200134,3.1071621772098976,0.0,nan
05,pscore_mode,noised_0.1,1020,ips,q_shrink09,nan,0.7135663159128846,0.7153918288961995,0.8170609188200134,3.1071621772098976,0.0,0.8170609188200134
05,pscore_mode,noised_0.1,1020,snips,q_shrink09,nan,0.7082948739991329,0.7153918288961995,0.8170609188200134,3.1071621772098976,0.0,0.8170609188200134
05,pscore_mode,noised_0.1,1020,clipped_ips,q_shrink09,1.5995193263615712,0.6891844528469097,0.7153918288961995,0.8170609188200134,3.1071621772098976,0.0,0.8412758284038612
05,pscore_mode,noised_0.1,1020,dr,q_shrink09,nan,0.70856613098814,0.7153918288961995,0.8170609188200134,3.1071621772098976,0.0,0.8170609188200134
05,pscore_mode,noised_0.1,1020,switch_dr,q_shrink09,1.7556513348867075,0.7071862806646435,0.7153918288961995,0.8170609188200134,3.1071621772098976,0.0,0.785976696031321
05,pscore_mode,noised_0.1,1020,dros,q_shrink09,2.5584620754041745,0.7015213505967582,0.7153918288961995,0.8170609188200134,3.1071621772098976,0.0,0.9367180724579708
05,pscore_mode,noised_0.25,1020,dm,q_oracle,nan,0.7165990005764579,0.7153918288961995,0.7754608631606635,4.877878856317298,0.0,nan
05,pscore_mode,noised_0.25,1020,ips,q_oracle,nan,0.7332956884637227,0.7153918288961995,0.7754608631606635,4.877878856317298,0.0,0.7754608631606635
05,pscore_mode,noised_0.25,1020,snips,q_oracle,nan,0.7080834006258596,0.7153918288961995,0.7754608631606635,4.877878856317298,0.0,0.7754608631606635
05,pscore_mode,noised_0.25,1020,clipped_ips,q_oracle,1.5995193263615712,0.6810068115589097,0.7153918288961995,0.7754608631606635,4.877878856317298,0.0,0.8299953818900805
05,pscore_mode,noised_0.25,1020,dr,q_oracle,nan,0.7079442372879934,0.7153918288961995,0.7754608631606635,4.877878856317298,0.0,0.7754608631606635
05,pscore_mode,noised_0.25,1020,switch_dr,q_oracle,1.7556513348867075,0.7116062589738773,0.7153918288961995,0.7754608631606635,4.877878856317298,0.0,0.7378162980605293
05,pscore_mode,noised_0.25,1020,dros,q_oracle,2.5584620754041745,0.7124582528884393,0.7153918288961995,0.7754608631606635,4.877878856317298,0.0,0.9325334430694627
05,pscore_mode,noised_0.25,1020,dm,q_shrink09,nan,0.6949391005188121,0.7153918288961995,0.7754608631606635,4.877878856317298,0.0,nan
05,pscore_mode,noised_0.25,1020,ips,q_shrink09,nan,0.7332956884637227,0.7153918288961995,0.7754608631606635,4.877878856317298,0.0,0.7754608631606635
05,pscore_mode,noised_0.25,1020,snips,q_shrink09,nan,0.7080834006258596,0.7153918288961995,0.7754608631606635,4.877878856317298,0.0,0.7754608631606635
05,pscore_mode,noised_0.25,1020,clipped_ips,q_shrink09,1.5995193263615712,0.6810068115589097,0.7153918288961995,0.7754608631606635,4.877878856317298,0.0,0.8299953818900805
05,pscore_mode,noised_0.25,1020,dr,q_shrink09,nan,0.7086990633205843,0.7153918288961995,0.7754608631606635,4.877878856317298,0.0,0.7754608631606635
05,pscore_mode,noised_0.25,1020,switch_dr,q_shrink09,1.7556513348867075,0.7036924060973897,0.7153918288961995,0.7754608631606635,4.877878856317298,0.0,0.7378162980605293
05,pscore_mode,noised_0.25,1020,dros,q_shrink09,2.5584620754041745,0.7011634321968861,0.7153918288961995,0.7754608631606635,4.877878856317298,0.0,0.9325334430694627
05,pscore_mode,noised_0.5,1020,dm,q_oracle,nan,0.7165990005764579,0.7153918288961995,0.6462761244892526,11.032358368714968,0.0,nan
05,pscore_mode,noised_0.5,1020,ips,q_oracle,nan,0.8062606065311331,0.7153918288961995,0.6462761244892526,11.032358368714968,0.0,0.6462761244892526
05,pscore_mode,noised_0.5,1020,snips,q_oracle,nan,0.707673348452124,0.7153918288961995,0.6462761244892526,11.032358368714968,0.0,0.6462761244892526
05,pscore_mode,noised_0.5,1020,clipped_ips,q_oracle,1.5995193263615712,0.6616826043940301,0.7153918288961995,0.6462761244892526,11.032358368714968,0.0,0.8015300379953977
05,pscore_mode,noised_0.5,1020,dr,q_oracle,nan,0.7067265169633166,0.7153918288961995,0.6462761244892526,11.032358368714968,0.0,0.6462761244892526
05,pscore_mode,noised_0.5,1020,switch_dr,q_oracle,1.7556513348867075,0.7140345962524887,0.7153918288961995,0.6462761244892526,11.032358368714968,0.0,0.6495718808756233
05,pscore_mode,noised_0.5,1020,dros,q_oracle,2.5584620754041745,0.7125476642519779,0.7153918288961995,0.6462761244892526,11.032358368714968,0.0,0.9157979113112927
05,pscore_mode,noised_0.5,1020,dm,q_shrink09,nan,0.6949391005188121,0.7153918288961995,0.6462761244892526,11.032358368714968,0.0,nan
05,pscore_mode,noised_0.5,1020,ips,q_shrink09,nan,0.8062606065311331,0.7153918288961995,0.6462761244892526,11.032358368714968,0.0,0.6462761244892526
05,pscore_mode,noised_0.5,1020,snips,q_shrink09,nan,0.707673348452124,0.7153918288961995,0.6462761244892526,11.032358368714968,0.0,0.6462761244892526
05,pscore_mode,noised_0.5,1020,clipped_ips,q_shrink09,1.5995193263615712,0.6616826043940301,0.7153918288961995,0.6462761244892526,11.032358368714968,0.0,0.8015300379953977
05,pscore_mode,noised_0.5,1020,dr,q_shrink09,nan,0.7097143352069079,0.7153918288961995,0.6462761244892526,11.032358368714968,0.0,0.6462761244892526
05,pscore_mode,noised_0.5,1020,switch_dr,q_shrink09,1.7556513348867075,0.7017378372003625,0.7153918288961995,0.6462761244892526,11.032358368714968,0.0,0.6495718808756233
05,pscore_mode,noised_0.5,1020,dros,q_shrink09,2.5584620754041745,0.7002900379095007,0.7153918288961995,0.6462761244892526,11.032358368714968,0.0,0.9157979113112927
05,pscore_mode,noised_1.0,1020,dm,q_oracle,nan,0.7165990005764579,0.7153918288961995,0.3281572420677793,56.434289507004955,0.0,nan
05,pscore_mode,noised_1.0,1020,ips,q_oracle,nan,1.1693712303596822,0.7153918288961995,0.3281572420677793,56.434289507004955,0.0,0.3281572420677793
05,pscore_mode,noised_1.0,1020,snips,q_oracle,nan,0.706479008226354,0.7153918288961995,0.3281572420677793,56.434289507004955,0.0,0.3281572420677793
05,pscore_mode,noised_1.0,1020,clipped_ips,q_oracle,1.5995193263615712,0.6248689634668868,0.7153918288961995,0.3281572420677793,56.434289507004955,0.0,0.7421254254165661
05,pscore_mode,noised_1.0,1020,dr,q_oracle,nan,0.7019060417304035,0.7153918288961995,0.3281572420677793,56.434289507004955,0.0,0.3281572420677793
05,pscore_mode,noised_1.0,1020,switch_dr,q_oracle,1.7556513348867075,0.7120752504806309,0.7153918288961995,0.3281572420677793,56.434289507004955,0.0,0.5069817728939732
05,pscore_mode,noised_1.0,1020,dros,q_oracle,2.5584620754041745,0.7128095624313646,0.7153918288961995,0.3281572420677793,56.434289507004955,0.0,0.8505892058618351
05,pscore_mode,noised_1.0,1020,dm,q_shrink09,nan,0.6949391005188121,0.7153918288961995,0.3281572420677793,56.434289507004955,0.0,nan
05,pscore_mode,noised_1.0,1020,ips,q_shrink09,nan,1.1693712303596822,0.7153918288961995,0.3281572420677793,56.434289507004955,0.0,0.3281572420677793
05,pscore_mode,noised_1.0,1020,snips,q_shrink09,nan,0.706479008226354,0.7153918288961995,0.3281572420677793,56.434289507004955,0.0,0.3281572420677793
05,pscore_mode,noised_1.0,1020,clipped_ips,q_shrink09,1.5995193263615712,0.6248689634668868,0.7153918288961995,0.3281572420677793,56.434289507004955,0.0,0.7421254254165661
05,pscore_mode,noised_1.0,1020,dr,q_shrink09,nan,0.7158920527266193,0.7153918288961995,0.3281572420677793,56.434289507004955,0.0,0.3281572420677793
05,pscore_mode,noised_1.0,1020,switch_dr,q_shrink09,1.7556513348867075,0.6959223573976349,0.7153918288961995,0.3281572420677793,56.434289507004955,0.0,0.5069817728939732
05,pscore_mode,noised_1.0,1020,dros,q_shrink09,2.5584620754041745,0.6983826698371706,0.7153918288961995,0.3281572420677793,56.434289507004955,0.0,0.8505892058618351
05,pscore_mode,true,1021,dm,q_oracle,nan,0.7149438800947931,0.7153918288961995,0.8243698836415462,2.636536163563298,0.0,nan
05,pscore_mode,true,1021,ips,q_oracle,nan,0.7137495825857116,0.7153918288961995,0.8243698836415462,2.636536163563298,0.0,0.8243698836415462
05,pscore_mode,true,1021,snips,q_oracle,nan,0.7156982378769428,0.7153918288961995,0.8243698836415462,2.636536163563298,0.0,0.8243698836415462
05,pscore_mode,true,1021,clipped_ips,q_oracle,1.5948663118256337,0.693899307946322,0.7153918288961995,0.8243698836415462,2.636536163563298,0.0,0.842882134497844
05,pscore_mode,true,1021,dr,q_oracle,nan,0.7168371759037125,0.7153918288961995,0.8243698836415462,2.636536163563298,0.0,0.8243698836415462
05,pscore_mode,true,1021,switch_dr,q_oracle,1.7616081299132114,0.7167548491580118,0.7153918288961995,0.8243698836415462,2.636536163563298,0.0,0.7976160242313219
05,pscore_mode,true,1021,dros,q_oracle,2.543598552596299,0.7161126170929216,0.7153918288961995,0.8243698836415462,2.636536163563298,0.0,0.9369452384943866
05,pscore_mode,true,1021,dm,q_shrink09,nan,0.6934494920853139,0.7153918288961995,0.8243698836415462,2.636536163563298,0.0,nan
05,pscore_mode,true,1021,ips,q_shrink09,nan,0.7137495825857116,0.7153918288961995,0.8243698836415462,2.636536163563298,0.0,0.8243698836415462
05,pscore_mode,true,1021,snips,q_shrink09,nan,0.7156982378769428,0.7153918288961995,0.8243698836415462,2.636536163563298,0.0,0.8243698836415462
05,pscore_mode,true,1021,clipped_ips,q_shrink09,1.5948663118256337,0.693899307946322,0.7153918288961995,0.8243698836415462,2.636536163563298,0.0,0.842882134497844
05,pscore_mode,true,1021,dr,q_shrink09,nan,0.7166645532275658,0.7153918288961995,0.8243698836415462,2.636536163563298,0.0,0.8243698836415462
05,pscore_mode,true,1021,switch_dr,q_shrink09,1.7616081299132114,0.7126033591963244,0.7153918288961995,0.8243698836415462,2.636536163563298,0.0,0.7976160242313219
05,pscore_mode,true,1021,dros,q_shrink09,2.543598552596299,0.7051112569607603,0.7153918288961995,0.8243698836415462,2.636536163563298,0.0,0.9369452384943866
05,pscore_mode,estimated,1021,dm,q_oracle,nan,0.7149438800947931,0.7153918288961995,0.803992728024526,2.8981965833271115,0.0,nan
05,pscore_mode,estimated,1021,ips,q_oracle,nan,0.73147619103243,0.7153918288961995,0.803992728024526,2.8981965833271115,0.0,0.803992728024526
05,pscore_mode,estimated,1021,snips,q_oracle,nan,0.7192227031978053,0.7153918288961995,0.803992728024526,2.8981965833271115,0.0,0.803992728024526
05,pscore_mode,estimated,1021,clipped_ips,q_oracle,1.5948663118256337,0.7017043981127044,0.7153918288961995,0.803992728024526,2.8981965833271115,0.0,0.8318321841593511
05,pscore_mode,estimated,1021,dr,q_oracle,nan,0.7162236688953219,0.7153918288961995,0.803992728024526,2.8981965833271115,0.0,0.803992728024526
05,pscore_mode,estimated,1021,switch_dr,q_oracle,1.7616081299132114,0.7159565589253605,0.7153918288961995,0.803992728024526,2.8981965833271115,0.0,0.7697405561071545
05,pscore_mode,estimated,1021,dros,q_oracle,2.543598552596299,0.716028794468991,0.7153918288961995,0.803992728024526,2.8981965833271115,0.0,0.9300182050089241
05,pscore_mode,estimated,1021,dm,q_shrink09,nan,0.6934494920853139,0.7153918288961995,0.803992728024526,2.8981965833271115,0.0,nan
05,pscore_mode,estimated,1021,ips,q_shrink09,nan,0.73147619103243,0.7153918288961995,0.803992728024526,2.8981965833271115,0.0,0.803992728024526
05,pscore_mode,estimated,1021,snips,q_shrink09,nan,0.7192227031978053,0.7153918288961995,0.803992728024526,2.8981965833271115,0.0,0.803992728024526
05,pscore_mode,estimated,1021,clipped_ips,q_shrink09,1.5948663118256337,0.7017043981127044,0.7153918288961995,0.803992728024526,2.8981965833271115,0.0,0.8318321841593511
05,pscore_mode,estimated,1021,dr,q_shrink09,nan,0.7168970648077686,0.7153918288961995,0.803992728024526,2.8981965833271115,0.0,0.803992728024526
05,pscore_mode,estimated,1021,switch_dr,q_shrink09,1.7616081299132114,0.7113975529014848,0.7153918288961995,0.803992728024526,2.8981965833271115,0.0,0.7697405561071545
05,pscore_mode,estimated,1021,dros,q_shrink09,2.543598552596299,0.7051573798433597,0.7153918288961995,0.803992728024526,2.8981965833271115,0.0,0.9300182050089241
05,pscore_mode,noised_0.1,1021,dm,q_oracle,nan,0.7149438800947931,0.7153918288961995,0.8164049051909829,2.9403696200089406,0.0,nan
05,pscore_mode,noised_0.1,1021,ips,q_oracle,nan,0.7175411470484168,0.7153918288961995,0.8164049051909829,2.9403696200089406,0.0,0.8164049051909829
05,pscore_mode,noised_0.1,1021,snips,q_oracle,nan,0.7153694229755931,0.7153918288961995,0.8164049051909829,2.9403696200089406,0.0,0.8164049051909829
05,pscore_mode,noised_0.1,1021,clipped_ips,q_oracle,1.5948663118256337,0.6922730080103767,0.7153918288961995,0.8164049051909829,2.9403696200089406,0.0,0.8406376490351529
05,pscore_mode,noised_0.1,1021,dr,q_oracle,nan,0.7166668314379449,0.7153918288961995,0.8164049051909829,2.9403696200089406,0.0,0.8164049051909829
05,pscore_mode,noised_0.1,1021,switch_dr,q_oracle,1.7616081299132114,0.7169131060537247,0.7153918288961995,0.8164049051909829,2.9403696200089406,0.0,0.7872887594939848
05,pscore_mode,noised_0.1,1021,dros,q_oracle,2.543598552596299,0.716016974712091,0.7153918288961995,0.8164049051909829,2.9403696200089406,0.0,0.9359856433714134
05,pscore_mode,noised_0.1,1021,dm,q_shrink09,nan,0.6934494920853139,0.7153918288961995,0.8164049051909829,2.9403696200089406,0.0,nan
05,pscore_mode,noised_0.1,1021,ips,q_shrink09,nan,0.7175411470484168,0.7153918288961995,0.8164049051909829,2.9403696200089406,0.0,0.8164049051909829
05,pscore_mode,noised_0.1,1021,snips,q_shrink09,nan,0.7153694229755931,0.7153918288961995,0.8164049051909829,2.9403696200089406,0.0,0.8164049051909829
05,pscore_mode,noised_0.1,1021,clipped_ips,q_shrink09,1.5948663118256337,0.6922730080103767,0.7153918288961995,0.8164049051909829,2.9403696200089406,0.0,0.8406376490351529
05,pscore_mode,noised_0.1,1021,dr,q_shrink09,nan,0.7166024726090848,0.7153918288961995,0.8164049051909829,2.9403696200089406,0.0,0.8164049051909829
05,pscore_mode,noised_0.1,1021,switch_dr,q_shrink09,1.7616081299132114,0.7120788965971901,0.7153918288961995,0.8164049051909829,2.9403696200089406,0.0,0.7872887594939848
05,pscore_mode,noised_0.1,1021,dros,q_shrink09,2.543598552596299,0.704955720285821,0.7153918288961995,0.8164049051909829,2.9403696200089406,0.0,0.9359856433714134
05,pscore_mode,noised_0.25,1021,dm,q_oracle,nan,0.7149438800947931,0.7153918288961995,0.7751841883873474,3.9931507958640338,0.0,nan
05,pscore_mode,noised_0.25,1021,ips,q_oracle,nan,0.7371999400040713,0.7153918288961995,0.7751841883873474,3.9931507958640338,0.0,0.7751841883873474
05,pscore_mode,noised_0.25,1021,snips,q_oracle,nan,0.7149643406835441,0.7153918288961995,0.7751841883873474,3.9931507958640338,0.0,0.7751841883873474
05,pscore_mode,noised_0.25,1021,clipped_ips,q_oracle,1.5948663118256337,0.6836916652848071,0.7153918288961995,0.7751841883873474,3.9931507958640338,0.0,0.8296784524691431
05,pscore_mode,noised_0.25,1021,dr,q_oracle,nan,0.7166190521883874,0.7153918288961995,0.7751841883873474,3.9931507958640338,0.0,0.7751841883873474
05,pscore_mode,noised_0.25,1021,switch_dr,q_oracle,1.7616081299132114,0.7149571114648955,0.7153918288961995,0.7751841883873474,3.9931507958640338,0.0,0.7401617186217065
05,pscore_mode,noised_0.25,1021,dros,q_oracle,2.543598552596299,0.7158076230592101,0.7153918288961995,0.7751841883873474,3.9931507958640338,0.0,0.931583400479116
05,pscore_mode,noised_0.25,1021,dm,q_shrink09,nan,0.6934494920853139,0.7153918288961995,0.7751841883873474,3.9931507958640338,0.0,nan
05,pscore_mode,noised_0.25,1021,ips,q_shrink09,nan,0.7371999400040713,0.7153918288961995,0.7751841883873474,3.9931507958640338,0.0,0.7751841883873474
05,pscore_mode,noised_0.25,1021,snips,q_shrink09,nan,0.7149643406835441,0.7153918288961995,0.7751841883873474,3.9931507958640338,0.0,0.7751841883873474
05,pscore_mode,noised_0.25,1021,clipped_ips,q_shrink09,1.5948663118256337,0.6836916652848071,0.7153918288961995,0.7751841883873474,3.9931507958640338,0.0,0.8296784524691431
05,pscore_mode,noised_0.25,1021,dr,q_shrink09,nan,0.7171221264010286,0.7153918288961995,0.7751841883873474,3.9931507958640338,0.0,0.7751841883873474
05,pscore_mode,noised_0.25,1021,switch_dr,q_shrink09,1.7616081299132114,0.7071554222440857,0.7153918288961995,0.7751841883873474,3.9931507958640338,0.0,0.7401617186217065
05,pscore_mode,noised_0.25,1021,dros,q_shrink09,2.543598552596299,0.7044253803964604,0.7153918288961995,0.7751841883873474,3.9931507958640338,0.0,0.931583400479116
05,pscore_mode,noised_0.5,1021,dm,q_oracle,nan,0.7149438800947931,0.7153918288961995,0.64446315530865,8.752453105084975,0.0,nan
05,pscore_mode,noised_0.5,1021,ips,q_oracle,nan,0.8113159674144468,0.7153918288961995,0.64446315530865,8.752453105084975,0.0,0.64446315530865
05,pscore_mode,noised_0.5,1021,snips,q_oracle,nan,0.7144338456974956,0.7153918288961995,0.64446315530865,8.752453105084975,0.0,0.64446315530865
05,pscore_mode,noised_0.5,1021,clipped_ips,q_oracle,1.5948663118256337,0.6637474979325446,0.7153918288961995,0.64446315530865,8.752453105084975,0.0,0.800988978811262
05,pscore_mode,noised_0.5,1021,dr,q_oracle,nan,0.7170848226907434,0.7153918288961995,0.64446315530865,8.752453105084975,0.0,0.64446315530865
05,pscore_mode,noised_0.5,1021,switch_dr,q_oracle,1.7616081299132114,0.7137801093385626,0.7153918288961995,0.64446315530865,8.752453105084975,0.0,0.6543211295306891
05,pscore_mode,noised_0.5,1021,dros,q_oracle,2.543598552596299,0.7153748166786893,0.7153918288961995,0.64446315530865,8.752453105084975,0.0,0.9145139051413543
05,pscore_mode,noised_0.5,1021,dm,q_shrink09,nan,0.6934494920853139,0.7153918288961995,0.64446315530865,8.752453105084975,0.0,nan
05,pscore_mode,noised_0.5,1021,ips,q_shrink09,nan,0.8113159674144468,0.7153918288961995,0.64446315530865,8.752453105084975,0.0,0.64446315530865
05,pscore_mode,noised_0.5,1021,snips,q_shrink09,nan,0.7144338456974956,0.7153918288961995,0.64446315530865,8.752453105084975,0.0,0.64446315530865
05,pscore_mode,noised_0.5,1021,clipped_ips,q_shrink09,1.5948663118256337,0.6637474979325446,0.7153918288961995,0.64446315530865,8.752453105084975,0.0,0.800988978811262
05,pscore_mode,noised_0.5,1021,dr,q_shrink09,nan,0.7197275947772931,0.7153918288961995,0.64446315530865,8.752453105084975,0.0,0.64446315530865
05,pscore_mode,noised_0.5,1021,switch_dr,q_shrink09,1.7616081299132114,0.7018059858287676,0.7153918288961995,0.64446315530865,8.752453105084975,0.0,0.6543211295306891
05,pscore_mode,noised_0.5,1021,dros,q_shrink09,2.543598552596299,0.7030507185779387,0.7153918288961995,0.64446315530865,8.752453105084975,0.0,0.9145139051413543
05,pscore_mode,noised_1.0,1021,dm,q_oracle,nan,0.7149438800947931,0.7153918288961995,0.3196723103062908,42.24109760163241,0.0,nan
05,pscore_mode,noised_1.0,1021,ips,q_oracle,nan,1.187251129185266,0.7153918288961995,0.3196723103062908,42.24109760163241,0.0,0.3196723103062908
05,pscore_mode,noised_1.0,1021,snips,q_oracle,nan,0.7133783109421928,0.7153918288961995,0.3196723103062908,42.24109760163241,0.0,0.3196723103062908
05,pscore_mode,noised_1.0,1021,clipped_ips,q_oracle,1.5948663118256337,0.6266309665932679,0.7153918288961995,0.3196723103062908,42.24109760163241,0.0,0.740913948067838
05,pscore_mode,noised_1.0,1021,dr,q_oracle,nan,0.7208577213564517,0.7153918288961995,0.3196723103062908,42.24109760163241,0.0,0.3196723103062908
05,pscore_mode,noised_1.0,1021,switch_dr,q_oracle,1.7616081299132114,0.7148825691370885,0.7153918288961995,0.3196723103062908,42.24109760163241,0.0,0.5078276834644978
05,pscore_mode,noised_1.0,1021,dros,q_oracle,2.543598552596299,0.7145694070432944,0.7153918288961995,0.3196723103062908,42.24109760163241,0.0,0.848178812451988
05,pscore_mode,noised_1.0,1021,dm,q_shrink09,nan,0.6934494920853139,0.7153918288961995,0.3196723103062908,42.24109760163241,0.0,nan
05,pscore_mode,noised_1.0,1021,ips,q_shrink09,nan,1.187251129185266,0.7153918288961995,0.3196723103062908,42.24109760163241,0.0,0.3196723103062908
05,pscore_mode,noised_1.0,1021,snips,q_shrink09,nan,0.7133783109421928,0.7153918288961995,0.3196723103062908,42.24109760163241,0.0,0.3196723103062908
05,pscore_mode,noised_1.0,1021,clipped_ips,q_shrink09,1.5948663118256337,0.6266309665932679,0.7153918288961995,0.3196723103062908,42.24109760163241,0.0,0.740913948067838
05,pscore_mode,noised_1.0,1021,dr,q_shrink09,nan,0.7342837718714241,0.7153918288961995,0.3196723103062908,42.24109760163241,0.0,0.3196723103062908
05,pscore_mode,noised_1.0,1021,switch_dr,q_shrink09,1.7616081299132114,0.6989596049232834,0.7153918288961995,0.3196723103062908,42.24109760163241,0.0,0.5078276834644978
05,pscore_mode,noised_1.0,1021,dros,q_shrink09,2.543598552596299,0.7001437728570874,0.7153918288961995,0.3196723103062908,42.24109760163241,0.0,0.848178812451988
05,pscore_mode,true,1022,dm,q_oracle,nan,0.7170736114404964,0.7153918288961995,0.8199502651793489,2.73624175502337,0.0,nan
05,pscore_mode,true,1022,ips,q_oracle,nan,0.7168135556501501,0.7153918288961995,0.8199502651793489,2.73624175502337,0.0,0.8199502651793489
05,pscore_mode,true,1022,snips,q_oracle,nan,0.7162328685435814,0.7153918288961995,0.8199502651793489,2.73624175502337,0.0,0.8199502651793489
05,pscore_mode,true,1022,clipped_ips,q_oracle,1.6241463188546799,0.6972152253410668,0.7153918288961995,0.8199502651793489,2.73624175502337,0.0,0.8384858079677486
05,pscore_mode,true,1022,dr,q_oracle,nan,0.7151902782895282,0.7153918288961995,0.8199502651793489,2.73624175502337,0.0,0.8199502651793489
05,pscore_mode,true,1022,switch_dr,q_oracle,1.778726260662016,0.7146252512065474,0.7153918288961995,0.8199502651793489,2.73624175502337,0.0,0.7939728176803186
05,pscore_mode,true,1022,dros,q_oracle,2.6378512650492074,0.7150225020151004,0.7153918288961995,0.8199502651793489,2.73624175502337,0.0,0.9343708586653423
05,pscore_mode,true,1022,dm,q_shrink09,nan,0.6953662502964467,0.7153918288961995,0.8199502651793489,2.73624175502337,0.0,nan
05,pscore_mode,true,1022,ips,q_shrink09,nan,0.7168135556501501,0.7153918288961995,0.8199502651793489,2.73624175502337,0.0,0.8199502651793489
05,pscore_mode,true,1022,snips,q_shrink09,nan,0.7162328685435814,0.7153918288961995,0.8199502651793489,2.73624175502337,0.0,0.8199502651793489
05,pscore_mode,true,1022,clipped_ips,q_shrink09,1.6241463188546799,0.6972152253410668,0.7153918288961995,0.8199502651793489,2.73624175502337,0.0,0.8384858079677486
05,pscore_mode,true,1022,dr,q_shrink09,nan,0.7153120684342515,0.7153918288961995,0.8199502651793489,2.73624175502337,0.0,0.8199502651793489
05,pscore_mode,true,1022,switch_dr,q_shrink09,1.778726260662016,0.7106537522042439,0.7153918288961995,0.8199502651793489,2.73624175502337,0.0,0.7939728176803186
05,pscore_mode,true,1022,dros,q_shrink09,2.6378512650492074,0.7041797226896344,0.7153918288961995,0.8199502651793489,2.73624175502337,0.0,0.9343708586653423
05,pscore_mode,estimated,1022,dm,q_oracle,nan,0.7170736114404964,0.7153918288961995,0.804754638513207,2.8683532074113764,0.0,nan
05,pscore_mode,estimated,1022,ips,q_oracle,nan,0.7310412129360369,0.7153918288961995,0.804754638513207,2.8683532074113764,0.0,0.804754638513207
05,pscore_mode,estimated,1022,snips,q_oracle,nan,0.7188147983595156,0.7153918288961995,0.804754638513207,2.8683532074113764,0.0,0.804754638513207
05,pscore_mode,estimated,1022,clipped_ips,q_oracle,1.6241463188546799,0.7030768139750481,0.7153918288961995,0.804754638513207,2.8683532074113764,0.0,0.830719386717328
05,pscore_mode,estimated,1022,dr,q_oracle,nan,0.7147182238095486,0.7153918288961995,0.804754638513207,2.8683532074113764,0.0,0.804754638513207
05,pscore_mode,estimated,1022,switch_dr,q_oracle,1.778726260662016,0.7112900396764495,0.7153918288961995,0.804754638513207,2.8683532074113764,0.0,0.7690126762036379
05,pscore_mode,estimated,1022,dros,q_oracle,2.6378512650492074,0.714656682236036,0.7153918288961995,0.804754638513207,2.8683532074113764,0.0,0.9286253367643745
05,pscore_mode,estimated,1022,dm,q_shrink09,nan,0.6953662502964467,0.7153918288961995,0.804754638513207,2.8683532074113764,0.0,nan
05,pscore_mode,estimated,1022,ips,q_shrink09,nan,0.7310412129360369,0.7153918288961995,0.804754638513207,2.8683532074113764,0.0,0.804754638513207
05,pscore_mode,estimated,1022,snips,q_shrink09,nan,0.7188147983595156,0.7153918288961995,0.804754638513207,2.8683532074113764,0.0,0.804754638513207
05,pscore_mode,estimated,1022,clipped_ips,q_shrink09,1.6241463188546799,0.7030768139750481,0.7153918288961995,0.804754638513207,2.8683532074113764,0.0,0.830719386717328
05,pscore_mode,estimated,1022,dr,q_shrink09,nan,0.7155000662065257,0.7153918288961995,0.804754638513207,2.8683532074113764,0.0,0.804754638513207
05,pscore_mode,estimated,1022,switch_dr,q_shrink09,1.778726260662016,0.7066017536781042,0.7153918288961995,0.804754638513207,2.8683532074113764,0.0,0.7690126762036379
05,pscore_mode,estimated,1022,dros,q_shrink09,2.6378512650492074,0.7039405596017838,0.7153918288961995,0.804754638513207,2.8683532074113764,0.0,0.9286253367643745
05,pscore_mode,noised_0.1,1022,dm,q_oracle,nan,0.7170736114404964,0.7153918288961995,0.8114979986241759,3.1145762515768425,0.0,nan
05,pscore_mode,noised_0.1,1022,ips,q_oracle,nan,0.7216069617636043,0.7153918288961995,0.8114979986241759,3.1145762515768425,0.0,0.8114979986241759
05,pscore_mode,noised_0.1,1022,snips,q_oracle,nan,0.7164014803669929,0.7153918288961995,0.8114979986241759,3.1145762515768425,0.0,0.8114979986241759
05,pscore_mode,noised_0.1,1022,clipped_ips,q_oracle,1.6241463188546799,0.6964238893803771,0.7153918288961995,0.8114979986241759,3.1145762515768425,0.0,0.8357098173298139
05,pscore_mode,noised_0.1,1022,dr,q_oracle,nan,0.7152095610453433,0.7153918288961995,0.8114979986241759,3.1145762515768425,0.0,0.8114979986241759
05,pscore_mode,noised_0.1,1022,switch_dr,q_oracle,1.778726260662016,0.7149538983109328,0.7153918288961995,0.8114979986241759,3.1145762515768425,0.0,0.7801687835930452
05,pscore_mode,noised_0.1,1022,dros,q_oracle,2.6378512650492074,0.7149320279057882,0.7153918288961995,0.8114979986241759,3.1145762515768425,0.0,0.9336198684784333
05,pscore_mode,noised_0.1,1022,dm,q_shrink09,nan,0.6953662502964467,0.7153918288961995,0.8114979986241759,3.1145762515768425,0.0,nan
05,pscore_mode,noised_0.1,1022,ips,q_shrink09,nan,0.7216069617636043,0.7153918288961995,0.8114979986241759,3.1145762515768425,0.0,0.8114979986241759
05,pscore_mode,noised_0.1,1022,snips,q_shrink09,nan,0.7164014803669929,0.7153918288961995,0.8114979986241759,3.1145762515768425,0.0,0.8114979986241759
05,pscore_mode,noised_0.1,1022,clipped_ips,q_shrink09,1.6241463188546799,0.6964238893803771,0.7153918288961995,0.8114979986241759,3.1145762515768425,0.0,0.8357098173298139
05,pscore_mode,noised_0.1,1022,dr,q_shrink09,nan,0.7154859935627276,0.7153918288961995,0.8114979986241759,3.1145762515768425,0.0,0.8114979986241759
05,pscore_mode,noised_0.1,1022,switch_dr,q_shrink09,1.778726260662016,0.7100622180367937,0.7153918288961995,0.8114979986241759,3.1145762515768425,0.0,0.7801687835930452
05,pscore_mode,noised_0.1,1022,dros,q_shrink09,2.6378512650492074,0.7040246426523006,0.7153918288961995,0.8114979986241759,3.1145762515768425,0.0,0.9336198684784333
05,pscore_mode,noised_0.25,1022,dm,q_oracle,nan,0.7170736114404964,0.7153918288961995,0.7694962708433215,5.199315640985828,0.0,nan
05,pscore_mode,noised_0.25,1022,ips,q_oracle,nan,0.7427117732171732,0.7153918288961995,0.7694962708433215,5.199315640985828,0.0,0.7694962708433215
05,pscore_mode,noised_0.25,1022,snips,q_oracle,nan,0.7166888909137744,0.7153918288961995,0.7694962708433215,5.199315640985828,0.0,0.7694962708433215
05,pscore_mode,noised_0.25,1022,clipped_ips,q_oracle,1.6241463188546799,0.6888468807786216,0.7153918288961995,0.7694962708433215,5.199315640985828,0.0,0.8244637333748155
05,pscore_mode,noised_0.25,1022,dr,q_oracle,nan,0.7152317663451444,0.7153918288961995,0.7694962708433215,5.199315640985828,0.0,0.7694962708433215
05,pscore_mode,noised_0.25,1022,switch_dr,q_oracle,1.778726260662016,0.7116016592245801,0.7153918288961995,0.7694962708433215,5.199315640985828,0.0,0.7343764157131444
05,pscore_mode,noised_0.25,1022,dros,q_oracle,2.6378512650492074,0.7148258504475128,0.7153918288961995,0.7694962708433215,5.199315640985828,0.0,0.9295501345880415
05,pscore_mode,noised_0.25,1022,dm,q_shrink09,nan,0.6953662502964467,0.7153918288961995,0.7694962708433215,5.199315640985828,0.0,nan
05,pscore_mode,noised_0.25,1022,ips,q_shrink09,nan,0.7427117732171732,0.7153918288961995,0.7694962708433215,5.199315640985828,0.0,0.7694962708433215
05,pscore_mode,noised_0.25,1022,snips,q_shrink09,nan,0.7166888909137744,0.7153918288961995,0.7694962708433215,5.199315640985828,0.0,0.7694962708433215
05,pscore_mode,noised_0.25,1022,clipped_ips,q_shrink09,1.6241463188546799,0.6888468807786216,0.7153918288961995,0.7694962708433215,5.199315640985828,0.0,0.8244637333748155
05,pscore_mode,noised_0.25,1022,dr,q_shrink09,nan,0.7161642734037087,0.7153918288961995,0.7694962708433215,5.199315640985828,0.0,0.7694962708433215
05,pscore_mode,noised_0.25,1022,switch_dr,q_shrink09,1.778726260662016,0.7037853733197752,0.7153918288961995,0.7694962708433215,5.199315640985828,0.0,0.7343764157131444
05,pscore_mode,noised_0.25,1022,dros,q_shrink09,2.6378512650492074,0.7035838106995654,0.7153918288961995,0.7694962708433215,5.199315640985828,0.0,0.9295501345880415
05,pscore_mode,noised_0.5,1022,dm,q_oracle,nan,0.7170736114404964,0.7153918288961995,0.6377957832886957,13.649439690162904,0.0,nan
05,pscore_mode,noised_0.5,1022,ips,q_oracle,nan,0.8191337941054622,0.7153918288961995,0.6377957832886957,13.649439690162904,0.0,0.6377957832886957
05,pscore_mode,noised_0.5,1022,snips,q_oracle,nan,0.7171726616341789,0.7153918288961995,0.6377957832886957,13.649439690162904,0.0,0.6377957832886957
05,pscore_mode,noised_0.5,1022,clipped_ips,q_oracle,1.6241463188546799,0.6697628534005214,0.7153918288961995,0.6377957832886957,13.649439690162904,0.0,0.7965547543181664
05,pscore_mode,noised_0.5,1022,dr,q_oracle,nan,0.7151720406402171,0.7153918288961995,0.6377957832886957,13.649439690162904,0.0,0.6377957832886957
05,pscore_mode,noised_0.5,1022,switch_dr,q_oracle,1.778726260662016,0.7122830992698852,0.7153918288961995,0.6377957832886957,13.649439690162904,0.0,0.64928520117766
05,pscore_mode,noised_0.5,1022,dros,q_oracle,2.6378512650492074,0.7147403652575309,0.7153918288961995,0.6377957832886957,13.649439690162904,0.0,0.9131249259199665
05,pscore_mode,noised_0.5,1022,dm,q_shrink09,nan,0.6953662502964467,0.7153918288961995,0.6377957832886957,13.649439690162904,0.0,nan
05,pscore_mode,noised_0.5,1022,ips,q_shrink09,nan,0.8191337941054622,0.7153918288961995,0.6377957832886957,13.649439690162904,0.0,0.6377957832886957
05,pscore_mode,noised_0.5,1022,snips,q_shrink09,nan,0.7171726616341789,0.7153918288961995,0.6377957832886957,13.649439690162904,0.0,0.6377957832886957
05,pscore_mode,noised_0.5,1022,clipped_ips,q_shrink09,1.6241463188546799,0.6697628534005214,0.7153918288961995,0.6377957832886957,13.649439690162904,0.0,0.7965547543181664
05,pscore_mode,noised_0.5,1022,dr,q_shrink09,nan,0.7184596675209542,0.7153918288961995,0.6377957832886957,13.649439690162904,0.0,0.6377957832886957
05,pscore_mode,noised_0.5,1022,switch_dr,q_shrink09,1.778726260662016,0.6999861174081574,0.7153918288961995,0.6377957832886957,13.649439690162904,0.0,0.64928520117766
05,pscore_mode,noised_0.5,1022,dros,q_shrink09,2.6378512650492074,0.7025110981369945,0.7153918288961995,0.6377957832886957,13.649439690162904,0.0,0.9131249259199665
05,pscore_mode,noised_1.0,1022,dm,q_oracle,nan,0.7170736114404964,0.7153918288961995,0.30276844735027997,94.07020813152826,0.0,nan
05,pscore_mode,noised_1.0,1022,ips,q_oracle,nan,1.1993440241581665,0.7153918288961995,0.30276844735027997,94.07020813152826,0.0,0.30276844735027997
05,pscore_mode,noised_1.0,1022,snips,q_oracle,nan,0.7180926070936501,0.7153918288961995,0.30276844735027997,94.07020813152826,0.0,0.30276844735027997
05,pscore_mode,noised_1.0,1022,clipped_ips,q_oracle,1.6241463188546799,0.6331336006034637,0.7153918288961995,0.30276844735027997,94.07020813152826,0.0,0.7376777204045367
05,pscore_mode,noised_1.0,1022,dr,q_oracle,nan,0.7142568325077627,0.7153918288961995,0.30276844735027997,94.07020813152826,0.0,0.30276844735027997
05,pscore_mode,noised_1.0,1022,switch_dr,q_oracle,1.778726260662016,0.7109581419634114,0.7153918288961995,0.30276844735027997,94.07020813152826,0.0,0.5060015736348524
05,pscore_mode,noised_1.0,1022,dros,q_oracle,2.6378512650492074,0.7146458600564605,0.7153918288961995,0.30276844735027997,94.07020813152826,0.0,0.848253700211066
05,pscore_mode,noised_1.0,1022,dm,q_shrink09,nan,0.6953662502964467,0.7153918288961995,0.30276844735027997,94.07020813152826,0.0,nan
05,pscore_mode,noised_1.0,1022,ips,q_shrink09,nan,1.1993440241581665,0.7153918288961995,0.30276844735027997,94.07020813152826,0.0,0.30276844735027997
05,pscore_mode,noised_1.0,1022,snips,q_shrink09,nan,0.7180926070936501,0.7153918288961995,0.30276844735027997,94.07020813152826,0.0,0.30276844735027997
05,pscore_mode,noised_1.0,1022,clipped_ips,q_shrink09,1.6241463188546799,0.6331336006034637,0.7153918288961995,0.30276844735027997,94.07020813152826,0.0,0.7376777204045367
05,pscore_mode,noised_1.0,1022,dr,q_shrink09,nan,0.7292565437600008,0.7153918288961995,0.30276844735027997,94.07020813152826,0.0,0.30276844735027997
05,pscore_mode,noised_1.0,1022,switch_dr,q_shrink09,1.778726260662016,0.6945606043432904,0.7153918288961995,0.30276844735027997,94.07020813152826,0.0,0.5060015736348524
05,pscore_mode,noised_1.0,1022,dros,q_shrink09,2.6378512650492074,0.7001788785118819,0.7153918288961995,0.30276844735027997,94.07020813152826,0.0,0.848253700211066
05,pscore_mode,true,1023,dm,q_oracle,nan,0.7160156670222109,0.7153918288961995,0.8229717845016803,2.6890500967456616,0.0,nan
05,pscore_mode,true,1023,ips,q_oracle,nan,0.7141825023041836,0.7153918288961995,0.8229717845016803,2.6890500967456616,0.0,0.8229717845016803
05,pscore_mode,true,1023,snips,q_oracle,nan,0.7186263697251607,0.7153918288961995,0.8229717845016803,2.6890500967456616,0.0,0.8229717845016803
05,pscore_mode,true,1023,clipped_ips,q_oracle,1.6063259706458264,0.6952752265921208,0.7153918288961995,0.8229717845016803,2.6890500967456616,0.0,0.8405528182537823
05,pscore_mode,true,1023,dr,q_oracle,nan,0.7218584810308785,0.7153918288961995,0.8229717845016803,2.6890500967456616,0.0,0.8229717845016803
05,pscore_mode,true,1023,switch_dr,q_oracle,1.7552751547552483,0.7197798940451208,0.7153918288961995,0.8229717845016803,2.6890500967456616,0.0,0.7961132930663123
05,pscore_mode,true,1023,dros,q_oracle,2.5802831239712565,0.7183869068094451,0.7153918288961995,0.8229717845016803,2.6890500967456616,0.0,0.9358006114064347
05,pscore_mode,true,1023,dm,q_shrink09,nan,0.6944141003199898,0.7153918288961995,0.8229717845016803,2.6890500967456616,0.0,nan
05,pscore_mode,true,1023,ips,q_shrink09,nan,0.7141825023041836,0.7153918288961995,0.8229717845016803,2.6890500967456616,0.0,0.8229717845016803
05,pscore_mode,true,1023,snips,q_shrink09,nan,0.7186263697251607,0.7153918288961995,0.8229717845016803,2.6890500967456616,0.0,0.8229717845016803
05,pscore_mode,true,1023,clipped_ips,q_shrink09,1.6063259706458264,0.6952752265921208,0.7153918288961995,0.8229717845016803,2.6890500967456616,0.0,0.8405528182537823
05,pscore_mode,true,1023,dr,q_shrink09,nan,0.7214000749446638,0.7153918288961995,0.8229717845016803,2.6890500967456616,0.0,0.8229717845016803
05,pscore_mode,true,1023,switch_dr,q_shrink09,1.7552751547552483,0.7153640311956985,0.7153918288961995,0.8229717845016803,2.6890500967456616,0.0,0.7961132930663123
05,pscore_mode,true,1023,dros,q_shrink09,2.5802831239712565,0.7072472556244302,0.7153918288961995,0.8229717845016803,2.6890500967456616,0.0,0.9358006114064347
05,pscore_mode,estimated,1023,dm,q_oracle,nan,0.7160156670222109,0.7153918288961995,0.8003862821194894,2.9448505929820796,0.0,nan
05,pscore_mode,estimated,1023,ips,q_oracle,nan,0.7333858126292975,0.7153918288961995,0.8003862821194894,2.9448505929820796,0.0,0.8003862821194894
05,pscore_mode,estimated,1023,snips,q_oracle,nan,0.7236213972496114,0.7153918288961995,0.8003862821194894,2.9448505929820796,0.0,0.8003862821194894
05,pscore_mode,estimated,1023,clipped_ips,q_oracle,1.6063259706458264,0.7017357393085047,0.7153918288961995,0.8003862821194894,2.9448505929820796,0.0,0.8290271539607329
05,pscore_mode,estimated,1023,dr,q_oracle,nan,0.7218362035182402,0.7153918288961995,0.8003862821194894,2.9448505929820796,0.0,0.8003862821194894
05,pscore_mode,estimated,1023,switch_dr,q_oracle,1.7552751547552483,0.7189401787081156,0.7153918288961995,0.8003862821194894,2.9448505929820796,0.0,0.7573102227824257
05,pscore_mode,estimated,1023,dros,q_oracle,2.5802831239712565,0.7185154667860205,0.7153918288961995,0.8003862821194894,2.9448505929820796,0.0,0.9291432058814149
05,pscore_mode,estimated,1023,dm,q_shrink09,nan,0.6944141003199898,0.7153918288961995,0.8003862821194894,2.9448505929820796,0.0,nan
05,pscore_mode,estimated,1023,ips,q_shrink09,nan,0.7333858126292975,0.7153918288961995,0.8003862821194894,2.9448505929820796,0.0,0.8003862821194894
05,pscore_mode,estimated,1023,snips,q_shrink09,nan,0.7236213972496114,0.7153918288961995,0.8003862821194894,2.9448505929820796,0.0,0.8003862821194894
05,pscore_mode,estimated,1023,clipped_ips,q_shrink09,1.6063259706458264,0.7017357393085047,0.7153918288961995,0.8003862821194894,2.9448505929820796,0.0,0.8290271539607329
05,pscore_mode,estimated,1023,dr,q_shrink09,nan,0.7223164735331951,0.7153918288961995,0.8003862821194894,2.9448505929820796,0.0,0.8003862821194894
05,pscore_mode,estimated,1023,switch_dr,q_shrink09,1.7552751547552483,0.713103296705003,0.7153918288961995,0.8003862821194894,2.9448505929820796,0.0,0.7573102227824257
05,pscore_mode,estimated,1023,dros,q_shrink09,2.5802831239712565,0.7074781495656853,0.7153918288961995,0.8003862821194894,2.9448505929820796,0.0,0.9291432058814149
05,pscore_mode,noised_0.1,1023,dm,q_oracle,nan,0.7160156670222109,0.7153918288961995,0.8143001333638383,3.3516762612087057,0.0,nan
05,pscore_mode,noised_0.1,1023,ips,q_oracle,nan,0.7185084934400515,0.7153918288961995,0.8143001333638383,3.3516762612087057,0.0,0.8143001333638383
05,pscore_mode,noised_0.1,1023,snips,q_oracle,nan,0.7195084531042557,0.7153918288961995,0.8143001333638383,3.3516762612087057,0.0,0.8143001333638383
05,pscore_mode,noised_0.1,1023,clipped_ips,q_oracle,1.6063259706458264,0.6940324590549588,0.7153918288961995,0.8143001333638383,3.3516762612087057,0.0,0.8373953501240152
05,pscore_mode,noised_0.1,1023,dr,q_oracle,nan,0.7223198621420936,0.7153918288961995,0.8143001333638383,3.3516762612087057,0.0,0.8143001333638383
05,pscore_mode,noised_0.1,1023,switch_dr,q_oracle,1.7552751547552483,0.7189733955234783,0.7153918288961995,0.8143001333638383,3.3516762612087057,0.0,0.7839102235066361
05,pscore_mode,noised_0.1,1023,dros,q_oracle,2.5802831239712565,0.7183119115152948,0.7153918288961995,0.8143001333638383,3.3516762612087057,0.0,0.9346454599024757
05,pscore_mode,noised_0.1,1023,dm,q_shrink09,nan,0.6944141003199898,0.7153918288961995,0.8143001333638383,3.3516762612087057,0.0,nan
05,pscore_mode,noised_0.1,1023,ips,q_shrink09,nan,0.7185084934400515,0.7153918288961995,0.8143001333638383,3.3516762612087057,0.0,0.8143001333638383
05,pscore_mode,noised_0.1,1023,snips,q_shrink09,nan,0.7195084531042557,0.7153918288961995,0.8143001333638383,3.3516762612087057,0.0,0.8143001333638383
05,pscore_mode,noised_0.1,1023,clipped_ips,q_shrink09,1.6063259706458264,0.6940324590549588,0.7153918288961995,0.8143001333638383,3.3516762612087057,0.0,0.8373953501240152
05,pscore_mode,noised_0.1,1023,dr,q_shrink09,nan,0.7220082143557139,0.7153918288961995,0.8143001333638383,3.3516762612087057,0.0,0.8143001333638383
05,pscore_mode,noised_0.1,1023,switch_dr,q_shrink09,1.7552751547552483,0.7137876085404403,0.7153918288961995,0.8143001333638383,3.3516762612087057,0.0,0.7839102235066361
05,pscore_mode,noised_0.1,1023,dros,q_shrink09,2.5802831239712565,0.7071205923196858,0.7153918288961995,0.8143001333638383,3.3516762612087057,0.0,0.9346454599024757
05,pscore_mode,noised_0.25,1023,dm,q_oracle,nan,0.7160156670222109,0.7153918288961995,0.7721332951697866,4.720876568411405,0.0,nan
05,pscore_mode,noised_0.25,1023,ips,q_oracle,nan,0.738355953322242,0.7153918288961995,0.7721332951697866,4.720876568411405,0.0,0.7721332951697866
05,pscore_mode,noised_0.25,1023,snips,q_oracle,nan,0.7205846954219921,0.7153918288961995,0.7721332951697866,4.720876568411405,0.0,0.7721332951697866
05,pscore_mode,noised_0.25,1023,clipped_ips,q_oracle,1.6063259706458264,0.6860335726963415,0.7153918288961995,0.7721332951697866,4.720876568411405,0.0,0.825926053355506
05,pscore_mode,noised_0.25,1023,dr,q_oracle,nan,0.7228756697486209,0.7153918288961995,0.7721332951697866,4.720876568411405,0.0,0.7721332951697866
05,pscore_mode,noised_0.25,1023,switch_dr,q_oracle,1.7552751547552483,0.7175816646051647,0.7153918288961995,0.7721332951697866,4.720876568411405,0.0,0.7368506387512697
05,pscore_mode,noised_0.25,1023,dros,q_oracle,2.5802831239712565,0.7182803907321411,0.7153918288961995,0.7721332951697866,4.720876568411405,0.0,0.9299905909289217
05,pscore_mode,noised_0.25,1023,dm,q_shrink09,nan,0.6944141003199898,0.7153918288961995,0.7721332951697866,4.720876568411405,0.0,nan
05,pscore_mode,noised_0.25,1023,ips,q_shrink09,nan,0.738355953322242,0.7153918288961995,0.7721332951697866,4.720876568411405,0.0,0.7721332951697866
05,pscore_mode,noised_0.25,1023,snips,q_shrink09,nan,0.7205846954219921,0.7153918288961995,0.7721332951697866,4.720876568411405,0.0,0.7721332951697866
05,pscore_mode,noised_0.25,1023,clipped_ips,q_shrink09,1.6063259706458264,0.6860335726963415,0.7153918288961995,0.7721332951697866,4.720876568411405,0.0,0.825926053355506
05,pscore_mode,noised_0.25,1023,dr,q_shrink09,nan,0.7231905843573041,0.7153918288961995,0.7721332951697866,4.720876568411405,0.0,0.7721332951697866
05,pscore_mode,noised_0.25,1023,switch_dr,q_shrink09,1.7552751547552483,0.7093525450608342,0.7153918288961995,0.7721332951697866,4.720876568411405,0.0,0.7368506387512697
05,pscore_mode,noised_0.25,1023,dros,q_shrink09,2.5802831239712565,0.7067824196283677,0.7153918288961995,0.7721332951697866,4.720876568411405,0.0,0.9299905909289217
05,pscore_mode,noised_0.5,1023,dm,q_oracle,nan,0.7160156670222109,0.7153918288961995,0.6395527758253244,10.733488410041122,0.0,nan
05,pscore_mode,noised_0.5,1023,ips,q_oracle,nan,0.8110206188553831,0.7153918288961995,0.6395527758253244,10.733488410041122,0.0,0.6395527758253244
05,pscore_mode,noised_0.5,1023,snips,q_oracle,nan,0.7217425217231483,0.7153918288961995,0.6395527758253244,10.733488410041122,0.0,0.6395527758253244
05,pscore_mode,noised_0.5,1023,clipped_ips,q_oracle,1.6063259706458264,0.6674012447268205,0.7153918288961995,0.6395527758253244,10.733488410041122,0.0,0.7968662463571791
05,pscore_mode,noised_0.5,1023,dr,q_oracle,nan,0.7234179750926484,0.7153918288961995,0.6395527758253244,10.733488410041122,0.0,0.6395527758253244
05,pscore_mode,noised_0.5,1023,switch_dr,q_oracle,1.7552751547552483,0.7183347248767645,0.7153918288961995,0.6395527758253244,10.733488410041122,0.0,0.6538439117960068
05,pscore_mode,noised_0.5,1023,dros,q_oracle,2.5802831239712565,0.7183580024204389,0.7153918288961995,0.6395527758253244,10.733488410041122,0.0,0.9128117982516979
05,pscore_mode,noised_0.5,1023,dm,q_shrink09,nan,0.6944141003199898,0.7153918288961995,0.6395527758253244,10.733488410041122,0.0,nan
05,pscore_mode,noised_0.5,1023,ips,q_shrink09,nan,0.8110206188553831,0.7153918288961995,0.6395527758253244,10.733488410041122,0.0,0.6395527758253244
05,pscore_mode,noised_0.5,1023,snips,q_shrink09,nan,0.7217425217231483,0.7153918288961995,0.6395527758253244,10.733488410041122,0.0,0.6395527758253244
05,pscore_mode,noised_0.5,1023,clipped_ips,q_shrink09,1.6063259706458264,0.6674012447268205,0.7153918288961995,0.6395527758253244,10.733488410041122,0.0,0.7968662463571791
05,pscore_mode,noised_0.5,1023,dr,q_shrink09,nan,0.7259933401145728,0.7153918288961995,0.6395527758253244,10.733488410041122,0.0,0.6395527758253244
05,pscore_mode,noised_0.5,1023,switch_dr,q_shrink09,1.7552751547552483,0.7061521020105672,0.7153918288961995,0.6395527758253244,10.733488410041122,0.0,0.6538439117960068
05,pscore_mode,noised_0.5,1023,dros,q_shrink09,2.5802831239712565,0.7059379494739462,0.7153918288961995,0.6395527758253244,10.733488410041122,0.0,0.9128117982516979
05,pscore_mode,noised_1.0,1023,dm,q_oracle,nan,0.7160156670222109,0.7153918288961995,0.30303597368203805,69.19229181775925,0.0,nan
05,pscore_mode,noised_1.0,1023,ips,q_oracle,nan,1.1734665626207539,0.7153918288961995,0.30303597368203805,69.19229181775925,0.0,0.30303597368203805
05,pscore_mode,noised_1.0,1023,snips,q_oracle,nan,0.7215547434856566,0.7153918288961995,0.30303597368203805,69.19229181775925,0.0,0.30303597368203805
05,pscore_mode,noised_1.0,1023,clipped_ips,q_oracle,1.6063259706458264,0.6309712822544298,0.7153918288961995,0.30303597368203805,69.19229181775925,0.0,0.736861722550066
05,pscore_mode,noised_1.0,1023,dr,q_oracle,nan,0.7208234616690522,0.7153918288961995,0.30303597368203805,69.19229181775925,0.0,0.30303597368203805
05,pscore_mode,noised_1.0,1023,switch_dr,q_oracle,1.7552751547552483,0.7184556247097782,0.7153918288961995,0.30303597368203805,69.19229181775925,0.0,0.5092538771346334
05,pscore_mode,noised_1.0,1023,dros,q_oracle,2.5802831239712565,0.718203040081397,0.7153918288961995,0.30303597368203805,69.19229181775925,0.0,0.8484016383134356
05,pscore_mode,noised_1.0,1023,dm,q_shrink09,nan,0.6944141003199898,0.7153918288961995,0.30303597368203805,69.19229181775925,0.0,nan
05,pscore_mode,noised_1.0,1023,ips,q_shrink09,nan,1.1734665626207539,0.7153918288961995,0.30303597368203805,69.19229181775925,0.0,0.30303597368203805
05,pscore_mode,noised_1.0,1023,snips,q_shrink09,nan,0.7215547434856566,0.7153918288961995,0.30303597368203805,69.19229181775925,0.0,0.30303597368203805
05,pscore_mode,noised_1.0,1023,clipped_ips,q_shrink09,1.6063259706458264,0.6309712822544298,0.7153918288961995,0.30303597368203805,69.19229181775925,0.0,0.736861722550066
05,pscore_mode,noised_1.0,1023,dr,q_shrink09,nan,0.7347726274030322,0.7153918288961995,0.30303597368203805,69.19229181775925,0.0,0.30303597368203805
05,pscore_mode,noised_1.0,1023,switch_dr,q_shrink09,1.7552751547552483,0.7021606934129011,0.7153918288961995,0.30303597368203805,69.19229181775925,0.0,0.5092538771346334
05,pscore_mode,noised_1.0,1023,dros,q_shrink09,2.5802831239712565,0.7036750066997723,0.7153918288961995,0.30303597368203805,69.19229181775925,0.0,0.8484016383134356
05,pscore_mode,true,1024,dm,q_oracle,nan,0.7138065267572992,0.7153918288961995,0.8235285480252138,2.7855716839645988,0.0,nan
05,pscore_mode,true,1024,ips,q_oracle,nan,0.7168552433214215,0.7153918288961995,0.8235285480252138,2.7855716839645988,0.0,0.8235285480252138
05,pscore_mode,true,1024,snips,q_oracle,nan,0.7146448002261487,0.7153918288961995,0.8235285480252138,2.7855716839645988,0.0,0.8235285480252138
05,pscore_mode,true,1024,clipped_ips,q_oracle,1.6104018096266268,0.6978286047102968,0.7153918288961995,0.8235285480252138,2.7855716839645988,0.0,0.8416494641341953
05,pscore_mode,true,1024,dr,q_oracle,nan,0.7133666742970426,0.7153918288961995,0.8235285480252138,2.7855716839645988,0.0,0.8235285480252138
05,pscore_mode,true,1024,switch_dr,q_oracle,1.7730001665384143,0.7133008431724828,0.7153918288961995,0.8235285480252138,2.7855716839645988,0.0,0.796600262395923
05,pscore_mode,true,1024,dros,q_oracle,2.5933939884487143,0.7130769331720411,0.7153918288961995,0.8235285480252138,2.7855716839645988,0.0,0.9360750659896243
05,pscore_mode,true,1024,dm,q_shrink09,nan,0.6924258740815694,0.7153918288961995,0.8235285480252138,2.7855716839645988,0.0,nan
05,pscore_mode,true,1024,ips,q_shrink09,nan,0.7168552433214215,0.7153918288961995,0.8235285480252138,2.7855716839645988,0.0,0.8235285480252138
05,pscore_mode,true,1024,snips,q_shrink09,nan,0.7146448002261487,0.7153918288961995,0.8235285480252138,2.7855716839645988,0.0,0.8235285480252138
05,pscore_mode,true,1024,clipped_ips,q_shrink09,1.6104018096266268,0.6978286047102968,0.7153918288961995,0.8235285480252138,2.7855716839645988,0.0,0.8416494641341953
05,pscore_mode,true,1024,dr,q_shrink09,nan,0.713560877930152,0.7153918288961995,0.8235285480252138,2.7855716839645988,0.0,0.8235285480252138
05,pscore_mode,true,1024,switch_dr,q_shrink09,1.7730001665384143,0.7094572719338723,0.7153918288961995,0.8235285480252138,2.7855716839645988,0.0,0.796600262395923
05,pscore_mode,true,1024,dros,q_shrink09,2.5933939884487143,0.7023841545437872,0.7153918288961995,0.8235285480252138,2.7855716839645988,0.0,0.9360750659896243
05,pscore_mode,estimated,1024,dm,q_oracle,nan,0.7138065267572992,0.7153918288961995,0.81088473625314,2.8974406746139363,0.0,nan
05,pscore_mode,estimated,1024,ips,q_oracle,nan,0.7281538586373607,0.7153918288961995,0.81088473625314,2.8974406746139363,0.0,0.81088473625314
05,pscore_mode,estimated,1024,snips,q_oracle,nan,0.7156091390529453,0.7153918288961995,0.81088473625314,2.8974406746139363,0.0,0.81088473625314
05,pscore_mode,estimated,1024,clipped_ips,q_oracle,1.6104018096266268,0.7031407976516413,0.7153918288961995,0.81088473625314,2.8974406746139363,0.0,0.8351301048291833
05,pscore_mode,estimated,1024,dr,q_oracle,nan,0.7125485913183357,0.7153918288961995,0.81088473625314,2.8974406746139363,0.0,0.81088473625314
05,pscore_mode,estimated,1024,switch_dr,q_oracle,1.7730001665384143,0.714319925898451,0.7153918288961995,0.81088473625314,2.8974406746139363,0.0,0.7783245269455176
05,pscore_mode,estimated,1024,dros,q_oracle,2.5933939884487143,0.7130257128765903,0.7153918288961995,0.81088473625314,2.8974406746139363,0.0,0.9306902124728118
05,pscore_mode,estimated,1024,dm,q_shrink09,nan,0.6924258740815694,0.7153918288961995,0.81088473625314,2.8974406746139363,0.0,nan
05,pscore_mode,estimated,1024,ips,q_shrink09,nan,0.7281538586373607,0.7153918288961995,0.81088473625314,2.8974406746139363,0.0,0.81088473625314
05,pscore_mode,estimated,1024,snips,q_shrink09,nan,0.7156091390529453,0.7153918288961995,0.81088473625314,2.8974406746139363,0.0,0.81088473625314
05,pscore_mode,estimated,1024,clipped_ips,q_shrink09,1.6104018096266268,0.7031407976516413,0.7153918288961995,0.81088473625314,2.8974406746139363,0.0,0.8351301048291833
05,pscore_mode,estimated,1024,dr,q_shrink09,nan,0.7132326116656904,0.7153918288961995,0.81088473625314,2.8974406746139363,0.0,0.81088473625314
05,pscore_mode,estimated,1024,switch_dr,q_shrink09,1.7730001665384143,0.7101694668774328,0.7153918288961995,0.81088473625314,2.8974406746139363,0.0,0.7783245269455176
05,pscore_mode,estimated,1024,dros,q_shrink09,2.5933939884487143,0.7024560490312062,0.7153918288961995,0.81088473625314,2.8974406746139363,0.0,0.9306902124728118
05,pscore_mode,noised_0.1,1024,dm,q_oracle,nan,0.7138065267572992,0.7153918288961995,0.8156172429968075,3.3233919299842394,0.0,nan
05,pscore_mode,noised_0.1,1024,ips,q_oracle,nan,0.7212602266151026,0.7153918288961995,0.8156172429968075,3.3233919299842394,0.0,0.8156172429968075
05,pscore_mode,noised_0.1,1024,snips,q_oracle,nan,0.7151906938396586,0.7153918288961995,0.8156172429968075,3.3233919299842394,0.0,0.8156172429968075
05,pscore_mode,noised_0.1,1024,clipped_ips,q_oracle,1.6104018096266268,0.696923292502455,0.7153918288961995,0.8156172429968075,3.3233919299842394,0.0,0.8391711551545507
05,pscore_mode,noised_0.1,1024,dr,q_oracle,nan,0.7138553155737387,0.7153918288961995,0.8156172429968075,3.3233919299842394,0.0,0.8156172429968075
05,pscore_mode,noised_0.1,1024,switch_dr,q_oracle,1.7730001665384143,0.7125398611946768,0.7153918288961995,0.8156172429968075,3.3233919299842394,0.0,0.7853821097748983
05,pscore_mode,noised_0.1,1024,dros,q_oracle,2.5933939884487143,0.7131238343397572,0.7153918288961995,0.8156172429968075,3.3233919299842394,0.0,0.935085334777131
05,pscore_mode,noised_0.1,1024,dm,q_shrink09,nan,0.6924258740815694,0.7153918288961995,0.8156172429968075,3.3233919299842394,0.0,nan
05,pscore_mode,noised_0.1,1024,ips,q_shrink09,nan,0.7212602266151026,0.7153918288961995,0.8156172429968075,3.3233919299842394,0.0,0.8156172429968075
05,pscore_mode,noised_0.1,1024,snips,q_shrink09,nan,0.7151906938396586,0.7153918288961995,0.8156172429968075,3.3233919299842394,0.0,0.8156172429968075
05,pscore_mode,noised_0.1,1024,clipped_ips,q_shrink09,1.6104018096266268,0.696923292502455,0.7153918288961995,0.8156172429968075,3.3233919299842394,0.0,0.8391711551545507
05,pscore_mode,noised_0.1,1024,dr,q_shrink09,nan,0.7141714769971534,0.7153918288961995,0.8156172429968075,3.3233919299842394,0.0,0.8156172429968075
05,pscore_mode,noised_0.1,1024,switch_dr,q_shrink09,1.7730001665384143,0.7079869226842609,0.7153918288961995,0.8156172429968075,3.3233919299842394,0.0,0.7853821097748983
05,pscore_mode,noised_0.1,1024,dros,q_shrink09,2.5933939884487143,0.7023726438014982,0.7153918288961995,0.8156172429968075,3.3233919299842394,0.0,0.935085334777131
05,pscore_mode,noised_0.25,1024,dm,q_oracle,nan,0.7138065267572992,0.7153918288961995,0.7748830515575967,4.743660210556708,0.0,nan
05,pscore_mode,noised_0.25,1024,ips,q_oracle,nan,0.7415851801496417,0.7153918288961995,0.7748830515575967,4.743660210556708,0.0,0.7748830515575967
05,pscore_mode,noised_0.25,1024,snips,q_oracle,nan,0.715943096352337,0.7153918288961995,0.7748830515575967,4.743660210556708,0.0,0.7748830515575967
05,pscore_mode,noised_0.25,1024,clipped_ips,q_oracle,1.6104018096266268,0.68942282126614,0.7153918288961995,0.7748830515575967,4.743660210556708,0.0,0.8281638212024062
05,pscore_mode,noised_0.25,1024,dr,q_oracle,nan,0.7145681328683797,0.7153918288961995,0.7748830515575967,4.743660210556708,0.0,0.7748830515575967
05,pscore_mode,noised_0.25,1024,switch_dr,q_oracle,1.7730001665384143,0.7142924172748034,0.7153918288961995,0.7748830515575967,4.743660210556708,0.0,0.7382488881537644
05,pscore_mode,noised_0.25,1024,dros,q_oracle,2.5933939884487143,0.7132210700557581,0.7153918288961995,0.7748830515575967,4.743660210556708,0.0,0.930637645528647
05,pscore_mode,noised_0.25,1024,dm,q_shrink09,nan,0.6924258740815694,0.7153918288961995,0.7748830515575967,4.743660210556708,0.0,nan
05,pscore_mode,noised_0.25,1024,ips,q_shrink09,nan,0.7415851801496417,0.7153918288961995,0.7748830515575967,4.743660210556708,0.0,0.7748830515575967
05,pscore_mode,noised_0.25,1024,snips,q_shrink09,nan,0.715943096352337,0.7153918288961995,0.7748830515575967,4.743660210556708,0.0,0.7748830515575967
05,pscore_mode,noised_0.25,1024,clipped_ips,q_shrink09,1.6104018096266268,0.68942282126614,0.7153918288961995,0.7748830515575967,4.743660210556708,0.0,0.8281638212024062
05,pscore_mode,noised_0.25,1024,dr,q_shrink09,nan,0.7154790469646842,0.7153918288961995,0.7748830515575967,4.743660210556708,0.0,0.7748830515575967
05,pscore_mode,noised_0.25,1024,switch_dr,q_shrink09,1.7730001665384143,0.7066188548663676,0.7153918288961995,0.7748830515575967,4.743660210556708,0.0,0.7382488881537644
05,pscore_mode,noised_0.25,1024,dros,q_shrink09,2.5933939884487143,0.7021479066854145,0.7153918288961995,0.7748830515575967,4.743660210556708,0.0,0.930637645528647
05,pscore_mode,noised_0.5,1024,dm,q_oracle,nan,0.7138065267572992,0.7153918288961995,0.6454067702774724,9.818871978160619,0.0,nan
05,pscore_mode,noised_0.5,1024,ips,q_oracle,nan,0.8161349460355674,0.7153918288961995,0.6454067702774724,9.818871978160619,0.0,0.6454067702774724
05,pscore_mode,noised_0.5,1024,snips,q_oracle,nan,0.7171109997789143,0.7153918288961995,0.6454067702774724,9.818871978160619,0.0,0.6454067702774724
05,pscore_mode,noised_0.5,1024,clipped_ips,q_oracle,1.6104018096266268,0.6704595440608038,0.7153918288961995,0.6454067702774724,9.818871978160619,0.0,0.8000612107109615
05,pscore_mode,noised_0.5,1024,dr,q_oracle,nan,0.7158705660823526,0.7153918288961995,0.6454067702774724,9.818871978160619,0.0,0.6454067702774724
05,pscore_mode,noised_0.5,1024,switch_dr,q_oracle,1.7730001665384143,0.7137179740846833,0.7153918288961995,0.6454067702774724,9.818871978160619,0.0,0.6529988530595817
05,pscore_mode,noised_0.5,1024,dros,q_oracle,2.5933939884487143,0.7134341099454349,0.7153918288961995,0.6454067702774724,9.818871978160619,0.0,0.9135569709184609
05,pscore_mode,noised_0.5,1024,dm,q_shrink09,nan,0.6924258740815694,0.7153918288961995,0.6454067702774724,9.818871978160619,0.0,nan
05,pscore_mode,noised_0.5,1024,ips,q_shrink09,nan,0.8161349460355674,0.7153918288961995,0.6454067702774724,9.818871978160619,0.0,0.6454067702774724
05,pscore_mode,noised_0.5,1024,snips,q_shrink09,nan,0.7171109997789143,0.7153918288961995,0.6454067702774724,9.818871978160619,0.0,0.6454067702774724
05,pscore_mode,noised_0.5,1024,clipped_ips,q_shrink09,1.6104018096266268,0.6704595440608038,0.7153918288961995,0.6454067702774724,9.818871978160619,0.0,0.8000612107109615
05,pscore_mode,noised_0.5,1024,dr,q_shrink09,nan,0.7189926373696484,0.7153918288961995,0.6454067702774724,9.818871978160619,0.0,0.6454067702774724
05,pscore_mode,noised_0.5,1024,switch_dr,q_shrink09,1.7730001665384143,0.7018152729124747,0.7153918288961995,0.6454067702774724,9.818871978160619,0.0,0.6529988530595817
05,pscore_mode,noised_0.5,1024,dros,q_shrink09,2.5933939884487143,0.7014070580762131,0.7153918288961995,0.6454067702774724,9.818871978160619,0.0,0.9135569709184609
05,pscore_mode,noised_1.0,1024,dm,q_oracle,nan,0.7138065267572992,0.7153918288961995,0.3113019127308877,54.753290341206515,0.0,nan
05,pscore_mode,noised_1.0,1024,ips,q_oracle,nan,1.1905097286769246,0.7153918288961995,0.3113019127308877,54.753290341206515,0.0,0.3113019127308877
05,pscore_mode,noised_1.0,1024,snips,q_oracle,nan,0.7200992631177553,0.7153918288961995,0.3113019127308877,54.753290341206515,0.0,0.3113019127308877
05,pscore_mode,noised_1.0,1024,clipped_ips,q_oracle,1.6104018096266268,0.6362622247810966,0.7153918288961995,0.3113019127308877,54.753290341206515,0.0,0.7404645453785473
05,pscore_mode,noised_1.0,1024,dr,q_oracle,nan,0.7206911044476314,0.7153918288961995,0.3113019127308877,54.753290341206515,0.0,0.3113019127308877
05,pscore_mode,noised_1.0,1024,switch_dr,q_oracle,1.7730001665384143,0.7175073598520989,0.7153918288961995,0.3113019127308877,54.753290341206515,0.0,0.5064590644173818
05,pscore_mode,noised_1.0,1024,dros,q_oracle,2.5933939884487143,0.7139694831340065,0.7153918288961995,0.3113019127308877,54.753290341206515,0.0,0.8479994671802049
05,pscore_mode,noised_1.0,1024,dm,q_shrink09,nan,0.6924258740815694,0.7153918288961995,0.3113019127308877,54.753290341206515,0.0,nan
05,pscore_mode,noised_1.0,1024,ips,q_shrink09,nan,1.1905097286769246,0.7153918288961995,0.3113019127308877,54.753290341206515,0.0,0.3113019127308877
05,pscore_mode,noised_1.0,1024,snips,q_shrink09,nan,0.7200992631177553,0.7153918288961995,0.3113019127308877,54.753290341206515,0.0,0.3113019127308877
05,pscore_mode,noised_1.0,1024,clipped_ips,q_shrink09,1.6104018096266268,0.6362622247810966,0.7153918288961995,0.3113019127308877,54.753290341206515,0.0,0.7404645453785473
05,pscore_mode,noised_1.0,1024,dr,q_shrink09,nan,0.735010076512746,0.7153918288961995,0.3113019127308877,54.753290341206515,0.0,0.3113019127308877
05,pscore_mode,noised_1.0,1024,switch_dr,q_shrink09,1.7730001665384143,0.7014776583546374,0.7153918288961995,0.3113019127308877,54.753290341206515,0.0,0.5064590644173818
05,pscore_mode,noised_1.0,1024,dros,q_shrink09,2.5933939884487143,0.6997846446856191,0.7153918288961995,0.3113019127308877,54.753290341206515,0.0,0.8479994671802049
05,pscore_mode,true,1025,dm,q_oracle,nan,0.713874487500283,0.7153918288961995,0.8246237826896943,2.823939673108736,0.0,nan
05,pscore_mode,true,1025,ips,q_oracle,nan,0.7107199980610832,0.7153918288961995,0.8246237826896943,2.823939673108736,0.0,0.8246237826896943
05,pscore_mode,true,1025,snips,q_oracle,nan,0.7120229691158014,0.7153918288961995,0.8246237826896943,2.823939673108736,0.0,0.8246237826896943
05,pscore_mode,true,1025,clipped_ips,q_oracle,1.5971828041592202,0.6910228768266484,0.7153918288961995,0.8246237826896943,2.823939673108736,0.0,0.8431256189907741
05,pscore_mode,true,1025,dr,q_oracle,nan,0.7122973193093588,0.7153918288961995,0.8246237826896943,2.823939673108736,0.0,0.8246237826896943
05,pscore_mode,true,1025,switch_dr,q_oracle,1.7639489095019587,0.7112294276496114,0.7153918288961995,0.8246237826896943,2.823939673108736,0.0,0.7980241793943881
05,pscore_mode,true,1025,dros,q_oracle,2.5509929099019097,0.7131878953905149,0.7153918288961995,0.8246237826896943,2.823939673108736,0.0,0.936937426861352
05,pscore_mode,true,1025,dm,q_shrink09,nan,0.6924870387502547,0.7153918288961995,0.8246237826896943,2.823939673108736,0.0,nan
05,pscore_mode,true,1025,ips,q_shrink09,nan,0.7107199980610832,0.7153918288961995,0.8246237826896943,2.823939673108736,0.0,0.8246237826896943
05,pscore_mode,true,1025,snips,q_shrink09,nan,0.7120229691158014,0.7153918288961995,0.8246237826896943,2.823939673108736,0.0,0.8246237826896943
05,pscore_mode,true,1025,clipped_ips,q_shrink09,1.5971828041592202,0.6910228768266484,0.7153918288961995,0.8246237826896943,2.823939673108736,0.0,0.8431256189907741
05,pscore_mode,true,1025,dr,q_shrink09,nan,0.7122310850091265,0.7153918288961995,0.8246237826896943,2.823939673108736,0.0,0.8246237826896943
05,pscore_mode,true,1025,switch_dr,q_shrink09,1.7639489095019587,0.7071499066245086,0.7153918288961995,0.8246237826896943,2.823939673108736,0.0,0.7980241793943881
05,pscore_mode,true,1025,dros,q_shrink09,2.5509929099019097,0.7023090603244488,0.7153918288961995,0.8246237826896943,2.823939673108736,0.0,0.936937426861352
05,pscore_mode,estimated,1025,dm,q_oracle,nan,0.713874487500283,0.7153918288961995,0.8033964536510002,2.963531034571646,0.0,nan
05,pscore_mode,estimated,1025,ips,q_oracle,nan,0.7293487731074553,0.7153918288961995,0.8033964536510002,2.963531034571646,0.0,0.8033964536510002
05,pscore_mode,estimated,1025,snips,q_oracle,nan,0.7161631019229193,0.7153918288961995,0.8033964536510002,2.963531034571646,0.0,0.8033964536510002
05,pscore_mode,estimated,1025,clipped_ips,q_oracle,1.5971828041592202,0.6976504052455763,0.7153918288961995,0.8033964536510002,2.963531034571646,0.0,0.8323677358225121
05,pscore_mode,estimated,1025,dr,q_oracle,nan,0.7122635087485231,0.7153918288961995,0.8033964536510002,2.963531034571646,0.0,0.8033964536510002
05,pscore_mode,estimated,1025,switch_dr,q_oracle,1.7639489095019587,0.7112193583376306,0.7153918288961995,0.8033964536510002,2.963531034571646,0.0,0.7633341125534338
05,pscore_mode,estimated,1025,dros,q_oracle,2.5509929099019097,0.7133235945147166,0.7153918288961995,0.8033964536510002,2.963531034571646,0.0,0.9303073618347835
05,pscore_mode,estimated,1025,dm,q_shrink09,nan,0.6924870387502547,0.7153918288961995,0.8033964536510002,2.963531034571646,0.0,nan
05,pscore_mode,estimated,1025,ips,q_shrink09,nan,0.7293487731074553,0.7153918288961995,0.8033964536510002,2.963531034571646,0.0,0.8033964536510002
05,pscore_mode,estimated,1025,snips,q_shrink09,nan,0.7161631019229193,0.7153918288961995,0.8033964536510002,2.963531034571646,0.0,0.8033964536510002
05,pscore_mode,estimated,1025,clipped_ips,q_shrink09,1.5971828041592202,0.6976504052455763,0.7153918288961995,0.8033964536510002,2.963531034571646,0.0,0.8323677358225121
05,pscore_mode,estimated,1025,dr,q_shrink09,nan,0.7130514577943544,0.7153918288961995,0.8033964536510002,2.963531034571646,0.0,0.8033964536510002
05,pscore_mode,estimated,1025,switch_dr,q_shrink09,1.7639489095019587,0.7060081348498851,0.7153918288961995,0.8033964536510002,2.963531034571646,0.0,0.7633341125534338
05,pscore_mode,estimated,1025,dros,q_shrink09,2.5509929099019097,0.7025528842876351,0.7153918288961995,0.8033964536510002,2.963531034571646,0.0,0.9303073618347835
05,pscore_mode,noised_0.1,1025,dm,q_oracle,nan,0.713874487500283,0.7153918288961995,0.8153929661417438,3.561426394380452,0.0,nan
05,pscore_mode,noised_0.1,1025,ips,q_oracle,nan,0.7131885379849062,0.7153918288961995,0.8153929661417438,3.561426394380452,0.0,0.8153929661417438
05,pscore_mode,noised_0.1,1025,snips,q_oracle,nan,0.7117839250618072,0.7153918288961995,0.8153929661417438,3.561426394380452,0.0,0.8153929661417438
05,pscore_mode,noised_0.1,1025,clipped_ips,q_oracle,1.5971828041592202,0.6878216049943274,0.7153918288961995,0.8153929661417438,3.561426394380452,0.0,0.8401864760900885
05,pscore_mode,noised_0.1,1025,dr,q_oracle,nan,0.7118894253961784,0.7153918288961995,0.8153929661417438,3.561426394380452,0.0,0.8153929661417438
05,pscore_mode,noised_0.1,1025,switch_dr,q_oracle,1.7639489095019587,0.7126075870790121,0.7153918288961995,0.8153929661417438,3.561426394380452,0.0,0.7861916482691607
05,pscore_mode,noised_0.1,1025,dros,q_oracle,2.5509929099019097,0.7130562644304345,0.7153918288961995,0.8153929661417438,3.561426394380452,0.0,0.9361432842144077
05,pscore_mode,noised_0.1,1025,dm,q_shrink09,nan,0.6924870387502547,0.7153918288961995,0.8153929661417438,3.561426394380452,0.0,nan
05,pscore_mode,noised_0.1,1025,ips,q_shrink09,nan,0.7131885379849062,0.7153918288961995,0.8153929661417438,3.561426394380452,0.0,0.8153929661417438
05,pscore_mode,noised_0.1,1025,snips,q_shrink09,nan,0.7117839250618072,0.7153918288961995,0.8153929661417438,3.561426394380452,0.0,0.8153929661417438
05,pscore_mode,noised_0.1,1025,clipped_ips,q_shrink09,1.5971828041592202,0.6878216049943274,0.7153918288961995,0.8153929661417438,3.561426394380452,0.0,0.8401864760900885
05,pscore_mode,noised_0.1,1025,dr,q_shrink09,nan,0.7119206681635579,0.7153918288961995,0.8153929661417438,3.561426394380452,0.0,0.8153929661417438
05,pscore_mode,noised_0.1,1025,switch_dr,q_shrink09,1.7639489095019587,0.707703663394106,0.7153918288961995,0.8153929661417438,3.561426394380452,0.0,0.7861916482691607
05,pscore_mode,noised_0.1,1025,dros,q_shrink09,2.5509929099019097,0.7020990778336184,0.7153918288961995,0.8153929661417438,3.561426394380452,0.0,0.9361432842144077
05,pscore_mode,noised_0.25,1025,dm,q_oracle,nan,0.713874487500283,0.7153918288961995,0.7726390384602231,5.044020121064386,0.0,nan
05,pscore_mode,noised_0.25,1025,ips,q_oracle,nan,0.7303485165526273,0.7153918288961995,0.7726390384602231,5.044020121064386,0.0,0.7726390384602231
05,pscore_mode,noised_0.25,1025,snips,q_oracle,nan,0.7113667226667695,0.7153918288961995,0.7726390384602231,5.044020121064386,0.0,0.7726390384602231
05,pscore_mode,noised_0.25,1025,clipped_ips,q_oracle,1.5971828041592202,0.6768757171751699,0.7153918288961995,0.7726390384602231,5.044020121064386,0.0,0.8289258694119666
05,pscore_mode,noised_0.25,1025,dr,q_oracle,nan,0.7111723765297484,0.7153918288961995,0.7726390384602231,5.044020121064386,0.0,0.7726390384602231
05,pscore_mode,noised_0.25,1025,switch_dr,q_oracle,1.7639489095019587,0.7119746850171975,0.7153918288961995,0.7726390384602231,5.044020121064386,0.0,0.7385071362948639
05,pscore_mode,noised_0.25,1025,dros,q_oracle,2.5509929099019097,0.7129200366198266,0.7153918288961995,0.7726390384602231,5.044020121064386,0.0,0.9319864845874796
05,pscore_mode,noised_0.25,1025,dm,q_shrink09,nan,0.6924870387502547,0.7153918288961995,0.7726390384602231,5.044020121064386,0.0,nan
05,pscore_mode,noised_0.25,1025,ips,q_shrink09,nan,0.7303485165526273,0.7153918288961995,0.7726390384602231,5.044020121064386,0.0,0.7726390384602231
05,pscore_mode,noised_0.25,1025,snips,q_shrink09,nan,0.7113667226667695,0.7153918288961995,0.7726390384602231,5.044020121064386,0.0,0.7726390384602231
05,pscore_mode,noised_0.25,1025,clipped_ips,q_shrink09,1.5971828041592202,0.6768757171751699,0.7153918288961995,0.7726390384602231,5.044020121064386,0.0,0.8289258694119666
05,pscore_mode,noised_0.25,1025,dr,q_shrink09,nan,0.711755812724653,0.7153918288961995,0.7726390384602231,5.044020121064386,0.0,0.7726390384602231
05,pscore_mode,noised_0.25,1025,switch_dr,q_shrink09,1.7639489095019587,0.7038915364285663,0.7153918288961995,0.7726390384602231,5.044020121064386,0.0,0.7385071362948639
05,pscore_mode,noised_0.25,1025,dros,q_shrink09,2.5509929099019097,0.7016174702155966,0.7153918288961995,0.7726390384602231,5.044020121064386,0.0,0.9319864845874796
05,pscore_mode,noised_0.5,1025,dm,q_oracle,nan,0.713874487500283,0.7153918288961995,0.6422917924911818,9.009448475113631,0.0,nan
05,pscore_mode,noised_0.5,1025,ips,q_oracle,nan,0.7981434795689359,0.7153918288961995,0.6422917924911818,9.009448475113631,0.0,0.6422917924911818
05,pscore_mode,noised_0.5,1025,snips,q_oracle,nan,0.7104244951937327,0.7153918288961995,0.6422917924911818,9.009448475113631,0.0,0.6422917924911818
05,pscore_mode,noised_0.5,1025,clipped_ips,q_oracle,1.5971828041592202,0.6548330432737898,0.7153918288961995,0.6422917924911818,9.009448475113631,0.0,0.7995239646449681
05,pscore_mode,noised_0.5,1025,dr,q_oracle,nan,0.7095088135103873,0.7153918288961995,0.6422917924911818,9.009448475113631,0.0,0.6422917924911818
05,pscore_mode,noised_0.5,1025,switch_dr,q_oracle,1.7639489095019587,0.7099970956823141,0.7153918288961995,0.6422917924911818,9.009448475113631,0.0,0.6579076902992455
05,pscore_mode,noised_0.5,1025,dros,q_oracle,2.5509929099019097,0.7127784797011008,0.7153918288961995,0.6422917924911818,9.009448475113631,0.0,0.9150784310889886
05,pscore_mode,noised_0.5,1025,dm,q_shrink09,nan,0.6924870387502547,0.7153918288961995,0.6422917924911818,9.009448475113631,0.0,nan
05,pscore_mode,noised_0.5,1025,ips,q_shrink09,nan,0.7981434795689359,0.7153918288961995,0.6422917924911818,9.009448475113631,0.0,0.6422917924911818
05,pscore_mode,noised_0.5,1025,snips,q_shrink09,nan,0.7104244951937327,0.7153918288961995,0.6422917924911818,9.009448475113631,0.0,0.6422917924911818
05,pscore_mode,noised_0.5,1025,clipped_ips,q_shrink09,1.5971828041592202,0.6548330432737898,0.7153918288961995,0.6422917924911818,9.009448475113631,0.0,0.7995239646449681
05,pscore_mode,noised_0.5,1025,dr,q_shrink09,nan,0.7121985779868355,0.7153918288961995,0.6422917924911818,9.009448475113631,0.0,0.6422917924911818
05,pscore_mode,noised_0.5,1025,switch_dr,q_shrink09,1.7639489095019587,0.6979121739557649,0.7153918288961995,0.6422917924911818,9.009448475113631,0.0,0.6579076902992455
05,pscore_mode,noised_0.5,1025,dros,q_shrink09,2.5509929099019097,0.7005051410865292,0.7153918288961995,0.6422917924911818,9.009448475113631,0.0,0.9150784310889886
05,pscore_mode,noised_1.0,1025,dm,q_oracle,nan,0.713874487500283,0.7153918288961995,0.32649451235137705,39.920318265351014,0.0,nan
05,pscore_mode,noised_1.0,1025,ips,q_oracle,nan,1.1417150793022075,0.7153918288961995,0.32649451235137705,39.920318265351014,0.0,0.32649451235137705
05,pscore_mode,noised_1.0,1025,snips,q_oracle,nan,0.7066319496851885,0.7153918288961995,0.32649451235137705,39.920318265351014,0.0,0.32649451235137705
05,pscore_mode,noised_1.0,1025,clipped_ips,q_oracle,1.5971828041592202,0.6160956321806176,0.7153918288961995,0.32649451235137705,39.920318265351014,0.0,0.7372577483207162
05,pscore_mode,noised_1.0,1025,dr,q_oracle,nan,0.7016966522030923,0.7153918288961995,0.32649451235137705,39.920318265351014,0.0,0.32649451235137705
05,pscore_mode,noised_1.0,1025,switch_dr,q_oracle,1.7639489095019587,0.7124634829905186,0.7153918288961995,0.32649451235137705,39.920318265351014,0.0,0.5130102465347226
05,pscore_mode,noised_1.0,1025,dros,q_oracle,2.5509929099019097,0.7124649549221475,0.7153918288961995,0.32649451235137705,39.920318265351014,0.0,0.8490867393241006
05,pscore_mode,noised_1.0,1025,dm,q_shrink09,nan,0.6924870387502547,0.7153918288961995,0.32649451235137705,39.920318265351014,0.0,nan
05,pscore_mode,noised_1.0,1025,ips,q_shrink09,nan,1.1417150793022075,0.7153918288961995,0.32649451235137705,39.920318265351014,0.0,0.32649451235137705
05,pscore_mode,noised_1.0,1025,snips,q_shrink09,nan,0.7066319496851885,0.7153918288961995,0.32649451235137705,39.920318265351014,0.0,0.32649451235137705
05,pscore_mode,noised_1.0,1025,clipped_ips,q_shrink09,1.5971828041592202,0.6160956321806176,0.7153918288961995,0.32649451235137705,39.920318265351014,0.0,0.7372577483207162
05,pscore_mode,noised_1.0,1025,dr,q_shrink09,nan,0.7149127987800414,0.7153918288961995,0.32649451235137705,39.920318265351014,0.0,0.32649451235137705
05,pscore_mode,noised_1.0,1025,switch_dr,q_shrink09,1.7639489095019587,0.6964768812141363,0.7153918288961995,0.32649451235137705,39.920318265351014,0.0,0.5130102465347226
05,pscore_mode,noised_1.0,1025,dros,q_shrink09,2.5509929099019097,0.6980598882957576,0.7153918288961995,0.32649451235137705,39.920318265351014,0.0,0.8490867393241006
05,pscore_mode,true,1026,dm,q_oracle,nan,0.7140941095438111,0.7153918288961995,0.8215930460341793,2.650994650035015,0.0,nan
05,pscore_mode,true,1026,ips,q_oracle,nan,0.7142678064871668,0.7153918288961995,0.8215930460341793,2.650994650035015,0.0,0.8215930460341793
05,pscore_mode,true,1026,snips,q_oracle,nan,0.7162381837285491,0.7153918288961995,0.8215930460341793,2.650994650035015,0.0,0.8215930460341793
05,pscore_mode,true,1026,clipped_ips,q_oracle,1.6057411671296726,0.6945426449065703,0.7153918288961995,0.8215930460341793,2.650994650035015,0.0,0.8400658228511615
05,pscore_mode,true,1026,dr,q_oracle,nan,0.7169132622719863,0.7153918288961995,0.8215930460341793,2.650994650035015,0.0,0.8215930460341793
05,pscore_mode,true,1026,switch_dr,q_oracle,1.769876896489521,0.7173219610851654,0.7153918288961995,0.8215930460341793,2.650994650035015,0.0,0.795156234977039
05,pscore_mode,true,1026,dros,q_oracle,2.5784046958149633,0.7156059055113799,0.7153918288961995,0.8215930460341793,2.650994650035015,0.0,0.935041869628608
05,pscore_mode,true,1026,dm,q_shrink09,nan,0.69268469858943,0.7153918288961995,0.8215930460341793,2.650994650035015,0.0,nan
05,pscore_mode,true,1026,ips,q_shrink09,nan,0.7142678064871668,0.7153918288961995,0.8215930460341793,2.650994650035015,0.0,0.8215930460341793
05,pscore_mode,true,1026,snips,q_shrink09,nan,0.7162381837285491,0.7153918288961995,0.8215930460341793,2.650994650035015,0.0,0.8215930460341793
05,pscore_mode,true,1026,clipped_ips,q_shrink09,1.6057411671296726,0.6945426449065703,0.7153918288961995,0.8215930460341793,2.650994650035015,0.0,0.8400658228511615
05,pscore_mode,true,1026,dr,q_shrink09,nan,0.7167862671122158,0.7153918288961995,0.8215930460341793,2.650994650035015,0.0,0.8215930460341793
05,pscore_mode,true,1026,switch_dr,q_shrink09,1.769876896489521,0.713133138330153,0.7153918288961995,0.8215930460341793,2.650994650035015,0.0,0.795156234977039
05,pscore_mode,true,1026,dros,q_shrink09,2.5784046958149633,0.7046564065896752,0.7153918288961995,0.8215930460341793,2.650994650035015,0.0,0.935041869628608
05,pscore_mode,estimated,1026,dm,q_oracle,nan,0.7140941095438111,0.7153918288961995,0.8012031524429502,3.078215795408197,0.0,nan
05,pscore_mode,estimated,1026,ips,q_oracle,nan,0.7307055764044075,0.7153918288961995,0.8012031524429502,3.078215795408197,0.0,0.8012031524429502
05,pscore_mode,estimated,1026,snips,q_oracle,nan,0.7197708096835967,0.7153918288961995,0.8012031524429502,3.078215795408197,0.0,0.8012031524429502
05,pscore_mode,estimated,1026,clipped_ips,q_oracle,1.6057411671296726,0.7006983511189482,0.7153918288961995,0.8012031524429502,3.078215795408197,0.0,0.8298462155579996
05,pscore_mode,estimated,1026,dr,q_oracle,nan,0.716765105016778,0.7153918288961995,0.8012031524429502,3.078215795408197,0.0,0.8012031524429502
05,pscore_mode,estimated,1026,switch_dr,q_oracle,1.769876896489521,0.7168024070558094,0.7153918288961995,0.8012031524429502,3.078215795408197,0.0,0.7654495513944236
05,pscore_mode,estimated,1026,dros,q_oracle,2.5784046958149633,0.7156347707225531,0.7153918288961995,0.8012031524429502,3.078215795408197,0.0,0.9283483435406914
05,pscore_mode,estimated,1026,dm,q_shrink09,nan,0.69268469858943,0.7153918288961995,0.8012031524429502,3.078215795408197,0.0,nan
05,pscore_mode,estimated,1026,ips,q_shrink09,nan,0.7307055764044075,0.7153918288961995,0.8012031524429502,3.078215795408197,0.0,0.8012031524429502
05,pscore_mode,estimated,1026,snips,q_shrink09,nan,0.7197708096835967,0.7153918288961995,0.8012031524429502,3.078215795408197,0.0,0.8012031524429502
05,pscore_mode,estimated,1026,clipped_ips,q_shrink09,1.6057411671296726,0.7006983511189482,0.7153918288961995,0.8012031524429502,3.078215795408197,0.0,0.8298462155579996
05,pscore_mode,estimated,1026,dr,q_shrink09,nan,0.7173995515595112,0.7153918288961995,0.8012031524429502,3.078215795408197,0.0,0.8012031524429502
05,pscore_mode,estimated,1026,switch_dr,q_shrink09,1.769876896489521,0.7118437488157112,0.7153918288961995,0.8012031524429502,3.078215795408197,0.0,0.7654495513944236
05,pscore_mode,estimated,1026,dros,q_shrink09,2.5784046958149633,0.7048113830290961,0.7153918288961995,0.8012031524429502,3.078215795408197,0.0,0.9283483435406914
05,pscore_mode,noised_0.1,1026,dm,q_oracle,nan,0.7140941095438111,0.7153918288961995,0.8136148684390351,3.0001824068750325,0.0,nan
05,pscore_mode,noised_0.1,1026,ips,q_oracle,nan,0.7169203720591228,0.7153918288961995,0.8136148684390351,3.0001824068750325,0.0,0.8136148684390351
05,pscore_mode,noised_0.1,1026,snips,q_oracle,nan,0.7155030151984998,0.7153918288961995,0.8136148684390351,3.0001824068750325,0.0,0.8136148684390351
05,pscore_mode,noised_0.1,1026,clipped_ips,q_oracle,1.6057411671296726,0.6921599938267967,0.7153918288961995,0.8136148684390351,3.0001824068750325,0.0,0.8374111394434931
05,pscore_mode,noised_0.1,1026,dr,q_oracle,nan,0.7164013307778347,0.7153918288961995,0.8136148684390351,3.0001824068750325,0.0,0.8136148684390351
05,pscore_mode,noised_0.1,1026,switch_dr,q_oracle,1.769876896489521,0.7163068752739055,0.7153918288961995,0.8136148684390351,3.0001824068750325,0.0,0.784052155482005
05,pscore_mode,noised_0.1,1026,dros,q_oracle,2.5784046958149633,0.7154342780731796,0.7153918288961995,0.8136148684390351,3.0001824068750325,0.0,0.9342436574634683
05,pscore_mode,noised_0.1,1026,dm,q_shrink09,nan,0.69268469858943,0.7153918288961995,0.8136148684390351,3.0001824068750325,0.0,nan
05,pscore_mode,noised_0.1,1026,ips,q_shrink09,nan,0.7169203720591228,0.7153918288961995,0.8136148684390351,3.0001824068750325,0.0,0.8136148684390351
05,pscore_mode,noised_0.1,1026,snips,q_shrink09,nan,0.7155030151984998,0.7153918288961995,0.8136148684390351,3.0001824068750325,0.0,0.8136148684390351
05,pscore_mode,noised_0.1,1026,clipped_ips,q_shrink09,1.6057411671296726,0.6921599938267967,0.7153918288961995,0.8136148684390351,3.0001824068750325,0.0,0.8374111394434931
05,pscore_mode,noised_0.1,1026,dr,q_shrink09,nan,0.7163541887223336,0.7153918288961995,0.8136148684390351,3.0001824068750325,0.0,0.8136148684390351
05,pscore_mode,noised_0.1,1026,switch_dr,q_shrink09,1.769876896489521,0.7114007210709102,0.7153918288961995,0.8136148684390351,3.0001824068750325,0.0,0.784052155482005
05,pscore_mode,noised_0.1,1026,dros,q_shrink09,2.5784046958149633,0.7044172779104902,0.7153918288961995,0.8136148684390351,3.0001824068750325,0.0,0.9342436574634683
05,pscore_mode,noised_0.25,1026,dm,q_oracle,nan,0.7140941095438111,0.7153918288961995,0.7721294606628073,3.8926903073864847,0.0,nan
05,pscore_mode,noised_0.25,1026,ips,q_oracle,nan,0.7345981284714636,0.7153918288961995,0.7721294606628073,3.8926903073864847,0.0,0.7721294606628073
05,pscore_mode,noised_0.25,1026,snips,q_oracle,nan,0.7145352640254619,0.7153918288961995,0.7721294606628073,3.8926903073864847,0.0,0.7721294606628073
05,pscore_mode,noised_0.25,1026,clipped_ips,q_oracle,1.6057411671296726,0.682332400681186,0.7153918288961995,0.7721294606628073,3.8926903073864847,0.0,0.8270252985365129
05,pscore_mode,noised_0.25,1026,dr,q_oracle,nan,0.7157104672756802,0.7153918288961995,0.7721294606628073,3.8926903073864847,0.0,0.7721294606628073
05,pscore_mode,noised_0.25,1026,switch_dr,q_oracle,1.769876896489521,0.7155327961783577,0.7153918288961995,0.7721294606628073,3.8926903073864847,0.0,0.7397305156715405
05,pscore_mode,noised_0.25,1026,dros,q_oracle,2.5784046958149633,0.715091044899924,0.7153918288961995,0.7721294606628073,3.8926903073864847,0.0,0.9302006976014437
05,pscore_mode,noised_0.25,1026,dm,q_shrink09,nan,0.69268469858943,0.7153918288961995,0.7721294606628073,3.8926903073864847,0.0,nan
05,pscore_mode,noised_0.25,1026,ips,q_shrink09,nan,0.7345981284714636,0.7153918288961995,0.7721294606628073,3.8926903073864847,0.0,0.7721294606628073
05,pscore_mode,noised_0.25,1026,snips,q_shrink09,nan,0.7145352640254619,0.7153918288961995,0.7721294606628073,3.8926903073864847,0.0,0.7721294606628073
05,pscore_mode,noised_0.25,1026,clipped_ips,q_shrink09,1.6057411671296726,0.682332400681186,0.7153918288961995,0.7721294606628073,3.8926903073864847,0.0,0.8270252985365129
05,pscore_mode,noised_0.25,1026,dr,q_shrink09,nan,0.7161953233675733,0.7153918288961995,0.7721294606628073,3.8926903073864847,0.0,0.7721294606628073
05,pscore_mode,noised_0.25,1026,switch_dr,q_shrink09,1.769876896489521,0.707640874714177,0.7153918288961995,0.7721294606628073,3.8926903073864847,0.0,0.7397305156715405
05,pscore_mode,noised_0.25,1026,dros,q_shrink09,2.5784046958149633,0.703740839500255,0.7153918288961995,0.7721294606628073,3.8926903073864847,0.0,0.9302006976014437
05,pscore_mode,noised_0.5,1026,dm,q_oracle,nan,0.7140941095438111,0.7153918288961995,0.6408010808712942,8.318164684922307,0.0,nan
05,pscore_mode,noised_0.5,1026,ips,q_oracle,nan,0.804321528913019,0.7153918288961995,0.6408010808712942,8.318164684922307,0.0,0.6408010808712942
05,pscore_mode,noised_0.5,1026,snips,q_oracle,nan,0.7132069141874924,0.7153918288961995,0.6408010808712942,8.318164684922307,0.0,0.6408010808712942
05,pscore_mode,noised_0.5,1026,clipped_ips,q_oracle,1.6057411671296726,0.6609058364640585,0.7153918288961995,0.6408010808712942,8.318164684922307,0.0,0.7991084000753311
05,pscore_mode,noised_0.5,1026,dr,q_oracle,nan,0.7145282061427141,0.7153918288961995,0.6408010808712942,8.318164684922307,0.0,0.6408010808712942
05,pscore_mode,noised_0.5,1026,switch_dr,q_oracle,1.769876896489521,0.7139227274957894,0.7153918288961995,0.6408010808712942,8.318164684922307,0.0,0.659711996854869
05,pscore_mode,noised_0.5,1026,dros,q_oracle,2.5784046958149633,0.7144489412536396,0.7153918288961995,0.6408010808712942,8.318164684922307,0.0,0.913680803727318
05,pscore_mode,noised_0.5,1026,dm,q_shrink09,nan,0.69268469858943,0.7153918288961995,0.6408010808712942,8.318164684922307,0.0,nan
05,pscore_mode,noised_0.5,1026,ips,q_shrink09,nan,0.804321528913019,0.7153918288961995,0.6408010808712942,8.318164684922307,0.0,0.6408010808712942
05,pscore_mode,noised_0.5,1026,snips,q_shrink09,nan,0.7132069141874924,0.7153918288961995,0.6408010808712942,8.318164684922307,0.0,0.6408010808712942
05,pscore_mode,noised_0.5,1026,clipped_ips,q_shrink09,1.6057411671296726,0.6609058364640585,0.7153918288961995,0.6408010808712942,8.318164684922307,0.0,0.7991084000753311
05,pscore_mode,noised_0.5,1026,dr,q_shrink09,nan,0.717119867961633,0.7153918288961995,0.6408010808712942,8.318164684922307,0.0,0.6408010808712942
05,pscore_mode,noised_0.5,1026,switch_dr,q_shrink09,1.769876896489521,0.7019982906598238,0.7153918288961995,0.6408010808712942,8.318164684922307,0.0,0.659711996854869
05,pscore_mode,noised_0.5,1026,dros,q_shrink09,2.5784046958149633,0.7021283491887773,0.7153918288961995,0.6408010808712942,8.318164684922307,0.0,0.913680803727318
05,pscore_mode,noised_1.0,1026,dm,q_oracle,nan,0.7140941095438111,0.7153918288961995,0.31537541720825507,57.18836690593951,0.0,nan
05,pscore_mode,noised_1.0,1026,ips,q_oracle,nan,1.1617843624481459,0.7153918288961995,0.31537541720825507,57.18836690593951,0.0,0.31537541720825507
05,pscore_mode,noised_1.0,1026,snips,q_oracle,nan,0.711073646899624,0.7153918288961995,0.31537541720825507,57.18836690593951,0.0,0.31537541720825507
05,pscore_mode,noised_1.0,1026,clipped_ips,q_oracle,1.6057411671296726,0.6218497421453073,0.7153918288961995,0.31537541720825507,57.18836690593951,0.0,0.7392188498831045
05,pscore_mode,noised_1.0,1026,dr,q_oracle,nan,0.7102191087798995,0.7153918288961995,0.31537541720825507,57.18836690593951,0.0,0.31537541720825507
05,pscore_mode,noised_1.0,1026,switch_dr,q_oracle,1.769876896489521,0.7153816675105115,0.7153918288961995,0.31537541720825507,57.18836690593951,0.0,0.5143023430927713
05,pscore_mode,noised_1.0,1026,dros,q_oracle,2.5784046958149633,0.7139730271860312,0.7153918288961995,0.31537541720825507,57.18836690593951,0.0,0.848880749913128
05,pscore_mode,noised_1.0,1026,dm,q_shrink09,nan,0.69268469858943,0.7153918288961995,0.31537541720825507,57.18836690593951,0.0,nan
05,pscore_mode,noised_1.0,1026,ips,q_shrink09,nan,1.1617843624481459,0.7153918288961995,0.31537541720825507,57.18836690593951,0.0,0.31537541720825507
05,pscore_mode,noised_1.0,1026,snips,q_shrink09,nan,0.711073646899624,0.7153918288961995,0.31537541720825507,57.18836690593951,0.0,0.31537541720825507
05,pscore_mode,noised_1.0,1026,clipped_ips,q_shrink09,1.6057411671296726,0.6218497421453073,0.7153918288961995,0.31537541720825507,57.18836690593951,0.0,0.7392188498831045
05,pscore_mode,noised_1.0,1026,dr,q_shrink09,nan,0.7236833672828289,0.7153918288961995,0.31537541720825507,57.18836690593951,0.0,0.31537541720825507
05,pscore_mode,noised_1.0,1026,switch_dr,q_shrink09,1.769876896489521,0.6993418855695575,0.7153918288961995,0.31537541720825507,57.18836690593951,0.0,0.5143023430927713
05,pscore_mode,noised_1.0,1026,dros,q_shrink09,2.5784046958149633,0.6994749651259763,0.7153918288961995,0.31537541720825507,57.18836690593951,0.0,0.848880749913128
05,pscore_mode,true,1027,dm,q_oracle,nan,0.7165920250752144,0.7153918288961995,0.8236854922943061,2.738974478613482,0.0,nan
05,pscore_mode,true,1027,ips,q_oracle,nan,0.7142068549448589,0.7153918288961995,0.8236854922943061,2.738974478613482,0.0,0.8236854922943061
05,pscore_mode,true,1027,snips,q_oracle,nan,0.71429153618723,0.7153918288961995,0.8236854922943061,2.738974478613482,0.0,0.8236854922943061
05,pscore_mode,true,1027,clipped_ips,q_oracle,1.6042379135252638,0.6943417200672587,0.7153918288961995,0.8236854922943061,2.738974478613482,0.0,0.8424761332044842
05,pscore_mode,true,1027,dr,q_oracle,nan,0.7141574432745856,0.7153918288961995,0.8236854922943061,2.738974478613482,0.0,0.8236854922943061
05,pscore_mode,true,1027,switch_dr,q_oracle,1.7574005210067738,0.7144964680330116,0.7153918288961995,0.8236854922943061,2.738974478613482,0.0,0.7977352296213375
05,pscore_mode,true,1027,dros,q_oracle,2.5735792831918918,0.714393682195111,0.7153918288961995,0.8236854922943061,2.738974478613482,0.0,0.9365190698614526
05,pscore_mode,true,1027,dm,q_shrink09,nan,0.694932822567693,0.7153918288961995,0.8236854922943061,2.738974478613482,0.0,nan
05,pscore_mode,true,1027,ips,q_shrink09,nan,0.7142068549448589,0.7153918288961995,0.8236854922943061,2.738974478613482,0.0,0.8236854922943061
05,pscore_mode,true,1027,snips,q_shrink09,nan,0.71429153618723,0.7153918288961995,0.8236854922943061,2.738974478613482,0.0,0.8236854922943061
05,pscore_mode,true,1027,clipped_ips,q_shrink09,1.6042379135252638,0.6943417200672587,0.7153918288961995,0.8236854922943061,2.738974478613482,0.0,0.8424761332044842
05,pscore_mode,true,1027,dr,q_shrink09,nan,0.7141683120802648,0.7153918288961995,0.8236854922943061,2.738974478613482,0.0,0.8236854922943061
05,pscore_mode,true,1027,switch_dr,q_shrink09,1.7574005210067738,0.7103777203719419,0.7153918288961995,0.8236854922943061,2.738974478613482,0.0,0.7977352296213375
05,pscore_mode,true,1027,dros,q_shrink09,2.5735792831918918,0.7034566726441079,0.7153918288961995,0.8236854922943061,2.738974478613482,0.0,0.9365190698614526
05,pscore_mode,estimated,1027,dm,q_oracle,nan,0.7165920250752144,0.7153918288961995,0.80988225472111,3.087103304728342,0.0,nan
05,pscore_mode,estimated,1027,ips,q_oracle,nan,0.7262959126098598,0.7153918288961995,0.80988225472111,3.087103304728342,0.0,0.80988225472111
05,pscore_mode,estimated,1027,snips,q_oracle,nan,0.7165794099817613,0.7153918288961995,0.80988225472111,3.087103304728342,0.0,0.80988225472111
05,pscore_mode,estimated,1027,clipped_ips,q_oracle,1.6042379135252638,0.7009071341829258,0.7153918288961995,0.80988225472111,3.087103304728342,0.0,0.8336791047059942
05,pscore_mode,estimated,1027,dr,q_oracle,nan,0.7141267238234607,0.7153918288961995,0.80988225472111,3.087103304728342,0.0,0.80988225472111
05,pscore_mode,estimated,1027,switch_dr,q_oracle,1.7574005210067738,0.7129560916064491,0.7153918288961995,0.80988225472111,3.087103304728342,0.0,0.7754582277044942
05,pscore_mode,estimated,1027,dros,q_oracle,2.5735792831918918,0.7144557709032717,0.7153918288961995,0.80988225472111,3.087103304728342,0.0,0.9307519518790619
05,pscore_mode,estimated,1027,dm,q_shrink09,nan,0.694932822567693,0.7153918288961995,0.80988225472111,3.087103304728342,0.0,nan
05,pscore_mode,estimated,1027,ips,q_shrink09,nan,0.7262959126098598,0.7153918288961995,0.80988225472111,3.087103304728342,0.0,0.80988225472111
05,pscore_mode,estimated,1027,snips,q_shrink09,nan,0.7165794099817613,0.7153918288961995,0.80988225472111,3.087103304728342,0.0,0.80988225472111
05,pscore_mode,estimated,1027,clipped_ips,q_shrink09,1.6042379135252638,0.7009071341829258,0.7153918288961995,0.80988225472111,3.087103304728342,0.0,0.8336791047059942
05,pscore_mode,estimated,1027,dr,q_shrink09,nan,0.7146656646236943,0.7153918288961995,0.80988225472111,3.087103304728342,0.0,0.80988225472111
05,pscore_mode,estimated,1027,switch_dr,q_shrink09,1.7574005210067738,0.708448980802518,0.7153918288961995,0.80988225472111,3.087103304728342,0.0,0.7754582277044942
05,pscore_mode,estimated,1027,dros,q_shrink09,2.5735792831918918,0.7036200074503238,0.7153918288961995,0.80988225472111,3.087103304728342,0.0,0.9307519518790619
05,pscore_mode,noised_0.1,1027,dm,q_oracle,nan,0.7165920250752144,0.7153918288961995,0.8137751859635942,2.8969088183020997,0.0,nan
05,pscore_mode,noised_0.1,1027,ips,q_oracle,nan,0.7187701209493671,0.7153918288961995,0.8137751859635942,2.8969088183020997,0.0,0.8137751859635942
05,pscore_mode,noised_0.1,1027,snips,q_oracle,nan,0.7145456765496068,0.7153918288961995,0.8137751859635942,2.8969088183020997,0.0,0.8137751859635942
05,pscore_mode,noised_0.1,1027,clipped_ips,q_oracle,1.6042379135252638,0.6920802704431503,0.7153918288961995,0.8137751859635942,2.8969088183020997,0.0,0.839369888228556
05,pscore_mode,noised_0.1,1027,dr,q_oracle,nan,0.7139720772340644,0.7153918288961995,0.8137751859635942,2.8969088183020997,0.0,0.8137751859635942
05,pscore_mode,noised_0.1,1027,switch_dr,q_oracle,1.7574005210067738,0.7133235217774252,0.7153918288961995,0.8137751859635942,2.8969088183020997,0.0,0.7832402331370814
05,pscore_mode,noised_0.1,1027,dros,q_oracle,2.5735792831918918,0.714366996698215,0.7153918288961995,0.8137751859635942,2.8969088183020997,0.0,0.9353799754930826
05,pscore_mode,noised_0.1,1027,dm,q_shrink09,nan,0.694932822567693,0.7153918288961995,0.8137751859635942,2.8969088183020997,0.0,nan
05,pscore_mode,noised_0.1,1027,ips,q_shrink09,nan,0.7187701209493671,0.7153918288961995,0.8137751859635942,2.8969088183020997,0.0,0.8137751859635942
05,pscore_mode,noised_0.1,1027,snips,q_shrink09,nan,0.7145456765496068,0.7153918288961995,0.8137751859635942,2.8969088183020997,0.0,0.8137751859635942
05,pscore_mode,noised_0.1,1027,clipped_ips,q_shrink09,1.6042379135252638,0.6920802704431503,0.7153918288961995,0.8137751859635942,2.8969088183020997,0.0,0.839369888228556
05,pscore_mode,noised_0.1,1027,dr,q_shrink09,nan,0.7141562780816773,0.7153918288961995,0.8137751859635942,2.8969088183020997,0.0,0.8137751859635942
05,pscore_mode,noised_0.1,1027,switch_dr,q_shrink09,1.7574005210067738,0.7081983329647119,0.7153918288961995,0.8137751859635942,2.8969088183020997,0.0,0.7832402331370814
05,pscore_mode,noised_0.1,1027,dros,q_shrink09,2.5735792831918918,0.7033664492229542,0.7153918288961995,0.8137751859635942,2.8969088183020997,0.0,0.9353799754930826
05,pscore_mode,noised_0.25,1027,dm,q_oracle,nan,0.7165920250752144,0.7153918288961995,0.7697643424993251,4.327184316312655,0.0,nan
05,pscore_mode,noised_0.25,1027,ips,q_oracle,nan,0.7394167146959347,0.7153918288961995,0.7697643424993251,4.327184316312655,0.0,0.7697643424993251
05,pscore_mode,noised_0.25,1027,snips,q_oracle,nan,0.7149904996585331,0.7153918288961995,0.7697643424993251,4.327184316312655,0.0,0.7697643424993251
05,pscore_mode,noised_0.25,1027,clipped_ips,q_oracle,1.6042379135252638,0.6831862849751856,0.7153918288961995,0.7697643424993251,4.327184316312655,0.0,0.827680456498638
05,pscore_mode,noised_0.25,1027,dr,q_oracle,nan,0.713604959180551,0.7153918288961995,0.7697643424993251,4.327184316312655,0.0,0.7697643424993251
05,pscore_mode,noised_0.25,1027,switch_dr,q_oracle,1.7574005210067738,0.7144800989187015,0.7153918288961995,0.7697643424993251,4.327184316312655,0.0,0.7361123565160121
05,pscore_mode,noised_0.25,1027,dros,q_oracle,2.5735792831918918,0.7143247172201096,0.7153918288961995,0.7697643424993251,4.327184316312655,0.0,0.9307095258232806
05,pscore_mode,noised_0.25,1027,dm,q_shrink09,nan,0.694932822567693,0.7153918288961995,0.7697643424993251,4.327184316312655,0.0,nan
05,pscore_mode,noised_0.25,1027,ips,q_shrink09,nan,0.7394167146959347,0.7153918288961995,0.7697643424993251,4.327184316312655,0.0,0.7697643424993251
05,pscore_mode,noised_0.25,1027,snips,q_shrink09,nan,0.7149904996585331,0.7153918288961995,0.7697643424993251,4.327184316312655,0.0,0.7697643424993251
05,pscore_mode,noised_0.25,1027,clipped_ips,q_shrink09,1.6042379135252638,0.6831862849751856,0.7153918288961995,0.7697643424993251,4.327184316312655,0.0,0.827680456498638
05,pscore_mode,noised_0.25,1027,dr,q_shrink09,nan,0.7144779851098868,0.7153918288961995,0.7697643424993251,4.327184316312655,0.0,0.7697643424993251
05,pscore_mode,noised_0.25,1027,switch_dr,q_shrink09,1.7574005210067738,0.7063148642548459,0.7153918288961995,0.7697643424993251,4.327184316312655,0.0,0.7361123565160121
05,pscore_mode,noised_0.25,1027,dros,q_shrink09,2.5735792831918918,0.7029937182911099,0.7153918288961995,0.7697643424993251,4.327184316312655,0.0,0.9307095258232806
05,pscore_mode,noised_0.5,1027,dm,q_oracle,nan,0.7165920250752144,0.7153918288961995,0.6362736755944303,9.304290736210469,0.0,nan
05,pscore_mode,noised_0.5,1027,ips,q_oracle,nan,0.8149740935985549,0.7153918288961995,0.6362736755944303,9.304290736210469,0.0,0.6362736755944303
05,pscore_mode,noised_0.5,1027,snips,q_oracle,nan,0.7161160870871349,0.7153918288961995,0.6362736755944303,9.304290736210469,0.0,0.6362736755944303
05,pscore_mode,noised_0.5,1027,clipped_ips,q_oracle,1.6042379135252638,0.6639749950920734,0.7153918288961995,0.6362736755944303,9.304290736210469,0.0,0.7978784602913551
05,pscore_mode,noised_0.5,1027,dr,q_oracle,nan,0.7128770699656212,0.7153918288961995,0.6362736755944303,9.304290736210469,0.0,0.6362736755944303
05,pscore_mode,noised_0.5,1027,switch_dr,q_oracle,1.7574005210067738,0.7155901040172792,0.7153918288961995,0.6362736755944303,9.304290736210469,0.0,0.6502319949532465
05,pscore_mode,noised_0.5,1027,dros,q_oracle,2.5735792831918918,0.7143190409111334,0.7153918288961995,0.6362736755944303,9.304290736210469,0.0,0.9132982958226116
05,pscore_mode,noised_0.5,1027,dm,q_shrink09,nan,0.694932822567693,0.7153918288961995,0.6362736755944303,9.304290736210469,0.0,nan
05,pscore_mode,noised_0.5,1027,ips,q_shrink09,nan,0.8149740935985549,0.7153918288961995,0.6362736755944303,9.304290736210469,0.0,0.6362736755944303
05,pscore_mode,noised_0.5,1027,snips,q_shrink09,nan,0.7161160870871349,0.7153918288961995,0.6362736755944303,9.304290736210469,0.0,0.6362736755944303
05,pscore_mode,noised_0.5,1027,clipped_ips,q_shrink09,1.6042379135252638,0.6639749950920734,0.7153918288961995,0.6362736755944303,9.304290736210469,0.0,0.7978784602913551
05,pscore_mode,noised_0.5,1027,dr,q_shrink09,nan,0.7161843993551741,0.7153918288961995,0.6362736755944303,9.304290736210469,0.0,0.6362736755944303
05,pscore_mode,noised_0.5,1027,switch_dr,q_shrink09,1.7574005210067738,0.7034683653887006,0.7153918288961995,0.6362736755944303,9.304290736210469,0.0,0.6502319949532465
05,pscore_mode,noised_0.5,1027,dros,q_shrink09,2.5735792831918918,0.7020243980770619,0.7153918288961995,0.6362736755944303,9.304290736210469,0.0,0.9132982958226116
05,pscore_mode,noised_1.0,1027,dm,q_oracle,nan,0.7165920250752144,0.7153918288961995,0.3104347153273828,57.80732632128285,0.0,nan
05,pscore_mode,noised_1.0,1027,ips,q_oracle,nan,1.1944429904598846,0.7153918288961995,0.3104347153273828,57.80732632128285,0.0,0.3104347153273828
05,pscore_mode,noised_1.0,1027,snips,q_oracle,nan,0.7211825902749768,0.7153918288961995,0.3104347153273828,57.80732632128285,0.0,0.3104347153273828
05,pscore_mode,noised_1.0,1027,clipped_ips,q_oracle,1.6042379135252638,0.6265267088843287,0.7153918288961995,0.3104347153273828,57.80732632128285,0.0,0.7371673413188802
05,pscore_mode,noised_1.0,1027,dr,q_oracle,nan,0.7125237586866997,0.7153918288961995,0.3104347153273828,57.80732632128285,0.0,0.3104347153273828
05,pscore_mode,noised_1.0,1027,switch_dr,q_oracle,1.7574005210067738,0.7151587532757333,0.7153918288961995,0.3104347153273828,57.80732632128285,0.0,0.5019731903915414
05,pscore_mode,noised_1.0,1027,dros,q_oracle,2.5735792831918918,0.7148014074776452,0.7153918288961995,0.3104347153273828,57.80732632128285,0.0,0.8480737942708787
05,pscore_mode,noised_1.0,1027,dm,q_shrink09,nan,0.694932822567693,0.7153918288961995,0.3104347153273828,57.80732632128285,0.0,nan
05,pscore_mode,noised_1.0,1027,ips,q_shrink09,nan,1.1944429904598846,0.7153918288961995,0.3104347153273828,57.80732632128285,0.0,0.3104347153273828
05,pscore_mode,noised_1.0,1027,snips,q_shrink09,nan,0.7211825902749768,0.7153918288961995,0.3104347153273828,57.80732632128285,0.0,0.3104347153273828
05,pscore_mode,noised_1.0,1027,clipped_ips,q_shrink09,1.6042379135252638,0.6265267088843287,0.7153918288961995,0.3104347153273828,57.80732632128285,0.0,0.7371673413188802
05,pscore_mode,noised_1.0,1027,dr,q_shrink09,nan,0.7279042685987269,0.7153918288961995,0.3104347153273828,57.80732632128285,0.0,0.3104347153273828
05,pscore_mode,noised_1.0,1027,switch_dr,q_shrink09,1.7574005210067738,0.6987460718118124,0.7153918288961995,0.3104347153273828,57.80732632128285,0.0,0.5019731903915414
05,pscore_mode,noised_1.0,1027,dros,q_shrink09,2.5735792831918918,0.7003362937809293,0.7153918288961995,0.3104347153273828,57.80732632128285,0.0,0.8480737942708787
05,pscore_mode,true,1028,dm,q_oracle,nan,0.7146488981723422,0.7153918288961995,0.8202568385979723,2.8907118974330017,0.0,nan
05,pscore_mode,true,1028,ips,q_oracle,nan,0.7116510993582873,0.7153918288961995,0.8202568385979723,2.8907118974330017,0.0,0.8202568385979723
05,pscore_mode,true,1028,snips,q_oracle,nan,0.7164979527994573,0.7153918288961995,0.8202568385979723,2.8907118974330017,0.0,0.8202568385979723
05,pscore_mode,true,1028,clipped_ips,q_oracle,1.6111530005198702,0.6929449130950894,0.7153918288961995,0.8202568385979723,2.8907118974330017,0.0,0.837909993618219
05,pscore_mode,true,1028,dr,q_oracle,nan,0.7185185860088777,0.7153918288961995,0.8202568385979723,2.8907118974330017,0.0,0.8202568385979723
05,pscore_mode,true,1028,switch_dr,q_oracle,1.759288702750439,0.7173861386634782,0.7153918288961995,0.8202568385979723,2.8907118974330017,0.0,0.7935938897828692
05,pscore_mode,true,1028,dros,q_oracle,2.595813991084181,0.716876814555637,0.7153918288961995,0.8202568385979723,2.8907118974330017,0.0,0.9338105254257367
05,pscore_mode,true,1028,dm,q_shrink09,nan,0.6931840083551081,0.7153918288961995,0.8202568385979723,2.8907118974330017,0.0,nan
05,pscore_mode,true,1028,ips,q_shrink09,nan,0.7116510993582873,0.7153918288961995,0.8202568385979723,2.8907118974330017,0.0,0.8202568385979723
05,pscore_mode,true,1028,snips,q_shrink09,nan,0.7164979527994573,0.7153918288961995,0.8202568385979723,2.8907118974330017,0.0,0.8202568385979723
05,pscore_mode,true,1028,clipped_ips,q_shrink09,1.6111530005198702,0.6929449130950894,0.7153918288961995,0.8202568385979723,2.8907118974330017,0.0,0.837909993618219
05,pscore_mode,true,1028,dr,q_shrink09,nan,0.718170069534311,0.7153918288961995,0.8202568385979723,2.8907118974330017,0.0,0.8202568385979723
05,pscore_mode,true,1028,switch_dr,q_shrink09,1.759288702750439,0.7129448054712947,0.7153918288961995,0.8202568385979723,2.8907118974330017,0.0,0.7935938897828692
05,pscore_mode,true,1028,dros,q_shrink09,2.595813991084181,0.7057996562261096,0.7153918288961995,0.8202568385979723,2.8907118974330017,0.0,0.9338105254257367
05,pscore_mode,estimated,1028,dm,q_oracle,nan,0.7146488981723422,0.7153918288961995,0.7992716521596087,2.9882199402950356,0.0,nan
05,pscore_mode,estimated,1028,ips,q_oracle,nan,0.7302860537070048,0.7153918288961995,0.7992716521596087,2.9882199402950356,0.0,0.7992716521596087
05,pscore_mode,estimated,1028,snips,q_oracle,nan,0.7216583968884945,0.7153918288961995,0.7992716521596087,2.9882199402950356,0.0,0.7992716521596087
05,pscore_mode,estimated,1028,clipped_ips,q_oracle,1.6111530005198702,0.7016507020928765,0.7153918288961995,0.7992716521596087,2.9882199402950356,0.0,0.8252207891684593
05,pscore_mode,estimated,1028,dr,q_oracle,nan,0.7192150959321217,0.7153918288961995,0.7992716521596087,2.9882199402950356,0.0,0.7992716521596087
05,pscore_mode,estimated,1028,switch_dr,q_oracle,1.759288702750439,0.7178858354276902,0.7153918288961995,0.7992716521596087,2.9882199402950356,0.0,0.7574686629932971
05,pscore_mode,estimated,1028,dros,q_oracle,2.595813991084181,0.7170627630339157,0.7153918288961995,0.7992716521596087,2.9882199402950356,0.0,0.9258896942419571
05,pscore_mode,estimated,1028,dm,q_shrink09,nan,0.6931840083551081,0.7153918288961995,0.7992716521596087,2.9882199402950356,0.0,nan
05,pscore_mode,estimated,1028,ips,q_shrink09,nan,0.7302860537070048,0.7153918288961995,0.7992716521596087,2.9882199402950356,0.0,0.7992716521596087
05,pscore_mode,estimated,1028,snips,q_shrink09,nan,0.7216583968884945,0.7153918288961995,0.7992716521596087,2.9882199402950356,0.0,0.7992716521596087
05,pscore_mode,estimated,1028,clipped_ips,q_shrink09,1.6111530005198702,0.7016507020928765,0.7153918288961995,0.7992716521596087,2.9882199402950356,0.0,0.8252207891684593
05,pscore_mode,estimated,1028,dr,q_shrink09,nan,0.7197244257267219,0.7153918288961995,0.7992716521596087,2.9882199402950356,0.0,0.7992716521596087
05,pscore_mode,estimated,1028,switch_dr,q_shrink09,1.759288702750439,0.712544055458695,0.7153918288961995,0.7992716521596087,2.9882199402950356,0.0,0.7574686629932971
05,pscore_mode,estimated,1028,dros,q_shrink09,2.595813991084181,0.7061418391869317,0.7153918288961995,0.7992716521596087,2.9882199402950356,0.0,0.9258896942419571
05,pscore_mode,noised_0.1,1028,dm,q_oracle,nan,0.7146488981723422,0.7153918288961995,0.8120998766704484,3.0242439634472666,0.0,nan
05,pscore_mode,noised_0.1,1028,ips,q_oracle,nan,0.7150533747342561,0.7153918288961995,0.8120998766704484,3.0242439634472666,0.0,0.8120998766704484
05,pscore_mode,noised_0.1,1028,snips,q_oracle,nan,0.7160230558142976,0.7153918288961995,0.8120998766704484,3.0242439634472666,0.0,0.8120998766704484
05,pscore_mode,noised_0.1,1028,clipped_ips,q_oracle,1.6111530005198702,0.6914109413860148,0.7153918288961995,0.8120998766704484,3.0242439634472666,0.0,0.8349823725626148
05,pscore_mode,noised_0.1,1028,dr,q_oracle,nan,0.718011668351463,0.7153918288961995,0.8120998766704484,3.0242439634472666,0.0,0.8120998766704484
05,pscore_mode,noised_0.1,1028,switch_dr,q_oracle,1.759288702750439,0.7159594798082499,0.7153918288961995,0.8120998766704484,3.0242439634472666,0.0,0.7818009389095745
05,pscore_mode,noised_0.1,1028,dros,q_oracle,2.595813991084181,0.7167374501868783,0.7153918288961995,0.8120998766704484,3.0242439634472666,0.0,0.9330027289368314
05,pscore_mode,noised_0.1,1028,dm,q_shrink09,nan,0.6931840083551081,0.7153918288961995,0.8120998766704484,3.0242439634472666,0.0,nan
05,pscore_mode,noised_0.1,1028,ips,q_shrink09,nan,0.7150533747342561,0.7153918288961995,0.8120998766704484,3.0242439634472666,0.0,0.8120998766704484
05,pscore_mode,noised_0.1,1028,snips,q_shrink09,nan,0.7160230558142976,0.7153918288961995,0.8120998766704484,3.0242439634472666,0.0,0.8120998766704484
05,pscore_mode,noised_0.1,1028,clipped_ips,q_shrink09,1.6111530005198702,0.6914109413860148,0.7153918288961995,0.8120998766704484,3.0242439634472666,0.0,0.8349823725626148
05,pscore_mode,noised_0.1,1028,dr,q_shrink09,nan,0.7177835519685472,0.7153918288961995,0.8120998766704484,3.0242439634472666,0.0,0.8120998766704484
05,pscore_mode,noised_0.1,1028,switch_dr,q_shrink09,1.759288702750439,0.7108094496170599,0.7153918288961995,0.8120998766704484,3.0242439634472666,0.0,0.7818009389095745
05,pscore_mode,noised_0.1,1028,dros,q_shrink09,2.595813991084181,0.7055966782265136,0.7153918288961995,0.8120998766704484,3.0242439634472666,0.0,0.9330027289368314
05,pscore_mode,noised_0.25,1028,dm,q_oracle,nan,0.7146488981723422,0.7153918288961995,0.7718086856437983,3.726546521142146,0.0,nan
05,pscore_mode,noised_0.25,1028,ips,q_oracle,nan,0.7333510891418157,0.7153918288961995,0.7718086856437983,3.726546521142146,0.0,0.7718086856437983
05,pscore_mode,noised_0.25,1028,snips,q_oracle,nan,0.7151583320062528,0.7153918288961995,0.7718086856437983,3.726546521142146,0.0,0.7718086856437983
05,pscore_mode,noised_0.25,1028,clipped_ips,q_oracle,1.6111530005198702,0.6827951188813403,0.7153918288961995,0.7718086856437983,3.726546521142146,0.0,0.8245321941247845
05,pscore_mode,noised_0.25,1028,dr,q_oracle,nan,0.7171186398545305,0.7153918288961995,0.7718086856437983,3.726546521142146,0.0,0.7718086856437983
05,pscore_mode,noised_0.25,1028,switch_dr,q_oracle,1.759288702750439,0.7182422469349913,0.7153918288961995,0.7718086856437983,3.726546521142146,0.0,0.7354192975911523
05,pscore_mode,noised_0.25,1028,dros,q_oracle,2.595813991084181,0.716637689554773,0.7153918288961995,0.7718086856437983,3.726546521142146,0.0,0.9288763298606847
05,pscore_mode,noised_0.25,1028,dm,q_shrink09,nan,0.6931840083551081,0.7153918288961995,0.7718086856437983,3.726546521142146,0.0,nan
05,pscore_mode,noised_0.25,1028,ips,q_shrink09,nan,0.7333510891418157,0.7153918288961995,0.7718086856437983,3.726546521142146,0.0,0.7718086856437983
05,pscore_mode,noised_0.25,1028,snips,q_shrink09,nan,0.7151583320062528,0.7153918288961995,0.7718086856437983,3.726546521142146,0.0,0.7718086856437983
05,pscore_mode,noised_0.25,1028,clipped_ips,q_shrink09,1.6111530005198702,0.6827951188813403,0.7153918288961995,0.7718086856437983,3.726546521142146,0.0,0.8245321941247845
05,pscore_mode,noised_0.25,1028,dr,q_shrink09,nan,0.7174699456670268,0.7153918288961995,0.7718086856437983,3.726546521142146,0.0,0.7718086856437983
05,pscore_mode,noised_0.25,1028,switch_dr,q_shrink09,1.759288702750439,0.7100826313873224,0.7153918288961995,0.7718086856437983,3.726546521142146,0.0,0.7354192975911523
05,pscore_mode,noised_0.25,1028,dros,q_shrink09,2.595813991084181,0.7051705398773234,0.7153918288961995,0.7718086856437983,3.726546521142146,0.0,0.9288763298606847
05,pscore_mode,noised_0.5,1028,dm,q_oracle,nan,0.7146488981723422,0.7153918288961995,0.646435009963513,7.484873945026448,0.0,nan
05,pscore_mode,noised_0.5,1028,ips,q_oracle,nan,0.8025370340098262,0.7153918288961995,0.646435009963513,7.484873945026448,0.0,0.646435009963513
05,pscore_mode,noised_0.5,1028,snips,q_oracle,nan,0.7133749192400088,0.7153918288961995,0.646435009963513,7.484873945026448,0.0,0.646435009963513
05,pscore_mode,noised_0.5,1028,clipped_ips,q_oracle,1.6111530005198702,0.6635159764371736,0.7153918288961995,0.646435009963513,7.484873945026448,0.0,0.7967493512283711
05,pscore_mode,noised_0.5,1028,dr,q_oracle,nan,0.7151768792675227,0.7153918288961995,0.646435009963513,7.484873945026448,0.0,0.646435009963513
05,pscore_mode,noised_0.5,1028,switch_dr,q_oracle,1.759288702750439,0.7179807538717752,0.7153918288961995,0.646435009963513,7.484873945026448,0.0,0.6526799310703357
05,pscore_mode,noised_0.5,1028,dros,q_oracle,2.595813991084181,0.71660307731785,0.7153918288961995,0.646435009963513,7.484873945026448,0.0,0.9122297483990809
05,pscore_mode,noised_0.5,1028,dm,q_shrink09,nan,0.6931840083551081,0.7153918288961995,0.646435009963513,7.484873945026448,0.0,nan
05,pscore_mode,noised_0.5,1028,ips,q_shrink09,nan,0.8025370340098262,0.7153918288961995,0.646435009963513,7.484873945026448,0.0,0.646435009963513
05,pscore_mode,noised_0.5,1028,snips,q_shrink09,nan,0.7133749192400088,0.7153918288961995,0.646435009963513,7.484873945026448,0.0,0.646435009963513
05,pscore_mode,noised_0.5,1028,clipped_ips,q_shrink09,1.6111530005198702,0.6635159764371736,0.7153918288961995,0.646435009963513,7.484873945026448,0.0,0.7967493512283711
05,pscore_mode,noised_0.5,1028,dr,q_shrink09,nan,0.7176635781226038,0.7153918288961995,0.646435009963513,7.484873945026448,0.0,0.646435009963513
05,pscore_mode,noised_0.5,1028,switch_dr,q_shrink09,1.759288702750439,0.7053182737134093,0.7153918288961995,0.646435009963513,7.484873945026448,0.0,0.6526799310703357
05,pscore_mode,noised_0.5,1028,dros,q_shrink09,2.595813991084181,0.7041788324935461,0.7153918288961995,0.646435009963513,7.484873945026448,0.0,0.9122297483990809
05,pscore_mode,noised_1.0,1028,dm,q_oracle,nan,0.7146488981723422,0.7153918288961995,0.3343405816000485,38.91498666399206,0.0,nan
05,pscore_mode,noised_1.0,1028,ips,q_oracle,nan,1.1476925092657881,0.7153918288961995,0.3343405816000485,38.91498666399206,0.0,0.3343405816000485
05,pscore_mode,noised_1.0,1028,snips,q_oracle,nan,0.7086828928621158,0.7153918288961995,0.3343405816000485,38.91498666399206,0.0,0.3343405816000485
05,pscore_mode,noised_1.0,1028,clipped_ips,q_oracle,1.6111530005198702,0.6271647820144617,0.7153918288961995,0.3343405816000485,38.91498666399206,0.0,0.7377477393418841
05,pscore_mode,noised_1.0,1028,dr,q_oracle,nan,0.7079195603621075,0.7153918288961995,0.3343405816000485,38.91498666399206,0.0,0.3343405816000485
05,pscore_mode,noised_1.0,1028,switch_dr,q_oracle,1.759288702750439,0.7167531533950836,0.7153918288961995,0.3343405816000485,38.91498666399206,0.0,0.5075187707396017
05,pscore_mode,noised_1.0,1028,dros,q_oracle,2.595813991084181,0.7164481604292645,0.7153918288961995,0.3343405816000485,38.91498666399206,0.0,0.8482680893361781
05,pscore_mode,noised_1.0,1028,dm,q_shrink09,nan,0.6931840083551081,0.7153918288961995,0.3343405816000485,38.91498666399206,0.0,nan
05,pscore_mode,noised_1.0,1028,ips,q_shrink09,nan,1.1476925092657881,0.7153918288961995,0.3343405816000485,38.91498666399206,0.0,0.3343405816000485
05,pscore_mode,noised_1.0,1028,snips,q_shrink09,nan,0.7086828928621158,0.7153918288961995,0.3343405816000485,38.91498666399206,0.0,0.3343405816000485
05,pscore_mode,noised_1.0,1028,clipped_ips,q_shrink09,1.6111530005198702,0.6271647820144617,0.7153918288961995,0.3343405816000485,38.91498666399206,0.0,0.7377477393418841
05,pscore_mode,noised_1.0,1028,dr,q_shrink09,nan,0.7209232265092537,0.7153918288961995,0.3343405816000485,38.91498666399206,0.0,0.3343405816000485
05,pscore_mode,noised_1.0,1028,switch_dr,q_shrink09,1.759288702750439,0.7001571687852469,0.7153918288961995,0.3343405816000485,38.91498666399206,0.0,0.5075187707396017
05,pscore_mode,noised_1.0,1028,dros,q_shrink09,2.595813991084181,0.7018695962324223,0.7153918288961995,0.3343405816000485,38.91498666399206,0.0,0.8482680893361781
05,pscore_mode,true,1029,dm,q_oracle,nan,0.7151678765697396,0.7153918288961995,0.8192010368059985,2.788421015369327,0.0,nan
05,pscore_mode,true,1029,ips,q_oracle,nan,0.7062346009132426,0.7153918288961995,0.8192010368059985,2.788421015369327,0.0,0.8192010368059985
05,pscore_mode,true,1029,snips,q_oracle,nan,0.7083965592194734,0.7153918288961995,0.8192010368059985,2.788421015369327,0.0,0.8192010368059985
05,pscore_mode,true,1029,clipped_ips,q_oracle,1.6122527208726927,0.6868131072354772,0.7153918288961995,0.8192010368059985,2.788421015369327,0.0,0.8379249984819178
05,pscore_mode,true,1029,dr,q_oracle,nan,0.7089126273039085,0.7153918288961995,0.8192010368059985,2.788421015369327,0.0,0.8192010368059985
05,pscore_mode,true,1029,switch_dr,q_oracle,1.7716330218080356,0.7105095925527904,0.7153918288961995,0.8192010368059985,2.788421015369327,0.0,0.7931188145970044
05,pscore_mode,true,1029,dros,q_oracle,2.5993588359614006,0.7121565822978619,0.7153918288961995,0.8192010368059985,2.788421015369327,0.0,0.9339795232056036
05,pscore_mode,true,1029,dm,q_shrink09,nan,0.6936510889127656,0.7153918288961995,0.8192010368059985,2.788421015369327,0.0,nan
05,pscore_mode,true,1029,ips,q_shrink09,nan,0.7062346009132426,0.7153918288961995,0.8192010368059985,2.788421015369327,0.0,0.8192010368059985
05,pscore_mode,true,1029,snips,q_shrink09,nan,0.7083965592194734,0.7153918288961995,0.8192010368059985,2.788421015369327,0.0,0.8192010368059985
05,pscore_mode,true,1029,clipped_ips,q_shrink09,1.6122527208726927,0.6868131072354772,0.7153918288961995,0.8192010368059985,2.788421015369327,0.0,0.8379249984819178
05,pscore_mode,true,1029,dr,q_shrink09,nan,0.708797419865799,0.7153918288961995,0.8192010368059985,2.788421015369327,0.0,0.8192010368059985
05,pscore_mode,true,1029,switch_dr,q_shrink09,1.7716330218080356,0.7062815377575395,0.7153918288961995,0.8192010368059985,2.788421015369327,0.0,0.7931188145970044
05,pscore_mode,true,1029,dros,q_shrink09,2.5993588359614006,0.7011623589412747,0.7153918288961995,0.8192010368059985,2.788421015369327,0.0,0.9339795232056036
05,pscore_mode,estimated,1029,dm,q_oracle,nan,0.7151678765697396,0.7153918288961995,0.7967469181909557,3.455995680173373,0.0,nan
05,pscore_mode,estimated,1029,ips,q_oracle,nan,0.7237444548279336,0.7153918288961995,0.7967469181909557,3.455995680173373,0.0,0.7967469181909557
05,pscore_mode,estimated,1029,snips,q_oracle,nan,0.7125610951655486,0.7153918288961995,0.7967469181909557,3.455995680173373,0.0,0.7967469181909557
05,pscore_mode,estimated,1029,clipped_ips,q_oracle,1.6122527208726927,0.6930192670011783,0.7153918288961995,0.7967469181909557,3.455995680173373,0.0,0.8268677240923432
05,pscore_mode,estimated,1029,dr,q_oracle,nan,0.708885563259806,0.7153918288961995,0.7967469181909557,3.455995680173373,0.0,0.7967469181909557
05,pscore_mode,estimated,1029,switch_dr,q_oracle,1.7716330218080356,0.710797619363408,0.7153918288961995,0.7967469181909557,3.455995680173373,0.0,0.7602355014691474
05,pscore_mode,estimated,1029,dros,q_oracle,2.5993588359614006,0.7121681818592653,0.7153918288961995,0.7967469181909557,3.455995680173373,0.0,0.9271821773052404
05,pscore_mode,estimated,1029,dm,q_shrink09,nan,0.6936510889127656,0.7153918288961995,0.7967469181909557,3.455995680173373,0.0,nan
05,pscore_mode,estimated,1029,ips,q_shrink09,nan,0.7237444548279336,0.7153918288961995,0.7967469181909557,3.455995680173373,0.0,0.7967469181909557
05,pscore_mode,estimated,1029,snips,q_shrink09,nan,0.7125610951655486,0.7153918288961995,0.7967469181909557,3.455995680173373,0.0,0.7967469181909557
05,pscore_mode,estimated,1029,clipped_ips,q_shrink09,1.6122527208726927,0.6930192670011783,0.7153918288961995,0.7967469181909557,3.455995680173373,0.0,0.8268677240923432
05,pscore_mode,estimated,1029,dr,q_shrink09,nan,0.709586722536033,0.7153918288961995,0.7967469181909557,3.455995680173373,0.0,0.7967469181909557
05,pscore_mode,estimated,1029,switch_dr,q_shrink09,1.7716330218080356,0.7055880586054862,0.7153918288961995,0.7967469181909557,3.455995680173373,0.0,0.7602355014691474
05,pscore_mode,estimated,1029,dros,q_shrink09,2.5993588359614006,0.7012888645673387,0.7153918288961995,0.7967469181909557,3.455995680173373,0.0,0.9271821773052404
05,pscore_mode,noised_0.1,1029,dm,q_oracle,nan,0.7151678765697396,0.7153918288961995,0.8100534649829564,2.9679508141266786,0.0,nan
05,pscore_mode,noised_0.1,1029,ips,q_oracle,nan,0.7103954803384839,0.7153918288961995,0.8100534649829564,2.9679508141266786,0.0,0.8100534649829564
05,pscore_mode,noised_0.1,1029,snips,q_oracle,nan,0.7082784203524213,0.7153918288961995,0.8100534649829564,2.9679508141266786,0.0,0.8100534649829564
05,pscore_mode,noised_0.1,1029,clipped_ips,q_oracle,1.6122527208726927,0.6850124323981083,0.7153918288961995,0.8100534649829564,2.9679508141266786,0.0,0.8351803168379125
05,pscore_mode,noised_0.1,1029,dr,q_oracle,nan,0.7084451684824185,0.7153918288961995,0.8100534649829564,2.9679508141266786,0.0,0.8100534649829564
05,pscore_mode,noised_0.1,1029,switch_dr,q_oracle,1.7716330218080356,0.7110392383619125,0.7153918288961995,0.8100534649829564,2.9679508141266786,0.0,0.7804852519635388
05,pscore_mode,noised_0.1,1029,dros,q_oracle,2.5993588359614006,0.7121505321146008,0.7153918288961995,0.8100534649829564,2.9679508141266786,0.0,0.9330559038594047
05,pscore_mode,noised_0.1,1029,dm,q_shrink09,nan,0.6936510889127656,0.7153918288961995,0.8100534649829564,2.9679508141266786,0.0,nan
05,pscore_mode,noised_0.1,1029,ips,q_shrink09,nan,0.7103954803384839,0.7153918288961995,0.8100534649829564,2.9679508141266786,0.0,0.8100534649829564
05,pscore_mode,noised_0.1,1029,snips,q_shrink09,nan,0.7082784203524213,0.7153918288961995,0.8100534649829564,2.9679508141266786,0.0,0.8100534649829564
05,pscore_mode,noised_0.1,1029,clipped_ips,q_shrink09,1.6122527208726927,0.6850124323981083,0.7153918288961995,0.8100534649829564,2.9679508141266786,0.0,0.8351803168379125
05,pscore_mode,noised_0.1,1029,dr,q_shrink09,nan,0.7084907485535177,0.7153918288961995,0.8100534649829564,2.9679508141266786,0.0,0.8100534649829564
05,pscore_mode,noised_0.1,1029,switch_dr,q_shrink09,1.7716330218080356,0.7059602716575792,0.7153918288961995,0.8100534649829564,2.9679508141266786,0.0,0.7804852519635388
05,pscore_mode,noised_0.1,1029,dros,q_shrink09,2.5993588359614006,0.7010928104690821,0.7153918288961995,0.8100534649829564,2.9679508141266786,0.0,0.9330559038594047
05,pscore_mode,noised_0.25,1029,dm,q_oracle,nan,0.7151678765697396,0.7153918288961995,0.7681400971159548,4.627765895894015,0.0,nan
05,pscore_mode,noised_0.25,1029,ips,q_oracle,nan,0.7299184178304935,0.7153918288961995,0.7681400971159548,4.627765895894015,0.0,0.7681400971159548
05,pscore_mode,noised_0.25,1029,snips,q_oracle,nan,0.7080996889687711,0.7153918288961995,0.7681400971159548,4.627765895894015,0.0,0.7681400971159548
05,pscore_mode,noised_0.25,1029,clipped_ips,q_oracle,1.6122527208726927,0.6771615778988104,0.7153918288961995,0.7681400971159548,4.627765895894015,0.0,0.8240702802136015
05,pscore_mode,noised_0.25,1029,dr,q_oracle,nan,0.7076563962826226,0.7153918288961995,0.7681400971159548,4.627765895894015,0.0,0.7681400971159548
05,pscore_mode,noised_0.25,1029,switch_dr,q_oracle,1.7716330218080356,0.7107819394988463,0.7153918288961995,0.7681400971159548,4.627765895894015,0.0,0.7355005031010875
05,pscore_mode,noised_0.25,1029,dros,q_oracle,2.5993588359614006,0.7121828737232402,0.7153918288961995,0.7681400971159548,4.627765895894015,0.0,0.9286679834767345
05,pscore_mode,noised_0.25,1029,dm,q_shrink09,nan,0.6936510889127656,0.7153918288961995,0.7681400971159548,4.627765895894015,0.0,nan
05,pscore_mode,noised_0.25,1029,ips,q_shrink09,nan,0.7299184178304935,0.7153918288961995,0.7681400971159548,4.627765895894015,0.0,0.7681400971159548
05,pscore_mode,noised_0.25,1029,snips,q_shrink09,nan,0.7080996889687711,0.7153918288961995,0.7681400971159548,4.627765895894015,0.0,0.7681400971159548
05,pscore_mode,noised_0.25,1029,clipped_ips,q_shrink09,1.6122527208726927,0.6771615778988104,0.7153918288961995,0.7681400971159548,4.627765895894015,0.0,0.8240702802136015
05,pscore_mode,noised_0.25,1029,dr,q_shrink09,nan,0.7083419446847227,0.7153918288961995,0.7681400971159548,4.627765895894015,0.0,0.7681400971159548
05,pscore_mode,noised_0.25,1029,switch_dr,q_shrink09,1.7716330218080356,0.7027449969100269,0.7153918288961995,0.7681400971159548,4.627765895894015,0.0,0.7355005031010875
05,pscore_mode,noised_0.25,1029,dros,q_shrink09,2.5993588359614006,0.7008054541748702,0.7153918288961995,0.7681400971159548,4.627765895894015,0.0,0.9286679834767345
05,pscore_mode,noised_0.5,1029,dm,q_oracle,nan,0.7151678765697396,0.7153918288961995,0.6377054574453739,11.548239517444493,0.0,nan
05,pscore_mode,noised_0.5,1029,ips,q_oracle,nan,0.8016447143413575,0.7153918288961995,0.6377054574453739,11.548239517444493,0.0,0.6377054574453739
05,pscore_mode,noised_0.5,1029,snips,q_oracle,nan,0.7076410982139996,0.7153918288961995,0.6377054574453739,11.548239517444493,0.0,0.6377054574453739
05,pscore_mode,noised_0.5,1029,clipped_ips,q_oracle,1.6122527208726927,0.6586601848230877,0.7153918288961995,0.6377054574453739,11.548239517444493,0.0,0.7962202044623268
05,pscore_mode,noised_0.5,1029,dr,q_oracle,nan,0.7058155947391007,0.7153918288961995,0.6377054574453739,11.548239517444493,0.0,0.6377054574453739
05,pscore_mode,noised_0.5,1029,switch_dr,q_oracle,1.7716330218080356,0.713018291611956,0.7153918288961995,0.6377054574453739,11.548239517444493,0.0,0.648350233730309
05,pscore_mode,noised_0.5,1029,dros,q_oracle,2.5993588359614006,0.7125175774947227,0.7153918288961995,0.6377054574453739,11.548239517444493,0.0,0.912049259699131
05,pscore_mode,noised_0.5,1029,dm,q_shrink09,nan,0.6936510889127656,0.7153918288961995,0.6377054574453739,11.548239517444493,0.0,nan
05,pscore_mode,noised_0.5,1029,ips,q_shrink09,nan,0.8016447143413575,0.7153918288961995,0.6377054574453739,11.548239517444493,0.0,0.6377054574453739
05,pscore_mode,noised_0.5,1029,snips,q_shrink09,nan,0.7076410982139996,0.7153918288961995,0.6377054574453739,11.548239517444493,0.0,0.6377054574453739
05,pscore_mode,noised_0.5,1029,clipped_ips,q_shrink09,1.6122527208726927,0.6586601848230877,0.7153918288961995,0.6377054574453739,11.548239517444493,0.0,0.7962202044623268
05,pscore_mode,noised_0.5,1029,dr,q_shrink09,nan,0.7087564662380945,0.7153918288961995,0.6377054574453739,11.548239517444493,0.0,0.6377054574453739
05,pscore_mode,noised_0.5,1029,switch_dr,q_shrink09,1.7716330218080356,0.7005122619055266,0.7153918288961995,0.6377054574453739,11.548239517444493,0.0,0.648350233730309
05,pscore_mode,noised_0.5,1029,dros,q_shrink09,2.5993588359614006,0.7002052483814091,0.7153918288961995,0.6377054574453739,11.548239517444493,0.0,0.912049259699131
05,pscore_mode,noised_1.0,1029,dm,q_oracle,nan,0.7151678765697396,0.7153918288961995,0.29938710618416003,82.5659350877034,0.0,nan
05,pscore_mode,noised_1.0,1029,ips,q_oracle,nan,1.1615032246887629,0.7153918288961995,0.29938710618416003,82.5659350877034,0.0,0.29938710618416003
05,pscore_mode,noised_1.0,1029,snips,q_oracle,nan,0.7065282068872988,0.7153918288961995,0.29938710618416003,82.5659350877034,0.0,0.29938710618416003
05,pscore_mode,noised_1.0,1029,clipped_ips,q_oracle,1.6122527208726927,0.6243422233624745,0.7153918288961995,0.29938710618416003,82.5659350877034,0.0,0.7379644543592045
05,pscore_mode,noised_1.0,1029,dr,q_oracle,nan,0.6991207921821205,0.7153918288961995,0.29938710618416003,82.5659350877034,0.0,0.29938710618416003
05,pscore_mode,noised_1.0,1029,switch_dr,q_oracle,1.7716330218080356,0.7163079200940651,0.7153918288961995,0.29938710618416003,82.5659350877034,0.0,0.5100324248721895
05,pscore_mode,noised_1.0,1029,dros,q_oracle,2.5993588359614006,0.7140325653455338,0.7153918288961995,0.29938710618416003,82.5659350877034,0.0,0.8491249535551846
05,pscore_mode,noised_1.0,1029,dm,q_shrink09,nan,0.6936510889127656,0.7153918288961995,0.29938710618416003,82.5659350877034,0.0,nan
05,pscore_mode,noised_1.0,1029,ips,q_shrink09,nan,1.1615032246887629,0.7153918288961995,0.29938710618416003,82.5659350877034,0.0,0.29938710618416003
05,pscore_mode,noised_1.0,1029,snips,q_shrink09,nan,0.7065282068872988,0.7153918288961995,0.29938710618416003,82.5659350877034,0.0,0.29938710618416003
05,pscore_mode,noised_1.0,1029,clipped_ips,q_shrink09,1.6122527208726927,0.6243422233624745,0.7153918288961995,0.29938710618416003,82.5659350877034,0.0,0.7379644543592045
05,pscore_mode,noised_1.0,1029,dr,q_shrink09,nan,0.7131610981553818,0.7153918288961995,0.29938710618416003,82.5659350877034,0.0,0.29938710618416003
05,pscore_mode,noised_1.0,1029,switch_dr,q_shrink09,1.7716330218080356,0.6999950472285128,0.7153918288961995,0.29938710618416003,82.5659350877034,0.0,0.5100324248721895
05,pscore_mode,noised_1.0,1029,dros,q_shrink09,2.5993588359614006,0.6995820771436048,0.7153918288961995,0.29938710618416003,82.5659350877034,0.0,0.8491249535551846
05,pscore_mode,true,1030,dm,q_oracle,nan,0.71773095505948,0.7153918288961995,0.8211474514185684,2.742948644046735,0.0,nan
05,pscore_mode,true,1030,ips,q_oracle,nan,0.7031023258891622,0.7153918288961995,0.8211474514185684,2.742948644046735,0.0,0.8211474514185684
05,pscore_mode,true,1030,snips,q_oracle,nan,0.7076669196899931,0.7153918288961995,0.8211474514185684,2.742948644046735,0.0,0.8211474514185684
05,pscore_mode,true,1030,clipped_ips,q_oracle,1.6002633437060998,0.6842171483641347,0.7153918288961995,0.8211474514185684,2.742948644046735,0.0,0.8388184205177626
05,pscore_mode,true,1030,dr,q_oracle,nan,0.7104737293660298,0.7153918288961995,0.8211474514185684,2.742948644046735,0.0,0.8211474514185684
05,pscore_mode,true,1030,switch_dr,q_oracle,1.7538398933633186,0.7099779232864798,0.7153918288961995,0.8211474514185684,2.742948644046735,0.0,0.7939663689028814
05,pscore_mode,true,1030,dros,q_oracle,2.560842769209427,0.7114492630068862,0.7153918288961995,0.8211474514185684,2.742948644046735,0.0,0.9349980040835689
05,pscore_mode,true,1030,dm,q_shrink09,nan,0.6959578595535322,0.7153918288961995,0.8211474514185684,2.742948644046735,0.0,nan
05,pscore_mode,true,1030,ips,q_shrink09,nan,0.7031023258891622,0.7153918288961995,0.8211474514185684,2.742948644046735,0.0,0.8211474514185684
05,pscore_mode,true,1030,snips,q_shrink09,nan,0.7076669196899931,0.7153918288961995,0.8211474514185684,2.742948644046735,0.0,0.8211474514185684
05,pscore_mode,true,1030,clipped_ips,q_shrink09,1.6002633437060998,0.6842171483641347,0.7153918288961995,0.8211474514185684,2.742948644046735,0.0,0.8388184205177626
05,pscore_mode,true,1030,dr,q_shrink09,nan,0.7100590990632405,0.7153918288961995,0.8211474514185684,2.742948644046735,0.0,0.8211474514185684
05,pscore_mode,true,1030,switch_dr,q_shrink09,1.7538398933633186,0.7055420500707144,0.7153918288961995,0.8211474514185684,2.742948644046735,0.0,0.7939663689028814
05,pscore_mode,true,1030,dros,q_shrink09,2.560842769209427,0.7001904581083725,0.7153918288961995,0.8211474514185684,2.742948644046735,0.0,0.9349980040835689
05,pscore_mode,estimated,1030,dm,q_oracle,nan,0.71773095505948,0.7153918288961995,0.7999438113698706,3.049895738589534,0.0,nan
05,pscore_mode,estimated,1030,ips,q_oracle,nan,0.7234928179564022,0.7153918288961995,0.7999438113698706,3.049895738589534,0.0,0.7999438113698706
05,pscore_mode,estimated,1030,snips,q_oracle,nan,0.7128317246294794,0.7153918288961995,0.7999438113698706,3.049895738589534,0.0,0.7999438113698706
05,pscore_mode,estimated,1030,clipped_ips,q_oracle,1.6002633437060998,0.6934916516743592,0.7153918288961995,0.7999438113698706,3.049895738589534,0.0,0.8272453841154893
05,pscore_mode,estimated,1030,dr,q_oracle,nan,0.7105819700068408,0.7153918288961995,0.7999438113698706,3.049895738589534,0.0,0.7999438113698706
05,pscore_mode,estimated,1030,switch_dr,q_oracle,1.7538398933633186,0.71003870626674,0.7153918288961995,0.7999438113698706,3.049895738589534,0.0,0.758697253933789
05,pscore_mode,estimated,1030,dros,q_oracle,2.560842769209427,0.7115940743059423,0.7153918288961995,0.7999438113698706,3.049895738589534,0.0,0.9271882534001418
05,pscore_mode,estimated,1030,dm,q_shrink09,nan,0.6959578595535322,0.7153918288961995,0.7999438113698706,3.049895738589534,0.0,nan
05,pscore_mode,estimated,1030,ips,q_shrink09,nan,0.7234928179564022,0.7153918288961995,0.7999438113698706,3.049895738589534,0.0,0.7999438113698706
05,pscore_mode,estimated,1030,snips,q_shrink09,nan,0.7128317246294794,0.7153918288961995,0.7999438113698706,3.049895738589534,0.0,0.7999438113698706
05,pscore_mode,estimated,1030,clipped_ips,q_shrink09,1.6002633437060998,0.6934916516743592,0.7153918288961995,0.7999438113698706,3.049895738589534,0.0,0.8272453841154893
05,pscore_mode,estimated,1030,dr,q_shrink09,nan,0.7111252560606239,0.7153918288961995,0.7999438113698706,3.049895738589534,0.0,0.7999438113698706
05,pscore_mode,estimated,1030,switch_dr,q_shrink09,1.7538398933633186,0.7046805763406363,0.7153918288961995,0.7999438113698706,3.049895738589534,0.0,0.758697253933789
05,pscore_mode,estimated,1030,dros,q_shrink09,2.560842769209427,0.7004955529323987,0.7153918288961995,0.7999438113698706,3.049895738589534,0.0,0.9271882534001418
05,pscore_mode,noised_0.1,1030,dm,q_oracle,nan,0.71773095505948,0.7153918288961995,0.8134729604919815,2.907909501805462,0.0,nan
05,pscore_mode,noised_0.1,1030,ips,q_oracle,nan,0.7059825599569176,0.7153918288961995,0.8134729604919815,2.907909501805462,0.0,0.8134729604919815
05,pscore_mode,noised_0.1,1030,snips,q_oracle,nan,0.7079530935532884,0.7153918288961995,0.8134729604919815,2.907909501805462,0.0,0.8134729604919815
05,pscore_mode,noised_0.1,1030,clipped_ips,q_oracle,1.6002633437060998,0.6819594779432284,0.7153918288961995,0.8134729604919815,2.907909501805462,0.0,0.8366486684370493
05,pscore_mode,noised_0.1,1030,dr,q_oracle,nan,0.7106765504391348,0.7153918288961995,0.8134729604919815,2.907909501805462,0.0,0.8134729604919815
05,pscore_mode,noised_0.1,1030,switch_dr,q_oracle,1.7538398933633186,0.7099707825911113,0.7153918288961995,0.8134729604919815,2.907909501805462,0.0,0.7816534613513948
05,pscore_mode,noised_0.1,1030,dros,q_oracle,2.560842769209427,0.711653089724181,0.7153918288961995,0.8134729604919815,2.907909501805462,0.0,0.9340331400844005
05,pscore_mode,noised_0.1,1030,dm,q_shrink09,nan,0.6959578595535322,0.7153918288961995,0.8134729604919815,2.907909501805462,0.0,nan
05,pscore_mode,noised_0.1,1030,ips,q_shrink09,nan,0.7059825599569176,0.7153918288961995,0.8134729604919815,2.907909501805462,0.0,0.8134729604919815
05,pscore_mode,noised_0.1,1030,snips,q_shrink09,nan,0.7079530935532884,0.7153918288961995,0.8134729604919815,2.907909501805462,0.0,0.8134729604919815
05,pscore_mode,noised_0.1,1030,clipped_ips,q_shrink09,1.6002633437060998,0.6819594779432284,0.7153918288961995,0.8134729604919815,2.907909501805462,0.0,0.8366486684370493
05,pscore_mode,noised_0.1,1030,dr,q_shrink09,nan,0.7103463225884342,0.7153918288961995,0.8134729604919815,2.907909501805462,0.0,0.8134729604919815
05,pscore_mode,noised_0.1,1030,switch_dr,q_shrink09,1.7538398933633186,0.7046659105713868,0.7153918288961995,0.8134729604919815,2.907909501805462,0.0,0.7816534613513948
05,pscore_mode,noised_0.1,1030,dros,q_shrink09,2.560842769209427,0.7003371175661971,0.7153918288961995,0.8134729604919815,2.907909501805462,0.0,0.9340331400844005
05,pscore_mode,noised_0.25,1030,dm,q_oracle,nan,0.71773095505948,0.7153918288961995,0.7731230114097445,4.017816334288969,0.0,nan
05,pscore_mode,noised_0.25,1030,ips,q_oracle,nan,0.7235705370892459,0.7153918288961995,0.7731230114097445,4.017816334288969,0.0,0.7731230114097445
05,pscore_mode,noised_0.25,1030,snips,q_oracle,nan,0.7083750846482617,0.7153918288961995,0.7731230114097445,4.017816334288969,0.0,0.7731230114097445
05,pscore_mode,noised_0.25,1030,clipped_ips,q_oracle,1.6002633437060998,0.6729276130615507,0.7153918288961995,0.7731230114097445,4.017816334288969,0.0,0.8259715548268135
05,pscore_mode,noised_0.25,1030,dr,q_oracle,nan,0.7108053248594208,0.7153918288961995,0.7731230114097445,4.017816334288969,0.0,0.7731230114097445
05,pscore_mode,noised_0.25,1030,switch_dr,q_oracle,1.7538398933633186,0.7126341282021098,0.7153918288961995,0.7731230114097445,4.017816334288969,0.0,0.7377488045551136
05,pscore_mode,noised_0.25,1030,dros,q_oracle,2.560842769209427,0.7120166697951852,0.7153918288961995,0.7731230114097445,4.017816334288969,0.0,0.9295746892760531
05,pscore_mode,noised_0.25,1030,dm,q_shrink09,nan,0.6959578595535322,0.7153918288961995,0.7731230114097445,4.017816334288969,0.0,nan
05,pscore_mode,noised_0.25,1030,ips,q_shrink09,nan,0.7235705370892459,0.7153918288961995,0.7731230114097445,4.017816334288969,0.0,0.7731230114097445
05,pscore_mode,noised_0.25,1030,snips,q_shrink09,nan,0.7083750846482617,0.7153918288961995,0.7731230114097445,4.017816334288969,0.0,0.7731230114097445
05,pscore_mode,noised_0.25,1030,clipped_ips,q_shrink09,1.6002633437060998,0.6729276130615507,0.7153918288961995,0.7731230114097445,4.017816334288969,0.0,0.8259715548268135
05,pscore_mode,noised_0.25,1030,dr,q_shrink09,nan,0.7110092891298584,0.7153918288961995,0.7731230114097445,4.017816334288969,0.0,0.7731230114097445
05,pscore_mode,noised_0.25,1030,switch_dr,q_shrink09,1.7538398933633186,0.7043820002476983,0.7153918288961995,0.7731230114097445,4.017816334288969,0.0,0.7377488045551136
05,pscore_mode,noised_0.25,1030,dros,q_shrink09,2.560842769209427,0.7003849325452979,0.7153918288961995,0.7731230114097445,4.017816334288969,0.0,0.9295746892760531
05,pscore_mode,noised_0.5,1030,dm,q_oracle,nan,0.71773095505948,0.7153918288961995,0.6452645547136264,10.001161483851007,0.0,nan
05,pscore_mode,noised_0.5,1030,ips,q_oracle,nan,0.792022838619813,0.7153918288961995,0.6452645547136264,10.001161483851007,0.0,0.6452645547136264
05,pscore_mode,noised_0.5,1030,snips,q_oracle,nan,0.7093221602915066,0.7153918288961995,0.6452645547136264,10.001161483851007,0.0,0.6452645547136264
05,pscore_mode,noised_0.5,1030,clipped_ips,q_oracle,1.6002633437060998,0.6521808020814805,0.7153918288961995,0.6452645547136264,10.001161483851007,0.0,0.7976970139607217
05,pscore_mode,noised_0.5,1030,dr,q_oracle,nan,0.7108279450079116,0.7153918288961995,0.6452645547136264,10.001161483851007,0.0,0.6452645547136264
05,pscore_mode,noised_0.5,1030,switch_dr,q_oracle,1.7538398933633186,0.7103091050404994,0.7153918288961995,0.6452645547136264,10.001161483851007,0.0,0.6569630544919114
05,pscore_mode,noised_0.5,1030,dros,q_oracle,2.560842769209427,0.7126063577535011,0.7153918288961995,0.6452645547136264,10.001161483851007,0.0,0.9125217313346324
05,pscore_mode,noised_0.5,1030,dm,q_shrink09,nan,0.6959578595535322,0.7153918288961995,0.6452645547136264,10.001161483851007,0.0,nan
05,pscore_mode,noised_0.5,1030,ips,q_shrink09,nan,0.792022838619813,0.7153918288961995,0.6452645547136264,10.001161483851007,0.0,0.6452645547136264
05,pscore_mode,noised_0.5,1030,snips,q_shrink09,nan,0.7093221602915066,0.7153918288961995,0.6452645547136264,10.001161483851007,0.0,0.6452645547136264
05,pscore_mode,noised_0.5,1030,clipped_ips,q_shrink09,1.6002633437060998,0.6521808020814805,0.7153918288961995,0.6452645547136264,10.001161483851007,0.0,0.7976970139607217
05,pscore_mode,noised_0.5,1030,dr,q_shrink09,nan,0.7131178774372897,0.7153918288961995,0.6452645547136264,10.001161483851007,0.0,0.6452645547136264
05,pscore_mode,noised_0.5,1030,switch_dr,q_shrink09,1.7538398933633186,0.6979219498637,0.7153918288961995,0.6452645547136264,10.001161483851007,0.0,0.6569630544919114
05,pscore_mode,noised_0.5,1030,dros,q_shrink09,2.560842769209427,0.700034323636353,0.7153918288961995,0.6452645547136264,10.001161483851007,0.0,0.9125217313346324
05,pscore_mode,noised_1.0,1030,dm,q_oracle,nan,0.71773095505948,0.7153918288961995,0.3228150558908498,61.968524988547394,0.0,nan
05,pscore_mode,noised_1.0,1030,ips,q_oracle,nan,1.1430512763352234,0.7153918288961995,0.3228150558908498,61.968524988547394,0.0,0.3228150558908498
05,pscore_mode,noised_1.0,1030,snips,q_oracle,nan,0.7138733050038574,0.7153918288961995,0.3228150558908498,61.968524988547394,0.0,0.3228150558908498
05,pscore_mode,noised_1.0,1030,clipped_ips,q_oracle,1.6002633437060998,0.6137774010491772,0.7153918288961995,0.3228150558908498,61.968524988547394,0.0,0.7371620954330947
05,pscore_mode,noised_1.0,1030,dr,q_oracle,nan,0.7128898248280543,0.7153918288961995,0.3228150558908498,61.968524988547394,0.0,0.3228150558908498
05,pscore_mode,noised_1.0,1030,switch_dr,q_oracle,1.7538398933633186,0.7124191060308336,0.7153918288961995,0.3228150558908498,61.968524988547394,0.0,0.5129843599755012
05,pscore_mode,noised_1.0,1030,dros,q_oracle,2.560842769209427,0.7132408804584085,0.7153918288961995,0.3228150558908498,61.968524988547394,0.0,0.847895732536492
05,pscore_mode,noised_1.0,1030,dm,q_shrink09,nan,0.6959578595535322,0.7153918288961995,0.3228150558908498,61.968524988547394,0.0,nan
05,pscore_mode,noised_1.0,1030,ips,q_shrink09,nan,1.1430512763352234,0.7153918288961995,0.3228150558908498,61.968524988547394,0.0,0.3228150558908498
05,pscore_mode,noised_1.0,1030,snips,q_shrink09,nan,0.7138733050038574,0.7153918288961995,0.3228150558908498,61.968524988547394,0.0,0.3228150558908498
05,pscore_mode,noised_1.0,1030,clipped_ips,q_shrink09,1.6002633437060998,0.6137774010491772,0.7153918288961995,0.3228150558908498,61.968524988547394,0.0,0.7371620954330947
05,pscore_mode,noised_1.0,1030,dr,q_shrink09,nan,0.7258461562609123,0.7153918288961995,0.3228150558908498,61.968524988547394,0.0,0.3228150558908498
05,pscore_mode,noised_1.0,1030,switch_dr,q_shrink09,1.7538398933633186,0.6959326079196049,0.7153918288961995,0.3228150558908498,61.968524988547394,0.0,0.5129843599755012
05,pscore_mode,noised_1.0,1030,dros,q_shrink09,2.560842769209427,0.6985356391933045,0.7153918288961995,0.3228150558908498,61.968524988547394,0.0,0.847895732536492
05,pscore_mode,true,1031,dm,q_oracle,nan,0.7150746674525681,0.7153918288961995,0.8253485611570918,2.720276085651621,0.0,nan
05,pscore_mode,true,1031,ips,q_oracle,nan,0.7074303074400117,0.7153918288961995,0.8253485611570918,2.720276085651621,0.0,0.8253485611570918
05,pscore_mode,true,1031,snips,q_oracle,nan,0.7080166332504275,0.7153918288961995,0.8253485611570918,2.720276085651621,0.0,0.8253485611570918
05,pscore_mode,true,1031,clipped_ips,q_oracle,1.5966348121468865,0.6882396437880663,0.7153918288961995,0.8253485611570918,2.720276085651621,0.0,0.8436932556653214
05,pscore_mode,true,1031,dr,q_oracle,nan,0.7095841682910722,0.7153918288961995,0.8253485611570918,2.720276085651621,0.0,0.8253485611570918
05,pscore_mode,true,1031,switch_dr,q_oracle,1.7621830688120392,0.7131162521889726,0.7153918288961995,0.8253485611570918,2.720276085651621,0.0,0.7985039538384348
05,pscore_mode,true,1031,dros,q_oracle,2.5492427233593236,0.711384787560302,0.7153918288961995,0.8253485611570918,2.720276085651621,0.0,0.9374623451593052
05,pscore_mode,true,1031,dm,q_shrink09,nan,0.6935672007073114,0.7153918288961995,0.8253485611570918,2.720276085651621,0.0,nan
05,pscore_mode,true,1031,ips,q_shrink09,nan,0.7074303074400117,0.7153918288961995,0.8253485611570918,2.720276085651621,0.0,0.8253485611570918
05,pscore_mode,true,1031,snips,q_shrink09,nan,0.7080166332504275,0.7153918288961995,0.8253485611570918,2.720276085651621,0.0,0.8253485611570918
05,pscore_mode,true,1031,clipped_ips,q_shrink09,1.5966348121468865,0.6882396437880663,0.7153918288961995,0.8253485611570918,2.720276085651621,0.0,0.8436932556653214
05,pscore_mode,true,1031,dr,q_shrink09,nan,0.709410188423199,0.7153918288961995,0.8253485611570918,2.720276085651621,0.0,0.8253485611570918
05,pscore_mode,true,1031,switch_dr,q_shrink09,1.7621830688120392,0.7089245034715701,0.7153918288961995,0.8253485611570918,2.720276085651621,0.0,0.7985039538384348
05,pscore_mode,true,1031,dros,q_shrink09,2.5492427233593236,0.7004196981418502,0.7153918288961995,0.8253485611570918,2.720276085651621,0.0,0.9374623451593052
05,pscore_mode,estimated,1031,dm,q_oracle,nan,0.7150746674525681,0.7153918288961995,0.8080338399747906,2.8310811185072353,0.0,nan
05,pscore_mode,estimated,1031,ips,q_oracle,nan,0.7225057552708275,0.7153918288961995,0.8080338399747906,2.8310811185072353,0.0,0.8080338399747906
05,pscore_mode,estimated,1031,snips,q_oracle,nan,0.7107716143483572,0.7153918288961995,0.8080338399747906,2.8310811185072353,0.0,0.8080338399747906
05,pscore_mode,estimated,1031,clipped_ips,q_oracle,1.5966348121468865,0.6942374712506308,0.7153918288961995,0.8080338399747906,2.8310811185072353,0.0,0.8347256601376218
05,pscore_mode,estimated,1031,dr,q_oracle,nan,0.7090309083066764,0.7153918288961995,0.8080338399747906,2.8310811185072353,0.0,0.8080338399747906
05,pscore_mode,estimated,1031,switch_dr,q_oracle,1.7621830688120392,0.7105250173350062,0.7153918288961995,0.8080338399747906,2.8310811185072353,0.0,0.7710981570091796
05,pscore_mode,estimated,1031,dros,q_oracle,2.5492427233593236,0.7113459067010051,0.7153918288961995,0.8080338399747906,2.8310811185072353,0.0,0.9317135467155236
05,pscore_mode,estimated,1031,dm,q_shrink09,nan,0.6935672007073114,0.7153918288961995,0.8080338399747906,2.8310811185072353,0.0,nan
05,pscore_mode,estimated,1031,ips,q_shrink09,nan,0.7225057552708275,0.7153918288961995,0.8080338399747906,2.8310811185072353,0.0,0.8080338399747906
05,pscore_mode,estimated,1031,snips,q_shrink09,nan,0.7107716143483572,0.7153918288961995,0.8080338399747906,2.8310811185072353,0.0,0.8080338399747906
05,pscore_mode,estimated,1031,clipped_ips,q_shrink09,1.5966348121468865,0.6942374712506308,0.7153918288961995,0.8080338399747906,2.8310811185072353,0.0,0.8347256601376218
05,pscore_mode,estimated,1031,dr,q_shrink09,nan,0.7095529421349369,0.7153918288961995,0.8080338399747906,2.8310811185072353,0.0,0.8080338399747906
05,pscore_mode,estimated,1031,switch_dr,q_shrink09,1.7621830688120392,0.7056255200226871,0.7153918288961995,0.8080338399747906,2.8310811185072353,0.0,0.7710981570091796
05,pscore_mode,estimated,1031,dros,q_shrink09,2.5492427233593236,0.7004821532010721,0.7153918288961995,0.8080338399747906,2.8310811185072353,0.0,0.9317135467155236
05,pscore_mode,noised_0.1,1031,dm,q_oracle,nan,0.7150746674525681,0.7153918288961995,0.817295975002415,3.0375061853518286,0.0,nan
05,pscore_mode,noised_0.1,1031,ips,q_oracle,nan,0.7097033090741612,0.7153918288961995,0.817295975002415,3.0375061853518286,0.0,0.817295975002415
05,pscore_mode,noised_0.1,1031,snips,q_oracle,nan,0.7070561764604687,0.7153918288961995,0.817295975002415,3.0375061853518286,0.0,0.817295975002415
05,pscore_mode,noised_0.1,1031,clipped_ips,q_oracle,1.5966348121468865,0.6856261405205408,0.7153918288961995,0.817295975002415,3.0375061853518286,0.0,0.8410360496049488
05,pscore_mode,noised_0.1,1031,dr,q_oracle,nan,0.7087842981263169,0.7153918288961995,0.817295975002415,3.0375061853518286,0.0,0.817295975002415
05,pscore_mode,noised_0.1,1031,switch_dr,q_oracle,1.7621830688120392,0.7116782174585884,0.7153918288961995,0.817295975002415,3.0375061853518286,0.0,0.7881079839698063
05,pscore_mode,noised_0.1,1031,dros,q_oracle,2.5492427233593236,0.7113390516024211,0.7153918288961995,0.817295975002415,3.0375061853518286,0.0,0.936638208877763
05,pscore_mode,noised_0.1,1031,dm,q_shrink09,nan,0.6935672007073114,0.7153918288961995,0.817295975002415,3.0375061853518286,0.0,nan
05,pscore_mode,noised_0.1,1031,ips,q_shrink09,nan,0.7097033090741612,0.7153918288961995,0.817295975002415,3.0375061853518286,0.0,0.817295975002415
05,pscore_mode,noised_0.1,1031,snips,q_shrink09,nan,0.7070561764604687,0.7153918288961995,0.817295975002415,3.0375061853518286,0.0,0.817295975002415
05,pscore_mode,noised_0.1,1031,clipped_ips,q_shrink09,1.5966348121468865,0.6856261405205408,0.7153918288961995,0.817295975002415,3.0375061853518286,0.0,0.8410360496049488
05,pscore_mode,noised_0.1,1031,dr,q_shrink09,nan,0.7086890052822163,0.7153918288961995,0.817295975002415,3.0375061853518286,0.0,0.817295975002415
05,pscore_mode,noised_0.1,1031,switch_dr,q_shrink09,1.7621830688120392,0.7068080659158524,0.7153918288961995,0.817295975002415,3.0375061853518286,0.0,0.7881079839698063
05,pscore_mode,noised_0.1,1031,dros,q_shrink09,2.5492427233593236,0.7003071856539059,0.7153918288961995,0.817295975002415,3.0375061853518286,0.0,0.936638208877763
05,pscore_mode,noised_0.25,1031,dm,q_oracle,nan,0.7150746674525681,0.7153918288961995,0.7769620982695942,4.892391608615495,0.0,nan
05,pscore_mode,noised_0.25,1031,ips,q_oracle,nan,0.7260449498660022,0.7153918288961995,0.7769620982695942,4.892391608615495,0.0,0.7769620982695942
05,pscore_mode,noised_0.25,1031,snips,q_oracle,nan,0.7054007587873503,0.7153918288961995,0.7769620982695942,4.892391608615495,0.0,0.7769620982695942
05,pscore_mode,noised_0.25,1031,clipped_ips,q_oracle,1.5966348121468865,0.6761542670230603,0.7153918288961995,0.7769620982695942,4.892391608615495,0.0,0.8301871694658146
05,pscore_mode,noised_0.25,1031,dr,q_oracle,nan,0.7073115298912916,0.7153918288961995,0.7769620982695942,4.892391608615495,0.0,0.7769620982695942
05,pscore_mode,noised_0.25,1031,switch_dr,q_oracle,1.7621830688120392,0.7101716618220513,0.7153918288961995,0.7769620982695942,4.892391608615495,0.0,0.741842313906684
05,pscore_mode,noised_0.25,1031,dros,q_oracle,2.5492427233593236,0.7113639642592738,0.7153918288961995,0.7769620982695942,4.892391608615495,0.0,0.9324281225145623
05,pscore_mode,noised_0.25,1031,dm,q_shrink09,nan,0.6935672007073114,0.7153918288961995,0.7769620982695942,4.892391608615495,0.0,nan
05,pscore_mode,noised_0.25,1031,ips,q_shrink09,nan,0.7260449498660022,0.7153918288961995,0.7769620982695942,4.892391608615495,0.0,0.7769620982695942
05,pscore_mode,noised_0.25,1031,snips,q_shrink09,nan,0.7054007587873503,0.7153918288961995,0.7769620982695942,4.892391608615495,0.0,0.7769620982695942
05,pscore_mode,noised_0.25,1031,clipped_ips,q_shrink09,1.5966348121468865,0.6761542670230603,0.7153918288961995,0.7769620982695942,4.892391608615495,0.0,0.8301871694658146
05,pscore_mode,noised_0.25,1031,dr,q_shrink09,nan,0.707721576675263,0.7153918288961995,0.7769620982695942,4.892391608615495,0.0,0.7769620982695942
05,pscore_mode,noised_0.25,1031,switch_dr,q_shrink09,1.7621830688120392,0.702499987661823,0.7153918288961995,0.7769620982695942,4.892391608615495,0.0,0.741842313906684
05,pscore_mode,noised_0.25,1031,dros,q_shrink09,2.5492427233593236,0.7000107186763387,0.7153918288961995,0.7769620982695942,4.892391608615495,0.0,0.9324281225145623
05,pscore_mode,noised_0.5,1031,dm,q_oracle,nan,0.7150746674525681,0.7153918288961995,0.649299727306477,10.82749392304159,0.0,nan
05,pscore_mode,noised_0.5,1031,ips,q_oracle,nan,0.791095494902549,0.7153918288961995,0.649299727306477,10.82749392304159,0.0,0.649299727306477
05,pscore_mode,noised_0.5,1031,snips,q_oracle,nan,0.7021477051809136,0.7153918288961995,0.649299727306477,10.82749392304159,0.0,0.649299727306477
05,pscore_mode,noised_0.5,1031,clipped_ips,q_oracle,1.5966348121468865,0.6558187659002764,0.7153918288961995,0.649299727306477,10.82749392304159,0.0,0.802116995466528
05,pscore_mode,noised_0.5,1031,dr,q_oracle,nan,0.7038832580358066,0.7153918288961995,0.649299727306477,10.82749392304159,0.0,0.649299727306477
05,pscore_mode,noised_0.5,1031,switch_dr,q_oracle,1.7621830688120392,0.7125794653378753,0.7153918288961995,0.649299727306477,10.82749392304159,0.0,0.6583394043592522
05,pscore_mode,noised_0.5,1031,dros,q_oracle,2.5492427233593236,0.7115839975635345,0.7153918288961995,0.649299727306477,10.82749392304159,0.0,0.9156591442428696
05,pscore_mode,noised_0.5,1031,dm,q_shrink09,nan,0.6935672007073114,0.7153918288961995,0.649299727306477,10.82749392304159,0.0,nan
05,pscore_mode,noised_0.5,1031,ips,q_shrink09,nan,0.791095494902549,0.7153918288961995,0.649299727306477,10.82749392304159,0.0,0.649299727306477
05,pscore_mode,noised_0.5,1031,snips,q_shrink09,nan,0.7021477051809136,0.7153918288961995,0.649299727306477,10.82749392304159,0.0,0.649299727306477
05,pscore_mode,noised_0.5,1031,clipped_ips,q_shrink09,1.5966348121468865,0.6558187659002764,0.7153918288961995,0.649299727306477,10.82749392304159,0.0,0.802116995466528
05,pscore_mode,noised_0.5,1031,dr,q_shrink09,nan,0.706270501773154,0.7153918288961995,0.649299727306477,10.82749392304159,0.0,0.649299727306477
05,pscore_mode,noised_0.5,1031,switch_dr,q_shrink09,1.7621830688120392,0.7006519036096395,0.7153918288961995,0.649299727306477,10.82749392304159,0.0,0.6583394043592522
05,pscore_mode,noised_0.5,1031,dros,q_shrink09,2.5492427233593236,0.6992981023044528,0.7153918288961995,0.649299727306477,10.82749392304159,0.0,0.9156591442428696
05,pscore_mode,noised_1.0,1031,dm,q_oracle,nan,0.7150746674525681,0.7153918288961995,0.3253410267358469,53.032416978466706,0.0,nan
05,pscore_mode,noised_1.0,1031,ips,q_oracle,nan,1.1241055948878649,0.7153918288961995,0.3253410267358469,53.032416978466706,0.0,0.3253410267358469
05,pscore_mode,noised_1.0,1031,snips,q_oracle,nan,0.6944257769674577,0.7153918288961995,0.3253410267358469,53.032416978466706,0.0,0.3253410267358469
05,pscore_mode,noised_1.0,1031,clipped_ips,q_oracle,1.5966348121468865,0.6186522424968991,0.7153918288961995,0.3253410267358469,53.032416978466706,0.0,0.7423185483942059
05,pscore_mode,noised_1.0,1031,dr,q_oracle,nan,0.6903955858737245,0.7153918288961995,0.3253410267358469,53.032416978466706,0.0,0.3253410267358469
05,pscore_mode,noised_1.0,1031,switch_dr,q_oracle,1.7621830688120392,0.7152775093479254,0.7153918288961995,0.3253410267358469,53.032416978466706,0.0,0.5128853790390897
05,pscore_mode,noised_1.0,1031,dros,q_oracle,2.5492427233593236,0.7124389516889378,0.7153918288961995,0.3253410267358469,53.032416978466706,0.0,0.8513762530779745
05,pscore_mode,noised_1.0,1031,dm,q_shrink09,nan,0.6935672007073114,0.7153918288961995,0.3253410267358469,53.032416978466706,0.0,nan
05,pscore_mode,noised_1.0,1031,ips,q_shrink09,nan,1.1241055948878649,0.7153918288961995,0.3253410267358469,53.032416978466706,0.0,0.3253410267358469
05,pscore_mode,noised_1.0,1031,snips,q_shrink09,nan,0.6944257769674577,0.7153918288961995,0.3253410267358469,53.032416978466706,0.0,0.3253410267358469
05,pscore_mode,noised_1.0,1031,clipped_ips,q_shrink09,1.5966348121468865,0.6186522424968991,0.7153918288961995,0.3253410267358469,53.032416978466706,0.0,0.7423185483942059
05,pscore_mode,noised_1.0,1031,dr,q_shrink09,nan,0.7028288082412821,0.7153918288961995,0.3253410267358469,53.032416978466706,0.0,0.3253410267358469
05,pscore_mode,noised_1.0,1031,switch_dr,q_shrink09,1.7621830688120392,0.6992914339434828,0.7153918288961995,0.3253410267358469,53.032416978466706,0.0,0.5128853790390897
05,pscore_mode,noised_1.0,1031,dros,q_shrink09,2.5492427233593236,0.6980495434968272,0.7153918288961995,0.3253410267358469,53.032416978466706,0.0,0.8513762530779745
05,pscore_mode,true,1032,dm,q_oracle,nan,0.7141371321288013,0.7153918288961995,0.8219874054515074,2.8301572471995535,0.0,nan
05,pscore_mode,true,1032,ips,q_oracle,nan,0.7036126841961753,0.7153918288961995,0.8219874054515074,2.8301572471995535,0.0,0.8219874054515074
05,pscore_mode,true,1032,snips,q_oracle,nan,0.7059532188835039,0.7153918288961995,0.8219874054515074,2.8301572471995535,0.0,0.8219874054515074
05,pscore_mode,true,1032,clipped_ips,q_oracle,1.6033260441397987,0.6843839645046979,0.7153918288961995,0.8219874054515074,2.8301572471995535,0.0,0.8407805693962267
05,pscore_mode,true,1032,dr,q_oracle,nan,0.7087101200562346,0.7153918288961995,0.8219874054515074,2.8301572471995535,0.0,0.8219874054515074
05,pscore_mode,true,1032,switch_dr,q_oracle,1.7605330281989497,0.7105410338252791,0.7153918288961995,0.8219874054515074,2.8301572471995535,0.0,0.7959270114699052
05,pscore_mode,true,1032,dros,q_oracle,2.5706544038169756,0.7114679536821507,0.7153918288961995,0.8219874054515074,2.8301572471995535,0.0,0.9357240683575945
05,pscore_mode,true,1032,dm,q_shrink09,nan,0.6927234189159214,0.7153918288961995,0.8219874054515074,2.8301572471995535,0.0,nan
05,pscore_mode,true,1032,ips,q_shrink09,nan,0.7036126841961753,0.7153918288961995,0.8219874054515074,2.8301572471995535,0.0,0.8219874054515074
05,pscore_mode,true,1032,snips,q_shrink09,nan,0.7059532188835039,0.7153918288961995,0.8219874054515074,2.8301572471995535,0.0,0.8219874054515074
05,pscore_mode,true,1032,clipped_ips,q_shrink09,1.6033260441397987,0.6843839645046979,0.7153918288961995,0.8219874054515074,2.8301572471995535,0.0,0.8407805693962267
05,pscore_mode,true,1032,dr,q_shrink09,nan,0.708366147701574,0.7153918288961995,0.8219874054515074,2.8301572471995535,0.0,0.8219874054515074
05,pscore_mode,true,1032,switch_dr,q_shrink09,1.7605330281989497,0.7061179968556426,0.7153918288961995,0.8219874054515074,2.8301572471995535,0.0,0.7959270114699052
05,pscore_mode,true,1032,dros,q_shrink09,2.5706544038169756,0.7004147730974168,0.7153918288961995,0.8219874054515074,2.8301572471995535,0.0,0.9357240683575945
05,pscore_mode,estimated,1032,dm,q_oracle,nan,0.7141371321288013,0.7153918288961995,0.796239677229523,3.1683817518932176,0.0,nan
05,pscore_mode,estimated,1032,ips,q_oracle,nan,0.7263721235277731,0.7153918288961995,0.796239677229523,3.1683817518932176,0.0,0.796239677229523
05,pscore_mode,estimated,1032,snips,q_oracle,nan,0.7119105247489385,0.7153918288961995,0.796239677229523,3.1683817518932176,0.0,0.796239677229523
05,pscore_mode,estimated,1032,clipped_ips,q_oracle,1.6033260441397987,0.6936635100221162,0.7153918288961995,0.796239677229523,3.1683817518932176,0.0,0.8278486842710988
05,pscore_mode,estimated,1032,dr,q_oracle,nan,0.7085120113868066,0.7153918288961995,0.796239677229523,3.1683817518932176,0.0,0.796239677229523
05,pscore_mode,estimated,1032,switch_dr,q_oracle,1.7605330281989497,0.7108698512387741,0.7153918288961995,0.796239677229523,3.1683817518932176,0.0,0.7600451066189127
05,pscore_mode,estimated,1032,dros,q_oracle,2.5706544038169756,0.7115375451978321,0.7153918288961995,0.796239677229523,3.1683817518932176,0.0,0.9287596489386503
05,pscore_mode,estimated,1032,dm,q_shrink09,nan,0.6927234189159214,0.7153918288961995,0.796239677229523,3.1683817518932176,0.0,nan
05,pscore_mode,estimated,1032,ips,q_shrink09,nan,0.7263721235277731,0.7153918288961995,0.796239677229523,3.1683817518932176,0.0,0.796239677229523
05,pscore_mode,estimated,1032,snips,q_shrink09,nan,0.7119105247489385,0.7153918288961995,0.796239677229523,3.1683817518932176,0.0,0.796239677229523
05,pscore_mode,estimated,1032,clipped_ips,q_shrink09,1.6033260441397987,0.6936635100221162,0.7153918288961995,0.796239677229523,3.1683817518932176,0.0,0.8278486842710988
05,pscore_mode,estimated,1032,dr,q_shrink09,nan,0.7092823332497779,0.7153918288961995,0.796239677229523,3.1683817518932176,0.0,0.796239677229523
05,pscore_mode,estimated,1032,switch_dr,q_shrink09,1.7605330281989497,0.7056229251131308,0.7153918288961995,0.796239677229523,3.1683817518932176,0.0,0.7600451066189127
05,pscore_mode,estimated,1032,dros,q_shrink09,2.5706544038169756,0.7005868189567642,0.7153918288961995,0.796239677229523,3.1683817518932176,0.0,0.9287596489386503
05,pscore_mode,noised_0.1,1032,dm,q_oracle,nan,0.7141371321288013,0.7153918288961995,0.8139126565174242,3.4199674565958387,0.0,nan
05,pscore_mode,noised_0.1,1032,ips,q_oracle,nan,0.7073823273942533,0.7153918288961995,0.8139126565174242,3.4199674565958387,0.0,0.8139126565174242
05,pscore_mode,noised_0.1,1032,snips,q_oracle,nan,0.7063157187777582,0.7153918288961995,0.8139126565174242,3.4199674565958387,0.0,0.8139126565174242
05,pscore_mode,noised_0.1,1032,clipped_ips,q_oracle,1.6033260441397987,0.6826003453995728,0.7153918288961995,0.8139126565174242,3.4199674565958387,0.0,0.8384709906964308
05,pscore_mode,noised_0.1,1032,dr,q_oracle,nan,0.7090840660547899,0.7153918288961995,0.8139126565174242,3.4199674565958387,0.0,0.8139126565174242
05,pscore_mode,noised_0.1,1032,switch_dr,q_oracle,1.7605330281989497,0.7096118929388576,0.7153918288961995,0.8139126565174242,3.4199674565958387,0.0,0.7837369940151321
05,pscore_mode,noised_0.1,1032,dros,q_oracle,2.5706544038169756,0.7115338366742452,0.7153918288961995,0.8139126565174242,3.4199674565958387,0.0,0.9353591979406272
05,pscore_mode,noised_0.1,1032,dm,q_shrink09,nan,0.6927234189159214,0.7153918288961995,0.8139126565174242,3.4199674565958387,0.0,nan
05,pscore_mode,noised_0.1,1032,ips,q_shrink09,nan,0.7073823273942533,0.7153918288961995,0.8139126565174242,3.4199674565958387,0.0,0.8139126565174242
05,pscore_mode,noised_0.1,1032,snips,q_shrink09,nan,0.7063157187777582,0.7153918288961995,0.8139126565174242,3.4199674565958387,0.0,0.8139126565174242
05,pscore_mode,noised_0.1,1032,clipped_ips,q_shrink09,1.6033260441397987,0.6826003453995728,0.7153918288961995,0.8139126565174242,3.4199674565958387,0.0,0.8384709906964308
05,pscore_mode,noised_0.1,1032,dr,q_shrink09,nan,0.7088383871002796,0.7153918288961995,0.8139126565174242,3.4199674565958387,0.0,0.8139126565174242
05,pscore_mode,noised_0.1,1032,switch_dr,q_shrink09,1.7605330281989497,0.7043644472101785,0.7153918288961995,0.8139126565174242,3.4199674565958387,0.0,0.7837369940151321
05,pscore_mode,noised_0.1,1032,dros,q_shrink09,2.5706544038169756,0.7004062662566234,0.7153918288961995,0.8139126565174242,3.4199674565958387,0.0,0.9353591979406272
05,pscore_mode,noised_0.25,1032,dm,q_oracle,nan,0.7141371321288013,0.7153918288961995,0.772866293460521,4.952599735542339,0.0,nan
05,pscore_mode,noised_0.25,1032,ips,q_oracle,nan,0.7263692463125618,0.7153918288961995,0.772866293460521,4.952599735542339,0.0,0.772866293460521
05,pscore_mode,noised_0.25,1032,snips,q_oracle,nan,0.7068236605972288,0.7153918288961995,0.772866293460521,4.952599735542339,0.0,0.772866293460521
05,pscore_mode,noised_0.25,1032,clipped_ips,q_oracle,1.6033260441397987,0.6739698112286149,0.7153918288961995,0.772866293460521,4.952599735542339,0.0,0.8282012742718836
05,pscore_mode,noised_0.25,1032,dr,q_oracle,nan,0.7095591333768458,0.7153918288961995,0.772866293460521,4.952599735542339,0.0,0.772866293460521
05,pscore_mode,noised_0.25,1032,switch_dr,q_oracle,1.7605330281989497,0.7102214532048262,0.7153918288961995,0.772866293460521,4.952599735542339,0.0,0.73883125015216
05,pscore_mode,noised_0.25,1032,dros,q_oracle,2.5706544038169756,0.7116701917766798,0.7153918288961995,0.772866293460521,4.952599735542339,0.0,0.931728481760164
05,pscore_mode,noised_0.25,1032,dm,q_shrink09,nan,0.6927234189159214,0.7153918288961995,0.772866293460521,4.952599735542339,0.0,nan
05,pscore_mode,noised_0.25,1032,ips,q_shrink09,nan,0.7263692463125618,0.7153918288961995,0.772866293460521,4.952599735542339,0.0,0.772866293460521
05,pscore_mode,noised_0.25,1032,snips,q_shrink09,nan,0.7068236605972288,0.7153918288961995,0.772866293460521,4.952599735542339,0.0,0.772866293460521
05,pscore_mode,noised_0.25,1032,clipped_ips,q_shrink09,1.6033260441397987,0.6739698112286149,0.7153918288961995,0.772866293460521,4.952599735542339,0.0,0.8282012742718836
05,pscore_mode,noised_0.25,1032,dr,q_shrink09,nan,0.709857509452829,0.7153918288961995,0.772866293460521,4.952599735542339,0.0,0.772866293460521
05,pscore_mode,noised_0.25,1032,switch_dr,q_shrink09,1.7605330281989497,0.7019683099152456,0.7153918288961995,0.772866293460521,4.952599735542339,0.0,0.73883125015216
05,pscore_mode,noised_0.25,1032,dros,q_shrink09,2.5706544038169756,0.7002057844365186,0.7153918288961995,0.772866293460521,4.952599735542339,0.0,0.931728481760164
05,pscore_mode,noised_0.5,1032,dm,q_oracle,nan,0.7141371321288013,0.7153918288961995,0.6430874655132979,11.971508626795176,0.0,nan
05,pscore_mode,noised_0.5,1032,ips,q_oracle,nan,0.7975191383499121,0.7153918288961995,0.6430874655132979,11.971508626795176,0.0,0.6430874655132979
05,pscore_mode,noised_0.5,1032,snips,q_oracle,nan,0.7076388826812031,0.7153918288961995,0.6430874655132979,11.971508626795176,0.0,0.6430874655132979
05,pscore_mode,noised_0.5,1032,clipped_ips,q_oracle,1.6033260441397987,0.6555475707031512,0.7153918288961995,0.6430874655132979,11.971508626795176,0.0,0.7998925148986409
05,pscore_mode,noised_0.5,1032,dr,q_oracle,nan,0.7102808177100574,0.7153918288961995,0.6430874655132979,11.971508626795176,0.0,0.6430874655132979
05,pscore_mode,noised_0.5,1032,switch_dr,q_oracle,1.7605330281989497,0.711970958943052,0.7153918288961995,0.6430874655132979,11.971508626795176,0.0,0.6565694401584687
05,pscore_mode,noised_0.5,1032,dros,q_oracle,2.5706544038169756,0.7119007005095498,0.7153918288961995,0.6430874655132979,11.971508626795176,0.0,0.9154885591676107
05,pscore_mode,noised_0.5,1032,dm,q_shrink09,nan,0.6927234189159214,0.7153918288961995,0.6430874655132979,11.971508626795176,0.0,nan
05,pscore_mode,noised_0.5,1032,ips,q_shrink09,nan,0.7975191383499121,0.7153918288961995,0.6430874655132979,11.971508626795176,0.0,0.6430874655132979
05,pscore_mode,noised_0.5,1032,snips,q_shrink09,nan,0.7076388826812031,0.7153918288961995,0.6430874655132979,11.971508626795176,0.0,0.6430874655132979
05,pscore_mode,noised_0.5,1032,clipped_ips,q_shrink09,1.6033260441397987,0.6555475707031512,0.7153918288961995,0.6430874655132979,11.971508626795176,0.0,0.7998925148986409
05,pscore_mode,noised_0.5,1032,dr,q_shrink09,nan,0.7126539348918874,0.7153918288961995,0.6430874655132979,11.971508626795176,0.0,0.6430874655132979
05,pscore_mode,noised_0.5,1032,switch_dr,q_shrink09,1.7605330281989497,0.6996876070043936,0.7153918288961995,0.6430874655132979,11.971508626795176,0.0,0.6565694401584687
05,pscore_mode,noised_0.5,1032,dros,q_shrink09,2.5706544038169756,0.6994759457393809,0.7153918288961995,0.6430874655132979,11.971508626795176,0.0,0.9154885591676107
05,pscore_mode,noised_1.0,1032,dm,q_oracle,nan,0.7141371321288013,0.7153918288961995,0.31579927868654445,69.94878708481998,0.0,nan
05,pscore_mode,noised_1.0,1032,ips,q_oracle,nan,1.1564791352092194,0.7153918288961995,0.31579927868654445,69.94878708481998,0.0,0.31579927868654445
05,pscore_mode,noised_1.0,1032,snips,q_oracle,nan,0.7097007512567136,0.7153918288961995,0.31579927868654445,69.94878708481998,0.0,0.31579927868654445
05,pscore_mode,noised_1.0,1032,clipped_ips,q_oracle,1.6033260441397987,0.6196441840037774,0.7153918288961995,0.31579927868654445,69.94878708481998,0.0,0.7396228299972414
05,pscore_mode,noised_1.0,1032,dr,q_oracle,nan,0.7131475275724595,0.7153918288961995,0.31579927868654445,69.94878708481998,0.0,0.31579927868654445
05,pscore_mode,noised_1.0,1032,switch_dr,q_oracle,1.7605330281989497,0.7123753430492454,0.7153918288961995,0.31579927868654445,69.94878708481998,0.0,0.5101879690541837
05,pscore_mode,noised_1.0,1032,dros,q_oracle,2.5706544038169756,0.7121511403725589,0.7153918288961995,0.31579927868654445,69.94878708481998,0.0,0.8506952782081858
05,pscore_mode,noised_1.0,1032,dm,q_shrink09,nan,0.6927234189159214,0.7153918288961995,0.31579927868654445,69.94878708481998,0.0,nan
05,pscore_mode,noised_1.0,1032,ips,q_shrink09,nan,1.1564791352092194,0.7153918288961995,0.31579927868654445,69.94878708481998,0.0,0.31579927868654445
05,pscore_mode,noised_1.0,1032,snips,q_shrink09,nan,0.7097007512567136,0.7153918288961995,0.31579927868654445,69.94878708481998,0.0,0.31579927868654445
05,pscore_mode,noised_1.0,1032,clipped_ips,q_shrink09,1.6033260441397987,0.6196441840037774,0.7153918288961995,0.31579927868654445,69.94878708481998,0.0,0.7396228299972414
05,pscore_mode,noised_1.0,1032,dr,q_shrink09,nan,0.726004155222611,0.7153918288961995,0.31579927868654445,69.94878708481998,0.0,0.31579927868654445
05,pscore_mode,noised_1.0,1032,switch_dr,q_shrink09,1.7605330281989497,0.6962299785965689,0.7153918288961995,0.31579927868654445,69.94878708481998,0.0,0.5101879690541837
05,pscore_mode,noised_1.0,1032,dros,q_shrink09,2.5706544038169756,0.6976120479371557,0.7153918288961995,0.31579927868654445,69.94878708481998,0.0,0.8506952782081858
05,pscore_mode,true,1033,dm,q_oracle,nan,0.7163905065658115,0.7153918288961995,0.8199341645593405,2.7939511084267,0.0,nan
05,pscore_mode,true,1033,ips,q_oracle,nan,0.7129966980336474,0.7153918288961995,0.8199341645593405,2.7939511084267,0.0,0.8199341645593405
05,pscore_mode,true,1033,snips,q_oracle,nan,0.7146472570531769,0.7153918288961995,0.8199341645593405,2.7939511084267,0.0,0.8199341645593405
05,pscore_mode,true,1033,clipped_ips,q_oracle,1.6146142055646635,0.6930777760751226,0.7153918288961995,0.8199341645593405,2.7939511084267,0.0,0.8385879756513217
05,pscore_mode,true,1033,dr,q_oracle,nan,0.7146469228890864,0.7153918288961995,0.8199341645593405,2.7939511084267,0.0,0.8199341645593405
05,pscore_mode,true,1033,switch_dr,q_oracle,1.762926701541666,0.7135235472835788,0.7153918288961995,0.8199341645593405,2.7939511084267,0.0,0.7940755181710256
05,pscore_mode,true,1033,dros,q_oracle,2.6069790328112097,0.7146339746222633,0.7153918288961995,0.8199341645593405,2.7939511084267,0.0,0.933879587230795
05,pscore_mode,true,1033,dm,q_shrink09,nan,0.6947514559092304,0.7153918288961995,0.8199341645593405,2.7939511084267,0.0,nan
05,pscore_mode,true,1033,ips,q_shrink09,nan,0.7129966980336474,0.7153918288961995,0.8199341645593405,2.7939511084267,0.0,0.8199341645593405
05,pscore_mode,true,1033,snips,q_shrink09,nan,0.7146472570531769,0.7153918288961995,0.8199341645593405,2.7939511084267,0.0,0.8199341645593405
05,pscore_mode,true,1033,clipped_ips,q_shrink09,1.6146142055646635,0.6930777760751226,0.7153918288961995,0.8199341645593405,2.7939511084267,0.0,0.8385879756513217
05,pscore_mode,true,1033,dr,q_shrink09,nan,0.7145973810832231,0.7153918288961995,0.8199341645593405,2.7939511084267,0.0,0.8199341645593405
05,pscore_mode,true,1033,switch_dr,q_shrink09,1.762926701541666,0.7093510142527938,0.7153918288961995,0.8199341645593405,2.7939511084267,0.0,0.7940755181710256
05,pscore_mode,true,1033,dros,q_shrink09,2.6069790328112097,0.7036780474570723,0.7153918288961995,0.8199341645593405,2.7939511084267,0.0,0.933879587230795
05,pscore_mode,estimated,1033,dm,q_oracle,nan,0.7163905065658115,0.7153918288961995,0.7978433081324187,3.0253619082360252,0.0,nan
05,pscore_mode,estimated,1033,ips,q_oracle,nan,0.733479993804708,0.7153918288961995,0.7978433081324187,3.0253619082360252,0.0,0.7978433081324187
05,pscore_mode,estimated,1033,snips,q_oracle,nan,0.719131421697065,0.7153918288961995,0.7978433081324187,3.0253619082360252,0.0,0.7978433081324187
05,pscore_mode,estimated,1033,clipped_ips,q_oracle,1.6146142055646635,0.7011333810542594,0.7153918288961995,0.7978433081324187,3.0253619082360252,0.0,0.8273390636448404
05,pscore_mode,estimated,1033,dr,q_oracle,nan,0.7139582489165276,0.7153918288961995,0.7978433081324187,3.0253619082360252,0.0,0.7978433081324187
05,pscore_mode,estimated,1033,switch_dr,q_oracle,1.762926701541666,0.7118442848847197,0.7153918288961995,0.7978433081324187,3.0253619082360252,0.0,0.7586305502671529
05,pscore_mode,estimated,1033,dros,q_oracle,2.6069790328112097,0.7143913431219205,0.7153918288961995,0.7978433081324187,3.0253619082360252,0.0,0.92668912545396
05,pscore_mode,estimated,1033,dm,q_shrink09,nan,0.6947514559092304,0.7153918288961995,0.7978433081324187,3.0253619082360252,0.0,nan
05,pscore_mode,estimated,1033,ips,q_shrink09,nan,0.733479993804708,0.7153918288961995,0.7978433081324187,3.0253619082360252,0.0,0.7978433081324187
05,pscore_mode,estimated,1033,snips,q_shrink09,nan,0.719131421697065,0.7153918288961995,0.7978433081324187,3.0253619082360252,0.0,0.7978433081324187
05,pscore_mode,estimated,1033,clipped_ips,q_shrink09,1.6146142055646635,0.7011333810542594,0.7153918288961995,0.7978433081324187,3.0253619082360252,0.0,0.8273390636448404
05,pscore_mode,estimated,1033,dr,q_shrink09,nan,0.714912791284517,0.7153918288961995,0.7978433081324187,3.0253619082360252,0.0,0.7978433081324187
05,pscore_mode,estimated,1033,switch_dr,q_shrink09,1.762926701541666,0.7065996974646169,0.7153918288961995,0.7978433081324187,3.0253619082360252,0.0,0.7586305502671529
05,pscore_mode,estimated,1033,dros,q_shrink09,2.6069790328112097,0.7035737438392387,0.7153918288961995,0.7978433081324187,3.0253619082360252,0.0,0.92668912545396
05,pscore_mode,noised_0.1,1033,dm,q_oracle,nan,0.7163905065658115,0.7153918288961995,0.8107387532730194,3.04067788480299,0.0,nan
05,pscore_mode,noised_0.1,1033,ips,q_oracle,nan,0.7177665011447986,0.7153918288961995,0.8107387532730194,3.04067788480299,0.0,0.8107387532730194
05,pscore_mode,noised_0.1,1033,snips,q_oracle,nan,0.7147559359395752,0.7153918288961995,0.8107387532730194,3.04067788480299,0.0,0.8107387532730194
05,pscore_mode,noised_0.1,1033,clipped_ips,q_oracle,1.6146142055646635,0.6919710883442837,0.7153918288961995,0.8107387532730194,3.04067788480299,0.0,0.8358041022349191
05,pscore_mode,noised_0.1,1033,dr,q_oracle,nan,0.7144365911976682,0.7153918288961995,0.8107387532730194,3.04067788480299,0.0,0.8107387532730194
05,pscore_mode,noised_0.1,1033,switch_dr,q_oracle,1.762926701541666,0.7124089942031663,0.7153918288961995,0.8107387532730194,3.04067788480299,0.0,0.7804462161395397
05,pscore_mode,noised_0.1,1033,dros,q_oracle,2.6069790328112097,0.7147798256991025,0.7153918288961995,0.8107387532730194,3.04067788480299,0.0,0.9330803165844039
05,pscore_mode,noised_0.1,1033,dm,q_shrink09,nan,0.6947514559092304,0.7153918288961995,0.8107387532730194,3.04067788480299,0.0,nan
05,pscore_mode,noised_0.1,1033,ips,q_shrink09,nan,0.7177665011447986,0.7153918288961995,0.8107387532730194,3.04067788480299,0.0,0.8107387532730194
05,pscore_mode,noised_0.1,1033,snips,q_shrink09,nan,0.7147559359395752,0.7153918288961995,0.8107387532730194,3.04067788480299,0.0,0.8107387532730194
05,pscore_mode,noised_0.1,1033,clipped_ips,q_shrink09,1.6146142055646635,0.6919710883442837,0.7153918288961995,0.8107387532730194,3.04067788480299,0.0,0.8358041022349191
05,pscore_mode,noised_0.1,1033,dr,q_shrink09,nan,0.714558981268776,0.7153918288961995,0.8107387532730194,3.04067788480299,0.0,0.8107387532730194
05,pscore_mode,noised_0.1,1033,switch_dr,q_shrink09,1.762926701541666,0.7072877006896827,0.7153918288961995,0.8107387532730194,3.04067788480299,0.0,0.7804462161395397
05,pscore_mode,noised_0.1,1033,dros,q_shrink09,2.6069790328112097,0.7037592065976659,0.7153918288961995,0.8107387532730194,3.04067788480299,0.0,0.9330803165844039
05,pscore_mode,noised_0.25,1033,dm,q_oracle,nan,0.7163905065658115,0.7153918288961995,0.7686404750866392,4.326198631446509,0.0,nan
05,pscore_mode,noised_0.25,1033,ips,q_oracle,nan,0.7385966284733899,0.7153918288961995,0.7686404750866392,4.326198631446509,0.0,0.7686404750866392
05,pscore_mode,noised_0.25,1033,snips,q_oracle,nan,0.7149321341278557,0.7153918288961995,0.7686404750866392,4.326198631446509,0.0,0.7686404750866392
05,pscore_mode,noised_0.25,1033,clipped_ips,q_oracle,1.6146142055646635,0.6846595099054582,0.7153918288961995,0.7686404750866392,4.326198631446509,0.0,0.8245482082433504
05,pscore_mode,noised_0.25,1033,dr,q_oracle,nan,0.7141697372781308,0.7153918288961995,0.7686404750866392,4.326198631446509,0.0,0.7686404750866392
05,pscore_mode,noised_0.25,1033,switch_dr,q_oracle,1.762926701541666,0.7149254059919291,0.7153918288961995,0.7686404750866392,4.326198631446509,0.0,0.734581010779056
05,pscore_mode,noised_0.25,1033,dros,q_oracle,2.6069790328112097,0.7150140708702478,0.7153918288961995,0.7686404750866392,4.326198631446509,0.0,0.9289983342655327
05,pscore_mode,noised_0.25,1033,dm,q_shrink09,nan,0.6947514559092304,0.7153918288961995,0.7686404750866392,4.326198631446509,0.0,nan
05,pscore_mode,noised_0.25,1033,ips,q_shrink09,nan,0.7385966284733899,0.7153918288961995,0.7686404750866392,4.326198631446509,0.0,0.7686404750866392
05,pscore_mode,noised_0.25,1033,snips,q_shrink09,nan,0.7149321341278557,0.7153918288961995,0.7686404750866392,4.326198631446509,0.0,0.7686404750866392
05,pscore_mode,noised_0.25,1033,clipped_ips,q_shrink09,1.6146142055646635,0.6846595099054582,0.7153918288961995,0.7686404750866392,4.326198631446509,0.0,0.8245482082433504
05,pscore_mode,noised_0.25,1033,dr,q_shrink09,nan,0.7149574095634783,0.7153918288961995,0.7686404750866392,4.326198631446509,0.0,0.7686404750866392
05,pscore_mode,noised_0.25,1033,switch_dr,q_shrink09,1.762926701541666,0.706966815219367,0.7153918288961995,0.7686404750866392,4.326198631446509,0.0,0.734581010779056
05,pscore_mode,noised_0.25,1033,dros,q_shrink09,2.6069790328112097,0.7036635482945597,0.7153918288961995,0.7686404750866392,4.326198631446509,0.0,0.9289983342655327
05,pscore_mode,noised_0.5,1033,dm,q_oracle,nan,0.7163905065658115,0.7153918288961995,0.640679154508579,8.542374313287352,0.0,nan
05,pscore_mode,noised_0.5,1033,ips,q_oracle,nan,0.8137541953884619,0.7153918288961995,0.640679154508579,8.542374313287352,0.0,0.640679154508579
05,pscore_mode,noised_0.5,1033,snips,q_oracle,nan,0.7152362218023508,0.7153918288961995,0.640679154508579,8.542374313287352,0.0,0.640679154508579
05,pscore_mode,noised_0.5,1033,clipped_ips,q_oracle,1.6146142055646635,0.6662486095840289,0.7153918288961995,0.640679154508579,8.542374313287352,0.0,0.7965256617997069
05,pscore_mode,noised_0.5,1033,dr,q_oracle,nan,0.713983534310019,0.7153918288961995,0.640679154508579,8.542374313287352,0.0,0.640679154508579
05,pscore_mode,noised_0.5,1033,switch_dr,q_oracle,1.762926701541666,0.7156510303478917,0.7153918288961995,0.640679154508579,8.542374313287352,0.0,0.6508181792070314
05,pscore_mode,noised_0.5,1033,dros,q_oracle,2.6069790328112097,0.7153938046876794,0.7153918288961995,0.640679154508579,8.542374313287352,0.0,0.9126862128413943
05,pscore_mode,noised_0.5,1033,dm,q_shrink09,nan,0.6947514559092304,0.7153918288961995,0.640679154508579,8.542374313287352,0.0,nan
05,pscore_mode,noised_0.5,1033,ips,q_shrink09,nan,0.8137541953884619,0.7153918288961995,0.640679154508579,8.542374313287352,0.0,0.640679154508579
05,pscore_mode,noised_0.5,1033,snips,q_shrink09,nan,0.7152362218023508,0.7153918288961995,0.640679154508579,8.542374313287352,0.0,0.640679154508579
05,pscore_mode,noised_0.5,1033,clipped_ips,q_shrink09,1.6146142055646635,0.6662486095840289,0.7153918288961995,0.640679154508579,8.542374313287352,0.0,0.7965256617997069
05,pscore_mode,noised_0.5,1033,dr,q_shrink09,nan,0.7170735069945289,0.7153918288961995,0.640679154508579,8.542374313287352,0.0,0.640679154508579
05,pscore_mode,noised_0.5,1033,switch_dr,q_shrink09,1.762926701541666,0.7034895725995634,0.7153918288961995,0.640679154508579,8.542374313287352,0.0,0.6508181792070314
05,pscore_mode,noised_0.5,1033,dros,q_shrink09,2.6069790328112097,0.7030757964978691,0.7153918288961995,0.640679154508579,8.542374313287352,0.0,0.9126862128413943
05,pscore_mode,noised_1.0,1033,dm,q_oracle,nan,0.7163905065658115,0.7153918288961995,0.32482839577500905,36.35144200233977,0.0,nan
05,pscore_mode,noised_1.0,1033,ips,q_oracle,nan,1.1864973980213596,0.7153918288961995,0.32482839577500905,36.35144200233977,0.0,0.32482839577500905
05,pscore_mode,noised_1.0,1033,snips,q_oracle,nan,0.7163888415448663,0.7153918288961995,0.32482839577500905,36.35144200233977,0.0,0.32482839577500905
05,pscore_mode,noised_1.0,1033,clipped_ips,q_oracle,1.6146142055646635,0.6306637177399145,0.7153918288961995,0.32482839577500905,36.35144200233977,0.0,0.7386351898403044
05,pscore_mode,noised_1.0,1033,dr,q_oracle,nan,0.7183319555496601,0.7153918288961995,0.32482839577500905,36.35144200233977,0.0,0.32482839577500905
05,pscore_mode,noised_1.0,1033,switch_dr,q_oracle,1.762926701541666,0.7169014291222982,0.7153918288961995,0.32482839577500905,36.35144200233977,0.0,0.5063427630908092
05,pscore_mode,noised_1.0,1033,dros,q_oracle,2.6069790328112097,0.7159689705681009,0.7153918288961995,0.32482839577500905,36.35144200233977,0.0,0.8483158135070303
05,pscore_mode,noised_1.0,1033,dm,q_shrink09,nan,0.6947514559092304,0.7153918288961995,0.32482839577500905,36.35144200233977,0.0,nan
05,pscore_mode,noised_1.0,1033,ips,q_shrink09,nan,1.1864973980213596,0.7153918288961995,0.32482839577500905,36.35144200233977,0.0,0.32482839577500905
05,pscore_mode,noised_1.0,1033,snips,q_shrink09,nan,0.7163888415448663,0.7153918288961995,0.32482839577500905,36.35144200233977,0.0,0.32482839577500905
05,pscore_mode,noised_1.0,1033,clipped_ips,q_shrink09,1.6146142055646635,0.6306637177399145,0.7153918288961995,0.32482839577500905,36.35144200233977,0.0,0.7386351898403044
05,pscore_mode,noised_1.0,1033,dr,q_shrink09,nan,0.7323375088088407,0.7153918288961995,0.32482839577500905,36.35144200233977,0.0,0.32482839577500905
05,pscore_mode,noised_1.0,1033,switch_dr,q_shrink09,1.762926701541666,0.700322333902358,0.7153918288961995,0.32482839577500905,36.35144200233977,0.0,0.5063427630908092
05,pscore_mode,noised_1.0,1033,dros,q_shrink09,2.6069790328112097,0.7014503585634964,0.7153918288961995,0.32482839577500905,36.35144200233977,0.0,0.8483158135070303
05,pscore_mode,true,1034,dm,q_oracle,nan,0.7157371907924192,0.7153918288961995,0.8207187436688171,2.6806060778286995,0.0,nan
05,pscore_mode,true,1034,ips,q_oracle,nan,0.720068355088758,0.7153918288961995,0.8207187436688171,2.6806060778286995,0.0,0.8207187436688171
05,pscore_mode,true,1034,snips,q_oracle,nan,0.7199686315386443,0.7153918288961995,0.8207187436688171,2.6806060778286995,0.0,0.8207187436688171
05,pscore_mode,true,1034,clipped_ips,q_oracle,1.6099355521926355,0.7007029807634053,0.7153918288961995,0.8207187436688171,2.6806060778286995,0.0,0.8384588907239177
05,pscore_mode,true,1034,dr,q_oracle,nan,0.7191102958593116,0.7153918288961995,0.8207187436688171,2.6806060778286995,0.0,0.8207187436688171
05,pscore_mode,true,1034,switch_dr,q_oracle,1.7679136707658645,0.7165474779259919,0.7153918288961995,0.8207187436688171,2.6806060778286995,0.0,0.7936106019510892
05,pscore_mode,true,1034,dros,q_oracle,2.5918924822138063,0.7179249185646633,0.7153918288961995,0.8207187436688171,2.6806060778286995,0.0,0.9341086738152354
05,pscore_mode,true,1034,dm,q_shrink09,nan,0.6941634717131773,0.7153918288961995,0.8207187436688171,2.6806060778286995,0.0,nan
05,pscore_mode,true,1034,ips,q_shrink09,nan,0.720068355088758,0.7153918288961995,0.8207187436688171,2.6806060778286995,0.0,0.8207187436688171
05,pscore_mode,true,1034,snips,q_shrink09,nan,0.7199686315386443,0.7153918288961995,0.8207187436688171,2.6806060778286995,0.0,0.8207187436688171
05,pscore_mode,true,1034,clipped_ips,q_shrink09,1.6099355521926355,0.7007029807634053,0.7153918288961995,0.8207187436688171,2.6806060778286995,0.0,0.8384588907239177
05,pscore_mode,true,1034,dr,q_shrink09,nan,0.7191991762339931,0.7153918288961995,0.8207187436688171,2.6806060778286995,0.0,0.8207187436688171
05,pscore_mode,true,1034,switch_dr,q_shrink09,1.7679136707658645,0.7125353754171022,0.7153918288961995,0.8207187436688171,2.6806060778286995,0.0,0.7936106019510892
05,pscore_mode,true,1034,dros,q_shrink09,2.5918924822138063,0.7070468701633865,0.7153918288961995,0.8207187436688171,2.6806060778286995,0.0,0.9341086738152354
05,pscore_mode,estimated,1034,dm,q_oracle,nan,0.7157371907924192,0.7153918288961995,0.8055814510248782,3.0587143188506287,0.0,nan
05,pscore_mode,estimated,1034,ips,q_oracle,nan,0.7354820643677209,0.7153918288961995,0.8055814510248782,3.0587143188506287,0.0,0.8055814510248782
05,pscore_mode,estimated,1034,snips,q_oracle,nan,0.7232456864042465,0.7153918288961995,0.8055814510248782,3.0587143188506287,0.0,0.8055814510248782
05,pscore_mode,estimated,1034,clipped_ips,q_oracle,1.6099355521926355,0.7088547243762079,0.7153918288961995,0.8055814510248782,3.0587143188506287,0.0,0.8299278626670886
05,pscore_mode,estimated,1034,dr,q_oracle,nan,0.7192686229461887,0.7153918288961995,0.8055814510248782,3.0587143188506287,0.0,0.8055814510248782
05,pscore_mode,estimated,1034,switch_dr,q_oracle,1.7679136707658645,0.7182753862024146,0.7153918288961995,0.8055814510248782,3.0587143188506287,0.0,0.7700092483310375
05,pscore_mode,estimated,1034,dros,q_oracle,2.5918924822138063,0.7181210001755435,0.7153918288961995,0.8055814510248782,3.0587143188506287,0.0,0.9277311188831516
05,pscore_mode,estimated,1034,dm,q_shrink09,nan,0.6941634717131773,0.7153918288961995,0.8055814510248782,3.0587143188506287,0.0,nan
05,pscore_mode,estimated,1034,ips,q_shrink09,nan,0.7354820643677209,0.7153918288961995,0.8055814510248782,3.0587143188506287,0.0,0.8055814510248782
05,pscore_mode,estimated,1034,snips,q_shrink09,nan,0.7232456864042465,0.7153918288961995,0.8055814510248782,3.0587143188506287,0.0,0.8055814510248782
05,pscore_mode,estimated,1034,clipped_ips,q_shrink09,1.6099355521926355,0.7088547243762079,0.7153918288961995,0.8055814510248782,3.0587143188506287,0.0,0.8299278626670886
05,pscore_mode,estimated,1034,dr,q_shrink09,nan,0.7200440320075321,0.7153918288961995,0.8055814510248782,3.0587143188506287,0.0,0.8055814510248782
05,pscore_mode,estimated,1034,switch_dr,q_shrink09,1.7679136707658645,0.713949863992208,0.7153918288961995,0.8055814510248782,3.0587143188506287,0.0,0.7700092483310375
05,pscore_mode,estimated,1034,dros,q_shrink09,2.5918924822138063,0.7073864358415689,0.7153918288961995,0.8055814510248782,3.0587143188506287,0.0,0.9277311188831516
05,pscore_mode,noised_0.1,1034,dm,q_oracle,nan,0.7157371907924192,0.7153918288961995,0.8117029530784808,3.089749713603315,0.0,nan
05,pscore_mode,noised_0.1,1034,ips,q_oracle,nan,0.7226850832558523,0.7153918288961995,0.8117029530784808,3.089749713603315,0.0,0.8117029530784808
05,pscore_mode,noised_0.1,1034,snips,q_oracle,nan,0.7199510739103261,0.7153918288961995,0.8117029530784808,3.089749713603315,0.0,0.8117029530784808
05,pscore_mode,noised_0.1,1034,clipped_ips,q_oracle,1.6099355521926355,0.6974652738565017,0.7153918288961995,0.8117029530784808,3.089749713603315,0.0,0.8358872553519788
05,pscore_mode,noised_0.1,1034,dr,q_oracle,nan,0.7192428074268775,0.7153918288961995,0.8117029530784808,3.089749713603315,0.0,0.8117029530784808
05,pscore_mode,noised_0.1,1034,switch_dr,q_oracle,1.7679136707658645,0.7193613841644364,0.7153918288961995,0.8117029530784808,3.089749713603315,0.0,0.7820690580694314
05,pscore_mode,noised_0.1,1034,dros,q_oracle,2.5918924822138063,0.7179498295276883,0.7153918288961995,0.8117029530784808,3.089749713603315,0.0,0.9335590045701523
05,pscore_mode,noised_0.1,1034,dm,q_shrink09,nan,0.6941634717131773,0.7153918288961995,0.8117029530784808,3.089749713603315,0.0,nan
05,pscore_mode,noised_0.1,1034,ips,q_shrink09,nan,0.7226850832558523,0.7153918288961995,0.8117029530784808,3.089749713603315,0.0,0.8117029530784808
05,pscore_mode,noised_0.1,1034,snips,q_shrink09,nan,0.7199510739103261,0.7153918288961995,0.8117029530784808,3.089749713603315,0.0,0.8117029530784808
05,pscore_mode,noised_0.1,1034,clipped_ips,q_shrink09,1.6099355521926355,0.6974652738565017,0.7153918288961995,0.8117029530784808,3.089749713603315,0.0,0.8358872553519788
05,pscore_mode,noised_0.1,1034,dr,q_shrink09,nan,0.7193971603471345,0.7153918288961995,0.8117029530784808,3.089749713603315,0.0,0.8117029530784808
05,pscore_mode,noised_0.1,1034,switch_dr,q_shrink09,1.7679136707658645,0.7145507902468232,0.7153918288961995,0.8117029530784808,3.089749713603315,0.0,0.7820690580694314
05,pscore_mode,noised_0.1,1034,dros,q_shrink09,2.5918924822138063,0.7069858953929488,0.7153918288961995,0.8117029530784808,3.089749713603315,0.0,0.9335590045701523
05,pscore_mode,noised_0.25,1034,dm,q_oracle,nan,0.7157371907924192,0.7153918288961995,0.7686993710679114,3.888573567529809,0.0,nan
05,pscore_mode,noised_0.25,1034,ips,q_oracle,nan,0.7404607476842304,0.7153918288961995,0.7686993710679114,3.888573567529809,0.0,0.7686993710679114
05,pscore_mode,noised_0.25,1034,snips,q_oracle,nan,0.7200333117830987,0.7153918288961995,0.7686993710679114,3.888573567529809,0.0,0.7686993710679114
05,pscore_mode,noised_0.25,1034,clipped_ips,q_oracle,1.6099355521926355,0.6862032332131092,0.7153918288961995,0.7686993710679114,3.888573567529809,0.0,0.8259377211384368
05,pscore_mode,noised_0.25,1034,dr,q_oracle,nan,0.7195910547011866,0.7153918288961995,0.7686993710679114,3.888573567529809,0.0,0.7686993710679114
05,pscore_mode,noised_0.25,1034,switch_dr,q_oracle,1.7679136707658645,0.7190834485553633,0.7153918288961995,0.7686993710679114,3.888573567529809,0.0,0.7377330068028866
05,pscore_mode,noised_0.25,1034,dros,q_oracle,2.5918924822138063,0.7179674901954127,0.7153918288961995,0.7686993710679114,3.888573567529809,0.0,0.9297762027781659
05,pscore_mode,noised_0.25,1034,dm,q_shrink09,nan,0.6941634717131773,0.7153918288961995,0.7686993710679114,3.888573567529809,0.0,nan
05,pscore_mode,noised_0.25,1034,ips,q_shrink09,nan,0.7404607476842304,0.7153918288961995,0.7686993710679114,3.888573567529809,0.0,0.7686993710679114
05,pscore_mode,noised_0.25,1034,snips,q_shrink09,nan,0.7200333117830987,0.7153918288961995,0.7686993710679114,3.888573567529809,0.0,0.7686993710679114
05,pscore_mode,noised_0.25,1034,clipped_ips,q_shrink09,1.6099355521926355,0.6862032332131092,0.7153918288961995,0.7686993710679114,3.888573567529809,0.0,0.8259377211384368
05,pscore_mode,noised_0.25,1034,dr,q_shrink09,nan,0.7202595176910436,0.7153918288961995,0.7686993710679114,3.888573567529809,0.0,0.7686993710679114
05,pscore_mode,noised_0.25,1034,switch_dr,q_shrink09,1.7679136707658645,0.7111474195865479,0.7153918288961995,0.7686993710679114,3.888573567529809,0.0,0.7377330068028866
05,pscore_mode,noised_0.25,1034,dros,q_shrink09,2.5918924822138063,0.7066401440236995,0.7153918288961995,0.7686993710679114,3.888573567529809,0.0,0.9297762027781659
05,pscore_mode,noised_0.5,1034,dm,q_oracle,nan,0.7157371907924192,0.7153918288961995,0.6334418829145777,9.07698957757405,0.0,nan
05,pscore_mode,noised_0.5,1034,ips,q_oracle,nan,0.8111684168130192,0.7153918288961995,0.6334418829145777,9.07698957757405,0.0,0.6334418829145777
05,pscore_mode,noised_0.5,1034,snips,q_oracle,nan,0.7205107962928562,0.7153918288961995,0.6334418829145777,9.07698957757405,0.0,0.6334418829145777
05,pscore_mode,noised_0.5,1034,clipped_ips,q_oracle,1.6099355521926355,0.6649953143503288,0.7153918288961995,0.6334418829145777,9.07698957757405,0.0,0.797802589200176
05,pscore_mode,noised_0.5,1034,dr,q_oracle,nan,0.7206860173975874,0.7153918288961995,0.6334418829145777,9.07698957757405,0.0,0.6334418829145777
05,pscore_mode,noised_0.5,1034,switch_dr,q_oracle,1.7679136707658645,0.7211669554741893,0.7153918288961995,0.6334418829145777,9.07698957757405,0.0,0.6606294716635155
05,pscore_mode,noised_0.5,1034,dros,q_oracle,2.5918924822138063,0.7179948271634609,0.7153918288961995,0.6334418829145777,9.07698957757405,0.0,0.912924498147532
05,pscore_mode,noised_0.5,1034,dm,q_shrink09,nan,0.6941634717131773,0.7153918288961995,0.6334418829145777,9.07698957757405,0.0,nan
05,pscore_mode,noised_0.5,1034,ips,q_shrink09,nan,0.8111684168130192,0.7153918288961995,0.6334418829145777,9.07698957757405,0.0,0.6334418829145777
05,pscore_mode,noised_0.5,1034,snips,q_shrink09,nan,0.7205107962928562,0.7153918288961995,0.6334418829145777,9.07698957757405,0.0,0.6334418829145777
05,pscore_mode,noised_0.5,1034,clipped_ips,q_shrink09,1.6099355521926355,0.6649953143503288,0.7153918288961995,0.6334418829145777,9.07698957757405,0.0,0.797802589200176
05,pscore_mode,noised_0.5,1034,dr,q_shrink09,nan,0.7234430524753998,0.7153918288961995,0.6334418829145777,9.07698957757405,0.0,0.6334418829145777
05,pscore_mode,noised_0.5,1034,switch_dr,q_shrink09,1.7679136707658645,0.7092188444684775,0.7153918288961995,0.6334418829145777,9.07698957757405,0.0,0.6606294716635155
05,pscore_mode,noised_0.5,1034,dros,q_shrink09,2.5918924822138063,0.705656109187029,0.7153918288961995,0.6334418829145777,9.07698957757405,0.0,0.912924498147532
05,pscore_mode,noised_1.0,1034,dm,q_oracle,nan,0.7157371907924192,0.7153918288961995,0.29239282963661656,52.97258763099324,0.0,nan
05,pscore_mode,noised_1.0,1034,ips,q_oracle,nan,1.1820734878570245,0.7153918288961995,0.29239282963661656,52.97258763099324,0.0,0.29239282963661656
05,pscore_mode,noised_1.0,1034,snips,q_oracle,nan,0.7233571620948545,0.7153918288961995,0.29239282963661656,52.97258763099324,0.0,0.29239282963661656
05,pscore_mode,noised_1.0,1034,clipped_ips,q_oracle,1.6099355521926355,0.6261018941224553,0.7153918288961995,0.29239282963661656,52.97258763099324,0.0,0.7366837116642538
05,pscore_mode,noised_1.0,1034,dr,q_oracle,nan,0.727312662581853,0.7153918288961995,0.29239282963661656,52.97258763099324,0.0,0.29239282963661656
05,pscore_mode,noised_1.0,1034,switch_dr,q_oracle,1.7679136707658645,0.7194239452140067,0.7153918288961995,0.29239282963661656,52.97258763099324,0.0,0.5136046899242118
05,pscore_mode,noised_1.0,1034,dros,q_oracle,2.5918924822138063,0.7179865797147084,0.7153918288961995,0.29239282963661656,52.97258763099324,0.0,0.8476394926597959
05,pscore_mode,noised_1.0,1034,dm,q_shrink09,nan,0.6941634717131773,0.7153918288961995,0.29239282963661656,52.97258763099324,0.0,nan
05,pscore_mode,noised_1.0,1034,ips,q_shrink09,nan,1.1820734878570245,0.7153918288961995,0.29239282963661656,52.97258763099324,0.0,0.29239282963661656
05,pscore_mode,noised_1.0,1034,snips,q_shrink09,nan,0.7233571620948545,0.7153918288961995,0.29239282963661656,52.97258763099324,0.0,0.29239282963661656
05,pscore_mode,noised_1.0,1034,clipped_ips,q_shrink09,1.6099355521926355,0.6261018941224553,0.7153918288961995,0.29239282963661656,52.97258763099324,0.0,0.7366837116642538
05,pscore_mode,noised_1.0,1034,dr,q_shrink09,nan,0.7410812878669671,0.7153918288961995,0.29239282963661656,52.97258763099324,0.0,0.29239282963661656
05,pscore_mode,noised_1.0,1034,switch_dr,q_shrink09,1.7679136707658645,0.7033178040201179,0.7153918288961995,0.29239282963661656,52.97258763099324,0.0,0.5136046899242118
05,pscore_mode,noised_1.0,1034,dros,q_shrink09,2.5918924822138063,0.703462868130696,0.7153918288961995,0.29239282963661656,52.97258763099324,0.0,0.8476394926597959
05,pscore_mode,true,1035,dm,q_oracle,nan,0.7151976063468568,0.7153918288961995,0.824883566690984,2.6500145265564803,0.0,nan
05,pscore_mode,true,1035,ips,q_oracle,nan,0.7145741157720765,0.7153918288961995,0.824883566690984,2.6500145265564803,0.0,0.824883566690984
05,pscore_mode,true,1035,snips,q_oracle,nan,0.7125432442656922,0.7153918288961995,0.824883566690984,2.6500145265564803,0.0,0.824883566690984
05,pscore_mode,true,1035,clipped_ips,q_oracle,1.612023443553213,0.6958310063771739,0.7153918288961995,0.824883566690984,2.6500145265564803,0.0,0.8418416362445158
05,pscore_mode,true,1035,dr,q_oracle,nan,0.7118270009284969,0.7153918288961995,0.824883566690984,2.6500145265564803,0.0,0.824883566690984
05,pscore_mode,true,1035,switch_dr,q_oracle,1.7661719952342945,0.7089627376113473,0.7153918288961995,0.824883566690984,2.6500145265564803,0.0,0.7970138255503344
05,pscore_mode,true,1035,dros,q_oracle,2.598619582565159,0.7126393249449097,0.7153918288961995,0.824883566690984,2.6500145265564803,0.0,0.9358459274696092
05,pscore_mode,true,1035,dm,q_shrink09,nan,0.6936778457121711,0.7153918288961995,0.824883566690984,2.6500145265564803,0.0,nan
05,pscore_mode,true,1035,ips,q_shrink09,nan,0.7145741157720765,0.7153918288961995,0.824883566690984,2.6500145265564803,0.0,0.824883566690984
05,pscore_mode,true,1035,snips,q_shrink09,nan,0.7125432442656922,0.7153918288961995,0.824883566690984,2.6500145265564803,0.0,0.824883566690984
05,pscore_mode,true,1035,clipped_ips,q_shrink09,1.612023443553213,0.6958310063771739,0.7153918288961995,0.824883566690984,2.6500145265564803,0.0,0.8418416362445158
05,pscore_mode,true,1035,dr,q_shrink09,nan,0.7119592037635393,0.7153918288961995,0.824883566690984,2.6500145265564803,0.0,0.824883566690984
05,pscore_mode,true,1035,switch_dr,q_shrink09,1.7661719952342945,0.705147165951362,0.7153918288961995,0.824883566690984,2.6500145265564803,0.0,0.7970138255503344
05,pscore_mode,true,1035,dros,q_shrink09,2.598619582565159,0.7019153685086532,0.7153918288961995,0.824883566690984,2.6500145265564803,0.0,0.9358459274696092
05,pscore_mode,estimated,1035,dm,q_oracle,nan,0.7151976063468568,0.7153918288961995,0.8072044299332666,3.1818580408242876,0.0,nan
05,pscore_mode,estimated,1035,ips,q_oracle,nan,0.7309052158161385,0.7153918288961995,0.8072044299332666,3.1818580408242876,0.0,0.8072044299332666
05,pscore_mode,estimated,1035,snips,q_oracle,nan,0.7156942904757527,0.7153918288961995,0.8072044299332666,3.1818580408242876,0.0,0.8072044299332666
05,pscore_mode,estimated,1035,clipped_ips,q_oracle,1.612023443553213,0.7026812584234468,0.7153918288961995,0.8072044299332666,3.1818580408242876,0.0,0.8334566629112714
05,pscore_mode,estimated,1035,dr,q_oracle,nan,0.7118335152156848,0.7153918288961995,0.8072044299332666,3.1818580408242876,0.0,0.8072044299332666
05,pscore_mode,estimated,1035,switch_dr,q_oracle,1.7661719952342945,0.7113628573620385,0.7153918288961995,0.8072044299332666,3.1818580408242876,0.0,0.771398920220966
05,pscore_mode,estimated,1035,dros,q_oracle,2.598619582565159,0.7127219899312481,0.7153918288961995,0.8072044299332666,3.1818580408242876,0.0,0.929983462101889
05,pscore_mode,estimated,1035,dm,q_shrink09,nan,0.6936778457121711,0.7153918288961995,0.8072044299332666,3.1818580408242876,0.0,nan
05,pscore_mode,estimated,1035,ips,q_shrink09,nan,0.7309052158161385,0.7153918288961995,0.8072044299332666,3.1818580408242876,0.0,0.8072044299332666
05,pscore_mode,estimated,1035,snips,q_shrink09,nan,0.7156942904757527,0.7153918288961995,0.8072044299332666,3.1818580408242876,0.0,0.8072044299332666
05,pscore_mode,estimated,1035,clipped_ips,q_shrink09,1.612023443553213,0.7026812584234468,0.7153918288961995,0.8072044299332666,3.1818580408242876,0.0,0.8334566629112714
05,pscore_mode,estimated,1035,dr,q_shrink09,nan,0.7126780160926159,0.7153918288961995,0.8072044299332666,3.1818580408242876,0.0,0.8072044299332666
05,pscore_mode,estimated,1035,switch_dr,q_shrink09,1.7661719952342945,0.7069209155119476,0.7153918288961995,0.8072044299332666,3.1818580408242876,0.0,0.771398920220966
05,pscore_mode,estimated,1035,dros,q_shrink09,2.598619582565159,0.7021140000667325,0.7153918288961995,0.8072044299332666,3.1818580408242876,0.0,0.929983462101889
05,pscore_mode,noised_0.1,1035,dm,q_oracle,nan,0.7151976063468568,0.7153918288961995,0.8168150051309169,2.9844262503496344,0.0,nan
05,pscore_mode,noised_0.1,1035,ips,q_oracle,nan,0.718696089816299,0.7153918288961995,0.8168150051309169,2.9844262503496344,0.0,0.8168150051309169
05,pscore_mode,noised_0.1,1035,snips,q_oracle,nan,0.7126343244454393,0.7153918288961995,0.8168150051309169,2.9844262503496344,0.0,0.8168150051309169
05,pscore_mode,noised_0.1,1035,clipped_ips,q_oracle,1.612023443553213,0.6945656342664931,0.7153918288961995,0.8168150051309169,2.9844262503496344,0.0,0.8392887131116775
05,pscore_mode,noised_0.1,1035,dr,q_oracle,nan,0.7118982847336477,0.7153918288961995,0.8168150051309169,2.9844262503496344,0.0,0.8168150051309169
05,pscore_mode,noised_0.1,1035,switch_dr,q_oracle,1.7661719952342945,0.7115892828832836,0.7153918288961995,0.8168150051309169,2.9844262503496344,0.0,0.7847140310866882
05,pscore_mode,noised_0.1,1035,dros,q_oracle,2.598619582565159,0.7126043344632285,0.7153918288961995,0.8168150051309169,2.9844262503496344,0.0,0.9350517371741329
05,pscore_mode,noised_0.1,1035,dm,q_shrink09,nan,0.6936778457121711,0.7153918288961995,0.8168150051309169,2.9844262503496344,0.0,nan
05,pscore_mode,noised_0.1,1035,ips,q_shrink09,nan,0.718696089816299,0.7153918288961995,0.8168150051309169,2.9844262503496344,0.0,0.8168150051309169
05,pscore_mode,noised_0.1,1035,snips,q_shrink09,nan,0.7126343244454393,0.7153918288961995,0.8168150051309169,2.9844262503496344,0.0,0.8168150051309169
05,pscore_mode,noised_0.1,1035,clipped_ips,q_shrink09,1.612023443553213,0.6945656342664931,0.7153918288961995,0.8168150051309169,2.9844262503496344,0.0,0.8392887131116775
05,pscore_mode,noised_0.1,1035,dr,q_shrink09,nan,0.7121527583795484,0.7153918288961995,0.8168150051309169,2.9844262503496344,0.0,0.8168150051309169
05,pscore_mode,noised_0.1,1035,switch_dr,q_shrink09,1.7661719952342945,0.7069441017790151,0.7153918288961995,0.8168150051309169,2.9844262503496344,0.0,0.7847140310866882
05,pscore_mode,noised_0.1,1035,dros,q_shrink09,2.598619582565159,0.7018155286255794,0.7153918288961995,0.8168150051309169,2.9844262503496344,0.0,0.9350517371741329
05,pscore_mode,noised_0.25,1035,dm,q_oracle,nan,0.7151976063468568,0.7153918288961995,0.7761304256716444,3.7863061847881676,0.0,nan
05,pscore_mode,noised_0.25,1035,ips,q_oracle,nan,0.7388354297882893,0.7153918288961995,0.7761304256716444,3.7863061847881676,0.0,0.7761304256716444
05,pscore_mode,noised_0.25,1035,snips,q_oracle,nan,0.7129570353969664,0.7153918288961995,0.7761304256716444,3.7863061847881676,0.0,0.7761304256716444
05,pscore_mode,noised_0.25,1035,clipped_ips,q_oracle,1.612023443553213,0.6866308085643442,0.7153918288961995,0.7761304256716444,3.7863061847881676,0.0,0.8279549414245639
05,pscore_mode,noised_0.25,1035,dr,q_oracle,nan,0.7122020662642713,0.7153918288961995,0.7761304256716444,3.7863061847881676,0.0,0.7761304256716444
05,pscore_mode,noised_0.25,1035,switch_dr,q_oracle,1.7661719952342945,0.7097920100028119,0.7153918288961995,0.7761304256716444,3.7863061847881676,0.0,0.7374128647550019
05,pscore_mode,noised_0.25,1035,dros,q_oracle,2.598619582565159,0.7124913295553859,0.7153918288961995,0.7761304256716444,3.7863061847881676,0.0,0.9307965461744674
05,pscore_mode,noised_0.25,1035,dm,q_shrink09,nan,0.6936778457121711,0.7153918288961995,0.7761304256716444,3.7863061847881676,0.0,nan
05,pscore_mode,noised_0.25,1035,ips,q_shrink09,nan,0.7388354297882893,0.7153918288961995,0.7761304256716444,3.7863061847881676,0.0,0.7761304256716444
05,pscore_mode,noised_0.25,1035,snips,q_shrink09,nan,0.7129570353969664,0.7153918288961995,0.7761304256716444,3.7863061847881676,0.0,0.7761304256716444
05,pscore_mode,noised_0.25,1035,clipped_ips,q_shrink09,1.612023443553213,0.6866308085643442,0.7153918288961995,0.7761304256716444,3.7863061847881676,0.0,0.8279549414245639
05,pscore_mode,noised_0.25,1035,dr,q_shrink09,nan,0.7130505390900852,0.7153918288961995,0.7761304256716444,3.7863061847881676,0.0,0.7761304256716444
05,pscore_mode,noised_0.25,1035,switch_dr,q_shrink09,1.7661719952342945,0.7020398971434888,0.7153918288961995,0.7761304256716444,3.7863061847881676,0.0,0.7374128647550019
05,pscore_mode,noised_0.25,1035,dros,q_shrink09,2.598619582565159,0.7013717703234131,0.7153918288961995,0.7761304256716444,3.7863061847881676,0.0,0.9307965461744674
05,pscore_mode,noised_0.5,1035,dm,q_oracle,nan,0.7151976063468568,0.7153918288961995,0.6489352751709082,7.96106793835432,0.0,nan
05,pscore_mode,noised_0.5,1035,ips,q_oracle,nan,0.813650107279623,0.7153918288961995,0.6489352751709082,7.96106793835432,0.0,0.6489352751709082
05,pscore_mode,noised_0.5,1035,snips,q_oracle,nan,0.714027735896816,0.7153918288961995,0.6489352751709082,7.96106793835432,0.0,0.6489352751709082
05,pscore_mode,noised_0.5,1035,clipped_ips,q_oracle,1.612023443553213,0.6670081224769003,0.7153918288961995,0.6489352751709082,7.96106793835432,0.0,0.7991556794732909
05,pscore_mode,noised_0.5,1035,dr,q_oracle,nan,0.7134165322317805,0.7153918288961995,0.6489352751709082,7.96106793835432,0.0,0.6489352751709082
05,pscore_mode,noised_0.5,1035,switch_dr,q_oracle,1.7661719952342945,0.7088399296393397,0.7153918288961995,0.6489352751709082,7.96106793835432,0.0,0.6482524444347285
05,pscore_mode,noised_0.5,1035,dros,q_oracle,2.598619582565159,0.7122971143517861,0.7153918288961995,0.6489352751709082,7.96106793835432,0.0,0.9140363326445917
05,pscore_mode,noised_0.5,1035,dm,q_shrink09,nan,0.6936778457121711,0.7153918288961995,0.6489352751709082,7.96106793835432,0.0,nan
05,pscore_mode,noised_0.5,1035,ips,q_shrink09,nan,0.813650107279623,0.7153918288961995,0.6489352751709082,7.96106793835432,0.0,0.6489352751709082
05,pscore_mode,noised_0.5,1035,snips,q_shrink09,nan,0.714027735896816,0.7153918288961995,0.6489352751709082,7.96106793835432,0.0,0.6489352751709082
05,pscore_mode,noised_0.5,1035,clipped_ips,q_shrink09,1.612023443553213,0.6670081224769003,0.7153918288961995,0.6489352751709082,7.96106793835432,0.0,0.7991556794732909
05,pscore_mode,noised_0.5,1035,dr,q_shrink09,nan,0.7164638041887336,0.7153918288961995,0.6489352751709082,7.96106793835432,0.0,0.6489352751709082
05,pscore_mode,noised_0.5,1035,switch_dr,q_shrink09,1.7661719952342945,0.6966701995264488,0.7153918288961995,0.6489352751709082,7.96106793835432,0.0,0.6482524444347285
05,pscore_mode,noised_0.5,1035,dros,q_shrink09,2.598619582565159,0.7002130125283187,0.7153918288961995,0.6489352751709082,7.96106793835432,0.0,0.9140363326445917
05,pscore_mode,noised_1.0,1035,dm,q_oracle,nan,0.7151976063468568,0.7153918288961995,0.332445379117945,40.92296875026173,0.0,nan
05,pscore_mode,noised_1.0,1035,ips,q_oracle,nan,1.190000862307199,0.7153918288961995,0.332445379117945,40.92296875026173,0.0,0.332445379117945
05,pscore_mode,noised_1.0,1035,snips,q_oracle,nan,0.718816657377529,0.7153918288961995,0.332445379117945,40.92296875026173,0.0,0.332445379117945
05,pscore_mode,noised_1.0,1035,clipped_ips,q_oracle,1.612023443553213,0.629469073228993,0.7153918288961995,0.332445379117945,40.92296875026173,0.0,0.7401209460342045
05,pscore_mode,noised_1.0,1035,dr,q_oracle,nan,0.7222412316752533,0.7153918288961995,0.332445379117945,40.92296875026173,0.0,0.332445379117945
05,pscore_mode,noised_1.0,1035,switch_dr,q_oracle,1.7661719952342945,0.7121873721653436,0.7153918288961995,0.332445379117945,40.92296875026173,0.0,0.506374109525331
05,pscore_mode,noised_1.0,1035,dros,q_oracle,2.598619582565159,0.7122352315906673,0.7153918288961995,0.332445379117945,40.92296875026173,0.0,0.8498229532796068
05,pscore_mode,noised_1.0,1035,dm,q_shrink09,nan,0.6936778457121711,0.7153918288961995,0.332445379117945,40.92296875026173,0.0,nan
05,pscore_mode,noised_1.0,1035,ips,q_shrink09,nan,1.190000862307199,0.7153918288961995,0.332445379117945,40.92296875026173,0.0,0.332445379117945
05,pscore_mode,noised_1.0,1035,snips,q_shrink09,nan,0.718816657377529,0.7153918288961995,0.332445379117945,40.92296875026173,0.0,0.332445379117945
05,pscore_mode,noised_1.0,1035,clipped_ips,q_shrink09,1.612023443553213,0.629469073228993,0.7153918288961995,0.332445379117945,40.92296875026173,0.0,0.7401209460342045
05,pscore_mode,noised_1.0,1035,dr,q_shrink09,nan,0.7362422026668464,0.7153918288961995,0.332445379117945,40.92296875026173,0.0,0.332445379117945
05,pscore_mode,noised_1.0,1035,switch_dr,q_shrink09,1.7661719952342945,0.6960479742179332,0.7153918288961995,0.332445379117945,40.92296875026173,0.0,0.506374109525331
05,pscore_mode,noised_1.0,1035,dros,q_shrink09,2.598619582565159,0.6979918788649605,0.7153918288961995,0.332445379117945,40.92296875026173,0.0,0.8498229532796068
05,pscore_mode,true,1036,dm,q_oracle,nan,0.7152158885138123,0.7153918288961995,0.8236944553987907,2.6766305721550845,0.0,nan
05,pscore_mode,true,1036,ips,q_oracle,nan,0.7117370269600858,0.7153918288961995,0.8236944553987907,2.6766305721550845,0.0,0.8236944553987907
05,pscore_mode,true,1036,snips,q_oracle,nan,0.7128638141565221,0.7153918288961995,0.8236944553987907,2.6766305721550845,0.0,0.8236944553987907
05,pscore_mode,true,1036,clipped_ips,q_oracle,1.6027869729454916,0.6925777617587972,0.7153918288961995,0.8236944553987907,2.6766305721550845,0.0,0.8429543428359628
05,pscore_mode,true,1036,dr,q_oracle,nan,0.7143385539095138,0.7153918288961995,0.8236944553987907,2.6766305721550845,0.0,0.8236944553987907
05,pscore_mode,true,1036,switch_dr,q_oracle,1.7689707310401883,0.7186535019947603,0.7153918288961995,0.8236944553987907,2.6766305721550845,0.0,0.7980203217746832
05,pscore_mode,true,1036,dros,q_oracle,2.568926080643772,0.7157947011999836,0.7153918288961995,0.8236944553987907,2.6766305721550845,0.0,0.9366644876932493
05,pscore_mode,true,1036,dm,q_shrink09,nan,0.693694299662431,0.7153918288961995,0.8236944553987907,2.6766305721550845,0.0,nan
05,pscore_mode,true,1036,ips,q_shrink09,nan,0.7117370269600858,0.7153918288961995,0.8236944553987907,2.6766305721550845,0.0,0.8236944553987907
05,pscore_mode,true,1036,snips,q_shrink09,nan,0.7128638141565221,0.7153918288961995,0.8236944553987907,2.6766305721550845,0.0,0.8236944553987907
05,pscore_mode,true,1036,clipped_ips,q_shrink09,1.6027869729454916,0.6925777617587972,0.7153918288961995,0.8236944553987907,2.6766305721550845,0.0,0.8429543428359628
05,pscore_mode,true,1036,dr,q_shrink09,nan,0.7141574336450337,0.7153918288961995,0.8236944553987907,2.6766305721550845,0.0,0.8236944553987907
05,pscore_mode,true,1036,switch_dr,q_shrink09,1.7689707310401883,0.7144554294380192,0.7153918288961995,0.8236944553987907,2.6766305721550845,0.0,0.7980203217746832
05,pscore_mode,true,1036,dros,q_shrink09,2.568926080643772,0.7048389119786742,0.7153918288961995,0.8236944553987907,2.6766305721550845,0.0,0.9366644876932493
05,pscore_mode,estimated,1036,dm,q_oracle,nan,0.7152158885138123,0.7153918288961995,0.8044858395291035,3.0122070806823675,0.0,nan
05,pscore_mode,estimated,1036,ips,q_oracle,nan,0.727578648522731,0.7153918288961995,0.8044858395291035,3.0122070806823675,0.0,0.8044858395291035
05,pscore_mode,estimated,1036,snips,q_oracle,nan,0.7161736533897199,0.7153918288961995,0.8044858395291035,3.0122070806823675,0.0,0.8044858395291035
05,pscore_mode,estimated,1036,clipped_ips,q_oracle,1.6027869729454916,0.6974485217795882,0.7153918288961995,0.8044858395291035,3.0122070806823675,0.0,0.8347480589215662
05,pscore_mode,estimated,1036,dr,q_oracle,nan,0.7139508215239474,0.7153918288961995,0.8044858395291035,3.0122070806823675,0.0,0.8044858395291035
05,pscore_mode,estimated,1036,switch_dr,q_oracle,1.7689707310401883,0.7204332154710548,0.7153918288961995,0.8044858395291035,3.0122070806823675,0.0,0.7703312333302421
05,pscore_mode,estimated,1036,dros,q_oracle,2.568926080643772,0.7156525245523475,0.7153918288961995,0.8044858395291035,3.0122070806823675,0.0,0.9312242305230995
05,pscore_mode,estimated,1036,dm,q_shrink09,nan,0.693694299662431,0.7153918288961995,0.8044858395291035,3.0122070806823675,0.0,nan
05,pscore_mode,estimated,1036,ips,q_shrink09,nan,0.727578648522731,0.7153918288961995,0.8044858395291035,3.0122070806823675,0.0,0.8044858395291035
05,pscore_mode,estimated,1036,snips,q_shrink09,nan,0.7161736533897199,0.7153918288961995,0.8044858395291035,3.0122070806823675,0.0,0.8044858395291035
05,pscore_mode,estimated,1036,clipped_ips,q_shrink09,1.6027869729454916,0.6974485217795882,0.7153918288961995,0.8044858395291035,3.0122070806823675,0.0,0.8347480589215662
05,pscore_mode,estimated,1036,dr,q_shrink09,nan,0.714517359131659,0.7153918288961995,0.8044858395291035,3.0122070806823675,0.0,0.8044858395291035
05,pscore_mode,estimated,1036,switch_dr,q_shrink09,1.7689707310401883,0.7151958898785801,0.7153918288961995,0.8044858395291035,3.0122070806823675,0.0,0.7703312333302421
05,pscore_mode,estimated,1036,dros,q_shrink09,2.568926080643772,0.7047748847522454,0.7153918288961995,0.8044858395291035,3.0122070806823675,0.0,0.9312242305230995
05,pscore_mode,noised_0.1,1036,dm,q_oracle,nan,0.7152158885138123,0.7153918288961995,0.8149044423652269,3.2042558467441937,0.0,nan
05,pscore_mode,noised_0.1,1036,ips,q_oracle,nan,0.7159859762219415,0.7153918288961995,0.8149044423652269,3.2042558467441937,0.0,0.8149044423652269
05,pscore_mode,noised_0.1,1036,snips,q_oracle,nan,0.7127306330510489,0.7153918288961995,0.8149044423652269,3.2042558467441937,0.0,0.8149044423652269
05,pscore_mode,noised_0.1,1036,clipped_ips,q_oracle,1.6027869729454916,0.6910545462958673,0.7153918288961995,0.8149044423652269,3.2042558467441937,0.0,0.8404139824133193
05,pscore_mode,noised_0.1,1036,dr,q_oracle,nan,0.7140584409803279,0.7153918288961995,0.8149044423652269,3.2042558467441937,0.0,0.8149044423652269
05,pscore_mode,noised_0.1,1036,switch_dr,q_oracle,1.7689707310401883,0.717276850937646,0.7153918288961995,0.8149044423652269,3.2042558467441937,0.0,0.7883014038546862
05,pscore_mode,noised_0.1,1036,dros,q_oracle,2.568926080643772,0.7155370151296807,0.7153918288961995,0.8149044423652269,3.2042558467441937,0.0,0.9360336794882949
05,pscore_mode,noised_0.1,1036,dm,q_shrink09,nan,0.693694299662431,0.7153918288961995,0.8149044423652269,3.2042558467441937,0.0,nan
05,pscore_mode,noised_0.1,1036,ips,q_shrink09,nan,0.7159859762219415,0.7153918288961995,0.8149044423652269,3.2042558467441937,0.0,0.8149044423652269
05,pscore_mode,noised_0.1,1036,snips,q_shrink09,nan,0.7127306330510489,0.7153918288961995,0.8149044423652269,3.2042558467441937,0.0,0.8149044423652269
05,pscore_mode,noised_0.1,1036,clipped_ips,q_shrink09,1.6027869729454916,0.6910545462958673,0.7153918288961995,0.8149044423652269,3.2042558467441937,0.0,0.8404139824133193
05,pscore_mode,noised_0.1,1036,dr,q_shrink09,nan,0.7140228232924256,0.7153918288961995,0.8149044423652269,3.2042558467441937,0.0,0.8149044423652269
05,pscore_mode,noised_0.1,1036,switch_dr,q_shrink09,1.7689707310401883,0.712502448852394,0.7153918288961995,0.8149044423652269,3.2042558467441937,0.0,0.7883014038546862
05,pscore_mode,noised_0.1,1036,dros,q_shrink09,2.568926080643772,0.7045204896394335,0.7153918288961995,0.8149044423652269,3.2042558467441937,0.0,0.9360336794882949
05,pscore_mode,noised_0.25,1036,dm,q_oracle,nan,0.7152158885138123,0.7153918288961995,0.7718706089905532,4.706691003413727,0.0,nan
05,pscore_mode,noised_0.25,1036,ips,q_oracle,nan,0.7363615128824974,0.7153918288961995,0.7718706089905532,4.706691003413727,0.0,0.7718706089905532
05,pscore_mode,noised_0.25,1036,snips,q_oracle,nan,0.7126935433090444,0.7153918288961995,0.7718706089905532,4.706691003413727,0.0,0.7718706089905532
05,pscore_mode,noised_0.25,1036,clipped_ips,q_oracle,1.6027869729454916,0.6823970400921894,0.7153918288961995,0.7718706089905532,4.706691003413727,0.0,0.8299527610191746
05,pscore_mode,noised_0.25,1036,dr,q_oracle,nan,0.7137294299317526,0.7153918288961995,0.7718706089905532,4.706691003413727,0.0,0.7718706089905532
05,pscore_mode,noised_0.25,1036,switch_dr,q_oracle,1.7689707310401883,0.7154591123907905,0.7153918288961995,0.7718706089905532,4.706691003413727,0.0,0.7414912473540994
05,pscore_mode,noised_0.25,1036,dros,q_oracle,2.568926080643772,0.7151223136956947,0.7153918288961995,0.7718706089905532,4.706691003413727,0.0,0.9321364423996532
05,pscore_mode,noised_0.25,1036,dm,q_shrink09,nan,0.693694299662431,0.7153918288961995,0.7718706089905532,4.706691003413727,0.0,nan
05,pscore_mode,noised_0.25,1036,ips,q_shrink09,nan,0.7363615128824974,0.7153918288961995,0.7718706089905532,4.706691003413727,0.0,0.7718706089905532
05,pscore_mode,noised_0.25,1036,snips,q_shrink09,nan,0.7126935433090444,0.7153918288961995,0.7718706089905532,4.706691003413727,0.0,0.7718706089905532
05,pscore_mode,noised_0.25,1036,clipped_ips,q_shrink09,1.6027869729454916,0.6823970400921894,0.7153918288961995,0.7718706089905532,4.706691003413727,0.0,0.8299527610191746
05,pscore_mode,noised_0.25,1036,dr,q_shrink09,nan,0.714332179127986,0.7153918288961995,0.7718706089905532,4.706691003413727,0.0,0.7718706089905532
05,pscore_mode,noised_0.25,1036,switch_dr,q_shrink09,1.7689707310401883,0.7075895378335404,0.7153918288961995,0.7718706089905532,4.706691003413727,0.0,0.7414912473540994
05,pscore_mode,noised_0.25,1036,dros,q_shrink09,2.568926080643772,0.7037784239549769,0.7153918288961995,0.7718706089905532,4.706691003413727,0.0,0.9321364423996532
05,pscore_mode,noised_0.5,1036,dm,q_oracle,nan,0.7152158885138123,0.7153918288961995,0.6378732618009472,9.801018710725206,0.0,nan
05,pscore_mode,noised_0.5,1036,ips,q_oracle,nan,0.8119443270350428,0.7153918288961995,0.6378732618009472,9.801018710725206,0.0,0.6378732618009472
05,pscore_mode,noised_0.5,1036,snips,q_oracle,nan,0.7131799796468752,0.7153918288961995,0.6378732618009472,9.801018710725206,0.0,0.6378732618009472
05,pscore_mode,noised_0.5,1036,clipped_ips,q_oracle,1.6027869729454916,0.6626424404167115,0.7153918288961995,0.6378732618009472,9.801018710725206,0.0,0.8018449620107944
05,pscore_mode,noised_0.5,1036,dr,q_oracle,nan,0.713494917112946,0.7153918288961995,0.6378732618009472,9.801018710725206,0.0,0.6378732618009472
05,pscore_mode,noised_0.5,1036,switch_dr,q_oracle,1.7689707310401883,0.7143070059332414,0.7153918288961995,0.6378732618009472,9.801018710725206,0.0,0.6573616421446437
05,pscore_mode,noised_0.5,1036,dros,q_oracle,2.568926080643772,0.7144199074121866,0.7153918288961995,0.6378732618009472,9.801018710725206,0.0,0.9155819683090893
05,pscore_mode,noised_0.5,1036,dm,q_shrink09,nan,0.693694299662431,0.7153918288961995,0.6378732618009472,9.801018710725206,0.0,nan
05,pscore_mode,noised_0.5,1036,ips,q_shrink09,nan,0.8119443270350428,0.7153918288961995,0.6378732618009472,9.801018710725206,0.0,0.6378732618009472
05,pscore_mode,noised_0.5,1036,snips,q_shrink09,nan,0.7131799796468752,0.7153918288961995,0.6378732618009472,9.801018710725206,0.0,0.6378732618009472
05,pscore_mode,noised_0.5,1036,clipped_ips,q_shrink09,1.6027869729454916,0.6626424404167115,0.7153918288961995,0.6378732618009472,9.801018710725206,0.0,0.8018449620107944
05,pscore_mode,noised_0.5,1036,dr,q_shrink09,nan,0.7164156348931502,0.7153918288961995,0.6378732618009472,9.801018710725206,0.0,0.6378732618009472
05,pscore_mode,noised_0.5,1036,switch_dr,q_shrink09,1.7689707310401883,0.7021804060724544,0.7153918288961995,0.6378732618009472,9.801018710725206,0.0,0.6573616421446437
05,pscore_mode,noised_0.5,1036,dros,q_shrink09,2.568926080643772,0.7021100843836405,0.7153918288961995,0.6378732618009472,9.801018710725206,0.0,0.9155819683090893
05,pscore_mode,noised_1.0,1036,dm,q_oracle,nan,0.7152158885138123,0.7153918288961995,0.3064324191973313,52.607651132815015,0.0,nan
05,pscore_mode,noised_1.0,1036,ips,q_oracle,nan,1.194204971320671,0.7153918288961995,0.3064324191973313,52.607651132815015,0.0,0.3064324191973313
05,pscore_mode,noised_1.0,1036,snips,q_oracle,nan,0.7167170352621149,0.7153918288961995,0.3064324191973313,52.607651132815015,0.0,0.3064324191973313
05,pscore_mode,noised_1.0,1036,clipped_ips,q_oracle,1.6027869729454916,0.6250690423104366,0.7153918288961995,0.3064324191973313,52.607651132815015,0.0,0.7420345534309783
05,pscore_mode,noised_1.0,1036,dr,q_oracle,nan,0.7147758899762603,0.7153918288961995,0.3064324191973313,52.607651132815015,0.0,0.3064324191973313
05,pscore_mode,noised_1.0,1036,switch_dr,q_oracle,1.7689707310401883,0.7128973306725059,0.7153918288961995,0.3064324191973313,52.607651132815015,0.0,0.5072510204895543
05,pscore_mode,noised_1.0,1036,dros,q_oracle,2.568926080643772,0.7135604446987921,0.7153918288961995,0.3064324191973313,52.607651132815015,0.0,0.8511315146004438
05,pscore_mode,noised_1.0,1036,dm,q_shrink09,nan,0.693694299662431,0.7153918288961995,0.3064324191973313,52.607651132815015,0.0,nan
05,pscore_mode,noised_1.0,1036,ips,q_shrink09,nan,1.194204971320671,0.7153918288961995,0.3064324191973313,52.607651132815015,0.0,0.3064324191973313
05,pscore_mode,noised_1.0,1036,snips,q_shrink09,nan,0.7167170352621149,0.7153918288961995,0.3064324191973313,52.607651132815015,0.0,0.3064324191973313
05,pscore_mode,noised_1.0,1036,clipped_ips,q_shrink09,1.6027869729454916,0.6250690423104366,0.7153918288961995,0.3064324191973313,52.607651132815015,0.0,0.7420345534309783
05,pscore_mode,noised_1.0,1036,dr,q_shrink09,nan,0.7294080274322889,0.7153918288961995,0.3064324191973313,52.607651132815015,0.0,0.3064324191973313
05,pscore_mode,noised_1.0,1036,switch_dr,q_shrink09,1.7689707310401883,0.6965071985281496,0.7153918288961995,0.3064324191973313,52.607651132815015,0.0,0.5072510204895543
05,pscore_mode,noised_1.0,1036,dros,q_shrink09,2.568926080643772,0.6991005817682893,0.7153918288961995,0.3064324191973313,52.607651132815015,0.0,0.8511315146004438
05,pscore_mode,true,1037,dm,q_oracle,nan,0.7150788701094287,0.7153918288961995,0.8243456997468819,2.7303680767642278,0.0,nan
05,pscore_mode,true,1037,ips,q_oracle,nan,0.6951750528666999,0.7153918288961995,0.8243456997468819,2.7303680767642278,0.0,0.8243456997468819
05,pscore_mode,true,1037,snips,q_oracle,nan,0.6992171833646915,0.7153918288961995,0.8243456997468819,2.7303680767642278,0.0,0.8243456997468819
05,pscore_mode,true,1037,clipped_ips,q_oracle,1.5924782940031852,0.6758264824815651,0.7153918288961995,0.8243456997468819,2.7303680767642278,0.0,0.8430587542312254
05,pscore_mode,true,1037,dr,q_oracle,nan,0.701870752689528,0.7153918288961995,0.8243456997468819,2.7303680767642278,0.0,0.8243456997468819
05,pscore_mode,true,1037,switch_dr,q_oracle,1.7592872711857659,0.7032229145059807,0.7153918288961995,0.8243456997468819,2.7303680767642278,0.0,0.7980632493765207
05,pscore_mode,true,1037,dros,q_oracle,2.5359871168712953,0.7067590452322974,0.7153918288961995,0.8243456997468819,2.7303680767642278,0.0,0.9371094536658303
05,pscore_mode,true,1037,dm,q_shrink09,nan,0.693570983098486,0.7153918288961995,0.8243456997468819,2.7303680767642278,0.0,nan
05,pscore_mode,true,1037,ips,q_shrink09,nan,0.6951750528666999,0.7153918288961995,0.8243456997468819,2.7303680767642278,0.0,0.8243456997468819
05,pscore_mode,true,1037,snips,q_shrink09,nan,0.6992171833646915,0.7153918288961995,0.8243456997468819,2.7303680767642278,0.0,0.8243456997468819
05,pscore_mode,true,1037,clipped_ips,q_shrink09,1.5924782940031852,0.6758264824815651,0.7153918288961995,0.8243456997468819,2.7303680767642278,0.0,0.8430587542312254
05,pscore_mode,true,1037,dr,q_shrink09,nan,0.7014902295580778,0.7153918288961995,0.8243456997468819,2.7303680767642278,0.0,0.8243456997468819
05,pscore_mode,true,1037,switch_dr,q_shrink09,1.7592872711857659,0.6987888423960334,0.7153918288961995,0.8243456997468819,2.7303680767642278,0.0,0.7980632493765207
05,pscore_mode,true,1037,dros,q_shrink09,2.5359871168712953,0.6956323178101768,0.7153918288961995,0.8243456997468819,2.7303680767642278,0.0,0.9371094536658303
05,pscore_mode,estimated,1037,dm,q_oracle,nan,0.7150788701094287,0.7153918288961995,0.8036104731004668,2.891280755952224,0.0,nan
05,pscore_mode,estimated,1037,ips,q_oracle,nan,0.7174641653446104,0.7153918288961995,0.8036104731004668,2.891280755952224,0.0,0.8036104731004668
05,pscore_mode,estimated,1037,snips,q_oracle,nan,0.7048182429147483,0.7153918288961995,0.8036104731004668,2.891280755952224,0.0,0.8036104731004668
05,pscore_mode,estimated,1037,clipped_ips,q_oracle,1.5924782940031852,0.6870130793617886,0.7153918288961995,0.8036104731004668,2.891280755952224,0.0,0.831232408957611
05,pscore_mode,estimated,1037,dr,q_oracle,nan,0.7019398686238183,0.7153918288961995,0.8036104731004668,2.891280755952224,0.0,0.8036104731004668
05,pscore_mode,estimated,1037,switch_dr,q_oracle,1.7592872711857659,0.7024715299654956,0.7153918288961995,0.8036104731004668,2.891280755952224,0.0,0.7621963423905982
05,pscore_mode,estimated,1037,dros,q_oracle,2.5359871168712953,0.706937515534629,0.7153918288961995,0.8036104731004668,2.891280755952224,0.0,0.9293718250382724
05,pscore_mode,estimated,1037,dm,q_shrink09,nan,0.693570983098486,0.7153918288961995,0.8036104731004668,2.891280755952224,0.0,nan
05,pscore_mode,estimated,1037,ips,q_shrink09,nan,0.7174641653446104,0.7153918288961995,0.8036104731004668,2.891280755952224,0.0,0.8036104731004668
05,pscore_mode,estimated,1037,snips,q_shrink09,nan,0.7048182429147483,0.7153918288961995,0.8036104731004668,2.891280755952224,0.0,0.8036104731004668
05,pscore_mode,estimated,1037,clipped_ips,q_shrink09,1.5924782940031852,0.6870130793617886,0.7153918288961995,0.8036104731004668,2.891280755952224,0.0,0.831232408957611
05,pscore_mode,estimated,1037,dr,q_shrink09,nan,0.7025951930806887,0.7153918288961995,0.8036104731004668,2.891280755952224,0.0,0.8036104731004668
05,pscore_mode,estimated,1037,switch_dr,q_shrink09,1.7592872711857659,0.6971812813052,0.7153918288961995,0.8036104731004668,2.891280755952224,0.0,0.7621963423905982
05,pscore_mode,estimated,1037,dros,q_shrink09,2.5359871168712953,0.695981045459768,0.7153918288961995,0.8036104731004668,2.891280755952224,0.0,0.9293718250382724
05,pscore_mode,noised_0.1,1037,dm,q_oracle,nan,0.7150788701094287,0.7153918288961995,0.8169128390699921,2.913005041622279,0.0,nan
05,pscore_mode,noised_0.1,1037,ips,q_oracle,nan,0.6980968086605471,0.7153918288961995,0.8169128390699921,2.913005041622279,0.0,0.8169128390699921
05,pscore_mode,noised_0.1,1037,snips,q_oracle,nan,0.6991863108580912,0.7153918288961995,0.8169128390699921,2.913005041622279,0.0,0.8169128390699921
05,pscore_mode,noised_0.1,1037,clipped_ips,q_oracle,1.5924782940031852,0.6743135435931785,0.7153918288961995,0.8169128390699921,2.913005041622279,0.0,0.8405824237704772
05,pscore_mode,noised_0.1,1037,dr,q_oracle,nan,0.7018426937231994,0.7153918288961995,0.8169128390699921,2.913005041622279,0.0,0.8169128390699921
05,pscore_mode,noised_0.1,1037,switch_dr,q_oracle,1.7592872711857659,0.7023377469070887,0.7153918288961995,0.8169128390699921,2.913005041622279,0.0,0.7895105790555902
05,pscore_mode,noised_0.1,1037,dros,q_oracle,2.5359871168712953,0.7068039298297861,0.7153918288961995,0.8169128390699921,2.913005041622279,0.0,0.9365417228581536
05,pscore_mode,noised_0.1,1037,dm,q_shrink09,nan,0.693570983098486,0.7153918288961995,0.8169128390699921,2.913005041622279,0.0,nan
05,pscore_mode,noised_0.1,1037,ips,q_shrink09,nan,0.6980968086605471,0.7153918288961995,0.8169128390699921,2.913005041622279,0.0,0.8169128390699921
05,pscore_mode,noised_0.1,1037,snips,q_shrink09,nan,0.6991863108580912,0.7153918288961995,0.8169128390699921,2.913005041622279,0.0,0.8169128390699921
05,pscore_mode,noised_0.1,1037,clipped_ips,q_shrink09,1.5924782940031852,0.6743135435931785,0.7153918288961995,0.8169128390699921,2.913005041622279,0.0,0.8405824237704772
05,pscore_mode,noised_0.1,1037,dr,q_shrink09,nan,0.7015460173685758,0.7153918288961995,0.8169128390699921,2.913005041622279,0.0,0.8169128390699921
05,pscore_mode,noised_0.1,1037,switch_dr,q_shrink09,1.7592872711857659,0.6973746426864791,0.7153918288961995,0.8169128390699921,2.913005041622279,0.0,0.7895105790555902
05,pscore_mode,noised_0.1,1037,dros,q_shrink09,2.5359871168712953,0.6956076674798807,0.7153918288961995,0.8169128390699921,2.913005041622279,0.0,0.9365417228581536
05,pscore_mode,noised_0.25,1037,dm,q_oracle,nan,0.7150788701094287,0.7153918288961995,0.7785360249221513,4.105380244880546,0.0,nan
05,pscore_mode,noised_0.25,1037,ips,q_oracle,nan,0.7153019071993555,0.7153918288961995,0.7785360249221513,4.105380244880546,0.0,0.7785360249221513
05,pscore_mode,noised_0.25,1037,snips,q_oracle,nan,0.6991950306095038,0.7153918288961995,0.7785360249221513,4.105380244880546,0.0,0.7785360249221513
05,pscore_mode,noised_0.25,1037,clipped_ips,q_oracle,1.5924782940031852,0.6665089323020534,0.7153918288961995,0.7785360249221513,4.105380244880546,0.0,0.8294853425995141
05,pscore_mode,noised_0.25,1037,dr,q_oracle,nan,0.7016858196017148,0.7153918288961995,0.7785360249221513,4.105380244880546,0.0,0.7785360249221513
05,pscore_mode,noised_0.25,1037,switch_dr,q_oracle,1.7592872711857659,0.7037409324296203,0.7153918288961995,0.7785360249221513,4.105380244880546,0.0,0.7432938979468539
05,pscore_mode,noised_0.25,1037,dros,q_oracle,2.5359871168712953,0.7068914692655014,0.7153918288961995,0.7785360249221513,4.105380244880546,0.0,0.9327235277995078
05,pscore_mode,noised_0.25,1037,dm,q_shrink09,nan,0.693570983098486,0.7153918288961995,0.7785360249221513,4.105380244880546,0.0,nan
05,pscore_mode,noised_0.25,1037,ips,q_shrink09,nan,0.7153019071993555,0.7153918288961995,0.7785360249221513,4.105380244880546,0.0,0.7785360249221513
05,pscore_mode,noised_0.25,1037,snips,q_shrink09,nan,0.6991950306095038,0.7153918288961995,0.7785360249221513,4.105380244880546,0.0,0.7785360249221513
05,pscore_mode,noised_0.25,1037,clipped_ips,q_shrink09,1.5924782940031852,0.6665089323020534,0.7153918288961995,0.7785360249221513,4.105380244880546,0.0,0.8294853425995141
05,pscore_mode,noised_0.25,1037,dr,q_shrink09,nan,0.701895612638775,0.7153918288961995,0.7785360249221513,4.105380244880546,0.0,0.7785360249221513
05,pscore_mode,noised_0.25,1037,switch_dr,q_shrink09,1.7592872711857659,0.6958018699836683,0.7153918288961995,0.7785360249221513,4.105380244880546,0.0,0.7432938979468539
05,pscore_mode,noised_0.25,1037,dros,q_shrink09,2.5359871168712953,0.6953700627138831,0.7153918288961995,0.7785360249221513,4.105380244880546,0.0,0.9327235277995078
05,pscore_mode,noised_0.5,1037,dm,q_oracle,nan,0.7150788701094287,0.7153918288961995,0.6576681322466751,8.390725690490386,0.0,nan
05,pscore_mode,noised_0.5,1037,ips,q_oracle,nan,0.7812511350552435,0.7153918288961995,0.6576681322466751,8.390725690490386,0.0,0.6576681322466751
05,pscore_mode,noised_0.5,1037,snips,q_oracle,nan,0.6992680901866102,0.7153918288961995,0.6576681322466751,8.390725690490386,0.0,0.6576681322466751
05,pscore_mode,noised_0.5,1037,clipped_ips,q_oracle,1.5924782940031852,0.6465914777471072,0.7153918288961995,0.6576681322466751,8.390725690490386,0.0,0.8014960574393316
05,pscore_mode,noised_0.5,1037,dr,q_oracle,nan,0.7011219609619455,0.7153918288961995,0.6576681322466751,8.390725690490386,0.0,0.6576681322466751
05,pscore_mode,noised_0.5,1037,switch_dr,q_oracle,1.7592872711857659,0.7046858816123335,0.7153918288961995,0.6576681322466751,8.390725690490386,0.0,0.6571048247257486
05,pscore_mode,noised_0.5,1037,dros,q_oracle,2.5359871168712953,0.7070936966906144,0.7153918288961995,0.6576681322466751,8.390725690490386,0.0,0.9167861951917168
05,pscore_mode,noised_0.5,1037,dm,q_shrink09,nan,0.693570983098486,0.7153918288961995,0.6576681322466751,8.390725690490386,0.0,nan
05,pscore_mode,noised_0.5,1037,ips,q_shrink09,nan,0.7812511350552435,0.7153918288961995,0.6576681322466751,8.390725690490386,0.0,0.6576681322466751
05,pscore_mode,noised_0.5,1037,snips,q_shrink09,nan,0.6992680901866102,0.7153918288961995,0.6576681322466751,8.390725690490386,0.0,0.6576681322466751
05,pscore_mode,noised_0.5,1037,clipped_ips,q_shrink09,1.5924782940031852,0.6465914777471072,0.7153918288961995,0.6576681322466751,8.390725690490386,0.0,0.8014960574393316
05,pscore_mode,noised_0.5,1037,dr,q_shrink09,nan,0.7032728173092043,0.7153918288961995,0.6576681322466751,8.390725690490386,0.0,0.6576681322466751
05,pscore_mode,noised_0.5,1037,switch_dr,q_shrink09,1.7592872711857659,0.6923555650225831,0.7153918288961995,0.6576681322466751,8.390725690490386,0.0,0.6571048247257486
05,pscore_mode,noised_0.5,1037,dros,q_shrink09,2.5359871168712953,0.6946372506496998,0.7153918288961995,0.6576681322466751,8.390725690490386,0.0,0.9167861951917168
05,pscore_mode,noised_1.0,1037,dm,q_oracle,nan,0.7150788701094287,0.7153918288961995,0.3479633575993364,43.17313513620768,0.0,nan
05,pscore_mode,noised_1.0,1037,ips,q_oracle,nan,1.1099744453750149,0.7153918288961995,0.3479633575993364,43.17313513620768,0.0,0.3479633575993364
05,pscore_mode,noised_1.0,1037,snips,q_oracle,nan,0.6989574362273815,0.7153918288961995,0.3479633575993364,43.17313513620768,0.0,0.3479633575993364
05,pscore_mode,noised_1.0,1037,clipped_ips,q_oracle,1.5924782940031852,0.6098100346986521,0.7153918288961995,0.3479633575993364,43.17313513620768,0.0,0.7414714928610245
05,pscore_mode,noised_1.0,1037,dr,q_oracle,nan,0.69876008583745,0.7153918288961995,0.3479633575993364,43.17313513620768,0.0,0.3479633575993364
05,pscore_mode,noised_1.0,1037,switch_dr,q_oracle,1.7592872711857659,0.7082782160728609,0.7153918288961995,0.3479633575993364,43.17313513620768,0.0,0.5099565812903318
05,pscore_mode,noised_1.0,1037,dros,q_oracle,2.5359871168712953,0.7079623905034886,0.7153918288961995,0.3479633575993364,43.17313513620768,0.0,0.8537119796829771
05,pscore_mode,noised_1.0,1037,dm,q_shrink09,nan,0.693570983098486,0.7153918288961995,0.3479633575993364,43.17313513620768,0.0,nan
05,pscore_mode,noised_1.0,1037,ips,q_shrink09,nan,1.1099744453750149,0.7153918288961995,0.3479633575993364,43.17313513620768,0.0,0.3479633575993364
05,pscore_mode,noised_1.0,1037,snips,q_shrink09,nan,0.6989574362273815,0.7153918288961995,0.3479633575993364,43.17313513620768,0.0,0.3479633575993364
05,pscore_mode,noised_1.0,1037,clipped_ips,q_shrink09,1.5924782940031852,0.6098100346986521,0.7153918288961995,0.3479633575993364,43.17313513620768,0.0,0.7414714928610245
05,pscore_mode,noised_1.0,1037,dr,q_shrink09,nan,0.7104793731163104,0.7153918288961995,0.3479633575993364,43.17313513620768,0.0,0.3479633575993364
05,pscore_mode,noised_1.0,1037,switch_dr,q_shrink09,1.7592872711857659,0.6918233275728856,0.7153918288961995,0.3479633575993364,43.17313513620768,0.0,0.5099565812903318
05,pscore_mode,noised_1.0,1037,dros,q_shrink09,2.5359871168712953,0.6934095485575785,0.7153918288961995,0.3479633575993364,43.17313513620768,0.0,0.8537119796829771
05,pscore_mode,true,1038,dm,q_oracle,nan,0.7161621269297419,0.7153918288961995,0.8236710912877124,2.727587706350699,0.0,nan
05,pscore_mode,true,1038,ips,q_oracle,nan,0.7157711366535258,0.7153918288961995,0.8236710912877124,2.727587706350699,0.0,0.8236710912877124
05,pscore_mode,true,1038,snips,q_oracle,nan,0.7140095207009429,0.7153918288961995,0.8236710912877124,2.727587706350699,0.0,0.8236710912877124
05,pscore_mode,true,1038,clipped_ips,q_oracle,1.6102115060520517,0.6971781290410136,0.7153918288961995,0.8236710912877124,2.727587706350699,0.0,0.8412632830790792
05,pscore_mode,true,1038,dr,q_oracle,nan,0.712311577822193,0.7153918288961995,0.8236710912877124,2.727587706350699,0.0,0.8236710912877124
05,pscore_mode,true,1038,switch_dr,q_oracle,1.7630516024347611,0.7136037393642289,0.7153918288961995,0.8236710912877124,2.727587706350699,0.0,0.7965489511811643
05,pscore_mode,true,1038,dros,q_oracle,2.5927810942224165,0.7145806192024038,0.7153918288961995,0.8236710912877124,2.727587706350699,0.0,0.934998833359848
05,pscore_mode,true,1038,dm,q_shrink09,nan,0.6945459142367678,0.7153918288961995,0.8236710912877124,2.727587706350699,0.0,nan
05,pscore_mode,true,1038,ips,q_shrink09,nan,0.7157711366535258,0.7153918288961995,0.8236710912877124,2.727587706350699,0.0,0.8236710912877124
05,pscore_mode,true,1038,snips,q_shrink09,nan,0.7140095207009429,0.7153918288961995,0.8236710912877124,2.727587706350699,0.0,0.8236710912877124
05,pscore_mode,true,1038,clipped_ips,q_shrink09,1.6102115060520517,0.6971781290410136,0.7153918288961995,0.8236710912877124,2.727587706350699,0.0,0.8412632830790792
05,pscore_mode,true,1038,dr,q_shrink09,nan,0.7125341728885929,0.7153918288961995,0.8236710912877124,2.727587706350699,0.0,0.8236710912877124
05,pscore_mode,true,1038,switch_dr,q_shrink09,1.7630516024347611,0.7097374223389987,0.7153918288961995,0.8236710912877124,2.727587706350699,0.0,0.7965489511811643
05,pscore_mode,true,1038,dros,q_shrink09,2.5927810942224165,0.7038207746533022,0.7153918288961995,0.8236710912877124,2.727587706350699,0.0,0.934998833359848
05,pscore_mode,estimated,1038,dm,q_oracle,nan,0.7161621269297419,0.7153918288961995,0.806396017805769,3.1113831693832634,0.0,nan
05,pscore_mode,estimated,1038,ips,q_oracle,nan,0.7307515136720549,0.7153918288961995,0.806396017805769,3.1113831693832634,0.0,0.806396017805769
05,pscore_mode,estimated,1038,snips,q_oracle,nan,0.7165063999627436,0.7153918288961995,0.806396017805769,3.1113831693832634,0.0,0.806396017805769
05,pscore_mode,estimated,1038,clipped_ips,q_oracle,1.6102115060520517,0.7035991820997902,0.7153918288961995,0.806396017805769,3.1113831693832634,0.0,0.8313845967482343
05,pscore_mode,estimated,1038,dr,q_oracle,nan,0.7114698965384911,0.7153918288961995,0.806396017805769,3.1113831693832634,0.0,0.806396017805769
05,pscore_mode,estimated,1038,switch_dr,q_oracle,1.7630516024347611,0.7133836196621026,0.7153918288961995,0.806396017805769,3.1113831693832634,0.0,0.7672732335514193
05,pscore_mode,estimated,1038,dros,q_oracle,2.5927810942224165,0.7144002836279527,0.7153918288961995,0.806396017805769,3.1113831693832634,0.0,0.9292743615725368
05,pscore_mode,estimated,1038,dm,q_shrink09,nan,0.6945459142367678,0.7153918288961995,0.806396017805769,3.1113831693832634,0.0,nan
05,pscore_mode,estimated,1038,ips,q_shrink09,nan,0.7307515136720549,0.7153918288961995,0.806396017805769,3.1113831693832634,0.0,0.806396017805769
05,pscore_mode,estimated,1038,snips,q_shrink09,nan,0.7165063999627436,0.7153918288961995,0.806396017805769,3.1113831693832634,0.0,0.806396017805769
05,pscore_mode,estimated,1038,clipped_ips,q_shrink09,1.6102115060520517,0.7035991820997902,0.7153918288961995,0.806396017805769,3.1113831693832634,0.0,0.8313845967482343
05,pscore_mode,estimated,1038,dr,q_shrink09,nan,0.7124039908080639,0.7153918288961995,0.806396017805769,3.1113831693832634,0.0,0.806396017805769
05,pscore_mode,estimated,1038,switch_dr,q_shrink09,1.7630516024347611,0.7088179752039305,0.7153918288961995,0.806396017805769,3.1113831693832634,0.0,0.7672732335514193
05,pscore_mode,estimated,1038,dros,q_shrink09,2.5927810942224165,0.7037383975222531,0.7153918288961995,0.806396017805769,3.1113831693832634,0.0,0.9292743615725368
05,pscore_mode,noised_0.1,1038,dm,q_oracle,nan,0.7161621269297419,0.7153918288961995,0.8159811475011641,3.066410545575082,0.0,nan
05,pscore_mode,noised_0.1,1038,ips,q_oracle,nan,0.7197717742380734,0.7153918288961995,0.8159811475011641,3.066410545575082,0.0,0.8159811475011641
05,pscore_mode,noised_0.1,1038,snips,q_oracle,nan,0.7139700717497596,0.7153918288961995,0.8159811475011641,3.066410545575082,0.0,0.8159811475011641
05,pscore_mode,noised_0.1,1038,clipped_ips,q_oracle,1.6102115060520517,0.6956418615032801,0.7153918288961995,0.8159811475011641,3.066410545575082,0.0,0.8391190053244599
05,pscore_mode,noised_0.1,1038,dr,q_oracle,nan,0.7125819430972201,0.7153918288961995,0.8159811475011641,3.066410545575082,0.0,0.8159811475011641
05,pscore_mode,noised_0.1,1038,switch_dr,q_oracle,1.7630516024347611,0.7113832757037171,0.7153918288961995,0.8159811475011641,3.066410545575082,0.0,0.7846569944629158
05,pscore_mode,noised_0.1,1038,dros,q_oracle,2.5927810942224165,0.714726410208552,0.7153918288961995,0.8159811475011641,3.066410545575082,0.0,0.9344128752290882
05,pscore_mode,noised_0.1,1038,dm,q_shrink09,nan,0.6945459142367678,0.7153918288961995,0.8159811475011641,3.066410545575082,0.0,nan
05,pscore_mode,noised_0.1,1038,ips,q_shrink09,nan,0.7197717742380734,0.7153918288961995,0.8159811475011641,3.066410545575082,0.0,0.8159811475011641
05,pscore_mode,noised_0.1,1038,snips,q_shrink09,nan,0.7139700717497596,0.7153918288961995,0.8159811475011641,3.066410545575082,0.0,0.8159811475011641
05,pscore_mode,noised_0.1,1038,clipped_ips,q_shrink09,1.6102115060520517,0.6956418615032801,0.7153918288961995,0.8159811475011641,3.066410545575082,0.0,0.8391190053244599
05,pscore_mode,noised_0.1,1038,dr,q_shrink09,nan,0.712894627493903,0.7153918288961995,0.8159811475011641,3.066410545575082,0.0,0.8159811475011641
05,pscore_mode,noised_0.1,1038,switch_dr,q_shrink09,1.7630516024347611,0.7066912343295618,0.7153918288961995,0.8159811475011641,3.066410545575082,0.0,0.7846569944629158
05,pscore_mode,noised_0.1,1038,dros,q_shrink09,2.5927810942224165,0.703898948176507,0.7153918288961995,0.8159811475011641,3.066410545575082,0.0,0.9344128752290882
05,pscore_mode,noised_0.25,1038,dm,q_oracle,nan,0.7161621269297419,0.7153918288961995,0.7753229274484206,4.71111116070202,0.0,nan
05,pscore_mode,noised_0.25,1038,ips,q_oracle,nan,0.7394519001986583,0.7153918288961995,0.7753229274484206,4.71111116070202,0.0,0.7753229274484206
05,pscore_mode,noised_0.25,1038,snips,q_oracle,nan,0.7137976927135942,0.7153918288961995,0.7753229274484206,4.71111116070202,0.0,0.7753229274484206
05,pscore_mode,noised_0.25,1038,clipped_ips,q_oracle,1.6102115060520517,0.6883147851074695,0.7153918288961995,0.7753229274484206,4.71111116070202,0.0,0.8280452054786936
05,pscore_mode,noised_0.25,1038,dr,q_oracle,nan,0.7128252375609193,0.7153918288961995,0.7753229274484206,4.71111116070202,0.0,0.7753229274484206
05,pscore_mode,noised_0.25,1038,switch_dr,q_oracle,1.7630516024347611,0.7133009722249756,0.7153918288961995,0.7753229274484206,4.71111116070202,0.0,0.7381741994192017
05,pscore_mode,noised_0.25,1038,dros,q_oracle,2.5927810942224165,0.7149918486078192,0.7153918288961995,0.7753229274484206,4.71111116070202,0.0,0.9305294941398344
05,pscore_mode,noised_0.25,1038,dm,q_shrink09,nan,0.6945459142367678,0.7153918288961995,0.7753229274484206,4.71111116070202,0.0,nan
05,pscore_mode,noised_0.25,1038,ips,q_shrink09,nan,0.7394519001986583,0.7153918288961995,0.7753229274484206,4.71111116070202,0.0,0.7753229274484206
05,pscore_mode,noised_0.25,1038,snips,q_shrink09,nan,0.7137976927135942,0.7153918288961995,0.7753229274484206,4.71111116070202,0.0,0.7753229274484206
05,pscore_mode,noised_0.25,1038,clipped_ips,q_shrink09,1.6102115060520517,0.6883147851074695,0.7153918288961995,0.7753229274484206,4.71111116070202,0.0,0.8280452054786936
05,pscore_mode,noised_0.25,1038,dr,q_shrink09,nan,0.713690881520829,0.7153918288961995,0.7753229274484206,4.71111116070202,0.0,0.7753229274484206
05,pscore_mode,noised_0.25,1038,switch_dr,q_shrink09,1.7630516024347611,0.7056373574804142,0.7153918288961995,0.7753229274484206,4.71111116070202,0.0,0.7381741994192017
05,pscore_mode,noised_0.25,1038,dros,q_shrink09,2.5927810942224165,0.7038288698621874,0.7153918288961995,0.7753229274484206,4.71111116070202,0.0,0.9305294941398344
05,pscore_mode,noised_0.5,1038,dm,q_oracle,nan,0.7161621269297419,0.7153918288961995,0.6476128596287704,10.916152197077121,0.0,nan
05,pscore_mode,noised_0.5,1038,ips,q_oracle,nan,0.812357596527772,0.7153918288961995,0.6476128596287704,10.916152197077121,0.0,0.6476128596287704
05,pscore_mode,noised_0.5,1038,snips,q_oracle,nan,0.713182102190843,0.7153918288961995,0.6476128596287704,10.916152197077121,0.0,0.6476128596287704
05,pscore_mode,noised_0.5,1038,clipped_ips,q_oracle,1.6102115060520517,0.6695376125103562,0.7153918288961995,0.6476128596287704,10.916152197077121,0.0,0.7994704162458668
05,pscore_mode,noised_0.5,1038,dr,q_oracle,nan,0.7128075473658957,0.7153918288961995,0.6476128596287704,10.916152197077121,0.0,0.6476128596287704
05,pscore_mode,noised_0.5,1038,switch_dr,q_oracle,1.7630516024347611,0.713485358647011,0.7153918288961995,0.6476128596287704,10.916152197077121,0.0,0.6482664768819256
05,pscore_mode,noised_0.5,1038,dros,q_oracle,2.5927810942224165,0.7154706475685638,0.7153918288961995,0.6476128596287704,10.916152197077121,0.0,0.9145434544724036
05,pscore_mode,noised_0.5,1038,dm,q_shrink09,nan,0.6945459142367678,0.7153918288961995,0.6476128596287704,10.916152197077121,0.0,nan
05,pscore_mode,noised_0.5,1038,ips,q_shrink09,nan,0.812357596527772,0.7153918288961995,0.6476128596287704,10.916152197077121,0.0,0.6476128596287704
05,pscore_mode,noised_0.5,1038,snips,q_shrink09,nan,0.713182102190843,0.7153918288961995,0.6476128596287704,10.916152197077121,0.0,0.6476128596287704
05,pscore_mode,noised_0.5,1038,clipped_ips,q_shrink09,1.6102115060520517,0.6695376125103562,0.7153918288961995,0.6476128596287704,10.916152197077121,0.0,0.7994704162458668
05,pscore_mode,noised_0.5,1038,dr,q_shrink09,nan,0.7158095248552684,0.7153918288961995,0.6476128596287704,10.916152197077121,0.0,0.6476128596287704
05,pscore_mode,noised_0.5,1038,switch_dr,q_shrink09,1.7630516024347611,0.7013028943999745,0.7153918288961995,0.6476128596287704,10.916152197077121,0.0,0.6482664768819256
05,pscore_mode,noised_0.5,1038,dros,q_shrink09,2.5927810942224165,0.7033237501917564,0.7153918288961995,0.6476128596287704,10.916152197077121,0.0,0.9145434544724036
05,pscore_mode,noised_1.0,1038,dm,q_oracle,nan,0.7161621269297419,0.7153918288961995,0.3229237969605863,58.60869386770219,0.0,nan
05,pscore_mode,noised_1.0,1038,ips,q_oracle,nan,1.1737858109132595,0.7153918288961995,0.3229237969605863,58.60869386770219,0.0,0.3229237969605863
05,pscore_mode,noised_1.0,1038,snips,q_oracle,nan,0.7101191551698061,0.7153918288961995,0.3229237969605863,58.60869386770219,0.0,0.3229237969605863
05,pscore_mode,noised_1.0,1038,clipped_ips,q_oracle,1.6102115060520517,0.6327851604548603,0.7153918288961995,0.3229237969605863,58.60869386770219,0.0,0.7405267997315446
05,pscore_mode,noised_1.0,1038,dr,q_oracle,nan,0.709852641496562,0.7153918288961995,0.3229237969605863,58.60869386770219,0.0,0.3229237969605863
05,pscore_mode,noised_1.0,1038,switch_dr,q_oracle,1.7630516024347611,0.7158957006433289,0.7153918288961995,0.3229237969605863,58.60869386770219,0.0,0.5049426473279743
05,pscore_mode,noised_1.0,1038,dros,q_oracle,2.5927810942224165,0.7158524637444924,0.7153918288961995,0.3229237969605863,58.60869386770219,0.0,0.8506321685944233
05,pscore_mode,noised_1.0,1038,dm,q_shrink09,nan,0.6945459142367678,0.7153918288961995,0.3229237969605863,58.60869386770219,0.0,nan
05,pscore_mode,noised_1.0,1038,ips,q_shrink09,nan,1.1737858109132595,0.7153918288961995,0.3229237969605863,58.60869386770219,0.0,0.3229237969605863
05,pscore_mode,noised_1.0,1038,snips,q_shrink09,nan,0.7101191551698061,0.7153918288961995,0.3229237969605863,58.60869386770219,0.0,0.3229237969605863
05,pscore_mode,noised_1.0,1038,clipped_ips,q_shrink09,1.6102115060520517,0.6327851604548603,0.7153918288961995,0.3229237969605863,58.60869386770219,0.0,0.7405267997315446
05,pscore_mode,noised_1.0,1038,dr,q_shrink09,nan,0.7235988560211325,0.7153918288961995,0.3229237969605863,58.60869386770219,0.0,0.3229237969605863
05,pscore_mode,noised_1.0,1038,switch_dr,q_shrink09,1.7630516024347611,0.6995164298702042,0.7153918288961995,0.3229237969605863,58.60869386770219,0.0,0.5049426473279743
05,pscore_mode,noised_1.0,1038,dros,q_shrink09,2.5927810942224165,0.7014568357393085,0.7153918288961995,0.3229237969605863,58.60869386770219,0.0,0.8506321685944233
05,pscore_mode,true,1039,dm,q_oracle,nan,0.7132170133956471,0.7153918288961995,0.8260998536615718,2.758178435821828,0.0,nan
05,pscore_mode,true,1039,ips,q_oracle,nan,0.720544057375292,0.7153918288961995,0.8260998536615718,2.758178435821828,0.0,0.8260998536615718
05,pscore_mode,true,1039,snips,q_oracle,nan,0.7188770968558988,0.7153918288961995,0.8260998536615718,2.758178435821828,0.0,0.8260998536615718
05,pscore_mode,true,1039,clipped_ips,q_oracle,1.606140072757515,0.7026888284216695,0.7153918288961995,0.8260998536615718,2.758178435821828,0.0,0.8426377951152404
05,pscore_mode,true,1039,dr,q_oracle,nan,0.7181949516140134,0.7153918288961995,0.8260998536615718,2.758178435821828,0.0,0.8260998536615718
05,pscore_mode,true,1039,switch_dr,q_oracle,1.7551615130981548,0.7184856719396657,0.7153918288961995,0.8260998536615718,2.758178435821828,0.0,0.7978388264190577
05,pscore_mode,true,1039,dros,q_oracle,2.5796859333175157,0.7155832142478739,0.7153918288961995,0.8260998536615718,2.758178435821828,0.0,0.9365380231320262
05,pscore_mode,true,1039,dm,q_shrink09,nan,0.6918953120560826,0.7153918288961995,0.8260998536615718,2.758178435821828,0.0,nan
05,pscore_mode,true,1039,ips,q_shrink09,nan,0.720544057375292,0.7153918288961995,0.8260998536615718,2.758178435821828,0.0,0.8260998536615718
05,pscore_mode,true,1039,snips,q_shrink09,nan,0.7188770968558988,0.7153918288961995,0.8260998536615718,2.758178435821828,0.0,0.8260998536615718
05,pscore_mode,true,1039,clipped_ips,q_shrink09,1.606140072757515,0.7026888284216695,0.7153918288961995,0.8260998536615718,2.758178435821828,0.0,0.8426377951152404
05,pscore_mode,true,1039,dr,q_shrink09,nan,0.7183139202212927,0.7153918288961995,0.8260998536615718,2.758178435821828,0.0,0.8260998536615718
05,pscore_mode,true,1039,switch_dr,q_shrink09,1.7551615130981548,0.7146177509567944,0.7153918288961995,0.8260998536615718,2.758178435821828,0.0,0.7978388264190577
05,pscore_mode,true,1039,dros,q_shrink09,2.5796859333175157,0.7048905422466312,0.7153918288961995,0.8260998536615718,2.758178435821828,0.0,0.9365380231320262
05,pscore_mode,estimated,1039,dm,q_oracle,nan,0.7132170133956471,0.7153918288961995,0.809910131673278,3.139366474668844,0.0,nan
05,pscore_mode,estimated,1039,ips,q_oracle,nan,0.7323506053590343,0.7153918288961995,0.809910131673278,3.139366474668844,0.0,0.809910131673278
05,pscore_mode,estimated,1039,snips,q_oracle,nan,0.7214219365033415,0.7153918288961995,0.809910131673278,3.139366474668844,0.0,0.809910131673278
05,pscore_mode,estimated,1039,clipped_ips,q_oracle,1.606140072757515,0.7050458316393963,0.7153918288961995,0.809910131673278,3.139366474668844,0.0,0.8357071435778022
05,pscore_mode,estimated,1039,dr,q_oracle,nan,0.7184847459939384,0.7153918288961995,0.809910131673278,3.139366474668844,0.0,0.809910131673278
05,pscore_mode,estimated,1039,switch_dr,q_oracle,1.7551615130981548,0.7184427735655183,0.7153918288961995,0.809910131673278,3.139366474668844,0.0,0.7720018834185552
05,pscore_mode,estimated,1039,dros,q_oracle,2.5796859333175157,0.7155415909431619,0.7153918288961995,0.809910131673278,3.139366474668844,0.0,0.9324603800572479
05,pscore_mode,estimated,1039,dm,q_shrink09,nan,0.6918953120560826,0.7153918288961995,0.809910131673278,3.139366474668844,0.0,nan
05,pscore_mode,estimated,1039,ips,q_shrink09,nan,0.7323506053590343,0.7153918288961995,0.809910131673278,3.139366474668844,0.0,0.809910131673278
05,pscore_mode,estimated,1039,snips,q_shrink09,nan,0.7214219365033415,0.7153918288961995,0.809910131673278,3.139366474668844,0.0,0.809910131673278
05,pscore_mode,estimated,1039,clipped_ips,q_shrink09,1.606140072757515,0.7050458316393963,0.7153918288961995,0.809910131673278,3.139366474668844,0.0,0.8357071435778022
05,pscore_mode,estimated,1039,dr,q_shrink09,nan,0.7191138924693843,0.7153918288961995,0.809910131673278,3.139366474668844,0.0,0.809910131673278
05,pscore_mode,estimated,1039,switch_dr,q_shrink09,1.7551615130981548,0.7135246612101273,0.7153918288961995,0.809910131673278,3.139366474668844,0.0,0.7720018834185552
05,pscore_mode,estimated,1039,dros,q_shrink09,2.5796859333175157,0.7048929918026281,0.7153918288961995,0.809910131673278,3.139366474668844,0.0,0.9324603800572479
05,pscore_mode,noised_0.1,1039,dm,q_oracle,nan,0.7132170133956471,0.7153918288961995,0.8169313800060782,2.953407313883063,0.0,nan
05,pscore_mode,noised_0.1,1039,ips,q_oracle,nan,0.7256752805905706,0.7153918288961995,0.8169313800060782,2.953407313883063,0.0,0.8169313800060782
05,pscore_mode,noised_0.1,1039,snips,q_oracle,nan,0.7193836213402525,0.7153918288961995,0.8169313800060782,2.953407313883063,0.0,0.8169313800060782
05,pscore_mode,noised_0.1,1039,clipped_ips,q_oracle,1.606140072757515,0.7008511206159866,0.7153918288961995,0.8169313800060782,2.953407313883063,0.0,0.8400050845066555
05,pscore_mode,noised_0.1,1039,dr,q_oracle,nan,0.7185055727852474,0.7153918288961995,0.8169313800060782,2.953407313883063,0.0,0.8169313800060782
05,pscore_mode,noised_0.1,1039,switch_dr,q_oracle,1.7551615130981548,0.7158118161511584,0.7153918288961995,0.8169313800060782,2.953407313883063,0.0,0.7832930640989957
05,pscore_mode,noised_0.1,1039,dros,q_oracle,2.5796859333175157,0.7155425415798584,0.7153918288961995,0.8169313800060782,2.953407313883063,0.0,0.9357751808872634
05,pscore_mode,noised_0.1,1039,dm,q_shrink09,nan,0.6918953120560826,0.7153918288961995,0.8169313800060782,2.953407313883063,0.0,nan
05,pscore_mode,noised_0.1,1039,ips,q_shrink09,nan,0.7256752805905706,0.7153918288961995,0.8169313800060782,2.953407313883063,0.0,0.8169313800060782
05,pscore_mode,noised_0.1,1039,snips,q_shrink09,nan,0.7193836213402525,0.7153918288961995,0.8169313800060782,2.953407313883063,0.0,0.8169313800060782
05,pscore_mode,noised_0.1,1039,clipped_ips,q_shrink09,1.606140072757515,0.7008511206159866,0.7153918288961995,0.8169313800060782,2.953407313883063,0.0,0.8400050845066555
05,pscore_mode,noised_0.1,1039,dr,q_shrink09,nan,0.7187852484242393,0.7153918288961995,0.8169313800060782,2.953407313883063,0.0,0.8169313800060782
05,pscore_mode,noised_0.1,1039,switch_dr,q_shrink09,1.7551615130981548,0.7109730274428555,0.7153918288961995,0.8169313800060782,2.953407313883063,0.0,0.7832930640989957
05,pscore_mode,noised_0.1,1039,dros,q_shrink09,2.5796859333175157,0.7047848376111822,0.7153918288961995,0.8169313800060782,2.953407313883063,0.0,0.9357751808872634
05,pscore_mode,noised_0.25,1039,dm,q_oracle,nan,0.7132170133956471,0.7153918288961995,0.7739193064207197,4.327654551243454,0.0,nan
05,pscore_mode,noised_0.25,1039,ips,q_oracle,nan,0.7473036283618743,0.7153918288961995,0.7739193064207197,4.327654551243454,0.0,0.7739193064207197
05,pscore_mode,noised_0.25,1039,snips,q_oracle,nan,0.7201158465050964,0.7153918288961995,0.7739193064207197,4.327654551243454,0.0,0.7739193064207197
05,pscore_mode,noised_0.25,1039,clipped_ips,q_oracle,1.606140072757515,0.6923382620734548,0.7153918288961995,0.7739193064207197,4.327654551243454,0.0,0.8288441148963036
05,pscore_mode,noised_0.25,1039,dr,q_oracle,nan,0.7190881912508044,0.7153918288961995,0.7739193064207197,4.327654551243454,0.0,0.7739193064207197
05,pscore_mode,noised_0.25,1039,switch_dr,q_oracle,1.7551615130981548,0.7152362053676625,0.7153918288961995,0.7739193064207197,4.327654551243454,0.0,0.73514494011585
05,pscore_mode,noised_0.25,1039,dros,q_oracle,2.5796859333175157,0.7154165571570487,0.7153918288961995,0.7739193064207197,4.327654551243454,0.0,0.9316102215555069
05,pscore_mode,noised_0.25,1039,dm,q_shrink09,nan,0.6918953120560826,0.7153918288961995,0.7739193064207197,4.327654551243454,0.0,nan
05,pscore_mode,noised_0.25,1039,ips,q_shrink09,nan,0.7473036283618743,0.7153918288961995,0.7739193064207197,4.327654551243454,0.0,0.7739193064207197
05,pscore_mode,noised_0.25,1039,snips,q_shrink09,nan,0.7201158465050964,0.7153918288961995,0.7739193064207197,4.327654551243454,0.0,0.7739193064207197
05,pscore_mode,noised_0.25,1039,clipped_ips,q_shrink09,1.606140072757515,0.6923382620734548,0.7153918288961995,0.7739193064207197,4.327654551243454,0.0,0.8288441148963036
05,pscore_mode,noised_0.25,1039,dr,q_shrink09,nan,0.7200219982881021,0.7153918288961995,0.7739193064207197,4.327654551243454,0.0,0.7739193064207197
05,pscore_mode,noised_0.25,1039,switch_dr,q_shrink09,1.7551615130981548,0.7073851506639368,0.7153918288961995,0.7739193064207197,4.327654551243454,0.0,0.73514494011585
05,pscore_mode,noised_0.25,1039,dros,q_shrink09,2.5796859333175157,0.7043305961967019,0.7153918288961995,0.7739193064207197,4.327654551243454,0.0,0.9316102215555069
05,pscore_mode,noised_0.5,1039,dm,q_oracle,nan,0.7132170133956471,0.7153918288961995,0.6404008290501851,11.106354815853276,0.0,nan
05,pscore_mode,noised_0.5,1039,ips,q_oracle,nan,0.8250173870774801,0.7153918288961995,0.6404008290501851,11.106354815853276,0.0,0.6404008290501851
05,pscore_mode,noised_0.5,1039,snips,q_oracle,nan,0.7212970314233342,0.7153918288961995,0.6404008290501851,11.106354815853276,0.0,0.6404008290501851
05,pscore_mode,noised_0.5,1039,clipped_ips,q_oracle,1.606140072757515,0.6729089054486017,0.7153918288961995,0.6404008290501851,11.106354815853276,0.0,0.8002663609179604
05,pscore_mode,noised_0.5,1039,dr,q_oracle,nan,0.7205611199137353,0.7153918288961995,0.6404008290501851,11.106354815853276,0.0,0.6404008290501851
05,pscore_mode,noised_0.5,1039,switch_dr,q_oracle,1.7551615130981548,0.7181433038897055,0.7153918288961995,0.6404008290501851,11.106354815853276,0.0,0.6491989887920357
05,pscore_mode,noised_0.5,1039,dros,q_oracle,2.5796859333175157,0.7150990140832112,0.7153918288961995,0.6404008290501851,11.106354815853276,0.0,0.914792933562675
05,pscore_mode,noised_0.5,1039,dm,q_shrink09,nan,0.6918953120560826,0.7153918288961995,0.6404008290501851,11.106354815853276,0.0,nan
05,pscore_mode,noised_0.5,1039,ips,q_shrink09,nan,0.8250173870774801,0.7153918288961995,0.6404008290501851,11.106354815853276,0.0,0.6404008290501851
05,pscore_mode,noised_0.5,1039,snips,q_shrink09,nan,0.7212970314233342,0.7153918288961995,0.6404008290501851,11.106354815853276,0.0,0.6404008290501851
05,pscore_mode,noised_0.5,1039,clipped_ips,q_shrink09,1.606140072757515,0.6729089054486017,0.7153918288961995,0.6404008290501851,11.106354815853276,0.0,0.8002663609179604
05,pscore_mode,noised_0.5,1039,dr,q_shrink09,nan,0.7238168961846232,0.7153918288961995,0.6404008290501851,11.106354815853276,0.0,0.6404008290501851
05,pscore_mode,noised_0.5,1039,switch_dr,q_shrink09,1.7551615130981548,0.7060235373439747,0.7153918288961995,0.6404008290501851,11.106354815853276,0.0,0.6491989887920357
05,pscore_mode,noised_0.5,1039,dros,q_shrink09,2.5796859333175157,0.7030548201858768,0.7153918288961995,0.6404008290501851,11.106354815853276,0.0,0.914792933562675
05,pscore_mode,noised_1.0,1039,dm,q_oracle,nan,0.7132170133956471,0.7153918288961995,0.30703533166525765,73.14917936938033,0.0,nan
05,pscore_mode,noised_1.0,1039,ips,q_oracle,nan,1.2128894462210862,0.7153918288961995,0.30703533166525765,73.14917936938033,0.0,0.30703533166525765
05,pscore_mode,noised_1.0,1039,snips,q_oracle,nan,0.7235661304255055,0.7153918288961995,0.30703533166525765,73.14917936938033,0.0,0.30703533166525765
05,pscore_mode,noised_1.0,1039,clipped_ips,q_oracle,1.606140072757515,0.6350878546518848,0.7153918288961995,0.30703533166525765,73.14917936938033,0.0,0.7401054368154494
05,pscore_mode,noised_1.0,1039,dr,q_oracle,nan,0.7275871452686876,0.7153918288961995,0.30703533166525765,73.14917936938033,0.0,0.30703533166525765
05,pscore_mode,noised_1.0,1039,switch_dr,q_oracle,1.7551615130981548,0.716849116049275,0.7153918288961995,0.30703533166525765,73.14917936938033,0.0,0.5026370727163262
05,pscore_mode,noised_1.0,1039,dros,q_oracle,2.5796859333175157,0.7145496621413572,0.7153918288961995,0.30703533166525765,73.14917936938033,0.0,0.8492740710325309
05,pscore_mode,noised_1.0,1039,dm,q_shrink09,nan,0.6918953120560826,0.7153918288961995,0.30703533166525765,73.14917936938033,0.0,nan
05,pscore_mode,noised_1.0,1039,ips,q_shrink09,nan,1.2128894462210862,0.7153918288961995,0.30703533166525765,73.14917936938033,0.0,0.30703533166525765
05,pscore_mode,noised_1.0,1039,snips,q_shrink09,nan,0.7235661304255055,0.7153918288961995,0.30703533166525765,73.14917936938033,0.0,0.30703533166525765
05,pscore_mode,noised_1.0,1039,clipped_ips,q_shrink09,1.606140072757515,0.6350878546518848,0.7153918288961995,0.30703533166525765,73.14917936938033,0.0,0.7401054368154494
05,pscore_mode,noised_1.0,1039,dr,q_shrink09,nan,0.7423040654797414,0.7153918288961995,0.30703533166525765,73.14917936938033,0.0,0.30703533166525765
05,pscore_mode,noised_1.0,1039,switch_dr,q_shrink09,1.7551615130981548,0.70085443757724,0.7153918288961995,0.30703533166525765,73.14917936938033,0.0,0.5026370727163262
05,pscore_mode,noised_1.0,1039,dros,q_shrink09,2.5796859333175157,0.7003595017330324,0.7153918288961995,0.30703533166525765,73.14917936938033,0.0,0.8492740710325309
