axis_id,knob_name,knob_value,seed,estimator,variant,hyperparam_value,estimate,v_true,ess_ratio_raw,max_weight_raw,support_proxy,ess_ratio_used
06,alpha,1.0,1000,dm,n2500,nan,0.718297547047362,0.7153918288961995,0.8218918190349501,2.426776122073997,0.0,nan
06,alpha,1.0,1000,ips,n2500,nan,0.7236219114293406,0.7153918288961995,0.8218918190349501,2.426776122073997,0.0,0.8218918190349501
06,alpha,1.0,1000,snips,n2500,nan,0.7237207986215761,0.7153918288961995,0.8218918190349501,2.426776122073997,0.0,0.8218918190349501
06,alpha,1.0,1000,clipped_ips,n2500,1.5980210689877474,0.7046758271569733,0.7153918288961995,0.8218918190349501,2.426776122073997,0.0,0.8395336520958737
06,alpha,1.0,1000,dr,n2500,nan,0.7228661407611705,0.7153918288961995,0.8218918190349501,2.426776122073997,0.0,0.8218918190349501
06,alpha,1.0,1000,switch_dr,n2500,1.7570985576501466,0.7253714940080889,0.7153918288961995,0.8218918190349501,2.426776122073997,0.0,0.7939982604476961
06,alpha,1.0,1000,dros,n2500,2.553671336928743,0.7221121086493477,0.7153918288961995,0.8218918190349501,2.426776122073997,0.0,0.933500311018699
06,alpha,0.9,1000,dm,n2500,nan,0.6964677923426259,0.7153918288961995,0.8218918190349501,2.426776122073997,0.0,nan
06,alpha,0.9,1000,ips,n2500,nan,0.7236219114293406,0.7153918288961995,0.8218918190349501,2.426776122073997,0.0,0.8218918190349501
06,alpha,0.9,1000,snips,n2500,nan,0.7237207986215761,0.7153918288961995,0.8218918190349501,2.426776122073997,0.0,0.8218918190349501
06,alpha,0.9,1000,clipped_ips,n2500,1.5980210689877474,0.7046758271569733,0.7153918288961995,0.8218918190349501,2.426776122073997,0.0,0.8395336520958737
06,alpha,0.9,1000,dr,n2500,nan,0.7229485496885907,0.7153918288961995,0.8218918190349501,2.426776122073997,0.0,0.8218918190349501
06,alpha,0.9,1000,switch_dr,n2500,1.7570985576501466,0.7213947623019328,0.7153918288961995,0.8218918190349501,2.426776122073997,0.0,0.7939982604476961
06,alpha,0.9,1000,dros,n2500,2.553671336928743,0.7111041981174502,0.7153918288961995,0.8218918190349501,2.426776122073997,0.0,0.933500311018699
06,alpha,0.75,1000,dm,n2500,nan,0.6637231602855216,0.7153918288961995,0.8218918190349501,2.426776122073997,0.0,nan
06,alpha,0.75,1000,ips,n2500,nan,0.7236219114293406,0.7153918288961995,0.8218918190349501,2.426776122073997,0.0,0.8218918190349501
06,alpha,0.75,1000,snips,n2500,nan,0.7237207986215761,0.7153918288961995,0.8218918190349501,2.426776122073997,0.0,0.8218918190349501
06,alpha,0.75,1000,clipped_ips,n2500,1.5980210689877474,0.7046758271569733,0.7153918288961995,0.8218918190349501,2.426776122073997,0.0,0.8395336520958737
06,alpha,0.75,1000,dr,n2500,nan,0.7230721630797209,0.7153918288961995,0.8218918190349501,2.426776122073997,0.0,0.8218918190349501
06,alpha,0.75,1000,switch_dr,n2500,1.7570985576501466,0.7154296647426986,0.7153918288961995,0.8218918190349501,2.426776122073997,0.0,0.7939982604476961
06,alpha,0.75,1000,dros,n2500,2.553671336928743,0.6945923323196039,0.7153918288961995,0.8218918190349501,2.426776122073997,0.0,0.933500311018699
06,alpha,0.5,1000,dm,n2500,nan,0.6091487735236811,0.7153918288961995,0.8218918190349501,2.426776122073997,0.0,nan
06,alpha,0.5,1000,ips,n2500,nan,0.7236219114293406,0.7153918288961995,0.8218918190349501,2.426776122073997,0.0,0.8218918190349501
06,alpha,0.5,1000,snips,n2500,nan,0.7237207986215761,0.7153918288961995,0.8218918190349501,2.426776122073997,0.0,0.8218918190349501
06,alpha,0.5,1000,clipped_ips,n2500,1.5980210689877474,0.7046758271569733,0.7153918288961995,0.8218918190349501,2.426776122073997,0.0,0.8395336520958737
06,alpha,0.5,1000,dr,n2500,nan,0.7232781853982714,0.7153918288961995,0.8218918190349501,2.426776122073997,0.0,0.8218918190349501
06,alpha,0.5,1000,switch_dr,n2500,1.7570985576501466,0.7054878354773085,0.7153918288961995,0.8218918190349501,2.426776122073997,0.0,0.7939982604476961
06,alpha,0.5,1000,dros,n2500,2.553671336928743,0.6670725559898601,0.7153918288961995,0.8218918190349501,2.426776122073997,0.0,0.933500311018699
06,alpha,0.25,1000,dm,n2500,nan,0.5545743867618406,0.7153918288961995,0.8218918190349501,2.426776122073997,0.0,nan
06,alpha,0.25,1000,ips,n2500,nan,0.7236219114293406,0.7153918288961995,0.8218918190349501,2.426776122073997,0.0,0.8218918190349501
06,alpha,0.25,1000,snips,n2500,nan,0.7237207986215761,0.7153918288961995,0.8218918190349501,2.426776122073997,0.0,0.8218918190349501
06,alpha,0.25,1000,clipped_ips,n2500,1.5980210689877474,0.7046758271569733,0.7153918288961995,0.8218918190349501,2.426776122073997,0.0,0.8395336520958737
06,alpha,0.25,1000,dr,n2500,nan,0.7234842077168218,0.7153918288961995,0.8218918190349501,2.426776122073997,0.0,0.8218918190349501
06,alpha,0.25,1000,switch_dr,n2500,1.7570985576501466,0.6955460062119183,0.7153918288961995,0.8218918190349501,2.426776122073997,0.0,0.7939982604476961
06,alpha,0.25,1000,dros,n2500,2.553671336928743,0.6395527796601164,0.7153918288961995,0.8218918190349501,2.426776122073997,0.0,0.933500311018699
06,alpha,0.0,1000,dm,n2500,nan,0.5,0.7153918288961995,0.8218918190349501,2.426776122073997,0.0,nan
06,alpha,0.0,1000,ips,n2500,nan,0.7236219114293406,0.7153918288961995,0.8218918190349501,2.426776122073997,0.0,0.8218918190349501
06,alpha,0.0,1000,snips,n2500,nan,0.7237207986215761,0.7153918288961995,0.8218918190349501,2.426776122073997,0.0,0.8218918190349501
06,alpha,0.0,1000,clipped_ips,n2500,1.5980210689877474,0.7046758271569733,0.7153918288961995,0.8218918190349501,2.426776122073997,0.0,0.8395336520958737
06,alpha,0.0,1000,dr,n2500,nan,0.723690230035372,0.7153918288961995,0.8218918190349501,2.426776122073997,0.0,0.8218918190349501
06,alpha,0.0,1000,switch_dr,n2500,1.7570985576501466,0.685604176946528,0.7153918288961995,0.8218918190349501,2.426776122073997,0.0,0.7939982604476961
06,alpha,0.0,1000,dros,n2500,2.553671336928743,0.6120330033303725,0.7153918288961995,0.8218918190349501,2.426776122073997,0.0,0.933500311018699
06,alpha,1.0,1001,dm,n2500,nan,0.7134828574806972,0.7153918288961995,0.8241356313109942,2.591926615868094,0.0,nan
06,alpha,1.0,1001,ips,n2500,nan,0.7233778108384434,0.7153918288961995,0.8241356313109942,2.591926615868094,0.0,0.8241356313109942
06,alpha,1.0,1001,snips,n2500,nan,0.7163033658427463,0.7153918288961995,0.8241356313109942,2.591926615868094,0.0,0.8241356313109942
06,alpha,1.0,1001,clipped_ips,n2500,1.6314913870077161,0.7040494099267686,0.7153918288961995,0.8241356313109942,2.591926615868094,0.0,0.8424532000320846
06,alpha,1.0,1001,dr,n2500,nan,0.7141721072649798,0.7153918288961995,0.8241356313109942,2.591926615868094,0.0,0.8241356313109942
06,alpha,1.0,1001,switch_dr,n2500,1.797347893783224,0.7107052805931946,0.7153918288961995,0.8241356313109942,2.591926615868094,0.0,0.797701333136365
06,alpha,1.0,1001,dros,n2500,2.6617641458803614,0.7127880125137688,0.7153918288961995,0.8241356313109942,2.591926615868094,0.0,0.9372026661471154
06,alpha,0.9,1001,dm,n2500,nan,0.6921345717326274,0.7153918288961995,0.8241356313109942,2.591926615868094,0.0,nan
06,alpha,0.9,1001,ips,n2500,nan,0.7233778108384434,0.7153918288961995,0.8241356313109942,2.591926615868094,0.0,0.8241356313109942
06,alpha,0.9,1001,snips,n2500,nan,0.7163033658427463,0.7153918288961995,0.8241356313109942,2.591926615868094,0.0,0.8241356313109942
06,alpha,0.9,1001,clipped_ips,n2500,1.6314913870077161,0.7040494099267686,0.7153918288961995,0.8241356313109942,2.591926615868094,0.0,0.8424532000320846
06,alpha,0.9,1001,dr,n2500,nan,0.714598861361434,0.7153918288961995,0.8241356313109942,2.591926615868094,0.0,0.8241356313109942
06,alpha,0.9,1001,switch_dr,n2500,1.797347893783224,0.7070786887167673,0.7153918288961995,0.8241356313109942,2.591926615868094,0.0,0.797701333136365
06,alpha,0.9,1001,dros,n2500,2.6617641458803614,0.7023654295799799,0.7153918288961995,0.8241356313109942,2.591926615868094,0.0,0.9372026661471154
06,alpha,0.75,1001,dm,n2500,nan,0.6601121431105228,0.7153918288961995,0.8241356313109942,2.591926615868094,0.0,nan
06,alpha,0.75,1001,ips,n2500,nan,0.7233778108384434,0.7153918288961995,0.8241356313109942,2.591926615868094,0.0,0.8241356313109942
06,alpha,0.75,1001,snips,n2500,nan,0.7163033658427463,0.7153918288961995,0.8241356313109942,2.591926615868094,0.0,0.8241356313109942
06,alpha,0.75,1001,clipped_ips,n2500,1.6314913870077161,0.7040494099267686,0.7153918288961995,0.8241356313109942,2.591926615868094,0.0,0.8424532000320846
06,alpha,0.75,1001,dr,n2500,nan,0.7152389925061154,0.7153918288961995,0.8241356313109942,2.591926615868094,0.0,0.8241356313109942
06,alpha,0.75,1001,switch_dr,n2500,1.797347893783224,0.7016388009021263,0.7153918288961995,0.8241356313109942,2.591926615868094,0.0,0.797701333136365
06,alpha,0.75,1001,dros,n2500,2.6617641458803614,0.6867315551792968,0.7153918288961995,0.8241356313109942,2.591926615868094,0.0,0.9372026661471154
06,alpha,0.5,1001,dm,n2500,nan,0.6067414287403485,0.7153918288961995,0.8241356313109942,2.591926615868094,0.0,nan
06,alpha,0.5,1001,ips,n2500,nan,0.7233778108384434,0.7153918288961995,0.8241356313109942,2.591926615868094,0.0,0.8241356313109942
06,alpha,0.5,1001,snips,n2500,nan,0.7163033658427463,0.7153918288961995,0.8241356313109942,2.591926615868094,0.0,0.8241356313109942
06,alpha,0.5,1001,clipped_ips,n2500,1.6314913870077161,0.7040494099267686,0.7153918288961995,0.8241356313109942,2.591926615868094,0.0,0.8424532000320846
06,alpha,0.5,1001,dr,n2500,nan,0.7163058777472513,0.7153918288961995,0.8241356313109942,2.591926615868094,0.0,0.8241356313109942
06,alpha,0.5,1001,switch_dr,n2500,1.797347893783224,0.6925723212110579,0.7153918288961995,0.8241356313109942,2.591926615868094,0.0,0.797701333136365
06,alpha,0.5,1001,dros,n2500,2.6617641458803614,0.660675097844825,0.7153918288961995,0.8241356313109942,2.591926615868094,0.0,0.9372026661471154
06,alpha,0.25,1001,dm,n2500,nan,0.5533707143701742,0.7153918288961995,0.8241356313109942,2.591926615868094,0.0,nan
06,alpha,0.25,1001,ips,n2500,nan,0.7233778108384434,0.7153918288961995,0.8241356313109942,2.591926615868094,0.0,0.8241356313109942
06,alpha,0.25,1001,snips,n2500,nan,0.7163033658427463,0.7153918288961995,0.8241356313109942,2.591926615868094,0.0,0.8241356313109942
06,alpha,0.25,1001,clipped_ips,n2500,1.6314913870077161,0.7040494099267686,0.7153918288961995,0.8241356313109942,2.591926615868094,0.0,0.8424532000320846
06,alpha,0.25,1001,dr,n2500,nan,0.717372762988387,0.7153918288961995,0.8241356313109942,2.591926615868094,0.0,0.8241356313109942
06,alpha,0.25,1001,switch_dr,n2500,1.797347893783224,0.6835058415199896,0.7153918288961995,0.8241356313109942,2.591926615868094,0.0,0.797701333136365
06,alpha,0.25,1001,dros,n2500,2.6617641458803614,0.634618640510353,0.7153918288961995,0.8241356313109942,2.591926615868094,0.0,0.9372026661471154
06,alpha,0.0,1001,dm,n2500,nan,0.5,0.7153918288961995,0.8241356313109942,2.591926615868094,0.0,nan
06,alpha,0.0,1001,ips,n2500,nan,0.7233778108384434,0.7153918288961995,0.8241356313109942,2.591926615868094,0.0,0.8241356313109942
06,alpha,0.0,1001,snips,n2500,nan,0.7163033658427463,0.7153918288961995,0.8241356313109942,2.591926615868094,0.0,0.8241356313109942
06,alpha,0.0,1001,clipped_ips,n2500,1.6314913870077161,0.7040494099267686,0.7153918288961995,0.8241356313109942,2.591926615868094,0.0,0.8424532000320846
06,alpha,0.0,1001,dr,n2500,nan,0.718439648229523,0.7153918288961995,0.8241356313109942,2.591926615868094,0.0,0.8241356313109942
06,alpha,0.0,1001,switch_dr,n2500,1.797347893783224,0.6744393618289215,0.7153918288961995,0.8241356313109942,2.591926615868094,0.0,0.797701333136365
06,alpha,0.0,1001,dros,n2500,2.6617641458803614,0.6085621831758813,0.7153918288961995,0.8241356313109942,2.591926615868094,0.0,0.9372026661471154
06,alpha,1.0,1002,dm,n2500,nan,0.7158681813370342,0.7153918288961995,0.8228571137037252,2.379536265671803,0.0,nan
06,alpha,1.0,1002,ips,n2500,nan,0.7123678753411126,0.7153918288961995,0.8228571137037252,2.379536265671803,0.0,0.8228571137037252
06,alpha,1.0,1002,snips,n2500,nan,0.7168365091273137,0.7153918288961995,0.8228571137037252,2.379536265671803,0.0,0.8228571137037252
06,alpha,1.0,1002,clipped_ips,n2500,1.587073861219719,0.6929594422215494,0.7153918288961995,0.8228571137037252,2.379536265671803,0.0,0.8408535329784181
06,alpha,1.0,1002,dr,n2500,nan,0.7185339136050991,0.7153918288961995,0.8228571137037252,2.379536265671803,0.0,0.8228571137037252
06,alpha,1.0,1002,switch_dr,n2500,1.7794356665779938,0.718508248429412,0.7153918288961995,0.8228571137037252,2.379536265671803,0.0,0.7953512856281624
06,alpha,1.0,1002,dros,n2500,2.518803440966868,0.7178837195708486,0.7153918288961995,0.8228571137037252,2.379536265671803,0.0,0.9357581160045773
06,alpha,0.9,1002,dm,n2500,nan,0.6942813632033307,0.7153918288961995,0.8228571137037252,2.379536265671803,0.0,nan
06,alpha,0.9,1002,ips,n2500,nan,0.7123678753411126,0.7153918288961995,0.8228571137037252,2.379536265671803,0.0,0.8228571137037252
06,alpha,0.9,1002,snips,n2500,nan,0.7168365091273137,0.7153918288961995,0.8228571137037252,2.379536265671803,0.0,0.8228571137037252
06,alpha,0.9,1002,clipped_ips,n2500,1.587073861219719,0.6929594422215494,0.7153918288961995,0.8228571137037252,2.379536265671803,0.0,0.8408535329784181
06,alpha,0.9,1002,dr,n2500,nan,0.7182290010590204,0.7153918288961995,0.8228571137037252,2.379536265671803,0.0,0.8228571137037252
06,alpha,0.9,1002,switch_dr,n2500,1.7794356665779938,0.7141984487043666,0.7153918288961995,0.8228571137037252,2.379536265671803,0.0,0.7953512856281624
06,alpha,0.9,1002,dros,n2500,2.518803440966868,0.7067059713236344,0.7153918288961995,0.8228571137037252,2.379536265671803,0.0,0.9357581160045773
06,alpha,0.75,1002,dm,n2500,nan,0.6619011360027757,0.7153918288961995,0.8228571137037252,2.379536265671803,0.0,nan
06,alpha,0.75,1002,ips,n2500,nan,0.7123678753411126,0.7153918288961995,0.8228571137037252,2.379536265671803,0.0,0.8228571137037252
06,alpha,0.75,1002,snips,n2500,nan,0.7168365091273137,0.7153918288961995,0.8228571137037252,2.379536265671803,0.0,0.8228571137037252
06,alpha,0.75,1002,clipped_ips,n2500,1.587073861219719,0.6929594422215494,0.7153918288961995,0.8228571137037252,2.379536265671803,0.0,0.8408535329784181
06,alpha,0.75,1002,dr,n2500,nan,0.7177716322399026,0.7153918288961995,0.8228571137037252,2.379536265671803,0.0,0.8228571137037252
06,alpha,0.75,1002,switch_dr,n2500,1.7794356665779938,0.7077337491167986,0.7153918288961995,0.8228571137037252,2.379536265671803,0.0,0.7953512856281624
06,alpha,0.75,1002,dros,n2500,2.518803440966868,0.6899393489528135,0.7153918288961995,0.8228571137037252,2.379536265671803,0.0,0.9357581160045773
06,alpha,0.5,1002,dm,n2500,nan,0.6079340906685171,0.7153918288961995,0.8228571137037252,2.379536265671803,0.0,nan
06,alpha,0.5,1002,ips,n2500,nan,0.7123678753411126,0.7153918288961995,0.8228571137037252,2.379536265671803,0.0,0.8228571137037252
06,alpha,0.5,1002,snips,n2500,nan,0.7168365091273137,0.7153918288961995,0.8228571137037252,2.379536265671803,0.0,0.8228571137037252
06,alpha,0.5,1002,clipped_ips,n2500,1.587073861219719,0.6929594422215494,0.7153918288961995,0.8228571137037252,2.379536265671803,0.0,0.8408535329784181
06,alpha,0.5,1002,dr,n2500,nan,0.7170093508747062,0.7153918288961995,0.8228571137037252,2.379536265671803,0.0,0.8228571137037252
06,alpha,0.5,1002,switch_dr,n2500,1.7794356665779938,0.6969592498041854,0.7153918288961995,0.8228571137037252,2.379536265671803,0.0,0.7953512856281624
06,alpha,0.5,1002,dros,n2500,2.518803440966868,0.6619949783347784,0.7153918288961995,0.8228571137037252,2.379536265671803,0.0,0.9357581160045773
06,alpha,0.25,1002,dm,n2500,nan,0.5539670453342586,0.7153918288961995,0.8228571137037252,2.379536265671803,0.0,nan
06,alpha,0.25,1002,ips,n2500,nan,0.7123678753411126,0.7153918288961995,0.8228571137037252,2.379536265671803,0.0,0.8228571137037252
06,alpha,0.25,1002,snips,n2500,nan,0.7168365091273137,0.7153918288961995,0.8228571137037252,2.379536265671803,0.0,0.8228571137037252
06,alpha,0.25,1002,clipped_ips,n2500,1.587073861219719,0.6929594422215494,0.7153918288961995,0.8228571137037252,2.379536265671803,0.0,0.8408535329784181
06,alpha,0.25,1002,dr,n2500,nan,0.7162470695095097,0.7153918288961995,0.8228571137037252,2.379536265671803,0.0,0.8228571137037252
06,alpha,0.25,1002,switch_dr,n2500,1.7794356665779938,0.6861847504915721,0.7153918288961995,0.8228571137037252,2.379536265671803,0.0,0.7953512856281624
06,alpha,0.25,1002,dros,n2500,2.518803440966868,0.6340506077167433,0.7153918288961995,0.8228571137037252,2.379536265671803,0.0,0.9357581160045773
06,alpha,0.0,1002,dm,n2500,nan,0.5,0.7153918288961995,0.8228571137037252,2.379536265671803,0.0,nan
06,alpha,0.0,1002,ips,n2500,nan,0.7123678753411126,0.7153918288961995,0.8228571137037252,2.379536265671803,0.0,0.8228571137037252
06,alpha,0.0,1002,snips,n2500,nan,0.7168365091273137,0.7153918288961995,0.8228571137037252,2.379536265671803,0.0,0.8228571137037252
06,alpha,0.0,1002,clipped_ips,n2500,1.587073861219719,0.6929594422215494,0.7153918288961995,0.8228571137037252,2.379536265671803,0.0,0.8408535329784181
06,alpha,0.0,1002,dr,n2500,nan,0.7154847881443132,0.7153918288961995,0.8228571137037252,2.379536265671803,0.0,0.8228571137037252
06,alpha,0.0,1002,switch_dr,n2500,1.7794356665779938,0.6754102511789588,0.7153918288961995,0.8228571137037252,2.379536265671803,0.0,0.7953512856281624
06,alpha,0.0,1002,dros,n2500,2.518803440966868,0.6061062370987081,0.7153918288961995,0.8228571137037252,2.379536265671803,0.0,0.9357581160045773
06,alpha,1.0,1003,dm,n2500,nan,0.7167920552987903,0.7153918288961995,0.8278889432086078,2.526464302200902,0.0,nan
06,alpha,1.0,1003,ips,n2500,nan,0.7453982698270056,0.7153918288961995,0.8278889432086078,2.526464302200902,0.0,0.8278889432086078
06,alpha,1.0,1003,snips,n2500,nan,0.7354390758021488,0.7153918288961995,0.8278889432086078,2.526464302200902,0.0,0.8278889432086078
06,alpha,1.0,1003,clipped_ips,n2500,1.6147381410658743,0.7249965863818341,0.7153918288961995,0.8278889432086078,2.526464302200902,0.0,0.8466444466784969
06,alpha,1.0,1003,dr,n2500,nan,0.7307439774303292,0.7153918288961995,0.8278889432086078,2.526464302200902,0.0,0.8278889432086078
06,alpha,1.0,1003,switch_dr,n2500,1.760791407611254,0.7299967312136432,0.7153918288961995,0.8278889432086078,2.526464302200902,0.0,0.8016497805231908
06,alpha,1.0,1003,dros,n2500,2.6073792642128755,0.7260927150339301,0.7153918288961995,0.8278889432086078,2.526464302200902,0.0,0.9382373984961041
06,alpha,0.9,1003,dm,n2500,nan,0.6951128497689113,0.7153918288961995,0.8278889432086078,2.526464302200902,0.0,nan
06,alpha,0.9,1003,ips,n2500,nan,0.7453982698270056,0.7153918288961995,0.8278889432086078,2.526464302200902,0.0,0.8278889432086078
06,alpha,0.9,1003,snips,n2500,nan,0.7354390758021488,0.7153918288961995,0.8278889432086078,2.526464302200902,0.0,0.8278889432086078
06,alpha,0.9,1003,clipped_ips,n2500,1.6147381410658743,0.7249965863818341,0.7153918288961995,0.8278889432086078,2.526464302200902,0.0,0.8466444466784969
06,alpha,0.9,1003,dr,n2500,nan,0.7315323149602591,0.7153918288961995,0.8278889432086078,2.526464302200902,0.0,0.8278889432086078
06,alpha,0.9,1003,switch_dr,n2500,1.760791407611254,0.7266942847749964,0.7153918288961995,0.8278889432086078,2.526464302200902,0.0,0.8016497805231908
06,alpha,0.9,1003,dros,n2500,2.6073792642128755,0.7157379564019293,0.7153918288961995,0.8278889432086078,2.526464302200902,0.0,0.9382373984961041
06,alpha,0.75,1003,dm,n2500,nan,0.6625940414740926,0.7153918288961995,0.8278889432086078,2.526464302200902,0.0,nan
06,alpha,0.75,1003,ips,n2500,nan,0.7453982698270056,0.7153918288961995,0.8278889432086078,2.526464302200902,0.0,0.8278889432086078
06,alpha,0.75,1003,snips,n2500,nan,0.7354390758021488,0.7153918288961995,0.8278889432086078,2.526464302200902,0.0,0.8278889432086078
06,alpha,0.75,1003,clipped_ips,n2500,1.6147381410658743,0.7249965863818341,0.7153918288961995,0.8278889432086078,2.526464302200902,0.0,0.8466444466784969
06,alpha,0.75,1003,dr,n2500,nan,0.7327148212551537,0.7153918288961995,0.8278889432086078,2.526464302200902,0.0,0.8278889432086078
06,alpha,0.75,1003,switch_dr,n2500,1.760791407611254,0.7217406151170261,0.7153918288961995,0.8278889432086078,2.526464302200902,0.0,0.8016497805231908
06,alpha,0.75,1003,dros,n2500,2.6073792642128755,0.7002058184539279,0.7153918288961995,0.8278889432086078,2.526464302200902,0.0,0.9382373984961041
06,alpha,0.5,1003,dm,n2500,nan,0.6083960276493952,0.7153918288961995,0.8278889432086078,2.526464302200902,0.0,nan
06,alpha,0.5,1003,ips,n2500,nan,0.7453982698270056,0.7153918288961995,0.8278889432086078,2.526464302200902,0.0,0.8278889432086078
06,alpha,0.5,1003,snips,n2500,nan,0.7354390758021488,0.7153918288961995,0.8278889432086078,2.526464302200902,0.0,0.8278889432086078
06,alpha,0.5,1003,clipped_ips,n2500,1.6147381410658743,0.7249965863818341,0.7153918288961995,0.8278889432086078,2.526464302200902,0.0,0.8466444466784969
06,alpha,0.5,1003,dr,n2500,nan,0.7346856650799786,0.7153918288961995,0.8278889432086078,2.526464302200902,0.0,0.8278889432086078
06,alpha,0.5,1003,switch_dr,n2500,1.760791407611254,0.7134844990204094,0.7153918288961995,0.8278889432086078,2.526464302200902,0.0,0.8016497805231908
06,alpha,0.5,1003,dros,n2500,2.6073792642128755,0.6743189218739261,0.7153918288961995,0.8278889432086078,2.526464302200902,0.0,0.9382373984961041
06,alpha,0.25,1003,dm,n2500,nan,0.5541980138246976,0.7153918288961995,0.8278889432086078,2.526464302200902,0.0,nan
06,alpha,0.25,1003,ips,n2500,nan,0.7453982698270056,0.7153918288961995,0.8278889432086078,2.526464302200902,0.0,0.8278889432086078
06,alpha,0.25,1003,snips,n2500,nan,0.7354390758021488,0.7153918288961995,0.8278889432086078,2.526464302200902,0.0,0.8278889432086078
06,alpha,0.25,1003,clipped_ips,n2500,1.6147381410658743,0.7249965863818341,0.7153918288961995,0.8278889432086078,2.526464302200902,0.0,0.8466444466784969
06,alpha,0.25,1003,dr,n2500,nan,0.7366565089048033,0.7153918288961995,0.8278889432086078,2.526464302200902,0.0,0.8278889432086078
06,alpha,0.25,1003,switch_dr,n2500,1.760791407611254,0.7052283829237925,0.7153918288961995,0.8278889432086078,2.526464302200902,0.0,0.8016497805231908
06,alpha,0.25,1003,dros,n2500,2.6073792642128755,0.648432025293924,0.7153918288961995,0.8278889432086078,2.526464302200902,0.0,0.9382373984961041
06,alpha,0.0,1003,dm,n2500,nan,0.5,0.7153918288961995,0.8278889432086078,2.526464302200902,0.0,nan
06,alpha,0.0,1003,ips,n2500,nan,0.7453982698270056,0.7153918288961995,0.8278889432086078,2.526464302200902,0.0,0.8278889432086078
06,alpha,0.0,1003,snips,n2500,nan,0.7354390758021488,0.7153918288961995,0.8278889432086078,2.526464302200902,0.0,0.8278889432086078
06,alpha,0.0,1003,clipped_ips,n2500,1.6147381410658743,0.7249965863818341,0.7153918288961995,0.8278889432086078,2.526464302200902,0.0,0.8466444466784969
06,alpha,0.0,1003,dr,n2500,nan,0.738627352729628,0.7153918288961995,0.8278889432086078,2.526464302200902,0.0,0.8278889432086078
06,alpha,0.0,1003,switch_dr,n2500,1.760791407611254,0.6969722668271756,0.7153918288961995,0.8278889432086078,2.526464302200902,0.0,0.8016497805231908
06,alpha,0.0,1003,dros,n2500,2.6073792642128755,0.622545128713922,0.7153918288961995,0.8278889432086078,2.526464302200902,0.0,0.9382373984961041
06,alpha,1.0,1004,dm,n2500,nan,0.7149767648849532,0.7153918288961995,0.8211782069925723,2.695371868291286,0.0,nan
06,alpha,1.0,1004,ips,n2500,nan,0.7585455166073509,0.7153918288961995,0.8211782069925723,2.695371868291286,0.0,0.8211782069925723
06,alpha,1.0,1004,snips,n2500,nan,0.7517405714899467,0.7153918288961995,0.8211782069925723,2.695371868291286,0.0,0.8211782069925723
06,alpha,1.0,1004,clipped_ips,n2500,1.6433049354139468,0.7393254766107009,0.7153918288961995,0.8211782069925723,2.695371868291286,0.0,0.8388958811388763
06,alpha,1.0,1004,dr,n2500,nan,0.7476988067807898,0.7153918288961995,0.8211782069925723,2.695371868291286,0.0,0.8211782069925723
06,alpha,1.0,1004,switch_dr,n2500,1.7803363437261832,0.7414003271789604,0.7153918288961995,0.8211782069925723,2.695371868291286,0.0,0.7948131146741351
06,alpha,1.0,1004,dros,n2500,2.700451110755836,0.7341322556291834,0.7153918288961995,0.8211782069925723,2.695371868291286,0.0,0.9336564880546222
06,alpha,0.9,1004,dm,n2500,nan,0.693479088396458,0.7153918288961995,0.8211782069925723,2.695371868291286,0.0,nan
06,alpha,0.9,1004,ips,n2500,nan,0.7585455166073509,0.7153918288961995,0.8211782069925723,2.695371868291286,0.0,0.8211782069925723
06,alpha,0.9,1004,snips,n2500,nan,0.7517405714899467,0.7153918288961995,0.8211782069925723,2.695371868291286,0.0,0.8211782069925723
06,alpha,0.9,1004,clipped_ips,n2500,1.6433049354139468,0.7393254766107009,0.7153918288961995,0.8211782069925723,2.695371868291286,0.0,0.8388958811388763
06,alpha,0.9,1004,dr,n2500,nan,0.7483308651617397,0.7153918288961995,0.8211782069925723,2.695371868291286,0.0,0.8211782069925723
06,alpha,0.9,1004,switch_dr,n2500,1.7803363437261832,0.7378544188117095,0.7153918288961995,0.8211782069925723,2.695371868291286,0.0,0.7948131146741351
06,alpha,0.9,1004,dros,n2500,2.700451110755836,0.7238049205020584,0.7153918288961995,0.8211782069925723,2.695371868291286,0.0,0.9336564880546222
06,alpha,0.75,1004,dm,n2500,nan,0.661232573663715,0.7153918288961995,0.8211782069925723,2.695371868291286,0.0,nan
06,alpha,0.75,1004,ips,n2500,nan,0.7585455166073509,0.7153918288961995,0.8211782069925723,2.695371868291286,0.0,0.8211782069925723
06,alpha,0.75,1004,snips,n2500,nan,0.7517405714899467,0.7153918288961995,0.8211782069925723,2.695371868291286,0.0,0.8211782069925723
06,alpha,0.75,1004,clipped_ips,n2500,1.6433049354139468,0.7393254766107009,0.7153918288961995,0.8211782069925723,2.695371868291286,0.0,0.8388958811388763
06,alpha,0.75,1004,dr,n2500,nan,0.7492789527331646,0.7153918288961995,0.8211782069925723,2.695371868291286,0.0,0.8211782069925723
06,alpha,0.75,1004,switch_dr,n2500,1.7803363437261832,0.7325355562608332,0.7153918288961995,0.8211782069925723,2.695371868291286,0.0,0.7948131146741351
06,alpha,0.75,1004,dros,n2500,2.700451110755836,0.7083139178113707,0.7153918288961995,0.8211782069925723,2.695371868291286,0.0,0.9336564880546222
06,alpha,0.5,1004,dm,n2500,nan,0.6074883824424766,0.7153918288961995,0.8211782069925723,2.695371868291286,0.0,nan
06,alpha,0.5,1004,ips,n2500,nan,0.7585455166073509,0.7153918288961995,0.8211782069925723,2.695371868291286,0.0,0.8211782069925723
06,alpha,0.5,1004,snips,n2500,nan,0.7517405714899467,0.7153918288961995,0.8211782069925723,2.695371868291286,0.0,0.8211782069925723
06,alpha,0.5,1004,clipped_ips,n2500,1.6433049354139468,0.7393254766107009,0.7153918288961995,0.8211782069925723,2.695371868291286,0.0,0.8388958811388763
06,alpha,0.5,1004,dr,n2500,nan,0.750859098685539,0.7153918288961995,0.8211782069925723,2.695371868291286,0.0,0.8211782069925723
06,alpha,0.5,1004,switch_dr,n2500,1.7803363437261832,0.7236707853427058,0.7153918288961995,0.8211782069925723,2.695371868291286,0.0,0.7948131146741351
06,alpha,0.5,1004,dros,n2500,2.700451110755836,0.6824955799935577,0.7153918288961995,0.8211782069925723,2.695371868291286,0.0,0.9336564880546222
06,alpha,0.25,1004,dm,n2500,nan,0.5537441912212384,0.7153918288961995,0.8211782069925723,2.695371868291286,0.0,nan
06,alpha,0.25,1004,ips,n2500,nan,0.7585455166073509,0.7153918288961995,0.8211782069925723,2.695371868291286,0.0,0.8211782069925723
06,alpha,0.25,1004,snips,n2500,nan,0.7517405714899467,0.7153918288961995,0.8211782069925723,2.695371868291286,0.0,0.8211782069925723
06,alpha,0.25,1004,clipped_ips,n2500,1.6433049354139468,0.7393254766107009,0.7153918288961995,0.8211782069925723,2.695371868291286,0.0,0.8388958811388763
06,alpha,0.25,1004,dr,n2500,nan,0.7524392446379138,0.7153918288961995,0.8211782069925723,2.695371868291286,0.0,0.8211782069925723
06,alpha,0.25,1004,switch_dr,n2500,1.7803363437261832,0.7148060144245787,0.7153918288961995,0.8211782069925723,2.695371868291286,0.0,0.7948131146741351
06,alpha,0.25,1004,dros,n2500,2.700451110755836,0.656677242175745,0.7153918288961995,0.8211782069925723,2.695371868291286,0.0,0.9336564880546222
06,alpha,0.0,1004,dm,n2500,nan,0.5,0.7153918288961995,0.8211782069925723,2.695371868291286,0.0,nan
06,alpha,0.0,1004,ips,n2500,nan,0.7585455166073509,0.7153918288961995,0.8211782069925723,2.695371868291286,0.0,0.8211782069925723
06,alpha,0.0,1004,snips,n2500,nan,0.7517405714899467,0.7153918288961995,0.8211782069925723,2.695371868291286,0.0,0.8211782069925723
06,alpha,0.0,1004,clipped_ips,n2500,1.6433049354139468,0.7393254766107009,0.7153918288961995,0.8211782069925723,2.695371868291286,0.0,0.8388958811388763
06,alpha,0.0,1004,dr,n2500,nan,0.7540193905902883,0.7153918288961995,0.8211782069925723,2.695371868291286,0.0,0.8211782069925723
06,alpha,0.0,1004,switch_dr,n2500,1.7803363437261832,0.7059412435064514,0.7153918288961995,0.8211782069925723,2.695371868291286,0.0,0.7948131146741351
06,alpha,0.0,1004,dros,n2500,2.700451110755836,0.630858904357932,0.7153918288961995,0.8211782069925723,2.695371868291286,0.0,0.9336564880546222
06,alpha,1.0,1005,dm,n2500,nan,0.7139798409214003,0.7153918288961995,0.8221421183465558,2.7042127200921215,0.0,nan
06,alpha,1.0,1005,ips,n2500,nan,0.7319537509259695,0.7153918288961995,0.8221421183465558,2.7042127200921215,0.0,0.8221421183465558
06,alpha,1.0,1005,snips,n2500,nan,0.728348392540775,0.7153918288961995,0.8221421183465558,2.7042127200921215,0.0,0.8221421183465558
06,alpha,1.0,1005,clipped_ips,n2500,1.620313398739248,0.712917038124421,0.7153918288961995,0.8221421183465558,2.7042127200921215,0.0,0.839649007235235
06,alpha,1.0,1005,dr,n2500,nan,0.7265650220793455,0.7153918288961995,0.8221421183465558,2.7042127200921215,0.0,0.8221421183465558
06,alpha,1.0,1005,switch_dr,n2500,1.7700128709394254,0.7236215762492002,0.7153918288961995,0.8221421183465558,2.7042127200921215,0.0,0.7945646429064889
06,alpha,1.0,1005,dros,n2500,2.625415510133933,0.7209958915127144,0.7153918288961995,0.8221421183465558,2.7042127200921215,0.0,0.9338554666314322
06,alpha,0.9,1005,dm,n2500,nan,0.6925818568292603,0.7153918288961995,0.8221421183465558,2.7042127200921215,0.0,nan
06,alpha,0.9,1005,ips,n2500,nan,0.7319537509259695,0.7153918288961995,0.8221421183465558,2.7042127200921215,0.0,0.8221421183465558
06,alpha,0.9,1005,snips,n2500,nan,0.728348392540775,0.7153918288961995,0.8221421183465558,2.7042127200921215,0.0,0.8221421183465558
06,alpha,0.9,1005,clipped_ips,n2500,1.620313398739248,0.712917038124421,0.7153918288961995,0.8221421183465558,2.7042127200921215,0.0,0.839649007235235
06,alpha,0.9,1005,dr,n2500,nan,0.7268563926407985,0.7153918288961995,0.8221421183465558,2.7042127200921215,0.0,0.8221421183465558
06,alpha,0.9,1005,switch_dr,n2500,1.7700128709394254,0.719916495479498,0.7153918288961995,0.8221421183465558,2.7042127200921215,0.0,0.7945646429064889
06,alpha,0.9,1005,dros,n2500,2.625415510133933,0.7103925739910031,0.7153918288961995,0.8221421183465558,2.7042127200921215,0.0,0.9338554666314322
06,alpha,0.75,1005,dm,n2500,nan,0.6604848806910503,0.7153918288961995,0.8221421183465558,2.7042127200921215,0.0,nan
06,alpha,0.75,1005,ips,n2500,nan,0.7319537509259695,0.7153918288961995,0.8221421183465558,2.7042127200921215,0.0,0.8221421183465558
06,alpha,0.75,1005,snips,n2500,nan,0.728348392540775,0.7153918288961995,0.8221421183465558,2.7042127200921215,0.0,0.8221421183465558
06,alpha,0.75,1005,clipped_ips,n2500,1.620313398739248,0.712917038124421,0.7153918288961995,0.8221421183465558,2.7042127200921215,0.0,0.839649007235235
06,alpha,0.75,1005,dr,n2500,nan,0.7272934484829778,0.7153918288961995,0.8221421183465558,2.7042127200921215,0.0,0.8221421183465558
06,alpha,0.75,1005,switch_dr,n2500,1.7700128709394254,0.7143588743249447,0.7153918288961995,0.8221421183465558,2.7042127200921215,0.0,0.7945646429064889
06,alpha,0.75,1005,dros,n2500,2.625415510133933,0.6944875977084363,0.7153918288961995,0.8221421183465558,2.7042127200921215,0.0,0.9338554666314322
06,alpha,0.5,1005,dm,n2500,nan,0.6069899204607001,0.7153918288961995,0.8221421183465558,2.7042127200921215,0.0,nan
06,alpha,0.5,1005,ips,n2500,nan,0.7319537509259695,0.7153918288961995,0.8221421183465558,2.7042127200921215,0.0,0.8221421183465558
06,alpha,0.5,1005,snips,n2500,nan,0.728348392540775,0.7153918288961995,0.8221421183465558,2.7042127200921215,0.0,0.8221421183465558
06,alpha,0.5,1005,clipped_ips,n2500,1.620313398739248,0.712917038124421,0.7153918288961995,0.8221421183465558,2.7042127200921215,0.0,0.839649007235235
06,alpha,0.5,1005,dr,n2500,nan,0.7280218748866101,0.7153918288961995,0.8221421183465558,2.7042127200921215,0.0,0.8221421183465558
06,alpha,0.5,1005,switch_dr,n2500,1.7700128709394254,0.7050961724006892,0.7153918288961995,0.8221421183465558,2.7042127200921215,0.0,0.7945646429064889
06,alpha,0.5,1005,dros,n2500,2.625415510133933,0.6679793039041579,0.7153918288961995,0.8221421183465558,2.7042127200921215,0.0,0.9338554666314322
06,alpha,0.25,1005,dm,n2500,nan,0.55349496023035,0.7153918288961995,0.8221421183465558,2.7042127200921215,0.0,nan
06,alpha,0.25,1005,ips,n2500,nan,0.7319537509259695,0.7153918288961995,0.8221421183465558,2.7042127200921215,0.0,0.8221421183465558
06,alpha,0.25,1005,snips,n2500,nan,0.728348392540775,0.7153918288961995,0.8221421183465558,2.7042127200921215,0.0,0.8221421183465558
06,alpha,0.25,1005,clipped_ips,n2500,1.620313398739248,0.712917038124421,0.7153918288961995,0.8221421183465558,2.7042127200921215,0.0,0.839649007235235
06,alpha,0.25,1005,dr,n2500,nan,0.7287503012902424,0.7153918288961995,0.8221421183465558,2.7042127200921215,0.0,0.8221421183465558
06,alpha,0.25,1005,switch_dr,n2500,1.7700128709394254,0.6958334704764337,0.7153918288961995,0.8221421183465558,2.7042127200921215,0.0,0.7945646429064889
06,alpha,0.25,1005,dros,n2500,2.625415510133933,0.6414710100998798,0.7153918288961995,0.8221421183465558,2.7042127200921215,0.0,0.9338554666314322
06,alpha,0.0,1005,dm,n2500,nan,0.5,0.7153918288961995,0.8221421183465558,2.7042127200921215,0.0,nan
06,alpha,0.0,1005,ips,n2500,nan,0.7319537509259695,0.7153918288961995,0.8221421183465558,2.7042127200921215,0.0,0.8221421183465558
06,alpha,0.0,1005,snips,n2500,nan,0.728348392540775,0.7153918288961995,0.8221421183465558,2.7042127200921215,0.0,0.8221421183465558
06,alpha,0.0,1005,clipped_ips,n2500,1.620313398739248,0.712917038124421,0.7153918288961995,0.8221421183465558,2.7042127200921215,0.0,0.839649007235235
06,alpha,0.0,1005,dr,n2500,nan,0.7294787276938748,0.7153918288961995,0.8221421183465558,2.7042127200921215,0.0,0.8221421183465558
06,alpha,0.0,1005,switch_dr,n2500,1.7700128709394254,0.6865707685521784,0.7153918288961995,0.8221421183465558,2.7042127200921215,0.0,0.7945646429064889
06,alpha,0.0,1005,dros,n2500,2.625415510133933,0.6149627162956017,0.7153918288961995,0.8221421183465558,2.7042127200921215,0.0,0.9338554666314322
06,alpha,1.0,1006,dm,n2500,nan,0.7149549515758544,0.7153918288961995,0.8281098745957428,2.6925091242530246,0.0,nan
06,alpha,1.0,1006,ips,n2500,nan,0.7571061459040951,0.7153918288961995,0.8281098745957428,2.6925091242530246,0.0,0.8281098745957428
06,alpha,1.0,1006,snips,n2500,nan,0.7431508440808154,0.7153918288961995,0.8281098745957428,2.6925091242530246,0.0,0.8281098745957428
06,alpha,1.0,1006,clipped_ips,n2500,1.6345645193777145,0.7375137106581443,0.7153918288961995,0.8281098745957428,2.6925091242530246,0.0,0.8451161357439151
06,alpha,1.0,1006,dr,n2500,nan,0.7374871800253293,0.7153918288961995,0.8281098745957428,2.6925091242530246,0.0,0.8281098745957428
06,alpha,1.0,1006,switch_dr,n2500,1.7719226075869943,0.7306625450872263,0.7153918288961995,0.8281098745957428,2.6925091242530246,0.0,0.8007759828670139
06,alpha,1.0,1006,dros,n2500,2.671801168008499,0.7280538427309052,0.7153918288961995,0.8281098745957428,2.6925091242530246,0.0,0.9379614713950887
06,alpha,0.9,1006,dm,n2500,nan,0.6934594564182691,0.7153918288961995,0.8281098745957428,2.6925091242530246,0.0,nan
06,alpha,0.9,1006,ips,n2500,nan,0.7571061459040951,0.7153918288961995,0.8281098745957428,2.6925091242530246,0.0,0.8281098745957428
06,alpha,0.9,1006,snips,n2500,nan,0.7431508440808154,0.7153918288961995,0.8281098745957428,2.6925091242530246,0.0,0.8281098745957428
06,alpha,0.9,1006,clipped_ips,n2500,1.6345645193777145,0.7375137106581443,0.7153918288961995,0.8281098745957428,2.6925091242530246,0.0,0.8451161357439151
06,alpha,0.9,1006,dr,n2500,nan,0.7385101486731765,0.7153918288961995,0.8281098745957428,2.6925091242530246,0.0,0.8281098745957428
06,alpha,0.9,1006,switch_dr,n2500,1.7719226075869943,0.7276351989131302,0.7153918288961995,0.8281098745957428,2.6925091242530246,0.0,0.8007759828670139
06,alpha,0.9,1006,dros,n2500,2.671801168008499,0.7179519134238952,0.7153918288961995,0.8281098745957428,2.6925091242530246,0.0,0.9379614713950887
06,alpha,0.75,1006,dm,n2500,nan,0.6612162136818908,0.7153918288961995,0.8281098745957428,2.6925091242530246,0.0,nan
06,alpha,0.75,1006,ips,n2500,nan,0.7571061459040951,0.7153918288961995,0.8281098745957428,2.6925091242530246,0.0,0.8281098745957428
06,alpha,0.75,1006,snips,n2500,nan,0.7431508440808154,0.7153918288961995,0.8281098745957428,2.6925091242530246,0.0,0.8281098745957428
06,alpha,0.75,1006,clipped_ips,n2500,1.6345645193777145,0.7375137106581443,0.7153918288961995,0.8281098745957428,2.6925091242530246,0.0,0.8451161357439151
06,alpha,0.75,1006,dr,n2500,nan,0.7400446016449469,0.7153918288961995,0.8281098745957428,2.6925091242530246,0.0,0.8281098745957428
06,alpha,0.75,1006,switch_dr,n2500,1.7719226075869943,0.7230941796519855,0.7153918288961995,0.8281098745957428,2.6925091242530246,0.0,0.8007759828670139
06,alpha,0.75,1006,dros,n2500,2.671801168008499,0.7027990194633797,0.7153918288961995,0.8281098745957428,2.6925091242530246,0.0,0.9379614713950887
06,alpha,0.5,1006,dm,n2500,nan,0.6074774757879273,0.7153918288961995,0.8281098745957428,2.6925091242530246,0.0,nan
06,alpha,0.5,1006,ips,n2500,nan,0.7571061459040951,0.7153918288961995,0.8281098745957428,2.6925091242530246,0.0,0.8281098745957428
06,alpha,0.5,1006,snips,n2500,nan,0.7431508440808154,0.7153918288961995,0.8281098745957428,2.6925091242530246,0.0,0.8281098745957428
06,alpha,0.5,1006,clipped_ips,n2500,1.6345645193777145,0.7375137106581443,0.7153918288961995,0.8281098745957428,2.6925091242530246,0.0,0.8451161357439151
06,alpha,0.5,1006,dr,n2500,nan,0.7426020232645648,0.7153918288961995,0.8281098745957428,2.6925091242530246,0.0,0.8281098745957428
06,alpha,0.5,1006,switch_dr,n2500,1.7719226075869943,0.715525814216745,0.7153918288961995,0.8281098745957428,2.6925091242530246,0.0,0.8007759828670139
06,alpha,0.5,1006,dros,n2500,2.671801168008499,0.6775441961958546,0.7153918288961995,0.8281098745957428,2.6925091242530246,0.0,0.9379614713950887
06,alpha,0.25,1006,dm,n2500,nan,0.5537387378939636,0.7153918288961995,0.8281098745957428,2.6925091242530246,0.0,nan
06,alpha,0.25,1006,ips,n2500,nan,0.7571061459040951,0.7153918288961995,0.8281098745957428,2.6925091242530246,0.0,0.8281098745957428
06,alpha,0.25,1006,snips,n2500,nan,0.7431508440808154,0.7153918288961995,0.8281098745957428,2.6925091242530246,0.0,0.8281098745957428
06,alpha,0.25,1006,clipped_ips,n2500,1.6345645193777145,0.7375137106581443,0.7153918288961995,0.8281098745957428,2.6925091242530246,0.0,0.8451161357439151
06,alpha,0.25,1006,dr,n2500,nan,0.7451594448841823,0.7153918288961995,0.8281098745957428,2.6925091242530246,0.0,0.8281098745957428
06,alpha,0.25,1006,switch_dr,n2500,1.7719226075869943,0.7079574487815041,0.7153918288961995,0.8281098745957428,2.6925091242530246,0.0,0.8007759828670139
06,alpha,0.25,1006,dros,n2500,2.671801168008499,0.652289372928329,0.7153918288961995,0.8281098745957428,2.6925091242530246,0.0,0.9379614713950887
06,alpha,0.0,1006,dm,n2500,nan,0.5,0.7153918288961995,0.8281098745957428,2.6925091242530246,0.0,nan
06,alpha,0.0,1006,ips,n2500,nan,0.7571061459040951,0.7153918288961995,0.8281098745957428,2.6925091242530246,0.0,0.8281098745957428
06,alpha,0.0,1006,snips,n2500,nan,0.7431508440808154,0.7153918288961995,0.8281098745957428,2.6925091242530246,0.0,0.8281098745957428
06,alpha,0.0,1006,clipped_ips,n2500,1.6345645193777145,0.7375137106581443,0.7153918288961995,0.8281098745957428,2.6925091242530246,0.0,0.8451161357439151
06,alpha,0.0,1006,dr,n2500,nan,0.7477168665038001,0.7153918288961995,0.8281098745957428,2.6925091242530246,0.0,0.8281098745957428
06,alpha,0.0,1006,switch_dr,n2500,1.7719226075869943,0.7003890833462634,0.7153918288961995,0.8281098745957428,2.6925091242530246,0.0,0.8007759828670139
06,alpha,0.0,1006,dros,n2500,2.671801168008499,0.6270345496608037,0.7153918288961995,0.8281098745957428,2.6925091242530246,0.0,0.9379614713950887
06,alpha,1.0,1007,dm,n2500,nan,0.7165321783865591,0.7153918288961995,0.8284691847639195,2.4316764839241065,0.0,nan
06,alpha,1.0,1007,ips,n2500,nan,0.7211167361910008,0.7153918288961995,0.8284691847639195,2.4316764839241065,0.0,0.8284691847639195
06,alpha,1.0,1007,snips,n2500,nan,0.7210988574739344,0.7153918288961995,0.8284691847639195,2.4316764839241065,0.0,0.8284691847639195
06,alpha,1.0,1007,clipped_ips,n2500,1.5943673891170242,0.7029770741471612,0.7153918288961995,0.8284691847639195,2.4316764839241065,0.0,0.8460593817221815
06,alpha,1.0,1007,dr,n2500,nan,0.7228305092738128,0.7153918288961995,0.8284691847639195,2.4316764839241065,0.0,0.8284691847639195
06,alpha,1.0,1007,switch_dr,n2500,1.7697284415605048,0.7246837639031136,0.7153918288961995,0.8284691847639195,2.4316764839241065,0.0,0.8010200186250928
06,alpha,1.0,1007,dros,n2500,2.5420073714798366,0.7214975791216626,0.7153918288961995,0.8284691847639195,2.4316764839241065,0.0,0.9375747728328372
06,alpha,0.9,1007,dm,n2500,nan,0.6948789605479033,0.7153918288961995,0.8284691847639195,2.4316764839241065,0.0,nan
06,alpha,0.9,1007,ips,n2500,nan,0.7211167361910008,0.7153918288961995,0.8284691847639195,2.4316764839241065,0.0,0.8284691847639195
06,alpha,0.9,1007,snips,n2500,nan,0.7210988574739344,0.7153918288961995,0.8284691847639195,2.4316764839241065,0.0,0.8284691847639195
06,alpha,0.9,1007,clipped_ips,n2500,1.5943673891170242,0.7029770741471612,0.7153918288961995,0.8284691847639195,2.4316764839241065,0.0,0.8460593817221815
06,alpha,0.9,1007,dr,n2500,nan,0.7226578922799545,0.7153918288961995,0.8284691847639195,2.4316764839241065,0.0,0.8284691847639195
06,alpha,0.9,1007,switch_dr,n2500,1.7697284415605048,0.7205490988808064,0.7153918288961995,0.8284691847639195,2.4316764839241065,0.0,0.8010200186250928
06,alpha,0.9,1007,dros,n2500,2.5420073714798366,0.7105524730675568,0.7153918288961995,0.8284691847639195,2.4316764839241065,0.0,0.9375747728328372
06,alpha,0.75,1007,dm,n2500,nan,0.6623991337899194,0.7153918288961995,0.8284691847639195,2.4316764839241065,0.0,nan
06,alpha,0.75,1007,ips,n2500,nan,0.7211167361910008,0.7153918288961995,0.8284691847639195,2.4316764839241065,0.0,0.8284691847639195
06,alpha,0.75,1007,snips,n2500,nan,0.7210988574739344,0.7153918288961995,0.8284691847639195,2.4316764839241065,0.0,0.8284691847639195
06,alpha,0.75,1007,clipped_ips,n2500,1.5943673891170242,0.7029770741471612,0.7153918288961995,0.8284691847639195,2.4316764839241065,0.0,0.8460593817221815
06,alpha,0.75,1007,dr,n2500,nan,0.7223989667891669,0.7153918288961995,0.8284691847639195,2.4316764839241065,0.0,0.8284691847639195
06,alpha,0.75,1007,switch_dr,n2500,1.7697284415605048,0.7143471013473455,0.7153918288961995,0.8284691847639195,2.4316764839241065,0.0,0.8010200186250928
06,alpha,0.75,1007,dros,n2500,2.5420073714798366,0.6941348139863978,0.7153918288961995,0.8284691847639195,2.4316764839241065,0.0,0.9375747728328372
06,alpha,0.5,1007,dm,n2500,nan,0.6082660891932796,0.7153918288961995,0.8284691847639195,2.4316764839241065,0.0,nan
06,alpha,0.5,1007,ips,n2500,nan,0.7211167361910008,0.7153918288961995,0.8284691847639195,2.4316764839241065,0.0,0.8284691847639195
06,alpha,0.5,1007,snips,n2500,nan,0.7210988574739344,0.7153918288961995,0.8284691847639195,2.4316764839241065,0.0,0.8284691847639195
06,alpha,0.5,1007,clipped_ips,n2500,1.5943673891170242,0.7029770741471612,0.7153918288961995,0.8284691847639195,2.4316764839241065,0.0,0.8460593817221815
06,alpha,0.5,1007,dr,n2500,nan,0.721967424304521,0.7153918288961995,0.8284691847639195,2.4316764839241065,0.0,0.8284691847639195
06,alpha,0.5,1007,switch_dr,n2500,1.7697284415605048,0.7040104387915772,0.7153918288961995,0.8284691847639195,2.4316764839241065,0.0,0.8010200186250928
06,alpha,0.5,1007,dros,n2500,2.5420073714798366,0.666772048851133,0.7153918288961995,0.8284691847639195,2.4316764839241065,0.0,0.9375747728328372
06,alpha,0.25,1007,dm,n2500,nan,0.5541330445966398,0.7153918288961995,0.8284691847639195,2.4316764839241065,0.0,nan
06,alpha,0.25,1007,ips,n2500,nan,0.7211167361910008,0.7153918288961995,0.8284691847639195,2.4316764839241065,0.0,0.8284691847639195
06,alpha,0.25,1007,snips,n2500,nan,0.7210988574739344,0.7153918288961995,0.8284691847639195,2.4316764839241065,0.0,0.8284691847639195
06,alpha,0.25,1007,clipped_ips,n2500,1.5943673891170242,0.7029770741471612,0.7153918288961995,0.8284691847639195,2.4316764839241065,0.0,0.8460593817221815
06,alpha,0.25,1007,dr,n2500,nan,0.7215358818198752,0.7153918288961995,0.8284691847639195,2.4316764839241065,0.0,0.8284691847639195
06,alpha,0.25,1007,switch_dr,n2500,1.7697284415605048,0.693673776235809,0.7153918288961995,0.8284691847639195,2.4316764839241065,0.0,0.8010200186250928
06,alpha,0.25,1007,dros,n2500,2.5420073714798366,0.639409283715868,0.7153918288961995,0.8284691847639195,2.4316764839241065,0.0,0.9375747728328372
06,alpha,0.0,1007,dm,n2500,nan,0.5,0.7153918288961995,0.8284691847639195,2.4316764839241065,0.0,nan
06,alpha,0.0,1007,ips,n2500,nan,0.7211167361910008,0.7153918288961995,0.8284691847639195,2.4316764839241065,0.0,0.8284691847639195
06,alpha,0.0,1007,snips,n2500,nan,0.7210988574739344,0.7153918288961995,0.8284691847639195,2.4316764839241065,0.0,0.8284691847639195
06,alpha,0.0,1007,clipped_ips,n2500,1.5943673891170242,0.7029770741471612,0.7153918288961995,0.8284691847639195,2.4316764839241065,0.0,0.8460593817221815
06,alpha,0.0,1007,dr,n2500,nan,0.7211043393352292,0.7153918288961995,0.8284691847639195,2.4316764839241065,0.0,0.8284691847639195
06,alpha,0.0,1007,switch_dr,n2500,1.7697284415605048,0.6833371136800406,0.7153918288961995,0.8284691847639195,2.4316764839241065,0.0,0.8010200186250928
06,alpha,0.0,1007,dros,n2500,2.5420073714798366,0.6120465185806031,0.7153918288961995,0.8284691847639195,2.4316764839241065,0.0,0.9375747728328372
06,alpha,1.0,1008,dm,n2500,nan,0.7156307310433813,0.7153918288961995,0.824686464958877,2.475389954430516,0.0,nan
06,alpha,1.0,1008,ips,n2500,nan,0.7161965330798646,0.7153918288961995,0.824686464958877,2.475389954430516,0.0,0.824686464958877
06,alpha,1.0,1008,snips,n2500,nan,0.716277404219462,0.7153918288961995,0.824686464958877,2.475389954430516,0.0,0.824686464958877
06,alpha,1.0,1008,clipped_ips,n2500,1.6030035348041745,0.6976829174341086,0.7153918288961995,0.824686464958877,2.475389954430516,0.0,0.8428231072732391
06,alpha,1.0,1008,dr,n2500,nan,0.7165516439617048,0.7153918288961995,0.824686464958877,2.475389954430516,0.0,0.824686464958877
06,alpha,1.0,1008,switch_dr,n2500,1.7569349405495283,0.7202924866698839,0.7153918288961995,0.824686464958877,2.475389954430516,0.0,0.7977411446459021
06,alpha,1.0,1008,dros,n2500,2.569620332594678,0.7176201508615694,0.7153918288961995,0.824686464958877,2.475389954430516,0.0,0.9362650310397116
06,alpha,0.9,1008,dm,n2500,nan,0.6940676579390432,0.7153918288961995,0.824686464958877,2.475389954430516,0.0,nan
06,alpha,0.9,1008,ips,n2500,nan,0.7161965330798646,0.7153918288961995,0.824686464958877,2.475389954430516,0.0,0.824686464958877
06,alpha,0.9,1008,snips,n2500,nan,0.716277404219462,0.7153918288961995,0.824686464958877,2.475389954430516,0.0,0.824686464958877
06,alpha,0.9,1008,clipped_ips,n2500,1.6030035348041745,0.6976829174341086,0.7153918288961995,0.824686464958877,2.475389954430516,0.0,0.8428231072732391
06,alpha,0.9,1008,dr,n2500,nan,0.7165217781123013,0.7153918288961995,0.824686464958877,2.475389954430516,0.0,0.824686464958877
06,alpha,0.9,1008,switch_dr,n2500,1.7569349405495283,0.7161641391312975,0.7153918288961995,0.824686464958877,2.475389954430516,0.0,0.7977411446459021
06,alpha,0.9,1008,dros,n2500,2.569620332594678,0.7067270422447207,0.7153918288961995,0.824686464958877,2.475389954430516,0.0,0.9362650310397116
06,alpha,0.75,1008,dm,n2500,nan,0.661723048282536,0.7153918288961995,0.824686464958877,2.475389954430516,0.0,nan
06,alpha,0.75,1008,ips,n2500,nan,0.7161965330798646,0.7153918288961995,0.824686464958877,2.475389954430516,0.0,0.824686464958877
06,alpha,0.75,1008,snips,n2500,nan,0.716277404219462,0.7153918288961995,0.824686464958877,2.475389954430516,0.0,0.824686464958877
06,alpha,0.75,1008,clipped_ips,n2500,1.6030035348041745,0.6976829174341086,0.7153918288961995,0.824686464958877,2.475389954430516,0.0,0.8428231072732391
06,alpha,0.75,1008,dr,n2500,nan,0.716476979338196,0.7153918288961995,0.824686464958877,2.475389954430516,0.0,0.824686464958877
06,alpha,0.75,1008,switch_dr,n2500,1.7569349405495283,0.7099716178234178,0.7153918288961995,0.824686464958877,2.475389954430516,0.0,0.7977411446459021
06,alpha,0.75,1008,dros,n2500,2.569620332594678,0.6903873793194476,0.7153918288961995,0.824686464958877,2.475389954430516,0.0,0.9362650310397116
06,alpha,0.5,1008,dm,n2500,nan,0.6078153655216907,0.7153918288961995,0.824686464958877,2.475389954430516,0.0,nan
06,alpha,0.5,1008,ips,n2500,nan,0.7161965330798646,0.7153918288961995,0.824686464958877,2.475389954430516,0.0,0.824686464958877
06,alpha,0.5,1008,snips,n2500,nan,0.716277404219462,0.7153918288961995,0.824686464958877,2.475389954430516,0.0,0.824686464958877
06,alpha,0.5,1008,clipped_ips,n2500,1.6030035348041745,0.6976829174341086,0.7153918288961995,0.824686464958877,2.475389954430516,0.0,0.8428231072732391
06,alpha,0.5,1008,dr,n2500,nan,0.7164023147146871,0.7153918288961995,0.824686464958877,2.475389954430516,0.0,0.824686464958877
06,alpha,0.5,1008,switch_dr,n2500,1.7569349405495283,0.6996507489769517,0.7153918288961995,0.824686464958877,2.475389954430516,0.0,0.7977411446459021
06,alpha,0.5,1008,dros,n2500,2.569620332594678,0.6631546077773257,0.7153918288961995,0.824686464958877,2.475389954430516,0.0,0.9362650310397116
06,alpha,0.25,1008,dm,n2500,nan,0.5539076827608452,0.7153918288961995,0.824686464958877,2.475389954430516,0.0,nan
06,alpha,0.25,1008,ips,n2500,nan,0.7161965330798646,0.7153918288961995,0.824686464958877,2.475389954430516,0.0,0.824686464958877
06,alpha,0.25,1008,snips,n2500,nan,0.716277404219462,0.7153918288961995,0.824686464958877,2.475389954430516,0.0,0.824686464958877
06,alpha,0.25,1008,clipped_ips,n2500,1.6030035348041745,0.6976829174341086,0.7153918288961995,0.824686464958877,2.475389954430516,0.0,0.8428231072732391
06,alpha,0.25,1008,dr,n2500,nan,0.7163276500911782,0.7153918288961995,0.824686464958877,2.475389954430516,0.0,0.824686464958877
06,alpha,0.25,1008,switch_dr,n2500,1.7569349405495283,0.6893298801304854,0.7153918288961995,0.824686464958877,2.475389954430516,0.0,0.7977411446459021
06,alpha,0.25,1008,dros,n2500,2.569620332594678,0.6359218362352036,0.7153918288961995,0.824686464958877,2.475389954430516,0.0,0.9362650310397116
06,alpha,0.0,1008,dm,n2500,nan,0.5,0.7153918288961995,0.824686464958877,2.475389954430516,0.0,nan
06,alpha,0.0,1008,ips,n2500,nan,0.7161965330798646,0.7153918288961995,0.824686464958877,2.475389954430516,0.0,0.824686464958877
06,alpha,0.0,1008,snips,n2500,nan,0.716277404219462,0.7153918288961995,0.824686464958877,2.475389954430516,0.0,0.824686464958877
06,alpha,0.0,1008,clipped_ips,n2500,1.6030035348041745,0.6976829174341086,0.7153918288961995,0.824686464958877,2.475389954430516,0.0,0.8428231072732391
06,alpha,0.0,1008,dr,n2500,nan,0.7162529854676694,0.7153918288961995,0.824686464958877,2.475389954430516,0.0,0.824686464958877
06,alpha,0.0,1008,switch_dr,n2500,1.7569349405495283,0.6790090112840192,0.7153918288961995,0.824686464958877,2.475389954430516,0.0,0.7977411446459021
06,alpha,0.0,1008,dros,n2500,2.569620332594678,0.6086890646930818,0.7153918288961995,0.824686464958877,2.475389954430516,0.0,0.9362650310397116
06,alpha,1.0,1009,dm,n2500,nan,0.7110291971979262,0.7153918288961995,0.8250581904246678,2.556026182965212,0.0,nan
06,alpha,1.0,1009,ips,n2500,nan,0.7025846430119227,0.7153918288961995,0.8250581904246678,2.556026182965212,0.0,0.8250581904246678
06,alpha,1.0,1009,snips,n2500,nan,0.6998688902779703,0.7153918288961995,0.8250581904246678,2.556026182965212,0.0,0.8250581904246678
06,alpha,1.0,1009,clipped_ips,n2500,1.6071666037594676,0.6831180344560329,0.7153918288961995,0.8250581904246678,2.556026182965212,0.0,0.8438240810039505
06,alpha,1.0,1009,dr,n2500,nan,0.698517552583154,0.7153918288961995,0.8250581904246678,2.556026182965212,0.0,0.8250581904246678
06,alpha,1.0,1009,switch_dr,n2500,1.7772018420907836,0.70242370639639,0.7153918288961995,0.8250581904246678,2.556026182965212,0.0,0.7988215429222392
06,alpha,1.0,1009,dros,n2500,2.5829844922397416,0.7042986270746374,0.7153918288961995,0.8250581904246678,2.556026182965212,0.0,0.9372165568559343
06,alpha,0.9,1009,dm,n2500,nan,0.6899262774781336,0.7153918288961995,0.8250581904246678,2.556026182965212,0.0,nan
06,alpha,0.9,1009,ips,n2500,nan,0.7025846430119227,0.7153918288961995,0.8250581904246678,2.556026182965212,0.0,0.8250581904246678
06,alpha,0.9,1009,snips,n2500,nan,0.6998688902779703,0.7153918288961995,0.8250581904246678,2.556026182965212,0.0,0.8250581904246678
06,alpha,0.9,1009,clipped_ips,n2500,1.6071666037594676,0.6831180344560329,0.7153918288961995,0.8250581904246678,2.556026182965212,0.0,0.8438240810039505
06,alpha,0.9,1009,dr,n2500,nan,0.69873024294827,0.7153918288961995,0.8250581904246678,2.556026182965212,0.0,0.8250581904246678
06,alpha,0.9,1009,switch_dr,n2500,1.7772018420907836,0.6985815974371782,0.7153918288961995,0.8250581904246678,2.556026182965212,0.0,0.7988215429222392
06,alpha,0.9,1009,dros,n2500,2.5829844922397416,0.6937328838782655,0.7153918288961995,0.8250581904246678,2.556026182965212,0.0,0.9372165568559343
06,alpha,0.75,1009,dm,n2500,nan,0.6582718978984446,0.7153918288961995,0.8250581904246678,2.556026182965212,0.0,nan
06,alpha,0.75,1009,ips,n2500,nan,0.7025846430119227,0.7153918288961995,0.8250581904246678,2.556026182965212,0.0,0.8250581904246678
06,alpha,0.75,1009,snips,n2500,nan,0.6998688902779703,0.7153918288961995,0.8250581904246678,2.556026182965212,0.0,0.8250581904246678
06,alpha,0.75,1009,clipped_ips,n2500,1.6071666037594676,0.6831180344560329,0.7153918288961995,0.8250581904246678,2.556026182965212,0.0,0.8438240810039505
06,alpha,0.75,1009,dr,n2500,nan,0.6990492784959442,0.7153918288961995,0.8250581904246678,2.556026182965212,0.0,0.8250581904246678
06,alpha,0.75,1009,switch_dr,n2500,1.7772018420907836,0.6928184339983605,0.7153918288961995,0.8250581904246678,2.556026182965212,0.0,0.7988215429222392
06,alpha,0.75,1009,dros,n2500,2.5829844922397416,0.6778842690837076,0.7153918288961995,0.8250581904246678,2.556026182965212,0.0,0.9372165568559343
06,alpha,0.5,1009,dm,n2500,nan,0.6055145985989632,0.7153918288961995,0.8250581904246678,2.556026182965212,0.0,nan
06,alpha,0.5,1009,ips,n2500,nan,0.7025846430119227,0.7153918288961995,0.8250581904246678,2.556026182965212,0.0,0.8250581904246678
06,alpha,0.5,1009,snips,n2500,nan,0.6998688902779703,0.7153918288961995,0.8250581904246678,2.556026182965212,0.0,0.8250581904246678
06,alpha,0.5,1009,clipped_ips,n2500,1.6071666037594676,0.6831180344560329,0.7153918288961995,0.8250581904246678,2.556026182965212,0.0,0.8438240810039505
06,alpha,0.5,1009,dr,n2500,nan,0.6995810044087346,0.7153918288961995,0.8250581904246678,2.556026182965212,0.0,0.8250581904246678
06,alpha,0.5,1009,switch_dr,n2500,1.7772018420907836,0.6832131616003312,0.7153918288961995,0.8250581904246678,2.556026182965212,0.0,0.7988215429222392
06,alpha,0.5,1009,dros,n2500,2.5829844922397416,0.6514699110927777,0.7153918288961995,0.8250581904246678,2.556026182965212,0.0,0.9372165568559343
06,alpha,0.25,1009,dm,n2500,nan,0.5527572992994816,0.7153918288961995,0.8250581904246678,2.556026182965212,0.0,nan
06,alpha,0.25,1009,ips,n2500,nan,0.7025846430119227,0.7153918288961995,0.8250581904246678,2.556026182965212,0.0,0.8250581904246678
06,alpha,0.25,1009,snips,n2500,nan,0.6998688902779703,0.7153918288961995,0.8250581904246678,2.556026182965212,0.0,0.8250581904246678
06,alpha,0.25,1009,clipped_ips,n2500,1.6071666037594676,0.6831180344560329,0.7153918288961995,0.8250581904246678,2.556026182965212,0.0,0.8438240810039505
06,alpha,0.25,1009,dr,n2500,nan,0.7001127303215249,0.7153918288961995,0.8250581904246678,2.556026182965212,0.0,0.8250581904246678
06,alpha,0.25,1009,switch_dr,n2500,1.7772018420907836,0.6736078892023017,0.7153918288961995,0.8250581904246678,2.556026182965212,0.0,0.7988215429222392
06,alpha,0.25,1009,dros,n2500,2.5829844922397416,0.6250555531018478,0.7153918288961995,0.8250581904246678,2.556026182965212,0.0,0.9372165568559343
06,alpha,0.0,1009,dm,n2500,nan,0.5,0.7153918288961995,0.8250581904246678,2.556026182965212,0.0,nan
06,alpha,0.0,1009,ips,n2500,nan,0.7025846430119227,0.7153918288961995,0.8250581904246678,2.556026182965212,0.0,0.8250581904246678
06,alpha,0.0,1009,snips,n2500,nan,0.6998688902779703,0.7153918288961995,0.8250581904246678,2.556026182965212,0.0,0.8250581904246678
06,alpha,0.0,1009,clipped_ips,n2500,1.6071666037594676,0.6831180344560329,0.7153918288961995,0.8250581904246678,2.556026182965212,0.0,0.8438240810039505
06,alpha,0.0,1009,dr,n2500,nan,0.7006444562343151,0.7153918288961995,0.8250581904246678,2.556026182965212,0.0,0.8250581904246678
06,alpha,0.0,1009,switch_dr,n2500,1.7772018420907836,0.6640026168042723,0.7153918288961995,0.8250581904246678,2.556026182965212,0.0,0.7988215429222392
06,alpha,0.0,1009,dros,n2500,2.5829844922397416,0.5986411951109178,0.7153918288961995,0.8250581904246678,2.556026182965212,0.0,0.9372165568559343
06,alpha,1.0,1010,dm,n2500,nan,0.7150453158652367,0.7153918288961995,0.8201628867137559,2.602139055204368,0.0,nan
06,alpha,1.0,1010,ips,n2500,nan,0.7231040465251808,0.7153918288961995,0.8201628867137559,2.602139055204368,0.0,0.8201628867137559
06,alpha,1.0,1010,snips,n2500,nan,0.7304754737080852,0.7153918288961995,0.8201628867137559,2.602139055204368,0.0,0.8201628867137559
06,alpha,1.0,1010,clipped_ips,n2500,1.5985687731245204,0.7020285161615913,0.7153918288961995,0.8201628867137559,2.602139055204368,0.0,0.8386354739270413
06,alpha,1.0,1010,dr,n2500,nan,0.7351508190213725,0.7153918288961995,0.8201628867137559,2.602139055204368,0.0,0.8201628867137559
06,alpha,1.0,1010,switch_dr,n2500,1.7696541711679725,0.7280297808449313,0.7153918288961995,0.8201628867137559,2.602139055204368,0.0,0.7935473177833344
06,alpha,1.0,1010,dros,n2500,2.5554221224088343,0.7278666675198304,0.7153918288961995,0.8201628867137559,2.602139055204368,0.0,0.9350288307738285
06,alpha,0.9,1010,dm,n2500,nan,0.6935407842787129,0.7153918288961995,0.8201628867137559,2.602139055204368,0.0,nan
06,alpha,0.9,1010,ips,n2500,nan,0.7231040465251808,0.7153918288961995,0.8201628867137559,2.602139055204368,0.0,0.8201628867137559
06,alpha,0.9,1010,snips,n2500,nan,0.7304754737080852,0.7153918288961995,0.8201628867137559,2.602139055204368,0.0,0.8201628867137559
06,alpha,0.9,1010,clipped_ips,n2500,1.5985687731245204,0.7020285161615913,0.7153918288961995,0.8201628867137559,2.602139055204368,0.0,0.8386354739270413
06,alpha,0.9,1010,dr,n2500,nan,0.7344507054051826,0.7153918288961995,0.8201628867137559,2.602139055204368,0.0,0.8201628867137559
06,alpha,0.9,1010,switch_dr,n2500,1.7696541711679725,0.7232689286876731,0.7153918288961995,0.8201628867137559,2.602139055204368,0.0,0.7935473177833344
06,alpha,0.9,1010,dros,n2500,2.5554221224088343,0.7165203832072019,0.7153918288961995,0.8201628867137559,2.602139055204368,0.0,0.9350288307738285
06,alpha,0.75,1010,dm,n2500,nan,0.6612839868989274,0.7153918288961995,0.8201628867137559,2.602139055204368,0.0,nan
06,alpha,0.75,1010,ips,n2500,nan,0.7231040465251808,0.7153918288961995,0.8201628867137559,2.602139055204368,0.0,0.8201628867137559
06,alpha,0.75,1010,snips,n2500,nan,0.7304754737080852,0.7153918288961995,0.8201628867137559,2.602139055204368,0.0,0.8201628867137559
06,alpha,0.75,1010,clipped_ips,n2500,1.5985687731245204,0.7020285161615913,0.7153918288961995,0.8201628867137559,2.602139055204368,0.0,0.8386354739270413
06,alpha,0.75,1010,dr,n2500,nan,0.733400534980898,0.7153918288961995,0.8201628867137559,2.602139055204368,0.0,0.8201628867137559
06,alpha,0.75,1010,switch_dr,n2500,1.7696541711679725,0.7161276504517861,0.7153918288961995,0.8201628867137559,2.602139055204368,0.0,0.7935473177833344
06,alpha,0.75,1010,dros,n2500,2.5554221224088343,0.6995009567382593,0.7153918288961995,0.8201628867137559,2.602139055204368,0.0,0.9350288307738285
06,alpha,0.5,1010,dm,n2500,nan,0.6075226579326183,0.7153918288961995,0.8201628867137559,2.602139055204368,0.0,nan
06,alpha,0.5,1010,ips,n2500,nan,0.7231040465251808,0.7153918288961995,0.8201628867137559,2.602139055204368,0.0,0.8201628867137559
06,alpha,0.5,1010,snips,n2500,nan,0.7304754737080852,0.7153918288961995,0.8201628867137559,2.602139055204368,0.0,0.8201628867137559
06,alpha,0.5,1010,clipped_ips,n2500,1.5985687731245204,0.7020285161615913,0.7153918288961995,0.8201628867137559,2.602139055204368,0.0,0.8386354739270413
06,alpha,0.5,1010,dr,n2500,nan,0.7316502509404236,0.7153918288961995,0.8201628867137559,2.602139055204368,0.0,0.8201628867137559
06,alpha,0.5,1010,switch_dr,n2500,1.7696541711679725,0.7042255200586408,0.7153918288961995,0.8201628867137559,2.602139055204368,0.0,0.7935473177833344
06,alpha,0.5,1010,dros,n2500,2.5554221224088343,0.6711352459566882,0.7153918288961995,0.8201628867137559,2.602139055204368,0.0,0.9350288307738285
06,alpha,0.25,1010,dm,n2500,nan,0.5537613289663091,0.7153918288961995,0.8201628867137559,2.602139055204368,0.0,nan
06,alpha,0.25,1010,ips,n2500,nan,0.7231040465251808,0.7153918288961995,0.8201628867137559,2.602139055204368,0.0,0.8201628867137559
06,alpha,0.25,1010,snips,n2500,nan,0.7304754737080852,0.7153918288961995,0.8201628867137559,2.602139055204368,0.0,0.8201628867137559
06,alpha,0.25,1010,clipped_ips,n2500,1.5985687731245204,0.7020285161615913,0.7153918288961995,0.8201628867137559,2.602139055204368,0.0,0.8386354739270413
06,alpha,0.25,1010,dr,n2500,nan,0.7298999668999492,0.7153918288961995,0.8201628867137559,2.602139055204368,0.0,0.8201628867137559
06,alpha,0.25,1010,switch_dr,n2500,1.7696541711679725,0.6923233896654957,0.7153918288961995,0.8201628867137559,2.602139055204368,0.0,0.7935473177833344
06,alpha,0.25,1010,dros,n2500,2.5554221224088343,0.642769535175117,0.7153918288961995,0.8201628867137559,2.602139055204368,0.0,0.9350288307738285
06,alpha,0.0,1010,dm,n2500,nan,0.5,0.7153918288961995,0.8201628867137559,2.602139055204368,0.0,nan
06,alpha,0.0,1010,ips,n2500,nan,0.7231040465251808,0.7153918288961995,0.8201628867137559,2.602139055204368,0.0,0.8201628867137559
06,alpha,0.0,1010,snips,n2500,nan,0.7304754737080852,0.7153918288961995,0.8201628867137559,2.602139055204368,0.0,0.8201628867137559
06,alpha,0.0,1010,clipped_ips,n2500,1.5985687731245204,0.7020285161615913,0.7153918288961995,0.8201628867137559,2.602139055204368,0.0,0.8386354739270413
06,alpha,0.0,1010,dr,n2500,nan,0.7281496828594749,0.7153918288961995,0.8201628867137559,2.602139055204368,0.0,0.8201628867137559
06,alpha,0.0,1010,switch_dr,n2500,1.7696541711679725,0.6804212592723504,0.7153918288961995,0.8201628867137559,2.602139055204368,0.0,0.7935473177833344
06,alpha,0.0,1010,dros,n2500,2.5554221224088343,0.6144038243935459,0.7153918288961995,0.8201628867137559,2.602139055204368,0.0,0.9350288307738285
06,alpha,1.0,1011,dm,n2500,nan,0.7137390067691384,0.7153918288961995,0.8238121403281488,2.5609356030393444,0.0,nan
06,alpha,1.0,1011,ips,n2500,nan,0.698022897740191,0.7153918288961995,0.8238121403281488,2.5609356030393444,0.0,0.8238121403281488
06,alpha,1.0,1011,snips,n2500,nan,0.6999347500227937,0.7153918288961995,0.8238121403281488,2.5609356030393444,0.0,0.8238121403281488
06,alpha,1.0,1011,clipped_ips,n2500,1.5998235417901912,0.6786390977620723,0.7153918288961995,0.8238121403281488,2.5609356030393444,0.0,0.8416560881200181
06,alpha,1.0,1011,dr,n2500,nan,0.7011725215479504,0.7153918288961995,0.8238121403281488,2.5609356030393444,0.0,0.8238121403281488
06,alpha,1.0,1011,switch_dr,n2500,1.7498025942123703,0.7009428965950042,0.7153918288961995,0.8238121403281488,2.5609356030393444,0.0,0.7967942222960144
06,alpha,1.0,1011,dros,n2500,2.5594353648661117,0.7058465849140801,0.7153918288961995,0.8238121403281488,2.5609356030393444,0.0,0.9377641713012556
06,alpha,0.9,1011,dm,n2500,nan,0.6923651060922245,0.7153918288961995,0.8238121403281488,2.5609356030393444,0.0,nan
06,alpha,0.9,1011,ips,n2500,nan,0.698022897740191,0.7153918288961995,0.8238121403281488,2.5609356030393444,0.0,0.8238121403281488
06,alpha,0.9,1011,snips,n2500,nan,0.6999347500227937,0.7153918288961995,0.8238121403281488,2.5609356030393444,0.0,0.8238121403281488
06,alpha,0.9,1011,clipped_ips,n2500,1.5998235417901912,0.6786390977620723,0.7153918288961995,0.8238121403281488,2.5609356030393444,0.0,0.8416560881200181
06,alpha,0.9,1011,dr,n2500,nan,0.70099413277511,0.7153918288961995,0.8238121403281488,2.5609356030393444,0.0,0.8238121403281488
06,alpha,0.9,1011,switch_dr,n2500,1.7498025942123703,0.6966860143512126,0.7153918288961995,0.8238121403281488,2.5609356030393444,0.0,0.7967942222960144
06,alpha,0.9,1011,dros,n2500,2.5594353648661117,0.6948692628434998,0.7153918288961995,0.8238121403281488,2.5609356030393444,0.0,0.9377641713012556
06,alpha,0.75,1011,dm,n2500,nan,0.6603042550768538,0.7153918288961995,0.8238121403281488,2.5609356030393444,0.0,nan
06,alpha,0.75,1011,ips,n2500,nan,0.698022897740191,0.7153918288961995,0.8238121403281488,2.5609356030393444,0.0,0.8238121403281488
06,alpha,0.75,1011,snips,n2500,nan,0.6999347500227937,0.7153918288961995,0.8238121403281488,2.5609356030393444,0.0,0.8238121403281488
06,alpha,0.75,1011,clipped_ips,n2500,1.5998235417901912,0.6786390977620723,0.7153918288961995,0.8238121403281488,2.5609356030393444,0.0,0.8416560881200181
06,alpha,0.75,1011,dr,n2500,nan,0.7007265496158496,0.7153918288961995,0.8238121403281488,2.5609356030393444,0.0,0.8238121403281488
06,alpha,0.75,1011,switch_dr,n2500,1.7498025942123703,0.6903006909855254,0.7153918288961995,0.8238121403281488,2.5609356030393444,0.0,0.7967942222960144
06,alpha,0.75,1011,dros,n2500,2.5594353648661117,0.6784032797376296,0.7153918288961995,0.8238121403281488,2.5609356030393444,0.0,0.9377641713012556
06,alpha,0.5,1011,dm,n2500,nan,0.6068695033845691,0.7153918288961995,0.8238121403281488,2.5609356030393444,0.0,nan
06,alpha,0.5,1011,ips,n2500,nan,0.698022897740191,0.7153918288961995,0.8238121403281488,2.5609356030393444,0.0,0.8238121403281488
06,alpha,0.5,1011,snips,n2500,nan,0.6999347500227937,0.7153918288961995,0.8238121403281488,2.5609356030393444,0.0,0.8238121403281488
06,alpha,0.5,1011,clipped_ips,n2500,1.5998235417901912,0.6786390977620723,0.7153918288961995,0.8238121403281488,2.5609356030393444,0.0,0.8416560881200181
06,alpha,0.5,1011,dr,n2500,nan,0.7002805776837489,0.7153918288961995,0.8238121403281488,2.5609356030393444,0.0,0.8238121403281488
06,alpha,0.5,1011,switch_dr,n2500,1.7498025942123703,0.6796584853760466,0.7153918288961995,0.8238121403281488,2.5609356030393444,0.0,0.7967942222960144
06,alpha,0.5,1011,dros,n2500,2.5594353648661117,0.650959974561179,0.7153918288961995,0.8238121403281488,2.5609356030393444,0.0,0.9377641713012556
06,alpha,0.25,1011,dm,n2500,nan,0.5534347516922846,0.7153918288961995,0.8238121403281488,2.5609356030393444,0.0,nan
06,alpha,0.25,1011,ips,n2500,nan,0.698022897740191,0.7153918288961995,0.8238121403281488,2.5609356030393444,0.0,0.8238121403281488
06,alpha,0.25,1011,snips,n2500,nan,0.6999347500227937,0.7153918288961995,0.8238121403281488,2.5609356030393444,0.0,0.8238121403281488
06,alpha,0.25,1011,clipped_ips,n2500,1.5998235417901912,0.6786390977620723,0.7153918288961995,0.8238121403281488,2.5609356030393444,0.0,0.8416560881200181
06,alpha,0.25,1011,dr,n2500,nan,0.6998346057516481,0.7153918288961995,0.8238121403281488,2.5609356030393444,0.0,0.8238121403281488
06,alpha,0.25,1011,switch_dr,n2500,1.7498025942123703,0.6690162797665679,0.7153918288961995,0.8238121403281488,2.5609356030393444,0.0,0.7967942222960144
06,alpha,0.25,1011,dros,n2500,2.5594353648661117,0.6235166693847286,0.7153918288961995,0.8238121403281488,2.5609356030393444,0.0,0.9377641713012556
06,alpha,0.0,1011,dm,n2500,nan,0.5,0.7153918288961995,0.8238121403281488,2.5609356030393444,0.0,nan
06,alpha,0.0,1011,ips,n2500,nan,0.698022897740191,0.7153918288961995,0.8238121403281488,2.5609356030393444,0.0,0.8238121403281488
06,alpha,0.0,1011,snips,n2500,nan,0.6999347500227937,0.7153918288961995,0.8238121403281488,2.5609356030393444,0.0,0.8238121403281488
06,alpha,0.0,1011,clipped_ips,n2500,1.5998235417901912,0.6786390977620723,0.7153918288961995,0.8238121403281488,2.5609356030393444,0.0,0.8416560881200181
06,alpha,0.0,1011,dr,n2500,nan,0.6993886338195474,0.7153918288961995,0.8238121403281488,2.5609356030393444,0.0,0.8238121403281488
06,alpha,0.0,1011,switch_dr,n2500,1.7498025942123703,0.6583740741570892,0.7153918288961995,0.8238121403281488,2.5609356030393444,0.0,0.7967942222960144
06,alpha,0.0,1011,dros,n2500,2.5594353648661117,0.5960733642082781,0.7153918288961995,0.8238121403281488,2.5609356030393444,0.0,0.9377641713012556
06,alpha,1.0,1012,dm,n2500,nan,0.7164828546485514,0.7153918288961995,0.8272276051011648,2.722860356143658,0.0,nan
06,alpha,1.0,1012,ips,n2500,nan,0.7348778800972305,0.7153918288961995,0.8272276051011648,2.722860356143658,0.0,0.8272276051011648
06,alpha,1.0,1012,snips,n2500,nan,0.7308906072188354,0.7153918288961995,0.8272276051011648,2.722860356143658,0.0,0.8272276051011648
06,alpha,1.0,1012,clipped_ips,n2500,1.5962471389352924,0.7141426482367577,0.7153918288961995,0.8272276051011648,2.722860356143658,0.0,0.8454624661205437
06,alpha,1.0,1012,dr,n2500,nan,0.7295457176151594,0.7153918288961995,0.8272276051011648,2.722860356143658,0.0,0.8272276051011648
06,alpha,1.0,1012,switch_dr,n2500,1.768203802056387,0.7280904231896733,0.7153918288961995,0.8272276051011648,2.722860356143658,0.0,0.8002433198652634
06,alpha,1.0,1012,dros,n2500,2.5480049285591067,0.7240928744869394,0.7153918288961995,0.8272276051011648,2.722860356143658,0.0,0.9377359841012493
06,alpha,0.9,1012,dm,n2500,nan,0.6948345691836963,0.7153918288961995,0.8272276051011648,2.722860356143658,0.0,nan
06,alpha,0.9,1012,ips,n2500,nan,0.7348778800972305,0.7153918288961995,0.8272276051011648,2.722860356143658,0.0,0.8272276051011648
06,alpha,0.9,1012,snips,n2500,nan,0.7308906072188354,0.7153918288961995,0.8272276051011648,2.722860356143658,0.0,0.8272276051011648
06,alpha,0.9,1012,clipped_ips,n2500,1.5962471389352924,0.7141426482367577,0.7153918288961995,0.8272276051011648,2.722860356143658,0.0,0.8454624661205437
06,alpha,0.9,1012,dr,n2500,nan,0.7298061657610669,0.7153918288961995,0.8272276051011648,2.722860356143658,0.0,0.8272276051011648
06,alpha,0.9,1012,switch_dr,n2500,1.768203802056387,0.7242915572028645,0.7153918288961995,0.8272276051011648,2.722860356143658,0.0,0.8002433198652634
06,alpha,0.9,1012,dros,n2500,2.5480049285591067,0.7133251043510604,0.7153918288961995,0.8272276051011648,2.722860356143658,0.0,0.9377359841012493
06,alpha,0.75,1012,dm,n2500,nan,0.6623621409864136,0.7153918288961995,0.8272276051011648,2.722860356143658,0.0,nan
06,alpha,0.75,1012,ips,n2500,nan,0.7348778800972305,0.7153918288961995,0.8272276051011648,2.722860356143658,0.0,0.8272276051011648
06,alpha,0.75,1012,snips,n2500,nan,0.7308906072188354,0.7153918288961995,0.8272276051011648,2.722860356143658,0.0,0.8272276051011648
06,alpha,0.75,1012,clipped_ips,n2500,1.5962471389352924,0.7141426482367577,0.7153918288961995,0.8272276051011648,2.722860356143658,0.0,0.8454624661205437
06,alpha,0.75,1012,dr,n2500,nan,0.730196837979928,0.7153918288961995,0.8272276051011648,2.722860356143658,0.0,0.8272276051011648
06,alpha,0.75,1012,switch_dr,n2500,1.768203802056387,0.7185932582226512,0.7153918288961995,0.8272276051011648,2.722860356143658,0.0,0.8002433198652634
06,alpha,0.75,1012,dros,n2500,2.5480049285591067,0.6971734491472417,0.7153918288961995,0.8272276051011648,2.722860356143658,0.0,0.9377359841012493
06,alpha,0.5,1012,dm,n2500,nan,0.6082414273242758,0.7153918288961995,0.8272276051011648,2.722860356143658,0.0,nan
06,alpha,0.5,1012,ips,n2500,nan,0.7348778800972305,0.7153918288961995,0.8272276051011648,2.722860356143658,0.0,0.8272276051011648
06,alpha,0.5,1012,snips,n2500,nan,0.7308906072188354,0.7153918288961995,0.8272276051011648,2.722860356143658,0.0,0.8272276051011648
06,alpha,0.5,1012,clipped_ips,n2500,1.5962471389352924,0.7141426482367577,0.7153918288961995,0.8272276051011648,2.722860356143658,0.0,0.8454624661205437
06,alpha,0.5,1012,dr,n2500,nan,0.7308479583446965,0.7153918288961995,0.8272276051011648,2.722860356143658,0.0,0.8272276051011648
06,alpha,0.5,1012,switch_dr,n2500,1.768203802056387,0.7090960932556291,0.7153918288961995,0.8272276051011648,2.722860356143658,0.0,0.8002433198652634
06,alpha,0.5,1012,dros,n2500,2.5480049285591067,0.6702540238075442,0.7153918288961995,0.8272276051011648,2.722860356143658,0.0,0.9377359841012493
06,alpha,0.25,1012,dm,n2500,nan,0.5541207136621379,0.7153918288961995,0.8272276051011648,2.722860356143658,0.0,nan
06,alpha,0.25,1012,ips,n2500,nan,0.7348778800972305,0.7153918288961995,0.8272276051011648,2.722860356143658,0.0,0.8272276051011648
06,alpha,0.25,1012,snips,n2500,nan,0.7308906072188354,0.7153918288961995,0.8272276051011648,2.722860356143658,0.0,0.8272276051011648
06,alpha,0.25,1012,clipped_ips,n2500,1.5962471389352924,0.7141426482367577,0.7153918288961995,0.8272276051011648,2.722860356143658,0.0,0.8454624661205437
06,alpha,0.25,1012,dr,n2500,nan,0.7314990787094651,0.7153918288961995,0.8272276051011648,2.722860356143658,0.0,0.8272276051011648
06,alpha,0.25,1012,switch_dr,n2500,1.768203802056387,0.6995989282886069,0.7153918288961995,0.8272276051011648,2.722860356143658,0.0,0.8002433198652634
06,alpha,0.25,1012,dros,n2500,2.5480049285591067,0.6433345984678465,0.7153918288961995,0.8272276051011648,2.722860356143658,0.0,0.9377359841012493
06,alpha,0.0,1012,dm,n2500,nan,0.5,0.7153918288961995,0.8272276051011648,2.722860356143658,0.0,nan
06,alpha,0.0,1012,ips,n2500,nan,0.7348778800972305,0.7153918288961995,0.8272276051011648,2.722860356143658,0.0,0.8272276051011648
06,alpha,0.0,1012,snips,n2500,nan,0.7308906072188354,0.7153918288961995,0.8272276051011648,2.722860356143658,0.0,0.8272276051011648
06,alpha,0.0,1012,clipped_ips,n2500,1.5962471389352924,0.7141426482367577,0.7153918288961995,0.8272276051011648,2.722860356143658,0.0,0.8454624661205437
06,alpha,0.0,1012,dr,n2500,nan,0.7321501990742336,0.7153918288961995,0.8272276051011648,2.722860356143658,0.0,0.8272276051011648
06,alpha,0.0,1012,switch_dr,n2500,1.768203802056387,0.6901017633215847,0.7153918288961995,0.8272276051011648,2.722860356143658,0.0,0.8002433198652634
06,alpha,0.0,1012,dros,n2500,2.5480049285591067,0.6164151731281488,0.7153918288961995,0.8272276051011648,2.722860356143658,0.0,0.9377359841012493
06,alpha,1.0,1013,dm,n2500,nan,0.7161575803430984,0.7153918288961995,0.8205752420693687,2.66076909569367,0.0,nan
06,alpha,1.0,1013,ips,n2500,nan,0.7250708402788442,0.7153918288961995,0.8205752420693687,2.66076909569367,0.0,0.8205752420693687
06,alpha,1.0,1013,snips,n2500,nan,0.719492648899688,0.7153918288961995,0.8205752420693687,2.66076909569367,0.0,0.8205752420693687
06,alpha,1.0,1013,clipped_ips,n2500,1.6216395419149172,0.7049470586543318,0.7153918288961995,0.8205752420693687,2.66076909569367,0.0,0.8395374070949312
06,alpha,1.0,1013,dr,n2500,nan,0.716133230381817,0.7153918288961995,0.8205752420693687,2.66076909569367,0.0,0.8205752420693687
06,alpha,1.0,1013,switch_dr,n2500,1.7900273440017844,0.7158923008156668,0.7153918288961995,0.8205752420693687,2.66076909569367,0.0,0.794575275377314
06,alpha,1.0,1013,dros,n2500,2.6297148039020226,0.7170498565557857,0.7153918288961995,0.8205752420693687,2.66076909569367,0.0,0.9344658973588194
06,alpha,0.9,1013,dm,n2500,nan,0.6945418223087884,0.7153918288961995,0.8205752420693687,2.66076909569367,0.0,nan
06,alpha,0.9,1013,ips,n2500,nan,0.7250708402788442,0.7153918288961995,0.8205752420693687,2.66076909569367,0.0,0.8205752420693687
06,alpha,0.9,1013,snips,n2500,nan,0.719492648899688,0.7153918288961995,0.8205752420693687,2.66076909569367,0.0,0.8205752420693687
06,alpha,0.9,1013,clipped_ips,n2500,1.6216395419149172,0.7049470586543318,0.7153918288961995,0.8205752420693687,2.66076909569367,0.0,0.8395374070949312
06,alpha,0.9,1013,dr,n2500,nan,0.7166393438126677,0.7153918288961995,0.8205752420693687,2.66076909569367,0.0,0.8205752420693687
06,alpha,0.9,1013,switch_dr,n2500,1.7900273440017844,0.7122931384672065,0.7153918288961995,0.8205752420693687,2.66076909569367,0.0,0.794575275377314
06,alpha,0.9,1013,dros,n2500,2.6297148039020226,0.7064319751882275,0.7153918288961995,0.8205752420693687,2.66076909569367,0.0,0.9344658973588194
06,alpha,0.75,1013,dm,n2500,nan,0.6621181852573237,0.7153918288961995,0.8205752420693687,2.66076909569367,0.0,nan
06,alpha,0.75,1013,ips,n2500,nan,0.7250708402788442,0.7153918288961995,0.8205752420693687,2.66076909569367,0.0,0.8205752420693687
06,alpha,0.75,1013,snips,n2500,nan,0.719492648899688,0.7153918288961995,0.8205752420693687,2.66076909569367,0.0,0.8205752420693687
06,alpha,0.75,1013,clipped_ips,n2500,1.6216395419149172,0.7049470586543318,0.7153918288961995,0.8205752420693687,2.66076909569367,0.0,0.8395374070949312
06,alpha,0.75,1013,dr,n2500,nan,0.717398513958944,0.7153918288961995,0.8205752420693687,2.66076909569367,0.0,0.8205752420693687
06,alpha,0.75,1013,switch_dr,n2500,1.7900273440017844,0.7068943949445166,0.7153918288961995,0.8205752420693687,2.66076909569367,0.0,0.794575275377314
06,alpha,0.75,1013,dros,n2500,2.6297148039020226,0.6905051531368905,0.7153918288961995,0.8205752420693687,2.66076909569367,0.0,0.9344658973588194
06,alpha,0.5,1013,dm,n2500,nan,0.6080787901715492,0.7153918288961995,0.8205752420693687,2.66076909569367,0.0,nan
06,alpha,0.5,1013,ips,n2500,nan,0.7250708402788442,0.7153918288961995,0.8205752420693687,2.66076909569367,0.0,0.8205752420693687
06,alpha,0.5,1013,snips,n2500,nan,0.719492648899688,0.7153918288961995,0.8205752420693687,2.66076909569367,0.0,0.8205752420693687
06,alpha,0.5,1013,clipped_ips,n2500,1.6216395419149172,0.7049470586543318,0.7153918288961995,0.8205752420693687,2.66076909569367,0.0,0.8395374070949312
06,alpha,0.5,1013,dr,n2500,nan,0.7186637975360713,0.7153918288961995,0.8205752420693687,2.66076909569367,0.0,0.8205752420693687
06,alpha,0.5,1013,switch_dr,n2500,1.7900273440017844,0.6978964890733667,0.7153918288961995,0.8205752420693687,2.66076909569367,0.0,0.794575275377314
06,alpha,0.5,1013,dros,n2500,2.6297148039020226,0.6639604497179956,0.7153918288961995,0.8205752420693687,2.66076909569367,0.0,0.9344658973588194
06,alpha,0.25,1013,dm,n2500,nan,0.5540393950857746,0.7153918288961995,0.8205752420693687,2.66076909569367,0.0,nan
06,alpha,0.25,1013,ips,n2500,nan,0.7250708402788442,0.7153918288961995,0.8205752420693687,2.66076909569367,0.0,0.8205752420693687
06,alpha,0.25,1013,snips,n2500,nan,0.719492648899688,0.7153918288961995,0.8205752420693687,2.66076909569367,0.0,0.8205752420693687
06,alpha,0.25,1013,clipped_ips,n2500,1.6216395419149172,0.7049470586543318,0.7153918288961995,0.8205752420693687,2.66076909569367,0.0,0.8395374070949312
06,alpha,0.25,1013,dr,n2500,nan,0.7199290811131985,0.7153918288961995,0.8205752420693687,2.66076909569367,0.0,0.8205752420693687
06,alpha,0.25,1013,switch_dr,n2500,1.7900273440017844,0.6888985832022166,0.7153918288961995,0.8205752420693687,2.66076909569367,0.0,0.794575275377314
06,alpha,0.25,1013,dros,n2500,2.6297148039020226,0.6374157462991006,0.7153918288961995,0.8205752420693687,2.66076909569367,0.0,0.9344658973588194
06,alpha,0.0,1013,dm,n2500,nan,0.5,0.7153918288961995,0.8205752420693687,2.66076909569367,0.0,nan
06,alpha,0.0,1013,ips,n2500,nan,0.7250708402788442,0.7153918288961995,0.8205752420693687,2.66076909569367,0.0,0.8205752420693687
06,alpha,0.0,1013,snips,n2500,nan,0.719492648899688,0.7153918288961995,0.8205752420693687,2.66076909569367,0.0,0.8205752420693687
06,alpha,0.0,1013,clipped_ips,n2500,1.6216395419149172,0.7049470586543318,0.7153918288961995,0.8205752420693687,2.66076909569367,0.0,0.8395374070949312
06,alpha,0.0,1013,dr,n2500,nan,0.7211943646903257,0.7153918288961995,0.8205752420693687,2.66076909569367,0.0,0.8205752420693687
06,alpha,0.0,1013,switch_dr,n2500,1.7900273440017844,0.6799006773310665,0.7153918288961995,0.8205752420693687,2.66076909569367,0.0,0.794575275377314
06,alpha,0.0,1013,dros,n2500,2.6297148039020226,0.6108710428802056,0.7153918288961995,0.8205752420693687,2.66076909569367,0.0,0.9344658973588194
06,alpha,1.0,1014,dm,n2500,nan,0.7136419191730891,0.7153918288961995,0.8306716599045125,2.4186465062536078,0.0,nan
06,alpha,1.0,1014,ips,n2500,nan,0.7195301342236291,0.7153918288961995,0.8306716599045125,2.4186465062536078,0.0,0.8306716599045125
06,alpha,1.0,1014,snips,n2500,nan,0.7146155128357192,0.7153918288961995,0.8306716599045125,2.4186465062536078,0.0,0.8306716599045125
06,alpha,1.0,1014,clipped_ips,n2500,1.6017482113406325,0.7036237738796675,0.7153918288961995,0.8306716599045125,2.4186465062536078,0.0,0.8452842408440523
06,alpha,1.0,1014,dr,n2500,nan,0.711876506123806,0.7153918288961995,0.8306716599045125,2.4186465062536078,0.0,0.8306716599045125
06,alpha,1.0,1014,switch_dr,n2500,1.7463761609540571,0.7171867339109667,0.7153918288961995,0.8306716599045125,2.4186465062536078,0.0,0.8001637677981115
06,alpha,1.0,1014,dros,n2500,2.5655973325329153,0.7124140655707585,0.7153918288961995,0.8306716599045125,2.4186465062536078,0.0,0.9378629841687196
06,alpha,0.9,1014,dm,n2500,nan,0.6922777272557803,0.7153918288961995,0.8306716599045125,2.4186465062536078,0.0,nan
06,alpha,0.9,1014,ips,n2500,nan,0.7195301342236291,0.7153918288961995,0.8306716599045125,2.4186465062536078,0.0,0.8306716599045125
06,alpha,0.9,1014,snips,n2500,nan,0.7146155128357192,0.7153918288961995,0.8306716599045125,2.4186465062536078,0.0,0.8306716599045125
06,alpha,0.9,1014,clipped_ips,n2500,1.6017482113406325,0.7036237738796675,0.7153918288961995,0.8306716599045125,2.4186465062536078,0.0,0.8452842408440523
06,alpha,0.9,1014,dr,n2500,nan,0.7122980042051592,0.7153918288961995,0.8306716599045125,2.4186465062536078,0.0,0.8306716599045125
06,alpha,0.9,1014,switch_dr,n2500,1.7463761609540571,0.713684567488428,0.7153918288961995,0.8306716599045125,2.4186465062536078,0.0,0.8001637677981115
06,alpha,0.9,1014,dros,n2500,2.5655973325329153,0.7019321633638254,0.7153918288961995,0.8306716599045125,2.4186465062536078,0.0,0.9378629841687196
06,alpha,0.75,1014,dm,n2500,nan,0.6602314393798168,0.7153918288961995,0.8306716599045125,2.4186465062536078,0.0,nan
06,alpha,0.75,1014,ips,n2500,nan,0.7195301342236291,0.7153918288961995,0.8306716599045125,2.4186465062536078,0.0,0.8306716599045125
06,alpha,0.75,1014,snips,n2500,nan,0.7146155128357192,0.7153918288961995,0.8306716599045125,2.4186465062536078,0.0,0.8306716599045125
06,alpha,0.75,1014,clipped_ips,n2500,1.6017482113406325,0.7036237738796675,0.7153918288961995,0.8306716599045125,2.4186465062536078,0.0,0.8452842408440523
06,alpha,0.75,1014,dr,n2500,nan,0.7129302513271887,0.7153918288961995,0.8306716599045125,2.4186465062536078,0.0,0.8306716599045125
06,alpha,0.75,1014,switch_dr,n2500,1.7463761609540571,0.7084313178546198,0.7153918288961995,0.8306716599045125,2.4186465062536078,0.0,0.8001637677981115
06,alpha,0.75,1014,dros,n2500,2.5655973325329153,0.6862093100534254,0.7153918288961995,0.8306716599045125,2.4186465062536078,0.0,0.9378629841687196
06,alpha,0.5,1014,dm,n2500,nan,0.6068209595865446,0.7153918288961995,0.8306716599045125,2.4186465062536078,0.0,nan
06,alpha,0.5,1014,ips,n2500,nan,0.7195301342236291,0.7153918288961995,0.8306716599045125,2.4186465062536078,0.0,0.8306716599045125
06,alpha,0.5,1014,snips,n2500,nan,0.7146155128357192,0.7153918288961995,0.8306716599045125,2.4186465062536078,0.0,0.8306716599045125
06,alpha,0.5,1014,clipped_ips,n2500,1.6017482113406325,0.7036237738796675,0.7153918288961995,0.8306716599045125,2.4186465062536078,0.0,0.8452842408440523
06,alpha,0.5,1014,dr,n2500,nan,0.7139839965305714,0.7153918288961995,0.8306716599045125,2.4186465062536078,0.0,0.8306716599045125
06,alpha,0.5,1014,switch_dr,n2500,1.7463761609540571,0.699675901798273,0.7153918288961995,0.8306716599045125,2.4186465062536078,0.0,0.8001637677981115
06,alpha,0.5,1014,dros,n2500,2.5655973325329153,0.6600045545360926,0.7153918288961995,0.8306716599045125,2.4186465062536078,0.0,0.9378629841687196
06,alpha,0.25,1014,dm,n2500,nan,0.5534104797932723,0.7153918288961995,0.8306716599045125,2.4186465062536078,0.0,nan
06,alpha,0.25,1014,ips,n2500,nan,0.7195301342236291,0.7153918288961995,0.8306716599045125,2.4186465062536078,0.0,0.8306716599045125
06,alpha,0.25,1014,snips,n2500,nan,0.7146155128357192,0.7153918288961995,0.8306716599045125,2.4186465062536078,0.0,0.8306716599045125
06,alpha,0.25,1014,clipped_ips,n2500,1.6017482113406325,0.7036237738796675,0.7153918288961995,0.8306716599045125,2.4186465062536078,0.0,0.8452842408440523
06,alpha,0.25,1014,dr,n2500,nan,0.7150377417339542,0.7153918288961995,0.8306716599045125,2.4186465062536078,0.0,0.8306716599045125
06,alpha,0.25,1014,switch_dr,n2500,1.7463761609540571,0.6909204857419261,0.7153918288961995,0.8306716599045125,2.4186465062536078,0.0,0.8001637677981115
06,alpha,0.25,1014,dros,n2500,2.5655973325329153,0.6337997990187596,0.7153918288961995,0.8306716599045125,2.4186465062536078,0.0,0.9378629841687196
06,alpha,0.0,1014,dm,n2500,nan,0.5,0.7153918288961995,0.8306716599045125,2.4186465062536078,0.0,nan
06,alpha,0.0,1014,ips,n2500,nan,0.7195301342236291,0.7153918288961995,0.8306716599045125,2.4186465062536078,0.0,0.8306716599045125
06,alpha,0.0,1014,snips,n2500,nan,0.7146155128357192,0.7153918288961995,0.8306716599045125,2.4186465062536078,0.0,0.8306716599045125
06,alpha,0.0,1014,clipped_ips,n2500,1.6017482113406325,0.7036237738796675,0.7153918288961995,0.8306716599045125,2.4186465062536078,0.0,0.8452842408440523
06,alpha,0.0,1014,dr,n2500,nan,0.7160914869373368,0.7153918288961995,0.8306716599045125,2.4186465062536078,0.0,0.8306716599045125
06,alpha,0.0,1014,switch_dr,n2500,1.7463761609540571,0.6821650696855792,0.7153918288961995,0.8306716599045125,2.4186465062536078,0.0,0.8001637677981115
06,alpha,0.0,1014,dros,n2500,2.5655973325329153,0.6075950435014266,0.7153918288961995,0.8306716599045125,2.4186465062536078,0.0,0.9378629841687196
06,alpha,1.0,1015,dm,n2500,nan,0.7138599120668814,0.7153918288961995,0.82438268790294,2.6968155385058163,0.0,nan
06,alpha,1.0,1015,ips,n2500,nan,0.7187984003317649,0.7153918288961995,0.82438268790294,2.6968155385058163,0.0,0.82438268790294
06,alpha,1.0,1015,snips,n2500,nan,0.7116329995522476,0.7153918288961995,0.82438268790294,2.6968155385058163,0.0,0.82438268790294
06,alpha,1.0,1015,clipped_ips,n2500,1.6130061375744,0.699478190606934,0.7153918288961995,0.82438268790294,2.6968155385058163,0.0,0.8429774718498732
06,alpha,1.0,1015,dr,n2500,nan,0.7081129557411605,0.7153918288961995,0.82438268790294,2.6968155385058163,0.0,0.82438268790294
06,alpha,1.0,1015,switch_dr,n2500,1.78416550160133,0.712522717933786,0.7153918288961995,0.82438268790294,2.6968155385058163,0.0,0.797779704296896
06,alpha,1.0,1015,dros,n2500,2.6017887998526845,0.7136369128499683,0.7153918288961995,0.82438268790294,2.6968155385058163,0.0,0.9360928243863357
06,alpha,0.9,1015,dm,n2500,nan,0.6924739208601932,0.7153918288961995,0.82438268790294,2.6968155385058163,0.0,nan
06,alpha,0.9,1015,ips,n2500,nan,0.7187984003317649,0.7153918288961995,0.82438268790294,2.6968155385058163,0.0,0.82438268790294
06,alpha,0.9,1015,snips,n2500,nan,0.7116329995522476,0.7153918288961995,0.82438268790294,2.6968155385058163,0.0,0.82438268790294
06,alpha,0.9,1015,clipped_ips,n2500,1.6130061375744,0.699478190606934,0.7153918288961995,0.82438268790294,2.6968155385058163,0.0,0.8429774718498732
06,alpha,0.9,1015,dr,n2500,nan,0.7086780524410511,0.7153918288961995,0.82438268790294,2.6968155385058163,0.0,0.82438268790294
06,alpha,0.9,1015,switch_dr,n2500,1.78416550160133,0.7089926323246808,0.7153918288961995,0.82438268790294,2.6968155385058163,0.0,0.797779704296896
06,alpha,0.9,1015,dros,n2500,2.6017887998526845,0.7031716109421816,0.7153918288961995,0.82438268790294,2.6968155385058163,0.0,0.9360928243863357
06,alpha,0.75,1015,dm,n2500,nan,0.6603949340501611,0.7153918288961995,0.82438268790294,2.6968155385058163,0.0,nan
06,alpha,0.75,1015,ips,n2500,nan,0.7187984003317649,0.7153918288961995,0.82438268790294,2.6968155385058163,0.0,0.82438268790294
06,alpha,0.75,1015,snips,n2500,nan,0.7116329995522476,0.7153918288961995,0.82438268790294,2.6968155385058163,0.0,0.82438268790294
06,alpha,0.75,1015,clipped_ips,n2500,1.6130061375744,0.699478190606934,0.7153918288961995,0.82438268790294,2.6968155385058163,0.0,0.8429774718498732
06,alpha,0.75,1015,dr,n2500,nan,0.7095256974908872,0.7153918288961995,0.82438268790294,2.6968155385058163,0.0,0.82438268790294
06,alpha,0.75,1015,switch_dr,n2500,1.78416550160133,0.7036975039110233,0.7153918288961995,0.82438268790294,2.6968155385058163,0.0,0.797779704296896
06,alpha,0.75,1015,dros,n2500,2.6017887998526845,0.6874736580805018,0.7153918288961995,0.82438268790294,2.6968155385058163,0.0,0.9360928243863357
06,alpha,0.5,1015,dm,n2500,nan,0.6069299560334408,0.7153918288961995,0.82438268790294,2.6968155385058163,0.0,nan
06,alpha,0.5,1015,ips,n2500,nan,0.7187984003317649,0.7153918288961995,0.82438268790294,2.6968155385058163,0.0,0.82438268790294
06,alpha,0.5,1015,snips,n2500,nan,0.7116329995522476,0.7153918288961995,0.82438268790294,2.6968155385058163,0.0,0.82438268790294
06,alpha,0.5,1015,clipped_ips,n2500,1.6130061375744,0.699478190606934,0.7153918288961995,0.82438268790294,2.6968155385058163,0.0,0.8429774718498732
06,alpha,0.5,1015,dr,n2500,nan,0.7109384392406137,0.7153918288961995,0.82438268790294,2.6968155385058163,0.0,0.82438268790294
06,alpha,0.5,1015,switch_dr,n2500,1.78416550160133,0.6948722898882604,0.7153918288961995,0.82438268790294,2.6968155385058163,0.0,0.797779704296896
06,alpha,0.5,1015,dros,n2500,2.6017887998526845,0.6613104033110352,0.7153918288961995,0.82438268790294,2.6968155385058163,0.0,0.9360928243863357
06,alpha,0.25,1015,dm,n2500,nan,0.5534649780167203,0.7153918288961995,0.82438268790294,2.6968155385058163,0.0,nan
06,alpha,0.25,1015,ips,n2500,nan,0.7187984003317649,0.7153918288961995,0.82438268790294,2.6968155385058163,0.0,0.82438268790294
06,alpha,0.25,1015,snips,n2500,nan,0.7116329995522476,0.7153918288961995,0.82438268790294,2.6968155385058163,0.0,0.82438268790294
06,alpha,0.25,1015,clipped_ips,n2500,1.6130061375744,0.699478190606934,0.7153918288961995,0.82438268790294,2.6968155385058163,0.0,0.8429774718498732
06,alpha,0.25,1015,dr,n2500,nan,0.7123511809903402,0.7153918288961995,0.82438268790294,2.6968155385058163,0.0,0.82438268790294
06,alpha,0.25,1015,switch_dr,n2500,1.78416550160133,0.6860470758654976,0.7153918288961995,0.82438268790294,2.6968155385058163,0.0,0.797779704296896
06,alpha,0.25,1015,dros,n2500,2.6017887998526845,0.6351471485415685,0.7153918288961995,0.82438268790294,2.6968155385058163,0.0,0.9360928243863357
06,alpha,0.0,1015,dm,n2500,nan,0.5,0.7153918288961995,0.82438268790294,2.6968155385058163,0.0,nan
06,alpha,0.0,1015,ips,n2500,nan,0.7187984003317649,0.7153918288961995,0.82438268790294,2.6968155385058163,0.0,0.82438268790294
06,alpha,0.0,1015,snips,n2500,nan,0.7116329995522476,0.7153918288961995,0.82438268790294,2.6968155385058163,0.0,0.82438268790294
06,alpha,0.0,1015,clipped_ips,n2500,1.6130061375744,0.699478190606934,0.7153918288961995,0.82438268790294,2.6968155385058163,0.0,0.8429774718498732
06,alpha,0.0,1015,dr,n2500,nan,0.7137639227400668,0.7153918288961995,0.82438268790294,2.6968155385058163,0.0,0.82438268790294
06,alpha,0.0,1015,switch_dr,n2500,1.78416550160133,0.6772218618427348,0.7153918288961995,0.82438268790294,2.6968155385058163,0.0,0.797779704296896
06,alpha,0.0,1015,dros,n2500,2.6017887998526845,0.6089838937721018,0.7153918288961995,0.82438268790294,2.6968155385058163,0.0,0.9360928243863357
06,alpha,1.0,1016,dm,n2500,nan,0.7157868373659252,0.7153918288961995,0.826793822882916,2.558288655233177,0.0,nan
06,alpha,1.0,1016,ips,n2500,nan,0.7342944753851368,0.7153918288961995,0.826793822882916,2.558288655233177,0.0,0.826793822882916
06,alpha,1.0,1016,snips,n2500,nan,0.7327472153268043,0.7153918288961995,0.826793822882916,2.558288655233177,0.0,0.826793822882916
06,alpha,1.0,1016,clipped_ips,n2500,1.5932355218113472,0.7145242374846132,0.7153918288961995,0.826793822882916,2.558288655233177,0.0,0.8445332784500511
06,alpha,1.0,1016,dr,n2500,nan,0.7310876322506715,0.7153918288961995,0.826793822882916,2.558288655233177,0.0,0.826793822882916
06,alpha,1.0,1016,switch_dr,n2500,1.762060524710119,0.726746536214718,0.7153918288961995,0.826793822882916,2.558288655233177,0.0,0.7991500376454156
06,alpha,1.0,1016,dros,n2500,2.5383994279614757,0.723785229194088,0.7153918288961995,0.826793822882916,2.558288655233177,0.0,0.9364716329589994
06,alpha,0.9,1016,dm,n2500,nan,0.6942081536293327,0.7153918288961995,0.826793822882916,2.558288655233177,0.0,nan
06,alpha,0.9,1016,ips,n2500,nan,0.7342944753851368,0.7153918288961995,0.826793822882916,2.558288655233177,0.0,0.826793822882916
06,alpha,0.9,1016,snips,n2500,nan,0.7327472153268043,0.7153918288961995,0.826793822882916,2.558288655233177,0.0,0.826793822882916
06,alpha,0.9,1016,clipped_ips,n2500,1.5932355218113472,0.7145242374846132,0.7153918288961995,0.826793822882916,2.558288655233177,0.0,0.8445332784500511
06,alpha,0.9,1016,dr,n2500,nan,0.7313027371756218,0.7153918288961995,0.826793822882916,2.558288655233177,0.0,0.826793822882916
06,alpha,0.9,1016,switch_dr,n2500,1.762060524710119,0.7230372818611905,0.7153918288961995,0.826793822882916,2.558288655233177,0.0,0.7991500376454156
06,alpha,0.9,1016,dros,n2500,2.5383994279614757,0.7130459866882244,0.7153918288961995,0.826793822882916,2.558288655233177,0.0,0.9364716329589994
06,alpha,0.75,1016,dm,n2500,nan,0.6618401280244438,0.7153918288961995,0.826793822882916,2.558288655233177,0.0,nan
06,alpha,0.75,1016,ips,n2500,nan,0.7342944753851368,0.7153918288961995,0.826793822882916,2.558288655233177,0.0,0.826793822882916
06,alpha,0.75,1016,snips,n2500,nan,0.7327472153268043,0.7153918288961995,0.826793822882916,2.558288655233177,0.0,0.826793822882916
06,alpha,0.75,1016,clipped_ips,n2500,1.5932355218113472,0.7145242374846132,0.7153918288961995,0.826793822882916,2.558288655233177,0.0,0.8445332784500511
06,alpha,0.75,1016,dr,n2500,nan,0.7316253945630469,0.7153918288961995,0.826793822882916,2.558288655233177,0.0,0.826793822882916
06,alpha,0.75,1016,switch_dr,n2500,1.762060524710119,0.7174734003308991,0.7153918288961995,0.826793822882916,2.558288655233177,0.0,0.7991500376454156
06,alpha,0.75,1016,dros,n2500,2.5383994279614757,0.6969371229294287,0.7153918288961995,0.826793822882916,2.558288655233177,0.0,0.9364716329589994
06,alpha,0.5,1016,dm,n2500,nan,0.6078934186829626,0.7153918288961995,0.826793822882916,2.558288655233177,0.0,nan
06,alpha,0.5,1016,ips,n2500,nan,0.7342944753851368,0.7153918288961995,0.826793822882916,2.558288655233177,0.0,0.826793822882916
06,alpha,0.5,1016,snips,n2500,nan,0.7327472153268043,0.7153918288961995,0.826793822882916,2.558288655233177,0.0,0.826793822882916
06,alpha,0.5,1016,clipped_ips,n2500,1.5932355218113472,0.7145242374846132,0.7153918288961995,0.826793822882916,2.558288655233177,0.0,0.8445332784500511
06,alpha,0.5,1016,dr,n2500,nan,0.7321631568754223,0.7153918288961995,0.826793822882916,2.558288655233177,0.0,0.826793822882916
06,alpha,0.5,1016,switch_dr,n2500,1.762060524710119,0.7082002644470805,0.7153918288961995,0.826793822882916,2.558288655233177,0.0,0.7991500376454156
06,alpha,0.5,1016,dros,n2500,2.5383994279614757,0.6700890166647695,0.7153918288961995,0.826793822882916,2.558288655233177,0.0,0.9364716329589994
06,alpha,0.25,1016,dm,n2500,nan,0.5539467093414813,0.7153918288961995,0.826793822882916,2.558288655233177,0.0,nan
06,alpha,0.25,1016,ips,n2500,nan,0.7342944753851368,0.7153918288961995,0.826793822882916,2.558288655233177,0.0,0.826793822882916
06,alpha,0.25,1016,snips,n2500,nan,0.7327472153268043,0.7153918288961995,0.826793822882916,2.558288655233177,0.0,0.826793822882916
06,alpha,0.25,1016,clipped_ips,n2500,1.5932355218113472,0.7145242374846132,0.7153918288961995,0.826793822882916,2.558288655233177,0.0,0.8445332784500511
06,alpha,0.25,1016,dr,n2500,nan,0.7327009191877977,0.7153918288961995,0.826793822882916,2.558288655233177,0.0,0.826793822882916
06,alpha,0.25,1016,switch_dr,n2500,1.762060524710119,0.6989271285632617,0.7153918288961995,0.826793822882916,2.558288655233177,0.0,0.7991500376454156
06,alpha,0.25,1016,dros,n2500,2.5383994279614757,0.6432409104001101,0.7153918288961995,0.826793822882916,2.558288655233177,0.0,0.9364716329589994
06,alpha,0.0,1016,dm,n2500,nan,0.5,0.7153918288961995,0.826793822882916,2.558288655233177,0.0,nan
06,alpha,0.0,1016,ips,n2500,nan,0.7342944753851368,0.7153918288961995,0.826793822882916,2.558288655233177,0.0,0.826793822882916
06,alpha,0.0,1016,snips,n2500,nan,0.7327472153268043,0.7153918288961995,0.826793822882916,2.558288655233177,0.0,0.826793822882916
06,alpha,0.0,1016,clipped_ips,n2500,1.5932355218113472,0.7145242374846132,0.7153918288961995,0.826793822882916,2.558288655233177,0.0,0.8445332784500511
06,alpha,0.0,1016,dr,n2500,nan,0.7332386815001731,0.7153918288961995,0.826793822882916,2.558288655233177,0.0,0.826793822882916
06,alpha,0.0,1016,switch_dr,n2500,1.762060524710119,0.6896539926794428,0.7153918288961995,0.826793822882916,2.558288655233177,0.0,0.7991500376454156
06,alpha,0.0,1016,dros,n2500,2.5383994279614757,0.6163928041354507,0.7153918288961995,0.826793822882916,2.558288655233177,0.0,0.9364716329589994
06,alpha,1.0,1017,dm,n2500,nan,0.7156226642951083,0.7153918288961995,0.8221336196391203,2.7124918028104683,0.0,nan
06,alpha,1.0,1017,ips,n2500,nan,0.7168964687326137,0.7153918288961995,0.8221336196391203,2.7124918028104683,0.0,0.8221336196391203
06,alpha,1.0,1017,snips,n2500,nan,0.7134723449524643,0.7153918288961995,0.8221336196391203,2.7124918028104683,0.0,0.8221336196391203
06,alpha,1.0,1017,clipped_ips,n2500,1.6143906669959047,0.6973160311382401,0.7153918288961995,0.8221336196391203,2.7124918028104683,0.0,0.840259314176179
06,alpha,1.0,1017,dr,n2500,nan,0.7105842787256382,0.7153918288961995,0.8221336196391203,2.7124918028104683,0.0,0.8221336196391203
06,alpha,1.0,1017,switch_dr,n2500,1.7725592432521322,0.7096369156775333,0.7153918288961995,0.8221336196391203,2.7124918028104683,0.0,0.7953883582313432
06,alpha,1.0,1017,dros,n2500,2.606257225683482,0.7095336446793177,0.7153918288961995,0.8221336196391203,2.7124918028104683,0.0,0.9345957862372097
06,alpha,0.9,1017,dm,n2500,nan,0.6940603978655976,0.7153918288961995,0.8221336196391203,2.7124918028104683,0.0,nan
06,alpha,0.9,1017,ips,n2500,nan,0.7168964687326137,0.7153918288961995,0.8221336196391203,2.7124918028104683,0.0,0.8221336196391203
06,alpha,0.9,1017,snips,n2500,nan,0.7134723449524643,0.7153918288961995,0.8221336196391203,2.7124918028104683,0.0,0.8221336196391203
06,alpha,0.9,1017,clipped_ips,n2500,1.6143906669959047,0.6973160311382401,0.7153918288961995,0.8221336196391203,2.7124918028104683,0.0,0.840259314176179
06,alpha,0.9,1017,dr,n2500,nan,0.7109755358129993,0.7153918288961995,0.8221336196391203,2.7124918028104683,0.0,0.8221336196391203
06,alpha,0.9,1017,switch_dr,n2500,1.7725592432521322,0.705871097457729,0.7153918288961995,0.8221336196391203,2.7124918028104683,0.0,0.7953883582313432
06,alpha,0.9,1017,dros,n2500,2.606257225683482,0.6988931331377404,0.7153918288961995,0.8221336196391203,2.7124918028104683,0.0,0.9345957862372097
06,alpha,0.75,1017,dm,n2500,nan,0.6617169982213312,0.7153918288961995,0.8221336196391203,2.7124918028104683,0.0,nan
06,alpha,0.75,1017,ips,n2500,nan,0.7168964687326137,0.7153918288961995,0.8221336196391203,2.7124918028104683,0.0,0.8221336196391203
06,alpha,0.75,1017,snips,n2500,nan,0.7134723449524643,0.7153918288961995,0.8221336196391203,2.7124918028104683,0.0,0.8221336196391203
06,alpha,0.75,1017,clipped_ips,n2500,1.6143906669959047,0.6973160311382401,0.7153918288961995,0.8221336196391203,2.7124918028104683,0.0,0.840259314176179
06,alpha,0.75,1017,dr,n2500,nan,0.7115624214440408,0.7153918288961995,0.8221336196391203,2.7124918028104683,0.0,0.8221336196391203
06,alpha,0.75,1017,switch_dr,n2500,1.7725592432521322,0.7002223701280224,0.7153918288961995,0.8221336196391203,2.7124918028104683,0.0,0.7953883582313432
06,alpha,0.75,1017,dros,n2500,2.606257225683482,0.6829323658253742,0.7153918288961995,0.8221336196391203,2.7124918028104683,0.0,0.9345957862372097
06,alpha,0.5,1017,dm,n2500,nan,0.6078113321475542,0.7153918288961995,0.8221336196391203,2.7124918028104683,0.0,nan
06,alpha,0.5,1017,ips,n2500,nan,0.7168964687326137,0.7153918288961995,0.8221336196391203,2.7124918028104683,0.0,0.8221336196391203
06,alpha,0.5,1017,snips,n2500,nan,0.7134723449524643,0.7153918288961995,0.8221336196391203,2.7124918028104683,0.0,0.8221336196391203
06,alpha,0.5,1017,clipped_ips,n2500,1.6143906669959047,0.6973160311382401,0.7153918288961995,0.8221336196391203,2.7124918028104683,0.0,0.840259314176179
06,alpha,0.5,1017,dr,n2500,nan,0.7125405641624435,0.7153918288961995,0.8221336196391203,2.7124918028104683,0.0,0.8221336196391203
06,alpha,0.5,1017,switch_dr,n2500,1.7725592432521322,0.6908078245785116,0.7153918288961995,0.8221336196391203,2.7124918028104683,0.0,0.7953883582313432
06,alpha,0.5,1017,dros,n2500,2.606257225683482,0.6563310869714309,0.7153918288961995,0.8221336196391203,2.7124918028104683,0.0,0.9345957862372097
06,alpha,0.25,1017,dm,n2500,nan,0.5539056660737771,0.7153918288961995,0.8221336196391203,2.7124918028104683,0.0,nan
06,alpha,0.25,1017,ips,n2500,nan,0.7168964687326137,0.7153918288961995,0.8221336196391203,2.7124918028104683,0.0,0.8221336196391203
06,alpha,0.25,1017,snips,n2500,nan,0.7134723449524643,0.7153918288961995,0.8221336196391203,2.7124918028104683,0.0,0.8221336196391203
06,alpha,0.25,1017,clipped_ips,n2500,1.6143906669959047,0.6973160311382401,0.7153918288961995,0.8221336196391203,2.7124918028104683,0.0,0.840259314176179
06,alpha,0.25,1017,dr,n2500,nan,0.7135187068808461,0.7153918288961995,0.8221336196391203,2.7124918028104683,0.0,0.8221336196391203
06,alpha,0.25,1017,switch_dr,n2500,1.7725592432521322,0.6813932790290007,0.7153918288961995,0.8221336196391203,2.7124918028104683,0.0,0.7953883582313432
06,alpha,0.25,1017,dros,n2500,2.606257225683482,0.6297298081174875,0.7153918288961995,0.8221336196391203,2.7124918028104683,0.0,0.9345957862372097
06,alpha,0.0,1017,dm,n2500,nan,0.5,0.7153918288961995,0.8221336196391203,2.7124918028104683,0.0,nan
06,alpha,0.0,1017,ips,n2500,nan,0.7168964687326137,0.7153918288961995,0.8221336196391203,2.7124918028104683,0.0,0.8221336196391203
06,alpha,0.0,1017,snips,n2500,nan,0.7134723449524643,0.7153918288961995,0.8221336196391203,2.7124918028104683,0.0,0.8221336196391203
06,alpha,0.0,1017,clipped_ips,n2500,1.6143906669959047,0.6973160311382401,0.7153918288961995,0.8221336196391203,2.7124918028104683,0.0,0.840259314176179
06,alpha,0.0,1017,dr,n2500,nan,0.7144968495992486,0.7153918288961995,0.8221336196391203,2.7124918028104683,0.0,0.8221336196391203
06,alpha,0.0,1017,switch_dr,n2500,1.7725592432521322,0.6719787334794898,0.7153918288961995,0.8221336196391203,2.7124918028104683,0.0,0.7953883582313432
06,alpha,0.0,1017,dros,n2500,2.606257225683482,0.603128529263544,0.7153918288961995,0.8221336196391203,2.7124918028104683,0.0,0.9345957862372097
06,alpha,1.0,1018,dm,n2500,nan,0.7159496300582093,0.7153918288961995,0.8184439828362426,2.5700702564419156,0.0,nan
06,alpha,1.0,1018,ips,n2500,nan,0.7112455823197648,0.7153918288961995,0.8184439828362426,2.5700702564419156,0.0,0.8184439828362426
06,alpha,1.0,1018,snips,n2500,nan,0.7181387213231657,0.7153918288961995,0.8184439828362426,2.5700702564419156,0.0,0.8184439828362426
06,alpha,1.0,1018,clipped_ips,n2500,1.614595836871568,0.6926816677432122,0.7153918288961995,0.8184439828362426,2.5700702564419156,0.0,0.8358624412652363
06,alpha,1.0,1018,dr,n2500,nan,0.7200946625996582,0.7153918288961995,0.8184439828362426,2.5700702564419156,0.0,0.8184439828362426
06,alpha,1.0,1018,switch_dr,n2500,1.764583825243483,0.7181556028175139,0.7153918288961995,0.8184439828362426,2.5700702564419156,0.0,0.7917513542171302
06,alpha,1.0,1018,dros,n2500,2.606919716442999,0.7193083963589137,0.7153918288961995,0.8184439828362426,2.5700702564419156,0.0,0.9329101598627185
06,alpha,0.9,1018,dm,n2500,nan,0.6943546670523885,0.7153918288961995,0.8184439828362426,2.5700702564419156,0.0,nan
06,alpha,0.9,1018,ips,n2500,nan,0.7112455823197648,0.7153918288961995,0.8184439828362426,2.5700702564419156,0.0,0.8184439828362426
06,alpha,0.9,1018,snips,n2500,nan,0.7181387213231657,0.7153918288961995,0.8184439828362426,2.5700702564419156,0.0,0.8184439828362426
06,alpha,0.9,1018,clipped_ips,n2500,1.614595836871568,0.6926816677432122,0.7153918288961995,0.8184439828362426,2.5700702564419156,0.0,0.8358624412652363
06,alpha,0.9,1018,dr,n2500,nan,0.7196896854540129,0.7153918288961995,0.8184439828362426,2.5700702564419156,0.0,0.8184439828362426
06,alpha,0.9,1018,switch_dr,n2500,1.764583825243483,0.7137531975394874,0.7153918288961995,0.8184439828362426,2.5700702564419156,0.0,0.7917513542171302
06,alpha,0.9,1018,dros,n2500,2.606919716442999,0.708167937265788,0.7153918288961995,0.8184439828362426,2.5700702564419156,0.0,0.9329101598627185
06,alpha,0.75,1018,dm,n2500,nan,0.661962222543657,0.7153918288961995,0.8184439828362426,2.5700702564419156,0.0,nan
06,alpha,0.75,1018,ips,n2500,nan,0.7112455823197648,0.7153918288961995,0.8184439828362426,2.5700702564419156,0.0,0.8184439828362426
06,alpha,0.75,1018,snips,n2500,nan,0.7181387213231657,0.7153918288961995,0.8184439828362426,2.5700702564419156,0.0,0.8184439828362426
06,alpha,0.75,1018,clipped_ips,n2500,1.614595836871568,0.6926816677432122,0.7153918288961995,0.8184439828362426,2.5700702564419156,0.0,0.8358624412652363
06,alpha,0.75,1018,dr,n2500,nan,0.719082219735545,0.7153918288961995,0.8184439828362426,2.5700702564419156,0.0,0.8184439828362426
06,alpha,0.75,1018,switch_dr,n2500,1.764583825243483,0.7071495896224476,0.7153918288961995,0.8184439828362426,2.5700702564419156,0.0,0.7917513542171302
06,alpha,0.75,1018,dros,n2500,2.606919716442999,0.6914572486260991,0.7153918288961995,0.8184439828362426,2.5700702564419156,0.0,0.9329101598627185
06,alpha,0.5,1018,dm,n2500,nan,0.6079748150291047,0.7153918288961995,0.8184439828362426,2.5700702564419156,0.0,nan
06,alpha,0.5,1018,ips,n2500,nan,0.7112455823197648,0.7153918288961995,0.8184439828362426,2.5700702564419156,0.0,0.8184439828362426
06,alpha,0.5,1018,snips,n2500,nan,0.7181387213231657,0.7153918288961995,0.8184439828362426,2.5700702564419156,0.0,0.8184439828362426
06,alpha,0.5,1018,clipped_ips,n2500,1.614595836871568,0.6926816677432122,0.7153918288961995,0.8184439828362426,2.5700702564419156,0.0,0.8358624412652363
06,alpha,0.5,1018,dr,n2500,nan,0.7180697768714317,0.7153918288961995,0.8184439828362426,2.5700702564419156,0.0,0.8184439828362426
06,alpha,0.5,1018,switch_dr,n2500,1.764583825243483,0.6961435764273811,0.7153918288961995,0.8184439828362426,2.5700702564419156,0.0,0.7917513542171302
06,alpha,0.5,1018,dros,n2500,2.606919716442999,0.6636061008932845,0.7153918288961995,0.8184439828362426,2.5700702564419156,0.0,0.9329101598627185
06,alpha,0.25,1018,dm,n2500,nan,0.5539874075145523,0.7153918288961995,0.8184439828362426,2.5700702564419156,0.0,nan
06,alpha,0.25,1018,ips,n2500,nan,0.7112455823197648,0.7153918288961995,0.8184439828362426,2.5700702564419156,0.0,0.8184439828362426
06,alpha,0.25,1018,snips,n2500,nan,0.7181387213231657,0.7153918288961995,0.8184439828362426,2.5700702564419156,0.0,0.8184439828362426
06,alpha,0.25,1018,clipped_ips,n2500,1.614595836871568,0.6926816677432122,0.7153918288961995,0.8184439828362426,2.5700702564419156,0.0,0.8358624412652363
06,alpha,0.25,1018,dr,n2500,nan,0.7170573340073184,0.7153918288961995,0.8184439828362426,2.5700702564419156,0.0,0.8184439828362426
06,alpha,0.25,1018,switch_dr,n2500,1.764583825243483,0.6851375632323148,0.7153918288961995,0.8184439828362426,2.5700702564419156,0.0,0.7917513542171302
06,alpha,0.25,1018,dros,n2500,2.606919716442999,0.6357549531604699,0.7153918288961995,0.8184439828362426,2.5700702564419156,0.0,0.9329101598627185
06,alpha,0.0,1018,dm,n2500,nan,0.5,0.7153918288961995,0.8184439828362426,2.5700702564419156,0.0,nan
06,alpha,0.0,1018,ips,n2500,nan,0.7112455823197648,0.7153918288961995,0.8184439828362426,2.5700702564419156,0.0,0.8184439828362426
06,alpha,0.0,1018,snips,n2500,nan,0.7181387213231657,0.7153918288961995,0.8184439828362426,2.5700702564419156,0.0,0.8184439828362426
06,alpha,0.0,1018,clipped_ips,n2500,1.614595836871568,0.6926816677432122,0.7153918288961995,0.8184439828362426,2.5700702564419156,0.0,0.8358624412652363
06,alpha,0.0,1018,dr,n2500,nan,0.7160448911432051,0.7153918288961995,0.8184439828362426,2.5700702564419156,0.0,0.8184439828362426
06,alpha,0.0,1018,switch_dr,n2500,1.764583825243483,0.6741315500372485,0.7153918288961995,0.8184439828362426,2.5700702564419156,0.0,0.7917513542171302
06,alpha,0.0,1018,dros,n2500,2.606919716442999,0.6079038054276553,0.7153918288961995,0.8184439828362426,2.5700702564419156,0.0,0.9329101598627185
06,alpha,1.0,1019,dm,n2500,nan,0.7176159156820014,0.7153918288961995,0.8183820649285207,2.534885341799532,0.0,nan
06,alpha,1.0,1019,ips,n2500,nan,0.7003736609592534,0.7153918288961995,0.8183820649285207,2.534885341799532,0.0,0.8183820649285207
06,alpha,1.0,1019,snips,n2500,nan,0.7074757427147994,0.7153918288961995,0.8183820649285207,2.534885341799532,0.0,0.8183820649285207
06,alpha,1.0,1019,clipped_ips,n2500,1.5959578116939708,0.6791285708136903,0.7153918288961995,0.8183820649285207,2.534885341799532,0.0,0.8379550266365288
06,alpha,1.0,1019,dr,n2500,nan,0.7101276822394891,0.7153918288961995,0.8183820649285207,2.534885341799532,0.0,0.8183820649285207
06,alpha,1.0,1019,switch_dr,n2500,1.7746073659642492,0.7076604158159733,0.7153918288961995,0.8183820649285207,2.534885341799532,0.0,0.792853257400537
06,alpha,1.0,1019,dros,n2500,2.547081336707008,0.7132403759786253,0.7153918288961995,0.8183820649285207,2.534885341799532,0.0,0.9348746112632783
06,alpha,0.9,1019,dm,n2500,nan,0.6958543241138013,0.7153918288961995,0.8183820649285207,2.534885341799532,0.0,nan
06,alpha,0.9,1019,ips,n2500,nan,0.7003736609592534,0.7153918288961995,0.8183820649285207,2.534885341799532,0.0,0.8183820649285207
06,alpha,0.9,1019,snips,n2500,nan,0.7074757427147994,0.7153918288961995,0.8183820649285207,2.534885341799532,0.0,0.8183820649285207
06,alpha,0.9,1019,clipped_ips,n2500,1.5959578116939708,0.6791285708136903,0.7153918288961995,0.8183820649285207,2.534885341799532,0.0,0.8379550266365288
06,alpha,0.9,1019,dr,n2500,nan,0.7096542112256189,0.7153918288961995,0.8183820649285207,2.534885341799532,0.0,0.8183820649285207
06,alpha,0.9,1019,switch_dr,n2500,1.7746073659642492,0.702970637176899,0.7153918288961995,0.8183820649285207,2.534885341799532,0.0,0.792853257400537
06,alpha,0.9,1019,dros,n2500,2.547081336707008,0.7018325796438457,0.7153918288961995,0.8183820649285207,2.534885341799532,0.0,0.9348746112632783
06,alpha,0.75,1019,dm,n2500,nan,0.6632119367615011,0.7153918288961995,0.8183820649285207,2.534885341799532,0.0,nan
06,alpha,0.75,1019,ips,n2500,nan,0.7003736609592534,0.7153918288961995,0.8183820649285207,2.534885341799532,0.0,0.8183820649285207
06,alpha,0.75,1019,snips,n2500,nan,0.7074757427147994,0.7153918288961995,0.8183820649285207,2.534885341799532,0.0,0.8183820649285207
06,alpha,0.75,1019,clipped_ips,n2500,1.5959578116939708,0.6791285708136903,0.7153918288961995,0.8183820649285207,2.534885341799532,0.0,0.8379550266365288
06,alpha,0.75,1019,dr,n2500,nan,0.7089440047048136,0.7153918288961995,0.8183820649285207,2.534885341799532,0.0,0.8183820649285207
06,alpha,0.75,1019,switch_dr,n2500,1.7746073659642492,0.6959359692182875,0.7153918288961995,0.8183820649285207,2.534885341799532,0.0,0.792853257400537
06,alpha,0.75,1019,dros,n2500,2.547081336707008,0.6847208851416763,0.7153918288961995,0.8183820649285207,2.534885341799532,0.0,0.9348746112632783
06,alpha,0.5,1019,dm,n2500,nan,0.6088079578410007,0.7153918288961995,0.8183820649285207,2.534885341799532,0.0,nan
06,alpha,0.5,1019,ips,n2500,nan,0.7003736609592534,0.7153918288961995,0.8183820649285207,2.534885341799532,0.0,0.8183820649285207
06,alpha,0.5,1019,snips,n2500,nan,0.7074757427147994,0.7153918288961995,0.8183820649285207,2.534885341799532,0.0,0.8183820649285207
06,alpha,0.5,1019,clipped_ips,n2500,1.5959578116939708,0.6791285708136903,0.7153918288961995,0.8183820649285207,2.534885341799532,0.0,0.8379550266365288
06,alpha,0.5,1019,dr,n2500,nan,0.7077603271701379,0.7153918288961995,0.8183820649285207,2.534885341799532,0.0,0.8183820649285207
06,alpha,0.5,1019,switch_dr,n2500,1.7746073659642492,0.6842115226206015,0.7153918288961995,0.8183820649285207,2.534885341799532,0.0,0.792853257400537
06,alpha,0.5,1019,dros,n2500,2.547081336707008,0.6562013943047271,0.7153918288961995,0.8183820649285207,2.534885341799532,0.0,0.9348746112632783
06,alpha,0.25,1019,dm,n2500,nan,0.5544039789205003,0.7153918288961995,0.8183820649285207,2.534885341799532,0.0,nan
06,alpha,0.25,1019,ips,n2500,nan,0.7003736609592534,0.7153918288961995,0.8183820649285207,2.534885341799532,0.0,0.8183820649285207
06,alpha,0.25,1019,snips,n2500,nan,0.7074757427147994,0.7153918288961995,0.8183820649285207,2.534885341799532,0.0,0.8183820649285207
06,alpha,0.25,1019,clipped_ips,n2500,1.5959578116939708,0.6791285708136903,0.7153918288961995,0.8183820649285207,2.534885341799532,0.0,0.8379550266365288
06,alpha,0.25,1019,dr,n2500,nan,0.7065766496354622,0.7153918288961995,0.8183820649285207,2.534885341799532,0.0,0.8183820649285207
06,alpha,0.25,1019,switch_dr,n2500,1.7746073659642492,0.6724870760229155,0.7153918288961995,0.8183820649285207,2.534885341799532,0.0,0.792853257400537
06,alpha,0.25,1019,dros,n2500,2.547081336707008,0.6276819034677781,0.7153918288961995,0.8183820649285207,2.534885341799532,0.0,0.9348746112632783
06,alpha,0.0,1019,dm,n2500,nan,0.5,0.7153918288961995,0.8183820649285207,2.534885341799532,0.0,nan
06,alpha,0.0,1019,ips,n2500,nan,0.7003736609592534,0.7153918288961995,0.8183820649285207,2.534885341799532,0.0,0.8183820649285207
06,alpha,0.0,1019,snips,n2500,nan,0.7074757427147994,0.7153918288961995,0.8183820649285207,2.534885341799532,0.0,0.8183820649285207
06,alpha,0.0,1019,clipped_ips,n2500,1.5959578116939708,0.6791285708136903,0.7153918288961995,0.8183820649285207,2.534885341799532,0.0,0.8379550266365288
06,alpha,0.0,1019,dr,n2500,nan,0.7053929721007868,0.7153918288961995,0.8183820649285207,2.534885341799532,0.0,0.8183820649285207
06,alpha,0.0,1019,switch_dr,n2500,1.7746073659642492,0.6607626294252296,0.7153918288961995,0.8183820649285207,2.534885341799532,0.0,0.792853257400537
06,alpha,0.0,1019,dros,n2500,2.547081336707008,0.599162412630829,0.7153918288961995,0.8183820649285207,2.534885341799532,0.0,0.9348746112632783
06,alpha,1.0,1020,dm,n2500,nan,0.7170660082152271,0.7153918288961995,0.8264453596150663,2.7437531521936487,0.0,nan
06,alpha,1.0,1020,ips,n2500,nan,0.7053008012875597,0.7153918288961995,0.8264453596150663,2.7437531521936487,0.0,0.8264453596150663
06,alpha,1.0,1020,snips,n2500,nan,0.7042834699571996,0.7153918288961995,0.8264453596150663,2.7437531521936487,0.0,0.8264453596150663
06,alpha,1.0,1020,clipped_ips,n2500,1.5955363470422044,0.6853312120085958,0.7153918288961995,0.8264453596150663,2.7437531521936487,0.0,0.8448060589511434
06,alpha,1.0,1020,dr,n2500,nan,0.7049923161436861,0.7153918288961995,0.8264453596150663,2.7437531521936487,0.0,0.8264453596150663
06,alpha,1.0,1020,switch_dr,n2500,1.7667721127984455,0.7005327959728804,0.7153918288961995,0.8264453596150663,2.7437531521936487,0.0,0.7992948761859525
06,alpha,1.0,1020,dros,n2500,2.5457362347327814,0.7090721377511882,0.7153918288961995,0.8264453596150663,2.7437531521936487,0.0,0.9379003969268801
06,alpha,0.9,1020,dm,n2500,nan,0.6953594073937045,0.7153918288961995,0.8264453596150663,2.7437531521936487,0.0,nan
06,alpha,0.9,1020,ips,n2500,nan,0.7053008012875597,0.7153918288961995,0.8264453596150663,2.7437531521936487,0.0,0.8264453596150663
06,alpha,0.9,1020,snips,n2500,nan,0.7042834699571996,0.7153918288961995,0.8264453596150663,2.7437531521936487,0.0,0.8264453596150663
06,alpha,0.9,1020,clipped_ips,n2500,1.5955363470422044,0.6853312120085958,0.7153918288961995,0.8264453596150663,2.7437531521936487,0.0,0.8448060589511434
06,alpha,0.9,1020,dr,n2500,nan,0.7049509400941191,0.7153918288961995,0.8264453596150663,2.7437531521936487,0.0,0.8264453596150663
06,alpha,0.9,1020,switch_dr,n2500,1.7667721127984455,0.6963320872203286,0.7153918288961995,0.8264453596150663,2.7437531521936487,0.0,0.7992948761859525
06,alpha,0.9,1020,dros,n2500,2.5457362347327814,0.6980842929899789,0.7153918288961995,0.8264453596150663,2.7437531521936487,0.0,0.9379003969268801
06,alpha,0.75,1020,dm,n2500,nan,0.6627995061614204,0.7153918288961995,0.8264453596150663,2.7437531521936487,0.0,nan
06,alpha,0.75,1020,ips,n2500,nan,0.7053008012875597,0.7153918288961995,0.8264453596150663,2.7437531521936487,0.0,0.8264453596150663
06,alpha,0.75,1020,snips,n2500,nan,0.7042834699571996,0.7153918288961995,0.8264453596150663,2.7437531521936487,0.0,0.8264453596150663
06,alpha,0.75,1020,clipped_ips,n2500,1.5955363470422044,0.6853312120085958,0.7153918288961995,0.8264453596150663,2.7437531521936487,0.0,0.8448060589511434
06,alpha,0.75,1020,dr,n2500,nan,0.7048888760197684,0.7153918288961995,0.8264453596150663,2.7437531521936487,0.0,0.8264453596150663
06,alpha,0.75,1020,switch_dr,n2500,1.7667721127984455,0.6900310240915007,0.7153918288961995,0.8264453596150663,2.7437531521936487,0.0,0.7992948761859525
06,alpha,0.75,1020,dros,n2500,2.5457362347327814,0.6816025258481648,0.7153918288961995,0.8264453596150663,2.7437531521936487,0.0,0.9379003969268801
06,alpha,0.5,1020,dm,n2500,nan,0.6085330041076137,0.7153918288961995,0.8264453596150663,2.7437531521936487,0.0,nan
06,alpha,0.5,1020,ips,n2500,nan,0.7053008012875597,0.7153918288961995,0.8264453596150663,2.7437531521936487,0.0,0.8264453596150663
06,alpha,0.5,1020,snips,n2500,nan,0.7042834699571996,0.7153918288961995,0.8264453596150663,2.7437531521936487,0.0,0.8264453596150663
06,alpha,0.5,1020,clipped_ips,n2500,1.5955363470422044,0.6853312120085958,0.7153918288961995,0.8264453596150663,2.7437531521936487,0.0,0.8448060589511434
06,alpha,0.5,1020,dr,n2500,nan,0.7047854358958506,0.7153918288961995,0.8264453596150663,2.7437531521936487,0.0,0.8264453596150663
06,alpha,0.5,1020,switch_dr,n2500,1.7667721127984455,0.6795292522101212,0.7153918288961995,0.8264453596150663,2.7437531521936487,0.0,0.7992948761859525
06,alpha,0.5,1020,dros,n2500,2.5457362347327814,0.6541329139451416,0.7153918288961995,0.8264453596150663,2.7437531521936487,0.0,0.9379003969268801
06,alpha,0.25,1020,dm,n2500,nan,0.5542665020538068,0.7153918288961995,0.8264453596150663,2.7437531521936487,0.0,nan
06,alpha,0.25,1020,ips,n2500,nan,0.7053008012875597,0.7153918288961995,0.8264453596150663,2.7437531521936487,0.0,0.8264453596150663
06,alpha,0.25,1020,snips,n2500,nan,0.7042834699571996,0.7153918288961995,0.8264453596150663,2.7437531521936487,0.0,0.8264453596150663
06,alpha,0.25,1020,clipped_ips,n2500,1.5955363470422044,0.6853312120085958,0.7153918288961995,0.8264453596150663,2.7437531521936487,0.0,0.8448060589511434
06,alpha,0.25,1020,dr,n2500,nan,0.7046819957719328,0.7153918288961995,0.8264453596150663,2.7437531521936487,0.0,0.8264453596150663
06,alpha,0.25,1020,switch_dr,n2500,1.7667721127984455,0.6690274803287414,0.7153918288961995,0.8264453596150663,2.7437531521936487,0.0,0.7992948761859525
06,alpha,0.25,1020,dros,n2500,2.5457362347327814,0.6266633020421182,0.7153918288961995,0.8264453596150663,2.7437531521936487,0.0,0.9379003969268801
06,alpha,0.0,1020,dm,n2500,nan,0.5,0.7153918288961995,0.8264453596150663,2.7437531521936487,0.0,nan
06,alpha,0.0,1020,ips,n2500,nan,0.7053008012875597,0.7153918288961995,0.8264453596150663,2.7437531521936487,0.0,0.8264453596150663
06,alpha,0.0,1020,snips,n2500,nan,0.7042834699571996,0.7153918288961995,0.8264453596150663,2.7437531521936487,0.0,0.8264453596150663
06,alpha,0.0,1020,clipped_ips,n2500,1.5955363470422044,0.6853312120085958,0.7153918288961995,0.8264453596150663,2.7437531521936487,0.0,0.8448060589511434
06,alpha,0.0,1020,dr,n2500,nan,0.704578555648015,0.7153918288961995,0.8264453596150663,2.7437531521936487,0.0,0.8264453596150663
06,alpha,0.0,1020,switch_dr,n2500,1.7667721127984455,0.6585257084473617,0.7153918288961995,0.8264453596150663,2.7437531521936487,0.0,0.7992948761859525
06,alpha,0.0,1020,dros,n2500,2.5457362347327814,0.5991936901390948,0.7153918288961995,0.8264453596150663,2.7437531521936487,0.0,0.9379003969268801
06,alpha,1.0,1021,dm,n2500,nan,0.7166137641161555,0.7153918288961995,0.8225858995814751,2.6075408449092436,0.0,nan
06,alpha,1.0,1021,ips,n2500,nan,0.6973975960840637,0.7153918288961995,0.8225858995814751,2.6075408449092436,0.0,0.8225858995814751
06,alpha,1.0,1021,snips,n2500,nan,0.7026499813222555,0.7153918288961995,0.8225858995814751,2.6075408449092436,0.0,0.8225858995814751
06,alpha,1.0,1021,clipped_ips,n2500,1.592393731666589,0.6796240913239053,0.7153918288961995,0.8225858995814751,2.6075408449092436,0.0,0.840446627431062
06,alpha,1.0,1021,dr,n2500,nan,0.7052768833919301,0.7153918288961995,0.8225858995814751,2.6075408449092436,0.0,0.8225858995814751
06,alpha,1.0,1021,switch_dr,n2500,1.7508866942178065,0.7093842671779818,0.7153918288961995,0.8225858995814751,2.6075408449092436,0.0,0.7954971987556548
06,alpha,1.0,1021,dros,n2500,2.5357177966510447,0.7107066909672991,0.7153918288961995,0.8225858995814751,2.6075408449092436,0.0,0.9361412039603431
06,alpha,0.9,1021,dm,n2500,nan,0.6949523877045399,0.7153918288961995,0.8225858995814751,2.6075408449092436,0.0,nan
06,alpha,0.9,1021,ips,n2500,nan,0.6973975960840637,0.7153918288961995,0.8225858995814751,2.6075408449092436,0.0,0.8225858995814751
06,alpha,0.9,1021,snips,n2500,nan,0.7026499813222555,0.7153918288961995,0.8225858995814751,2.6075408449092436,0.0,0.8225858995814751
06,alpha,0.9,1021,clipped_ips,n2500,1.592393731666589,0.6796240913239053,0.7153918288961995,0.8225858995814751,2.6075408449092436,0.0,0.840446627431062
06,alpha,0.9,1021,dr,n2500,nan,0.7048627101139158,0.7153918288961995,0.8225858995814751,2.6075408449092436,0.0,0.8225858995814751
06,alpha,0.9,1021,switch_dr,n2500,1.7508866942178065,0.7049870971900641,0.7153918288961995,0.8225858995814751,2.6075408449092436,0.0,0.7954971987556548
06,alpha,0.9,1021,dros,n2500,2.5357177966510447,0.6994579390209021,0.7153918288961995,0.8225858995814751,2.6075408449092436,0.0,0.9361412039603431
06,alpha,0.75,1021,dm,n2500,nan,0.6624603230871166,0.7153918288961995,0.8225858995814751,2.6075408449092436,0.0,nan
06,alpha,0.75,1021,ips,n2500,nan,0.6973975960840637,0.7153918288961995,0.8225858995814751,2.6075408449092436,0.0,0.8225858995814751
06,alpha,0.75,1021,snips,n2500,nan,0.7026499813222555,0.7153918288961995,0.8225858995814751,2.6075408449092436,0.0,0.8225858995814751
06,alpha,0.75,1021,clipped_ips,n2500,1.592393731666589,0.6796240913239053,0.7153918288961995,0.8225858995814751,2.6075408449092436,0.0,0.840446627431062
06,alpha,0.75,1021,dr,n2500,nan,0.7042414501968943,0.7153918288961995,0.8225858995814751,2.6075408449092436,0.0,0.8225858995814751
06,alpha,0.75,1021,switch_dr,n2500,1.7508866942178065,0.6983913422081877,0.7153918288961995,0.8225858995814751,2.6075408449092436,0.0,0.7954971987556548
06,alpha,0.75,1021,dros,n2500,2.5357177966510447,0.6825848111013066,0.7153918288961995,0.8225858995814751,2.6075408449092436,0.0,0.9361412039603431
06,alpha,0.5,1021,dm,n2500,nan,0.6083068820580777,0.7153918288961995,0.8225858995814751,2.6075408449092436,0.0,nan
06,alpha,0.5,1021,ips,n2500,nan,0.6973975960840637,0.7153918288961995,0.8225858995814751,2.6075408449092436,0.0,0.8225858995814751
06,alpha,0.5,1021,snips,n2500,nan,0.7026499813222555,0.7153918288961995,0.8225858995814751,2.6075408449092436,0.0,0.8225858995814751
06,alpha,0.5,1021,clipped_ips,n2500,1.592393731666589,0.6796240913239053,0.7153918288961995,0.8225858995814751,2.6075408449092436,0.0,0.840446627431062
06,alpha,0.5,1021,dr,n2500,nan,0.7032060170018587,0.7153918288961995,0.8225858995814751,2.6075408449092436,0.0,0.8225858995814751
06,alpha,0.5,1021,switch_dr,n2500,1.7508866942178065,0.6873984172383938,0.7153918288961995,0.8225858995814751,2.6075408449092436,0.0,0.7954971987556548
06,alpha,0.5,1021,dros,n2500,2.5357177966510447,0.6544629312353144,0.7153918288961995,0.8225858995814751,2.6075408449092436,0.0,0.9361412039603431
06,alpha,0.25,1021,dm,n2500,nan,0.5541534410290389,0.7153918288961995,0.8225858995814751,2.6075408449092436,0.0,nan
06,alpha,0.25,1021,ips,n2500,nan,0.6973975960840637,0.7153918288961995,0.8225858995814751,2.6075408449092436,0.0,0.8225858995814751
06,alpha,0.25,1021,snips,n2500,nan,0.7026499813222555,0.7153918288961995,0.8225858995814751,2.6075408449092436,0.0,0.8225858995814751
06,alpha,0.25,1021,clipped_ips,n2500,1.592393731666589,0.6796240913239053,0.7153918288961995,0.8225858995814751,2.6075408449092436,0.0,0.840446627431062
06,alpha,0.25,1021,dr,n2500,nan,0.7021705838068231,0.7153918288961995,0.8225858995814751,2.6075408449092436,0.0,0.8225858995814751
06,alpha,0.25,1021,switch_dr,n2500,1.7508866942178065,0.6764054922685998,0.7153918288961995,0.8225858995814751,2.6075408449092436,0.0,0.7954971987556548
06,alpha,0.25,1021,dros,n2500,2.5357177966510447,0.6263410513693222,0.7153918288961995,0.8225858995814751,2.6075408449092436,0.0,0.9361412039603431
06,alpha,0.0,1021,dm,n2500,nan,0.5,0.7153918288961995,0.8225858995814751,2.6075408449092436,0.0,nan
06,alpha,0.0,1021,ips,n2500,nan,0.6973975960840637,0.7153918288961995,0.8225858995814751,2.6075408449092436,0.0,0.8225858995814751
06,alpha,0.0,1021,snips,n2500,nan,0.7026499813222555,0.7153918288961995,0.8225858995814751,2.6075408449092436,0.0,0.8225858995814751
06,alpha,0.0,1021,clipped_ips,n2500,1.592393731666589,0.6796240913239053,0.7153918288961995,0.8225858995814751,2.6075408449092436,0.0,0.840446627431062
06,alpha,0.0,1021,dr,n2500,nan,0.7011351506117873,0.7153918288961995,0.8225858995814751,2.6075408449092436,0.0,0.8225858995814751
06,alpha,0.0,1021,switch_dr,n2500,1.7508866942178065,0.6654125672988058,0.7153918288961995,0.8225858995814751,2.6075408449092436,0.0,0.7954971987556548
06,alpha,0.0,1021,dros,n2500,2.5357177966510447,0.5982191715033299,0.7153918288961995,0.8225858995814751,2.6075408449092436,0.0,0.9361412039603431
06,alpha,1.0,1022,dm,n2500,nan,0.7103258247064083,0.7153918288961995,0.8190784550874367,2.620825101591627,0.0,nan
06,alpha,1.0,1022,ips,n2500,nan,0.7078900108015289,0.7153918288961995,0.8190784550874367,2.620825101591627,0.0,0.8190784550874367
06,alpha,1.0,1022,snips,n2500,nan,0.7047596712493425,0.7153918288961995,0.8190784550874367,2.620825101591627,0.0,0.8190784550874367
06,alpha,1.0,1022,clipped_ips,n2500,1.6377109776360568,0.6881423260993457,0.7153918288961995,0.8190784550874367,2.620825101591627,0.0,0.8365493571872861
06,alpha,1.0,1022,dr,n2500,nan,0.7024323148922542,0.7153918288961995,0.8190784550874367,2.620825101591627,0.0,0.8190784550874367
06,alpha,1.0,1022,switch_dr,n2500,1.7801216981665051,0.6951526147966637,0.7153918288961995,0.8190784550874367,2.620825101591627,0.0,0.7926487064143812
06,alpha,1.0,1022,dros,n2500,2.682097246269649,0.7046361904293457,0.7153918288961995,0.8190784550874367,2.620825101591627,0.0,0.9325619408453515
06,alpha,0.9,1022,dm,n2500,nan,0.6892932422357673,0.7153918288961995,0.8190784550874367,2.620825101591627,0.0,nan
06,alpha,0.9,1022,ips,n2500,nan,0.7078900108015289,0.7153918288961995,0.8190784550874367,2.620825101591627,0.0,0.8190784550874367
06,alpha,0.9,1022,snips,n2500,nan,0.7047596712493425,0.7153918288961995,0.8190784550874367,2.620825101591627,0.0,0.8190784550874367
06,alpha,0.9,1022,clipped_ips,n2500,1.6377109776360568,0.6881423260993457,0.7153918288961995,0.8190784550874367,2.620825101591627,0.0,0.8365493571872861
06,alpha,0.9,1022,dr,n2500,nan,0.7027559988786919,0.7153918288961995,0.8190784550874367,2.620825101591627,0.0,0.8190784550874367
06,alpha,0.9,1022,switch_dr,n2500,1.7801216981665051,0.6914230228914137,0.7153918288961995,0.8190784550874367,2.620825101591627,0.0,0.7926487064143812
06,alpha,0.9,1022,dros,n2500,2.682097246269649,0.6942164346474752,0.7153918288961995,0.8190784550874367,2.620825101591627,0.0,0.9325619408453515
06,alpha,0.75,1022,dm,n2500,nan,0.6577443685298061,0.7153918288961995,0.8190784550874367,2.620825101591627,0.0,nan
06,alpha,0.75,1022,ips,n2500,nan,0.7078900108015289,0.7153918288961995,0.8190784550874367,2.620825101591627,0.0,0.8190784550874367
06,alpha,0.75,1022,snips,n2500,nan,0.7047596712493425,0.7153918288961995,0.8190784550874367,2.620825101591627,0.0,0.8190784550874367
06,alpha,0.75,1022,clipped_ips,n2500,1.6377109776360568,0.6881423260993457,0.7153918288961995,0.8190784550874367,2.620825101591627,0.0,0.8365493571872861
06,alpha,0.75,1022,dr,n2500,nan,0.7032415248583488,0.7153918288961995,0.8190784550874367,2.620825101591627,0.0,0.8190784550874367
06,alpha,0.75,1022,switch_dr,n2500,1.7801216981665051,0.685828635033539,0.7153918288961995,0.8190784550874367,2.620825101591627,0.0,0.7926487064143812
06,alpha,0.75,1022,dros,n2500,2.682097246269649,0.67858680097467,0.7153918288961995,0.8190784550874367,2.620825101591627,0.0,0.9325619408453515
06,alpha,0.5,1022,dm,n2500,nan,0.6051629123532042,0.7153918288961995,0.8190784550874367,2.620825101591627,0.0,nan
06,alpha,0.5,1022,ips,n2500,nan,0.7078900108015289,0.7153918288961995,0.8190784550874367,2.620825101591627,0.0,0.8190784550874367
06,alpha,0.5,1022,snips,n2500,nan,0.7047596712493425,0.7153918288961995,0.8190784550874367,2.620825101591627,0.0,0.8190784550874367
06,alpha,0.5,1022,clipped_ips,n2500,1.6377109776360568,0.6881423260993457,0.7153918288961995,0.8190784550874367,2.620825101591627,0.0,0.8365493571872861
06,alpha,0.5,1022,dr,n2500,nan,0.7040507348244436,0.7153918288961995,0.8190784550874367,2.620825101591627,0.0,0.8190784550874367
06,alpha,0.5,1022,switch_dr,n2500,1.7801216981665051,0.6765046552704144,0.7153918288961995,0.8190784550874367,2.620825101591627,0.0,0.7926487064143812
06,alpha,0.5,1022,dros,n2500,2.682097246269649,0.6525374115199944,0.7153918288961995,0.8190784550874367,2.620825101591627,0.0,0.9325619408453515
06,alpha,0.25,1022,dm,n2500,nan,0.552581456176602,0.7153918288961995,0.8190784550874367,2.620825101591627,0.0,nan
06,alpha,0.25,1022,ips,n2500,nan,0.7078900108015289,0.7153918288961995,0.8190784550874367,2.620825101591627,0.0,0.8190784550874367
06,alpha,0.25,1022,snips,n2500,nan,0.7047596712493425,0.7153918288961995,0.8190784550874367,2.620825101591627,0.0,0.8190784550874367
06,alpha,0.25,1022,clipped_ips,n2500,1.6377109776360568,0.6881423260993457,0.7153918288961995,0.8190784550874367,2.620825101591627,0.0,0.8365493571872861
06,alpha,0.25,1022,dr,n2500,nan,0.704859944790538,0.7153918288961995,0.8190784550874367,2.620825101591627,0.0,0.8190784550874367
06,alpha,0.25,1022,switch_dr,n2500,1.7801216981665051,0.6671806755072895,0.7153918288961995,0.8190784550874367,2.620825101591627,0.0,0.7926487064143812
06,alpha,0.25,1022,dros,n2500,2.682097246269649,0.6264880220653186,0.7153918288961995,0.8190784550874367,2.620825101591627,0.0,0.9325619408453515
06,alpha,0.0,1022,dm,n2500,nan,0.5,0.7153918288961995,0.8190784550874367,2.620825101591627,0.0,nan
06,alpha,0.0,1022,ips,n2500,nan,0.7078900108015289,0.7153918288961995,0.8190784550874367,2.620825101591627,0.0,0.8190784550874367
06,alpha,0.0,1022,snips,n2500,nan,0.7047596712493425,0.7153918288961995,0.8190784550874367,2.620825101591627,0.0,0.8190784550874367
06,alpha,0.0,1022,clipped_ips,n2500,1.6377109776360568,0.6881423260993457,0.7153918288961995,0.8190784550874367,2.620825101591627,0.0,0.8365493571872861
06,alpha,0.0,1022,dr,n2500,nan,0.7056691547566327,0.7153918288961995,0.8190784550874367,2.620825101591627,0.0,0.8190784550874367
06,alpha,0.0,1022,switch_dr,n2500,1.7801216981665051,0.6578566957441648,0.7153918288961995,0.8190784550874367,2.620825101591627,0.0,0.7926487064143812
06,alpha,0.0,1022,dros,n2500,2.682097246269649,0.600438632610643,0.7153918288961995,0.8190784550874367,2.620825101591627,0.0,0.9325619408453515
06,alpha,1.0,1023,dm,n2500,nan,0.71695420284441,0.7153918288961995,0.8228885448962195,2.613331838480097,0.0,nan
06,alpha,1.0,1023,ips,n2500,nan,0.7075290869279249,0.7153918288961995,0.8228885448962195,2.613331838480097,0.0,0.8228885448962195
06,alpha,1.0,1023,snips,n2500,nan,0.7071262292496543,0.7153918288961995,0.8228885448962195,2.613331838480097,0.0,0.8228885448962195
06,alpha,1.0,1023,clipped_ips,n2500,1.611224351983827,0.6899824242135821,0.7153918288961995,0.8228885448962195,2.613331838480097,0.0,0.8403434939181122
06,alpha,1.0,1023,dr,n2500,nan,0.7070302921137606,0.7153918288961995,0.8228885448962195,2.613331838480097,0.0,0.8228885448962195
06,alpha,1.0,1023,switch_dr,n2500,1.7535754079074872,0.7100370909982063,0.7153918288961995,0.8228885448962195,2.613331838480097,0.0,0.7957655475029741
06,alpha,1.0,1023,dros,n2500,2.5960439124257033,0.712405629277519,0.7153918288961995,0.8228885448962195,2.613331838480097,0.0,0.934831712326978
06,alpha,0.9,1023,dm,n2500,nan,0.6952587825599691,0.7153918288961995,0.8228885448962195,2.613331838480097,0.0,nan
06,alpha,0.9,1023,ips,n2500,nan,0.7075290869279249,0.7153918288961995,0.8228885448962195,2.613331838480097,0.0,0.8228885448962195
06,alpha,0.9,1023,snips,n2500,nan,0.7071262292496543,0.7153918288961995,0.8228885448962195,2.613331838480097,0.0,0.8228885448962195
06,alpha,0.9,1023,clipped_ips,n2500,1.611224351983827,0.6899824242135821,0.7153918288961995,0.8228885448962195,2.613331838480097,0.0,0.8403434939181122
06,alpha,0.9,1023,dr,n2500,nan,0.7070516860390199,0.7153918288961995,0.8228885448962195,2.613331838480097,0.0,0.8228885448962195
06,alpha,0.9,1023,switch_dr,n2500,1.7535754079074872,0.7061407530486516,0.7153918288961995,0.8228885448962195,2.613331838480097,0.0,0.7957655475029741
06,alpha,0.9,1023,dros,n2500,2.5960439124257033,0.7015174400090333,0.7153918288961995,0.8228885448962195,2.613331838480097,0.0,0.934831712326978
06,alpha,0.75,1023,dm,n2500,nan,0.6627156521333075,0.7153918288961995,0.8228885448962195,2.613331838480097,0.0,nan
06,alpha,0.75,1023,ips,n2500,nan,0.7075290869279249,0.7153918288961995,0.8228885448962195,2.613331838480097,0.0,0.8228885448962195
06,alpha,0.75,1023,snips,n2500,nan,0.7071262292496543,0.7153918288961995,0.8228885448962195,2.613331838480097,0.0,0.8228885448962195
06,alpha,0.75,1023,clipped_ips,n2500,1.611224351983827,0.6899824242135821,0.7153918288961995,0.8228885448962195,2.613331838480097,0.0,0.8403434939181122
06,alpha,0.75,1023,dr,n2500,nan,0.7070837769269086,0.7153918288961995,0.8228885448962195,2.613331838480097,0.0,0.8228885448962195
06,alpha,0.75,1023,switch_dr,n2500,1.7535754079074872,0.7002962461243195,0.7153918288961995,0.8228885448962195,2.613331838480097,0.0,0.7957655475029741
06,alpha,0.75,1023,dros,n2500,2.5960439124257033,0.6851851561063045,0.7153918288961995,0.8228885448962195,2.613331838480097,0.0,0.934831712326978
06,alpha,0.5,1023,dm,n2500,nan,0.608477101422205,0.7153918288961995,0.8228885448962195,2.613331838480097,0.0,nan
06,alpha,0.5,1023,ips,n2500,nan,0.7075290869279249,0.7153918288961995,0.8228885448962195,2.613331838480097,0.0,0.8228885448962195
06,alpha,0.5,1023,snips,n2500,nan,0.7071262292496543,0.7153918288961995,0.8228885448962195,2.613331838480097,0.0,0.8228885448962195
06,alpha,0.5,1023,clipped_ips,n2500,1.611224351983827,0.6899824242135821,0.7153918288961995,0.8228885448962195,2.613331838480097,0.0,0.8403434939181122
06,alpha,0.5,1023,dr,n2500,nan,0.7071372617400566,0.7153918288961995,0.8228885448962195,2.613331838480097,0.0,0.8228885448962195
06,alpha,0.5,1023,switch_dr,n2500,1.7535754079074872,0.6905554012504327,0.7153918288961995,0.8228885448962195,2.613331838480097,0.0,0.7957655475029741
06,alpha,0.5,1023,dros,n2500,2.5960439124257033,0.6579646829350899,0.7153918288961995,0.8228885448962195,2.613331838480097,0.0,0.934831712326978
06,alpha,0.25,1023,dm,n2500,nan,0.5542385507111025,0.7153918288961995,0.8228885448962195,2.613331838480097,0.0,nan
06,alpha,0.25,1023,ips,n2500,nan,0.7075290869279249,0.7153918288961995,0.8228885448962195,2.613331838480097,0.0,0.8228885448962195
06,alpha,0.25,1023,snips,n2500,nan,0.7071262292496543,0.7153918288961995,0.8228885448962195,2.613331838480097,0.0,0.8228885448962195
06,alpha,0.25,1023,clipped_ips,n2500,1.611224351983827,0.6899824242135821,0.7153918288961995,0.8228885448962195,2.613331838480097,0.0,0.8403434939181122
06,alpha,0.25,1023,dr,n2500,nan,0.7071907465532047,0.7153918288961995,0.8228885448962195,2.613331838480097,0.0,0.8228885448962195
06,alpha,0.25,1023,switch_dr,n2500,1.7535754079074872,0.6808145563765458,0.7153918288961995,0.8228885448962195,2.613331838480097,0.0,0.7957655475029741
06,alpha,0.25,1023,dros,n2500,2.5960439124257033,0.6307442097638754,0.7153918288961995,0.8228885448962195,2.613331838480097,0.0,0.934831712326978
06,alpha,0.0,1023,dm,n2500,nan,0.5,0.7153918288961995,0.8228885448962195,2.613331838480097,0.0,nan
06,alpha,0.0,1023,ips,n2500,nan,0.7075290869279249,0.7153918288961995,0.8228885448962195,2.613331838480097,0.0,0.8228885448962195
06,alpha,0.0,1023,snips,n2500,nan,0.7071262292496543,0.7153918288961995,0.8228885448962195,2.613331838480097,0.0,0.8228885448962195
06,alpha,0.0,1023,clipped_ips,n2500,1.611224351983827,0.6899824242135821,0.7153918288961995,0.8228885448962195,2.613331838480097,0.0,0.8403434939181122
06,alpha,0.0,1023,dr,n2500,nan,0.7072442313663527,0.7153918288961995,0.8228885448962195,2.613331838480097,0.0,0.8228885448962195
06,alpha,0.0,1023,switch_dr,n2500,1.7535754079074872,0.6710737115026588,0.7153918288961995,0.8228885448962195,2.613331838480097,0.0,0.7957655475029741
06,alpha,0.0,1023,dros,n2500,2.5960439124257033,0.6035237365926608,0.7153918288961995,0.8228885448962195,2.613331838480097,0.0,0.934831712326978
06,alpha,1.0,1024,dm,n2500,nan,0.719619767407808,0.7153918288961995,0.8310397063047736,2.559980499922328,0.0,nan
06,alpha,1.0,1024,ips,n2500,nan,0.7629369748626365,0.7153918288961995,0.8310397063047736,2.559980499922328,0.0,0.8310397063047736
06,alpha,1.0,1024,snips,n2500,nan,0.7484665773499121,0.7153918288961995,0.8310397063047736,2.559980499922328,0.0,0.8310397063047736
06,alpha,1.0,1024,clipped_ips,n2500,1.6261356720485547,0.7432926606684629,0.7153918288961995,0.8310397063047736,2.559980499922328,0.0,0.8488558349474854
06,alpha,1.0,1024,dr,n2500,nan,0.7422256228309007,0.7153918288961995,0.8310397063047736,2.559980499922328,0.0,0.8310397063047736
06,alpha,1.0,1024,switch_dr,n2500,1.794589653725028,0.7401096818504914,0.7153918288961995,0.8310397063047736,2.559980499922328,0.0,0.8038772949159265
06,alpha,1.0,1024,dros,n2500,2.6443172239088044,0.7319044882318394,0.7153918288961995,0.8310397063047736,2.559980499922328,0.0,0.9393587198558829
06,alpha,0.9,1024,dm,n2500,nan,0.697657790667027,0.7153918288961995,0.8310397063047736,2.559980499922328,0.0,nan
06,alpha,0.9,1024,ips,n2500,nan,0.7629369748626365,0.7153918288961995,0.8310397063047736,2.559980499922328,0.0,0.8310397063047736
06,alpha,0.9,1024,snips,n2500,nan,0.7484665773499121,0.7153918288961995,0.8310397063047736,2.559980499922328,0.0,0.8310397063047736
06,alpha,0.9,1024,clipped_ips,n2500,1.6261356720485547,0.7432926606684629,0.7153918288961995,0.8310397063047736,2.559980499922328,0.0,0.8488558349474854
06,alpha,0.9,1024,dr,n2500,nan,0.743330088449177,0.7153918288961995,0.8310397063047736,2.559980499922328,0.0,0.8310397063047736
06,alpha,0.9,1024,switch_dr,n2500,1.794589653725028,0.7371561758327726,0.7153918288961995,0.8310397063047736,2.559980499922328,0.0,0.8038772949159265
06,alpha,0.9,1024,dros,n2500,2.6443172239088044,0.7217579366050528,0.7153918288961995,0.8310397063047736,2.559980499922328,0.0,0.9393587198558829
06,alpha,0.75,1024,dm,n2500,nan,0.6647148255558559,0.7153918288961995,0.8310397063047736,2.559980499922328,0.0,nan
06,alpha,0.75,1024,ips,n2500,nan,0.7629369748626365,0.7153918288961995,0.8310397063047736,2.559980499922328,0.0,0.8310397063047736
06,alpha,0.75,1024,snips,n2500,nan,0.7484665773499121,0.7153918288961995,0.8310397063047736,2.559980499922328,0.0,0.8310397063047736
06,alpha,0.75,1024,clipped_ips,n2500,1.6261356720485547,0.7432926606684629,0.7153918288961995,0.8310397063047736,2.559980499922328,0.0,0.8488558349474854
06,alpha,0.75,1024,dr,n2500,nan,0.7449867868765917,0.7153918288961995,0.8310397063047736,2.559980499922328,0.0,0.8310397063047736
06,alpha,0.75,1024,switch_dr,n2500,1.794589653725028,0.7327259168061946,0.7153918288961995,0.8310397063047736,2.559980499922328,0.0,0.8038772949159265
06,alpha,0.75,1024,dros,n2500,2.6443172239088044,0.7065381091648734,0.7153918288961995,0.8310397063047736,2.559980499922328,0.0,0.9393587198558829
06,alpha,0.5,1024,dm,n2500,nan,0.6098098837039039,0.7153918288961995,0.8310397063047736,2.559980499922328,0.0,nan
06,alpha,0.5,1024,ips,n2500,nan,0.7629369748626365,0.7153918288961995,0.8310397063047736,2.559980499922328,0.0,0.8310397063047736
06,alpha,0.5,1024,snips,n2500,nan,0.7484665773499121,0.7153918288961995,0.8310397063047736,2.559980499922328,0.0,0.8310397063047736
06,alpha,0.5,1024,clipped_ips,n2500,1.6261356720485547,0.7432926606684629,0.7153918288961995,0.8310397063047736,2.559980499922328,0.0,0.8488558349474854
06,alpha,0.5,1024,dr,n2500,nan,0.7477479509222829,0.7153918288961995,0.8310397063047736,2.559980499922328,0.0,0.8310397063047736
06,alpha,0.5,1024,switch_dr,n2500,1.794589653725028,0.7253421517618979,0.7153918288961995,0.8310397063047736,2.559980499922328,0.0,0.8038772949159265
06,alpha,0.5,1024,dros,n2500,2.6443172239088044,0.6811717300979072,0.7153918288961995,0.8310397063047736,2.559980499922328,0.0,0.9393587198558829
06,alpha,0.25,1024,dm,n2500,nan,0.5549049418519519,0.7153918288961995,0.8310397063047736,2.559980499922328,0.0,nan
06,alpha,0.25,1024,ips,n2500,nan,0.7629369748626365,0.7153918288961995,0.8310397063047736,2.559980499922328,0.0,0.8310397063047736
06,alpha,0.25,1024,snips,n2500,nan,0.7484665773499121,0.7153918288961995,0.8310397063047736,2.559980499922328,0.0,0.8310397063047736
06,alpha,0.25,1024,clipped_ips,n2500,1.6261356720485547,0.7432926606684629,0.7153918288961995,0.8310397063047736,2.559980499922328,0.0,0.8488558349474854
06,alpha,0.25,1024,dr,n2500,nan,0.7505091149679739,0.7153918288961995,0.8310397063047736,2.559980499922328,0.0,0.8310397063047736
06,alpha,0.25,1024,switch_dr,n2500,1.794589653725028,0.7179583867176011,0.7153918288961995,0.8310397063047736,2.559980499922328,0.0,0.8038772949159265
06,alpha,0.25,1024,dros,n2500,2.6443172239088044,0.6558053510309412,0.7153918288961995,0.8310397063047736,2.559980499922328,0.0,0.9393587198558829
06,alpha,0.0,1024,dm,n2500,nan,0.5,0.7153918288961995,0.8310397063047736,2.559980499922328,0.0,nan
06,alpha,0.0,1024,ips,n2500,nan,0.7629369748626365,0.7153918288961995,0.8310397063047736,2.559980499922328,0.0,0.8310397063047736
06,alpha,0.0,1024,snips,n2500,nan,0.7484665773499121,0.7153918288961995,0.8310397063047736,2.559980499922328,0.0,0.8310397063047736
06,alpha,0.0,1024,clipped_ips,n2500,1.6261356720485547,0.7432926606684629,0.7153918288961995,0.8310397063047736,2.559980499922328,0.0,0.8488558349474854
06,alpha,0.0,1024,dr,n2500,nan,0.7532702790136652,0.7153918288961995,0.8310397063047736,2.559980499922328,0.0,0.8310397063047736
06,alpha,0.0,1024,switch_dr,n2500,1.794589653725028,0.7105746216733044,0.7153918288961995,0.8310397063047736,2.559980499922328,0.0,0.8038772949159265
06,alpha,0.0,1024,dros,n2500,2.6443172239088044,0.6304389719639751,0.7153918288961995,0.8310397063047736,2.559980499922328,0.0,0.9393587198558829
06,alpha,1.0,1025,dm,n2500,nan,0.7151455568797086,0.7153918288961995,0.8190783202332286,2.7222434953310763,0.0,nan
06,alpha,1.0,1025,ips,n2500,nan,0.6864103349518462,0.7153918288961995,0.8190783202332286,2.7222434953310763,0.0,0.8190783202332286
06,alpha,1.0,1025,snips,n2500,nan,0.6954741617037783,0.7153918288961995,0.8190783202332286,2.7222434953310763,0.0,0.8190783202332286
06,alpha,1.0,1025,clipped_ips,n2500,1.5894830694309856,0.6673515910112421,0.7153918288961995,0.8190783202332286,2.7222434953310763,0.0,0.8393508134447178
06,alpha,1.0,1025,dr,n2500,nan,0.7006242040577789,0.7153918288961995,0.8190783202332286,2.7222434953310763,0.0,0.8190783202332286
06,alpha,1.0,1025,switch_dr,n2500,1.7504922628884951,0.7084301011438555,0.7153918288961995,0.8190783202332286,2.7222434953310763,0.0,0.7945624261830384
06,alpha,1.0,1025,dros,n2500,2.5264564280077475,0.705733133003417,0.7153918288961995,0.8190783202332286,2.7222434953310763,0.0,0.9357246197850713
06,alpha,0.9,1025,dm,n2500,nan,0.6936310011917378,0.7153918288961995,0.8190783202332286,2.7222434953310763,0.0,nan
06,alpha,0.9,1025,ips,n2500,nan,0.6864103349518462,0.7153918288961995,0.8190783202332286,2.7222434953310763,0.0,0.8190783202332286
06,alpha,0.9,1025,snips,n2500,nan,0.6954741617037783,0.7153918288961995,0.8190783202332286,2.7222434953310763,0.0,0.8190783202332286
06,alpha,0.9,1025,clipped_ips,n2500,1.5894830694309856,0.6673515910112421,0.7153918288961995,0.8190783202332286,2.7222434953310763,0.0,0.8393508134447178
06,alpha,0.9,1025,dr,n2500,nan,0.6998544464420633,0.7153918288961995,0.8190783202332286,2.7222434953310763,0.0,0.8190783202332286
06,alpha,0.9,1025,switch_dr,n2500,1.7504922628884951,0.7035403304162702,0.7153918288961995,0.8190783202332286,2.7222434953310763,0.0,0.7945624261830384
06,alpha,0.9,1025,dros,n2500,2.5264564280077475,0.6942914123839077,0.7153918288961995,0.8190783202332286,2.7222434953310763,0.0,0.9357246197850713
06,alpha,0.75,1025,dm,n2500,nan,0.6613591676597814,0.7153918288961995,0.8190783202332286,2.7222434953310763,0.0,nan
06,alpha,0.75,1025,ips,n2500,nan,0.6864103349518462,0.7153918288961995,0.8190783202332286,2.7222434953310763,0.0,0.8190783202332286
06,alpha,0.75,1025,snips,n2500,nan,0.6954741617037783,0.7153918288961995,0.8190783202332286,2.7222434953310763,0.0,0.8190783202332286
06,alpha,0.75,1025,clipped_ips,n2500,1.5894830694309856,0.6673515910112421,0.7153918288961995,0.8190783202332286,2.7222434953310763,0.0,0.8393508134447178
06,alpha,0.75,1025,dr,n2500,nan,0.6986998100184897,0.7153918288961995,0.8190783202332286,2.7222434953310763,0.0,0.8190783202332286
06,alpha,0.75,1025,switch_dr,n2500,1.7504922628884951,0.696205674324892,0.7153918288961995,0.8190783202332286,2.7222434953310763,0.0,0.7945624261830384
06,alpha,0.75,1025,dros,n2500,2.5264564280077475,0.6771288314546436,0.7153918288961995,0.8190783202332286,2.7222434953310763,0.0,0.9357246197850713
06,alpha,0.5,1025,dm,n2500,nan,0.6075727784398544,0.7153918288961995,0.8190783202332286,2.7222434953310763,0.0,nan
06,alpha,0.5,1025,ips,n2500,nan,0.6864103349518462,0.7153918288961995,0.8190783202332286,2.7222434953310763,0.0,0.8190783202332286
06,alpha,0.5,1025,snips,n2500,nan,0.6954741617037783,0.7153918288961995,0.8190783202332286,2.7222434953310763,0.0,0.8190783202332286
06,alpha,0.5,1025,clipped_ips,n2500,1.5894830694309856,0.6673515910112421,0.7153918288961995,0.8190783202332286,2.7222434953310763,0.0,0.8393508134447178
06,alpha,0.5,1025,dr,n2500,nan,0.6967754159792006,0.7153918288961995,0.8190783202332286,2.7222434953310763,0.0,0.8190783202332286
06,alpha,0.5,1025,switch_dr,n2500,1.7504922628884951,0.6839812475059286,0.7153918288961995,0.8190783202332286,2.7222434953310763,0.0,0.7945624261830384
06,alpha,0.5,1025,dros,n2500,2.5264564280077475,0.6485245299058703,0.7153918288961995,0.8190783202332286,2.7222434953310763,0.0,0.9357246197850713
06,alpha,0.25,1025,dm,n2500,nan,0.5537863892199272,0.7153918288961995,0.8190783202332286,2.7222434953310763,0.0,nan
06,alpha,0.25,1025,ips,n2500,nan,0.6864103349518462,0.7153918288961995,0.8190783202332286,2.7222434953310763,0.0,0.8190783202332286
06,alpha,0.25,1025,snips,n2500,nan,0.6954741617037783,0.7153918288961995,0.8190783202332286,2.7222434953310763,0.0,0.8190783202332286
06,alpha,0.25,1025,clipped_ips,n2500,1.5894830694309856,0.6673515910112421,0.7153918288961995,0.8190783202332286,2.7222434953310763,0.0,0.8393508134447178
06,alpha,0.25,1025,dr,n2500,nan,0.6948510219399113,0.7153918288961995,0.8190783202332286,2.7222434953310763,0.0,0.8190783202332286
06,alpha,0.25,1025,switch_dr,n2500,1.7504922628884951,0.6717568206869651,0.7153918288961995,0.8190783202332286,2.7222434953310763,0.0,0.7945624261830384
06,alpha,0.25,1025,dros,n2500,2.5264564280077475,0.6199202283570969,0.7153918288961995,0.8190783202332286,2.7222434953310763,0.0,0.9357246197850713
06,alpha,0.0,1025,dm,n2500,nan,0.5,0.7153918288961995,0.8190783202332286,2.7222434953310763,0.0,nan
06,alpha,0.0,1025,ips,n2500,nan,0.6864103349518462,0.7153918288961995,0.8190783202332286,2.7222434953310763,0.0,0.8190783202332286
06,alpha,0.0,1025,snips,n2500,nan,0.6954741617037783,0.7153918288961995,0.8190783202332286,2.7222434953310763,0.0,0.8190783202332286
06,alpha,0.0,1025,clipped_ips,n2500,1.5894830694309856,0.6673515910112421,0.7153918288961995,0.8190783202332286,2.7222434953310763,0.0,0.8393508134447178
06,alpha,0.0,1025,dr,n2500,nan,0.6929266279006221,0.7153918288961995,0.8190783202332286,2.7222434953310763,0.0,0.8190783202332286
06,alpha,0.0,1025,switch_dr,n2500,1.7504922628884951,0.6595323938680016,0.7153918288961995,0.8190783202332286,2.7222434953310763,0.0,0.7945624261830384
06,alpha,0.0,1025,dros,n2500,2.5264564280077475,0.5913159268083236,0.7153918288961995,0.8190783202332286,2.7222434953310763,0.0,0.9357246197850713
06,alpha,1.0,1026,dm,n2500,nan,0.7132800419514252,0.7153918288961995,0.8208065986595344,2.763757669139812,0.0,nan
06,alpha,1.0,1026,ips,n2500,nan,0.7222553064664182,0.7153918288961995,0.8208065986595344,2.763757669139812,0.0,0.8208065986595344
06,alpha,1.0,1026,snips,n2500,nan,0.7242224710534256,0.7153918288961995,0.8208065986595344,2.763757669139812,0.0,0.8208065986595344
06,alpha,1.0,1026,clipped_ips,n2500,1.6134799515245781,0.7019858022936388,0.7153918288961995,0.8208065986595344,2.763757669139812,0.0,0.8393589005067621
06,alpha,1.0,1026,dr,n2500,nan,0.7257858982702591,0.7153918288961995,0.8208065986595344,2.763757669139812,0.0,0.8208065986595344
06,alpha,1.0,1026,switch_dr,n2500,1.7670032088673768,0.7210617860124595,0.7153918288961995,0.8208065986595344,2.763757669139812,0.0,0.7948322023536388
06,alpha,1.0,1026,dros,n2500,2.603317553971755,0.7199027143983607,0.7153918288961995,0.8208065986595344,2.763757669139812,0.0,0.9354343490377285
06,alpha,0.9,1026,dm,n2500,nan,0.6919520377562828,0.7153918288961995,0.8208065986595344,2.763757669139812,0.0,nan
06,alpha,0.9,1026,ips,n2500,nan,0.7222553064664182,0.7153918288961995,0.8208065986595344,2.763757669139812,0.0,0.8208065986595344
06,alpha,0.9,1026,snips,n2500,nan,0.7242224710534256,0.7153918288961995,0.8208065986595344,2.763757669139812,0.0,0.8208065986595344
06,alpha,0.9,1026,clipped_ips,n2500,1.6134799515245781,0.7019858022936388,0.7153918288961995,0.8208065986595344,2.763757669139812,0.0,0.8393589005067621
06,alpha,0.9,1026,dr,n2500,nan,0.7255686512653897,0.7153918288961995,0.8208065986595344,2.763757669139812,0.0,0.8208065986595344
06,alpha,0.9,1026,switch_dr,n2500,1.7670032088673768,0.7168429439179422,0.7153918288961995,0.8208065986595344,2.763757669139812,0.0,0.7948322023536388
06,alpha,0.9,1026,dros,n2500,2.603317553971755,0.7090102716730184,0.7153918288961995,0.8208065986595344,2.763757669139812,0.0,0.9354343490377285
06,alpha,0.75,1026,dm,n2500,nan,0.659960031463569,0.7153918288961995,0.8208065986595344,2.763757669139812,0.0,nan
06,alpha,0.75,1026,ips,n2500,nan,0.7222553064664182,0.7153918288961995,0.8208065986595344,2.763757669139812,0.0,0.8208065986595344
06,alpha,0.75,1026,snips,n2500,nan,0.7242224710534256,0.7153918288961995,0.8208065986595344,2.763757669139812,0.0,0.8208065986595344
06,alpha,0.75,1026,clipped_ips,n2500,1.6134799515245781,0.7019858022936388,0.7153918288961995,0.8208065986595344,2.763757669139812,0.0,0.8393589005067621
06,alpha,0.75,1026,dr,n2500,nan,0.7252427807580856,0.7153918288961995,0.8208065986595344,2.763757669139812,0.0,0.8208065986595344
06,alpha,0.75,1026,switch_dr,n2500,1.7670032088673768,0.7105146807761664,0.7153918288961995,0.8208065986595344,2.763757669139812,0.0,0.7948322023536388
06,alpha,0.75,1026,dros,n2500,2.603317553971755,0.6926716075850049,0.7153918288961995,0.8208065986595344,2.763757669139812,0.0,0.9354343490377285
06,alpha,0.5,1026,dm,n2500,nan,0.6066400209757127,0.7153918288961995,0.8208065986595344,2.763757669139812,0.0,nan
06,alpha,0.5,1026,ips,n2500,nan,0.7222553064664182,0.7153918288961995,0.8208065986595344,2.763757669139812,0.0,0.8208065986595344
06,alpha,0.5,1026,snips,n2500,nan,0.7242224710534256,0.7153918288961995,0.8208065986595344,2.763757669139812,0.0,0.8208065986595344
06,alpha,0.5,1026,clipped_ips,n2500,1.6134799515245781,0.7019858022936388,0.7153918288961995,0.8208065986595344,2.763757669139812,0.0,0.8393589005067621
06,alpha,0.5,1026,dr,n2500,nan,0.7246996632459121,0.7153918288961995,0.8208065986595344,2.763757669139812,0.0,0.8208065986595344
06,alpha,0.5,1026,switch_dr,n2500,1.7670032088673768,0.6999675755398733,0.7153918288961995,0.8208065986595344,2.763757669139812,0.0,0.7948322023536388
06,alpha,0.5,1026,dros,n2500,2.603317553971755,0.665440500771649,0.7153918288961995,0.8208065986595344,2.763757669139812,0.0,0.9354343490377285
06,alpha,0.25,1026,dm,n2500,nan,0.5533200104878563,0.7153918288961995,0.8208065986595344,2.763757669139812,0.0,nan
06,alpha,0.25,1026,ips,n2500,nan,0.7222553064664182,0.7153918288961995,0.8208065986595344,2.763757669139812,0.0,0.8208065986595344
06,alpha,0.25,1026,snips,n2500,nan,0.7242224710534256,0.7153918288961995,0.8208065986595344,2.763757669139812,0.0,0.8208065986595344
06,alpha,0.25,1026,clipped_ips,n2500,1.6134799515245781,0.7019858022936388,0.7153918288961995,0.8208065986595344,2.763757669139812,0.0,0.8393589005067621
06,alpha,0.25,1026,dr,n2500,nan,0.7241565457337384,0.7153918288961995,0.8208065986595344,2.763757669139812,0.0,0.8208065986595344
06,alpha,0.25,1026,switch_dr,n2500,1.7670032088673768,0.6894204703035802,0.7153918288961995,0.8208065986595344,2.763757669139812,0.0,0.7948322023536388
06,alpha,0.25,1026,dros,n2500,2.603317553971755,0.638209393958293,0.7153918288961995,0.8208065986595344,2.763757669139812,0.0,0.9354343490377285
06,alpha,0.0,1026,dm,n2500,nan,0.5,0.7153918288961995,0.8208065986595344,2.763757669139812,0.0,nan
06,alpha,0.0,1026,ips,n2500,nan,0.7222553064664182,0.7153918288961995,0.8208065986595344,2.763757669139812,0.0,0.8208065986595344
06,alpha,0.0,1026,snips,n2500,nan,0.7242224710534256,0.7153918288961995,0.8208065986595344,2.763757669139812,0.0,0.8208065986595344
06,alpha,0.0,1026,clipped_ips,n2500,1.6134799515245781,0.7019858022936388,0.7153918288961995,0.8208065986595344,2.763757669139812,0.0,0.8393589005067621
06,alpha,0.0,1026,dr,n2500,nan,0.7236134282215648,0.7153918288961995,0.8208065986595344,2.763757669139812,0.0,0.8208065986595344
06,alpha,0.0,1026,switch_dr,n2500,1.7670032088673768,0.6788733650672871,0.7153918288961995,0.8208065986595344,2.763757669139812,0.0,0.7948322023536388
06,alpha,0.0,1026,dros,n2500,2.603317553971755,0.6109782871449372,0.7153918288961995,0.8208065986595344,2.763757669139812,0.0,0.9354343490377285
06,alpha,1.0,1027,dm,n2500,nan,0.718521439521283,0.7153918288961995,0.8270144795804941,2.5384220881862185,0.0,nan
06,alpha,1.0,1027,ips,n2500,nan,0.7309668106756808,0.7153918288961995,0.8270144795804941,2.5384220881862185,0.0,0.8270144795804941
06,alpha,1.0,1027,snips,n2500,nan,0.7249138460814629,0.7153918288961995,0.8270144795804941,2.5384220881862185,0.0,0.8270144795804941
06,alpha,1.0,1027,clipped_ips,n2500,1.6130477884069396,0.7121995977831224,0.7153918288961995,0.8270144795804941,2.5384220881862185,0.0,0.8435725399670784
06,alpha,1.0,1027,dr,n2500,nan,0.7227288449870831,0.7153918288961995,0.8270144795804941,2.5384220881862185,0.0,0.8270144795804941
06,alpha,1.0,1027,switch_dr,n2500,1.7729268871398747,0.7209274882439521,0.7153918288961995,0.8270144795804941,2.5384220881862185,0.0,0.7984349663094097
06,alpha,1.0,1027,dros,n2500,2.601923167684519,0.7176246308909042,0.7153918288961995,0.8270144795804941,2.5384220881862185,0.0,0.937537275249309
06,alpha,0.9,1027,dm,n2500,nan,0.6966692955691548,0.7153918288961995,0.8270144795804941,2.5384220881862185,0.0,nan
06,alpha,0.9,1027,ips,n2500,nan,0.7309668106756808,0.7153918288961995,0.8270144795804941,2.5384220881862185,0.0,0.8270144795804941
06,alpha,0.9,1027,snips,n2500,nan,0.7249138460814629,0.7153918288961995,0.8270144795804941,2.5384220881862185,0.0,0.8270144795804941
06,alpha,0.9,1027,clipped_ips,n2500,1.6130477884069396,0.7121995977831224,0.7153918288961995,0.8270144795804941,2.5384220881862185,0.0,0.8435725399670784
06,alpha,0.9,1027,dr,n2500,nan,0.7231351461096264,0.7153918288961995,0.8270144795804941,2.5384220881862185,0.0,0.8270144795804941
06,alpha,0.9,1027,switch_dr,n2500,1.7729268871398747,0.717244087428536,0.7153918288961995,0.8270144795804941,2.5384220881862185,0.0,0.7984349663094097
06,alpha,0.9,1027,dros,n2500,2.601923167684519,0.7069279030265081,0.7153918288961995,0.8270144795804941,2.5384220881862185,0.0,0.937537275249309
06,alpha,0.75,1027,dm,n2500,nan,0.6638910796409622,0.7153918288961995,0.8270144795804941,2.5384220881862185,0.0,nan
06,alpha,0.75,1027,ips,n2500,nan,0.7309668106756808,0.7153918288961995,0.8270144795804941,2.5384220881862185,0.0,0.8270144795804941
06,alpha,0.75,1027,snips,n2500,nan,0.7249138460814629,0.7153918288961995,0.8270144795804941,2.5384220881862185,0.0,0.8270144795804941
06,alpha,0.75,1027,clipped_ips,n2500,1.6130477884069396,0.7121995977831224,0.7153918288961995,0.8270144795804941,2.5384220881862185,0.0,0.8435725399670784
06,alpha,0.75,1027,dr,n2500,nan,0.7237445977934408,0.7153918288961995,0.8270144795804941,2.5384220881862185,0.0,0.8270144795804941
06,alpha,0.75,1027,switch_dr,n2500,1.7729268871398747,0.7117189862054115,0.7153918288961995,0.8270144795804941,2.5384220881862185,0.0,0.7984349663094097
06,alpha,0.75,1027,dros,n2500,2.601923167684519,0.6908828112299137,0.7153918288961995,0.8270144795804941,2.5384220881862185,0.0,0.937537275249309
06,alpha,0.5,1027,dm,n2500,nan,0.6092607197606414,0.7153918288961995,0.8270144795804941,2.5384220881862185,0.0,nan
06,alpha,0.5,1027,ips,n2500,nan,0.7309668106756808,0.7153918288961995,0.8270144795804941,2.5384220881862185,0.0,0.8270144795804941
06,alpha,0.5,1027,snips,n2500,nan,0.7249138460814629,0.7153918288961995,0.8270144795804941,2.5384220881862185,0.0,0.8270144795804941
06,alpha,0.5,1027,clipped_ips,n2500,1.6130477884069396,0.7121995977831224,0.7153918288961995,0.8270144795804941,2.5384220881862185,0.0,0.8435725399670784
06,alpha,0.5,1027,dr,n2500,nan,0.7247603505997987,0.7153918288961995,0.8270144795804941,2.5384220881862185,0.0,0.8270144795804941
06,alpha,0.5,1027,switch_dr,n2500,1.7729268871398747,0.7025104841668709,0.7153918288961995,0.8270144795804941,2.5384220881862185,0.0,0.7984349663094097
06,alpha,0.5,1027,dros,n2500,2.601923167684519,0.6641409915689233,0.7153918288961995,0.8270144795804941,2.5384220881862185,0.0,0.937537275249309
06,alpha,0.25,1027,dm,n2500,nan,0.5546303598803208,0.7153918288961995,0.8270144795804941,2.5384220881862185,0.0,nan
06,alpha,0.25,1027,ips,n2500,nan,0.7309668106756808,0.7153918288961995,0.8270144795804941,2.5384220881862185,0.0,0.8270144795804941
06,alpha,0.25,1027,snips,n2500,nan,0.7249138460814629,0.7153918288961995,0.8270144795804941,2.5384220881862185,0.0,0.8270144795804941
06,alpha,0.25,1027,clipped_ips,n2500,1.6130477884069396,0.7121995977831224,0.7153918288961995,0.8270144795804941,2.5384220881862185,0.0,0.8435725399670784
06,alpha,0.25,1027,dr,n2500,nan,0.7257761034061566,0.7153918288961995,0.8270144795804941,2.5384220881862185,0.0,0.8270144795804941
06,alpha,0.25,1027,switch_dr,n2500,1.7729268871398747,0.6933019821283304,0.7153918288961995,0.8270144795804941,2.5384220881862185,0.0,0.7984349663094097
06,alpha,0.25,1027,dros,n2500,2.601923167684519,0.6373991719079329,0.7153918288961995,0.8270144795804941,2.5384220881862185,0.0,0.937537275249309
06,alpha,0.0,1027,dm,n2500,nan,0.5,0.7153918288961995,0.8270144795804941,2.5384220881862185,0.0,nan
06,alpha,0.0,1027,ips,n2500,nan,0.7309668106756808,0.7153918288961995,0.8270144795804941,2.5384220881862185,0.0,0.8270144795804941
06,alpha,0.0,1027,snips,n2500,nan,0.7249138460814629,0.7153918288961995,0.8270144795804941,2.5384220881862185,0.0,0.8270144795804941
06,alpha,0.0,1027,clipped_ips,n2500,1.6130477884069396,0.7121995977831224,0.7153918288961995,0.8270144795804941,2.5384220881862185,0.0,0.8435725399670784
06,alpha,0.0,1027,dr,n2500,nan,0.7267918562125144,0.7153918288961995,0.8270144795804941,2.5384220881862185,0.0,0.8270144795804941
06,alpha,0.0,1027,switch_dr,n2500,1.7729268871398747,0.6840934800897898,0.7153918288961995,0.8270144795804941,2.5384220881862185,0.0,0.7984349663094097
06,alpha,0.0,1027,dros,n2500,2.601923167684519,0.6106573522469424,0.7153918288961995,0.8270144795804941,2.5384220881862185,0.0,0.937537275249309
06,alpha,1.0,1028,dm,n2500,nan,0.7150374943644797,0.7153918288961995,0.823971496839014,2.6496992938240016,0.0,nan
06,alpha,1.0,1028,ips,n2500,nan,0.7155483911655433,0.7153918288961995,0.823971496839014,2.6496992938240016,0.0,0.823971496839014
06,alpha,1.0,1028,snips,n2500,nan,0.7123895545251896,0.7153918288961995,0.823971496839014,2.6496992938240016,0.0,0.823971496839014
06,alpha,1.0,1028,clipped_ips,n2500,1.6126469466694853,0.6953551036445824,0.7153918288961995,0.823971496839014,2.6496992938240016,0.0,0.8418933070488731
06,alpha,1.0,1028,dr,n2500,nan,0.7114420713131061,0.7153918288961995,0.823971496839014,2.6496992938240016,0.0,0.823971496839014
06,alpha,1.0,1028,switch_dr,n2500,1.7975381370016406,0.7086057876305679,0.7153918288961995,0.823971496839014,2.6496992938240016,0.0,0.7964699503637965
06,alpha,1.0,1028,dros,n2500,2.6006301746024136,0.7121026575996237,0.7153918288961995,0.823971496839014,2.6496992938240016,0.0,0.9352144890318587
06,alpha,0.9,1028,dm,n2500,nan,0.6935337449280318,0.7153918288961995,0.823971496839014,2.6496992938240016,0.0,nan
06,alpha,0.9,1028,ips,n2500,nan,0.7155483911655433,0.7153918288961995,0.823971496839014,2.6496992938240016,0.0,0.823971496839014
06,alpha,0.9,1028,snips,n2500,nan,0.7123895545251896,0.7153918288961995,0.823971496839014,2.6496992938240016,0.0,0.823971496839014
06,alpha,0.9,1028,clipped_ips,n2500,1.6126469466694853,0.6953551036445824,0.7153918288961995,0.823971496839014,2.6496992938240016,0.0,0.8418933070488731
06,alpha,0.9,1028,dr,n2500,nan,0.7116309961845743,0.7153918288961995,0.823971496839014,2.6496992938240016,0.0,0.823971496839014
06,alpha,0.9,1028,switch_dr,n2500,1.7975381370016406,0.7047407527814661,0.7153918288961995,0.823971496839014,2.6496992938240016,0.0,0.7964699503637965
06,alpha,0.9,1028,dros,n2500,2.6006301746024136,0.7013859886497289,0.7153918288961995,0.823971496839014,2.6496992938240016,0.0,0.9352144890318587
06,alpha,0.75,1028,dm,n2500,nan,0.6612781207733598,0.7153918288961995,0.823971496839014,2.6496992938240016,0.0,nan
06,alpha,0.75,1028,ips,n2500,nan,0.7155483911655433,0.7153918288961995,0.823971496839014,2.6496992938240016,0.0,0.823971496839014
06,alpha,0.75,1028,snips,n2500,nan,0.7123895545251896,0.7153918288961995,0.823971496839014,2.6496992938240016,0.0,0.823971496839014
06,alpha,0.75,1028,clipped_ips,n2500,1.6126469466694853,0.6953551036445824,0.7153918288961995,0.823971496839014,2.6496992938240016,0.0,0.8418933070488731
06,alpha,0.75,1028,dr,n2500,nan,0.7119143834917764,0.7153918288961995,0.823971496839014,2.6496992938240016,0.0,0.823971496839014
06,alpha,0.75,1028,switch_dr,n2500,1.7975381370016406,0.6989432005078132,0.7153918288961995,0.823971496839014,2.6496992938240016,0.0,0.7964699503637965
06,alpha,0.75,1028,dros,n2500,2.6006301746024136,0.6853109852248868,0.7153918288961995,0.823971496839014,2.6496992938240016,0.0,0.9352144890318587
06,alpha,0.5,1028,dm,n2500,nan,0.6075187471822399,0.7153918288961995,0.823971496839014,2.6496992938240016,0.0,nan
06,alpha,0.5,1028,ips,n2500,nan,0.7155483911655433,0.7153918288961995,0.823971496839014,2.6496992938240016,0.0,0.823971496839014
06,alpha,0.5,1028,snips,n2500,nan,0.7123895545251896,0.7153918288961995,0.823971496839014,2.6496992938240016,0.0,0.823971496839014
06,alpha,0.5,1028,clipped_ips,n2500,1.6126469466694853,0.6953551036445824,0.7153918288961995,0.823971496839014,2.6496992938240016,0.0,0.8418933070488731
06,alpha,0.5,1028,dr,n2500,nan,0.7123866956704467,0.7153918288961995,0.823971496839014,2.6496992938240016,0.0,0.823971496839014
06,alpha,0.5,1028,switch_dr,n2500,1.7975381370016406,0.6892806133850584,0.7153918288961995,0.823971496839014,2.6496992938240016,0.0,0.7964699503637965
06,alpha,0.5,1028,dros,n2500,2.6006301746024136,0.6585193128501498,0.7153918288961995,0.823971496839014,2.6496992938240016,0.0,0.9352144890318587
06,alpha,0.25,1028,dm,n2500,nan,0.5537593735911199,0.7153918288961995,0.823971496839014,2.6496992938240016,0.0,nan
06,alpha,0.25,1028,ips,n2500,nan,0.7155483911655433,0.7153918288961995,0.823971496839014,2.6496992938240016,0.0,0.823971496839014
06,alpha,0.25,1028,snips,n2500,nan,0.7123895545251896,0.7153918288961995,0.823971496839014,2.6496992938240016,0.0,0.823971496839014
06,alpha,0.25,1028,clipped_ips,n2500,1.6126469466694853,0.6953551036445824,0.7153918288961995,0.823971496839014,2.6496992938240016,0.0,0.8418933070488731
06,alpha,0.25,1028,dr,n2500,nan,0.7128590078491168,0.7153918288961995,0.823971496839014,2.6496992938240016,0.0,0.823971496839014
06,alpha,0.25,1028,switch_dr,n2500,1.7975381370016406,0.6796180262623037,0.7153918288961995,0.823971496839014,2.6496992938240016,0.0,0.7964699503637965
06,alpha,0.25,1028,dros,n2500,2.6006301746024136,0.6317276404754127,0.7153918288961995,0.823971496839014,2.6496992938240016,0.0,0.9352144890318587
06,alpha,0.0,1028,dm,n2500,nan,0.5,0.7153918288961995,0.823971496839014,2.6496992938240016,0.0,nan
06,alpha,0.0,1028,ips,n2500,nan,0.7155483911655433,0.7153918288961995,0.823971496839014,2.6496992938240016,0.0,0.823971496839014
06,alpha,0.0,1028,snips,n2500,nan,0.7123895545251896,0.7153918288961995,0.823971496839014,2.6496992938240016,0.0,0.823971496839014
06,alpha,0.0,1028,clipped_ips,n2500,1.6126469466694853,0.6953551036445824,0.7153918288961995,0.823971496839014,2.6496992938240016,0.0,0.8418933070488731
06,alpha,0.0,1028,dr,n2500,nan,0.7133313200277871,0.7153918288961995,0.823971496839014,2.6496992938240016,0.0,0.823971496839014
06,alpha,0.0,1028,switch_dr,n2500,1.7975381370016406,0.669955439139549,0.7153918288961995,0.823971496839014,2.6496992938240016,0.0,0.7964699503637965
06,alpha,0.0,1028,dros,n2500,2.6006301746024136,0.6049359681006758,0.7153918288961995,0.823971496839014,2.6496992938240016,0.0,0.9352144890318587
06,alpha,1.0,1029,dm,n2500,nan,0.7148570898755493,0.7153918288961995,0.8257847359028725,2.498991846485355,0.0,nan
06,alpha,1.0,1029,ips,n2500,nan,0.7496523713316157,0.7153918288961995,0.8257847359028725,2.498991846485355,0.0,0.8257847359028725
06,alpha,1.0,1029,snips,n2500,nan,0.7338769034337099,0.7153918288961995,0.8257847359028725,2.498991846485355,0.0,0.8257847359028725
06,alpha,1.0,1029,clipped_ips,n2500,1.6357255680122678,0.7311057908791558,0.7153918288961995,0.8257847359028725,2.498991846485355,0.0,0.8416861319821548
06,alpha,1.0,1029,dr,n2500,nan,0.7226318257032129,0.7153918288961995,0.8257847359028725,2.498991846485355,0.0,0.8257847359028725
06,alpha,1.0,1029,switch_dr,n2500,1.7901624737073185,0.7205923009503776,0.7153918288961995,0.8257847359028725,2.498991846485355,0.0,0.7966449806057907
06,alpha,1.0,1029,dros,n2500,2.675598133849056,0.7212184439748843,0.7153918288961995,0.8257847359028725,2.498991846485355,0.0,0.9340738147513983
06,alpha,0.9,1029,dm,n2500,nan,0.6933713808879944,0.7153918288961995,0.8257847359028725,2.498991846485355,0.0,nan
06,alpha,0.9,1029,ips,n2500,nan,0.7496523713316157,0.7153918288961995,0.8257847359028725,2.498991846485355,0.0,0.8257847359028725
06,alpha,0.9,1029,snips,n2500,nan,0.7338769034337099,0.7153918288961995,0.8257847359028725,2.498991846485355,0.0,0.8257847359028725
06,alpha,0.9,1029,clipped_ips,n2500,1.6357255680122678,0.7311057908791558,0.7153918288961995,0.8257847359028725,2.498991846485355,0.0,0.8416861319821548
06,alpha,0.9,1029,dr,n2500,nan,0.7242590768607345,0.7153918288961995,0.8257847359028725,2.498991846485355,0.0,0.8257847359028725
06,alpha,0.9,1029,switch_dr,n2500,1.7901624737073185,0.7180932385263493,0.7153918288961995,0.8257847359028725,2.498991846485355,0.0,0.7966449806057907
06,alpha,0.9,1029,dros,n2500,2.675598133849056,0.711396333649525,0.7153918288961995,0.8257847359028725,2.498991846485355,0.0,0.9340738147513983
06,alpha,0.75,1029,dm,n2500,nan,0.661142817406662,0.7153918288961995,0.8257847359028725,2.498991846485355,0.0,nan
06,alpha,0.75,1029,ips,n2500,nan,0.7496523713316157,0.7153918288961995,0.8257847359028725,2.498991846485355,0.0,0.8257847359028725
06,alpha,0.75,1029,snips,n2500,nan,0.7338769034337099,0.7153918288961995,0.8257847359028725,2.498991846485355,0.0,0.8257847359028725
06,alpha,0.75,1029,clipped_ips,n2500,1.6357255680122678,0.7311057908791558,0.7153918288961995,0.8257847359028725,2.498991846485355,0.0,0.8416861319821548
06,alpha,0.75,1029,dr,n2500,nan,0.726699953597017,0.7153918288961995,0.8257847359028725,2.498991846485355,0.0,0.8257847359028725
06,alpha,0.75,1029,switch_dr,n2500,1.7901624737073185,0.7143446448903068,0.7153918288961995,0.8257847359028725,2.498991846485355,0.0,0.7966449806057907
06,alpha,0.75,1029,dros,n2500,2.675598133849056,0.6966631681614859,0.7153918288961995,0.8257847359028725,2.498991846485355,0.0,0.9340738147513983
06,alpha,0.5,1029,dm,n2500,nan,0.6074285449377747,0.7153918288961995,0.8257847359028725,2.498991846485355,0.0,nan
06,alpha,0.5,1029,ips,n2500,nan,0.7496523713316157,0.7153918288961995,0.8257847359028725,2.498991846485355,0.0,0.8257847359028725
06,alpha,0.5,1029,snips,n2500,nan,0.7338769034337099,0.7153918288961995,0.8257847359028725,2.498991846485355,0.0,0.8257847359028725
06,alpha,0.5,1029,clipped_ips,n2500,1.6357255680122678,0.7311057908791558,0.7153918288961995,0.8257847359028725,2.498991846485355,0.0,0.8416861319821548
06,alpha,0.5,1029,dr,n2500,nan,0.7307680814908208,0.7153918288961995,0.8257847359028725,2.498991846485355,0.0,0.8257847359028725
06,alpha,0.5,1029,switch_dr,n2500,1.7901624737073185,0.7080969888302358,0.7153918288961995,0.8257847359028725,2.498991846485355,0.0,0.7966449806057907
06,alpha,0.5,1029,dros,n2500,2.675598133849056,0.6721078923480874,0.7153918288961995,0.8257847359028725,2.498991846485355,0.0,0.9340738147513983
06,alpha,0.25,1029,dm,n2500,nan,0.5537142724688874,0.7153918288961995,0.8257847359028725,2.498991846485355,0.0,nan
06,alpha,0.25,1029,ips,n2500,nan,0.7496523713316157,0.7153918288961995,0.8257847359028725,2.498991846485355,0.0,0.8257847359028725
06,alpha,0.25,1029,snips,n2500,nan,0.7338769034337099,0.7153918288961995,0.8257847359028725,2.498991846485355,0.0,0.8257847359028725
06,alpha,0.25,1029,clipped_ips,n2500,1.6357255680122678,0.7311057908791558,0.7153918288961995,0.8257847359028725,2.498991846485355,0.0,0.8416861319821548
06,alpha,0.25,1029,dr,n2500,nan,0.7348362093846249,0.7153918288961995,0.8257847359028725,2.498991846485355,0.0,0.8257847359028725
06,alpha,0.25,1029,switch_dr,n2500,1.7901624737073185,0.7018493327701649,0.7153918288961995,0.8257847359028725,2.498991846485355,0.0,0.7966449806057907
06,alpha,0.25,1029,dros,n2500,2.675598133849056,0.6475526165346889,0.7153918288961995,0.8257847359028725,2.498991846485355,0.0,0.9340738147513983
06,alpha,0.0,1029,dm,n2500,nan,0.5,0.7153918288961995,0.8257847359028725,2.498991846485355,0.0,nan
06,alpha,0.0,1029,ips,n2500,nan,0.7496523713316157,0.7153918288961995,0.8257847359028725,2.498991846485355,0.0,0.8257847359028725
06,alpha,0.0,1029,snips,n2500,nan,0.7338769034337099,0.7153918288961995,0.8257847359028725,2.498991846485355,0.0,0.8257847359028725
06,alpha,0.0,1029,clipped_ips,n2500,1.6357255680122678,0.7311057908791558,0.7153918288961995,0.8257847359028725,2.498991846485355,0.0,0.8416861319821548
06,alpha,0.0,1029,dr,n2500,nan,0.7389043372784287,0.7153918288961995,0.8257847359028725,2.498991846485355,0.0,0.8257847359028725
06,alpha,0.0,1029,switch_dr,n2500,1.7901624737073185,0.6956016767100941,0.7153918288961995,0.8257847359028725,2.498991846485355,0.0,0.7966449806057907
06,alpha,0.0,1029,dros,n2500,2.675598133849056,0.6229973407212903,0.7153918288961995,0.8257847359028725,2.498991846485355,0.0,0.9340738147513983
06,alpha,1.0,1030,dm,n2500,nan,0.7162962078871724,0.7153918288961995,0.8108052030082988,2.693121814401834,0.0,nan
06,alpha,1.0,1030,ips,n2500,nan,0.708870913099465,0.7153918288961995,0.8108052030082988,2.693121814401834,0.0,0.8108052030082988
06,alpha,1.0,1030,snips,n2500,nan,0.7219619312136802,0.7153918288961995,0.8108052030082988,2.693121814401834,0.0,0.8108052030082988
06,alpha,1.0,1030,clipped_ips,n2500,1.6130942513767768,0.6887311621259817,0.7153918288961995,0.8108052030082988,2.693121814401834,0.0,0.8303835031554123
06,alpha,1.0,1030,dr,n2500,nan,0.7288834422359942,0.7153918288961995,0.8108052030082988,2.693121814401834,0.0,0.8108052030082988
06,alpha,1.0,1030,switch_dr,n2500,1.7854188240524784,0.7260238724744189,0.7153918288961995,0.8108052030082988,2.693121814401834,0.0,0.7857977672820985
06,alpha,1.0,1030,dros,n2500,2.602073063824804,0.7253102739853193,0.7153918288961995,0.8108052030082988,2.693121814401834,0.0,0.9296162027736713
06,alpha,0.9,1030,dm,n2500,nan,0.6946665870984552,0.7153918288961995,0.8108052030082988,2.693121814401834,0.0,nan
06,alpha,0.9,1030,ips,n2500,nan,0.708870913099465,0.7153918288961995,0.8108052030082988,2.693121814401834,0.0,0.8108052030082988
06,alpha,0.9,1030,snips,n2500,nan,0.7219619312136802,0.7153918288961995,0.8108052030082988,2.693121814401834,0.0,0.8108052030082988
06,alpha,0.9,1030,clipped_ips,n2500,1.6130942513767768,0.6887311621259817,0.7153918288961995,0.8108052030082988,2.693121814401834,0.0,0.8303835031554123
06,alpha,0.9,1030,dr,n2500,nan,0.7277888173277964,0.7153918288961995,0.8108052030082988,2.693121814401834,0.0,0.8108052030082988
06,alpha,0.9,1030,switch_dr,n2500,1.7854188240524784,0.7208580033062828,0.7153918288961995,0.8108052030082988,2.693121814401834,0.0,0.7857977672820985
06,alpha,0.9,1030,dros,n2500,2.602073063824804,0.7136511571679469,0.7153918288961995,0.8108052030082988,2.693121814401834,0.0,0.9296162027736713
06,alpha,0.75,1030,dm,n2500,nan,0.6622221559153794,0.7153918288961995,0.8108052030082988,2.693121814401834,0.0,nan
06,alpha,0.75,1030,ips,n2500,nan,0.708870913099465,0.7153918288961995,0.8108052030082988,2.693121814401834,0.0,0.8108052030082988
06,alpha,0.75,1030,snips,n2500,nan,0.7219619312136802,0.7153918288961995,0.8108052030082988,2.693121814401834,0.0,0.8108052030082988
06,alpha,0.75,1030,clipped_ips,n2500,1.6130942513767768,0.6887311621259817,0.7153918288961995,0.8108052030082988,2.693121814401834,0.0,0.8303835031554123
06,alpha,0.75,1030,dr,n2500,nan,0.7261468799654998,0.7153918288961995,0.8108052030082988,2.693121814401834,0.0,0.8108052030082988
06,alpha,0.75,1030,switch_dr,n2500,1.7854188240524784,0.7131091995540785,0.7153918288961995,0.8108052030082988,2.693121814401834,0.0,0.7857977672820985
06,alpha,0.75,1030,dros,n2500,2.602073063824804,0.6961624819418882,0.7153918288961995,0.8108052030082988,2.693121814401834,0.0,0.9296162027736713
06,alpha,0.5,1030,dm,n2500,nan,0.6081481039435862,0.7153918288961995,0.8108052030082988,2.693121814401834,0.0,nan
06,alpha,0.5,1030,ips,n2500,nan,0.708870913099465,0.7153918288961995,0.8108052030082988,2.693121814401834,0.0,0.8108052030082988
06,alpha,0.5,1030,snips,n2500,nan,0.7219619312136802,0.7153918288961995,0.8108052030082988,2.693121814401834,0.0,0.8108052030082988
06,alpha,0.5,1030,clipped_ips,n2500,1.6130942513767768,0.6887311621259817,0.7153918288961995,0.8108052030082988,2.693121814401834,0.0,0.8303835031554123
06,alpha,0.5,1030,dr,n2500,nan,0.7234103176950051,0.7153918288961995,0.8108052030082988,2.693121814401834,0.0,0.8108052030082988
06,alpha,0.5,1030,switch_dr,n2500,1.7854188240524784,0.7001945266337379,0.7153918288961995,0.8108052030082988,2.693121814401834,0.0,0.7857977672820985
06,alpha,0.5,1030,dros,n2500,2.602073063824804,0.6670146898984571,0.7153918288961995,0.8108052030082988,2.693121814401834,0.0,0.9296162027736713
06,alpha,0.25,1030,dm,n2500,nan,0.5540740519717932,0.7153918288961995,0.8108052030082988,2.693121814401834,0.0,nan
06,alpha,0.25,1030,ips,n2500,nan,0.708870913099465,0.7153918288961995,0.8108052030082988,2.693121814401834,0.0,0.8108052030082988
06,alpha,0.25,1030,snips,n2500,nan,0.7219619312136802,0.7153918288961995,0.8108052030082988,2.693121814401834,0.0,0.8108052030082988
06,alpha,0.25,1030,clipped_ips,n2500,1.6130942513767768,0.6887311621259817,0.7153918288961995,0.8108052030082988,2.693121814401834,0.0,0.8303835031554123
06,alpha,0.25,1030,dr,n2500,nan,0.7206737554245106,0.7153918288961995,0.8108052030082988,2.693121814401834,0.0,0.8108052030082988
06,alpha,0.25,1030,switch_dr,n2500,1.7854188240524784,0.6872798537133975,0.7153918288961995,0.8108052030082988,2.693121814401834,0.0,0.7857977672820985
06,alpha,0.25,1030,dros,n2500,2.602073063824804,0.637866897855026,0.7153918288961995,0.8108052030082988,2.693121814401834,0.0,0.9296162027736713
06,alpha,0.0,1030,dm,n2500,nan,0.5,0.7153918288961995,0.8108052030082988,2.693121814401834,0.0,nan
06,alpha,0.0,1030,ips,n2500,nan,0.708870913099465,0.7153918288961995,0.8108052030082988,2.693121814401834,0.0,0.8108052030082988
06,alpha,0.0,1030,snips,n2500,nan,0.7219619312136802,0.7153918288961995,0.8108052030082988,2.693121814401834,0.0,0.8108052030082988
06,alpha,0.0,1030,clipped_ips,n2500,1.6130942513767768,0.6887311621259817,0.7153918288961995,0.8108052030082988,2.693121814401834,0.0,0.8303835031554123
06,alpha,0.0,1030,dr,n2500,nan,0.7179371931540159,0.7153918288961995,0.8108052030082988,2.693121814401834,0.0,0.8108052030082988
06,alpha,0.0,1030,switch_dr,n2500,1.7854188240524784,0.674365180793057,0.7153918288961995,0.8108052030082988,2.693121814401834,0.0,0.7857977672820985
06,alpha,0.0,1030,dros,n2500,2.602073063824804,0.6087191058115948,0.7153918288961995,0.8108052030082988,2.693121814401834,0.0,0.9296162027736713
06,alpha,1.0,1031,dm,n2500,nan,0.7141016969574128,0.7153918288961995,0.8183608405112612,2.5074696622837034,0.0,nan
06,alpha,1.0,1031,ips,n2500,nan,0.7085913734170867,0.7153918288961995,0.8183608405112612,2.5074696622837034,0.0,0.8183608405112612
06,alpha,1.0,1031,snips,n2500,nan,0.7061870613465344,0.7153918288961995,0.8183608405112612,2.5074696622837034,0.0,0.8183608405112612
06,alpha,1.0,1031,clipped_ips,n2500,1.6221108550177707,0.6907882489935737,0.7153918288961995,0.8183608405112612,2.5074696622837034,0.0,0.8354562321013563
06,alpha,1.0,1031,dr,n2500,nan,0.7034535320812584,0.7153918288961995,0.8183608405112612,2.5074696622837034,0.0,0.8183608405112612
06,alpha,1.0,1031,switch_dr,n2500,1.776214300350087,0.7067972827621255,0.7153918288961995,0.8183608405112612,2.5074696622837034,0.0,0.7905789137568611
06,alpha,1.0,1031,dros,n2500,2.631243625966483,0.7084052812586901,0.7153918288961995,0.8183608405112612,2.5074696622837034,0.0,0.9328916646897915
06,alpha,0.9,1031,dm,n2500,nan,0.6926915272616716,0.7153918288961995,0.8183608405112612,2.5074696622837034,0.0,nan
06,alpha,0.9,1031,ips,n2500,nan,0.7085913734170867,0.7153918288961995,0.8183608405112612,2.5074696622837034,0.0,0.8183608405112612
06,alpha,0.9,1031,snips,n2500,nan,0.7061870613465344,0.7153918288961995,0.8183608405112612,2.5074696622837034,0.0,0.8183608405112612
06,alpha,0.9,1031,clipped_ips,n2500,1.6221108550177707,0.6907882489935737,0.7153918288961995,0.8183608405112612,2.5074696622837034,0.0,0.8354562321013563
06,alpha,0.9,1031,dr,n2500,nan,0.7037970842605793,0.7153918288961995,0.8183608405112612,2.5074696622837034,0.0,0.8183608405112612
06,alpha,0.9,1031,switch_dr,n2500,1.776214300350087,0.7031274598056275,0.7153918288961995,0.8183608405112612,2.5074696622837034,0.0,0.7905789137568611
06,alpha,0.9,1031,dros,n2500,2.631243625966483,0.6977305777702946,0.7153918288961995,0.8183608405112612,2.5074696622837034,0.0,0.9328916646897915
06,alpha,0.75,1031,dm,n2500,nan,0.6605762727180596,0.7153918288961995,0.8183608405112612,2.5074696622837034,0.0,nan
06,alpha,0.75,1031,ips,n2500,nan,0.7085913734170867,0.7153918288961995,0.8183608405112612,2.5074696622837034,0.0,0.8183608405112612
06,alpha,0.75,1031,snips,n2500,nan,0.7061870613465344,0.7153918288961995,0.8183608405112612,2.5074696622837034,0.0,0.8183608405112612
06,alpha,0.75,1031,clipped_ips,n2500,1.6221108550177707,0.6907882489935737,0.7153918288961995,0.8183608405112612,2.5074696622837034,0.0,0.8354562321013563
06,alpha,0.75,1031,dr,n2500,nan,0.7043124125295603,0.7153918288961995,0.8183608405112612,2.5074696622837034,0.0,0.8183608405112612
06,alpha,0.75,1031,switch_dr,n2500,1.776214300350087,0.6976227253708804,0.7153918288961995,0.8183608405112612,2.5074696622837034,0.0,0.7905789137568611
06,alpha,0.75,1031,dros,n2500,2.631243625966483,0.6817185225377013,0.7153918288961995,0.8183608405112612,2.5074696622837034,0.0,0.9328916646897915
06,alpha,0.5,1031,dm,n2500,nan,0.6070508484787064,0.7153918288961995,0.8183608405112612,2.5074696622837034,0.0,nan
06,alpha,0.5,1031,ips,n2500,nan,0.7085913734170867,0.7153918288961995,0.8183608405112612,2.5074696622837034,0.0,0.8183608405112612
06,alpha,0.5,1031,snips,n2500,nan,0.7061870613465344,0.7153918288961995,0.8183608405112612,2.5074696622837034,0.0,0.8183608405112612
06,alpha,0.5,1031,clipped_ips,n2500,1.6221108550177707,0.6907882489935737,0.7153918288961995,0.8183608405112612,2.5074696622837034,0.0,0.8354562321013563
06,alpha,0.5,1031,dr,n2500,nan,0.7051712929778622,0.7153918288961995,0.8183608405112612,2.5074696622837034,0.0,0.8183608405112612
06,alpha,0.5,1031,switch_dr,n2500,1.776214300350087,0.6884481679796352,0.7153918288961995,0.8183608405112612,2.5074696622837034,0.0,0.7905789137568611
06,alpha,0.5,1031,dros,n2500,2.631243625966483,0.6550317638167122,0.7153918288961995,0.8183608405112612,2.5074696622837034,0.0,0.9328916646897915
06,alpha,0.25,1031,dm,n2500,nan,0.5535254242393532,0.7153918288961995,0.8183608405112612,2.5074696622837034,0.0,nan
06,alpha,0.25,1031,ips,n2500,nan,0.7085913734170867,0.7153918288961995,0.8183608405112612,2.5074696622837034,0.0,0.8183608405112612
06,alpha,0.25,1031,snips,n2500,nan,0.7061870613465344,0.7153918288961995,0.8183608405112612,2.5074696622837034,0.0,0.8183608405112612
06,alpha,0.25,1031,clipped_ips,n2500,1.6221108550177707,0.6907882489935737,0.7153918288961995,0.8183608405112612,2.5074696622837034,0.0,0.8354562321013563
06,alpha,0.25,1031,dr,n2500,nan,0.7060301734261641,0.7153918288961995,0.8183608405112612,2.5074696622837034,0.0,0.8183608405112612
06,alpha,0.25,1031,switch_dr,n2500,1.776214300350087,0.6792736105883901,0.7153918288961995,0.8183608405112612,2.5074696622837034,0.0,0.7905789137568611
06,alpha,0.25,1031,dros,n2500,2.631243625966483,0.6283450050957234,0.7153918288961995,0.8183608405112612,2.5074696622837034,0.0,0.9328916646897915
06,alpha,0.0,1031,dm,n2500,nan,0.5,0.7153918288961995,0.8183608405112612,2.5074696622837034,0.0,nan
06,alpha,0.0,1031,ips,n2500,nan,0.7085913734170867,0.7153918288961995,0.8183608405112612,2.5074696622837034,0.0,0.8183608405112612
06,alpha,0.0,1031,snips,n2500,nan,0.7061870613465344,0.7153918288961995,0.8183608405112612,2.5074696622837034,0.0,0.8183608405112612
06,alpha,0.0,1031,clipped_ips,n2500,1.6221108550177707,0.6907882489935737,0.7153918288961995,0.8183608405112612,2.5074696622837034,0.0,0.8354562321013563
06,alpha,0.0,1031,dr,n2500,nan,0.706889053874466,0.7153918288961995,0.8183608405112612,2.5074696622837034,0.0,0.8183608405112612
06,alpha,0.0,1031,switch_dr,n2500,1.776214300350087,0.6700990531971448,0.7153918288961995,0.8183608405112612,2.5074696622837034,0.0,0.7905789137568611
06,alpha,0.0,1031,dros,n2500,2.631243625966483,0.6016582463747344,0.7153918288961995,0.8183608405112612,2.5074696622837034,0.0,0.9328916646897915
06,alpha,1.0,1032,dm,n2500,nan,0.7152769612998825,0.7153918288961995,0.8130938573871769,2.5213914590599877,0.0,nan
06,alpha,1.0,1032,ips,n2500,nan,0.6968926440581379,0.7153918288961995,0.8130938573871769,2.5213914590599877,0.0,0.8130938573871769
06,alpha,1.0,1032,snips,n2500,nan,0.7076815603745673,0.7153918288961995,0.8130938573871769,2.5213914590599877,0.0,0.8130938573871769
06,alpha,1.0,1032,clipped_ips,n2500,1.604992021221944,0.6780249682107684,0.7153918288961995,0.8130938573871769,2.5213914590599877,0.0,0.8316332919685068
06,alpha,1.0,1032,dr,n2500,nan,0.7152578546832918,0.7153918288961995,0.8130938573871769,2.5213914590599877,0.0,0.8130938573871769
06,alpha,1.0,1032,switch_dr,n2500,1.7893291416041412,0.720151348460413,0.7153918288961995,0.8130938573871769,2.5213914590599877,0.0,0.7865628905777151
06,alpha,1.0,1032,dros,n2500,2.575999388186101,0.7168603439566011,0.7153918288961995,0.8130938573871769,2.5213914590599877,0.0,0.9310537930958673
06,alpha,0.9,1032,dm,n2500,nan,0.6937492651698942,0.7153918288961995,0.8130938573871769,2.5213914590599877,0.0,nan
06,alpha,0.9,1032,ips,n2500,nan,0.6968926440581379,0.7153918288961995,0.8130938573871769,2.5213914590599877,0.0,0.8130938573871769
06,alpha,0.9,1032,snips,n2500,nan,0.7076815603745673,0.7153918288961995,0.8130938573871769,2.5213914590599877,0.0,0.8130938573871769
06,alpha,0.9,1032,clipped_ips,n2500,1.604992021221944,0.6780249682107684,0.7153918288961995,0.8130938573871769,2.5213914590599877,0.0,0.8316332919685068
06,alpha,0.9,1032,dr,n2500,nan,0.7141836055888858,0.7153918288961995,0.8130938573871769,2.5213914590599877,0.0,0.8130938573871769
06,alpha,0.9,1032,switch_dr,n2500,1.7893291416041412,0.7150815647069633,0.7153918288961995,0.8130938573871769,2.5213914590599877,0.0,0.7865628905777151
06,alpha,0.9,1032,dros,n2500,2.575999388186101,0.7052479828101417,0.7153918288961995,0.8130938573871769,2.5213914590599877,0.0,0.9310537930958673
06,alpha,0.75,1032,dm,n2500,nan,0.6614577209749118,0.7153918288961995,0.8130938573871769,2.5213914590599877,0.0,nan
06,alpha,0.75,1032,ips,n2500,nan,0.6968926440581379,0.7153918288961995,0.8130938573871769,2.5213914590599877,0.0,0.8130938573871769
06,alpha,0.75,1032,snips,n2500,nan,0.7076815603745673,0.7153918288961995,0.8130938573871769,2.5213914590599877,0.0,0.8130938573871769
06,alpha,0.75,1032,clipped_ips,n2500,1.604992021221944,0.6780249682107684,0.7153918288961995,0.8130938573871769,2.5213914590599877,0.0,0.8316332919685068
06,alpha,0.75,1032,dr,n2500,nan,0.7125722319472768,0.7153918288961995,0.8130938573871769,2.5213914590599877,0.0,0.8130938573871769
06,alpha,0.75,1032,switch_dr,n2500,1.7893291416041412,0.7074768890767887,0.7153918288961995,0.8130938573871769,2.5213914590599877,0.0,0.7865628905777151
06,alpha,0.75,1032,dros,n2500,2.575999388186101,0.6878294410904525,0.7153918288961995,0.8130938573871769,2.5213914590599877,0.0,0.9310537930958673
06,alpha,0.5,1032,dm,n2500,nan,0.6076384806499413,0.7153918288961995,0.8130938573871769,2.5213914590599877,0.0,nan
06,alpha,0.5,1032,ips,n2500,nan,0.6968926440581379,0.7153918288961995,0.8130938573871769,2.5213914590599877,0.0,0.8130938573871769
06,alpha,0.5,1032,snips,n2500,nan,0.7076815603745673,0.7153918288961995,0.8130938573871769,2.5213914590599877,0.0,0.8130938573871769
06,alpha,0.5,1032,clipped_ips,n2500,1.604992021221944,0.6780249682107684,0.7153918288961995,0.8130938573871769,2.5213914590599877,0.0,0.8316332919685068
06,alpha,0.5,1032,dr,n2500,nan,0.709886609211262,0.7153918288961995,0.8130938573871769,2.5213914590599877,0.0,0.8130938573871769
06,alpha,0.5,1032,switch_dr,n2500,1.7893291416041412,0.6948024296931646,0.7153918288961995,0.8130938573871769,2.5213914590599877,0.0,0.7865628905777151
06,alpha,0.5,1032,dros,n2500,2.575999388186101,0.658798538224304,0.7153918288961995,0.8130938573871769,2.5213914590599877,0.0,0.9310537930958673
06,alpha,0.25,1032,dm,n2500,nan,0.5538192403249707,0.7153918288961995,0.8130938573871769,2.5213914590599877,0.0,nan
06,alpha,0.25,1032,ips,n2500,nan,0.6968926440581379,0.7153918288961995,0.8130938573871769,2.5213914590599877,0.0,0.8130938573871769
06,alpha,0.25,1032,snips,n2500,nan,0.7076815603745673,0.7153918288961995,0.8130938573871769,2.5213914590599877,0.0,0.8130938573871769
06,alpha,0.25,1032,clipped_ips,n2500,1.604992021221944,0.6780249682107684,0.7153918288961995,0.8130938573871769,2.5213914590599877,0.0,0.8316332919685068
06,alpha,0.25,1032,dr,n2500,nan,0.7072009864752471,0.7153918288961995,0.8130938573871769,2.5213914590599877,0.0,0.8130938573871769
06,alpha,0.25,1032,switch_dr,n2500,1.7893291416041412,0.6821279703095404,0.7153918288961995,0.8130938573871769,2.5213914590599877,0.0,0.7865628905777151
06,alpha,0.25,1032,dros,n2500,2.575999388186101,0.6297676353581553,0.7153918288961995,0.8130938573871769,2.5213914590599877,0.0,0.9310537930958673
06,alpha,0.0,1032,dm,n2500,nan,0.5,0.7153918288961995,0.8130938573871769,2.5213914590599877,0.0,nan
06,alpha,0.0,1032,ips,n2500,nan,0.6968926440581379,0.7153918288961995,0.8130938573871769,2.5213914590599877,0.0,0.8130938573871769
06,alpha,0.0,1032,snips,n2500,nan,0.7076815603745673,0.7153918288961995,0.8130938573871769,2.5213914590599877,0.0,0.8130938573871769
06,alpha,0.0,1032,clipped_ips,n2500,1.604992021221944,0.6780249682107684,0.7153918288961995,0.8130938573871769,2.5213914590599877,0.0,0.8316332919685068
06,alpha,0.0,1032,dr,n2500,nan,0.7045153637392321,0.7153918288961995,0.8130938573871769,2.5213914590599877,0.0,0.8130938573871769
06,alpha,0.0,1032,switch_dr,n2500,1.7893291416041412,0.6694535109259163,0.7153918288961995,0.8130938573871769,2.5213914590599877,0.0,0.7865628905777151
06,alpha,0.0,1032,dros,n2500,2.575999388186101,0.6007367324920067,0.7153918288961995,0.8130938573871769,2.5213914590599877,0.0,0.9310537930958673
06,alpha,1.0,1033,dm,n2500,nan,0.719127990546721,0.7153918288961995,0.8242050018723234,2.5559535767254755,0.0,nan
06,alpha,1.0,1033,ips,n2500,nan,0.7312712420944174,0.7153918288961995,0.8242050018723234,2.5559535767254755,0.0,0.8242050018723234
06,alpha,1.0,1033,snips,n2500,nan,0.7223837054139745,0.7153918288961995,0.8242050018723234,2.5559535767254755,0.0,0.8242050018723234
06,alpha,1.0,1033,clipped_ips,n2500,1.6240415052760984,0.7130260390961001,0.7153918288961995,0.8242050018723234,2.5559535767254755,0.0,0.8421692417743981
06,alpha,1.0,1033,dr,n2500,nan,0.7191287099942403,0.7153918288961995,0.8242050018723234,2.5559535767254755,0.0,0.8242050018723234
06,alpha,1.0,1033,switch_dr,n2500,1.7839772291932614,0.7248794442174676,0.7153918288961995,0.8242050018723234,2.5559535767254755,0.0,0.7972232630726659
06,alpha,1.0,1033,dros,n2500,2.6375108108594554,0.7195342816262166,0.7153918288961995,0.8242050018723234,2.5559535767254755,0.0,0.9354438398967421
06,alpha,0.9,1033,dm,n2500,nan,0.6972151914920489,0.7153918288961995,0.8242050018723234,2.5559535767254755,0.0,nan
06,alpha,0.9,1033,ips,n2500,nan,0.7312712420944174,0.7153918288961995,0.8242050018723234,2.5559535767254755,0.0,0.8242050018723234
06,alpha,0.9,1033,snips,n2500,nan,0.7223837054139745,0.7153918288961995,0.8242050018723234,2.5559535767254755,0.0,0.8242050018723234
06,alpha,0.9,1033,clipped_ips,n2500,1.6240415052760984,0.7130260390961001,0.7153918288961995,0.8242050018723234,2.5559535767254755,0.0,0.8421692417743981
06,alpha,0.9,1033,dr,n2500,nan,0.7197278097467648,0.7153918288961995,0.8242050018723234,2.5559535767254755,0.0,0.8242050018723234
06,alpha,0.9,1033,switch_dr,n2500,1.7839772291932614,0.7213495633226733,0.7153918288961995,0.8242050018723234,2.5559535767254755,0.0,0.7972232630726659
06,alpha,0.9,1033,dros,n2500,2.6375108108594554,0.7089773250589017,0.7153918288961995,0.8242050018723234,2.5559535767254755,0.0,0.9354438398967421
06,alpha,0.75,1033,dm,n2500,nan,0.6643459929100407,0.7153918288961995,0.8242050018723234,2.5559535767254755,0.0,nan
06,alpha,0.75,1033,ips,n2500,nan,0.7312712420944174,0.7153918288961995,0.8242050018723234,2.5559535767254755,0.0,0.8242050018723234
06,alpha,0.75,1033,snips,n2500,nan,0.7223837054139745,0.7153918288961995,0.8242050018723234,2.5559535767254755,0.0,0.8242050018723234
06,alpha,0.75,1033,clipped_ips,n2500,1.6240415052760984,0.7130260390961001,0.7153918288961995,0.8242050018723234,2.5559535767254755,0.0,0.8421692417743981
06,alpha,0.75,1033,dr,n2500,nan,0.7206264593755515,0.7153918288961995,0.8242050018723234,2.5559535767254755,0.0,0.8242050018723234
06,alpha,0.75,1033,switch_dr,n2500,1.7839772291932614,0.7160547419804818,0.7153918288961995,0.8242050018723234,2.5559535767254755,0.0,0.7972232630726659
06,alpha,0.75,1033,dros,n2500,2.6375108108594554,0.6931418902079293,0.7153918288961995,0.8242050018723234,2.5559535767254755,0.0,0.9354438398967421
06,alpha,0.5,1033,dm,n2500,nan,0.6095639952733605,0.7153918288961995,0.8242050018723234,2.5559535767254755,0.0,nan
06,alpha,0.5,1033,ips,n2500,nan,0.7312712420944174,0.7153918288961995,0.8242050018723234,2.5559535767254755,0.0,0.8242050018723234
06,alpha,0.5,1033,snips,n2500,nan,0.7223837054139745,0.7153918288961995,0.8242050018723234,2.5559535767254755,0.0,0.8242050018723234
06,alpha,0.5,1033,clipped_ips,n2500,1.6240415052760984,0.7130260390961001,0.7153918288961995,0.8242050018723234,2.5559535767254755,0.0,0.8421692417743981
06,alpha,0.5,1033,dr,n2500,nan,0.7221242087568628,0.7153918288961995,0.8242050018723234,2.5559535767254755,0.0,0.8242050018723234
06,alpha,0.5,1033,switch_dr,n2500,1.7839772291932614,0.7072300397434961,0.7153918288961995,0.8242050018723234,2.5559535767254755,0.0,0.7972232630726659
06,alpha,0.5,1033,dros,n2500,2.6375108108594554,0.6667494987896421,0.7153918288961995,0.8242050018723234,2.5559535767254755,0.0,0.9354438398967421
06,alpha,0.25,1033,dm,n2500,nan,0.5547819976366801,0.7153918288961995,0.8242050018723234,2.5559535767254755,0.0,nan
06,alpha,0.25,1033,ips,n2500,nan,0.7312712420944174,0.7153918288961995,0.8242050018723234,2.5559535767254755,0.0,0.8242050018723234
06,alpha,0.25,1033,snips,n2500,nan,0.7223837054139745,0.7153918288961995,0.8242050018723234,2.5559535767254755,0.0,0.8242050018723234
06,alpha,0.25,1033,clipped_ips,n2500,1.6240415052760984,0.7130260390961001,0.7153918288961995,0.8242050018723234,2.5559535767254755,0.0,0.8421692417743981
06,alpha,0.25,1033,dr,n2500,nan,0.723621958138174,0.7153918288961995,0.8242050018723234,2.5559535767254755,0.0,0.8242050018723234
06,alpha,0.25,1033,switch_dr,n2500,1.7839772291932614,0.6984053375065102,0.7153918288961995,0.8242050018723234,2.5559535767254755,0.0,0.7972232630726659
06,alpha,0.25,1033,dros,n2500,2.6375108108594554,0.6403571073713548,0.7153918288961995,0.8242050018723234,2.5559535767254755,0.0,0.9354438398967421
06,alpha,0.0,1033,dm,n2500,nan,0.5,0.7153918288961995,0.8242050018723234,2.5559535767254755,0.0,nan
06,alpha,0.0,1033,ips,n2500,nan,0.7312712420944174,0.7153918288961995,0.8242050018723234,2.5559535767254755,0.0,0.8242050018723234
06,alpha,0.0,1033,snips,n2500,nan,0.7223837054139745,0.7153918288961995,0.8242050018723234,2.5559535767254755,0.0,0.8242050018723234
06,alpha,0.0,1033,clipped_ips,n2500,1.6240415052760984,0.7130260390961001,0.7153918288961995,0.8242050018723234,2.5559535767254755,0.0,0.8421692417743981
06,alpha,0.0,1033,dr,n2500,nan,0.7251197075194855,0.7153918288961995,0.8242050018723234,2.5559535767254755,0.0,0.8242050018723234
06,alpha,0.0,1033,switch_dr,n2500,1.7839772291932614,0.6895806352695246,0.7153918288961995,0.8242050018723234,2.5559535767254755,0.0,0.7972232630726659
06,alpha,0.0,1033,dros,n2500,2.6375108108594554,0.6139647159530676,0.7153918288961995,0.8242050018723234,2.5559535767254755,0.0,0.9354438398967421
06,alpha,1.0,1034,dm,n2500,nan,0.7167649955736534,0.7153918288961995,0.8245023752363643,2.7698424482309036,0.0,nan
06,alpha,1.0,1034,ips,n2500,nan,0.735959406617162,0.7153918288961995,0.8245023752363643,2.7698424482309036,0.0,0.8245023752363643
06,alpha,1.0,1034,snips,n2500,nan,0.7334321001848021,0.7153918288961995,0.8245023752363643,2.7698424482309036,0.0,0.8245023752363643
06,alpha,1.0,1034,clipped_ips,n2500,1.6016252535034834,0.7167095453771919,0.7153918288961995,0.8245023752363643,2.7698424482309036,0.0,0.8416091047688363
06,alpha,1.0,1034,dr,n2500,nan,0.729677840219249,0.7153918288961995,0.8245023752363643,2.7698424482309036,0.0,0.8245023752363643
06,alpha,1.0,1034,switch_dr,n2500,1.7764433275951264,0.7291669302094477,0.7153918288961995,0.8245023752363643,2.7698424482309036,0.0,0.7960992037555434
06,alpha,1.0,1034,dros,n2500,2.5652034526600973,0.7235352484684907,0.7153918288961995,0.8245023752363643,2.7698424482309036,0.0,0.934381600027896
06,alpha,0.9,1034,dm,n2500,nan,0.695088496016288,0.7153918288961995,0.8245023752363643,2.7698424482309036,0.0,nan
06,alpha,0.9,1034,ips,n2500,nan,0.735959406617162,0.7153918288961995,0.8245023752363643,2.7698424482309036,0.0,0.8245023752363643
06,alpha,0.9,1034,snips,n2500,nan,0.7334321001848021,0.7153918288961995,0.8245023752363643,2.7698424482309036,0.0,0.8245023752363643
06,alpha,0.9,1034,clipped_ips,n2500,1.6016252535034834,0.7167095453771919,0.7153918288961995,0.8245023752363643,2.7698424482309036,0.0,0.8416091047688363
06,alpha,0.9,1034,dr,n2500,nan,0.7301337037161765,0.7153918288961995,0.8245023752363643,2.7698424482309036,0.0,0.8245023752363643
06,alpha,0.9,1034,switch_dr,n2500,1.7764433275951264,0.7255863109564098,0.7153918288961995,0.8245023752363643,2.7698424482309036,0.0,0.7960992037555434
06,alpha,0.9,1034,dros,n2500,2.5652034526600973,0.7128012916981771,0.7153918288961995,0.8245023752363643,2.7698424482309036,0.0,0.934381600027896
06,alpha,0.75,1034,dm,n2500,nan,0.66257374668024,0.7153918288961995,0.8245023752363643,2.7698424482309036,0.0,nan
06,alpha,0.75,1034,ips,n2500,nan,0.735959406617162,0.7153918288961995,0.8245023752363643,2.7698424482309036,0.0,0.8245023752363643
06,alpha,0.75,1034,snips,n2500,nan,0.7334321001848021,0.7153918288961995,0.8245023752363643,2.7698424482309036,0.0,0.8245023752363643
06,alpha,0.75,1034,clipped_ips,n2500,1.6016252535034834,0.7167095453771919,0.7153918288961995,0.8245023752363643,2.7698424482309036,0.0,0.8416091047688363
06,alpha,0.75,1034,dr,n2500,nan,0.7308174989615679,0.7153918288961995,0.8245023752363643,2.7698424482309036,0.0,0.8245023752363643
06,alpha,0.75,1034,switch_dr,n2500,1.7764433275951264,0.7202153820768533,0.7153918288961995,0.8245023752363643,2.7698424482309036,0.0,0.7960992037555434
06,alpha,0.75,1034,dros,n2500,2.5652034526600973,0.6967003565427069,0.7153918288961995,0.8245023752363643,2.7698424482309036,0.0,0.934381600027896
06,alpha,0.5,1034,dm,n2500,nan,0.6083824977868266,0.7153918288961995,0.8245023752363643,2.7698424482309036,0.0,nan
06,alpha,0.5,1034,ips,n2500,nan,0.735959406617162,0.7153918288961995,0.8245023752363643,2.7698424482309036,0.0,0.8245023752363643
06,alpha,0.5,1034,snips,n2500,nan,0.7334321001848021,0.7153918288961995,0.8245023752363643,2.7698424482309036,0.0,0.8245023752363643
06,alpha,0.5,1034,clipped_ips,n2500,1.6016252535034834,0.7167095453771919,0.7153918288961995,0.8245023752363643,2.7698424482309036,0.0,0.8416091047688363
06,alpha,0.5,1034,dr,n2500,nan,0.7319571577038867,0.7153918288961995,0.8245023752363643,2.7698424482309036,0.0,0.8245023752363643
06,alpha,0.5,1034,switch_dr,n2500,1.7764433275951264,0.7112638339442587,0.7153918288961995,0.8245023752363643,2.7698424482309036,0.0,0.7960992037555434
06,alpha,0.5,1034,dros,n2500,2.5652034526600973,0.669865464616923,0.7153918288961995,0.8245023752363643,2.7698424482309036,0.0,0.934381600027896
06,alpha,0.25,1034,dm,n2500,nan,0.5541912488934133,0.7153918288961995,0.8245023752363643,2.7698424482309036,0.0,nan
06,alpha,0.25,1034,ips,n2500,nan,0.735959406617162,0.7153918288961995,0.8245023752363643,2.7698424482309036,0.0,0.8245023752363643
06,alpha,0.25,1034,snips,n2500,nan,0.7334321001848021,0.7153918288961995,0.8245023752363643,2.7698424482309036,0.0,0.8245023752363643
06,alpha,0.25,1034,clipped_ips,n2500,1.6016252535034834,0.7167095453771919,0.7153918288961995,0.8245023752363643,2.7698424482309036,0.0,0.8416091047688363
06,alpha,0.25,1034,dr,n2500,nan,0.7330968164462057,0.7153918288961995,0.8245023752363643,2.7698424482309036,0.0,0.8245023752363643
06,alpha,0.25,1034,switch_dr,n2500,1.7764433275951264,0.7023122858116644,0.7153918288961995,0.8245023752363643,2.7698424482309036,0.0,0.7960992037555434
06,alpha,0.25,1034,dros,n2500,2.5652034526600973,0.6430305726911392,0.7153918288961995,0.8245023752363643,2.7698424482309036,0.0,0.934381600027896
06,alpha,0.0,1034,dm,n2500,nan,0.5,0.7153918288961995,0.8245023752363643,2.7698424482309036,0.0,nan
06,alpha,0.0,1034,ips,n2500,nan,0.735959406617162,0.7153918288961995,0.8245023752363643,2.7698424482309036,0.0,0.8245023752363643
06,alpha,0.0,1034,snips,n2500,nan,0.7334321001848021,0.7153918288961995,0.8245023752363643,2.7698424482309036,0.0,0.8245023752363643
06,alpha,0.0,1034,clipped_ips,n2500,1.6016252535034834,0.7167095453771919,0.7153918288961995,0.8245023752363643,2.7698424482309036,0.0,0.8416091047688363
06,alpha,0.0,1034,dr,n2500,nan,0.7342364751885246,0.7153918288961995,0.8245023752363643,2.7698424482309036,0.0,0.8245023752363643
06,alpha,0.0,1034,switch_dr,n2500,1.7764433275951264,0.69336073767907,0.7153918288961995,0.8245023752363643,2.7698424482309036,0.0,0.7960992037555434
06,alpha,0.0,1034,dros,n2500,2.5652034526600973,0.6161956807653552,0.7153918288961995,0.8245023752363643,2.7698424482309036,0.0,0.934381600027896
06,alpha,1.0,1035,dm,n2500,nan,0.7186235124631354,0.7153918288961995,0.8271029002203375,2.5740426705754067,0.0,nan
06,alpha,1.0,1035,ips,n2500,nan,0.7261884004339979,0.7153918288961995,0.8271029002203375,2.5740426705754067,0.0,0.8271029002203375
06,alpha,1.0,1035,snips,n2500,nan,0.7136504016066713,0.7153918288961995,0.8271029002203375,2.5740426705754067,0.0,0.8271029002203375
06,alpha,1.0,1035,clipped_ips,n2500,1.6071857792670345,0.7066718190234448,0.7153918288961995,0.8271029002203375,2.5740426705754067,0.0,0.844510319651705
06,alpha,1.0,1035,dr,n2500,nan,0.7026782301521969,0.7153918288961995,0.8271029002203375,2.5740426705754067,0.0,0.8271029002203375
06,alpha,1.0,1035,switch_dr,n2500,1.7733932583691487,0.7031573275358506,0.7153918288961995,0.8271029002203375,2.5740426705754067,0.0,0.7987532667409583
06,alpha,1.0,1035,dros,n2500,2.583046129078185,0.7092921828966341,0.7153918288961995,0.8271029002203375,2.5740426705754067,0.0,0.935924252832177
06,alpha,0.9,1035,dm,n2500,nan,0.6967611612168219,0.7153918288961995,0.8271029002203375,2.5740426705754067,0.0,nan
06,alpha,0.9,1035,ips,n2500,nan,0.7261884004339979,0.7153918288961995,0.8271029002203375,2.5740426705754067,0.0,0.8271029002203375
06,alpha,0.9,1035,snips,n2500,nan,0.7136504016066713,0.7153918288961995,0.8271029002203375,2.5740426705754067,0.0,0.8271029002203375
06,alpha,0.9,1035,clipped_ips,n2500,1.6071857792670345,0.7066718190234448,0.7153918288961995,0.8271029002203375,2.5740426705754067,0.0,0.844510319651705
06,alpha,0.9,1035,dr,n2500,nan,0.7041508059436664,0.7153918288961995,0.8271029002203375,2.5740426705754067,0.0,0.8271029002203375
06,alpha,0.9,1035,switch_dr,n2500,1.7733932583691487,0.7004933391060068,0.7153918288961995,0.8271029002203375,2.5740426705754067,0.0,0.7987532667409583
06,alpha,0.9,1035,dros,n2500,2.583046129078185,0.6991076309505325,0.7153918288961995,0.8271029002203375,2.5740426705754067,0.0,0.935924252832177
06,alpha,0.75,1035,dm,n2500,nan,0.6639676343473516,0.7153918288961995,0.8271029002203375,2.5740426705754067,0.0,nan
06,alpha,0.75,1035,ips,n2500,nan,0.7261884004339979,0.7153918288961995,0.8271029002203375,2.5740426705754067,0.0,0.8271029002203375
06,alpha,0.75,1035,snips,n2500,nan,0.7136504016066713,0.7153918288961995,0.8271029002203375,2.5740426705754067,0.0,0.8271029002203375
06,alpha,0.75,1035,clipped_ips,n2500,1.6071857792670345,0.7066718190234448,0.7153918288961995,0.8271029002203375,2.5740426705754067,0.0,0.844510319651705
06,alpha,0.75,1035,dr,n2500,nan,0.7063596696308709,0.7153918288961995,0.8271029002203375,2.5740426705754067,0.0,0.8271029002203375
06,alpha,0.75,1035,switch_dr,n2500,1.7733932583691487,0.6964973564612411,0.7153918288961995,0.8271029002203375,2.5740426705754067,0.0,0.7987532667409583
06,alpha,0.75,1035,dros,n2500,2.583046129078185,0.6838308030313801,0.7153918288961995,0.8271029002203375,2.5740426705754067,0.0,0.935924252832177
06,alpha,0.5,1035,dm,n2500,nan,0.6093117562315677,0.7153918288961995,0.8271029002203375,2.5740426705754067,0.0,nan
06,alpha,0.5,1035,ips,n2500,nan,0.7261884004339979,0.7153918288961995,0.8271029002203375,2.5740426705754067,0.0,0.8271029002203375
06,alpha,0.5,1035,snips,n2500,nan,0.7136504016066713,0.7153918288961995,0.8271029002203375,2.5740426705754067,0.0,0.8271029002203375
06,alpha,0.5,1035,clipped_ips,n2500,1.6071857792670345,0.7066718190234448,0.7153918288961995,0.8271029002203375,2.5740426705754067,0.0,0.844510319651705
06,alpha,0.5,1035,dr,n2500,nan,0.7100411091095448,0.7153918288961995,0.8271029002203375,2.5740426705754067,0.0,0.8271029002203375
06,alpha,0.5,1035,switch_dr,n2500,1.7733932583691487,0.6898373853866314,0.7153918288961995,0.8271029002203375,2.5740426705754067,0.0,0.7987532667409583
06,alpha,0.5,1035,dros,n2500,2.583046129078185,0.6583694231661259,0.7153918288961995,0.8271029002203375,2.5740426705754067,0.0,0.935924252832177
06,alpha,0.25,1035,dm,n2500,nan,0.5546558781157839,0.7153918288961995,0.8271029002203375,2.5740426705754067,0.0,nan
06,alpha,0.25,1035,ips,n2500,nan,0.7261884004339979,0.7153918288961995,0.8271029002203375,2.5740426705754067,0.0,0.8271029002203375
06,alpha,0.25,1035,snips,n2500,nan,0.7136504016066713,0.7153918288961995,0.8271029002203375,2.5740426705754067,0.0,0.8271029002203375
06,alpha,0.25,1035,clipped_ips,n2500,1.6071857792670345,0.7066718190234448,0.7153918288961995,0.8271029002203375,2.5740426705754067,0.0,0.844510319651705
06,alpha,0.25,1035,dr,n2500,nan,0.7137225485882187,0.7153918288961995,0.8271029002203375,2.5740426705754067,0.0,0.8271029002203375
06,alpha,0.25,1035,switch_dr,n2500,1.7733932583691487,0.6831774143120218,0.7153918288961995,0.8271029002203375,2.5740426705754067,0.0,0.7987532667409583
06,alpha,0.25,1035,dros,n2500,2.583046129078185,0.6329080433008718,0.7153918288961995,0.8271029002203375,2.5740426705754067,0.0,0.935924252832177
06,alpha,0.0,1035,dm,n2500,nan,0.5,0.7153918288961995,0.8271029002203375,2.5740426705754067,0.0,nan
06,alpha,0.0,1035,ips,n2500,nan,0.7261884004339979,0.7153918288961995,0.8271029002203375,2.5740426705754067,0.0,0.8271029002203375
06,alpha,0.0,1035,snips,n2500,nan,0.7136504016066713,0.7153918288961995,0.8271029002203375,2.5740426705754067,0.0,0.8271029002203375
06,alpha,0.0,1035,clipped_ips,n2500,1.6071857792670345,0.7066718190234448,0.7153918288961995,0.8271029002203375,2.5740426705754067,0.0,0.844510319651705
06,alpha,0.0,1035,dr,n2500,nan,0.7174039880668928,0.7153918288961995,0.8271029002203375,2.5740426705754067,0.0,0.8271029002203375
06,alpha,0.0,1035,switch_dr,n2500,1.7733932583691487,0.6765174432374121,0.7153918288961995,0.8271029002203375,2.5740426705754067,0.0,0.7987532667409583
06,alpha,0.0,1035,dros,n2500,2.583046129078185,0.6074466634356177,0.7153918288961995,0.8271029002203375,2.5740426705754067,0.0,0.935924252832177
06,alpha,1.0,1036,dm,n2500,nan,0.7155833508729651,0.7153918288961995,0.8261767519306741,2.5520072812827626,0.0,nan
06,alpha,1.0,1036,ips,n2500,nan,0.7198469156688689,0.7153918288961995,0.8261767519306741,2.5520072812827626,0.0,0.8261767519306741
06,alpha,1.0,1036,snips,n2500,nan,0.7222660795084189,0.7153918288961995,0.8261767519306741,2.5520072812827626,0.0,0.8261767519306741
06,alpha,1.0,1036,clipped_ips,n2500,1.5831172839216279,0.6979516751418636,0.7153918288961995,0.8261767519306741,2.5520072812827626,0.0,0.8446949645707388
06,alpha,1.0,1036,dr,n2500,nan,0.724823845386324,0.7153918288961995,0.8261767519306741,2.5520072812827626,0.0,0.8261767519306741
06,alpha,1.0,1036,switch_dr,n2500,1.760215902990108,0.7175149884528447,0.7153918288961995,0.8261767519306741,2.5520072812827626,0.0,0.7991393940242673
06,alpha,1.0,1036,dros,n2500,2.506260334651392,0.7203066211675139,0.7153918288961995,0.8261767519306741,2.5520072812827626,0.0,0.9382535116145935
06,alpha,0.9,1036,dm,n2500,nan,0.6940250157856686,0.7153918288961995,0.8261767519306741,2.5520072812827626,0.0,nan
06,alpha,0.9,1036,ips,n2500,nan,0.7198469156688689,0.7153918288961995,0.8261767519306741,2.5520072812827626,0.0,0.8261767519306741
06,alpha,0.9,1036,snips,n2500,nan,0.7222660795084189,0.7153918288961995,0.8261767519306741,2.5520072812827626,0.0,0.8261767519306741
06,alpha,0.9,1036,clipped_ips,n2500,1.5831172839216279,0.6979516751418636,0.7153918288961995,0.8261767519306741,2.5520072812827626,0.0,0.8446949645707388
06,alpha,0.9,1036,dr,n2500,nan,0.7244936228183663,0.7153918288961995,0.8261767519306741,2.5520072812827626,0.0,0.8261767519306741
06,alpha,0.9,1036,switch_dr,n2500,1.760215902990108,0.7131527110985643,0.7153918288961995,0.8261767519306741,2.5520072812827626,0.0,0.7991393940242673
06,alpha,0.9,1036,dros,n2500,2.506260334651392,0.7091616318032151,0.7153918288961995,0.8261767519306741,2.5520072812827626,0.0,0.9382535116145935
06,alpha,0.75,1036,dm,n2500,nan,0.6616875131547238,0.7153918288961995,0.8261767519306741,2.5520072812827626,0.0,nan
06,alpha,0.75,1036,ips,n2500,nan,0.7198469156688689,0.7153918288961995,0.8261767519306741,2.5520072812827626,0.0,0.8261767519306741
06,alpha,0.75,1036,snips,n2500,nan,0.7222660795084189,0.7153918288961995,0.8261767519306741,2.5520072812827626,0.0,0.8261767519306741
06,alpha,0.75,1036,clipped_ips,n2500,1.5831172839216279,0.6979516751418636,0.7153918288961995,0.8261767519306741,2.5520072812827626,0.0,0.8446949645707388
06,alpha,0.75,1036,dr,n2500,nan,0.7239982889664297,0.7153918288961995,0.8261767519306741,2.5520072812827626,0.0,0.8261767519306741
06,alpha,0.75,1036,switch_dr,n2500,1.760215902990108,0.7066092950671439,0.7153918288961995,0.8261767519306741,2.5520072812827626,0.0,0.7991393940242673
06,alpha,0.75,1036,dros,n2500,2.506260334651392,0.692444147756767,0.7153918288961995,0.8261767519306741,2.5520072812827626,0.0,0.9382535116145935
06,alpha,0.5,1036,dm,n2500,nan,0.6077916754364825,0.7153918288961995,0.8261767519306741,2.5520072812827626,0.0,nan
06,alpha,0.5,1036,ips,n2500,nan,0.7198469156688689,0.7153918288961995,0.8261767519306741,2.5520072812827626,0.0,0.8261767519306741
06,alpha,0.5,1036,snips,n2500,nan,0.7222660795084189,0.7153918288961995,0.8261767519306741,2.5520072812827626,0.0,0.8261767519306741
06,alpha,0.5,1036,clipped_ips,n2500,1.5831172839216279,0.6979516751418636,0.7153918288961995,0.8261767519306741,2.5520072812827626,0.0,0.8446949645707388
06,alpha,0.5,1036,dr,n2500,nan,0.7231727325465354,0.7153918288961995,0.8261767519306741,2.5520072812827626,0.0,0.8261767519306741
06,alpha,0.5,1036,switch_dr,n2500,1.760215902990108,0.6957036016814429,0.7153918288961995,0.8261767519306741,2.5520072812827626,0.0,0.7991393940242673
06,alpha,0.5,1036,dros,n2500,2.506260334651392,0.6645816743460199,0.7153918288961995,0.8261767519306741,2.5520072812827626,0.0,0.9382535116145935
06,alpha,0.25,1036,dm,n2500,nan,0.5538958377182412,0.7153918288961995,0.8261767519306741,2.5520072812827626,0.0,nan
06,alpha,0.25,1036,ips,n2500,nan,0.7198469156688689,0.7153918288961995,0.8261767519306741,2.5520072812827626,0.0,0.8261767519306741
06,alpha,0.25,1036,snips,n2500,nan,0.7222660795084189,0.7153918288961995,0.8261767519306741,2.5520072812827626,0.0,0.8261767519306741
06,alpha,0.25,1036,clipped_ips,n2500,1.5831172839216279,0.6979516751418636,0.7153918288961995,0.8261767519306741,2.5520072812827626,0.0,0.8446949645707388
06,alpha,0.25,1036,dr,n2500,nan,0.7223471761266411,0.7153918288961995,0.8261767519306741,2.5520072812827626,0.0,0.8261767519306741
06,alpha,0.25,1036,switch_dr,n2500,1.760215902990108,0.684797908295742,0.7153918288961995,0.8261767519306741,2.5520072812827626,0.0,0.7991393940242673
06,alpha,0.25,1036,dros,n2500,2.506260334651392,0.6367192009352729,0.7153918288961995,0.8261767519306741,2.5520072812827626,0.0,0.9382535116145935
06,alpha,0.0,1036,dm,n2500,nan,0.5,0.7153918288961995,0.8261767519306741,2.5520072812827626,0.0,nan
06,alpha,0.0,1036,ips,n2500,nan,0.7198469156688689,0.7153918288961995,0.8261767519306741,2.5520072812827626,0.0,0.8261767519306741
06,alpha,0.0,1036,snips,n2500,nan,0.7222660795084189,0.7153918288961995,0.8261767519306741,2.5520072812827626,0.0,0.8261767519306741
06,alpha,0.0,1036,clipped_ips,n2500,1.5831172839216279,0.6979516751418636,0.7153918288961995,0.8261767519306741,2.5520072812827626,0.0,0.8446949645707388
06,alpha,0.0,1036,dr,n2500,nan,0.7215216197067469,0.7153918288961995,0.8261767519306741,2.5520072812827626,0.0,0.8261767519306741
06,alpha,0.0,1036,switch_dr,n2500,1.760215902990108,0.6738922149100411,0.7153918288961995,0.8261767519306741,2.5520072812827626,0.0,0.7991393940242673
06,alpha,0.0,1036,dros,n2500,2.506260334651392,0.6088567275245259,0.7153918288961995,0.8261767519306741,2.5520072812827626,0.0,0.9382535116145935
06,alpha,1.0,1037,dm,n2500,nan,0.7154679283458781,0.7153918288961995,0.8267863470673897,2.7303680767642278,0.0,nan
06,alpha,1.0,1037,ips,n2500,nan,0.7259941717493743,0.7153918288961995,0.8267863470673897,2.7303680767642278,0.0,0.8267863470673897
06,alpha,1.0,1037,snips,n2500,nan,0.720625425371985,0.7153918288961995,0.8267863470673897,2.7303680767642278,0.0,0.8267863470673897
06,alpha,1.0,1037,clipped_ips,n2500,1.5979025067566321,0.7058754258336007,0.7153918288961995,0.8267863470673897,2.7303680767642278,0.0,0.8463076648492756
06,alpha,1.0,1037,dr,n2500,nan,0.7213037471718556,0.7153918288961995,0.8267863470673897,2.7303680767642278,0.0,0.8267863470673897
06,alpha,1.0,1037,switch_dr,n2500,1.774764957436184,0.7202073379152764,0.7153918288961995,0.8267863470673897,2.7303680767642278,0.0,0.8008909225345213
06,alpha,1.0,1037,dros,n2500,2.553292421099129,0.7184853870055696,0.7153918288961995,0.8267863470673897,2.7303680767642278,0.0,0.9380945574466425
06,alpha,0.9,1037,dm,n2500,nan,0.6939211355112904,0.7153918288961995,0.8267863470673897,2.7303680767642278,0.0,nan
06,alpha,0.9,1037,ips,n2500,nan,0.7259941717493743,0.7153918288961995,0.8267863470673897,2.7303680767642278,0.0,0.8267863470673897
06,alpha,0.9,1037,snips,n2500,nan,0.720625425371985,0.7153918288961995,0.8267863470673897,2.7303680767642278,0.0,0.8267863470673897
06,alpha,0.9,1037,clipped_ips,n2500,1.5979025067566321,0.7058754258336007,0.7153918288961995,0.8267863470673897,2.7303680767642278,0.0,0.8463076648492756
06,alpha,0.9,1037,dr,n2500,nan,0.721400283596073,0.7153918288961995,0.8267863470673897,2.7303680767642278,0.0,0.8267863470673897
06,alpha,0.9,1037,switch_dr,n2500,1.774764957436184,0.7163346149748635,0.7153918288961995,0.8267863470673897,2.7303680767642278,0.0,0.8008909225345213
06,alpha,0.9,1037,dros,n2500,2.553292421099129,0.7077082162360113,0.7153918288961995,0.8267863470673897,2.7303680767642278,0.0,0.9380945574466425
06,alpha,0.75,1037,dm,n2500,nan,0.6616009462594086,0.7153918288961995,0.8267863470673897,2.7303680767642278,0.0,nan
06,alpha,0.75,1037,ips,n2500,nan,0.7259941717493743,0.7153918288961995,0.8267863470673897,2.7303680767642278,0.0,0.8267863470673897
06,alpha,0.75,1037,snips,n2500,nan,0.720625425371985,0.7153918288961995,0.8267863470673897,2.7303680767642278,0.0,0.8267863470673897
06,alpha,0.75,1037,clipped_ips,n2500,1.5979025067566321,0.7058754258336007,0.7153918288961995,0.8267863470673897,2.7303680767642278,0.0,0.8463076648492756
06,alpha,0.75,1037,dr,n2500,nan,0.7215450882323988,0.7153918288961995,0.8267863470673897,2.7303680767642278,0.0,0.8267863470673897
06,alpha,0.75,1037,switch_dr,n2500,1.774764957436184,0.7105255305642441,0.7153918288961995,0.8267863470673897,2.7303680767642278,0.0,0.8008909225345213
06,alpha,0.75,1037,dros,n2500,2.553292421099129,0.6915424600816734,0.7153918288961995,0.8267863470673897,2.7303680767642278,0.0,0.9380945574466425
06,alpha,0.5,1037,dm,n2500,nan,0.6077339641729391,0.7153918288961995,0.8267863470673897,2.7303680767642278,0.0,nan
06,alpha,0.5,1037,ips,n2500,nan,0.7259941717493743,0.7153918288961995,0.8267863470673897,2.7303680767642278,0.0,0.8267863470673897
06,alpha,0.5,1037,snips,n2500,nan,0.720625425371985,0.7153918288961995,0.8267863470673897,2.7303680767642278,0.0,0.8267863470673897
06,alpha,0.5,1037,clipped_ips,n2500,1.5979025067566321,0.7058754258336007,0.7153918288961995,0.8267863470673897,2.7303680767642278,0.0,0.8463076648492756
06,alpha,0.5,1037,dr,n2500,nan,0.7217864292929422,0.7153918288961995,0.8267863470673897,2.7303680767642278,0.0,0.8267863470673897
06,alpha,0.5,1037,switch_dr,n2500,1.774764957436184,0.7008437232132118,0.7153918288961995,0.8267863470673897,2.7303680767642278,0.0,0.8008909225345213
06,alpha,0.5,1037,dros,n2500,2.553292421099129,0.6645995331577772,0.7153918288961995,0.8267863470673897,2.7303680767642278,0.0,0.9380945574466425
06,alpha,0.25,1037,dm,n2500,nan,0.5538669820864696,0.7153918288961995,0.8267863470673897,2.7303680767642278,0.0,nan
06,alpha,0.25,1037,ips,n2500,nan,0.7259941717493743,0.7153918288961995,0.8267863470673897,2.7303680767642278,0.0,0.8267863470673897
06,alpha,0.25,1037,snips,n2500,nan,0.720625425371985,0.7153918288961995,0.8267863470673897,2.7303680767642278,0.0,0.8267863470673897
06,alpha,0.25,1037,clipped_ips,n2500,1.5979025067566321,0.7058754258336007,0.7153918288961995,0.8267863470673897,2.7303680767642278,0.0,0.8463076648492756
06,alpha,0.25,1037,dr,n2500,nan,0.7220277703534854,0.7153918288961995,0.8267863470673897,2.7303680767642278,0.0,0.8267863470673897
06,alpha,0.25,1037,switch_dr,n2500,1.774764957436184,0.6911619158621793,0.7153918288961995,0.8267863470673897,2.7303680767642278,0.0,0.8008909225345213
06,alpha,0.25,1037,dros,n2500,2.553292421099129,0.637656606233881,0.7153918288961995,0.8267863470673897,2.7303680767642278,0.0,0.9380945574466425
06,alpha,0.0,1037,dm,n2500,nan,0.5,0.7153918288961995,0.8267863470673897,2.7303680767642278,0.0,nan
06,alpha,0.0,1037,ips,n2500,nan,0.7259941717493743,0.7153918288961995,0.8267863470673897,2.7303680767642278,0.0,0.8267863470673897
06,alpha,0.0,1037,snips,n2500,nan,0.720625425371985,0.7153918288961995,0.8267863470673897,2.7303680767642278,0.0,0.8267863470673897
06,alpha,0.0,1037,clipped_ips,n2500,1.5979025067566321,0.7058754258336007,0.7153918288961995,0.8267863470673897,2.7303680767642278,0.0,0.8463076648492756
06,alpha,0.0,1037,dr,n2500,nan,0.7222691114140287,0.7153918288961995,0.8267863470673897,2.7303680767642278,0.0,0.8267863470673897
06,alpha,0.0,1037,switch_dr,n2500,1.774764957436184,0.681480108511147,0.7153918288961995,0.8267863470673897,2.7303680767642278,0.0,0.8008909225345213
06,alpha,0.0,1037,dros,n2500,2.553292421099129,0.6107136793099847,0.7153918288961995,0.8267863470673897,2.7303680767642278,0.0,0.9380945574466425
06,alpha,1.0,1038,dm,n2500,nan,0.713837950619772,0.7153918288961995,0.8224064384276213,2.508511735405249,0.0,nan
06,alpha,1.0,1038,ips,n2500,nan,0.705811769115845,0.7153918288961995,0.8224064384276213,2.508511735405249,0.0,0.8224064384276213
06,alpha,1.0,1038,snips,n2500,nan,0.7081716854922419,0.7153918288961995,0.8224064384276213,2.508511735405249,0.0,0.8224064384276213
06,alpha,1.0,1038,clipped_ips,n2500,1.6150846824536889,0.6872425509474965,0.7153918288961995,0.8224064384276213,2.508511735405249,0.0,0.8397149165185381
06,alpha,1.0,1038,dr,n2500,nan,0.709049954275927,0.7153918288961995,0.8224064384276213,2.508511735405249,0.0,0.8224064384276213
06,alpha,1.0,1038,switch_dr,n2500,1.7515624858316725,0.709148811824675,0.7153918288961995,0.8224064384276213,2.508511735405249,0.0,0.7955336961237481
06,alpha,1.0,1038,dros,n2500,2.608498531496533,0.7128815172739666,0.7153918288961995,0.8224064384276213,2.508511735405249,0.0,0.9349462517322615
06,alpha,0.9,1038,dm,n2500,nan,0.6924541555577948,0.7153918288961995,0.8224064384276213,2.508511735405249,0.0,nan
06,alpha,0.9,1038,ips,n2500,nan,0.705811769115845,0.7153918288961995,0.8224064384276213,2.508511735405249,0.0,0.8224064384276213
06,alpha,0.9,1038,snips,n2500,nan,0.7081716854922419,0.7153918288961995,0.8224064384276213,2.508511735405249,0.0,0.8224064384276213
06,alpha,0.9,1038,clipped_ips,n2500,1.6150846824536889,0.6872425509474965,0.7153918288961995,0.8224064384276213,2.508511735405249,0.0,0.8397149165185381
06,alpha,0.9,1038,dr,n2500,nan,0.7088927561165881,0.7153918288961995,0.8224064384276213,2.508511735405249,0.0,0.8224064384276213
06,alpha,0.9,1038,switch_dr,n2500,1.7515624858316725,0.7048695773815085,0.7153918288961995,0.8224064384276213,2.508511735405249,0.0,0.7955336961237481
06,alpha,0.9,1038,dros,n2500,2.608498531496533,0.7020122886358506,0.7153918288961995,0.8224064384276213,2.508511735405249,0.0,0.9349462517322615
06,alpha,0.75,1038,dm,n2500,nan,0.6603784629648289,0.7153918288961995,0.8224064384276213,2.508511735405249,0.0,nan
06,alpha,0.75,1038,ips,n2500,nan,0.705811769115845,0.7153918288961995,0.8224064384276213,2.508511735405249,0.0,0.8224064384276213
06,alpha,0.75,1038,snips,n2500,nan,0.7081716854922419,0.7153918288961995,0.8224064384276213,2.508511735405249,0.0,0.8224064384276213
06,alpha,0.75,1038,clipped_ips,n2500,1.6150846824536889,0.6872425509474965,0.7153918288961995,0.8224064384276213,2.508511735405249,0.0,0.8397149165185381
06,alpha,0.75,1038,dr,n2500,nan,0.7086569588775797,0.7153918288961995,0.8224064384276213,2.508511735405249,0.0,0.8224064384276213
06,alpha,0.75,1038,switch_dr,n2500,1.7515624858316725,0.6984507257167586,0.7153918288961995,0.8224064384276213,2.508511735405249,0.0,0.7955336961237481
06,alpha,0.75,1038,dros,n2500,2.608498531496533,0.6857084456786764,0.7153918288961995,0.8224064384276213,2.508511735405249,0.0,0.9349462517322615
06,alpha,0.5,1038,dm,n2500,nan,0.606918975309886,0.7153918288961995,0.8224064384276213,2.508511735405249,0.0,nan
06,alpha,0.5,1038,ips,n2500,nan,0.705811769115845,0.7153918288961995,0.8224064384276213,2.508511735405249,0.0,0.8224064384276213
06,alpha,0.5,1038,snips,n2500,nan,0.7081716854922419,0.7153918288961995,0.8224064384276213,2.508511735405249,0.0,0.8224064384276213
06,alpha,0.5,1038,clipped_ips,n2500,1.6150846824536889,0.6872425509474965,0.7153918288961995,0.8224064384276213,2.508511735405249,0.0,0.8397149165185381
06,alpha,0.5,1038,dr,n2500,nan,0.7082639634792327,0.7153918288961995,0.8224064384276213,2.508511735405249,0.0,0.8224064384276213
06,alpha,0.5,1038,switch_dr,n2500,1.7515624858316725,0.6877526396088423,0.7153918288961995,0.8224064384276213,2.508511735405249,0.0,0.7955336961237481
06,alpha,0.5,1038,dros,n2500,2.608498531496533,0.6585353740833864,0.7153918288961995,0.8224064384276213,2.508511735405249,0.0,0.9349462517322615
06,alpha,0.25,1038,dm,n2500,nan,0.553459487654943,0.7153918288961995,0.8224064384276213,2.508511735405249,0.0,nan
06,alpha,0.25,1038,ips,n2500,nan,0.705811769115845,0.7153918288961995,0.8224064384276213,2.508511735405249,0.0,0.8224064384276213
06,alpha,0.25,1038,snips,n2500,nan,0.7081716854922419,0.7153918288961995,0.8224064384276213,2.508511735405249,0.0,0.8224064384276213
06,alpha,0.25,1038,clipped_ips,n2500,1.6150846824536889,0.6872425509474965,0.7153918288961995,0.8224064384276213,2.508511735405249,0.0,0.8397149165185381
06,alpha,0.25,1038,dr,n2500,nan,0.7078709680808855,0.7153918288961995,0.8224064384276213,2.508511735405249,0.0,0.8224064384276213
06,alpha,0.25,1038,switch_dr,n2500,1.7515624858316725,0.6770545535009258,0.7153918288961995,0.8224064384276213,2.508511735405249,0.0,0.7955336961237481
06,alpha,0.25,1038,dros,n2500,2.608498531496533,0.6313623024880961,0.7153918288961995,0.8224064384276213,2.508511735405249,0.0,0.9349462517322615
06,alpha,0.0,1038,dm,n2500,nan,0.5,0.7153918288961995,0.8224064384276213,2.508511735405249,0.0,nan
06,alpha,0.0,1038,ips,n2500,nan,0.705811769115845,0.7153918288961995,0.8224064384276213,2.508511735405249,0.0,0.8224064384276213
06,alpha,0.0,1038,snips,n2500,nan,0.7081716854922419,0.7153918288961995,0.8224064384276213,2.508511735405249,0.0,0.8224064384276213
06,alpha,0.0,1038,clipped_ips,n2500,1.6150846824536889,0.6872425509474965,0.7153918288961995,0.8224064384276213,2.508511735405249,0.0,0.8397149165185381
06,alpha,0.0,1038,dr,n2500,nan,0.7074779726825383,0.7153918288961995,0.8224064384276213,2.508511735405249,0.0,0.8224064384276213
06,alpha,0.0,1038,switch_dr,n2500,1.7515624858316725,0.6663564673930094,0.7153918288961995,0.8224064384276213,2.508511735405249,0.0,0.7955336961237481
06,alpha,0.0,1038,dros,n2500,2.608498531496533,0.6041892308928059,0.7153918288961995,0.8224064384276213,2.508511735405249,0.0,0.9349462517322615
06,alpha,1.0,1039,dm,n2500,nan,0.7183192361552059,0.7153918288961995,0.8238787941354587,2.556918875265696,0.0,nan
06,alpha,1.0,1039,ips,n2500,nan,0.6908252854039443,0.7153918288961995,0.8238787941354587,2.556918875265696,0.0,0.8238787941354587
06,alpha,1.0,1039,snips,n2500,nan,0.7023007163716047,0.7153918288961995,0.8238787941354587,2.556918875265696,0.0,0.8238787941354587
06,alpha,1.0,1039,clipped_ips,n2500,1.5816265151570996,0.6743428487882418,0.7153918288961995,0.8238787941354587,2.556918875265696,0.0,0.8411127249434418
06,alpha,1.0,1039,dr,n2500,nan,0.7113911120847053,0.7153918288961995,0.8238787941354587,2.556918875265696,0.0,0.8238787941354587
06,alpha,1.0,1039,switch_dr,n2500,1.7252707340699909,0.715118062659936,0.7153918288961995,0.8238787941354587,2.556918875265696,0.0,0.796351844713479
06,alpha,1.0,1039,dros,n2500,2.501542433447991,0.7144828969818798,0.7153918288961995,0.8238787941354587,2.556918875265696,0.0,0.9362135064418601
06,alpha,0.9,1039,dm,n2500,nan,0.6964873125396854,0.7153918288961995,0.8238787941354587,2.556918875265696,0.0,nan
06,alpha,0.9,1039,ips,n2500,nan,0.6908252854039443,0.7153918288961995,0.8238787941354587,2.556918875265696,0.0,0.8238787941354587
06,alpha,0.9,1039,snips,n2500,nan,0.7023007163716047,0.7153918288961995,0.8238787941354587,2.556918875265696,0.0,0.8238787941354587
06,alpha,0.9,1039,clipped_ips,n2500,1.5816265151570996,0.6743428487882418,0.7153918288961995,0.8238787941354587,2.556918875265696,0.0,0.8411127249434418
06,alpha,0.9,1039,dr,n2500,nan,0.7101515178305774,0.7153918288961995,0.8238787941354587,2.556918875265696,0.0,0.8238787941354587
06,alpha,0.9,1039,switch_dr,n2500,1.7252707340699909,0.7100671430307902,0.7153918288961995,0.8238787941354587,2.556918875265696,0.0,0.796351844713479
06,alpha,0.9,1039,dros,n2500,2.501542433447991,0.7028215459491647,0.7153918288961995,0.8238787941354587,2.556918875265696,0.0,0.9362135064418601
06,alpha,0.75,1039,dm,n2500,nan,0.6637394271164044,0.7153918288961995,0.8238787941354587,2.556918875265696,0.0,nan
06,alpha,0.75,1039,ips,n2500,nan,0.6908252854039443,0.7153918288961995,0.8238787941354587,2.556918875265696,0.0,0.8238787941354587
06,alpha,0.75,1039,snips,n2500,nan,0.7023007163716047,0.7153918288961995,0.8238787941354587,2.556918875265696,0.0,0.8238787941354587
06,alpha,0.75,1039,clipped_ips,n2500,1.5816265151570996,0.6743428487882418,0.7153918288961995,0.8238787941354587,2.556918875265696,0.0,0.8411127249434418
06,alpha,0.75,1039,dr,n2500,nan,0.7082921264493852,0.7153918288961995,0.8238787941354587,2.556918875265696,0.0,0.8238787941354587
06,alpha,0.75,1039,switch_dr,n2500,1.7252707340699909,0.7024907635870713,0.7153918288961995,0.8238787941354587,2.556918875265696,0.0,0.796351844713479
06,alpha,0.75,1039,dros,n2500,2.501542433447991,0.6853295194000917,0.7153918288961995,0.8238787941354587,2.556918875265696,0.0,0.9362135064418601
06,alpha,0.5,1039,dm,n2500,nan,0.609159618077603,0.7153918288961995,0.8238787941354587,2.556918875265696,0.0,nan
06,alpha,0.5,1039,ips,n2500,nan,0.6908252854039443,0.7153918288961995,0.8238787941354587,2.556918875265696,0.0,0.8238787941354587
06,alpha,0.5,1039,snips,n2500,nan,0.7023007163716047,0.7153918288961995,0.8238787941354587,2.556918875265696,0.0,0.8238787941354587
06,alpha,0.5,1039,clipped_ips,n2500,1.5816265151570996,0.6743428487882418,0.7153918288961995,0.8238787941354587,2.556918875265696,0.0,0.8411127249434418
06,alpha,0.5,1039,dr,n2500,nan,0.7051931408140651,0.7153918288961995,0.8238787941354587,2.556918875265696,0.0,0.8238787941354587
06,alpha,0.5,1039,switch_dr,n2500,1.7252707340699909,0.6898634645142065,0.7153918288961995,0.8238787941354587,2.556918875265696,0.0,0.796351844713479
06,alpha,0.5,1039,dros,n2500,2.501542433447991,0.6561761418183036,0.7153918288961995,0.8238787941354587,2.556918875265696,0.0,0.9362135064418601
06,alpha,0.25,1039,dm,n2500,nan,0.5545798090388014,0.7153918288961995,0.8238787941354587,2.556918875265696,0.0,nan
06,alpha,0.25,1039,ips,n2500,nan,0.6908252854039443,0.7153918288961995,0.8238787941354587,2.556918875265696,0.0,0.8238787941354587
06,alpha,0.25,1039,snips,n2500,nan,0.7023007163716047,0.7153918288961995,0.8238787941354587,2.556918875265696,0.0,0.8238787941354587
06,alpha,0.25,1039,clipped_ips,n2500,1.5816265151570996,0.6743428487882418,0.7153918288961995,0.8238787941354587,2.556918875265696,0.0,0.8411127249434418
06,alpha,0.25,1039,dr,n2500,nan,0.702094155178745,0.7153918288961995,0.8238787941354587,2.556918875265696,0.0,0.8238787941354587
06,alpha,0.25,1039,switch_dr,n2500,1.7252707340699909,0.6772361654413417,0.7153918288961995,0.8238787941354587,2.556918875265696,0.0,0.796351844713479
06,alpha,0.25,1039,dros,n2500,2.501542433447991,0.6270227642365154,0.7153918288961995,0.8238787941354587,2.556918875265696,0.0,0.9362135064418601
06,alpha,0.0,1039,dm,n2500,nan,0.5,0.7153918288961995,0.8238787941354587,2.556918875265696,0.0,nan
06,alpha,0.0,1039,ips,n2500,nan,0.6908252854039443,0.7153918288961995,0.8238787941354587,2.556918875265696,0.0,0.8238787941354587
06,alpha,0.0,1039,snips,n2500,nan,0.7023007163716047,0.7153918288961995,0.8238787941354587,2.556918875265696,0.0,0.8238787941354587
06,alpha,0.0,1039,clipped_ips,n2500,1.5816265151570996,0.6743428487882418,0.7153918288961995,0.8238787941354587,2.556918875265696,0.0,0.8411127249434418
06,alpha,0.0,1039,dr,n2500,nan,0.6989951695434249,0.7153918288961995,0.8238787941354587,2.556918875265696,0.0,0.8238787941354587
06,alpha,0.0,1039,switch_dr,n2500,1.7252707340699909,0.6646088663684769,0.7153918288961995,0.8238787941354587,2.556918875265696,0.0,0.796351844713479
06,alpha,0.0,1039,dros,n2500,2.501542433447991,0.5978693866547272,0.7153918288961995,0.8238787941354587,2.556918875265696,0.0,0.9362135064418601
06,alpha,1.0,1000,dm,n10000,nan,0.7146432308460855,0.7153918288961995,0.8201240283859388,2.754669514724757,0.0,nan
06,alpha,1.0,1000,ips,n10000,nan,0.7205525468101174,0.7153918288961995,0.8201240283859388,2.754669514724757,0.0,0.8201240283859388
06,alpha,1.0,1000,snips,n10000,nan,0.7224472703288193,0.7153918288961995,0.8201240283859388,2.754669514724757,0.0,0.8201240283859388
06,alpha,1.0,1000,clipped_ips,n10000,1.6055857719759001,0.6997913847874564,0.7153918288961995,0.8201240283859388,2.754669514724757,0.0,0.8402853412826027
06,alpha,1.0,1000,dr,n10000,nan,0.7236443516391968,0.7153918288961995,0.8201240283859388,2.754669514724757,0.0,0.8201240283859388
06,alpha,1.0,1000,switch_dr,n10000,1.7684260556785982,0.7236869649687454,0.7153918288961995,0.8201240283859388,2.754669514724757,0.0,0.7954152321984387
06,alpha,1.0,1000,dros,n10000,2.577905671171447,0.7206435382413587,0.7153918288961995,0.8201240283859388,2.754669514724757,0.0,0.9353045673101653
06,alpha,0.9,1000,dm,n10000,nan,0.6931789077614771,0.7153918288961995,0.8201240283859388,2.754669514724757,0.0,nan
06,alpha,0.9,1000,ips,n10000,nan,0.7205525468101174,0.7153918288961995,0.8201240283859388,2.754669514724757,0.0,0.8201240283859388
06,alpha,0.9,1000,snips,n10000,nan,0.7224472703288193,0.7153918288961995,0.8201240283859388,2.754669514724757,0.0,0.8201240283859388
06,alpha,0.9,1000,clipped_ips,n10000,1.6055857719759001,0.6997913847874564,0.7153918288961995,0.8201240283859388,2.754669514724757,0.0,0.8402853412826027
06,alpha,0.9,1000,dr,n10000,nan,0.7234663034614771,0.7153918288961995,0.8201240283859388,2.754669514724757,0.0,0.8201240283859388
06,alpha,0.9,1000,switch_dr,n10000,1.7684260556785982,0.7194182940763618,0.7153918288961995,0.8201240283859388,2.754669514724757,0.0,0.7954152321984387
06,alpha,0.9,1000,dros,n10000,2.577905671171447,0.7096420018305581,0.7153918288961995,0.8201240283859388,2.754669514724757,0.0,0.9353045673101653
06,alpha,0.75,1000,dm,n10000,nan,0.6609824231345641,0.7153918288961995,0.8201240283859388,2.754669514724757,0.0,nan
06,alpha,0.75,1000,ips,n10000,nan,0.7205525468101174,0.7153918288961995,0.8201240283859388,2.754669514724757,0.0,0.8201240283859388
06,alpha,0.75,1000,snips,n10000,nan,0.7224472703288193,0.7153918288961995,0.8201240283859388,2.754669514724757,0.0,0.8201240283859388
06,alpha,0.75,1000,clipped_ips,n10000,1.6055857719759001,0.6997913847874564,0.7153918288961995,0.8201240283859388,2.754669514724757,0.0,0.8402853412826027
06,alpha,0.75,1000,dr,n10000,nan,0.7231992311948973,0.7153918288961995,0.8201240283859388,2.754669514724757,0.0,0.8201240283859388
06,alpha,0.75,1000,switch_dr,n10000,1.7684260556785982,0.7130152877377861,0.7153918288961995,0.8201240283859388,2.754669514724757,0.0,0.7954152321984387
06,alpha,0.75,1000,dros,n10000,2.577905671171447,0.6931396972143571,0.7153918288961995,0.8201240283859388,2.754669514724757,0.0,0.9353045673101653
06,alpha,0.5,1000,dm,n10000,nan,0.6073216154230429,0.7153918288961995,0.8201240283859388,2.754669514724757,0.0,nan
06,alpha,0.5,1000,ips,n10000,nan,0.7205525468101174,0.7153918288961995,0.8201240283859388,2.754669514724757,0.0,0.8201240283859388
06,alpha,0.5,1000,snips,n10000,nan,0.7224472703288193,0.7153918288961995,0.8201240283859388,2.754669514724757,0.0,0.8201240283859388
06,alpha,0.5,1000,clipped_ips,n10000,1.6055857719759001,0.6997913847874564,0.7153918288961995,0.8201240283859388,2.754669514724757,0.0,0.8402853412826027
06,alpha,0.5,1000,dr,n10000,nan,0.7227541107505978,0.7153918288961995,0.8201240283859388,2.754669514724757,0.0,0.8201240283859388
06,alpha,0.5,1000,switch_dr,n10000,1.7684260556785982,0.702343610506827,0.7153918288961995,0.8201240283859388,2.754669514724757,0.0,0.7954152321984387
06,alpha,0.5,1000,dros,n10000,2.577905671171447,0.6656358561873555,0.7153918288961995,0.8201240283859388,2.754669514724757,0.0,0.9353045673101653
06,alpha,0.25,1000,dm,n10000,nan,0.5536608077115214,0.7153918288961995,0.8201240283859388,2.754669514724757,0.0,nan
06,alpha,0.25,1000,ips,n10000,nan,0.7205525468101174,0.7153918288961995,0.8201240283859388,2.754669514724757,0.0,0.8201240283859388
06,alpha,0.25,1000,snips,n10000,nan,0.7224472703288193,0.7153918288961995,0.8201240283859388,2.754669514724757,0.0,0.8201240283859388
06,alpha,0.25,1000,clipped_ips,n10000,1.6055857719759001,0.6997913847874564,0.7153918288961995,0.8201240283859388,2.754669514724757,0.0,0.8402853412826027
06,alpha,0.25,1000,dr,n10000,nan,0.7223089903062982,0.7153918288961995,0.8201240283859388,2.754669514724757,0.0,0.8201240283859388
06,alpha,0.25,1000,switch_dr,n10000,1.7684260556785982,0.6916719332758676,0.7153918288961995,0.8201240283859388,2.754669514724757,0.0,0.7954152321984387
06,alpha,0.25,1000,dros,n10000,2.577905671171447,0.6381320151603538,0.7153918288961995,0.8201240283859388,2.754669514724757,0.0,0.9353045673101653
06,alpha,0.0,1000,dm,n10000,nan,0.5,0.7153918288961995,0.8201240283859388,2.754669514724757,0.0,nan
06,alpha,0.0,1000,ips,n10000,nan,0.7205525468101174,0.7153918288961995,0.8201240283859388,2.754669514724757,0.0,0.8201240283859388
06,alpha,0.0,1000,snips,n10000,nan,0.7224472703288193,0.7153918288961995,0.8201240283859388,2.754669514724757,0.0,0.8201240283859388
06,alpha,0.0,1000,clipped_ips,n10000,1.6055857719759001,0.6997913847874564,0.7153918288961995,0.8201240283859388,2.754669514724757,0.0,0.8402853412826027
06,alpha,0.0,1000,dr,n10000,nan,0.7218638698619987,0.7153918288961995,0.8201240283859388,2.754669514724757,0.0,0.8201240283859388
06,alpha,0.0,1000,switch_dr,n10000,1.7684260556785982,0.6810002560449083,0.7153918288961995,0.8201240283859388,2.754669514724757,0.0,0.7954152321984387
06,alpha,0.0,1000,dros,n10000,2.577905671171447,0.6106281741333522,0.7153918288961995,0.8201240283859388,2.754669514724757,0.0,0.9353045673101653
06,alpha,1.0,1001,dm,n10000,nan,0.7130888833019955,0.7153918288961995,0.8224395517557487,2.6469413369012913,0.0,nan
06,alpha,1.0,1001,ips,n10000,nan,0.7197675049804101,0.7153918288961995,0.8224395517557487,2.6469413369012913,0.0,0.8224395517557487
06,alpha,1.0,1001,snips,n10000,nan,0.7141665176280945,0.7153918288961995,0.8224395517557487,2.6469413369012913,0.0,0.8224395517557487
06,alpha,1.0,1001,clipped_ips,n10000,1.6080087476602787,0.6994486835701762,0.7153918288961995,0.8224395517557487,2.6469413369012913,0.0,0.8412703516389894
06,alpha,1.0,1001,dr,n10000,nan,0.7100238014619964,0.7153918288961995,0.8224395517557487,2.6469413369012913,0.0,0.8224395517557487
06,alpha,1.0,1001,switch_dr,n10000,1.7865268235606344,0.7120491454662419,0.7153918288961995,0.8224395517557487,2.6469413369012913,0.0,0.7957125892156435
06,alpha,1.0,1001,dros,n10000,2.5856921325519777,0.7114972164816993,0.7153918288961995,0.8224395517557487,2.6469413369012913,0.0,0.9353303888054736
06,alpha,0.9,1001,dm,n10000,nan,0.6917799949717959,0.7153918288961995,0.8224395517557487,2.6469413369012913,0.0,nan
06,alpha,0.9,1001,ips,n10000,nan,0.7197675049804101,0.7153918288961995,0.8224395517557487,2.6469413369012913,0.0,0.8224395517557487
06,alpha,0.9,1001,snips,n10000,nan,0.7141665176280945,0.7153918288961995,0.8224395517557487,2.6469413369012913,0.0,0.8224395517557487
06,alpha,0.9,1001,clipped_ips,n10000,1.6080087476602787,0.6994486835701762,0.7153918288961995,0.8224395517557487,2.6469413369012913,0.0,0.8412703516389894
06,alpha,0.9,1001,dr,n10000,nan,0.7106060372615965,0.7153918288961995,0.8224395517557487,2.6469413369012913,0.0,0.8224395517557487
06,alpha,0.9,1001,switch_dr,n10000,1.7865268235606344,0.7085871877049846,0.7153918288961995,0.8224395517557487,2.6469413369012913,0.0,0.7957125892156435
06,alpha,0.9,1001,dros,n10000,2.5856921325519777,0.7009783176497497,0.7153918288961995,0.8224395517557487,2.6469413369012913,0.0,0.9353303888054736
06,alpha,0.75,1001,dm,n10000,nan,0.6598166624764966,0.7153918288961995,0.8224395517557487,2.6469413369012913,0.0,nan
06,alpha,0.75,1001,ips,n10000,nan,0.7197675049804101,0.7153918288961995,0.8224395517557487,2.6469413369012913,0.0,0.8224395517557487
06,alpha,0.75,1001,snips,n10000,nan,0.7141665176280945,0.7153918288961995,0.8224395517557487,2.6469413369012913,0.0,0.8224395517557487
06,alpha,0.75,1001,clipped_ips,n10000,1.6080087476602787,0.6994486835701762,0.7153918288961995,0.8224395517557487,2.6469413369012913,0.0,0.8412703516389894
06,alpha,0.75,1001,dr,n10000,nan,0.7114793909609968,0.7153918288961995,0.8224395517557487,2.6469413369012913,0.0,0.8224395517557487
06,alpha,0.75,1001,switch_dr,n10000,1.7865268235606344,0.7033942510630988,0.7153918288961995,0.8224395517557487,2.6469413369012913,0.0,0.7957125892156435
06,alpha,0.75,1001,dros,n10000,2.5856921325519777,0.6851999694018256,0.7153918288961995,0.8224395517557487,2.6469413369012913,0.0,0.9353303888054736
06,alpha,0.5,1001,dm,n10000,nan,0.6065444416509977,0.7153918288961995,0.8224395517557487,2.6469413369012913,0.0,nan
06,alpha,0.5,1001,ips,n10000,nan,0.7197675049804101,0.7153918288961995,0.8224395517557487,2.6469413369012913,0.0,0.8224395517557487
06,alpha,0.5,1001,snips,n10000,nan,0.7141665176280945,0.7153918288961995,0.8224395517557487,2.6469413369012913,0.0,0.8224395517557487
06,alpha,0.5,1001,clipped_ips,n10000,1.6080087476602787,0.6994486835701762,0.7153918288961995,0.8224395517557487,2.6469413369012913,0.0,0.8412703516389894
06,alpha,0.5,1001,dr,n10000,nan,0.7129349804599971,0.7153918288961995,0.8224395517557487,2.6469413369012913,0.0,0.8224395517557487
06,alpha,0.5,1001,switch_dr,n10000,1.7865268235606344,0.6947393566599559,0.7153918288961995,0.8224395517557487,2.6469413369012913,0.0,0.7957125892156435
06,alpha,0.5,1001,dros,n10000,2.5856921325519777,0.6589027223219519,0.7153918288961995,0.8224395517557487,2.6469413369012913,0.0,0.9353303888054736
06,alpha,0.25,1001,dm,n10000,nan,0.5532722208254989,0.7153918288961995,0.8224395517557487,2.6469413369012913,0.0,nan
06,alpha,0.25,1001,ips,n10000,nan,0.7197675049804101,0.7153918288961995,0.8224395517557487,2.6469413369012913,0.0,0.8224395517557487
06,alpha,0.25,1001,snips,n10000,nan,0.7141665176280945,0.7153918288961995,0.8224395517557487,2.6469413369012913,0.0,0.8224395517557487
06,alpha,0.25,1001,clipped_ips,n10000,1.6080087476602787,0.6994486835701762,0.7153918288961995,0.8224395517557487,2.6469413369012913,0.0,0.8412703516389894
06,alpha,0.25,1001,dr,n10000,nan,0.7143905699589974,0.7153918288961995,0.8224395517557487,2.6469413369012913,0.0,0.8224395517557487
06,alpha,0.25,1001,switch_dr,n10000,1.7865268235606344,0.686084462256813,0.7153918288961995,0.8224395517557487,2.6469413369012913,0.0,0.7957125892156435
06,alpha,0.25,1001,dros,n10000,2.5856921325519777,0.6326054752420782,0.7153918288961995,0.8224395517557487,2.6469413369012913,0.0,0.9353303888054736
06,alpha,0.0,1001,dm,n10000,nan,0.5,0.7153918288961995,0.8224395517557487,2.6469413369012913,0.0,nan
06,alpha,0.0,1001,ips,n10000,nan,0.7197675049804101,0.7153918288961995,0.8224395517557487,2.6469413369012913,0.0,0.8224395517557487
06,alpha,0.0,1001,snips,n10000,nan,0.7141665176280945,0.7153918288961995,0.8224395517557487,2.6469413369012913,0.0,0.8224395517557487
06,alpha,0.0,1001,clipped_ips,n10000,1.6080087476602787,0.6994486835701762,0.7153918288961995,0.8224395517557487,2.6469413369012913,0.0,0.8412703516389894
06,alpha,0.0,1001,dr,n10000,nan,0.7158461594579978,0.7153918288961995,0.8224395517557487,2.6469413369012913,0.0,0.8224395517557487
06,alpha,0.0,1001,switch_dr,n10000,1.7865268235606344,0.6774295678536699,0.7153918288961995,0.8224395517557487,2.6469413369012913,0.0,0.7957125892156435
06,alpha,0.0,1001,dros,n10000,2.5856921325519777,0.6063082281622045,0.7153918288961995,0.8224395517557487,2.6469413369012913,0.0,0.9353303888054736
06,alpha,1.0,1002,dm,n10000,nan,0.7175049409674715,0.7153918288961995,0.823410421387478,2.7283552112772056,0.0,nan
06,alpha,1.0,1002,ips,n10000,nan,0.7257933250708798,0.7153918288961995,0.823410421387478,2.7283552112772056,0.0,0.823410421387478
06,alpha,1.0,1002,snips,n10000,nan,0.7240383146714857,0.7153918288961995,0.823410421387478,2.7283552112772056,0.0,0.823410421387478
06,alpha,1.0,1002,clipped_ips,n10000,1.6071293944061085,0.7061735794853418,0.7153918288961995,0.823410421387478,2.7283552112772056,0.0,0.8416940651534435
06,alpha,1.0,1002,dr,n10000,nan,0.7221866140085685,0.7153918288961995,0.823410421387478,2.7283552112772056,0.0,0.823410421387478
06,alpha,1.0,1002,switch_dr,n10000,1.7767152164922335,0.7236759362113215,0.7153918288961995,0.823410421387478,2.7283552112772056,0.0,0.7964769679666852
06,alpha,1.0,1002,dros,n10000,2.582864890364145,0.7206007880397176,0.7153918288961995,0.823410421387478,2.7283552112772056,0.0,0.9360069151178215
06,alpha,0.9,1002,dm,n10000,nan,0.6957544468707243,0.7153918288961995,0.823410421387478,2.7283552112772056,0.0,nan
06,alpha,0.9,1002,ips,n10000,nan,0.7257933250708798,0.7153918288961995,0.823410421387478,2.7283552112772056,0.0,0.823410421387478
06,alpha,0.9,1002,snips,n10000,nan,0.7240383146714857,0.7153918288961995,0.823410421387478,2.7283552112772056,0.0,0.823410421387478
06,alpha,0.9,1002,clipped_ips,n10000,1.6071293944061085,0.7061735794853418,0.7153918288961995,0.823410421387478,2.7283552112772056,0.0,0.8416940651534435
06,alpha,0.9,1002,dr,n10000,nan,0.7224260891529402,0.7153918288961995,0.823410421387478,2.7283552112772056,0.0,0.823410421387478
06,alpha,0.9,1002,switch_dr,n10000,1.7767152164922335,0.719865216107134,0.7153918288961995,0.823410421387478,2.7283552112772056,0.0,0.7964769679666852
06,alpha,0.9,1002,dros,n10000,2.582864890364145,0.7097861222695081,0.7153918288961995,0.823410421387478,2.7283552112772056,0.0,0.9360069151178215
06,alpha,0.75,1002,dm,n10000,nan,0.6631287057256037,0.7153918288961995,0.823410421387478,2.7283552112772056,0.0,nan
06,alpha,0.75,1002,ips,n10000,nan,0.7257933250708798,0.7153918288961995,0.823410421387478,2.7283552112772056,0.0,0.823410421387478
06,alpha,0.75,1002,snips,n10000,nan,0.7240383146714857,0.7153918288961995,0.823410421387478,2.7283552112772056,0.0,0.823410421387478
06,alpha,0.75,1002,clipped_ips,n10000,1.6071293944061085,0.7061735794853418,0.7153918288961995,0.823410421387478,2.7283552112772056,0.0,0.8416940651534435
06,alpha,0.75,1002,dr,n10000,nan,0.7227853018694977,0.7153918288961995,0.823410421387478,2.7283552112772056,0.0,0.823410421387478
06,alpha,0.75,1002,switch_dr,n10000,1.7767152164922335,0.7141491359508532,0.7153918288961995,0.823410421387478,2.7283552112772056,0.0,0.7964769679666852
06,alpha,0.75,1002,dros,n10000,2.582864890364145,0.6935641236141941,0.7153918288961995,0.823410421387478,2.7283552112772056,0.0,0.9360069151178215
06,alpha,0.5,1002,dm,n10000,nan,0.6087524704837357,0.7153918288961995,0.823410421387478,2.7283552112772056,0.0,nan
06,alpha,0.5,1002,ips,n10000,nan,0.7257933250708798,0.7153918288961995,0.823410421387478,2.7283552112772056,0.0,0.823410421387478
06,alpha,0.5,1002,snips,n10000,nan,0.7240383146714857,0.7153918288961995,0.823410421387478,2.7283552112772056,0.0,0.823410421387478
06,alpha,0.5,1002,clipped_ips,n10000,1.6071293944061085,0.7061735794853418,0.7153918288961995,0.823410421387478,2.7283552112772056,0.0,0.8416940651534435
06,alpha,0.5,1002,dr,n10000,nan,0.7233839897304268,0.7153918288961995,0.823410421387478,2.7283552112772056,0.0,0.823410421387478
06,alpha,0.5,1002,switch_dr,n10000,1.7767152164922335,0.7046223356903848,0.7153918288961995,0.823410421387478,2.7283552112772056,0.0,0.7964769679666852
06,alpha,0.5,1002,dros,n10000,2.582864890364145,0.6665274591886703,0.7153918288961995,0.823410421387478,2.7283552112772056,0.0,0.9360069151178215
06,alpha,0.25,1002,dm,n10000,nan,0.5543762352418679,0.7153918288961995,0.823410421387478,2.7283552112772056,0.0,nan
06,alpha,0.25,1002,ips,n10000,nan,0.7257933250708798,0.7153918288961995,0.823410421387478,2.7283552112772056,0.0,0.823410421387478
06,alpha,0.25,1002,snips,n10000,nan,0.7240383146714857,0.7153918288961995,0.823410421387478,2.7283552112772056,0.0,0.823410421387478
06,alpha,0.25,1002,clipped_ips,n10000,1.6071293944061085,0.7061735794853418,0.7153918288961995,0.823410421387478,2.7283552112772056,0.0,0.8416940651534435
06,alpha,0.25,1002,dr,n10000,nan,0.7239826775913561,0.7153918288961995,0.823410421387478,2.7283552112772056,0.0,0.823410421387478
06,alpha,0.25,1002,switch_dr,n10000,1.7767152164922335,0.6950955354299164,0.7153918288961995,0.823410421387478,2.7283552112772056,0.0,0.7964769679666852
06,alpha,0.25,1002,dros,n10000,2.582864890364145,0.6394907947631467,0.7153918288961995,0.823410421387478,2.7283552112772056,0.0,0.9360069151178215
06,alpha,0.0,1002,dm,n10000,nan,0.5,0.7153918288961995,0.823410421387478,2.7283552112772056,0.0,nan
06,alpha,0.0,1002,ips,n10000,nan,0.7257933250708798,0.7153918288961995,0.823410421387478,2.7283552112772056,0.0,0.823410421387478
06,alpha,0.0,1002,snips,n10000,nan,0.7240383146714857,0.7153918288961995,0.823410421387478,2.7283552112772056,0.0,0.823410421387478
06,alpha,0.0,1002,clipped_ips,n10000,1.6071293944061085,0.7061735794853418,0.7153918288961995,0.823410421387478,2.7283552112772056,0.0,0.8416940651534435
06,alpha,0.0,1002,dr,n10000,nan,0.7245813654522854,0.7153918288961995,0.823410421387478,2.7283552112772056,0.0,0.823410421387478
06,alpha,0.0,1002,switch_dr,n10000,1.7767152164922335,0.6855687351694482,0.7153918288961995,0.823410421387478,2.7283552112772056,0.0,0.7964769679666852
06,alpha,0.0,1002,dros,n10000,2.582864890364145,0.6124541303376232,0.7153918288961995,0.823410421387478,2.7283552112772056,0.0,0.9360069151178215
06,alpha,1.0,1003,dm,n10000,nan,0.7167839673207461,0.7153918288961995,0.8223336389227294,2.6243198699708756,0.0,nan
06,alpha,1.0,1003,ips,n10000,nan,0.716858807270425,0.7153918288961995,0.8223336389227294,2.6243198699708756,0.0,0.8223336389227294
06,alpha,1.0,1003,snips,n10000,nan,0.7176488613431843,0.7153918288961995,0.8223336389227294,2.6243198699708756,0.0,0.8223336389227294
06,alpha,1.0,1003,clipped_ips,n10000,1.6036259350997761,0.6973353836893097,0.7153918288961995,0.8223336389227294,2.6243198699708756,0.0,0.8404950457114967
06,alpha,1.0,1003,dr,n10000,nan,0.7172818863315407,0.7153918288961995,0.8223336389227294,2.6243198699708756,0.0,0.8223336389227294
06,alpha,1.0,1003,switch_dr,n10000,1.7572037249990058,0.7193342027703009,0.7153918288961995,0.8223336389227294,2.6243198699708756,0.0,0.7955096341923789
06,alpha,1.0,1003,dros,n10000,2.5716161397246315,0.7170613825258965,0.7153918288961995,0.8223336389227294,2.6243198699708756,0.0,0.9352294607597694
06,alpha,0.9,1003,dm,n10000,nan,0.6951055705886715,0.7153918288961995,0.8223336389227294,2.6243198699708756,0.0,nan
06,alpha,0.9,1003,ips,n10000,nan,0.716858807270425,0.7153918288961995,0.8223336389227294,2.6243198699708756,0.0,0.8223336389227294
06,alpha,0.9,1003,snips,n10000,nan,0.7176488613431843,0.7153918288961995,0.8223336389227294,2.6243198699708756,0.0,0.8223336389227294
06,alpha,0.9,1003,clipped_ips,n10000,1.6036259350997761,0.6973353836893097,0.7153918288961995,0.8223336389227294,2.6243198699708756,0.0,0.8404950457114967
06,alpha,0.9,1003,dr,n10000,nan,0.7172946230381441,0.7153918288961995,0.8223336389227294,2.6243198699708756,0.0,0.8223336389227294
06,alpha,0.9,1003,switch_dr,n10000,1.7572037249990058,0.7152969531447749,0.7153918288961995,0.8223336389227294,2.6243198699708756,0.0,0.7955096341923789
06,alpha,0.9,1003,dros,n10000,2.5716161397246315,0.7060983522839275,0.7153918288961995,0.8223336389227294,2.6243198699708756,0.0,0.9352294607597694
06,alpha,0.75,1003,dm,n10000,nan,0.6625879754905595,0.7153918288961995,0.8223336389227294,2.6243198699708756,0.0,nan
06,alpha,0.75,1003,ips,n10000,nan,0.716858807270425,0.7153918288961995,0.8223336389227294,2.6243198699708756,0.0,0.8223336389227294
06,alpha,0.75,1003,snips,n10000,nan,0.7176488613431843,0.7153918288961995,0.8223336389227294,2.6243198699708756,0.0,0.8223336389227294
06,alpha,0.75,1003,clipped_ips,n10000,1.6036259350997761,0.6973353836893097,0.7153918288961995,0.8223336389227294,2.6243198699708756,0.0,0.8404950457114967
06,alpha,0.75,1003,dr,n10000,nan,0.717313728098049,0.7153918288961995,0.8223336389227294,2.6243198699708756,0.0,0.8223336389227294
06,alpha,0.75,1003,switch_dr,n10000,1.7572037249990058,0.7092410787064858,0.7153918288961995,0.8223336389227294,2.6243198699708756,0.0,0.7955096341923789
06,alpha,0.75,1003,dros,n10000,2.5716161397246315,0.6896538069209737,0.7153918288961995,0.8223336389227294,2.6243198699708756,0.0,0.9352294607597694
06,alpha,0.5,1003,dm,n10000,nan,0.6083919836603731,0.7153918288961995,0.8223336389227294,2.6243198699708756,0.0,nan
06,alpha,0.5,1003,ips,n10000,nan,0.716858807270425,0.7153918288961995,0.8223336389227294,2.6243198699708756,0.0,0.8223336389227294
06,alpha,0.5,1003,snips,n10000,nan,0.7176488613431843,0.7153918288961995,0.8223336389227294,2.6243198699708756,0.0,0.8223336389227294
06,alpha,0.5,1003,clipped_ips,n10000,1.6036259350997761,0.6973353836893097,0.7153918288961995,0.8223336389227294,2.6243198699708756,0.0,0.8404950457114967
06,alpha,0.5,1003,dr,n10000,nan,0.7173455698645577,0.7153918288961995,0.8223336389227294,2.6243198699708756,0.0,0.8223336389227294
06,alpha,0.5,1003,switch_dr,n10000,1.7572037249990058,0.699147954642671,0.7153918288961995,0.8223336389227294,2.6243198699708756,0.0,0.7955096341923789
06,alpha,0.5,1003,dros,n10000,2.5716161397246315,0.6622462313160512,0.7153918288961995,0.8223336389227294,2.6243198699708756,0.0,0.9352294607597694
06,alpha,0.25,1003,dm,n10000,nan,0.5541959918301865,0.7153918288961995,0.8223336389227294,2.6243198699708756,0.0,nan
06,alpha,0.25,1003,ips,n10000,nan,0.716858807270425,0.7153918288961995,0.8223336389227294,2.6243198699708756,0.0,0.8223336389227294
06,alpha,0.25,1003,snips,n10000,nan,0.7176488613431843,0.7153918288961995,0.8223336389227294,2.6243198699708756,0.0,0.8223336389227294
06,alpha,0.25,1003,clipped_ips,n10000,1.6036259350997761,0.6973353836893097,0.7153918288961995,0.8223336389227294,2.6243198699708756,0.0,0.8404950457114967
06,alpha,0.25,1003,dr,n10000,nan,0.717377411631066,0.7153918288961995,0.8223336389227294,2.6243198699708756,0.0,0.8223336389227294
06,alpha,0.25,1003,switch_dr,n10000,1.7572037249990058,0.689054830578856,0.7153918288961995,0.8223336389227294,2.6243198699708756,0.0,0.7955096341923789
06,alpha,0.25,1003,dros,n10000,2.5716161397246315,0.6348386557111285,0.7153918288961995,0.8223336389227294,2.6243198699708756,0.0,0.9352294607597694
06,alpha,0.0,1003,dm,n10000,nan,0.5,0.7153918288961995,0.8223336389227294,2.6243198699708756,0.0,nan
06,alpha,0.0,1003,ips,n10000,nan,0.716858807270425,0.7153918288961995,0.8223336389227294,2.6243198699708756,0.0,0.8223336389227294
06,alpha,0.0,1003,snips,n10000,nan,0.7176488613431843,0.7153918288961995,0.8223336389227294,2.6243198699708756,0.0,0.8223336389227294
06,alpha,0.0,1003,clipped_ips,n10000,1.6036259350997761,0.6973353836893097,0.7153918288961995,0.8223336389227294,2.6243198699708756,0.0,0.8404950457114967
06,alpha,0.0,1003,dr,n10000,nan,0.7174092533975746,0.7153918288961995,0.8223336389227294,2.6243198699708756,0.0,0.8223336389227294
06,alpha,0.0,1003,switch_dr,n10000,1.7572037249990058,0.6789617065150411,0.7153918288961995,0.8223336389227294,2.6243198699708756,0.0,0.7955096341923789
06,alpha,0.0,1003,dros,n10000,2.5716161397246315,0.6074310801062058,0.7153918288961995,0.8223336389227294,2.6243198699708756,0.0,0.9352294607597694
06,alpha,1.0,1004,dm,n10000,nan,0.7151763081030784,0.7153918288961995,0.819310816178653,2.695371868291286,0.0,nan
06,alpha,1.0,1004,ips,n10000,nan,0.7131351989004544,0.7153918288961995,0.819310816178653,2.695371868291286,0.0,0.819310816178653
06,alpha,1.0,1004,snips,n10000,nan,0.7182701601835201,0.7153918288961995,0.819310816178653,2.695371868291286,0.0,0.819310816178653
06,alpha,1.0,1004,clipped_ips,n10000,1.6031731775479277,0.692978445816759,0.7153918288961995,0.819310816178653,2.695371868291286,0.0,0.8383505916424759
06,alpha,1.0,1004,dr,n10000,nan,0.720411861945046,0.7153918288961995,0.819310816178653,2.695371868291286,0.0,0.819310816178653
06,alpha,1.0,1004,switch_dr,n10000,1.7681012280116208,0.7176262742703405,0.7153918288961995,0.819310816178653,2.695371868291286,0.0,0.7933763896969148
06,alpha,1.0,1004,dros,n10000,2.570164237209119,0.7172274864788999,0.7153918288961995,0.819310816178653,2.695371868291286,0.0,0.9343622965200055
06,alpha,0.9,1004,dm,n10000,nan,0.6936586772927706,0.7153918288961995,0.819310816178653,2.695371868291286,0.0,nan
06,alpha,0.9,1004,ips,n10000,nan,0.7131351989004544,0.7153918288961995,0.819310816178653,2.695371868291286,0.0,0.819310816178653
06,alpha,0.9,1004,snips,n10000,nan,0.7182701601835201,0.7153918288961995,0.819310816178653,2.695371868291286,0.0,0.819310816178653
06,alpha,0.9,1004,clipped_ips,n10000,1.6031731775479277,0.692978445816759,0.7153918288961995,0.819310816178653,2.695371868291286,0.0,0.8383505916424759
06,alpha,0.9,1004,dr,n10000,nan,0.7200416489755378,0.7153918288961995,0.819310816178653,2.695371868291286,0.0,0.819310816178653
06,alpha,0.9,1004,switch_dr,n10000,1.7681012280116208,0.7132234254226298,0.7153918288961995,0.819310816178653,2.695371868291286,0.0,0.7933763896969148
06,alpha,0.9,1004,dros,n10000,2.570164237209119,0.7060794172262653,0.7153918288961995,0.819310816178653,2.695371868291286,0.0,0.9343622965200055
06,alpha,0.75,1004,dm,n10000,nan,0.6613822310773089,0.7153918288961995,0.819310816178653,2.695371868291286,0.0,nan
06,alpha,0.75,1004,ips,n10000,nan,0.7131351989004544,0.7153918288961995,0.819310816178653,2.695371868291286,0.0,0.819310816178653
06,alpha,0.75,1004,snips,n10000,nan,0.7182701601835201,0.7153918288961995,0.819310816178653,2.695371868291286,0.0,0.819310816178653
06,alpha,0.75,1004,clipped_ips,n10000,1.6031731775479277,0.692978445816759,0.7153918288961995,0.819310816178653,2.695371868291286,0.0,0.8383505916424759
06,alpha,0.75,1004,dr,n10000,nan,0.7194863295212752,0.7153918288961995,0.819310816178653,2.695371868291286,0.0,0.819310816178653
06,alpha,0.75,1004,switch_dr,n10000,1.7681012280116208,0.7066191521510636,0.7153918288961995,0.819310816178653,2.695371868291286,0.0,0.7933763896969148
06,alpha,0.75,1004,dros,n10000,2.570164237209119,0.6893573133473132,0.7153918288961995,0.819310816178653,2.695371868291286,0.0,0.9343622965200055
06,alpha,0.5,1004,dm,n10000,nan,0.6075881540515393,0.7153918288961995,0.819310816178653,2.695371868291286,0.0,nan
06,alpha,0.5,1004,ips,n10000,nan,0.7131351989004544,0.7153918288961995,0.819310816178653,2.695371868291286,0.0,0.819310816178653
06,alpha,0.5,1004,snips,n10000,nan,0.7182701601835201,0.7153918288961995,0.819310816178653,2.695371868291286,0.0,0.819310816178653
06,alpha,0.5,1004,clipped_ips,n10000,1.6031731775479277,0.692978445816759,0.7153918288961995,0.819310816178653,2.695371868291286,0.0,0.8383505916424759
06,alpha,0.5,1004,dr,n10000,nan,0.7185607970975045,0.7153918288961995,0.819310816178653,2.695371868291286,0.0,0.819310816178653
06,alpha,0.5,1004,switch_dr,n10000,1.7681012280116208,0.6956120300317868,0.7153918288961995,0.819310816178653,2.695371868291286,0.0,0.7933763896969148
06,alpha,0.5,1004,dros,n10000,2.570164237209119,0.6614871402157265,0.7153918288961995,0.819310816178653,2.695371868291286,0.0,0.9343622965200055
06,alpha,0.25,1004,dm,n10000,nan,0.5537940770257697,0.7153918288961995,0.819310816178653,2.695371868291286,0.0,nan
06,alpha,0.25,1004,ips,n10000,nan,0.7131351989004544,0.7153918288961995,0.819310816178653,2.695371868291286,0.0,0.819310816178653
06,alpha,0.25,1004,snips,n10000,nan,0.7182701601835201,0.7153918288961995,0.819310816178653,2.695371868291286,0.0,0.819310816178653
06,alpha,0.25,1004,clipped_ips,n10000,1.6031731775479277,0.692978445816759,0.7153918288961995,0.819310816178653,2.695371868291286,0.0,0.8383505916424759
06,alpha,0.25,1004,dr,n10000,nan,0.7176352646737337,0.7153918288961995,0.819310816178653,2.695371868291286,0.0,0.819310816178653
06,alpha,0.25,1004,switch_dr,n10000,1.7681012280116208,0.6846049079125098,0.7153918288961995,0.819310816178653,2.695371868291286,0.0,0.7933763896969148
06,alpha,0.25,1004,dros,n10000,2.570164237209119,0.6336169670841397,0.7153918288961995,0.819310816178653,2.695371868291286,0.0,0.9343622965200055
06,alpha,0.0,1004,dm,n10000,nan,0.5,0.7153918288961995,0.819310816178653,2.695371868291286,0.0,nan
06,alpha,0.0,1004,ips,n10000,nan,0.7131351989004544,0.7153918288961995,0.819310816178653,2.695371868291286,0.0,0.819310816178653
06,alpha,0.0,1004,snips,n10000,nan,0.7182701601835201,0.7153918288961995,0.819310816178653,2.695371868291286,0.0,0.819310816178653
06,alpha,0.0,1004,clipped_ips,n10000,1.6031731775479277,0.692978445816759,0.7153918288961995,0.819310816178653,2.695371868291286,0.0,0.8383505916424759
06,alpha,0.0,1004,dr,n10000,nan,0.7167097322499629,0.7153918288961995,0.819310816178653,2.695371868291286,0.0,0.819310816178653
06,alpha,0.0,1004,switch_dr,n10000,1.7681012280116208,0.6735977857932329,0.7153918288961995,0.819310816178653,2.695371868291286,0.0,0.7933763896969148
06,alpha,0.0,1004,dros,n10000,2.570164237209119,0.6057467939525529,0.7153918288961995,0.819310816178653,2.695371868291286,0.0,0.9343622965200055
06,alpha,1.0,1005,dm,n10000,nan,0.7144873634794751,0.7153918288961995,0.8221100634278397,2.7249456443152873,0.0,nan
06,alpha,1.0,1005,ips,n10000,nan,0.6880660452143513,0.7153918288961995,0.8221100634278397,2.7249456443152873,0.0,0.8221100634278397
06,alpha,1.0,1005,snips,n10000,nan,0.6954805433563914,0.7153918288961995,0.8221100634278397,2.7249456443152873,0.0,0.8221100634278397
06,alpha,1.0,1005,clipped_ips,n10000,1.595445442031978,0.6678559366315208,0.7153918288961995,0.8221100634278397,2.7249456443152873,0.0,0.8409232467633626
06,alpha,1.0,1005,dr,n10000,nan,0.701003794340256,0.7153918288961995,0.8221100634278397,2.7249456443152873,0.0,0.8221100634278397
06,alpha,1.0,1005,switch_dr,n10000,1.752174729525164,0.6980635075995862,0.7153918288961995,0.8221100634278397,2.7249456443152873,0.0,0.7962643188064293
06,alpha,1.0,1005,dros,n10000,2.545446158500613,0.7041300152438483,0.7153918288961995,0.8221100634278397,2.7249456443152873,0.0,0.9360121349348581
06,alpha,0.9,1005,dm,n10000,nan,0.6930386271315275,0.7153918288961995,0.8221100634278397,2.7249456443152873,0.0,nan
06,alpha,0.9,1005,ips,n10000,nan,0.6880660452143513,0.7153918288961995,0.8221100634278397,2.7249456443152873,0.0,0.8221100634278397
06,alpha,0.9,1005,snips,n10000,nan,0.6954805433563914,0.7153918288961995,0.8221100634278397,2.7249456443152873,0.0,0.8221100634278397
06,alpha,0.9,1005,clipped_ips,n10000,1.595445442031978,0.6678559366315208,0.7153918288961995,0.8221100634278397,2.7249456443152873,0.0,0.8409232467633626
06,alpha,0.9,1005,dr,n10000,nan,0.7002430679947942,0.7153918288961995,0.8221100634278397,2.7249456443152873,0.0,0.8221100634278397
06,alpha,0.9,1005,switch_dr,n10000,1.752174729525164,0.6933062933396009,0.7153918288961995,0.8221100634278397,2.7249456443152873,0.0,0.7962643188064293
06,alpha,0.9,1005,dros,n10000,2.545446158500613,0.6928254870597268,0.7153918288961995,0.8221100634278397,2.7249456443152873,0.0,0.9360121349348581
06,alpha,0.75,1005,dm,n10000,nan,0.6608655226096063,0.7153918288961995,0.8221100634278397,2.7249456443152873,0.0,nan
06,alpha,0.75,1005,ips,n10000,nan,0.6880660452143513,0.7153918288961995,0.8221100634278397,2.7249456443152873,0.0,0.8221100634278397
06,alpha,0.75,1005,snips,n10000,nan,0.6954805433563914,0.7153918288961995,0.8221100634278397,2.7249456443152873,0.0,0.8221100634278397
06,alpha,0.75,1005,clipped_ips,n10000,1.595445442031978,0.6678559366315208,0.7153918288961995,0.8221100634278397,2.7249456443152873,0.0,0.8409232467633626
06,alpha,0.75,1005,dr,n10000,nan,0.6991019784766015,0.7153918288961995,0.8221100634278397,2.7249456443152873,0.0,0.8221100634278397
06,alpha,0.75,1005,switch_dr,n10000,1.752174729525164,0.6861704719496231,0.7153918288961995,0.8221100634278397,2.7249456443152873,0.0,0.7962643188064293
06,alpha,0.75,1005,dros,n10000,2.545446158500613,0.6758686947835447,0.7153918288961995,0.8221100634278397,2.7249456443152873,0.0,0.9360121349348581
06,alpha,0.5,1005,dm,n10000,nan,0.6072436817397374,0.7153918288961995,0.8221100634278397,2.7249456443152873,0.0,nan
06,alpha,0.5,1005,ips,n10000,nan,0.6880660452143513,0.7153918288961995,0.8221100634278397,2.7249456443152873,0.0,0.8221100634278397
06,alpha,0.5,1005,snips,n10000,nan,0.6954805433563914,0.7153918288961995,0.8221100634278397,2.7249456443152873,0.0,0.8221100634278397
06,alpha,0.5,1005,clipped_ips,n10000,1.595445442031978,0.6678559366315208,0.7153918288961995,0.8221100634278397,2.7249456443152873,0.0,0.8409232467633626
06,alpha,0.5,1005,dr,n10000,nan,0.6972001626129469,0.7153918288961995,0.8221100634278397,2.7249456443152873,0.0,0.8221100634278397
06,alpha,0.5,1005,switch_dr,n10000,1.752174729525164,0.6742774362996599,0.7153918288961995,0.8221100634278397,2.7249456443152873,0.0,0.7962643188064293
06,alpha,0.5,1005,dros,n10000,2.545446158500613,0.647607374323241,0.7153918288961995,0.8221100634278397,2.7249456443152873,0.0,0.9360121349348581
06,alpha,0.25,1005,dm,n10000,nan,0.5536218408698688,0.7153918288961995,0.8221100634278397,2.7249456443152873,0.0,nan
06,alpha,0.25,1005,ips,n10000,nan,0.6880660452143513,0.7153918288961995,0.8221100634278397,2.7249456443152873,0.0,0.8221100634278397
06,alpha,0.25,1005,snips,n10000,nan,0.6954805433563914,0.7153918288961995,0.8221100634278397,2.7249456443152873,0.0,0.8221100634278397
06,alpha,0.25,1005,clipped_ips,n10000,1.595445442031978,0.6678559366315208,0.7153918288961995,0.8221100634278397,2.7249456443152873,0.0,0.8409232467633626
06,alpha,0.25,1005,dr,n10000,nan,0.6952983467492927,0.7153918288961995,0.8221100634278397,2.7249456443152873,0.0,0.8221100634278397
06,alpha,0.25,1005,switch_dr,n10000,1.752174729525164,0.662384400649697,0.7153918288961995,0.8221100634278397,2.7249456443152873,0.0,0.7962643188064293
06,alpha,0.25,1005,dros,n10000,2.545446158500613,0.6193460538629375,0.7153918288961995,0.8221100634278397,2.7249456443152873,0.0,0.9360121349348581
06,alpha,0.0,1005,dm,n10000,nan,0.5,0.7153918288961995,0.8221100634278397,2.7249456443152873,0.0,nan
06,alpha,0.0,1005,ips,n10000,nan,0.6880660452143513,0.7153918288961995,0.8221100634278397,2.7249456443152873,0.0,0.8221100634278397
06,alpha,0.0,1005,snips,n10000,nan,0.6954805433563914,0.7153918288961995,0.8221100634278397,2.7249456443152873,0.0,0.8221100634278397
06,alpha,0.0,1005,clipped_ips,n10000,1.595445442031978,0.6678559366315208,0.7153918288961995,0.8221100634278397,2.7249456443152873,0.0,0.8409232467633626
06,alpha,0.0,1005,dr,n10000,nan,0.6933965308856382,0.7153918288961995,0.8221100634278397,2.7249456443152873,0.0,0.8221100634278397
06,alpha,0.0,1005,switch_dr,n10000,1.752174729525164,0.6504913649997338,0.7153918288961995,0.8221100634278397,2.7249456443152873,0.0,0.7962643188064293
06,alpha,0.0,1005,dros,n10000,2.545446158500613,0.5910847334026339,0.7153918288961995,0.8221100634278397,2.7249456443152873,0.0,0.9360121349348581
06,alpha,1.0,1006,dm,n10000,nan,0.7138145627000126,0.7153918288961995,0.8215556523830606,2.7816950771725657,0.0,nan
06,alpha,1.0,1006,ips,n10000,nan,0.711400834710385,0.7153918288961995,0.8215556523830606,2.7816950771725657,0.0,0.8215556523830606
06,alpha,1.0,1006,snips,n10000,nan,0.7139796540681621,0.7153918288961995,0.8215556523830606,2.7816950771725657,0.0,0.8215556523830606
06,alpha,1.0,1006,clipped_ips,n10000,1.60539226442668,0.6917767811301277,0.7153918288961995,0.8215556523830606,2.7816950771725657,0.0,0.8390829648496603
06,alpha,1.0,1006,dr,n10000,nan,0.7152319092982925,0.7153918288961995,0.8215556523830606,2.7816950771725657,0.0,0.8215556523830606
06,alpha,1.0,1006,switch_dr,n10000,1.7662237306327235,0.708833850189874,0.7153918288961995,0.8215556523830606,2.7816950771725657,0.0,0.7941922282259025
06,alpha,1.0,1006,dros,n10000,2.5772843226810234,0.7132686367987393,0.7153918288961995,0.8215556523830606,2.7816950771725657,0.0,0.9343134004755804
06,alpha,0.9,1006,dm,n10000,nan,0.6924331064300114,0.7153918288961995,0.8215556523830606,2.7816950771725657,0.0,nan
06,alpha,0.9,1006,ips,n10000,nan,0.711400834710385,0.7153918288961995,0.8215556523830606,2.7816950771725657,0.0,0.8215556523830606
06,alpha,0.9,1006,snips,n10000,nan,0.7139796540681621,0.7153918288961995,0.8215556523830606,2.7816950771725657,0.0,0.8215556523830606
06,alpha,0.9,1006,clipped_ips,n10000,1.60539226442668,0.6917767811301277,0.7153918288961995,0.8215556523830606,2.7816950771725657,0.0,0.8390829648496603
06,alpha,0.9,1006,dr,n10000,nan,0.7150293965765565,0.7153918288961995,0.8215556523830606,2.7816950771725657,0.0,0.8215556523830606
06,alpha,0.9,1006,switch_dr,n10000,1.7662237306327235,0.7046258501434908,0.7153918288961995,0.8215556523830606,2.7816950771725657,0.0,0.7941922282259025
06,alpha,0.9,1006,dros,n10000,2.5772843226810234,0.7023047013616444,0.7153918288961995,0.8215556523830606,2.7816950771725657,0.0,0.9343134004755804
06,alpha,0.75,1006,dm,n10000,nan,0.6603609220250095,0.7153918288961995,0.8215556523830606,2.7816950771725657,0.0,nan
06,alpha,0.75,1006,ips,n10000,nan,0.711400834710385,0.7153918288961995,0.8215556523830606,2.7816950771725657,0.0,0.8215556523830606
06,alpha,0.75,1006,snips,n10000,nan,0.7139796540681621,0.7153918288961995,0.8215556523830606,2.7816950771725657,0.0,0.8215556523830606
06,alpha,0.75,1006,clipped_ips,n10000,1.60539226442668,0.6917767811301277,0.7153918288961995,0.8215556523830606,2.7816950771725657,0.0,0.8390829648496603
06,alpha,0.75,1006,dr,n10000,nan,0.7147256274939524,0.7153918288961995,0.8215556523830606,2.7816950771725657,0.0,0.8215556523830606
06,alpha,0.75,1006,switch_dr,n10000,1.7662237306327235,0.6983138500739159,0.7153918288961995,0.8215556523830606,2.7816950771725657,0.0,0.7941922282259025
06,alpha,0.75,1006,dros,n10000,2.5772843226810234,0.6858587982060017,0.7153918288961995,0.8215556523830606,2.7816950771725657,0.0,0.9343134004755804
06,alpha,0.5,1006,dm,n10000,nan,0.6069072813500063,0.7153918288961995,0.8215556523830606,2.7816950771725657,0.0,nan
06,alpha,0.5,1006,ips,n10000,nan,0.711400834710385,0.7153918288961995,0.8215556523830606,2.7816950771725657,0.0,0.8215556523830606
06,alpha,0.5,1006,snips,n10000,nan,0.7139796540681621,0.7153918288961995,0.8215556523830606,2.7816950771725657,0.0,0.8215556523830606
06,alpha,0.5,1006,clipped_ips,n10000,1.60539226442668,0.6917767811301277,0.7153918288961995,0.8215556523830606,2.7816950771725657,0.0,0.8390829648496603
06,alpha,0.5,1006,dr,n10000,nan,0.7142193456896123,0.7153918288961995,0.8215556523830606,2.7816950771725657,0.0,0.8215556523830606
06,alpha,0.5,1006,switch_dr,n10000,1.7662237306327235,0.6877938499579578,0.7153918288961995,0.8215556523830606,2.7816950771725657,0.0,0.7941922282259025
06,alpha,0.5,1006,dros,n10000,2.5772843226810234,0.6584489596132641,0.7153918288961995,0.8215556523830606,2.7816950771725657,0.0,0.9343134004755804
06,alpha,0.25,1006,dm,n10000,nan,0.5534536406750031,0.7153918288961995,0.8215556523830606,2.7816950771725657,0.0,nan
06,alpha,0.25,1006,ips,n10000,nan,0.711400834710385,0.7153918288961995,0.8215556523830606,2.7816950771725657,0.0,0.8215556523830606
06,alpha,0.25,1006,snips,n10000,nan,0.7139796540681621,0.7153918288961995,0.8215556523830606,2.7816950771725657,0.0,0.8215556523830606
06,alpha,0.25,1006,clipped_ips,n10000,1.60539226442668,0.6917767811301277,0.7153918288961995,0.8215556523830606,2.7816950771725657,0.0,0.8390829648496603
06,alpha,0.25,1006,dr,n10000,nan,0.7137130638852722,0.7153918288961995,0.8215556523830606,2.7816950771725657,0.0,0.8215556523830606
06,alpha,0.25,1006,switch_dr,n10000,1.7662237306327235,0.6772738498419997,0.7153918288961995,0.8215556523830606,2.7816950771725657,0.0,0.7941922282259025
06,alpha,0.25,1006,dros,n10000,2.5772843226810234,0.6310391210205265,0.7153918288961995,0.8215556523830606,2.7816950771725657,0.0,0.9343134004755804
06,alpha,0.0,1006,dm,n10000,nan,0.5,0.7153918288961995,0.8215556523830606,2.7816950771725657,0.0,nan
06,alpha,0.0,1006,ips,n10000,nan,0.711400834710385,0.7153918288961995,0.8215556523830606,2.7816950771725657,0.0,0.8215556523830606
06,alpha,0.0,1006,snips,n10000,nan,0.7139796540681621,0.7153918288961995,0.8215556523830606,2.7816950771725657,0.0,0.8215556523830606
06,alpha,0.0,1006,clipped_ips,n10000,1.60539226442668,0.6917767811301277,0.7153918288961995,0.8215556523830606,2.7816950771725657,0.0,0.8390829648496603
06,alpha,0.0,1006,dr,n10000,nan,0.7132067820809321,0.7153918288961995,0.8215556523830606,2.7816950771725657,0.0,0.8215556523830606
06,alpha,0.0,1006,switch_dr,n10000,1.7662237306327235,0.6667538497260417,0.7153918288961995,0.8215556523830606,2.7816950771725657,0.0,0.7941922282259025
06,alpha,0.0,1006,dros,n10000,2.5772843226810234,0.603629282427789,0.7153918288961995,0.8215556523830606,2.7816950771725657,0.0,0.9343134004755804
06,alpha,1.0,1007,dm,n10000,nan,0.7153398807263682,0.7153918288961995,0.8258506289370565,2.7567184545270265,0.0,nan
06,alpha,1.0,1007,ips,n10000,nan,0.7328504454700852,0.7153918288961995,0.8258506289370565,2.7567184545270265,0.0,0.8258506289370565
06,alpha,1.0,1007,snips,n10000,nan,0.7264237942199154,0.7153918288961995,0.8258506289370565,2.7567184545270265,0.0,0.8258506289370565
06,alpha,1.0,1007,clipped_ips,n10000,1.615483201456399,0.7123605408704835,0.7153918288961995,0.8258506289370565,2.7567184545270265,0.0,0.843770517742748
06,alpha,1.0,1007,dr,n10000,nan,0.7230381446811072,0.7153918288961995,0.8258506289370565,2.7567184545270265,0.0,0.8258506289370565
06,alpha,1.0,1007,switch_dr,n10000,1.7699849492956456,0.7176623881769094,0.7153918288961995,0.8258506289370565,2.7567184545270265,0.0,0.7990733334983514
06,alpha,1.0,1007,dros,n10000,2.6097859741878158,0.7188660274555204,0.7153918288961995,0.8258506289370565,2.7567184545270265,0.0,0.9369269516151939
06,alpha,0.9,1007,dm,n10000,nan,0.6938058926537315,0.7153918288961995,0.8258506289370565,2.7567184545270265,0.0,nan
06,alpha,0.9,1007,ips,n10000,nan,0.7328504454700852,0.7153918288961995,0.8258506289370565,2.7567184545270265,0.0,0.8258506289370565
06,alpha,0.9,1007,snips,n10000,nan,0.7264237942199154,0.7153918288961995,0.8258506289370565,2.7567184545270265,0.0,0.8258506289370565
06,alpha,0.9,1007,clipped_ips,n10000,1.615483201456399,0.7123605408704835,0.7153918288961995,0.8258506289370565,2.7567184545270265,0.0,0.843770517742748
06,alpha,0.9,1007,dr,n10000,nan,0.7235770261405555,0.7153918288961995,0.8258506289370565,2.7567184545270265,0.0,0.8258506289370565
06,alpha,0.9,1007,switch_dr,n10000,1.7699849492956456,0.7141145152955174,0.7153918288961995,0.8258506289370565,2.7567184545270265,0.0,0.7990733334983514
06,alpha,0.9,1007,dros,n10000,2.6097859741878158,0.7083749690394228,0.7153918288961995,0.8258506289370565,2.7567184545270265,0.0,0.9369269516151939
06,alpha,0.75,1007,dm,n10000,nan,0.6615049105447762,0.7153918288961995,0.8258506289370565,2.7567184545270265,0.0,nan
06,alpha,0.75,1007,ips,n10000,nan,0.7328504454700852,0.7153918288961995,0.8258506289370565,2.7567184545270265,0.0,0.8258506289370565
06,alpha,0.75,1007,snips,n10000,nan,0.7264237942199154,0.7153918288961995,0.8258506289370565,2.7567184545270265,0.0,0.8258506289370565
06,alpha,0.75,1007,clipped_ips,n10000,1.615483201456399,0.7123605408704835,0.7153918288961995,0.8258506289370565,2.7567184545270265,0.0,0.843770517742748
06,alpha,0.75,1007,dr,n10000,nan,0.7243853483297278,0.7153918288961995,0.8258506289370565,2.7567184545270265,0.0,0.8258506289370565
06,alpha,0.75,1007,switch_dr,n10000,1.7699849492956456,0.7087927059734291,0.7153918288961995,0.8258506289370565,2.7567184545270265,0.0,0.7990733334983514
06,alpha,0.75,1007,dros,n10000,2.6097859741878158,0.692638381415276,0.7153918288961995,0.8258506289370565,2.7567184545270265,0.0,0.9369269516151939
06,alpha,0.5,1007,dm,n10000,nan,0.6076699403631841,0.7153918288961995,0.8258506289370565,2.7567184545270265,0.0,nan
06,alpha,0.5,1007,ips,n10000,nan,0.7328504454700852,0.7153918288961995,0.8258506289370565,2.7567184545270265,0.0,0.8258506289370565
06,alpha,0.5,1007,snips,n10000,nan,0.7264237942199154,0.7153918288961995,0.8258506289370565,2.7567184545270265,0.0,0.8258506289370565
06,alpha,0.5,1007,clipped_ips,n10000,1.615483201456399,0.7123605408704835,0.7153918288961995,0.8258506289370565,2.7567184545270265,0.0,0.843770517742748
06,alpha,0.5,1007,dr,n10000,nan,0.7257325519783484,0.7153918288961995,0.8258506289370565,2.7567184545270265,0.0,0.8258506289370565
06,alpha,0.5,1007,switch_dr,n10000,1.7699849492956456,0.6999230237699487,0.7153918288961995,0.8258506289370565,2.7567184545270265,0.0,0.7990733334983514
06,alpha,0.5,1007,dros,n10000,2.6097859741878158,0.6664107353750316,0.7153918288961995,0.8258506289370565,2.7567184545270265,0.0,0.9369269516151939
06,alpha,0.25,1007,dm,n10000,nan,0.5538349701815921,0.7153918288961995,0.8258506289370565,2.7567184545270265,0.0,nan
06,alpha,0.25,1007,ips,n10000,nan,0.7328504454700852,0.7153918288961995,0.8258506289370565,2.7567184545270265,0.0,0.8258506289370565
06,alpha,0.25,1007,snips,n10000,nan,0.7264237942199154,0.7153918288961995,0.8258506289370565,2.7567184545270265,0.0,0.8258506289370565
06,alpha,0.25,1007,clipped_ips,n10000,1.615483201456399,0.7123605408704835,0.7153918288961995,0.8258506289370565,2.7567184545270265,0.0,0.843770517742748
06,alpha,0.25,1007,dr,n10000,nan,0.727079755626969,0.7153918288961995,0.8258506289370565,2.7567184545270265,0.0,0.8258506289370565
06,alpha,0.25,1007,switch_dr,n10000,1.7699849492956456,0.6910533415664684,0.7153918288961995,0.8258506289370565,2.7567184545270265,0.0,0.7990733334983514
06,alpha,0.25,1007,dros,n10000,2.6097859741878158,0.6401830893347872,0.7153918288961995,0.8258506289370565,2.7567184545270265,0.0,0.9369269516151939
06,alpha,0.0,1007,dm,n10000,nan,0.5,0.7153918288961995,0.8258506289370565,2.7567184545270265,0.0,nan
06,alpha,0.0,1007,ips,n10000,nan,0.7328504454700852,0.7153918288961995,0.8258506289370565,2.7567184545270265,0.0,0.8258506289370565
06,alpha,0.0,1007,snips,n10000,nan,0.7264237942199154,0.7153918288961995,0.8258506289370565,2.7567184545270265,0.0,0.8258506289370565
06,alpha,0.0,1007,clipped_ips,n10000,1.615483201456399,0.7123605408704835,0.7153918288961995,0.8258506289370565,2.7567184545270265,0.0,0.843770517742748
06,alpha,0.0,1007,dr,n10000,nan,0.7284269592755896,0.7153918288961995,0.8258506289370565,2.7567184545270265,0.0,0.8258506289370565
06,alpha,0.0,1007,switch_dr,n10000,1.7699849492956456,0.682183659362988,0.7153918288961995,0.8258506289370565,2.7567184545270265,0.0,0.7990733334983514
06,alpha,0.0,1007,dros,n10000,2.6097859741878158,0.6139554432945427,0.7153918288961995,0.8258506289370565,2.7567184545270265,0.0,0.9369269516151939
06,alpha,1.0,1008,dm,n10000,nan,0.7157110604347453,0.7153918288961995,0.821790946665722,2.826175132303068,0.0,nan
06,alpha,1.0,1008,ips,n10000,nan,0.7177359352880303,0.7153918288961995,0.821790946665722,2.826175132303068,0.0,0.821790946665722
06,alpha,1.0,1008,snips,n10000,nan,0.7239274020138748,0.7153918288961995,0.821790946665722,2.826175132303068,0.0,0.821790946665722
06,alpha,1.0,1008,clipped_ips,n10000,1.6048677901213944,0.6988131799090089,0.7153918288961995,0.821790946665722,2.826175132303068,0.0,0.8399796816820077
06,alpha,1.0,1008,dr,n10000,nan,0.7274266183096435,0.7153918288961995,0.821790946665722,2.826175132303068,0.0,0.821790946665722
06,alpha,1.0,1008,switch_dr,n10000,1.7552643111892794,0.7270035701263908,0.7153918288961995,0.821790946665722,2.826175132303068,0.0,0.795465301304856
06,alpha,1.0,1008,dros,n10000,2.575600623769128,0.7227917355282552,0.7153918288961995,0.821790946665722,2.826175132303068,0.0,0.9352749561482142
06,alpha,0.9,1008,dm,n10000,nan,0.6941399543912707,0.7153918288961995,0.821790946665722,2.826175132303068,0.0,nan
06,alpha,0.9,1008,ips,n10000,nan,0.7177359352880303,0.7153918288961995,0.821790946665722,2.826175132303068,0.0,0.821790946665722
06,alpha,0.9,1008,snips,n10000,nan,0.7239274020138748,0.7153918288961995,0.821790946665722,2.826175132303068,0.0,0.821790946665722
06,alpha,0.9,1008,clipped_ips,n10000,1.6048677901213944,0.6988131799090089,0.7153918288961995,0.821790946665722,2.826175132303068,0.0,0.8399796816820077
06,alpha,0.9,1008,dr,n10000,nan,0.7268851803685252,0.7153918288961995,0.821790946665722,2.826175132303068,0.0,0.821790946665722
06,alpha,0.9,1008,switch_dr,n10000,1.7552643111892794,0.7224328391274606,0.7153918288961995,0.821790946665722,2.826175132303068,0.0,0.795465301304856
06,alpha,0.9,1008,dros,n10000,2.575600623769128,0.7115926495281729,0.7153918288961995,0.821790946665722,2.826175132303068,0.0,0.9352749561482142
06,alpha,0.75,1008,dm,n10000,nan,0.661783295326059,0.7153918288961995,0.821790946665722,2.826175132303068,0.0,nan
06,alpha,0.75,1008,ips,n10000,nan,0.7177359352880303,0.7153918288961995,0.821790946665722,2.826175132303068,0.0,0.821790946665722
06,alpha,0.75,1008,snips,n10000,nan,0.7239274020138748,0.7153918288961995,0.821790946665722,2.826175132303068,0.0,0.821790946665722
06,alpha,0.75,1008,clipped_ips,n10000,1.6048677901213944,0.6988131799090089,0.7153918288961995,0.821790946665722,2.826175132303068,0.0,0.8399796816820077
06,alpha,0.75,1008,dr,n10000,nan,0.726073023456848,0.7153918288961995,0.821790946665722,2.826175132303068,0.0,0.821790946665722
06,alpha,0.75,1008,switch_dr,n10000,1.7552643111892794,0.7155767426290652,0.7153918288961995,0.821790946665722,2.826175132303068,0.0,0.795465301304856
06,alpha,0.75,1008,dros,n10000,2.575600623769128,0.6947940205280497,0.7153918288961995,0.821790946665722,2.826175132303068,0.0,0.9352749561482142
06,alpha,0.5,1008,dm,n10000,nan,0.6078555302173727,0.7153918288961995,0.821790946665722,2.826175132303068,0.0,nan
06,alpha,0.5,1008,ips,n10000,nan,0.7177359352880303,0.7153918288961995,0.821790946665722,2.826175132303068,0.0,0.821790946665722
06,alpha,0.5,1008,snips,n10000,nan,0.7239274020138748,0.7153918288961995,0.821790946665722,2.826175132303068,0.0,0.821790946665722
06,alpha,0.5,1008,clipped_ips,n10000,1.6048677901213944,0.6988131799090089,0.7153918288961995,0.821790946665722,2.826175132303068,0.0,0.8399796816820077
06,alpha,0.5,1008,dr,n10000,nan,0.7247194286040527,0.7153918288961995,0.821790946665722,2.826175132303068,0.0,0.821790946665722
06,alpha,0.5,1008,switch_dr,n10000,1.7552643111892794,0.7041499151317397,0.7153918288961995,0.821790946665722,2.826175132303068,0.0,0.795465301304856
06,alpha,0.5,1008,dros,n10000,2.575600623769128,0.6667963055278443,0.7153918288961995,0.821790946665722,2.826175132303068,0.0,0.9352749561482142
06,alpha,0.25,1008,dm,n10000,nan,0.5539277651086864,0.7153918288961995,0.821790946665722,2.826175132303068,0.0,nan
06,alpha,0.25,1008,ips,n10000,nan,0.7177359352880303,0.7153918288961995,0.821790946665722,2.826175132303068,0.0,0.821790946665722
06,alpha,0.25,1008,snips,n10000,nan,0.7239274020138748,0.7153918288961995,0.821790946665722,2.826175132303068,0.0,0.821790946665722
06,alpha,0.25,1008,clipped_ips,n10000,1.6048677901213944,0.6988131799090089,0.7153918288961995,0.821790946665722,2.826175132303068,0.0,0.8399796816820077
06,alpha,0.25,1008,dr,n10000,nan,0.7233658337512573,0.7153918288961995,0.821790946665722,2.826175132303068,0.0,0.821790946665722
06,alpha,0.25,1008,switch_dr,n10000,1.7552643111892794,0.6927230876344141,0.7153918288961995,0.821790946665722,2.826175132303068,0.0,0.795465301304856
06,alpha,0.25,1008,dros,n10000,2.575600623769128,0.6387985905276389,0.7153918288961995,0.821790946665722,2.826175132303068,0.0,0.9352749561482142
06,alpha,0.0,1008,dm,n10000,nan,0.5,0.7153918288961995,0.821790946665722,2.826175132303068,0.0,nan
06,alpha,0.0,1008,ips,n10000,nan,0.7177359352880303,0.7153918288961995,0.821790946665722,2.826175132303068,0.0,0.821790946665722
06,alpha,0.0,1008,snips,n10000,nan,0.7239274020138748,0.7153918288961995,0.821790946665722,2.826175132303068,0.0,0.821790946665722
06,alpha,0.0,1008,clipped_ips,n10000,1.6048677901213944,0.6988131799090089,0.7153918288961995,0.821790946665722,2.826175132303068,0.0,0.8399796816820077
06,alpha,0.0,1008,dr,n10000,nan,0.7220122388984618,0.7153918288961995,0.821790946665722,2.826175132303068,0.0,0.821790946665722
06,alpha,0.0,1008,switch_dr,n10000,1.7552643111892794,0.6812962601370885,0.7153918288961995,0.821790946665722,2.826175132303068,0.0,0.795465301304856
06,alpha,0.0,1008,dros,n10000,2.575600623769128,0.6108008755274335,0.7153918288961995,0.821790946665722,2.826175132303068,0.0,0.9352749561482142
06,alpha,1.0,1009,dm,n10000,nan,0.7141439337447694,0.7153918288961995,0.8214035973554094,2.861524305471142,0.0,nan
06,alpha,1.0,1009,ips,n10000,nan,0.7068495386169857,0.7153918288961995,0.8214035973554094,2.861524305471142,0.0,0.8214035973554094
06,alpha,1.0,1009,snips,n10000,nan,0.7097540782292313,0.7153918288961995,0.8214035973554094,2.861524305471142,0.0,0.8214035973554094
06,alpha,1.0,1009,clipped_ips,n10000,1.5955992622566462,0.6868832058359774,0.7153918288961995,0.8214035973554094,2.861524305471142,0.0,0.8403501291217755
06,alpha,1.0,1009,dr,n10000,nan,0.7107412836930134,0.7153918288961995,0.8214035973554094,2.861524305471142,0.0,0.8214035973554094
06,alpha,1.0,1009,switch_dr,n10000,1.7628842592316296,0.7105972974854526,0.7153918288961995,0.8214035973554094,2.861524305471142,0.0,0.795157732774963
06,alpha,1.0,1009,dros,n10000,2.5459370057139536,0.7118186453448817,0.7153918288961995,0.8214035973554094,2.861524305471142,0.0,0.9349317884570739
06,alpha,0.9,1009,dm,n10000,nan,0.6927295403702923,0.7153918288961995,0.8214035973554094,2.861524305471142,0.0,nan
06,alpha,0.9,1009,ips,n10000,nan,0.7068495386169857,0.7153918288961995,0.8214035973554094,2.861524305471142,0.0,0.8214035973554094
06,alpha,0.9,1009,snips,n10000,nan,0.7097540782292313,0.7153918288961995,0.8214035973554094,2.861524305471142,0.0,0.8214035973554094
06,alpha,0.9,1009,clipped_ips,n10000,1.5955992622566462,0.6868832058359774,0.7153918288961995,0.8214035973554094,2.861524305471142,0.0,0.8403501291217755
06,alpha,0.9,1009,dr,n10000,nan,0.7105567251010733,0.7153918288961995,0.8214035973554094,2.861524305471142,0.0,0.8214035973554094
06,alpha,0.9,1009,switch_dr,n10000,1.7628842592316296,0.7063922020622618,0.7153918288961995,0.8214035973554094,2.861524305471142,0.0,0.795157732774963
06,alpha,0.9,1009,dros,n10000,2.5459370057139536,0.7007910786628664,0.7153918288961995,0.8214035973554094,2.861524305471142,0.0,0.9349317884570739
06,alpha,0.75,1009,dm,n10000,nan,0.6606079503085769,0.7153918288961995,0.8214035973554094,2.861524305471142,0.0,nan
06,alpha,0.75,1009,ips,n10000,nan,0.7068495386169857,0.7153918288961995,0.8214035973554094,2.861524305471142,0.0,0.8214035973554094
06,alpha,0.75,1009,snips,n10000,nan,0.7097540782292313,0.7153918288961995,0.8214035973554094,2.861524305471142,0.0,0.8214035973554094
06,alpha,0.75,1009,clipped_ips,n10000,1.5955992622566462,0.6868832058359774,0.7153918288961995,0.8214035973554094,2.861524305471142,0.0,0.8403501291217755
06,alpha,0.75,1009,dr,n10000,nan,0.7102798872131633,0.7153918288961995,0.8214035973554094,2.861524305471142,0.0,0.8214035973554094
06,alpha,0.75,1009,switch_dr,n10000,1.7628842592316296,0.7000845589274758,0.7153918288961995,0.8214035973554094,2.861524305471142,0.0,0.795157732774963
06,alpha,0.75,1009,dros,n10000,2.5459370057139536,0.6842497286398436,0.7153918288961995,0.8214035973554094,2.861524305471142,0.0,0.9349317884570739
06,alpha,0.5,1009,dm,n10000,nan,0.6070719668723846,0.7153918288961995,0.8214035973554094,2.861524305471142,0.0,nan
06,alpha,0.5,1009,ips,n10000,nan,0.7068495386169857,0.7153918288961995,0.8214035973554094,2.861524305471142,0.0,0.8214035973554094
06,alpha,0.5,1009,snips,n10000,nan,0.7097540782292313,0.7153918288961995,0.8214035973554094,2.861524305471142,0.0,0.8214035973554094
06,alpha,0.5,1009,clipped_ips,n10000,1.5955992622566462,0.6868832058359774,0.7153918288961995,0.8214035973554094,2.861524305471142,0.0,0.8403501291217755
06,alpha,0.5,1009,dr,n10000,nan,0.7098184907333135,0.7153918288961995,0.8214035973554094,2.861524305471142,0.0,0.8214035973554094
06,alpha,0.5,1009,switch_dr,n10000,1.7628842592316296,0.689571820369499,0.7153918288961995,0.8214035973554094,2.861524305471142,0.0,0.795157732774963
06,alpha,0.5,1009,dros,n10000,2.5459370057139536,0.6566808119348057,0.7153918288961995,0.8214035973554094,2.861524305471142,0.0,0.9349317884570739
06,alpha,0.25,1009,dm,n10000,nan,0.5535359834361924,0.7153918288961995,0.8214035973554094,2.861524305471142,0.0,nan
06,alpha,0.25,1009,ips,n10000,nan,0.7068495386169857,0.7153918288961995,0.8214035973554094,2.861524305471142,0.0,0.8214035973554094
06,alpha,0.25,1009,snips,n10000,nan,0.7097540782292313,0.7153918288961995,0.8214035973554094,2.861524305471142,0.0,0.8214035973554094
06,alpha,0.25,1009,clipped_ips,n10000,1.5955992622566462,0.6868832058359774,0.7153918288961995,0.8214035973554094,2.861524305471142,0.0,0.8403501291217755
06,alpha,0.25,1009,dr,n10000,nan,0.7093570942534637,0.7153918288961995,0.8214035973554094,2.861524305471142,0.0,0.8214035973554094
06,alpha,0.25,1009,switch_dr,n10000,1.7628842592316296,0.6790590818115223,0.7153918288961995,0.8214035973554094,2.861524305471142,0.0,0.795157732774963
06,alpha,0.25,1009,dros,n10000,2.5459370057139536,0.6291118952297677,0.7153918288961995,0.8214035973554094,2.861524305471142,0.0,0.9349317884570739
06,alpha,0.0,1009,dm,n10000,nan,0.5,0.7153918288961995,0.8214035973554094,2.861524305471142,0.0,nan
06,alpha,0.0,1009,ips,n10000,nan,0.7068495386169857,0.7153918288961995,0.8214035973554094,2.861524305471142,0.0,0.8214035973554094
06,alpha,0.0,1009,snips,n10000,nan,0.7097540782292313,0.7153918288961995,0.8214035973554094,2.861524305471142,0.0,0.8214035973554094
06,alpha,0.0,1009,clipped_ips,n10000,1.5955992622566462,0.6868832058359774,0.7153918288961995,0.8214035973554094,2.861524305471142,0.0,0.8403501291217755
06,alpha,0.0,1009,dr,n10000,nan,0.7088956977736138,0.7153918288961995,0.8214035973554094,2.861524305471142,0.0,0.8214035973554094
06,alpha,0.0,1009,switch_dr,n10000,1.7628842592316296,0.6685463432535456,0.7153918288961995,0.8214035973554094,2.861524305471142,0.0,0.795157732774963
06,alpha,0.0,1009,dros,n10000,2.5459370057139536,0.6015429785247297,0.7153918288961995,0.8214035973554094,2.861524305471142,0.0,0.9349317884570739
06,alpha,1.0,1010,dm,n10000,nan,0.7148991685733006,0.7153918288961995,0.8219752977448285,2.722305948491597,0.0,nan
06,alpha,1.0,1010,ips,n10000,nan,0.7130906536758091,0.7153918288961995,0.8219752977448285,2.722305948491597,0.0,0.8219752977448285
06,alpha,1.0,1010,snips,n10000,nan,0.7137813281397027,0.7153918288961995,0.8219752977448285,2.722305948491597,0.0,0.8219752977448285
06,alpha,1.0,1010,clipped_ips,n10000,1.609212082524281,0.6937710062644921,0.7153918288961995,0.8219752977448285,2.722305948491597,0.0,0.840928936286457
06,alpha,1.0,1010,dr,n10000,nan,0.714827660714157,0.7153918288961995,0.8219752977448285,2.722305948491597,0.0,0.8219752977448285
06,alpha,1.0,1010,switch_dr,n10000,1.7802814111562482,0.71737286773287,0.7153918288961995,0.8219752977448285,2.722305948491597,0.0,0.7960452060518932
06,alpha,1.0,1010,dros,n10000,2.5895635265421335,0.7161636242079236,0.7153918288961995,0.8219752977448285,2.722305948491597,0.0,0.9358861049354382
06,alpha,0.9,1010,dm,n10000,nan,0.6934092517159707,0.7153918288961995,0.8219752977448285,2.722305948491597,0.0,nan
06,alpha,0.9,1010,ips,n10000,nan,0.7130906536758091,0.7153918288961995,0.8219752977448285,2.722305948491597,0.0,0.8219752977448285
06,alpha,0.9,1010,snips,n10000,nan,0.7137813281397027,0.7153918288961995,0.8219752977448285,2.722305948491597,0.0,0.8219752977448285
06,alpha,0.9,1010,clipped_ips,n10000,1.609212082524281,0.6937710062644921,0.7153918288961995,0.8219752977448285,2.722305948491597,0.0,0.840928936286457
06,alpha,0.9,1010,dr,n10000,nan,0.7147023413868494,0.7153918288961995,0.8219752977448285,2.722305948491597,0.0,0.8219752977448285
06,alpha,0.9,1010,switch_dr,n10000,1.7802814111562482,0.7132026267574697,0.7153918288961995,0.8219752977448285,2.722305948491597,0.0,0.7960452060518932
06,alpha,0.9,1010,dros,n10000,2.5895635265421335,0.7052261110380937,0.7153918288961995,0.8219752977448285,2.722305948491597,0.0,0.9358861049354382
06,alpha,0.75,1010,dm,n10000,nan,0.6611743764299756,0.7153918288961995,0.8219752977448285,2.722305948491597,0.0,nan
06,alpha,0.75,1010,ips,n10000,nan,0.7130906536758091,0.7153918288961995,0.8219752977448285,2.722305948491597,0.0,0.8219752977448285
06,alpha,0.75,1010,snips,n10000,nan,0.7137813281397027,0.7153918288961995,0.8219752977448285,2.722305948491597,0.0,0.8219752977448285
06,alpha,0.75,1010,clipped_ips,n10000,1.609212082524281,0.6937710062644921,0.7153918288961995,0.8219752977448285,2.722305948491597,0.0,0.840928936286457
06,alpha,0.75,1010,dr,n10000,nan,0.7145143623958877,0.7153918288961995,0.8219752977448285,2.722305948491597,0.0,0.8219752977448285
06,alpha,0.75,1010,switch_dr,n10000,1.7802814111562482,0.706947265294369,0.7153918288961995,0.8219752977448285,2.722305948491597,0.0,0.7960452060518932
06,alpha,0.75,1010,dros,n10000,2.5895635265421335,0.6888198412833487,0.7153918288961995,0.8219752977448285,2.722305948491597,0.0,0.9358861049354382
06,alpha,0.5,1010,dm,n10000,nan,0.6074495842866503,0.7153918288961995,0.8219752977448285,2.722305948491597,0.0,nan
06,alpha,0.5,1010,ips,n10000,nan,0.7130906536758091,0.7153918288961995,0.8219752977448285,2.722305948491597,0.0,0.8219752977448285
06,alpha,0.5,1010,snips,n10000,nan,0.7137813281397027,0.7153918288961995,0.8219752977448285,2.722305948491597,0.0,0.8219752977448285
06,alpha,0.5,1010,clipped_ips,n10000,1.609212082524281,0.6937710062644921,0.7153918288961995,0.8219752977448285,2.722305948491597,0.0,0.840928936286457
06,alpha,0.5,1010,dr,n10000,nan,0.7142010640776182,0.7153918288961995,0.8219752977448285,2.722305948491597,0.0,0.8219752977448285
06,alpha,0.5,1010,switch_dr,n10000,1.7802814111562482,0.6965216628558677,0.7153918288961995,0.8219752977448285,2.722305948491597,0.0,0.7960452060518932
06,alpha,0.5,1010,dros,n10000,2.5895635265421335,0.6614760583587737,0.7153918288961995,0.8219752977448285,2.722305948491597,0.0,0.9358861049354382
06,alpha,0.25,1010,dm,n10000,nan,0.5537247921433252,0.7153918288961995,0.8219752977448285,2.722305948491597,0.0,nan
06,alpha,0.25,1010,ips,n10000,nan,0.7130906536758091,0.7153918288961995,0.8219752977448285,2.722305948491597,0.0,0.8219752977448285
06,alpha,0.25,1010,snips,n10000,nan,0.7137813281397027,0.7153918288961995,0.8219752977448285,2.722305948491597,0.0,0.8219752977448285
06,alpha,0.25,1010,clipped_ips,n10000,1.609212082524281,0.6937710062644921,0.7153918288961995,0.8219752977448285,2.722305948491597,0.0,0.840928936286457
06,alpha,0.25,1010,dr,n10000,nan,0.7138877657593486,0.7153918288961995,0.8219752977448285,2.722305948491597,0.0,0.8219752977448285
06,alpha,0.25,1010,switch_dr,n10000,1.7802814111562482,0.6860960604173666,0.7153918288961995,0.8219752977448285,2.722305948491597,0.0,0.7960452060518932
06,alpha,0.25,1010,dros,n10000,2.5895635265421335,0.6341322754341988,0.7153918288961995,0.8219752977448285,2.722305948491597,0.0,0.9358861049354382
06,alpha,0.0,1010,dm,n10000,nan,0.5,0.7153918288961995,0.8219752977448285,2.722305948491597,0.0,nan
06,alpha,0.0,1010,ips,n10000,nan,0.7130906536758091,0.7153918288961995,0.8219752977448285,2.722305948491597,0.0,0.8219752977448285
06,alpha,0.0,1010,snips,n10000,nan,0.7137813281397027,0.7153918288961995,0.8219752977448285,2.722305948491597,0.0,0.8219752977448285
06,alpha,0.0,1010,clipped_ips,n10000,1.609212082524281,0.6937710062644921,0.7153918288961995,0.8219752977448285,2.722305948491597,0.0,0.840928936286457
06,alpha,0.0,1010,dr,n10000,nan,0.7135744674410792,0.7153918288961995,0.8219752977448285,2.722305948491597,0.0,0.8219752977448285
06,alpha,0.0,1010,switch_dr,n10000,1.7802814111562482,0.6756704579788655,0.7153918288961995,0.8219752977448285,2.722305948491597,0.0,0.7960452060518932
06,alpha,0.0,1010,dros,n10000,2.5895635265421335,0.6067884925096239,0.7153918288961995,0.8219752977448285,2.722305948491597,0.0,0.9358861049354382
06,alpha,1.0,1011,dm,n10000,nan,0.7165339139740672,0.7153918288961995,0.8237656048942888,2.6094035360603445,0.0,nan
06,alpha,1.0,1011,ips,n10000,nan,0.7109609153309114,0.7153918288961995,0.8237656048942888,2.6094035360603445,0.0,0.8237656048942888
06,alpha,1.0,1011,snips,n10000,nan,0.712042419138169,0.7153918288961995,0.8237656048942888,2.6094035360603445,0.0,0.8237656048942888
06,alpha,1.0,1011,clipped_ips,n10000,1.601722464585634,0.6926728116762204,0.7153918288961995,0.8237656048942888,2.6094035360603445,0.0,0.8420914401795029
06,alpha,1.0,1011,dr,n10000,nan,0.712317934110236,0.7153918288961995,0.8237656048942888,2.6094035360603445,0.0,0.8237656048942888
06,alpha,1.0,1011,switch_dr,n10000,1.774841434193752,0.718359438847886,0.7153918288961995,0.8237656048942888,2.6094035360603445,0.0,0.7969546993613507
06,alpha,1.0,1011,dros,n10000,2.5655148535582777,0.7148752635751693,0.7153918288961995,0.8237656048942888,2.6094035360603445,0.0,0.9363122144952746
06,alpha,0.9,1011,dm,n10000,nan,0.6948805225766604,0.7153918288961995,0.8237656048942888,2.6094035360603445,0.0,nan
06,alpha,0.9,1011,ips,n10000,nan,0.7109609153309114,0.7153918288961995,0.8237656048942888,2.6094035360603445,0.0,0.8237656048942888
06,alpha,0.9,1011,snips,n10000,nan,0.712042419138169,0.7153918288961995,0.8237656048942888,2.6094035360603445,0.0,0.8237656048942888
06,alpha,0.9,1011,clipped_ips,n10000,1.601722464585634,0.6926728116762204,0.7153918288961995,0.8237656048942888,2.6094035360603445,0.0,0.8420914401795029
06,alpha,0.9,1011,dr,n10000,nan,0.7122581760088391,0.7153918288961995,0.8237656048942888,2.6094035360603445,0.0,0.8237656048942888
06,alpha,0.9,1011,switch_dr,n10000,1.774841434193752,0.7142857553383459,0.7153918288961995,0.8237656048942888,2.6094035360603445,0.0,0.7969546993613507
06,alpha,0.9,1011,dros,n10000,2.5655148535582777,0.7039072867892249,0.7153918288961995,0.8237656048942888,2.6094035360603445,0.0,0.9363122144952746
06,alpha,0.75,1011,dm,n10000,nan,0.6624004354805504,0.7153918288961995,0.8237656048942888,2.6094035360603445,0.0,nan
06,alpha,0.75,1011,ips,n10000,nan,0.7109609153309114,0.7153918288961995,0.8237656048942888,2.6094035360603445,0.0,0.8237656048942888
06,alpha,0.75,1011,snips,n10000,nan,0.712042419138169,0.7153918288961995,0.8237656048942888,2.6094035360603445,0.0,0.8237656048942888
06,alpha,0.75,1011,clipped_ips,n10000,1.601722464585634,0.6926728116762204,0.7153918288961995,0.8237656048942888,2.6094035360603445,0.0,0.8420914401795029
06,alpha,0.75,1011,dr,n10000,nan,0.7121685388567438,0.7153918288961995,0.8237656048942888,2.6094035360603445,0.0,0.8237656048942888
06,alpha,0.75,1011,switch_dr,n10000,1.774841434193752,0.7081752300740359,0.7153918288961995,0.8237656048942888,2.6094035360603445,0.0,0.7969546993613507
06,alpha,0.75,1011,dros,n10000,2.5655148535582777,0.6874553216103082,0.7153918288961995,0.8237656048942888,2.6094035360603445,0.0,0.9363122144952746
06,alpha,0.5,1011,dm,n10000,nan,0.6082669569870336,0.7153918288961995,0.8237656048942888,2.6094035360603445,0.0,nan
06,alpha,0.5,1011,ips,n10000,nan,0.7109609153309114,0.7153918288961995,0.8237656048942888,2.6094035360603445,0.0,0.8237656048942888
06,alpha,0.5,1011,snips,n10000,nan,0.712042419138169,0.7153918288961995,0.8237656048942888,2.6094035360603445,0.0,0.8237656048942888
06,alpha,0.5,1011,clipped_ips,n10000,1.601722464585634,0.6926728116762204,0.7153918288961995,0.8237656048942888,2.6094035360603445,0.0,0.8420914401795029
06,alpha,0.5,1011,dr,n10000,nan,0.7120191436032517,0.7153918288961995,0.8237656048942888,2.6094035360603445,0.0,0.8237656048942888
06,alpha,0.5,1011,switch_dr,n10000,1.774841434193752,0.6979910213001859,0.7153918288961995,0.8237656048942888,2.6094035360603445,0.0,0.7969546993613507
06,alpha,0.5,1011,dros,n10000,2.5655148535582777,0.6600353796454471,0.7153918288961995,0.8237656048942888,2.6094035360603445,0.0,0.9363122144952746
06,alpha,0.25,1011,dm,n10000,nan,0.5541334784935168,0.7153918288961995,0.8237656048942888,2.6094035360603445,0.0,nan
06,alpha,0.25,1011,ips,n10000,nan,0.7109609153309114,0.7153918288961995,0.8237656048942888,2.6094035360603445,0.0,0.8237656048942888
06,alpha,0.25,1011,snips,n10000,nan,0.712042419138169,0.7153918288961995,0.8237656048942888,2.6094035360603445,0.0,0.8237656048942888
06,alpha,0.25,1011,clipped_ips,n10000,1.601722464585634,0.6926728116762204,0.7153918288961995,0.8237656048942888,2.6094035360603445,0.0,0.8420914401795029
06,alpha,0.25,1011,dr,n10000,nan,0.7118697483497595,0.7153918288961995,0.8237656048942888,2.6094035360603445,0.0,0.8237656048942888
06,alpha,0.25,1011,switch_dr,n10000,1.774841434193752,0.6878068125263359,0.7153918288961995,0.8237656048942888,2.6094035360603445,0.0,0.7969546993613507
06,alpha,0.25,1011,dros,n10000,2.5655148535582777,0.632615437680586,0.7153918288961995,0.8237656048942888,2.6094035360603445,0.0,0.9363122144952746
06,alpha,0.0,1011,dm,n10000,nan,0.5,0.7153918288961995,0.8237656048942888,2.6094035360603445,0.0,nan
06,alpha,0.0,1011,ips,n10000,nan,0.7109609153309114,0.7153918288961995,0.8237656048942888,2.6094035360603445,0.0,0.8237656048942888
06,alpha,0.0,1011,snips,n10000,nan,0.712042419138169,0.7153918288961995,0.8237656048942888,2.6094035360603445,0.0,0.8237656048942888
06,alpha,0.0,1011,clipped_ips,n10000,1.601722464585634,0.6926728116762204,0.7153918288961995,0.8237656048942888,2.6094035360603445,0.0,0.8420914401795029
06,alpha,0.0,1011,dr,n10000,nan,0.7117203530962672,0.7153918288961995,0.8237656048942888,2.6094035360603445,0.0,0.8237656048942888
06,alpha,0.0,1011,switch_dr,n10000,1.774841434193752,0.6776226037524858,0.7153918288961995,0.8237656048942888,2.6094035360603445,0.0,0.7969546993613507
06,alpha,0.0,1011,dros,n10000,2.5655148535582777,0.605195495715725,0.7153918288961995,0.8237656048942888,2.6094035360603445,0.0,0.9363122144952746
06,alpha,1.0,1012,dm,n10000,nan,0.7160996246139036,0.7153918288961995,0.8243721421584426,2.8002006371836776,0.0,nan
06,alpha,1.0,1012,ips,n10000,nan,0.7324041185555817,0.7153918288961995,0.8243721421584426,2.8002006371836776,0.0,0.8243721421584426
06,alpha,1.0,1012,snips,n10000,nan,0.7279127302929711,0.7153918288961995,0.8243721421584426,2.8002006371836776,0.0,0.8243721421584426
06,alpha,1.0,1012,clipped_ips,n10000,1.6183797164497615,0.7133326621414833,0.7153918288961995,0.8243721421584426,2.8002006371836776,0.0,0.8421373958081877
06,alpha,1.0,1012,dr,n10000,nan,0.7260804249867524,0.7153918288961995,0.8243721421584426,2.8002006371836776,0.0,0.8243721421584426
06,alpha,1.0,1012,switch_dr,n10000,1.7701411328278225,0.725180846062722,0.7153918288961995,0.8243721421584426,2.8002006371836776,0.0,0.7974482965998347
06,alpha,1.0,1012,dros,n10000,2.6191529066160104,0.7221871096418249,0.7153918288961995,0.8243721421584426,2.8002006371836776,0.0,0.9358107178665361
06,alpha,0.9,1012,dm,n10000,nan,0.6944896621525134,0.7153918288961995,0.8243721421584426,2.8002006371836776,0.0,nan
06,alpha,0.9,1012,ips,n10000,nan,0.7324041185555817,0.7153918288961995,0.8243721421584426,2.8002006371836776,0.0,0.8243721421584426
06,alpha,0.9,1012,snips,n10000,nan,0.7279127302929711,0.7153918288961995,0.8243721421584426,2.8002006371836776,0.0,0.8243721421584426
06,alpha,0.9,1012,clipped_ips,n10000,1.6183797164497615,0.7133326621414833,0.7153918288961995,0.8243721421584426,2.8002006371836776,0.0,0.8421373958081877
06,alpha,0.9,1012,dr,n10000,nan,0.7264042828919397,0.7153918288961995,0.8243721421584426,2.8002006371836776,0.0,0.8243721421584426
06,alpha,0.9,1012,switch_dr,n10000,1.7701411328278225,0.72145924747379,0.7153918288961995,0.8243721421584426,2.8002006371836776,0.0,0.7974482965998347
06,alpha,0.9,1012,dros,n10000,2.6191529066160104,0.7115403577271739,0.7153918288961995,0.8243721421584426,2.8002006371836776,0.0,0.9358107178665361
06,alpha,0.75,1012,dm,n10000,nan,0.6620747184604278,0.7153918288961995,0.8243721421584426,2.8002006371836776,0.0,nan
06,alpha,0.75,1012,ips,n10000,nan,0.7324041185555817,0.7153918288961995,0.8243721421584426,2.8002006371836776,0.0,0.8243721421584426
06,alpha,0.75,1012,snips,n10000,nan,0.7279127302929711,0.7153918288961995,0.8243721421584426,2.8002006371836776,0.0,0.8243721421584426
06,alpha,0.75,1012,clipped_ips,n10000,1.6183797164497615,0.7133326621414833,0.7153918288961995,0.8243721421584426,2.8002006371836776,0.0,0.8421373958081877
06,alpha,0.75,1012,dr,n10000,nan,0.7268900697497203,0.7153918288961995,0.8243721421584426,2.8002006371836776,0.0,0.8243721421584426
06,alpha,0.75,1012,switch_dr,n10000,1.7701411328278225,0.7158768495903918,0.7153918288961995,0.8243721421584426,2.8002006371836776,0.0,0.7974482965998347
06,alpha,0.75,1012,dros,n10000,2.6191529066160104,0.6955702298551972,0.7153918288961995,0.8243721421584426,2.8002006371836776,0.0,0.9358107178665361
06,alpha,0.5,1012,dm,n10000,nan,0.6080498123069519,0.7153918288961995,0.8243721421584426,2.8002006371836776,0.0,nan
06,alpha,0.5,1012,ips,n10000,nan,0.7324041185555817,0.7153918288961995,0.8243721421584426,2.8002006371836776,0.0,0.8243721421584426
06,alpha,0.5,1012,snips,n10000,nan,0.7279127302929711,0.7153918288961995,0.8243721421584426,2.8002006371836776,0.0,0.8243721421584426
06,alpha,0.5,1012,clipped_ips,n10000,1.6183797164497615,0.7133326621414833,0.7153918288961995,0.8243721421584426,2.8002006371836776,0.0,0.8421373958081877
06,alpha,0.5,1012,dr,n10000,nan,0.7276997145126881,0.7153918288961995,0.8243721421584426,2.8002006371836776,0.0,0.8243721421584426
06,alpha,0.5,1012,switch_dr,n10000,1.7701411328278225,0.7065728531180615,0.7153918288961995,0.8243721421584426,2.8002006371836776,0.0,0.7974482965998347
06,alpha,0.5,1012,dros,n10000,2.6191529066160104,0.6689533500685696,0.7153918288961995,0.8243721421584426,2.8002006371836776,0.0,0.9358107178665361
06,alpha,0.25,1012,dm,n10000,nan,0.554024906153476,0.7153918288961995,0.8243721421584426,2.8002006371836776,0.0,nan
06,alpha,0.25,1012,ips,n10000,nan,0.7324041185555817,0.7153918288961995,0.8243721421584426,2.8002006371836776,0.0,0.8243721421584426
06,alpha,0.25,1012,snips,n10000,nan,0.7279127302929711,0.7153918288961995,0.8243721421584426,2.8002006371836776,0.0,0.8243721421584426
06,alpha,0.25,1012,clipped_ips,n10000,1.6183797164497615,0.7133326621414833,0.7153918288961995,0.8243721421584426,2.8002006371836776,0.0,0.8421373958081877
06,alpha,0.25,1012,dr,n10000,nan,0.728509359275656,0.7153918288961995,0.8243721421584426,2.8002006371836776,0.0,0.8243721421584426
06,alpha,0.25,1012,switch_dr,n10000,1.7701411328278225,0.6972688566457312,0.7153918288961995,0.8243721421584426,2.8002006371836776,0.0,0.7974482965998347
06,alpha,0.25,1012,dros,n10000,2.6191529066160104,0.6423364702819421,0.7153918288961995,0.8243721421584426,2.8002006371836776,0.0,0.9358107178665361
06,alpha,0.0,1012,dm,n10000,nan,0.5,0.7153918288961995,0.8243721421584426,2.8002006371836776,0.0,nan
06,alpha,0.0,1012,ips,n10000,nan,0.7324041185555817,0.7153918288961995,0.8243721421584426,2.8002006371836776,0.0,0.8243721421584426
06,alpha,0.0,1012,snips,n10000,nan,0.7279127302929711,0.7153918288961995,0.8243721421584426,2.8002006371836776,0.0,0.8243721421584426
06,alpha,0.0,1012,clipped_ips,n10000,1.6183797164497615,0.7133326621414833,0.7153918288961995,0.8243721421584426,2.8002006371836776,0.0,0.8421373958081877
06,alpha,0.0,1012,dr,n10000,nan,0.7293190040386238,0.7153918288961995,0.8243721421584426,2.8002006371836776,0.0,0.8243721421584426
06,alpha,0.0,1012,switch_dr,n10000,1.7701411328278225,0.6879648601734009,0.7153918288961995,0.8243721421584426,2.8002006371836776,0.0,0.7974482965998347
06,alpha,0.0,1012,dros,n10000,2.6191529066160104,0.6157195904953143,0.7153918288961995,0.8243721421584426,2.8002006371836776,0.0,0.9358107178665361
06,alpha,1.0,1013,dm,n10000,nan,0.7157088147249846,0.7153918288961995,0.8206724478968336,2.7484415486823215,0.0,nan
06,alpha,1.0,1013,ips,n10000,nan,0.7087994279989385,0.7153918288961995,0.8206724478968336,2.7484415486823215,0.0,0.8206724478968336
06,alpha,1.0,1013,snips,n10000,nan,0.7142705533110842,0.7153918288961995,0.8206724478968336,2.7484415486823215,0.0,0.8206724478968336
06,alpha,1.0,1013,clipped_ips,n10000,1.5937281780806416,0.6892665685970519,0.7153918288961995,0.8206724478968336,2.7484415486823215,0.0,0.8392504916290929
06,alpha,1.0,1013,dr,n10000,nan,0.7169993548191463,0.7153918288961995,0.8206724478968336,2.7484415486823215,0.0,0.8206724478968336
06,alpha,1.0,1013,switch_dr,n10000,1.7578693786934165,0.7178900522578134,0.7153918288961995,0.8206724478968336,2.7484415486823215,0.0,0.7941326941875254
06,alpha,1.0,1013,dros,n10000,2.539969505608241,0.7164814820555105,0.7153918288961995,0.8206724478968336,2.7484415486823215,0.0,0.9349049515865003
06,alpha,0.9,1013,dm,n10000,nan,0.6941379332524861,0.7153918288961995,0.8206724478968336,2.7484415486823215,0.0,nan
06,alpha,0.9,1013,ips,n10000,nan,0.7087994279989385,0.7153918288961995,0.8206724478968336,2.7484415486823215,0.0,0.8206724478968336
06,alpha,0.9,1013,snips,n10000,nan,0.7142705533110842,0.7153918288961995,0.8206724478968336,2.7484415486823215,0.0,0.8206724478968336
06,alpha,0.9,1013,clipped_ips,n10000,1.5937281780806416,0.6892665685970519,0.7153918288961995,0.8206724478968336,2.7484415486823215,0.0,0.8392504916290929
06,alpha,0.9,1013,dr,n10000,nan,0.7165623490380122,0.7153918288961995,0.8206724478968336,2.7484415486823215,0.0,0.8206724478968336
06,alpha,0.9,1013,switch_dr,n10000,1.7578693786934165,0.713446321078387,0.7153918288961995,0.8206724478968336,2.7484415486823215,0.0,0.7941326941875254
06,alpha,0.9,1013,dros,n10000,2.539969505608241,0.7052473289912568,0.7153918288961995,0.8206724478968336,2.7484415486823215,0.0,0.9349049515865003
06,alpha,0.75,1013,dm,n10000,nan,0.6617816110437384,0.7153918288961995,0.8206724478968336,2.7484415486823215,0.0,nan
06,alpha,0.75,1013,ips,n10000,nan,0.7087994279989385,0.7153918288961995,0.8206724478968336,2.7484415486823215,0.0,0.8206724478968336
06,alpha,0.75,1013,snips,n10000,nan,0.7142705533110842,0.7153918288961995,0.8206724478968336,2.7484415486823215,0.0,0.8206724478968336
06,alpha,0.75,1013,clipped_ips,n10000,1.5937281780806416,0.6892665685970519,0.7153918288961995,0.8206724478968336,2.7484415486823215,0.0,0.8392504916290929
06,alpha,0.75,1013,dr,n10000,nan,0.7159068403663112,0.7153918288961995,0.8206724478968336,2.7484415486823215,0.0,0.8206724478968336
06,alpha,0.75,1013,switch_dr,n10000,1.7578693786934165,0.7067807243092474,0.7153918288961995,0.8206724478968336,2.7484415486823215,0.0,0.7941326941875254
06,alpha,0.75,1013,dros,n10000,2.539969505608241,0.6883960993948763,0.7153918288961995,0.8206724478968336,2.7484415486823215,0.0,0.9349049515865003
06,alpha,0.5,1013,dm,n10000,nan,0.6078544073624922,0.7153918288961995,0.8206724478968336,2.7484415486823215,0.0,nan
06,alpha,0.5,1013,ips,n10000,nan,0.7087994279989385,0.7153918288961995,0.8206724478968336,2.7484415486823215,0.0,0.8206724478968336
06,alpha,0.5,1013,snips,n10000,nan,0.7142705533110842,0.7153918288961995,0.8206724478968336,2.7484415486823215,0.0,0.8206724478968336
06,alpha,0.5,1013,clipped_ips,n10000,1.5937281780806416,0.6892665685970519,0.7153918288961995,0.8206724478968336,2.7484415486823215,0.0,0.8392504916290929
06,alpha,0.5,1013,dr,n10000,nan,0.714814325913476,0.7153918288961995,0.8206724478968336,2.7484415486823215,0.0,0.8206724478968336
06,alpha,0.5,1013,switch_dr,n10000,1.7578693786934165,0.6956713963606814,0.7153918288961995,0.8206724478968336,2.7484415486823215,0.0,0.7941326941875254
06,alpha,0.5,1013,dros,n10000,2.539969505608241,0.6603107167342419,0.7153918288961995,0.8206724478968336,2.7484415486823215,0.0,0.9349049515865003
06,alpha,0.25,1013,dm,n10000,nan,0.5539272036812461,0.7153918288961995,0.8206724478968336,2.7484415486823215,0.0,nan
06,alpha,0.25,1013,ips,n10000,nan,0.7087994279989385,0.7153918288961995,0.8206724478968336,2.7484415486823215,0.0,0.8206724478968336
06,alpha,0.25,1013,snips,n10000,nan,0.7142705533110842,0.7153918288961995,0.8206724478968336,2.7484415486823215,0.0,0.8206724478968336
06,alpha,0.25,1013,clipped_ips,n10000,1.5937281780806416,0.6892665685970519,0.7153918288961995,0.8206724478968336,2.7484415486823215,0.0,0.8392504916290929
06,alpha,0.25,1013,dr,n10000,nan,0.7137218114606412,0.7153918288961995,0.8206724478968336,2.7484415486823215,0.0,0.8206724478968336
06,alpha,0.25,1013,switch_dr,n10000,1.7578693786934165,0.6845620684121155,0.7153918288961995,0.8206724478968336,2.7484415486823215,0.0,0.7941326941875254
06,alpha,0.25,1013,dros,n10000,2.539969505608241,0.6322253340736078,0.7153918288961995,0.8206724478968336,2.7484415486823215,0.0,0.9349049515865003
06,alpha,0.0,1013,dm,n10000,nan,0.5,0.7153918288961995,0.8206724478968336,2.7484415486823215,0.0,nan
06,alpha,0.0,1013,ips,n10000,nan,0.7087994279989385,0.7153918288961995,0.8206724478968336,2.7484415486823215,0.0,0.8206724478968336
06,alpha,0.0,1013,snips,n10000,nan,0.7142705533110842,0.7153918288961995,0.8206724478968336,2.7484415486823215,0.0,0.8206724478968336
06,alpha,0.0,1013,clipped_ips,n10000,1.5937281780806416,0.6892665685970519,0.7153918288961995,0.8206724478968336,2.7484415486823215,0.0,0.8392504916290929
06,alpha,0.0,1013,dr,n10000,nan,0.7126292970078061,0.7153918288961995,0.8206724478968336,2.7484415486823215,0.0,0.8206724478968336
06,alpha,0.0,1013,switch_dr,n10000,1.7578693786934165,0.6734527404635495,0.7153918288961995,0.8206724478968336,2.7484415486823215,0.0,0.7941326941875254
06,alpha,0.0,1013,dros,n10000,2.539969505608241,0.6041399514129736,0.7153918288961995,0.8206724478968336,2.7484415486823215,0.0,0.9349049515865003
06,alpha,1.0,1014,dm,n10000,nan,0.7147563823033637,0.7153918288961995,0.8234480809075789,2.7606571691172337,0.0,nan
06,alpha,1.0,1014,ips,n10000,nan,0.7152257346399618,0.7153918288961995,0.8234480809075789,2.7606571691172337,0.0,0.8234480809075789
06,alpha,1.0,1014,snips,n10000,nan,0.7149987737103303,0.7153918288961995,0.8234480809075789,2.7606571691172337,0.0,0.8234480809075789
06,alpha,1.0,1014,clipped_ips,n10000,1.600124260831455,0.695806043432457,0.7153918288961995,0.8234480809075789,2.7606571691172337,0.0,0.8416473678097491
06,alpha,1.0,1014,dr,n10000,nan,0.7150965313829865,0.7153918288961995,0.8234480809075789,2.7606571691172337,0.0,0.8234480809075789
06,alpha,1.0,1014,switch_dr,n10000,1.7739793877440118,0.7157335930180512,0.7153918288961995,0.8234480809075789,2.7606571691172337,0.0,0.7963530644296118
06,alpha,1.0,1014,dros,n10000,2.56039765010141,0.714429552404414,0.7153918288961995,0.8234480809075789,2.7606571691172337,0.0,0.9356061067980268
06,alpha,0.9,1014,dm,n10000,nan,0.6932807440730274,0.7153918288961995,0.8234480809075789,2.7606571691172337,0.0,nan
06,alpha,0.9,1014,ips,n10000,nan,0.7152257346399618,0.7153918288961995,0.8234480809075789,2.7606571691172337,0.0,0.8234480809075789
06,alpha,0.9,1014,snips,n10000,nan,0.7149987737103303,0.7153918288961995,0.8234480809075789,2.7606571691172337,0.0,0.8234480809075789
06,alpha,0.9,1014,clipped_ips,n10000,1.600124260831455,0.695806043432457,0.7153918288961995,0.8234480809075789,2.7606571691172337,0.0,0.8416473678097491
06,alpha,0.9,1014,dr,n10000,nan,0.7150935802877826,0.7153918288961995,0.8234480809075789,2.7606571691172337,0.0,0.8234480809075789
06,alpha,0.9,1014,switch_dr,n10000,1.7739793877440118,0.7116649906665208,0.7153918288961995,0.8234480809075789,2.7606571691172337,0.0,0.7963530644296118
06,alpha,0.9,1014,dros,n10000,2.56039765010141,0.7035442588006342,0.7153918288961995,0.8234480809075789,2.7606571691172337,0.0,0.9356061067980268
06,alpha,0.75,1014,dm,n10000,nan,0.6610672867275228,0.7153918288961995,0.8234480809075789,2.7606571691172337,0.0,nan
06,alpha,0.75,1014,ips,n10000,nan,0.7152257346399618,0.7153918288961995,0.8234480809075789,2.7606571691172337,0.0,0.8234480809075789
06,alpha,0.75,1014,snips,n10000,nan,0.7149987737103303,0.7153918288961995,0.8234480809075789,2.7606571691172337,0.0,0.8234480809075789
06,alpha,0.75,1014,clipped_ips,n10000,1.600124260831455,0.695806043432457,0.7153918288961995,0.8234480809075789,2.7606571691172337,0.0,0.8416473678097491
06,alpha,0.75,1014,dr,n10000,nan,0.7150891536449767,0.7153918288961995,0.8234480809075789,2.7606571691172337,0.0,0.8234480809075789
06,alpha,0.75,1014,switch_dr,n10000,1.7739793877440118,0.705562087139225,0.7153918288961995,0.8234480809075789,2.7606571691172337,0.0,0.7963530644296118
06,alpha,0.75,1014,dros,n10000,2.56039765010141,0.6872163183949644,0.7153918288961995,0.8234480809075789,2.7606571691172337,0.0,0.9356061067980268
06,alpha,0.5,1014,dm,n10000,nan,0.6073781911516819,0.7153918288961995,0.8234480809075789,2.7606571691172337,0.0,nan
06,alpha,0.5,1014,ips,n10000,nan,0.7152257346399618,0.7153918288961995,0.8234480809075789,2.7606571691172337,0.0,0.8234480809075789
06,alpha,0.5,1014,snips,n10000,nan,0.7149987737103303,0.7153918288961995,0.8234480809075789,2.7606571691172337,0.0,0.8234480809075789
06,alpha,0.5,1014,clipped_ips,n10000,1.600124260831455,0.695806043432457,0.7153918288961995,0.8234480809075789,2.7606571691172337,0.0,0.8416473678097491
06,alpha,0.5,1014,dr,n10000,nan,0.7150817759069669,0.7153918288961995,0.8234480809075789,2.7606571691172337,0.0,0.8234480809075789
06,alpha,0.5,1014,switch_dr,n10000,1.7739793877440118,0.6953905812603988,0.7153918288961995,0.8234480809075789,2.7606571691172337,0.0,0.7963530644296118
06,alpha,0.5,1014,dros,n10000,2.56039765010141,0.6600030843855149,0.7153918288961995,0.8234480809075789,2.7606571691172337,0.0,0.9356061067980268
06,alpha,0.25,1014,dm,n10000,nan,0.5536890955758409,0.7153918288961995,0.8234480809075789,2.7606571691172337,0.0,nan
06,alpha,0.25,1014,ips,n10000,nan,0.7152257346399618,0.7153918288961995,0.8234480809075789,2.7606571691172337,0.0,0.8234480809075789
06,alpha,0.25,1014,snips,n10000,nan,0.7149987737103303,0.7153918288961995,0.8234480809075789,2.7606571691172337,0.0,0.8234480809075789
06,alpha,0.25,1014,clipped_ips,n10000,1.600124260831455,0.695806043432457,0.7153918288961995,0.8234480809075789,2.7606571691172337,0.0,0.8416473678097491
06,alpha,0.25,1014,dr,n10000,nan,0.715074398168957,0.7153918288961995,0.8234480809075789,2.7606571691172337,0.0,0.8234480809075789
06,alpha,0.25,1014,switch_dr,n10000,1.7739793877440118,0.6852190753815725,0.7153918288961995,0.8234480809075789,2.7606571691172337,0.0,0.7963530644296118
06,alpha,0.25,1014,dros,n10000,2.56039765010141,0.6327898503760652,0.7153918288961995,0.8234480809075789,2.7606571691172337,0.0,0.9356061067980268
06,alpha,0.0,1014,dm,n10000,nan,0.5,0.7153918288961995,0.8234480809075789,2.7606571691172337,0.0,nan
06,alpha,0.0,1014,ips,n10000,nan,0.7152257346399618,0.7153918288961995,0.8234480809075789,2.7606571691172337,0.0,0.8234480809075789
06,alpha,0.0,1014,snips,n10000,nan,0.7149987737103303,0.7153918288961995,0.8234480809075789,2.7606571691172337,0.0,0.8234480809075789
06,alpha,0.0,1014,clipped_ips,n10000,1.600124260831455,0.695806043432457,0.7153918288961995,0.8234480809075789,2.7606571691172337,0.0,0.8416473678097491
06,alpha,0.0,1014,dr,n10000,nan,0.7150670204309473,0.7153918288961995,0.8234480809075789,2.7606571691172337,0.0,0.8234480809075789
06,alpha,0.0,1014,switch_dr,n10000,1.7739793877440118,0.6750475695027462,0.7153918288961995,0.8234480809075789,2.7606571691172337,0.0,0.7963530644296118
06,alpha,0.0,1014,dros,n10000,2.56039765010141,0.6055766163666156,0.7153918288961995,0.8234480809075789,2.7606571691172337,0.0,0.9356061067980268
06,alpha,1.0,1015,dm,n10000,nan,0.7144575536691703,0.7153918288961995,0.8226587829028648,2.7977602058443694,0.0,nan
06,alpha,1.0,1015,ips,n10000,nan,0.7094190652320173,0.7153918288961995,0.8226587829028648,2.7977602058443694,0.0,0.8226587829028648
06,alpha,1.0,1015,snips,n10000,nan,0.710818091193537,0.7153918288961995,0.8226587829028648,2.7977602058443694,0.0,0.8226587829028648
06,alpha,1.0,1015,clipped_ips,n10000,1.6073608109228403,0.690285580872394,0.7153918288961995,0.8226587829028648,2.7977602058443694,0.0,0.8405669225776075
06,alpha,1.0,1015,dr,n10000,nan,0.7116550611906786,0.7153918288961995,0.8226587829028648,2.7977602058443694,0.0,0.8226587829028648
06,alpha,1.0,1015,switch_dr,n10000,1.7599085648286958,0.7101319646536192,0.7153918288961995,0.8226587829028648,2.7977602058443694,0.0,0.7959376418484141
06,alpha,1.0,1015,dros,n10000,2.583608776490531,0.7131196824272089,0.7153918288961995,0.8226587829028648,2.7977602058443694,0.0,0.9350701903724801
06,alpha,0.9,1015,dm,n10000,nan,0.6930117983022533,0.7153918288961995,0.8226587829028648,2.7977602058443694,0.0,nan
06,alpha,0.9,1015,ips,n10000,nan,0.7094190652320173,0.7153918288961995,0.8226587829028648,2.7977602058443694,0.0,0.8226587829028648
06,alpha,0.9,1015,snips,n10000,nan,0.710818091193537,0.7153918288961995,0.8226587829028648,2.7977602058443694,0.0,0.8226587829028648
06,alpha,0.9,1015,clipped_ips,n10000,1.6073608109228403,0.690285580872394,0.7153918288961995,0.8226587829028648,2.7977602058443694,0.0,0.8405669225776075
06,alpha,0.9,1015,dr,n10000,nan,0.7115298711583037,0.7153918288961995,0.8226587829028648,2.7977602058443694,0.0,0.8226587829028648
06,alpha,0.9,1015,switch_dr,n10000,1.7599085648286958,0.7059456281705649,0.7153918288961995,0.8226587829028648,2.7977602058443694,0.0,0.7959376418484141
06,alpha,0.9,1015,dros,n10000,2.583608776490531,0.7022097418401491,0.7153918288961995,0.8226587829028648,2.7977602058443694,0.0,0.9350701903724801
06,alpha,0.75,1015,dm,n10000,nan,0.6608431652518779,0.7153918288961995,0.8226587829028648,2.7977602058443694,0.0,nan
06,alpha,0.75,1015,ips,n10000,nan,0.7094190652320173,0.7153918288961995,0.8226587829028648,2.7977602058443694,0.0,0.8226587829028648
06,alpha,0.75,1015,snips,n10000,nan,0.710818091193537,0.7153918288961995,0.8226587829028648,2.7977602058443694,0.0,0.8226587829028648
06,alpha,0.75,1015,clipped_ips,n10000,1.6073608109228403,0.690285580872394,0.7153918288961995,0.8226587829028648,2.7977602058443694,0.0,0.8405669225776075
06,alpha,0.75,1015,dr,n10000,nan,0.7113420861097414,0.7153918288961995,0.8226587829028648,2.7977602058443694,0.0,0.8226587829028648
06,alpha,0.75,1015,switch_dr,n10000,1.7599085648286958,0.6996661234459837,0.7153918288961995,0.8226587829028648,2.7977602058443694,0.0,0.7959376418484141
06,alpha,0.75,1015,dros,n10000,2.583608776490531,0.6858448309595592,0.7153918288961995,0.8226587829028648,2.7977602058443694,0.0,0.9350701903724801
06,alpha,0.5,1015,dm,n10000,nan,0.6072287768345852,0.7153918288961995,0.8226587829028648,2.7977602058443694,0.0,nan
06,alpha,0.5,1015,ips,n10000,nan,0.7094190652320173,0.7153918288961995,0.8226587829028648,2.7977602058443694,0.0,0.8226587829028648
06,alpha,0.5,1015,snips,n10000,nan,0.710818091193537,0.7153918288961995,0.8226587829028648,2.7977602058443694,0.0,0.8226587829028648
06,alpha,0.5,1015,clipped_ips,n10000,1.6073608109228403,0.690285580872394,0.7153918288961995,0.8226587829028648,2.7977602058443694,0.0,0.8405669225776075
06,alpha,0.5,1015,dr,n10000,nan,0.7110291110288038,0.7153918288961995,0.8226587829028648,2.7977602058443694,0.0,0.8226587829028648
06,alpha,0.5,1015,switch_dr,n10000,1.7599085648286958,0.6892002822383478,0.7153918288961995,0.8226587829028648,2.7977602058443694,0.0,0.7959376418484141
06,alpha,0.5,1015,dros,n10000,2.583608776490531,0.6585699794919092,0.7153918288961995,0.8226587829028648,2.7977602058443694,0.0,0.9350701903724801
06,alpha,0.25,1015,dm,n10000,nan,0.5536143884172926,0.7153918288961995,0.8226587829028648,2.7977602058443694,0.0,nan
06,alpha,0.25,1015,ips,n10000,nan,0.7094190652320173,0.7153918288961995,0.8226587829028648,2.7977602058443694,0.0,0.8226587829028648
06,alpha,0.25,1015,snips,n10000,nan,0.710818091193537,0.7153918288961995,0.8226587829028648,2.7977602058443694,0.0,0.8226587829028648
06,alpha,0.25,1015,clipped_ips,n10000,1.6073608109228403,0.690285580872394,0.7153918288961995,0.8226587829028648,2.7977602058443694,0.0,0.8405669225776075
06,alpha,0.25,1015,dr,n10000,nan,0.7107161359478664,0.7153918288961995,0.8226587829028648,2.7977602058443694,0.0,0.8226587829028648
06,alpha,0.25,1015,switch_dr,n10000,1.7599085648286958,0.6787344410307121,0.7153918288961995,0.8226587829028648,2.7977602058443694,0.0,0.7959376418484141
06,alpha,0.25,1015,dros,n10000,2.583608776490531,0.6312951280242594,0.7153918288961995,0.8226587829028648,2.7977602058443694,0.0,0.9350701903724801
06,alpha,0.0,1015,dm,n10000,nan,0.5,0.7153918288961995,0.8226587829028648,2.7977602058443694,0.0,nan
06,alpha,0.0,1015,ips,n10000,nan,0.7094190652320173,0.7153918288961995,0.8226587829028648,2.7977602058443694,0.0,0.8226587829028648
06,alpha,0.0,1015,snips,n10000,nan,0.710818091193537,0.7153918288961995,0.8226587829028648,2.7977602058443694,0.0,0.8226587829028648
06,alpha,0.0,1015,clipped_ips,n10000,1.6073608109228403,0.690285580872394,0.7153918288961995,0.8226587829028648,2.7977602058443694,0.0,0.8405669225776075
06,alpha,0.0,1015,dr,n10000,nan,0.710403160866929,0.7153918288961995,0.8226587829028648,2.7977602058443694,0.0,0.8226587829028648
06,alpha,0.0,1015,switch_dr,n10000,1.7599085648286958,0.6682685998230764,0.7153918288961995,0.8226587829028648,2.7977602058443694,0.0,0.7959376418484141
06,alpha,0.0,1015,dros,n10000,2.583608776490531,0.6040202765566094,0.7153918288961995,0.8226587829028648,2.7977602058443694,0.0,0.9350701903724801
06,alpha,1.0,1016,dm,n10000,nan,0.7180462678585192,0.7153918288961995,0.8225817871717698,2.659992457813516,0.0,nan
06,alpha,1.0,1016,ips,n10000,nan,0.7151983157627757,0.7153918288961995,0.8225817871717698,2.659992457813516,0.0,0.8225817871717698
06,alpha,1.0,1016,snips,n10000,nan,0.7169473762250494,0.7153918288961995,0.8225817871717698,2.659992457813516,0.0,0.8225817871717698
06,alpha,1.0,1016,clipped_ips,n10000,1.6053768486418096,0.6958247116219464,0.7153918288961995,0.8225817871717698,2.659992457813516,0.0,0.8412101965216572
06,alpha,1.0,1016,dr,n10000,nan,0.718947178832656,0.7153918288961995,0.8225817871717698,2.659992457813516,0.0,0.8225817871717698
06,alpha,1.0,1016,switch_dr,n10000,1.768398369525428,0.72009025203499,0.7153918288961995,0.8225817871717698,2.659992457813516,0.0,0.796299161997232
06,alpha,1.0,1016,dros,n10000,2.5772348261551077,0.7191890577931829,0.7153918288961995,0.8225817871717698,2.659992457813516,0.0,0.9359250095357547
06,alpha,0.9,1016,dm,n10000,nan,0.6962416410726673,0.7153918288961995,0.8225817871717698,2.659992457813516,0.0,nan
06,alpha,0.9,1016,ips,n10000,nan,0.7151983157627757,0.7153918288961995,0.8225817871717698,2.659992457813516,0.0,0.8225817871717698
06,alpha,0.9,1016,snips,n10000,nan,0.7169473762250494,0.7153918288961995,0.8225817871717698,2.659992457813516,0.0,0.8225817871717698
06,alpha,0.9,1016,clipped_ips,n10000,1.6053768486418096,0.6958247116219464,0.7153918288961995,0.8225817871717698,2.659992457813516,0.0,0.8412101965216572
06,alpha,0.9,1016,dr,n10000,nan,0.7186942722218267,0.7153918288961995,0.8225817871717698,2.659992457813516,0.0,0.8225817871717698
06,alpha,0.9,1016,switch_dr,n10000,1.768398369525428,0.7157981918763642,0.7153918288961995,0.8225817871717698,2.659992457813516,0.0,0.796299161997232
06,alpha,0.9,1016,dros,n10000,2.5772348261551077,0.7080984220408577,0.7153918288961995,0.8225817871717698,2.659992457813516,0.0,0.9359250095357547
06,alpha,0.75,1016,dm,n10000,nan,0.6635347008938894,0.7153918288961995,0.8225817871717698,2.659992457813516,0.0,nan
06,alpha,0.75,1016,ips,n10000,nan,0.7151983157627757,0.7153918288961995,0.8225817871717698,2.659992457813516,0.0,0.8225817871717698
06,alpha,0.75,1016,snips,n10000,nan,0.7169473762250494,0.7153918288961995,0.8225817871717698,2.659992457813516,0.0,0.8225817871717698
06,alpha,0.75,1016,clipped_ips,n10000,1.6053768486418096,0.6958247116219464,0.7153918288961995,0.8225817871717698,2.659992457813516,0.0,0.8412101965216572
06,alpha,0.75,1016,dr,n10000,nan,0.7183149123055826,0.7153918288961995,0.8225817871717698,2.659992457813516,0.0,0.8225817871717698
06,alpha,0.75,1016,switch_dr,n10000,1.768398369525428,0.7093601016384256,0.7153918288961995,0.8225817871717698,2.659992457813516,0.0,0.796299161997232
06,alpha,0.75,1016,dros,n10000,2.5772348261551077,0.69146246841237,0.7153918288961995,0.8225817871717698,2.659992457813516,0.0,0.9359250095357547
06,alpha,0.5,1016,dm,n10000,nan,0.6090231339292597,0.7153918288961995,0.8225817871717698,2.659992457813516,0.0,nan
06,alpha,0.5,1016,ips,n10000,nan,0.7151983157627757,0.7153918288961995,0.8225817871717698,2.659992457813516,0.0,0.8225817871717698
06,alpha,0.5,1016,snips,n10000,nan,0.7169473762250494,0.7153918288961995,0.8225817871717698,2.659992457813516,0.0,0.8225817871717698
06,alpha,0.5,1016,clipped_ips,n10000,1.6053768486418096,0.6958247116219464,0.7153918288961995,0.8225817871717698,2.659992457813516,0.0,0.8412101965216572
06,alpha,0.5,1016,dr,n10000,nan,0.7176826457785093,0.7153918288961995,0.8225817871717698,2.659992457813516,0.0,0.8225817871717698
06,alpha,0.5,1016,switch_dr,n10000,1.768398369525428,0.6986299512418611,0.7153918288961995,0.8225817871717698,2.659992457813516,0.0,0.796299161997232
06,alpha,0.5,1016,dros,n10000,2.5772348261551077,0.6637358790315571,0.7153918288961995,0.8225817871717698,2.659992457813516,0.0,0.9359250095357547
06,alpha,0.25,1016,dm,n10000,nan,0.5545115669646299,0.7153918288961995,0.8225817871717698,2.659992457813516,0.0,nan
06,alpha,0.25,1016,ips,n10000,nan,0.7151983157627757,0.7153918288961995,0.8225817871717698,2.659992457813516,0.0,0.8225817871717698
06,alpha,0.25,1016,snips,n10000,nan,0.7169473762250494,0.7153918288961995,0.8225817871717698,2.659992457813516,0.0,0.8225817871717698
06,alpha,0.25,1016,clipped_ips,n10000,1.6053768486418096,0.6958247116219464,0.7153918288961995,0.8225817871717698,2.659992457813516,0.0,0.8412101965216572
06,alpha,0.25,1016,dr,n10000,nan,0.7170503792514359,0.7153918288961995,0.8225817871717698,2.659992457813516,0.0,0.8225817871717698
06,alpha,0.25,1016,switch_dr,n10000,1.768398369525428,0.6878998008452966,0.7153918288961995,0.8225817871717698,2.659992457813516,0.0,0.796299161997232
06,alpha,0.25,1016,dros,n10000,2.5772348261551077,0.6360092896507442,0.7153918288961995,0.8225817871717698,2.659992457813516,0.0,0.9359250095357547
06,alpha,0.0,1016,dm,n10000,nan,0.5,0.7153918288961995,0.8225817871717698,2.659992457813516,0.0,nan
06,alpha,0.0,1016,ips,n10000,nan,0.7151983157627757,0.7153918288961995,0.8225817871717698,2.659992457813516,0.0,0.8225817871717698
06,alpha,0.0,1016,snips,n10000,nan,0.7169473762250494,0.7153918288961995,0.8225817871717698,2.659992457813516,0.0,0.8225817871717698
06,alpha,0.0,1016,clipped_ips,n10000,1.6053768486418096,0.6958247116219464,0.7153918288961995,0.8225817871717698,2.659992457813516,0.0,0.8412101965216572
06,alpha,0.0,1016,dr,n10000,nan,0.7164181127243624,0.7153918288961995,0.8225817871717698,2.659992457813516,0.0,0.8225817871717698
06,alpha,0.0,1016,switch_dr,n10000,1.768398369525428,0.677169650448732,0.7153918288961995,0.8225817871717698,2.659992457813516,0.0,0.796299161997232
06,alpha,0.0,1016,dros,n10000,2.5772348261551077,0.6082827002699313,0.7153918288961995,0.8225817871717698,2.659992457813516,0.0,0.9359250095357547
06,alpha,1.0,1017,dm,n10000,nan,0.7144433594550903,0.7153918288961995,0.8223794022710401,2.7369894859967614,0.0,nan
06,alpha,1.0,1017,ips,n10000,nan,0.7073512385008729,0.7153918288961995,0.8223794022710401,2.7369894859967614,0.0,0.8223794022710401
06,alpha,1.0,1017,snips,n10000,nan,0.7088358340919113,0.7153918288961995,0.8223794022710401,2.7369894859967614,0.0,0.8223794022710401
06,alpha,1.0,1017,clipped_ips,n10000,1.6012470320289793,0.686506792055553,0.7153918288961995,0.8223794022710401,2.7369894859967614,0.0,0.8417702644964272
06,alpha,1.0,1017,dr,n10000,nan,0.7099731376403389,0.7153918288961995,0.8223794022710401,2.7369894859967614,0.0,0.8223794022710401
06,alpha,1.0,1017,switch_dr,n10000,1.7763514969127792,0.7094221699529708,0.7153918288961995,0.8223794022710401,2.7369894859967614,0.0,0.7965532682809126
06,alpha,1.0,1017,dros,n10000,2.5639920575816153,0.7112353373223592,0.7153918288961995,0.8223794022710401,2.7369894859967614,0.0,0.9364547657177494
06,alpha,0.9,1017,dm,n10000,nan,0.6929990235095813,0.7153918288961995,0.8223794022710401,2.7369894859967614,0.0,nan
06,alpha,0.9,1017,ips,n10000,nan,0.7073512385008729,0.7153918288961995,0.8223794022710401,2.7369894859967614,0.0,0.8223794022710401
06,alpha,0.9,1017,snips,n10000,nan,0.7088358340919113,0.7153918288961995,0.8223794022710401,2.7369894859967614,0.0,0.8223794022710401
06,alpha,0.9,1017,clipped_ips,n10000,1.6012470320289793,0.686506792055553,0.7153918288961995,0.8223794022710401,2.7369894859967614,0.0,0.8417702644964272
06,alpha,0.9,1017,dr,n10000,nan,0.7098156684190856,0.7153918288961995,0.8223794022710401,2.7369894859967614,0.0,0.8223794022710401
06,alpha,0.9,1017,switch_dr,n10000,1.7763514969127792,0.7051400759034454,0.7153918288961995,0.8223794022710401,2.7369894859967614,0.0,0.7965532682809126
06,alpha,0.9,1017,dros,n10000,2.5639920575816153,0.7002506444442584,0.7153918288961995,0.8223794022710401,2.7369894859967614,0.0,0.9364547657177494
06,alpha,0.75,1017,dm,n10000,nan,0.6608325195913177,0.7153918288961995,0.8223794022710401,2.7369894859967614,0.0,nan
06,alpha,0.75,1017,ips,n10000,nan,0.7073512385008729,0.7153918288961995,0.8223794022710401,2.7369894859967614,0.0,0.8223794022710401
06,alpha,0.75,1017,snips,n10000,nan,0.7088358340919113,0.7153918288961995,0.8223794022710401,2.7369894859967614,0.0,0.8223794022710401
06,alpha,0.75,1017,clipped_ips,n10000,1.6012470320289793,0.686506792055553,0.7153918288961995,0.8223794022710401,2.7369894859967614,0.0,0.8417702644964272
06,alpha,0.75,1017,dr,n10000,nan,0.7095794645872056,0.7153918288961995,0.8223794022710401,2.7369894859967614,0.0,0.8223794022710401
06,alpha,0.75,1017,switch_dr,n10000,1.7763514969127792,0.6987169348291572,0.7153918288961995,0.8223794022710401,2.7369894859967614,0.0,0.7965532682809126
06,alpha,0.75,1017,dros,n10000,2.5639920575816153,0.683773605127107,0.7153918288961995,0.8223794022710401,2.7369894859967614,0.0,0.9364547657177494
06,alpha,0.5,1017,dm,n10000,nan,0.6072216797275453,0.7153918288961995,0.8223794022710401,2.7369894859967614,0.0,nan
06,alpha,0.5,1017,ips,n10000,nan,0.7073512385008729,0.7153918288961995,0.8223794022710401,2.7369894859967614,0.0,0.8223794022710401
06,alpha,0.5,1017,snips,n10000,nan,0.7088358340919113,0.7153918288961995,0.8223794022710401,2.7369894859967614,0.0,0.8223794022710401
06,alpha,0.5,1017,clipped_ips,n10000,1.6012470320289793,0.686506792055553,0.7153918288961995,0.8223794022710401,2.7369894859967614,0.0,0.8417702644964272
06,alpha,0.5,1017,dr,n10000,nan,0.7091857915340724,0.7153918288961995,0.8223794022710401,2.7369894859967614,0.0,0.8223794022710401
06,alpha,0.5,1017,switch_dr,n10000,1.7763514969127792,0.6880116997053436,0.7153918288961995,0.8223794022710401,2.7369894859967614,0.0,0.7965532682809126
06,alpha,0.5,1017,dros,n10000,2.5639920575816153,0.656311872931855,0.7153918288961995,0.8223794022710401,2.7369894859967614,0.0,0.9364547657177494
06,alpha,0.25,1017,dm,n10000,nan,0.5536108398637726,0.7153918288961995,0.8223794022710401,2.7369894859967614,0.0,nan
06,alpha,0.25,1017,ips,n10000,nan,0.7073512385008729,0.7153918288961995,0.8223794022710401,2.7369894859967614,0.0,0.8223794022710401
06,alpha,0.25,1017,snips,n10000,nan,0.7088358340919113,0.7153918288961995,0.8223794022710401,2.7369894859967614,0.0,0.8223794022710401
06,alpha,0.25,1017,clipped_ips,n10000,1.6012470320289793,0.686506792055553,0.7153918288961995,0.8223794022710401,2.7369894859967614,0.0,0.8417702644964272
06,alpha,0.25,1017,dr,n10000,nan,0.7087921184809389,0.7153918288961995,0.8223794022710401,2.7369894859967614,0.0,0.8223794022710401
06,alpha,0.25,1017,switch_dr,n10000,1.7763514969127792,0.6773064645815299,0.7153918288961995,0.8223794022710401,2.7369894859967614,0.0,0.7965532682809126
06,alpha,0.25,1017,dros,n10000,2.5639920575816153,0.6288501407366026,0.7153918288961995,0.8223794022710401,2.7369894859967614,0.0,0.9364547657177494
06,alpha,0.0,1017,dm,n10000,nan,0.5,0.7153918288961995,0.8223794022710401,2.7369894859967614,0.0,nan
06,alpha,0.0,1017,ips,n10000,nan,0.7073512385008729,0.7153918288961995,0.8223794022710401,2.7369894859967614,0.0,0.8223794022710401
06,alpha,0.0,1017,snips,n10000,nan,0.7088358340919113,0.7153918288961995,0.8223794022710401,2.7369894859967614,0.0,0.8223794022710401
06,alpha,0.0,1017,clipped_ips,n10000,1.6012470320289793,0.686506792055553,0.7153918288961995,0.8223794022710401,2.7369894859967614,0.0,0.8417702644964272
06,alpha,0.0,1017,dr,n10000,nan,0.7083984454278056,0.7153918288961995,0.8223794022710401,2.7369894859967614,0.0,0.8223794022710401
06,alpha,0.0,1017,switch_dr,n10000,1.7763514969127792,0.6666012294577162,0.7153918288961995,0.8223794022710401,2.7369894859967614,0.0,0.7965532682809126
06,alpha,0.0,1017,dros,n10000,2.5639920575816153,0.6013884085413504,0.7153918288961995,0.8223794022710401,2.7369894859967614,0.0,0.9364547657177494
06,alpha,1.0,1018,dm,n10000,nan,0.7152834644012854,0.7153918288961995,0.8217891847025852,2.6824339898053178,0.0,nan
06,alpha,1.0,1018,ips,n10000,nan,0.7081164930482644,0.7153918288961995,0.8217891847025852,2.6824339898053178,0.0,0.8217891847025852
06,alpha,1.0,1018,snips,n10000,nan,0.711295667565787,0.7153918288961995,0.8217891847025852,2.6824339898053178,0.0,0.8217891847025852
06,alpha,1.0,1018,clipped_ips,n10000,1.6085346761819477,0.6903666127813952,0.7153918288961995,0.8217891847025852,2.6824339898053178,0.0,0.8392625650282775
06,alpha,1.0,1018,dr,n10000,nan,0.7121066330882138,0.7153918288961995,0.8217891847025852,2.6824339898053178,0.0,0.8217891847025852
06,alpha,1.0,1018,switch_dr,n10000,1.7605193521366975,0.7167973396785094,0.7153918288961995,0.8217891847025852,2.6824339898053178,0.0,0.7946558713023014
06,alpha,1.0,1018,dros,n10000,2.5873838044797632,0.7130128939126351,0.7153918288961995,0.8217891847025852,2.6824339898053178,0.0,0.9344901163537827
06,alpha,0.9,1018,dm,n10000,nan,0.6937551179611569,0.7153918288961995,0.8217891847025852,2.6824339898053178,0.0,nan
06,alpha,0.9,1018,ips,n10000,nan,0.7081164930482644,0.7153918288961995,0.8217891847025852,2.6824339898053178,0.0,0.8217891847025852
06,alpha,0.9,1018,snips,n10000,nan,0.711295667565787,0.7153918288961995,0.8217891847025852,2.6824339898053178,0.0,0.8217891847025852
06,alpha,0.9,1018,clipped_ips,n10000,1.6085346761819477,0.6903666127813952,0.7153918288961995,0.8217891847025852,2.6824339898053178,0.0,0.8392625650282775
06,alpha,0.9,1018,dr,n10000,nan,0.7119310967927506,0.7153918288961995,0.8217891847025852,2.6824339898053178,0.0,0.8217891847025852
06,alpha,0.9,1018,switch_dr,n10000,1.7605193521366975,0.7126320014823057,0.7153918288961995,0.8217891847025852,2.6824339898053178,0.0,0.7946558713023014
06,alpha,0.9,1018,dros,n10000,2.5873838044797632,0.7020447428769819,0.7153918288961995,0.8217891847025852,2.6824339898053178,0.0,0.9344901163537827
06,alpha,0.75,1018,dm,n10000,nan,0.6614625983009641,0.7153918288961995,0.8217891847025852,2.6824339898053178,0.0,nan
06,alpha,0.75,1018,ips,n10000,nan,0.7081164930482644,0.7153918288961995,0.8217891847025852,2.6824339898053178,0.0,0.8217891847025852
06,alpha,0.75,1018,snips,n10000,nan,0.711295667565787,0.7153918288961995,0.8217891847025852,2.6824339898053178,0.0,0.8217891847025852
06,alpha,0.75,1018,clipped_ips,n10000,1.6085346761819477,0.6903666127813952,0.7153918288961995,0.8217891847025852,2.6824339898053178,0.0,0.8392625650282775
06,alpha,0.75,1018,dr,n10000,nan,0.7116677923495557,0.7153918288961995,0.8217891847025852,2.6824339898053178,0.0,0.8217891847025852
06,alpha,0.75,1018,switch_dr,n10000,1.7605193521366975,0.706383994188,0.7153918288961995,0.8217891847025852,2.6824339898053178,0.0,0.7946558713023014
06,alpha,0.75,1018,dros,n10000,2.5873838044797632,0.6855925163235024,0.7153918288961995,0.8217891847025852,2.6824339898053178,0.0,0.9344901163537827
06,alpha,0.5,1018,dm,n10000,nan,0.6076417322006428,0.7153918288961995,0.8217891847025852,2.6824339898053178,0.0,nan
06,alpha,0.5,1018,ips,n10000,nan,0.7081164930482644,0.7153918288961995,0.8217891847025852,2.6824339898053178,0.0,0.8217891847025852
06,alpha,0.5,1018,snips,n10000,nan,0.711295667565787,0.7153918288961995,0.8217891847025852,2.6824339898053178,0.0,0.8217891847025852
06,alpha,0.5,1018,clipped_ips,n10000,1.6085346761819477,0.6903666127813952,0.7153918288961995,0.8217891847025852,2.6824339898053178,0.0,0.8392625650282775
06,alpha,0.5,1018,dr,n10000,nan,0.7112289516108976,0.7153918288961995,0.8217891847025852,2.6824339898053178,0.0,0.8217891847025852
06,alpha,0.5,1018,switch_dr,n10000,1.7605193521366975,0.6959706486974907,0.7153918288961995,0.8217891847025852,2.6824339898053178,0.0,0.7946558713023014
06,alpha,0.5,1018,dros,n10000,2.5873838044797632,0.6581721387343696,0.7153918288961995,0.8217891847025852,2.6824339898053178,0.0,0.9344901163537827
06,alpha,0.25,1018,dm,n10000,nan,0.5538208661003213,0.7153918288961995,0.8217891847025852,2.6824339898053178,0.0,nan
06,alpha,0.25,1018,ips,n10000,nan,0.7081164930482644,0.7153918288961995,0.8217891847025852,2.6824339898053178,0.0,0.8217891847025852
06,alpha,0.25,1018,snips,n10000,nan,0.711295667565787,0.7153918288961995,0.8217891847025852,2.6824339898053178,0.0,0.8217891847025852
06,alpha,0.25,1018,clipped_ips,n10000,1.6085346761819477,0.6903666127813952,0.7153918288961995,0.8217891847025852,2.6824339898053178,0.0,0.8392625650282775
06,alpha,0.25,1018,dr,n10000,nan,0.7107901108722394,0.7153918288961995,0.8217891847025852,2.6824339898053178,0.0,0.8217891847025852
06,alpha,0.25,1018,switch_dr,n10000,1.7605193521366975,0.6855573032069813,0.7153918288961995,0.8217891847025852,2.6824339898053178,0.0,0.7946558713023014
06,alpha,0.25,1018,dros,n10000,2.5873838044797632,0.6307517611452368,0.7153918288961995,0.8217891847025852,2.6824339898053178,0.0,0.9344901163537827
06,alpha,0.0,1018,dm,n10000,nan,0.5,0.7153918288961995,0.8217891847025852,2.6824339898053178,0.0,nan
06,alpha,0.0,1018,ips,n10000,nan,0.7081164930482644,0.7153918288961995,0.8217891847025852,2.6824339898053178,0.0,0.8217891847025852
06,alpha,0.0,1018,snips,n10000,nan,0.711295667565787,0.7153918288961995,0.8217891847025852,2.6824339898053178,0.0,0.8217891847025852
06,alpha,0.0,1018,clipped_ips,n10000,1.6085346761819477,0.6903666127813952,0.7153918288961995,0.8217891847025852,2.6824339898053178,0.0,0.8392625650282775
06,alpha,0.0,1018,dr,n10000,nan,0.7103512701335813,0.7153918288961995,0.8217891847025852,2.6824339898053178,0.0,0.8217891847025852
06,alpha,0.0,1018,switch_dr,n10000,1.7605193521366975,0.6751439577164718,0.7153918288961995,0.8217891847025852,2.6824339898053178,0.0,0.7946558713023014
06,alpha,0.0,1018,dros,n10000,2.5873838044797632,0.6033313835561042,0.7153918288961995,0.8217891847025852,2.6824339898053178,0.0,0.9344901163537827
06,alpha,1.0,1019,dm,n10000,nan,0.7172736219707019,0.7153918288961995,0.8225407379517432,2.6834092714751745,0.0,nan
06,alpha,1.0,1019,ips,n10000,nan,0.7255044612859601,0.7153918288961995,0.8225407379517432,2.6834092714751745,0.0,0.8225407379517432
06,alpha,1.0,1019,snips,n10000,nan,0.7261924240601392,0.7153918288961995,0.8225407379517432,2.6834092714751745,0.0,0.8225407379517432
06,alpha,1.0,1019,clipped_ips,n10000,1.599101346662428,0.7054863704093209,0.7153918288961995,0.8225407379517432,2.6834092714751745,0.0,0.8405183610054255
06,alpha,1.0,1019,dr,n10000,nan,0.725856246524834,0.7153918288961995,0.8225407379517432,2.6834092714751745,0.0,0.8225407379517432
06,alpha,1.0,1019,switch_dr,n10000,1.7682390104771528,0.7224292979854078,0.7153918288961995,0.8225407379517432,2.6834092714751745,0.0,0.794999807136905
06,alpha,1.0,1019,dros,n10000,2.557125116897591,0.7224103825343183,0.7153918288961995,0.8225407379517432,2.6834092714751745,0.0,0.935086152912304
06,alpha,0.9,1019,dm,n10000,nan,0.6955462597736317,0.7153918288961995,0.8225407379517432,2.6834092714751745,0.0,nan
06,alpha,0.9,1019,ips,n10000,nan,0.7255044612859601,0.7153918288961995,0.8225407379517432,2.6834092714751745,0.0,0.8225407379517432
06,alpha,0.9,1019,snips,n10000,nan,0.7261924240601392,0.7153918288961995,0.8225407379517432,2.6834092714751745,0.0,0.8225407379517432
06,alpha,0.9,1019,clipped_ips,n10000,1.599101346662428,0.7054863704093209,0.7153918288961995,0.8225407379517432,2.6834092714751745,0.0,0.8405183610054255
06,alpha,0.9,1019,dr,n10000,nan,0.7258684358026054,0.7153918288961995,0.8225407379517432,2.6834092714751745,0.0,0.8225407379517432
06,alpha,0.9,1019,switch_dr,n10000,1.7682390104771528,0.7184005887838657,0.7153918288961995,0.8225407379517432,2.6834092714751745,0.0,0.794999807136905
06,alpha,0.9,1019,dros,n10000,2.557125116897591,0.71141190235326,0.7153918288961995,0.8225407379517432,2.6834092714751745,0.0,0.935086152912304
06,alpha,0.75,1019,dm,n10000,nan,0.6629552164780265,0.7153918288961995,0.8225407379517432,2.6834092714751745,0.0,nan
06,alpha,0.75,1019,ips,n10000,nan,0.7255044612859601,0.7153918288961995,0.8225407379517432,2.6834092714751745,0.0,0.8225407379517432
06,alpha,0.75,1019,snips,n10000,nan,0.7261924240601392,0.7153918288961995,0.8225407379517432,2.6834092714751745,0.0,0.8225407379517432
06,alpha,0.75,1019,clipped_ips,n10000,1.599101346662428,0.7054863704093209,0.7153918288961995,0.8225407379517432,2.6834092714751745,0.0,0.8405183610054255
06,alpha,0.75,1019,dr,n10000,nan,0.7258867197192624,0.7153918288961995,0.8225407379517432,2.6834092714751745,0.0,0.8225407379517432
06,alpha,0.75,1019,switch_dr,n10000,1.7682390104771528,0.7123575249815524,0.7153918288961995,0.8225407379517432,2.6834092714751745,0.0,0.794999807136905
06,alpha,0.75,1019,dros,n10000,2.557125116897591,0.6949141820816727,0.7153918288961995,0.8225407379517432,2.6834092714751745,0.0,0.935086152912304
06,alpha,0.5,1019,dm,n10000,nan,0.6086368109853509,0.7153918288961995,0.8225407379517432,2.6834092714751745,0.0,nan
06,alpha,0.5,1019,ips,n10000,nan,0.7255044612859601,0.7153918288961995,0.8225407379517432,2.6834092714751745,0.0,0.8225407379517432
06,alpha,0.5,1019,snips,n10000,nan,0.7261924240601392,0.7153918288961995,0.8225407379517432,2.6834092714751745,0.0,0.8225407379517432
06,alpha,0.5,1019,clipped_ips,n10000,1.599101346662428,0.7054863704093209,0.7153918288961995,0.8225407379517432,2.6834092714751745,0.0,0.8405183610054255
06,alpha,0.5,1019,dr,n10000,nan,0.7259171929136907,0.7153918288961995,0.8225407379517432,2.6834092714751745,0.0,0.8225407379517432
06,alpha,0.5,1019,switch_dr,n10000,1.7682390104771528,0.7022857519776968,0.7153918288961995,0.8225407379517432,2.6834092714751745,0.0,0.794999807136905
06,alpha,0.5,1019,dros,n10000,2.557125116897591,0.6674179816290269,0.7153918288961995,0.8225407379517432,2.6834092714751745,0.0,0.935086152912304
06,alpha,0.25,1019,dm,n10000,nan,0.5543184054926754,0.7153918288961995,0.8225407379517432,2.6834092714751745,0.0,nan
06,alpha,0.25,1019,ips,n10000,nan,0.7255044612859601,0.7153918288961995,0.8225407379517432,2.6834092714751745,0.0,0.8225407379517432
06,alpha,0.25,1019,snips,n10000,nan,0.7261924240601392,0.7153918288961995,0.8225407379517432,2.6834092714751745,0.0,0.8225407379517432
06,alpha,0.25,1019,clipped_ips,n10000,1.599101346662428,0.7054863704093209,0.7153918288961995,0.8225407379517432,2.6834092714751745,0.0,0.8405183610054255
06,alpha,0.25,1019,dr,n10000,nan,0.7259476661081191,0.7153918288961995,0.8225407379517432,2.6834092714751745,0.0,0.8225407379517432
06,alpha,0.25,1019,switch_dr,n10000,1.7682390104771528,0.6922139789738413,0.7153918288961995,0.8225407379517432,2.6834092714751745,0.0,0.794999807136905
06,alpha,0.25,1019,dros,n10000,2.557125116897591,0.6399217811763812,0.7153918288961995,0.8225407379517432,2.6834092714751745,0.0,0.935086152912304
06,alpha,0.0,1019,dm,n10000,nan,0.5,0.7153918288961995,0.8225407379517432,2.6834092714751745,0.0,nan
06,alpha,0.0,1019,ips,n10000,nan,0.7255044612859601,0.7153918288961995,0.8225407379517432,2.6834092714751745,0.0,0.8225407379517432
06,alpha,0.0,1019,snips,n10000,nan,0.7261924240601392,0.7153918288961995,0.8225407379517432,2.6834092714751745,0.0,0.8225407379517432
06,alpha,0.0,1019,clipped_ips,n10000,1.599101346662428,0.7054863704093209,0.7153918288961995,0.8225407379517432,2.6834092714751745,0.0,0.8405183610054255
06,alpha,0.0,1019,dr,n10000,nan,0.7259781393025475,0.7153918288961995,0.8225407379517432,2.6834092714751745,0.0,0.8225407379517432
06,alpha,0.0,1019,switch_dr,n10000,1.7682390104771528,0.6821422059699859,0.7153918288961995,0.8225407379517432,2.6834092714751745,0.0,0.794999807136905
06,alpha,0.0,1019,dros,n10000,2.557125116897591,0.6124255807237355,0.7153918288961995,0.8225407379517432,2.6834092714751745,0.0,0.935086152912304
06,alpha,1.0,1020,dm,n10000,nan,0.7165990005764579,0.7153918288961995,0.8254688010991161,2.77163260283928,0.0,nan
06,alpha,1.0,1020,ips,n10000,nan,0.7094839609355684,0.7153918288961995,0.8254688010991161,2.77163260283928,0.0,0.8254688010991161
06,alpha,1.0,1020,snips,n10000,nan,0.7084306708560817,0.7153918288961995,0.8254688010991161,2.77163260283928,0.0,0.8254688010991161
06,alpha,1.0,1020,clipped_ips,n10000,1.5995193263615712,0.6904750452101731,0.7153918288961995,0.8254688010991161,2.77163260283928,0.0,0.844212353149212
06,alpha,1.0,1020,dr,n10000,nan,0.7086548267081099,0.7153918288961995,0.8254688010991161,2.77163260283928,0.0,0.8254688010991161
06,alpha,1.0,1020,switch_dr,n10000,1.7556513348867075,0.7111946956459526,0.7153918288961995,0.8254688010991161,2.77163260283928,0.0,0.7993201650795261
06,alpha,1.0,1020,dros,n10000,2.5584620754041745,0.7125347219323758,0.7153918288961995,0.8254688010991161,2.77163260283928,0.0,0.9374954873077092
06,alpha,0.9,1020,dm,n10000,nan,0.6949391005188121,0.7153918288961995,0.8254688010991161,2.77163260283928,0.0,nan
06,alpha,0.9,1020,ips,n10000,nan,0.7094839609355684,0.7153918288961995,0.8254688010991161,2.77163260283928,0.0,0.8254688010991161
06,alpha,0.9,1020,snips,n10000,nan,0.7084306708560817,0.7153918288961995,0.8254688010991161,2.77163260283928,0.0,0.8254688010991161
06,alpha,0.9,1020,clipped_ips,n10000,1.5995193263615712,0.6904750452101731,0.7153918288961995,0.8254688010991161,2.77163260283928,0.0,0.844212353149212
06,alpha,0.9,1020,dr,n10000,nan,0.7086634004584773,0.7153918288961995,0.8254688010991161,2.77163260283928,0.0,0.8254688010991161
06,alpha,0.9,1020,switch_dr,n10000,1.7556513348867075,0.7071860989432428,0.7153918288961995,0.8254688010991161,2.77163260283928,0.0,0.7993201650795261
06,alpha,0.9,1020,dros,n10000,2.5584620754041745,0.7016315232446708,0.7153918288961995,0.8254688010991161,2.77163260283928,0.0,0.9374954873077092
06,alpha,0.75,1020,dm,n10000,nan,0.6624492504323435,0.7153918288961995,0.8254688010991161,2.77163260283928,0.0,nan
06,alpha,0.75,1020,ips,n10000,nan,0.7094839609355684,0.7153918288961995,0.8254688010991161,2.77163260283928,0.0,0.8254688010991161
06,alpha,0.75,1020,snips,n10000,nan,0.7084306708560817,0.7153918288961995,0.8254688010991161,2.77163260283928,0.0,0.8254688010991161
06,alpha,0.75,1020,clipped_ips,n10000,1.5995193263615712,0.6904750452101731,0.7153918288961995,0.8254688010991161,2.77163260283928,0.0,0.844212353149212
06,alpha,0.75,1020,dr,n10000,nan,0.7086762610840283,0.7153918288961995,0.8254688010991161,2.77163260283928,0.0,0.8254688010991161
06,alpha,0.75,1020,switch_dr,n10000,1.7556513348867075,0.701173203889178,0.7153918288961995,0.8254688010991161,2.77163260283928,0.0,0.7993201650795261
06,alpha,0.75,1020,dros,n10000,2.5584620754041745,0.6852767252131133,0.7153918288961995,0.8254688010991161,2.77163260283928,0.0,0.9374954873077092
06,alpha,0.5,1020,dm,n10000,nan,0.6082995002882289,0.7153918288961995,0.8254688010991161,2.77163260283928,0.0,nan
06,alpha,0.5,1020,ips,n10000,nan,0.7094839609355684,0.7153918288961995,0.8254688010991161,2.77163260283928,0.0,0.8254688010991161
06,alpha,0.5,1020,snips,n10000,nan,0.7084306708560817,0.7153918288961995,0.8254688010991161,2.77163260283928,0.0,0.8254688010991161
06,alpha,0.5,1020,clipped_ips,n10000,1.5995193263615712,0.6904750452101731,0.7153918288961995,0.8254688010991161,2.77163260283928,0.0,0.844212353149212
06,alpha,0.5,1020,dr,n10000,nan,0.7086976954599464,0.7153918288961995,0.8254688010991161,2.77163260283928,0.0,0.8254688010991161
06,alpha,0.5,1020,switch_dr,n10000,1.7556513348867075,0.6911517121324032,0.7153918288961995,0.8254688010991161,2.77163260283928,0.0,0.7993201650795261
06,alpha,0.5,1020,dros,n10000,2.5584620754041745,0.6580187284938508,0.7153918288961995,0.8254688010991161,2.77163260283928,0.0,0.9374954873077092
06,alpha,0.25,1020,dm,n10000,nan,0.5541497501441145,0.7153918288961995,0.8254688010991161,2.77163260283928,0.0,nan
06,alpha,0.25,1020,ips,n10000,nan,0.7094839609355684,0.7153918288961995,0.8254688010991161,2.77163260283928,0.0,0.8254688010991161
06,alpha,0.25,1020,snips,n10000,nan,0.7084306708560817,0.7153918288961995,0.8254688010991161,2.77163260283928,0.0,0.8254688010991161
06,alpha,0.25,1020,clipped_ips,n10000,1.5995193263615712,0.6904750452101731,0.7153918288961995,0.8254688010991161,2.77163260283928,0.0,0.844212353149212
06,alpha,0.25,1020,dr,n10000,nan,0.7087191298358648,0.7153918288961995,0.8254688010991161,2.77163260283928,0.0,0.8254688010991161
06,alpha,0.25,1020,switch_dr,n10000,1.7556513348867075,0.6811302203756286,0.7153918288961995,0.8254688010991161,2.77163260283928,0.0,0.7993201650795261
06,alpha,0.25,1020,dros,n10000,2.5584620754041745,0.6307607317745884,0.7153918288961995,0.8254688010991161,2.77163260283928,0.0,0.9374954873077092
06,alpha,0.0,1020,dm,n10000,nan,0.5,0.7153918288961995,0.8254688010991161,2.77163260283928,0.0,nan
06,alpha,0.0,1020,ips,n10000,nan,0.7094839609355684,0.7153918288961995,0.8254688010991161,2.77163260283928,0.0,0.8254688010991161
06,alpha,0.0,1020,snips,n10000,nan,0.7084306708560817,0.7153918288961995,0.8254688010991161,2.77163260283928,0.0,0.8254688010991161
06,alpha,0.0,1020,clipped_ips,n10000,1.5995193263615712,0.6904750452101731,0.7153918288961995,0.8254688010991161,2.77163260283928,0.0,0.844212353149212
06,alpha,0.0,1020,dr,n10000,nan,0.7087405642117831,0.7153918288961995,0.8254688010991161,2.77163260283928,0.0,0.8254688010991161
06,alpha,0.0,1020,switch_dr,n10000,1.7556513348867075,0.671108728618854,0.7153918288961995,0.8254688010991161,2.77163260283928,0.0,0.7993201650795261
06,alpha,0.0,1020,dros,n10000,2.5584620754041745,0.6035027350553259,0.7153918288961995,0.8254688010991161,2.77163260283928,0.0,0.9374954873077092
06,alpha,1.0,1021,dm,n10000,nan,0.7149438800947931,0.7153918288961995,0.8243698836415462,2.636536163563298,0.0,nan
06,alpha,1.0,1021,ips,n10000,nan,0.7137495825857116,0.7153918288961995,0.8243698836415462,2.636536163563298,0.0,0.8243698836415462
06,alpha,1.0,1021,snips,n10000,nan,0.7156982378769428,0.7153918288961995,0.8243698836415462,2.636536163563298,0.0,0.8243698836415462
06,alpha,1.0,1021,clipped_ips,n10000,1.5948663118256337,0.693899307946322,0.7153918288961995,0.8243698836415462,2.636536163563298,0.0,0.842882134497844
06,alpha,1.0,1021,dr,n10000,nan,0.7168371759037125,0.7153918288961995,0.8243698836415462,2.636536163563298,0.0,0.8243698836415462
06,alpha,1.0,1021,switch_dr,n10000,1.7616081299132114,0.7167548491580118,0.7153918288961995,0.8243698836415462,2.636536163563298,0.0,0.7976160242313219
06,alpha,1.0,1021,dros,n10000,2.543598552596299,0.7161126170929216,0.7153918288961995,0.8243698836415462,2.636536163563298,0.0,0.9369452384943866
06,alpha,0.9,1021,dm,n10000,nan,0.6934494920853139,0.7153918288961995,0.8243698836415462,2.636536163563298,0.0,nan
06,alpha,0.9,1021,ips,n10000,nan,0.7137495825857116,0.7153918288961995,0.8243698836415462,2.636536163563298,0.0,0.8243698836415462
06,alpha,0.9,1021,snips,n10000,nan,0.7156982378769428,0.7153918288961995,0.8243698836415462,2.636536163563298,0.0,0.8243698836415462
06,alpha,0.9,1021,clipped_ips,n10000,1.5948663118256337,0.693899307946322,0.7153918288961995,0.8243698836415462,2.636536163563298,0.0,0.842882134497844
06,alpha,0.9,1021,dr,n10000,nan,0.7166645532275658,0.7153918288961995,0.8243698836415462,2.636536163563298,0.0,0.8243698836415462
06,alpha,0.9,1021,switch_dr,n10000,1.7616081299132114,0.7126033591963244,0.7153918288961995,0.8243698836415462,2.636536163563298,0.0,0.7976160242313219
06,alpha,0.9,1021,dros,n10000,2.543598552596299,0.7051112569607604,0.7153918288961995,0.8243698836415462,2.636536163563298,0.0,0.9369452384943866
06,alpha,0.75,1021,dm,n10000,nan,0.6612079100710949,0.7153918288961995,0.8243698836415462,2.636536163563298,0.0,nan
06,alpha,0.75,1021,ips,n10000,nan,0.7137495825857116,0.7153918288961995,0.8243698836415462,2.636536163563298,0.0,0.8243698836415462
06,alpha,0.75,1021,snips,n10000,nan,0.7156982378769428,0.7153918288961995,0.8243698836415462,2.636536163563298,0.0,0.8243698836415462
06,alpha,0.75,1021,clipped_ips,n10000,1.5948663118256337,0.693899307946322,0.7153918288961995,0.8243698836415462,2.636536163563298,0.0,0.842882134497844
06,alpha,0.75,1021,dr,n10000,nan,0.7164056192133457,0.7153918288961995,0.8243698836415462,2.636536163563298,0.0,0.8243698836415462
06,alpha,0.75,1021,switch_dr,n10000,1.7616081299132114,0.7063761242537934,0.7153918288961995,0.8243698836415462,2.636536163563298,0.0,0.7976160242313219
06,alpha,0.75,1021,dros,n10000,2.543598552596299,0.6886092167625183,0.7153918288961995,0.8243698836415462,2.636536163563298,0.0,0.9369452384943866
06,alpha,0.5,1021,dm,n10000,nan,0.6074719400473967,0.7153918288961995,0.8243698836415462,2.636536163563298,0.0,nan
06,alpha,0.5,1021,ips,n10000,nan,0.7137495825857116,0.7153918288961995,0.8243698836415462,2.636536163563298,0.0,0.8243698836415462
06,alpha,0.5,1021,snips,n10000,nan,0.7156982378769428,0.7153918288961995,0.8243698836415462,2.636536163563298,0.0,0.8243698836415462
06,alpha,0.5,1021,clipped_ips,n10000,1.5948663118256337,0.693899307946322,0.7153918288961995,0.8243698836415462,2.636536163563298,0.0,0.842882134497844
06,alpha,0.5,1021,dr,n10000,nan,0.7159740625229789,0.7153918288961995,0.8243698836415462,2.636536163563298,0.0,0.8243698836415462
06,alpha,0.5,1021,switch_dr,n10000,1.7616081299132114,0.6959973993495748,0.7153918288961995,0.8243698836415462,2.636536163563298,0.0,0.7976160242313219
06,alpha,0.5,1021,dros,n10000,2.543598552596299,0.6611058164321151,0.7153918288961995,0.8243698836415462,2.636536163563298,0.0,0.9369452384943866
06,alpha,0.25,1021,dm,n10000,nan,0.5537359700236983,0.7153918288961995,0.8243698836415462,2.636536163563298,0.0,nan
06,alpha,0.25,1021,ips,n10000,nan,0.7137495825857116,0.7153918288961995,0.8243698836415462,2.636536163563298,0.0,0.8243698836415462
06,alpha,0.25,1021,snips,n10000,nan,0.7156982378769428,0.7153918288961995,0.8243698836415462,2.636536163563298,0.0,0.8243698836415462
06,alpha,0.25,1021,clipped_ips,n10000,1.5948663118256337,0.693899307946322,0.7153918288961995,0.8243698836415462,2.636536163563298,0.0,0.842882134497844
06,alpha,0.25,1021,dr,n10000,nan,0.7155425058326119,0.7153918288961995,0.8243698836415462,2.636536163563298,0.0,0.8243698836415462
06,alpha,0.25,1021,switch_dr,n10000,1.7616081299132114,0.6856186744453562,0.7153918288961995,0.8243698836415462,2.636536163563298,0.0,0.7976160242313219
06,alpha,0.25,1021,dros,n10000,2.543598552596299,0.6336024161017118,0.7153918288961995,0.8243698836415462,2.636536163563298,0.0,0.9369452384943866
06,alpha,0.0,1021,dm,n10000,nan,0.5,0.7153918288961995,0.8243698836415462,2.636536163563298,0.0,nan
06,alpha,0.0,1021,ips,n10000,nan,0.7137495825857116,0.7153918288961995,0.8243698836415462,2.636536163563298,0.0,0.8243698836415462
06,alpha,0.0,1021,snips,n10000,nan,0.7156982378769428,0.7153918288961995,0.8243698836415462,2.636536163563298,0.0,0.8243698836415462
06,alpha,0.0,1021,clipped_ips,n10000,1.5948663118256337,0.693899307946322,0.7153918288961995,0.8243698836415462,2.636536163563298,0.0,0.842882134497844
06,alpha,0.0,1021,dr,n10000,nan,0.7151109491422449,0.7153918288961995,0.8243698836415462,2.636536163563298,0.0,0.8243698836415462
06,alpha,0.0,1021,switch_dr,n10000,1.7616081299132114,0.6752399495411376,0.7153918288961995,0.8243698836415462,2.636536163563298,0.0,0.7976160242313219
06,alpha,0.0,1021,dros,n10000,2.543598552596299,0.6060990157713084,0.7153918288961995,0.8243698836415462,2.636536163563298,0.0,0.9369452384943866
06,alpha,1.0,1022,dm,n10000,nan,0.7170736114404964,0.7153918288961995,0.8199502651793489,2.73624175502337,0.0,nan
06,alpha,1.0,1022,ips,n10000,nan,0.7168135556501501,0.7153918288961995,0.8199502651793489,2.73624175502337,0.0,0.8199502651793489
06,alpha,1.0,1022,snips,n10000,nan,0.7162328685435814,0.7153918288961995,0.8199502651793489,2.73624175502337,0.0,0.8199502651793489
06,alpha,1.0,1022,clipped_ips,n10000,1.6241463188546799,0.6972152253410668,0.7153918288961995,0.8199502651793489,2.73624175502337,0.0,0.8384858079677486
06,alpha,1.0,1022,dr,n10000,nan,0.7151902782895282,0.7153918288961995,0.8199502651793489,2.73624175502337,0.0,0.8199502651793489
06,alpha,1.0,1022,switch_dr,n10000,1.778726260662016,0.7146252512065474,0.7153918288961995,0.8199502651793489,2.73624175502337,0.0,0.7939728176803186
06,alpha,1.0,1022,dros,n10000,2.6378512650492074,0.7150225020151004,0.7153918288961995,0.8199502651793489,2.73624175502337,0.0,0.9343708586653423
06,alpha,0.9,1022,dm,n10000,nan,0.6953662502964467,0.7153918288961995,0.8199502651793489,2.73624175502337,0.0,nan
06,alpha,0.9,1022,ips,n10000,nan,0.7168135556501501,0.7153918288961995,0.8199502651793489,2.73624175502337,0.0,0.8199502651793489
06,alpha,0.9,1022,snips,n10000,nan,0.7162328685435814,0.7153918288961995,0.8199502651793489,2.73624175502337,0.0,0.8199502651793489
06,alpha,0.9,1022,clipped_ips,n10000,1.6241463188546799,0.6972152253410668,0.7153918288961995,0.8199502651793489,2.73624175502337,0.0,0.8384858079677486
06,alpha,0.9,1022,dr,n10000,nan,0.7153120684342515,0.7153918288961995,0.8199502651793489,2.73624175502337,0.0,0.8199502651793489
06,alpha,0.9,1022,switch_dr,n10000,1.778726260662016,0.7106537522042439,0.7153918288961995,0.8199502651793489,2.73624175502337,0.0,0.7939728176803186
06,alpha,0.9,1022,dros,n10000,2.6378512650492074,0.7041797226896345,0.7153918288961995,0.8199502651793489,2.73624175502337,0.0,0.9343708586653423
06,alpha,0.75,1022,dm,n10000,nan,0.6628052085803724,0.7153918288961995,0.8199502651793489,2.73624175502337,0.0,nan
06,alpha,0.75,1022,ips,n10000,nan,0.7168135556501501,0.7153918288961995,0.8199502651793489,2.73624175502337,0.0,0.8199502651793489
06,alpha,0.75,1022,snips,n10000,nan,0.7162328685435814,0.7153918288961995,0.8199502651793489,2.73624175502337,0.0,0.8199502651793489
06,alpha,0.75,1022,clipped_ips,n10000,1.6241463188546799,0.6972152253410668,0.7153918288961995,0.8199502651793489,2.73624175502337,0.0,0.8384858079677486
06,alpha,0.75,1022,dr,n10000,nan,0.7154947536513367,0.7153918288961995,0.8199502651793489,2.73624175502337,0.0,0.8199502651793489
06,alpha,0.75,1022,switch_dr,n10000,1.778726260662016,0.7046965037007888,0.7153918288961995,0.8199502651793489,2.73624175502337,0.0,0.7939728176803186
06,alpha,0.75,1022,dros,n10000,2.6378512650492074,0.6879155537014356,0.7153918288961995,0.8199502651793489,2.73624175502337,0.0,0.9343708586653423
06,alpha,0.5,1022,dm,n10000,nan,0.6085368057202483,0.7153918288961995,0.8199502651793489,2.73624175502337,0.0,nan
06,alpha,0.5,1022,ips,n10000,nan,0.7168135556501501,0.7153918288961995,0.8199502651793489,2.73624175502337,0.0,0.8199502651793489
06,alpha,0.5,1022,snips,n10000,nan,0.7162328685435814,0.7153918288961995,0.8199502651793489,2.73624175502337,0.0,0.8199502651793489
06,alpha,0.5,1022,clipped_ips,n10000,1.6241463188546799,0.6972152253410668,0.7153918288961995,0.8199502651793489,2.73624175502337,0.0,0.8384858079677486
06,alpha,0.5,1022,dr,n10000,nan,0.7157992290131452,0.7153918288961995,0.8199502651793489,2.73624175502337,0.0,0.8199502651793489
06,alpha,0.5,1022,switch_dr,n10000,1.778726260662016,0.6947677561950302,0.7153918288961995,0.8199502651793489,2.73624175502337,0.0,0.7939728176803186
06,alpha,0.5,1022,dros,n10000,2.6378512650492074,0.6608086053877706,0.7153918288961995,0.8199502651793489,2.73624175502337,0.0,0.9343708586653423
06,alpha,0.25,1022,dm,n10000,nan,0.5542684028601241,0.7153918288961995,0.8199502651793489,2.73624175502337,0.0,nan
06,alpha,0.25,1022,ips,n10000,nan,0.7168135556501501,0.7153918288961995,0.8199502651793489,2.73624175502337,0.0,0.8199502651793489
06,alpha,0.25,1022,snips,n10000,nan,0.7162328685435814,0.7153918288961995,0.8199502651793489,2.73624175502337,0.0,0.8199502651793489
06,alpha,0.25,1022,clipped_ips,n10000,1.6241463188546799,0.6972152253410668,0.7153918288961995,0.8199502651793489,2.73624175502337,0.0,0.8384858079677486
06,alpha,0.25,1022,dr,n10000,nan,0.7161037043749536,0.7153918288961995,0.8199502651793489,2.73624175502337,0.0,0.8199502651793489
06,alpha,0.25,1022,switch_dr,n10000,1.778726260662016,0.6848390086892715,0.7153918288961995,0.8199502651793489,2.73624175502337,0.0,0.7939728176803186
06,alpha,0.25,1022,dros,n10000,2.6378512650492074,0.6337016570741058,0.7153918288961995,0.8199502651793489,2.73624175502337,0.0,0.9343708586653423
06,alpha,0.0,1022,dm,n10000,nan,0.5,0.7153918288961995,0.8199502651793489,2.73624175502337,0.0,nan
06,alpha,0.0,1022,ips,n10000,nan,0.7168135556501501,0.7153918288961995,0.8199502651793489,2.73624175502337,0.0,0.8199502651793489
06,alpha,0.0,1022,snips,n10000,nan,0.7162328685435814,0.7153918288961995,0.8199502651793489,2.73624175502337,0.0,0.8199502651793489
06,alpha,0.0,1022,clipped_ips,n10000,1.6241463188546799,0.6972152253410668,0.7153918288961995,0.8199502651793489,2.73624175502337,0.0,0.8384858079677486
06,alpha,0.0,1022,dr,n10000,nan,0.7164081797367621,0.7153918288961995,0.8199502651793489,2.73624175502337,0.0,0.8199502651793489
06,alpha,0.0,1022,switch_dr,n10000,1.778726260662016,0.6749102611835129,0.7153918288961995,0.8199502651793489,2.73624175502337,0.0,0.7939728176803186
06,alpha,0.0,1022,dros,n10000,2.6378512650492074,0.6065947087604409,0.7153918288961995,0.8199502651793489,2.73624175502337,0.0,0.9343708586653423
06,alpha,1.0,1023,dm,n10000,nan,0.7160156670222109,0.7153918288961995,0.8229717845016803,2.6890500967456616,0.0,nan
06,alpha,1.0,1023,ips,n10000,nan,0.7141825023041836,0.7153918288961995,0.8229717845016803,2.6890500967456616,0.0,0.8229717845016803
06,alpha,1.0,1023,snips,n10000,nan,0.7186263697251607,0.7153918288961995,0.8229717845016803,2.6890500967456616,0.0,0.8229717845016803
06,alpha,1.0,1023,clipped_ips,n10000,1.6063259706458264,0.6952752265921208,0.7153918288961995,0.8229717845016803,2.6890500967456616,0.0,0.8405528182537823
06,alpha,1.0,1023,dr,n10000,nan,0.7218584810308785,0.7153918288961995,0.8229717845016803,2.6890500967456616,0.0,0.8229717845016803
06,alpha,1.0,1023,switch_dr,n10000,1.7552751547552483,0.7197798940451208,0.7153918288961995,0.8229717845016803,2.6890500967456616,0.0,0.7961132930663123
06,alpha,1.0,1023,dros,n10000,2.5802831239712565,0.7183869068094451,0.7153918288961995,0.8229717845016803,2.6890500967456616,0.0,0.9358006114064347
06,alpha,0.9,1023,dm,n10000,nan,0.6944141003199898,0.7153918288961995,0.8229717845016803,2.6890500967456616,0.0,nan
06,alpha,0.9,1023,ips,n10000,nan,0.7141825023041836,0.7153918288961995,0.8229717845016803,2.6890500967456616,0.0,0.8229717845016803
06,alpha,0.9,1023,snips,n10000,nan,0.7186263697251607,0.7153918288961995,0.8229717845016803,2.6890500967456616,0.0,0.8229717845016803
06,alpha,0.9,1023,clipped_ips,n10000,1.6063259706458264,0.6952752265921208,0.7153918288961995,0.8229717845016803,2.6890500967456616,0.0,0.8405528182537823
06,alpha,0.9,1023,dr,n10000,nan,0.7214000749446638,0.7153918288961995,0.8229717845016803,2.6890500967456616,0.0,0.8229717845016803
06,alpha,0.9,1023,switch_dr,n10000,1.7552751547552483,0.7153640311956985,0.7153918288961995,0.8229717845016803,2.6890500967456616,0.0,0.7961132930663123
06,alpha,0.9,1023,dros,n10000,2.5802831239712565,0.7072472556244304,0.7153918288961995,0.8229717845016803,2.6890500967456616,0.0,0.9358006114064347
06,alpha,0.75,1023,dm,n10000,nan,0.6620117502666583,0.7153918288961995,0.8229717845016803,2.6890500967456616,0.0,nan
06,alpha,0.75,1023,ips,n10000,nan,0.7141825023041836,0.7153918288961995,0.8229717845016803,2.6890500967456616,0.0,0.8229717845016803
06,alpha,0.75,1023,snips,n10000,nan,0.7186263697251607,0.7153918288961995,0.8229717845016803,2.6890500967456616,0.0,0.8229717845016803
06,alpha,0.75,1023,clipped_ips,n10000,1.6063259706458264,0.6952752265921208,0.7153918288961995,0.8229717845016803,2.6890500967456616,0.0,0.8405528182537823
06,alpha,0.75,1023,dr,n10000,nan,0.7207124658153419,0.7153918288961995,0.8229717845016803,2.6890500967456616,0.0,0.8229717845016803
06,alpha,0.75,1023,switch_dr,n10000,1.7552751547552483,0.708740236921565,0.7153918288961995,0.8229717845016803,2.6890500967456616,0.0,0.7961132930663123
06,alpha,0.75,1023,dros,n10000,2.5802831239712565,0.6905377788469081,0.7153918288961995,0.8229717845016803,2.6890500967456616,0.0,0.9358006114064347
06,alpha,0.5,1023,dm,n10000,nan,0.6080078335111055,0.7153918288961995,0.8229717845016803,2.6890500967456616,0.0,nan
06,alpha,0.5,1023,ips,n10000,nan,0.7141825023041836,0.7153918288961995,0.8229717845016803,2.6890500967456616,0.0,0.8229717845016803
06,alpha,0.5,1023,snips,n10000,nan,0.7186263697251607,0.7153918288961995,0.8229717845016803,2.6890500967456616,0.0,0.8229717845016803
06,alpha,0.5,1023,clipped_ips,n10000,1.6063259706458264,0.6952752265921208,0.7153918288961995,0.8229717845016803,2.6890500967456616,0.0,0.8405528182537823
06,alpha,0.5,1023,dr,n10000,nan,0.7195664505998052,0.7153918288961995,0.8229717845016803,2.6890500967456616,0.0,0.8229717845016803
06,alpha,0.5,1023,switch_dr,n10000,1.7552751547552483,0.697700579798009,0.7153918288961995,0.8229717845016803,2.6890500967456616,0.0,0.7961132930663123
06,alpha,0.5,1023,dros,n10000,2.5802831239712565,0.6626886508843711,0.7153918288961995,0.8229717845016803,2.6890500967456616,0.0,0.9358006114064347
06,alpha,0.25,1023,dm,n10000,nan,0.5540039167555527,0.7153918288961995,0.8229717845016803,2.6890500967456616,0.0,nan
06,alpha,0.25,1023,ips,n10000,nan,0.7141825023041836,0.7153918288961995,0.8229717845016803,2.6890500967456616,0.0,0.8229717845016803
06,alpha,0.25,1023,snips,n10000,nan,0.7186263697251607,0.7153918288961995,0.8229717845016803,2.6890500967456616,0.0,0.8229717845016803
06,alpha,0.25,1023,clipped_ips,n10000,1.6063259706458264,0.6952752265921208,0.7153918288961995,0.8229717845016803,2.6890500967456616,0.0,0.8405528182537823
06,alpha,0.25,1023,dr,n10000,nan,0.7184204353842684,0.7153918288961995,0.8229717845016803,2.6890500967456616,0.0,0.8229717845016803
06,alpha,0.25,1023,switch_dr,n10000,1.7552751547552483,0.686660922674453,0.7153918288961995,0.8229717845016803,2.6890500967456616,0.0,0.7961132930663123
06,alpha,0.25,1023,dros,n10000,2.5802831239712565,0.634839522921834,0.7153918288961995,0.8229717845016803,2.6890500967456616,0.0,0.9358006114064347
06,alpha,0.0,1023,dm,n10000,nan,0.5,0.7153918288961995,0.8229717845016803,2.6890500967456616,0.0,nan
06,alpha,0.0,1023,ips,n10000,nan,0.7141825023041836,0.7153918288961995,0.8229717845016803,2.6890500967456616,0.0,0.8229717845016803
06,alpha,0.0,1023,snips,n10000,nan,0.7186263697251607,0.7153918288961995,0.8229717845016803,2.6890500967456616,0.0,0.8229717845016803
06,alpha,0.0,1023,clipped_ips,n10000,1.6063259706458264,0.6952752265921208,0.7153918288961995,0.8229717845016803,2.6890500967456616,0.0,0.8405528182537823
06,alpha,0.0,1023,dr,n10000,nan,0.7172744201687317,0.7153918288961995,0.8229717845016803,2.6890500967456616,0.0,0.8229717845016803
06,alpha,0.0,1023,switch_dr,n10000,1.7552751547552483,0.6756212655508971,0.7153918288961995,0.8229717845016803,2.6890500967456616,0.0,0.7961132930663123
06,alpha,0.0,1023,dros,n10000,2.5802831239712565,0.606990394959297,0.7153918288961995,0.8229717845016803,2.6890500967456616,0.0,0.9358006114064347
06,alpha,1.0,1024,dm,n10000,nan,0.7138065267572992,0.7153918288961995,0.8235285480252138,2.7855716839645988,0.0,nan
06,alpha,1.0,1024,ips,n10000,nan,0.7168552433214215,0.7153918288961995,0.8235285480252138,2.7855716839645988,0.0,0.8235285480252138
06,alpha,1.0,1024,snips,n10000,nan,0.7146448002261487,0.7153918288961995,0.8235285480252138,2.7855716839645988,0.0,0.8235285480252138
06,alpha,1.0,1024,clipped_ips,n10000,1.6104018096266268,0.6978286047102968,0.7153918288961995,0.8235285480252138,2.7855716839645988,0.0,0.8416494641341953
06,alpha,1.0,1024,dr,n10000,nan,0.7133666742970426,0.7153918288961995,0.8235285480252138,2.7855716839645988,0.0,0.8235285480252138
06,alpha,1.0,1024,switch_dr,n10000,1.7730001665384143,0.7133008431724828,0.7153918288961995,0.8235285480252138,2.7855716839645988,0.0,0.796600262395923
06,alpha,1.0,1024,dros,n10000,2.5933939884487143,0.7130769331720411,0.7153918288961995,0.8235285480252138,2.7855716839645988,0.0,0.9360750659896243
06,alpha,0.9,1024,dm,n10000,nan,0.6924258740815692,0.7153918288961995,0.8235285480252138,2.7855716839645988,0.0,nan
06,alpha,0.9,1024,ips,n10000,nan,0.7168552433214215,0.7153918288961995,0.8235285480252138,2.7855716839645988,0.0,0.8235285480252138
06,alpha,0.9,1024,snips,n10000,nan,0.7146448002261487,0.7153918288961995,0.8235285480252138,2.7855716839645988,0.0,0.8235285480252138
06,alpha,0.9,1024,clipped_ips,n10000,1.6104018096266268,0.6978286047102968,0.7153918288961995,0.8235285480252138,2.7855716839645988,0.0,0.8416494641341953
06,alpha,0.9,1024,dr,n10000,nan,0.7135608779301519,0.7153918288961995,0.8235285480252138,2.7855716839645988,0.0,0.8235285480252138
06,alpha,0.9,1024,switch_dr,n10000,1.7730001665384143,0.7094572719338722,0.7153918288961995,0.8235285480252138,2.7855716839645988,0.0,0.796600262395923
06,alpha,0.9,1024,dros,n10000,2.5933939884487143,0.702384154543787,0.7153918288961995,0.8235285480252138,2.7855716839645988,0.0,0.9360750659896243
06,alpha,0.75,1024,dm,n10000,nan,0.6603548950679744,0.7153918288961995,0.8235285480252138,2.7855716839645988,0.0,nan
06,alpha,0.75,1024,ips,n10000,nan,0.7168552433214215,0.7153918288961995,0.8235285480252138,2.7855716839645988,0.0,0.8235285480252138
06,alpha,0.75,1024,snips,n10000,nan,0.7146448002261487,0.7153918288961995,0.8235285480252138,2.7855716839645988,0.0,0.8235285480252138
06,alpha,0.75,1024,clipped_ips,n10000,1.6104018096266268,0.6978286047102968,0.7153918288961995,0.8235285480252138,2.7855716839645988,0.0,0.8416494641341953
06,alpha,0.75,1024,dr,n10000,nan,0.7138521833798159,0.7153918288961995,0.8235285480252138,2.7855716839645988,0.0,0.8235285480252138
06,alpha,0.75,1024,switch_dr,n10000,1.7730001665384143,0.7036919150759564,0.7153918288961995,0.8235285480252138,2.7855716839645988,0.0,0.796600262395923
06,alpha,0.75,1024,dros,n10000,2.5933939884487143,0.686344986601406,0.7153918288961995,0.8235285480252138,2.7855716839645988,0.0,0.9360750659896243
06,alpha,0.5,1024,dm,n10000,nan,0.6069032633786496,0.7153918288961995,0.8235285480252138,2.7855716839645988,0.0,nan
06,alpha,0.5,1024,ips,n10000,nan,0.7168552433214215,0.7153918288961995,0.8235285480252138,2.7855716839645988,0.0,0.8235285480252138
06,alpha,0.5,1024,snips,n10000,nan,0.7146448002261487,0.7153918288961995,0.8235285480252138,2.7855716839645988,0.0,0.8235285480252138
06,alpha,0.5,1024,clipped_ips,n10000,1.6104018096266268,0.6978286047102968,0.7153918288961995,0.8235285480252138,2.7855716839645988,0.0,0.8416494641341953
06,alpha,0.5,1024,dr,n10000,nan,0.7143376924625893,0.7153918288961995,0.8235285480252138,2.7855716839645988,0.0,0.8235285480252138
06,alpha,0.5,1024,switch_dr,n10000,1.7730001665384143,0.6940829869794299,0.7153918288961995,0.8235285480252138,2.7855716839645988,0.0,0.796600262395923
06,alpha,0.5,1024,dros,n10000,2.5933939884487143,0.6596130400307709,0.7153918288961995,0.8235285480252138,2.7855716839645988,0.0,0.9360750659896243
06,alpha,0.25,1024,dm,n10000,nan,0.5534516316893248,0.7153918288961995,0.8235285480252138,2.7855716839645988,0.0,nan
06,alpha,0.25,1024,ips,n10000,nan,0.7168552433214215,0.7153918288961995,0.8235285480252138,2.7855716839645988,0.0,0.8235285480252138
06,alpha,0.25,1024,snips,n10000,nan,0.7146448002261487,0.7153918288961995,0.8235285480252138,2.7855716839645988,0.0,0.8235285480252138
06,alpha,0.25,1024,clipped_ips,n10000,1.6104018096266268,0.6978286047102968,0.7153918288961995,0.8235285480252138,2.7855716839645988,0.0,0.8416494641341953
06,alpha,0.25,1024,dr,n10000,nan,0.7148232015453624,0.7153918288961995,0.8235285480252138,2.7855716839645988,0.0,0.8235285480252138
06,alpha,0.25,1024,switch_dr,n10000,1.7730001665384143,0.6844740588829034,0.7153918288961995,0.8235285480252138,2.7855716839645988,0.0,0.796600262395923
06,alpha,0.25,1024,dros,n10000,2.5933939884487143,0.6328810934601357,0.7153918288961995,0.8235285480252138,2.7855716839645988,0.0,0.9360750659896243
06,alpha,0.0,1024,dm,n10000,nan,0.5,0.7153918288961995,0.8235285480252138,2.7855716839645988,0.0,nan
06,alpha,0.0,1024,ips,n10000,nan,0.7168552433214215,0.7153918288961995,0.8235285480252138,2.7855716839645988,0.0,0.8235285480252138
06,alpha,0.0,1024,snips,n10000,nan,0.7146448002261487,0.7153918288961995,0.8235285480252138,2.7855716839645988,0.0,0.8235285480252138
06,alpha,0.0,1024,clipped_ips,n10000,1.6104018096266268,0.6978286047102968,0.7153918288961995,0.8235285480252138,2.7855716839645988,0.0,0.8416494641341953
06,alpha,0.0,1024,dr,n10000,nan,0.7153087106281357,0.7153918288961995,0.8235285480252138,2.7855716839645988,0.0,0.8235285480252138
06,alpha,0.0,1024,switch_dr,n10000,1.7730001665384143,0.6748651307863769,0.7153918288961995,0.8235285480252138,2.7855716839645988,0.0,0.796600262395923
06,alpha,0.0,1024,dros,n10000,2.5933939884487143,0.6061491468895006,0.7153918288961995,0.8235285480252138,2.7855716839645988,0.0,0.9360750659896243
06,alpha,1.0,1025,dm,n10000,nan,0.713874487500283,0.7153918288961995,0.8246237826896943,2.823939673108736,0.0,nan
06,alpha,1.0,1025,ips,n10000,nan,0.7107199980610832,0.7153918288961995,0.8246237826896943,2.823939673108736,0.0,0.8246237826896943
06,alpha,1.0,1025,snips,n10000,nan,0.7120229691158014,0.7153918288961995,0.8246237826896943,2.823939673108736,0.0,0.8246237826896943
06,alpha,1.0,1025,clipped_ips,n10000,1.5971828041592202,0.6910228768266484,0.7153918288961995,0.8246237826896943,2.823939673108736,0.0,0.8431256189907741
06,alpha,1.0,1025,dr,n10000,nan,0.7122973193093588,0.7153918288961995,0.8246237826896943,2.823939673108736,0.0,0.8246237826896943
06,alpha,1.0,1025,switch_dr,n10000,1.7639489095019587,0.7112294276496114,0.7153918288961995,0.8246237826896943,2.823939673108736,0.0,0.7980241793943881
06,alpha,1.0,1025,dros,n10000,2.5509929099019097,0.7131878953905149,0.7153918288961995,0.8246237826896943,2.823939673108736,0.0,0.936937426861352
06,alpha,0.9,1025,dm,n10000,nan,0.6924870387502547,0.7153918288961995,0.8246237826896943,2.823939673108736,0.0,nan
06,alpha,0.9,1025,ips,n10000,nan,0.7107199980610832,0.7153918288961995,0.8246237826896943,2.823939673108736,0.0,0.8246237826896943
06,alpha,0.9,1025,snips,n10000,nan,0.7120229691158014,0.7153918288961995,0.8246237826896943,2.823939673108736,0.0,0.8246237826896943
06,alpha,0.9,1025,clipped_ips,n10000,1.5971828041592202,0.6910228768266484,0.7153918288961995,0.8246237826896943,2.823939673108736,0.0,0.8431256189907741
06,alpha,0.9,1025,dr,n10000,nan,0.7122310850091265,0.7153918288961995,0.8246237826896943,2.823939673108736,0.0,0.8246237826896943
06,alpha,0.9,1025,switch_dr,n10000,1.7639489095019587,0.7071499066245087,0.7153918288961995,0.8246237826896943,2.823939673108736,0.0,0.7980241793943881
06,alpha,0.9,1025,dros,n10000,2.5509929099019097,0.7023090603244488,0.7153918288961995,0.8246237826896943,2.823939673108736,0.0,0.936937426861352
06,alpha,0.75,1025,dm,n10000,nan,0.6604058656252123,0.7153918288961995,0.8246237826896943,2.823939673108736,0.0,nan
06,alpha,0.75,1025,ips,n10000,nan,0.7107199980610832,0.7153918288961995,0.8246237826896943,2.823939673108736,0.0,0.8246237826896943
06,alpha,0.75,1025,snips,n10000,nan,0.7120229691158014,0.7153918288961995,0.8246237826896943,2.823939673108736,0.0,0.8246237826896943
06,alpha,0.75,1025,clipped_ips,n10000,1.5971828041592202,0.6910228768266484,0.7153918288961995,0.8246237826896943,2.823939673108736,0.0,0.8431256189907741
06,alpha,0.75,1025,dr,n10000,nan,0.712131733558778,0.7153918288961995,0.8246237826896943,2.823939673108736,0.0,0.8246237826896943
06,alpha,0.75,1025,switch_dr,n10000,1.7639489095019587,0.7010306250868545,0.7153918288961995,0.8246237826896943,2.823939673108736,0.0,0.7980241793943881
06,alpha,0.75,1025,dros,n10000,2.5509929099019097,0.6859908077253499,0.7153918288961995,0.8246237826896943,2.823939673108736,0.0,0.936937426861352
06,alpha,0.5,1025,dm,n10000,nan,0.6069372437501416,0.7153918288961995,0.8246237826896943,2.823939673108736,0.0,nan
06,alpha,0.5,1025,ips,n10000,nan,0.7107199980610832,0.7153918288961995,0.8246237826896943,2.823939673108736,0.0,0.8246237826896943
06,alpha,0.5,1025,snips,n10000,nan,0.7120229691158014,0.7153918288961995,0.8246237826896943,2.823939673108736,0.0,0.8246237826896943
06,alpha,0.5,1025,clipped_ips,n10000,1.5971828041592202,0.6910228768266484,0.7153918288961995,0.8246237826896943,2.823939673108736,0.0,0.8431256189907741
06,alpha,0.5,1025,dr,n10000,nan,0.7119661478081971,0.7153918288961995,0.8246237826896943,2.823939673108736,0.0,0.8246237826896943
06,alpha,0.5,1025,switch_dr,n10000,1.7639489095019587,0.6908318225240977,0.7153918288961995,0.8246237826896943,2.823939673108736,0.0,0.7980241793943881
06,alpha,0.5,1025,dros,n10000,2.5509929099019097,0.658793720060185,0.7153918288961995,0.8246237826896943,2.823939673108736,0.0,0.936937426861352
06,alpha,0.25,1025,dm,n10000,nan,0.5534686218750707,0.7153918288961995,0.8246237826896943,2.823939673108736,0.0,nan
06,alpha,0.25,1025,ips,n10000,nan,0.7107199980610832,0.7153918288961995,0.8246237826896943,2.823939673108736,0.0,0.8246237826896943
06,alpha,0.25,1025,snips,n10000,nan,0.7120229691158014,0.7153918288961995,0.8246237826896943,2.823939673108736,0.0,0.8246237826896943
06,alpha,0.25,1025,clipped_ips,n10000,1.5971828041592202,0.6910228768266484,0.7153918288961995,0.8246237826896943,2.823939673108736,0.0,0.8431256189907741
06,alpha,0.25,1025,dr,n10000,nan,0.7118005620576162,0.7153918288961995,0.8246237826896943,2.823939673108736,0.0,0.8246237826896943
06,alpha,0.25,1025,switch_dr,n10000,1.7639489095019587,0.6806330199613408,0.7153918288961995,0.8246237826896943,2.823939673108736,0.0,0.7980241793943881
06,alpha,0.25,1025,dros,n10000,2.5509929099019097,0.6315966323950198,0.7153918288961995,0.8246237826896943,2.823939673108736,0.0,0.936937426861352
06,alpha,0.0,1025,dm,n10000,nan,0.5,0.7153918288961995,0.8246237826896943,2.823939673108736,0.0,nan
06,alpha,0.0,1025,ips,n10000,nan,0.7107199980610832,0.7153918288961995,0.8246237826896943,2.823939673108736,0.0,0.8246237826896943
06,alpha,0.0,1025,snips,n10000,nan,0.7120229691158014,0.7153918288961995,0.8246237826896943,2.823939673108736,0.0,0.8246237826896943
06,alpha,0.0,1025,clipped_ips,n10000,1.5971828041592202,0.6910228768266484,0.7153918288961995,0.8246237826896943,2.823939673108736,0.0,0.8431256189907741
06,alpha,0.0,1025,dr,n10000,nan,0.7116349763070353,0.7153918288961995,0.8246237826896943,2.823939673108736,0.0,0.8246237826896943
06,alpha,0.0,1025,switch_dr,n10000,1.7639489095019587,0.670434217398584,0.7153918288961995,0.8246237826896943,2.823939673108736,0.0,0.7980241793943881
06,alpha,0.0,1025,dros,n10000,2.5509929099019097,0.6043995447298549,0.7153918288961995,0.8246237826896943,2.823939673108736,0.0,0.936937426861352
06,alpha,1.0,1026,dm,n10000,nan,0.7140941095438111,0.7153918288961995,0.8215930460341793,2.650994650035015,0.0,nan
06,alpha,1.0,1026,ips,n10000,nan,0.7142678064871668,0.7153918288961995,0.8215930460341793,2.650994650035015,0.0,0.8215930460341793
06,alpha,1.0,1026,snips,n10000,nan,0.7162381837285491,0.7153918288961995,0.8215930460341793,2.650994650035015,0.0,0.8215930460341793
06,alpha,1.0,1026,clipped_ips,n10000,1.6057411671296726,0.6945426449065703,0.7153918288961995,0.8215930460341793,2.650994650035015,0.0,0.8400658228511615
06,alpha,1.0,1026,dr,n10000,nan,0.7169132622719863,0.7153918288961995,0.8215930460341793,2.650994650035015,0.0,0.8215930460341793
06,alpha,1.0,1026,switch_dr,n10000,1.769876896489521,0.7173219610851654,0.7153918288961995,0.8215930460341793,2.650994650035015,0.0,0.795156234977039
06,alpha,1.0,1026,dros,n10000,2.5784046958149633,0.7156059055113799,0.7153918288961995,0.8215930460341793,2.650994650035015,0.0,0.935041869628608
06,alpha,0.9,1026,dm,n10000,nan,0.6926846985894299,0.7153918288961995,0.8215930460341793,2.650994650035015,0.0,nan
06,alpha,0.9,1026,ips,n10000,nan,0.7142678064871668,0.7153918288961995,0.8215930460341793,2.650994650035015,0.0,0.8215930460341793
06,alpha,0.9,1026,snips,n10000,nan,0.7162381837285491,0.7153918288961995,0.8215930460341793,2.650994650035015,0.0,0.8215930460341793
06,alpha,0.9,1026,clipped_ips,n10000,1.6057411671296726,0.6945426449065703,0.7153918288961995,0.8215930460341793,2.650994650035015,0.0,0.8400658228511615
06,alpha,0.9,1026,dr,n10000,nan,0.7167862671122158,0.7153918288961995,0.8215930460341793,2.650994650035015,0.0,0.8215930460341793
06,alpha,0.9,1026,switch_dr,n10000,1.769876896489521,0.7131331383301529,0.7153918288961995,0.8215930460341793,2.650994650035015,0.0,0.795156234977039
06,alpha,0.9,1026,dros,n10000,2.5784046958149633,0.7046564065896751,0.7153918288961995,0.8215930460341793,2.650994650035015,0.0,0.935041869628608
06,alpha,0.75,1026,dm,n10000,nan,0.6605705821578584,0.7153918288961995,0.8215930460341793,2.650994650035015,0.0,nan
06,alpha,0.75,1026,ips,n10000,nan,0.7142678064871668,0.7153918288961995,0.8215930460341793,2.650994650035015,0.0,0.8215930460341793
06,alpha,0.75,1026,snips,n10000,nan,0.7162381837285491,0.7153918288961995,0.8215930460341793,2.650994650035015,0.0,0.8215930460341793
06,alpha,0.75,1026,clipped_ips,n10000,1.6057411671296726,0.6945426449065703,0.7153918288961995,0.8215930460341793,2.650994650035015,0.0,0.8400658228511615
06,alpha,0.75,1026,dr,n10000,nan,0.7165957743725604,0.7153918288961995,0.8215930460341793,2.650994650035015,0.0,0.8215930460341793
06,alpha,0.75,1026,switch_dr,n10000,1.769876896489521,0.7068499041976345,0.7153918288961995,0.8215930460341793,2.650994650035015,0.0,0.795156234977039
06,alpha,0.75,1026,dros,n10000,2.5784046958149633,0.6882321582071181,0.7153918288961995,0.8215930460341793,2.650994650035015,0.0,0.935041869628608
06,alpha,0.5,1026,dm,n10000,nan,0.6070470547719056,0.7153918288961995,0.8215930460341793,2.650994650035015,0.0,nan
06,alpha,0.5,1026,ips,n10000,nan,0.7142678064871668,0.7153918288961995,0.8215930460341793,2.650994650035015,0.0,0.8215930460341793
06,alpha,0.5,1026,snips,n10000,nan,0.7162381837285491,0.7153918288961995,0.8215930460341793,2.650994650035015,0.0,0.8215930460341793
06,alpha,0.5,1026,clipped_ips,n10000,1.6057411671296726,0.6945426449065703,0.7153918288961995,0.8215930460341793,2.650994650035015,0.0,0.8400658228511615
06,alpha,0.5,1026,dr,n10000,nan,0.7162782864731346,0.7153918288961995,0.8215930460341793,2.650994650035015,0.0,0.8215930460341793
06,alpha,0.5,1026,switch_dr,n10000,1.769876896489521,0.6963778473101037,0.7153918288961995,0.8215930460341793,2.650994650035015,0.0,0.795156234977039
06,alpha,0.5,1026,dros,n10000,2.5784046958149633,0.6608584109028564,0.7153918288961995,0.8215930460341793,2.650994650035015,0.0,0.935041869628608
06,alpha,0.25,1026,dm,n10000,nan,0.5535235273859528,0.7153918288961995,0.8215930460341793,2.650994650035015,0.0,nan
06,alpha,0.25,1026,ips,n10000,nan,0.7142678064871668,0.7153918288961995,0.8215930460341793,2.650994650035015,0.0,0.8215930460341793
06,alpha,0.25,1026,snips,n10000,nan,0.7162381837285491,0.7153918288961995,0.8215930460341793,2.650994650035015,0.0,0.8215930460341793
06,alpha,0.25,1026,clipped_ips,n10000,1.6057411671296726,0.6945426449065703,0.7153918288961995,0.8215930460341793,2.650994650035015,0.0,0.8400658228511615
06,alpha,0.25,1026,dr,n10000,nan,0.7159607985737088,0.7153918288961995,0.8215930460341793,2.650994650035015,0.0,0.8215930460341793
06,alpha,0.25,1026,switch_dr,n10000,1.769876896489521,0.6859057904225727,0.7153918288961995,0.8215930460341793,2.650994650035015,0.0,0.795156234977039
06,alpha,0.25,1026,dros,n10000,2.5784046958149633,0.6334846635985945,0.7153918288961995,0.8215930460341793,2.650994650035015,0.0,0.935041869628608
06,alpha,0.0,1026,dm,n10000,nan,0.5,0.7153918288961995,0.8215930460341793,2.650994650035015,0.0,nan
06,alpha,0.0,1026,ips,n10000,nan,0.7142678064871668,0.7153918288961995,0.8215930460341793,2.650994650035015,0.0,0.8215930460341793
06,alpha,0.0,1026,snips,n10000,nan,0.7162381837285491,0.7153918288961995,0.8215930460341793,2.650994650035015,0.0,0.8215930460341793
06,alpha,0.0,1026,clipped_ips,n10000,1.6057411671296726,0.6945426449065703,0.7153918288961995,0.8215930460341793,2.650994650035015,0.0,0.8400658228511615
06,alpha,0.0,1026,dr,n10000,nan,0.715643310674283,0.7153918288961995,0.8215930460341793,2.650994650035015,0.0,0.8215930460341793
06,alpha,0.0,1026,switch_dr,n10000,1.769876896489521,0.6754337335350419,0.7153918288961995,0.8215930460341793,2.650994650035015,0.0,0.795156234977039
06,alpha,0.0,1026,dros,n10000,2.5784046958149633,0.6061109162943327,0.7153918288961995,0.8215930460341793,2.650994650035015,0.0,0.935041869628608
06,alpha,1.0,1027,dm,n10000,nan,0.7165920250752144,0.7153918288961995,0.8236854922943061,2.738974478613482,0.0,nan
06,alpha,1.0,1027,ips,n10000,nan,0.7142068549448589,0.7153918288961995,0.8236854922943061,2.738974478613482,0.0,0.8236854922943061
06,alpha,1.0,1027,snips,n10000,nan,0.71429153618723,0.7153918288961995,0.8236854922943061,2.738974478613482,0.0,0.8236854922943061
06,alpha,1.0,1027,clipped_ips,n10000,1.6042379135252638,0.6943417200672587,0.7153918288961995,0.8236854922943061,2.738974478613482,0.0,0.8424761332044842
06,alpha,1.0,1027,dr,n10000,nan,0.7141574432745856,0.7153918288961995,0.8236854922943061,2.738974478613482,0.0,0.8236854922943061
06,alpha,1.0,1027,switch_dr,n10000,1.7574005210067738,0.7144964680330116,0.7153918288961995,0.8236854922943061,2.738974478613482,0.0,0.7977352296213375
06,alpha,1.0,1027,dros,n10000,2.5735792831918918,0.714393682195111,0.7153918288961995,0.8236854922943061,2.738974478613482,0.0,0.9365190698614526
06,alpha,0.9,1027,dm,n10000,nan,0.694932822567693,0.7153918288961995,0.8236854922943061,2.738974478613482,0.0,nan
06,alpha,0.9,1027,ips,n10000,nan,0.7142068549448589,0.7153918288961995,0.8236854922943061,2.738974478613482,0.0,0.8236854922943061
06,alpha,0.9,1027,snips,n10000,nan,0.71429153618723,0.7153918288961995,0.8236854922943061,2.738974478613482,0.0,0.8236854922943061
06,alpha,0.9,1027,clipped_ips,n10000,1.6042379135252638,0.6943417200672587,0.7153918288961995,0.8236854922943061,2.738974478613482,0.0,0.8424761332044842
06,alpha,0.9,1027,dr,n10000,nan,0.7141683120802648,0.7153918288961995,0.8236854922943061,2.738974478613482,0.0,0.8236854922943061
06,alpha,0.9,1027,switch_dr,n10000,1.7574005210067738,0.7103777203719419,0.7153918288961995,0.8236854922943061,2.738974478613482,0.0,0.7977352296213375
06,alpha,0.9,1027,dros,n10000,2.5735792831918918,0.703456672644108,0.7153918288961995,0.8236854922943061,2.738974478613482,0.0,0.9365190698614526
06,alpha,0.75,1027,dm,n10000,nan,0.6624440188064108,0.7153918288961995,0.8236854922943061,2.738974478613482,0.0,nan
06,alpha,0.75,1027,ips,n10000,nan,0.7142068549448589,0.7153918288961995,0.8236854922943061,2.738974478613482,0.0,0.8236854922943061
06,alpha,0.75,1027,snips,n10000,nan,0.71429153618723,0.7153918288961995,0.8236854922943061,2.738974478613482,0.0,0.8236854922943061
06,alpha,0.75,1027,clipped_ips,n10000,1.6042379135252638,0.6943417200672587,0.7153918288961995,0.8236854922943061,2.738974478613482,0.0,0.8424761332044842
06,alpha,0.75,1027,dr,n10000,nan,0.7141846152887835,0.7153918288961995,0.8236854922943061,2.738974478613482,0.0,0.8236854922943061
06,alpha,0.75,1027,switch_dr,n10000,1.7574005210067738,0.7041995988803373,0.7153918288961995,0.8236854922943061,2.738974478613482,0.0,0.7977352296213375
06,alpha,0.75,1027,dros,n10000,2.5735792831918918,0.6870511583176034,0.7153918288961995,0.8236854922943061,2.738974478613482,0.0,0.9365190698614526
06,alpha,0.5,1027,dm,n10000,nan,0.6082960125376072,0.7153918288961995,0.8236854922943061,2.738974478613482,0.0,nan
06,alpha,0.5,1027,ips,n10000,nan,0.7142068549448589,0.7153918288961995,0.8236854922943061,2.738974478613482,0.0,0.8236854922943061
06,alpha,0.5,1027,snips,n10000,nan,0.71429153618723,0.7153918288961995,0.8236854922943061,2.738974478613482,0.0,0.8236854922943061
06,alpha,0.5,1027,clipped_ips,n10000,1.6042379135252638,0.6943417200672587,0.7153918288961995,0.8236854922943061,2.738974478613482,0.0,0.8424761332044842
06,alpha,0.5,1027,dr,n10000,nan,0.7142117873029814,0.7153918288961995,0.8236854922943061,2.738974478613482,0.0,0.8236854922943061
06,alpha,0.5,1027,switch_dr,n10000,1.7574005210067738,0.6939027297276632,0.7153918288961995,0.8236854922943061,2.738974478613482,0.0,0.7977352296213375
06,alpha,0.5,1027,dros,n10000,2.5735792831918918,0.6597086344400959,0.7153918288961995,0.8236854922943061,2.738974478613482,0.0,0.9365190698614526
06,alpha,0.25,1027,dm,n10000,nan,0.5541480062688036,0.7153918288961995,0.8236854922943061,2.738974478613482,0.0,nan
06,alpha,0.25,1027,ips,n10000,nan,0.7142068549448589,0.7153918288961995,0.8236854922943061,2.738974478613482,0.0,0.8236854922943061
06,alpha,0.25,1027,snips,n10000,nan,0.71429153618723,0.7153918288961995,0.8236854922943061,2.738974478613482,0.0,0.8236854922943061
06,alpha,0.25,1027,clipped_ips,n10000,1.6042379135252638,0.6943417200672587,0.7153918288961995,0.8236854922943061,2.738974478613482,0.0,0.8424761332044842
06,alpha,0.25,1027,dr,n10000,nan,0.7142389593171791,0.7153918288961995,0.8236854922943061,2.738974478613482,0.0,0.8236854922943061
06,alpha,0.25,1027,switch_dr,n10000,1.7574005210067738,0.6836058605749888,0.7153918288961995,0.8236854922943061,2.738974478613482,0.0,0.7977352296213375
06,alpha,0.25,1027,dros,n10000,2.5735792831918918,0.6323661105625882,0.7153918288961995,0.8236854922943061,2.738974478613482,0.0,0.9365190698614526
06,alpha,0.0,1027,dm,n10000,nan,0.5,0.7153918288961995,0.8236854922943061,2.738974478613482,0.0,nan
06,alpha,0.0,1027,ips,n10000,nan,0.7142068549448589,0.7153918288961995,0.8236854922943061,2.738974478613482,0.0,0.8236854922943061
06,alpha,0.0,1027,snips,n10000,nan,0.71429153618723,0.7153918288961995,0.8236854922943061,2.738974478613482,0.0,0.8236854922943061
06,alpha,0.0,1027,clipped_ips,n10000,1.6042379135252638,0.6943417200672587,0.7153918288961995,0.8236854922943061,2.738974478613482,0.0,0.8424761332044842
06,alpha,0.0,1027,dr,n10000,nan,0.714266131331377,0.7153918288961995,0.8236854922943061,2.738974478613482,0.0,0.8236854922943061
06,alpha,0.0,1027,switch_dr,n10000,1.7574005210067738,0.6733089914223147,0.7153918288961995,0.8236854922943061,2.738974478613482,0.0,0.7977352296213375
06,alpha,0.0,1027,dros,n10000,2.5735792831918918,0.6050235866850807,0.7153918288961995,0.8236854922943061,2.738974478613482,0.0,0.9365190698614526
06,alpha,1.0,1028,dm,n10000,nan,0.7146488981723422,0.7153918288961995,0.8202568385979723,2.8907118974330017,0.0,nan
06,alpha,1.0,1028,ips,n10000,nan,0.7116510993582873,0.7153918288961995,0.8202568385979723,2.8907118974330017,0.0,0.8202568385979723
06,alpha,1.0,1028,snips,n10000,nan,0.7164979527994573,0.7153918288961995,0.8202568385979723,2.8907118974330017,0.0,0.8202568385979723
06,alpha,1.0,1028,clipped_ips,n10000,1.6111530005198702,0.6929449130950894,0.7153918288961995,0.8202568385979723,2.8907118974330017,0.0,0.837909993618219
06,alpha,1.0,1028,dr,n10000,nan,0.7185185860088777,0.7153918288961995,0.8202568385979723,2.8907118974330017,0.0,0.8202568385979723
06,alpha,1.0,1028,switch_dr,n10000,1.759288702750439,0.7173861386634782,0.7153918288961995,0.8202568385979723,2.8907118974330017,0.0,0.7935938897828692
06,alpha,1.0,1028,dros,n10000,2.595813991084181,0.716876814555637,0.7153918288961995,0.8202568385979723,2.8907118974330017,0.0,0.9338105254257367
06,alpha,0.9,1028,dm,n10000,nan,0.6931840083551081,0.7153918288961995,0.8202568385979723,2.8907118974330017,0.0,nan
06,alpha,0.9,1028,ips,n10000,nan,0.7116510993582873,0.7153918288961995,0.8202568385979723,2.8907118974330017,0.0,0.8202568385979723
06,alpha,0.9,1028,snips,n10000,nan,0.7164979527994573,0.7153918288961995,0.8202568385979723,2.8907118974330017,0.0,0.8202568385979723
06,alpha,0.9,1028,clipped_ips,n10000,1.6111530005198702,0.6929449130950894,0.7153918288961995,0.8202568385979723,2.8907118974330017,0.0,0.837909993618219
06,alpha,0.9,1028,dr,n10000,nan,0.718170069534311,0.7153918288961995,0.8202568385979723,2.8907118974330017,0.0,0.8202568385979723
06,alpha,0.9,1028,switch_dr,n10000,1.759288702750439,0.7129448054712948,0.7153918288961995,0.8202568385979723,2.8907118974330017,0.0,0.7935938897828692
06,alpha,0.9,1028,dros,n10000,2.595813991084181,0.7057996562261096,0.7153918288961995,0.8202568385979723,2.8907118974330017,0.0,0.9338105254257367
06,alpha,0.75,1028,dm,n10000,nan,0.6609866736292567,0.7153918288961995,0.8202568385979723,2.8907118974330017,0.0,nan
06,alpha,0.75,1028,ips,n10000,nan,0.7116510993582873,0.7153918288961995,0.8202568385979723,2.8907118974330017,0.0,0.8202568385979723
06,alpha,0.75,1028,snips,n10000,nan,0.7164979527994573,0.7153918288961995,0.8202568385979723,2.8907118974330017,0.0,0.8202568385979723
06,alpha,0.75,1028,clipped_ips,n10000,1.6111530005198702,0.6929449130950894,0.7153918288961995,0.8202568385979723,2.8907118974330017,0.0,0.837909993618219
06,alpha,0.75,1028,dr,n10000,nan,0.7176472948224606,0.7153918288961995,0.8202568385979723,2.8907118974330017,0.0,0.8202568385979723
06,alpha,0.75,1028,switch_dr,n10000,1.759288702750439,0.7062828056830194,0.7153918288961995,0.8202568385979723,2.8907118974330017,0.0,0.7935938897828692
06,alpha,0.75,1028,dros,n10000,2.595813991084181,0.6891839187318184,0.7153918288961995,0.8202568385979723,2.8907118974330017,0.0,0.9338105254257367
06,alpha,0.5,1028,dm,n10000,nan,0.6073244490861711,0.7153918288961995,0.8202568385979723,2.8907118974330017,0.0,nan
06,alpha,0.5,1028,ips,n10000,nan,0.7116510993582873,0.7153918288961995,0.8202568385979723,2.8907118974330017,0.0,0.8202568385979723
06,alpha,0.5,1028,snips,n10000,nan,0.7164979527994573,0.7153918288961995,0.8202568385979723,2.8907118974330017,0.0,0.8202568385979723
06,alpha,0.5,1028,clipped_ips,n10000,1.6111530005198702,0.6929449130950894,0.7153918288961995,0.8202568385979723,2.8907118974330017,0.0,0.837909993618219
06,alpha,0.5,1028,dr,n10000,nan,0.7167760036360433,0.7153918288961995,0.8202568385979723,2.8907118974330017,0.0,0.8202568385979723
06,alpha,0.5,1028,switch_dr,n10000,1.759288702750439,0.6951794727025606,0.7153918288961995,0.8202568385979723,2.8907118974330017,0.0,0.7935938897828692
06,alpha,0.5,1028,dros,n10000,2.595813991084181,0.6614910229079997,0.7153918288961995,0.8202568385979723,2.8907118974330017,0.0,0.9338105254257367
06,alpha,0.25,1028,dm,n10000,nan,0.5536622245430856,0.7153918288961995,0.8202568385979723,2.8907118974330017,0.0,nan
06,alpha,0.25,1028,ips,n10000,nan,0.7116510993582873,0.7153918288961995,0.8202568385979723,2.8907118974330017,0.0,0.8202568385979723
06,alpha,0.25,1028,snips,n10000,nan,0.7164979527994573,0.7153918288961995,0.8202568385979723,2.8907118974330017,0.0,0.8202568385979723
06,alpha,0.25,1028,clipped_ips,n10000,1.6111530005198702,0.6929449130950894,0.7153918288961995,0.8202568385979723,2.8907118974330017,0.0,0.837909993618219
06,alpha,0.25,1028,dr,n10000,nan,0.7159047124496261,0.7153918288961995,0.8202568385979723,2.8907118974330017,0.0,0.8202568385979723
06,alpha,0.25,1028,switch_dr,n10000,1.759288702750439,0.6840761397221018,0.7153918288961995,0.8202568385979723,2.8907118974330017,0.0,0.7935938897828692
06,alpha,0.25,1028,dros,n10000,2.595813991084181,0.633798127084181,0.7153918288961995,0.8202568385979723,2.8907118974330017,0.0,0.9338105254257367
06,alpha,0.0,1028,dm,n10000,nan,0.5,0.7153918288961995,0.8202568385979723,2.8907118974330017,0.0,nan
06,alpha,0.0,1028,ips,n10000,nan,0.7116510993582873,0.7153918288961995,0.8202568385979723,2.8907118974330017,0.0,0.8202568385979723
06,alpha,0.0,1028,snips,n10000,nan,0.7164979527994573,0.7153918288961995,0.8202568385979723,2.8907118974330017,0.0,0.8202568385979723
06,alpha,0.0,1028,clipped_ips,n10000,1.6111530005198702,0.6929449130950894,0.7153918288961995,0.8202568385979723,2.8907118974330017,0.0,0.837909993618219
06,alpha,0.0,1028,dr,n10000,nan,0.7150334212632088,0.7153918288961995,0.8202568385979723,2.8907118974330017,0.0,0.8202568385979723
06,alpha,0.0,1028,switch_dr,n10000,1.759288702750439,0.6729728067416431,0.7153918288961995,0.8202568385979723,2.8907118974330017,0.0,0.7935938897828692
06,alpha,0.0,1028,dros,n10000,2.595813991084181,0.6061052312603624,0.7153918288961995,0.8202568385979723,2.8907118974330017,0.0,0.9338105254257367
06,alpha,1.0,1029,dm,n10000,nan,0.7151678765697396,0.7153918288961995,0.8192010368059985,2.788421015369327,0.0,nan
06,alpha,1.0,1029,ips,n10000,nan,0.7062346009132426,0.7153918288961995,0.8192010368059985,2.788421015369327,0.0,0.8192010368059985
06,alpha,1.0,1029,snips,n10000,nan,0.7083965592194734,0.7153918288961995,0.8192010368059985,2.788421015369327,0.0,0.8192010368059985
06,alpha,1.0,1029,clipped_ips,n10000,1.6122527208726927,0.6868131072354772,0.7153918288961995,0.8192010368059985,2.788421015369327,0.0,0.8379249984819178
06,alpha,1.0,1029,dr,n10000,nan,0.7089126273039085,0.7153918288961995,0.8192010368059985,2.788421015369327,0.0,0.8192010368059985
06,alpha,1.0,1029,switch_dr,n10000,1.7716330218080356,0.7105095925527904,0.7153918288961995,0.8192010368059985,2.788421015369327,0.0,0.7931188145970044
06,alpha,1.0,1029,dros,n10000,2.5993588359614006,0.7121565822978619,0.7153918288961995,0.8192010368059985,2.788421015369327,0.0,0.9339795232056036
06,alpha,0.9,1029,dm,n10000,nan,0.6936510889127656,0.7153918288961995,0.8192010368059985,2.788421015369327,0.0,nan
06,alpha,0.9,1029,ips,n10000,nan,0.7062346009132426,0.7153918288961995,0.8192010368059985,2.788421015369327,0.0,0.8192010368059985
06,alpha,0.9,1029,snips,n10000,nan,0.7083965592194734,0.7153918288961995,0.8192010368059985,2.788421015369327,0.0,0.8192010368059985
06,alpha,0.9,1029,clipped_ips,n10000,1.6122527208726927,0.6868131072354772,0.7153918288961995,0.8192010368059985,2.788421015369327,0.0,0.8379249984819178
06,alpha,0.9,1029,dr,n10000,nan,0.7087974198657991,0.7153918288961995,0.8192010368059985,2.788421015369327,0.0,0.8192010368059985
06,alpha,0.9,1029,switch_dr,n10000,1.7716330218080356,0.7062815377575397,0.7153918288961995,0.8192010368059985,2.788421015369327,0.0,0.7931188145970044
06,alpha,0.9,1029,dros,n10000,2.5993588359614006,0.7011623589412747,0.7153918288961995,0.8192010368059985,2.788421015369327,0.0,0.9339795232056036
06,alpha,0.75,1029,dm,n10000,nan,0.6613759074273047,0.7153918288961995,0.8192010368059985,2.788421015369327,0.0,nan
06,alpha,0.75,1029,ips,n10000,nan,0.7062346009132426,0.7153918288961995,0.8192010368059985,2.788421015369327,0.0,0.8192010368059985
06,alpha,0.75,1029,snips,n10000,nan,0.7083965592194734,0.7153918288961995,0.8192010368059985,2.788421015369327,0.0,0.8192010368059985
06,alpha,0.75,1029,clipped_ips,n10000,1.6122527208726927,0.6868131072354772,0.7153918288961995,0.8192010368059985,2.788421015369327,0.0,0.8379249984819178
06,alpha,0.75,1029,dr,n10000,nan,0.7086246087086352,0.7153918288961995,0.8192010368059985,2.788421015369327,0.0,0.8192010368059985
06,alpha,0.75,1029,switch_dr,n10000,1.7716330218080356,0.6999394555646633,0.7153918288961995,0.8192010368059985,2.788421015369327,0.0,0.7931188145970044
06,alpha,0.75,1029,dros,n10000,2.5993588359614006,0.6846710239063938,0.7153918288961995,0.8192010368059985,2.788421015369327,0.0,0.9339795232056036
06,alpha,0.5,1029,dm,n10000,nan,0.6075839382848698,0.7153918288961995,0.8192010368059985,2.788421015369327,0.0,nan
06,alpha,0.5,1029,ips,n10000,nan,0.7062346009132426,0.7153918288961995,0.8192010368059985,2.788421015369327,0.0,0.8192010368059985
06,alpha,0.5,1029,snips,n10000,nan,0.7083965592194734,0.7153918288961995,0.8192010368059985,2.788421015369327,0.0,0.8192010368059985
06,alpha,0.5,1029,clipped_ips,n10000,1.6122527208726927,0.6868131072354772,0.7153918288961995,0.8192010368059985,2.788421015369327,0.0,0.8379249984819178
06,alpha,0.5,1029,dr,n10000,nan,0.7083365901133619,0.7153918288961995,0.8192010368059985,2.788421015369327,0.0,0.8192010368059985
06,alpha,0.5,1029,switch_dr,n10000,1.7716330218080356,0.6893693185765362,0.7153918288961995,0.8192010368059985,2.788421015369327,0.0,0.7931188145970044
06,alpha,0.5,1029,dros,n10000,2.5993588359614006,0.6571854655149256,0.7153918288961995,0.8192010368059985,2.788421015369327,0.0,0.9339795232056036
06,alpha,0.25,1029,dm,n10000,nan,0.5537919691424349,0.7153918288961995,0.8192010368059985,2.788421015369327,0.0,nan
06,alpha,0.25,1029,ips,n10000,nan,0.7062346009132426,0.7153918288961995,0.8192010368059985,2.788421015369327,0.0,0.8192010368059985
06,alpha,0.25,1029,snips,n10000,nan,0.7083965592194734,0.7153918288961995,0.8192010368059985,2.788421015369327,0.0,0.8192010368059985
06,alpha,0.25,1029,clipped_ips,n10000,1.6122527208726927,0.6868131072354772,0.7153918288961995,0.8192010368059985,2.788421015369327,0.0,0.8379249984819178
06,alpha,0.25,1029,dr,n10000,nan,0.7080485715180886,0.7153918288961995,0.8192010368059985,2.788421015369327,0.0,0.8192010368059985
06,alpha,0.25,1029,switch_dr,n10000,1.7716330218080356,0.678799181588409,0.7153918288961995,0.8192010368059985,2.788421015369327,0.0,0.7931188145970044
06,alpha,0.25,1029,dros,n10000,2.5993588359614006,0.6296999071234575,0.7153918288961995,0.8192010368059985,2.788421015369327,0.0,0.9339795232056036
06,alpha,0.0,1029,dm,n10000,nan,0.5,0.7153918288961995,0.8192010368059985,2.788421015369327,0.0,nan
06,alpha,0.0,1029,ips,n10000,nan,0.7062346009132426,0.7153918288961995,0.8192010368059985,2.788421015369327,0.0,0.8192010368059985
06,alpha,0.0,1029,snips,n10000,nan,0.7083965592194734,0.7153918288961995,0.8192010368059985,2.788421015369327,0.0,0.8192010368059985
06,alpha,0.0,1029,clipped_ips,n10000,1.6122527208726927,0.6868131072354772,0.7153918288961995,0.8192010368059985,2.788421015369327,0.0,0.8379249984819178
06,alpha,0.0,1029,dr,n10000,nan,0.7077605529228154,0.7153918288961995,0.8192010368059985,2.788421015369327,0.0,0.8192010368059985
06,alpha,0.0,1029,switch_dr,n10000,1.7716330218080356,0.6682290446002819,0.7153918288961995,0.8192010368059985,2.788421015369327,0.0,0.7931188145970044
06,alpha,0.0,1029,dros,n10000,2.5993588359614006,0.6022143487319893,0.7153918288961995,0.8192010368059985,2.788421015369327,0.0,0.9339795232056036
06,alpha,1.0,1030,dm,n10000,nan,0.71773095505948,0.7153918288961995,0.8211474514185684,2.742948644046735,0.0,nan
06,alpha,1.0,1030,ips,n10000,nan,0.7031023258891622,0.7153918288961995,0.8211474514185684,2.742948644046735,0.0,0.8211474514185684
06,alpha,1.0,1030,snips,n10000,nan,0.7076669196899931,0.7153918288961995,0.8211474514185684,2.742948644046735,0.0,0.8211474514185684
06,alpha,1.0,1030,clipped_ips,n10000,1.6002633437060998,0.6842171483641347,0.7153918288961995,0.8211474514185684,2.742948644046735,0.0,0.8388184205177626
06,alpha,1.0,1030,dr,n10000,nan,0.7104737293660298,0.7153918288961995,0.8211474514185684,2.742948644046735,0.0,0.8211474514185684
06,alpha,1.0,1030,switch_dr,n10000,1.7538398933633186,0.7099779232864798,0.7153918288961995,0.8211474514185684,2.742948644046735,0.0,0.7939663689028814
06,alpha,1.0,1030,dros,n10000,2.560842769209427,0.7114492630068862,0.7153918288961995,0.8211474514185684,2.742948644046735,0.0,0.9349980040835689
06,alpha,0.9,1030,dm,n10000,nan,0.6959578595535321,0.7153918288961995,0.8211474514185684,2.742948644046735,0.0,nan
06,alpha,0.9,1030,ips,n10000,nan,0.7031023258891622,0.7153918288961995,0.8211474514185684,2.742948644046735,0.0,0.8211474514185684
06,alpha,0.9,1030,snips,n10000,nan,0.7076669196899931,0.7153918288961995,0.8211474514185684,2.742948644046735,0.0,0.8211474514185684
06,alpha,0.9,1030,clipped_ips,n10000,1.6002633437060998,0.6842171483641347,0.7153918288961995,0.8211474514185684,2.742948644046735,0.0,0.8388184205177626
06,alpha,0.9,1030,dr,n10000,nan,0.7100590990632404,0.7153918288961995,0.8211474514185684,2.742948644046735,0.0,0.8211474514185684
06,alpha,0.9,1030,switch_dr,n10000,1.7538398933633186,0.7055420500707142,0.7153918288961995,0.8211474514185684,2.742948644046735,0.0,0.7939663689028814
06,alpha,0.9,1030,dros,n10000,2.560842769209427,0.7001904581083724,0.7153918288961995,0.8211474514185684,2.742948644046735,0.0,0.9349980040835689
06,alpha,0.75,1030,dm,n10000,nan,0.66329821629461,0.7153918288961995,0.8211474514185684,2.742948644046735,0.0,nan
06,alpha,0.75,1030,ips,n10000,nan,0.7031023258891622,0.7153918288961995,0.8211474514185684,2.742948644046735,0.0,0.8211474514185684
06,alpha,0.75,1030,snips,n10000,nan,0.7076669196899931,0.7153918288961995,0.8211474514185684,2.742948644046735,0.0,0.8211474514185684
06,alpha,0.75,1030,clipped_ips,n10000,1.6002633437060998,0.6842171483641347,0.7153918288961995,0.8211474514185684,2.742948644046735,0.0,0.8388184205177626
06,alpha,0.75,1030,dr,n10000,nan,0.7094371536090562,0.7153918288961995,0.8211474514185684,2.742948644046735,0.0,0.8211474514185684
06,alpha,0.75,1030,switch_dr,n10000,1.7538398933633186,0.698888240247066,0.7153918288961995,0.8211474514185684,2.742948644046735,0.0,0.7939663689028814
06,alpha,0.75,1030,dros,n10000,2.560842769209427,0.6833022507606019,0.7153918288961995,0.8211474514185684,2.742948644046735,0.0,0.9349980040835689
06,alpha,0.5,1030,dm,n10000,nan,0.6088654775297401,0.7153918288961995,0.8211474514185684,2.742948644046735,0.0,nan
06,alpha,0.5,1030,ips,n10000,nan,0.7031023258891622,0.7153918288961995,0.8211474514185684,2.742948644046735,0.0,0.8211474514185684
06,alpha,0.5,1030,snips,n10000,nan,0.7076669196899931,0.7153918288961995,0.8211474514185684,2.742948644046735,0.0,0.8211474514185684
06,alpha,0.5,1030,clipped_ips,n10000,1.6002633437060998,0.6842171483641347,0.7153918288961995,0.8211474514185684,2.742948644046735,0.0,0.8388184205177626
06,alpha,0.5,1030,dr,n10000,nan,0.7084005778520825,0.7153918288961995,0.8211474514185684,2.742948644046735,0.0,0.8211474514185684
06,alpha,0.5,1030,switch_dr,n10000,1.7538398933633186,0.6877985572076522,0.7153918288961995,0.8211474514185684,2.742948644046735,0.0,0.7939663689028814
06,alpha,0.5,1030,dros,n10000,2.560842769209427,0.6551552385143177,0.7153918288961995,0.8211474514185684,2.742948644046735,0.0,0.9349980040835689
06,alpha,0.25,1030,dm,n10000,nan,0.55443273876487,0.7153918288961995,0.8211474514185684,2.742948644046735,0.0,nan
06,alpha,0.25,1030,ips,n10000,nan,0.7031023258891622,0.7153918288961995,0.8211474514185684,2.742948644046735,0.0,0.8211474514185684
06,alpha,0.25,1030,snips,n10000,nan,0.7076669196899931,0.7153918288961995,0.8211474514185684,2.742948644046735,0.0,0.8211474514185684
06,alpha,0.25,1030,clipped_ips,n10000,1.6002633437060998,0.6842171483641347,0.7153918288961995,0.8211474514185684,2.742948644046735,0.0,0.8388184205177626
06,alpha,0.25,1030,dr,n10000,nan,0.7073640020951089,0.7153918288961995,0.8211474514185684,2.742948644046735,0.0,0.8211474514185684
06,alpha,0.25,1030,switch_dr,n10000,1.7538398933633186,0.6767088741682382,0.7153918288961995,0.8211474514185684,2.742948644046735,0.0,0.7939663689028814
06,alpha,0.25,1030,dros,n10000,2.560842769209427,0.6270082262680333,0.7153918288961995,0.8211474514185684,2.742948644046735,0.0,0.9349980040835689
06,alpha,0.0,1030,dm,n10000,nan,0.5,0.7153918288961995,0.8211474514185684,2.742948644046735,0.0,nan
06,alpha,0.0,1030,ips,n10000,nan,0.7031023258891622,0.7153918288961995,0.8211474514185684,2.742948644046735,0.0,0.8211474514185684
06,alpha,0.0,1030,snips,n10000,nan,0.7076669196899931,0.7153918288961995,0.8211474514185684,2.742948644046735,0.0,0.8211474514185684
06,alpha,0.0,1030,clipped_ips,n10000,1.6002633437060998,0.6842171483641347,0.7153918288961995,0.8211474514185684,2.742948644046735,0.0,0.8388184205177626
06,alpha,0.0,1030,dr,n10000,nan,0.7063274263381352,0.7153918288961995,0.8211474514185684,2.742948644046735,0.0,0.8211474514185684
06,alpha,0.0,1030,switch_dr,n10000,1.7538398933633186,0.6656191911288244,0.7153918288961995,0.8211474514185684,2.742948644046735,0.0,0.7939663689028814
06,alpha,0.0,1030,dros,n10000,2.560842769209427,0.5988612140217491,0.7153918288961995,0.8211474514185684,2.742948644046735,0.0,0.9349980040835689
06,alpha,1.0,1031,dm,n10000,nan,0.7150746674525681,0.7153918288961995,0.8253485611570918,2.720276085651621,0.0,nan
06,alpha,1.0,1031,ips,n10000,nan,0.7074303074400117,0.7153918288961995,0.8253485611570918,2.720276085651621,0.0,0.8253485611570918
06,alpha,1.0,1031,snips,n10000,nan,0.7080166332504275,0.7153918288961995,0.8253485611570918,2.720276085651621,0.0,0.8253485611570918
06,alpha,1.0,1031,clipped_ips,n10000,1.5966348121468865,0.6882396437880663,0.7153918288961995,0.8253485611570918,2.720276085651621,0.0,0.8436932556653214
06,alpha,1.0,1031,dr,n10000,nan,0.7095841682910722,0.7153918288961995,0.8253485611570918,2.720276085651621,0.0,0.8253485611570918
06,alpha,1.0,1031,switch_dr,n10000,1.7621830688120392,0.7131162521889726,0.7153918288961995,0.8253485611570918,2.720276085651621,0.0,0.7985039538384348
06,alpha,1.0,1031,dros,n10000,2.5492427233593236,0.711384787560302,0.7153918288961995,0.8253485611570918,2.720276085651621,0.0,0.9374623451593052
06,alpha,0.9,1031,dm,n10000,nan,0.6935672007073113,0.7153918288961995,0.8253485611570918,2.720276085651621,0.0,nan
06,alpha,0.9,1031,ips,n10000,nan,0.7074303074400117,0.7153918288961995,0.8253485611570918,2.720276085651621,0.0,0.8253485611570918
06,alpha,0.9,1031,snips,n10000,nan,0.7080166332504275,0.7153918288961995,0.8253485611570918,2.720276085651621,0.0,0.8253485611570918
06,alpha,0.9,1031,clipped_ips,n10000,1.5966348121468865,0.6882396437880663,0.7153918288961995,0.8253485611570918,2.720276085651621,0.0,0.8436932556653214
06,alpha,0.9,1031,dr,n10000,nan,0.7094101884231989,0.7153918288961995,0.8253485611570918,2.720276085651621,0.0,0.8253485611570918
06,alpha,0.9,1031,switch_dr,n10000,1.7621830688120392,0.70892450347157,0.7153918288961995,0.8253485611570918,2.720276085651621,0.0,0.7985039538384348
06,alpha,0.9,1031,dros,n10000,2.5492427233593236,0.7004196981418502,0.7153918288961995,0.8253485611570918,2.720276085651621,0.0,0.9374623451593052
06,alpha,0.75,1031,dm,n10000,nan,0.6613060005894261,0.7153918288961995,0.8253485611570918,2.720276085651621,0.0,nan
06,alpha,0.75,1031,ips,n10000,nan,0.7074303074400117,0.7153918288961995,0.8253485611570918,2.720276085651621,0.0,0.8253485611570918
06,alpha,0.75,1031,snips,n10000,nan,0.7080166332504275,0.7153918288961995,0.8253485611570918,2.720276085651621,0.0,0.8253485611570918
06,alpha,0.75,1031,clipped_ips,n10000,1.5966348121468865,0.6882396437880663,0.7153918288961995,0.8253485611570918,2.720276085651621,0.0,0.8436932556653214
06,alpha,0.75,1031,dr,n10000,nan,0.7091492186213891,0.7153918288961995,0.8253485611570918,2.720276085651621,0.0,0.8253485611570918
06,alpha,0.75,1031,switch_dr,n10000,1.7621830688120392,0.7026368803954665,0.7153918288961995,0.8253485611570918,2.720276085651621,0.0,0.7985039538384348
06,alpha,0.75,1031,dros,n10000,2.5492427233593236,0.6839720640141727,0.7153918288961995,0.8253485611570918,2.720276085651621,0.0,0.9374623451593052
06,alpha,0.5,1031,dm,n10000,nan,0.6075373337262842,0.7153918288961995,0.8253485611570918,2.720276085651621,0.0,nan
06,alpha,0.5,1031,ips,n10000,nan,0.7074303074400117,0.7153918288961995,0.8253485611570918,2.720276085651621,0.0,0.8253485611570918
06,alpha,0.5,1031,snips,n10000,nan,0.7080166332504275,0.7153918288961995,0.8253485611570918,2.720276085651621,0.0,0.8253485611570918
06,alpha,0.5,1031,clipped_ips,n10000,1.5966348121468865,0.6882396437880663,0.7153918288961995,0.8253485611570918,2.720276085651621,0.0,0.8436932556653214
06,alpha,0.5,1031,dr,n10000,nan,0.708714268951706,0.7153918288961995,0.8253485611570918,2.720276085651621,0.0,0.8253485611570918
06,alpha,0.5,1031,switch_dr,n10000,1.7621830688120392,0.6921575086019602,0.7153918288961995,0.8253485611570918,2.720276085651621,0.0,0.7985039538384348
06,alpha,0.5,1031,dros,n10000,2.5492427233593236,0.6565593404680433,0.7153918288961995,0.8253485611570918,2.720276085651621,0.0,0.9374623451593052
06,alpha,0.25,1031,dm,n10000,nan,0.5537686668631421,0.7153918288961995,0.8253485611570918,2.720276085651621,0.0,nan
06,alpha,0.25,1031,ips,n10000,nan,0.7074303074400117,0.7153918288961995,0.8253485611570918,2.720276085651621,0.0,0.8253485611570918
06,alpha,0.25,1031,snips,n10000,nan,0.7080166332504275,0.7153918288961995,0.8253485611570918,2.720276085651621,0.0,0.8253485611570918
06,alpha,0.25,1031,clipped_ips,n10000,1.5966348121468865,0.6882396437880663,0.7153918288961995,0.8253485611570918,2.720276085651621,0.0,0.8436932556653214
06,alpha,0.25,1031,dr,n10000,nan,0.7082793192820228,0.7153918288961995,0.8253485611570918,2.720276085651621,0.0,0.8253485611570918
06,alpha,0.25,1031,switch_dr,n10000,1.7621830688120392,0.681678136808454,0.7153918288961995,0.8253485611570918,2.720276085651621,0.0,0.7985039538384348
06,alpha,0.25,1031,dros,n10000,2.5492427233593236,0.6291466169219139,0.7153918288961995,0.8253485611570918,2.720276085651621,0.0,0.9374623451593052
06,alpha,0.0,1031,dm,n10000,nan,0.5,0.7153918288961995,0.8253485611570918,2.720276085651621,0.0,nan
06,alpha,0.0,1031,ips,n10000,nan,0.7074303074400117,0.7153918288961995,0.8253485611570918,2.720276085651621,0.0,0.8253485611570918
06,alpha,0.0,1031,snips,n10000,nan,0.7080166332504275,0.7153918288961995,0.8253485611570918,2.720276085651621,0.0,0.8253485611570918
06,alpha,0.0,1031,clipped_ips,n10000,1.5966348121468865,0.6882396437880663,0.7153918288961995,0.8253485611570918,2.720276085651621,0.0,0.8436932556653214
06,alpha,0.0,1031,dr,n10000,nan,0.7078443696123395,0.7153918288961995,0.8253485611570918,2.720276085651621,0.0,0.8253485611570918
06,alpha,0.0,1031,switch_dr,n10000,1.7621830688120392,0.6711987650149478,0.7153918288961995,0.8253485611570918,2.720276085651621,0.0,0.7985039538384348
06,alpha,0.0,1031,dros,n10000,2.5492427233593236,0.6017338933757844,0.7153918288961995,0.8253485611570918,2.720276085651621,0.0,0.9374623451593052
06,alpha,1.0,1032,dm,n10000,nan,0.7141371321288013,0.7153918288961995,0.8219874054515074,2.8301572471995535,0.0,nan
06,alpha,1.0,1032,ips,n10000,nan,0.7036126841961753,0.7153918288961995,0.8219874054515074,2.8301572471995535,0.0,0.8219874054515074
06,alpha,1.0,1032,snips,n10000,nan,0.7059532188835039,0.7153918288961995,0.8219874054515074,2.8301572471995535,0.0,0.8219874054515074
06,alpha,1.0,1032,clipped_ips,n10000,1.6033260441397987,0.6843839645046979,0.7153918288961995,0.8219874054515074,2.8301572471995535,0.0,0.8407805693962267
06,alpha,1.0,1032,dr,n10000,nan,0.7087101200562346,0.7153918288961995,0.8219874054515074,2.8301572471995535,0.0,0.8219874054515074
06,alpha,1.0,1032,switch_dr,n10000,1.7605330281989497,0.7105410338252791,0.7153918288961995,0.8219874054515074,2.8301572471995535,0.0,0.7959270114699052
06,alpha,1.0,1032,dros,n10000,2.5706544038169756,0.7114679536821507,0.7153918288961995,0.8219874054515074,2.8301572471995535,0.0,0.9357240683575945
06,alpha,0.9,1032,dm,n10000,nan,0.6927234189159213,0.7153918288961995,0.8219874054515074,2.8301572471995535,0.0,nan
06,alpha,0.9,1032,ips,n10000,nan,0.7036126841961753,0.7153918288961995,0.8219874054515074,2.8301572471995535,0.0,0.8219874054515074
06,alpha,0.9,1032,snips,n10000,nan,0.7059532188835039,0.7153918288961995,0.8219874054515074,2.8301572471995535,0.0,0.8219874054515074
06,alpha,0.9,1032,clipped_ips,n10000,1.6033260441397987,0.6843839645046979,0.7153918288961995,0.8219874054515074,2.8301572471995535,0.0,0.8407805693962267
06,alpha,0.9,1032,dr,n10000,nan,0.7083661477015739,0.7153918288961995,0.8219874054515074,2.8301572471995535,0.0,0.8219874054515074
06,alpha,0.9,1032,switch_dr,n10000,1.7605330281989497,0.7061179968556425,0.7153918288961995,0.8219874054515074,2.8301572471995535,0.0,0.7959270114699052
06,alpha,0.9,1032,dros,n10000,2.5706544038169756,0.7004147730974167,0.7153918288961995,0.8219874054515074,2.8301572471995535,0.0,0.9357240683575945
06,alpha,0.75,1032,dm,n10000,nan,0.6606028490966009,0.7153918288961995,0.8219874054515074,2.8301572471995535,0.0,nan
06,alpha,0.75,1032,ips,n10000,nan,0.7036126841961753,0.7153918288961995,0.8219874054515074,2.8301572471995535,0.0,0.8219874054515074
06,alpha,0.75,1032,snips,n10000,nan,0.7059532188835039,0.7153918288961995,0.8219874054515074,2.8301572471995535,0.0,0.8219874054515074
06,alpha,0.75,1032,clipped_ips,n10000,1.6033260441397987,0.6843839645046979,0.7153918288961995,0.8219874054515074,2.8301572471995535,0.0,0.8407805693962267
06,alpha,0.75,1032,dr,n10000,nan,0.7078501891695828,0.7153918288961995,0.8219874054515074,2.8301572471995535,0.0,0.8219874054515074
06,alpha,0.75,1032,switch_dr,n10000,1.7605330281989497,0.6994834414011872,0.7153918288961995,0.8219874054515074,2.8301572471995535,0.0,0.7959270114699052
06,alpha,0.75,1032,dros,n10000,2.5706544038169756,0.6838350022203157,0.7153918288961995,0.8219874054515074,2.8301572471995535,0.0,0.9357240683575945
06,alpha,0.5,1032,dm,n10000,nan,0.6070685660644006,0.7153918288961995,0.8219874054515074,2.8301572471995535,0.0,nan
06,alpha,0.5,1032,ips,n10000,nan,0.7036126841961753,0.7153918288961995,0.8219874054515074,2.8301572471995535,0.0,0.8219874054515074
06,alpha,0.5,1032,snips,n10000,nan,0.7059532188835039,0.7153918288961995,0.8219874054515074,2.8301572471995535,0.0,0.8219874054515074
06,alpha,0.5,1032,clipped_ips,n10000,1.6033260441397987,0.6843839645046979,0.7153918288961995,0.8219874054515074,2.8301572471995535,0.0,0.8407805693962267
06,alpha,0.5,1032,dr,n10000,nan,0.7069902582829309,0.7153918288961995,0.8219874054515074,2.8301572471995535,0.0,0.8219874054515074
06,alpha,0.5,1032,switch_dr,n10000,1.7605330281989497,0.6884258489770952,0.7153918288961995,0.8219874054515074,2.8301572471995535,0.0,0.7959270114699052
06,alpha,0.5,1032,dros,n10000,2.5706544038169756,0.6562020507584808,0.7153918288961995,0.8219874054515074,2.8301572471995535,0.0,0.9357240683575945
06,alpha,0.25,1032,dm,n10000,nan,0.5535342830322003,0.7153918288961995,0.8219874054515074,2.8301572471995535,0.0,nan
06,alpha,0.25,1032,ips,n10000,nan,0.7036126841961753,0.7153918288961995,0.8219874054515074,2.8301572471995535,0.0,0.8219874054515074
06,alpha,0.25,1032,snips,n10000,nan,0.7059532188835039,0.7153918288961995,0.8219874054515074,2.8301572471995535,0.0,0.8219874054515074
06,alpha,0.25,1032,clipped_ips,n10000,1.6033260441397987,0.6843839645046979,0.7153918288961995,0.8219874054515074,2.8301572471995535,0.0,0.8407805693962267
06,alpha,0.25,1032,dr,n10000,nan,0.7061303273962791,0.7153918288961995,0.8219874054515074,2.8301572471995535,0.0,0.8219874054515074
06,alpha,0.25,1032,switch_dr,n10000,1.7605330281989497,0.6773682565530034,0.7153918288961995,0.8219874054515074,2.8301572471995535,0.0,0.7959270114699052
06,alpha,0.25,1032,dros,n10000,2.5706544038169756,0.628569099296646,0.7153918288961995,0.8219874054515074,2.8301572471995535,0.0,0.9357240683575945
06,alpha,0.0,1032,dm,n10000,nan,0.5,0.7153918288961995,0.8219874054515074,2.8301572471995535,0.0,nan
06,alpha,0.0,1032,ips,n10000,nan,0.7036126841961753,0.7153918288961995,0.8219874054515074,2.8301572471995535,0.0,0.8219874054515074
06,alpha,0.0,1032,snips,n10000,nan,0.7059532188835039,0.7153918288961995,0.8219874054515074,2.8301572471995535,0.0,0.8219874054515074
06,alpha,0.0,1032,clipped_ips,n10000,1.6033260441397987,0.6843839645046979,0.7153918288961995,0.8219874054515074,2.8301572471995535,0.0,0.8407805693962267
06,alpha,0.0,1032,dr,n10000,nan,0.7052703965096273,0.7153918288961995,0.8219874054515074,2.8301572471995535,0.0,0.8219874054515074
06,alpha,0.0,1032,switch_dr,n10000,1.7605330281989497,0.6663106641289114,0.7153918288961995,0.8219874054515074,2.8301572471995535,0.0,0.7959270114699052
06,alpha,0.0,1032,dros,n10000,2.5706544038169756,0.600936147834811,0.7153918288961995,0.8219874054515074,2.8301572471995535,0.0,0.9357240683575945
06,alpha,1.0,1033,dm,n10000,nan,0.7163905065658115,0.7153918288961995,0.8199341645593405,2.7939511084267,0.0,nan
06,alpha,1.0,1033,ips,n10000,nan,0.7129966980336474,0.7153918288961995,0.8199341645593405,2.7939511084267,0.0,0.8199341645593405
06,alpha,1.0,1033,snips,n10000,nan,0.7146472570531769,0.7153918288961995,0.8199341645593405,2.7939511084267,0.0,0.8199341645593405
06,alpha,1.0,1033,clipped_ips,n10000,1.6146142055646635,0.6930777760751226,0.7153918288961995,0.8199341645593405,2.7939511084267,0.0,0.8385879756513217
06,alpha,1.0,1033,dr,n10000,nan,0.7146469228890864,0.7153918288961995,0.8199341645593405,2.7939511084267,0.0,0.8199341645593405
06,alpha,1.0,1033,switch_dr,n10000,1.762926701541666,0.7135235472835788,0.7153918288961995,0.8199341645593405,2.7939511084267,0.0,0.7940755181710256
06,alpha,1.0,1033,dros,n10000,2.6069790328112097,0.7146339746222633,0.7153918288961995,0.8199341645593405,2.7939511084267,0.0,0.933879587230795
06,alpha,0.9,1033,dm,n10000,nan,0.6947514559092304,0.7153918288961995,0.8199341645593405,2.7939511084267,0.0,nan
06,alpha,0.9,1033,ips,n10000,nan,0.7129966980336474,0.7153918288961995,0.8199341645593405,2.7939511084267,0.0,0.8199341645593405
06,alpha,0.9,1033,snips,n10000,nan,0.7146472570531769,0.7153918288961995,0.8199341645593405,2.7939511084267,0.0,0.8199341645593405
06,alpha,0.9,1033,clipped_ips,n10000,1.6146142055646635,0.6930777760751226,0.7153918288961995,0.8199341645593405,2.7939511084267,0.0,0.8385879756513217
06,alpha,0.9,1033,dr,n10000,nan,0.7145973810832232,0.7153918288961995,0.8199341645593405,2.7939511084267,0.0,0.8199341645593405
06,alpha,0.9,1033,switch_dr,n10000,1.762926701541666,0.7093510142527938,0.7153918288961995,0.8199341645593405,2.7939511084267,0.0,0.7940755181710256
06,alpha,0.9,1033,dros,n10000,2.6069790328112097,0.7036780474570724,0.7153918288961995,0.8199341645593405,2.7939511084267,0.0,0.933879587230795
06,alpha,0.75,1033,dm,n10000,nan,0.6622928799243586,0.7153918288961995,0.8199341645593405,2.7939511084267,0.0,nan
06,alpha,0.75,1033,ips,n10000,nan,0.7129966980336474,0.7153918288961995,0.8199341645593405,2.7939511084267,0.0,0.8199341645593405
06,alpha,0.75,1033,snips,n10000,nan,0.7146472570531769,0.7153918288961995,0.8199341645593405,2.7939511084267,0.0,0.8199341645593405
06,alpha,0.75,1033,clipped_ips,n10000,1.6146142055646635,0.6930777760751226,0.7153918288961995,0.8199341645593405,2.7939511084267,0.0,0.8385879756513217
06,alpha,0.75,1033,dr,n10000,nan,0.7145230683744285,0.7153918288961995,0.8199341645593405,2.7939511084267,0.0,0.8199341645593405
06,alpha,0.75,1033,switch_dr,n10000,1.762926701541666,0.7030922147066163,0.7153918288961995,0.8199341645593405,2.7939511084267,0.0,0.7940755181710256
06,alpha,0.75,1033,dros,n10000,2.6069790328112097,0.6872441567092858,0.7153918288961995,0.8199341645593405,2.7939511084267,0.0,0.933879587230795
06,alpha,0.5,1033,dm,n10000,nan,0.6081952532829057,0.7153918288961995,0.8199341645593405,2.7939511084267,0.0,nan
06,alpha,0.5,1033,ips,n10000,nan,0.7129966980336474,0.7153918288961995,0.8199341645593405,2.7939511084267,0.0,0.8199341645593405
06,alpha,0.5,1033,snips,n10000,nan,0.7146472570531769,0.7153918288961995,0.8199341645593405,2.7939511084267,0.0,0.8199341645593405
06,alpha,0.5,1033,clipped_ips,n10000,1.6146142055646635,0.6930777760751226,0.7153918288961995,0.8199341645593405,2.7939511084267,0.0,0.8385879756513217
06,alpha,0.5,1033,dr,n10000,nan,0.7143992138597705,0.7153918288961995,0.8199341645593405,2.7939511084267,0.0,0.8199341645593405
06,alpha,0.5,1033,switch_dr,n10000,1.762926701541666,0.6926608821296537,0.7153918288961995,0.8199341645593405,2.7939511084267,0.0,0.7940755181710256
06,alpha,0.5,1033,dros,n10000,2.6069790328112097,0.6598543387963084,0.7153918288961995,0.8199341645593405,2.7939511084267,0.0,0.933879587230795
06,alpha,0.25,1033,dm,n10000,nan,0.5540976266414529,0.7153918288961995,0.8199341645593405,2.7939511084267,0.0,nan
06,alpha,0.25,1033,ips,n10000,nan,0.7129966980336474,0.7153918288961995,0.8199341645593405,2.7939511084267,0.0,0.8199341645593405
06,alpha,0.25,1033,snips,n10000,nan,0.7146472570531769,0.7153918288961995,0.8199341645593405,2.7939511084267,0.0,0.8199341645593405
06,alpha,0.25,1033,clipped_ips,n10000,1.6146142055646635,0.6930777760751226,0.7153918288961995,0.8199341645593405,2.7939511084267,0.0,0.8385879756513217
06,alpha,0.25,1033,dr,n10000,nan,0.7142753593451127,0.7153918288961995,0.8199341645593405,2.7939511084267,0.0,0.8199341645593405
06,alpha,0.25,1033,switch_dr,n10000,1.762926701541666,0.6822295495526912,0.7153918288961995,0.8199341645593405,2.7939511084267,0.0,0.7940755181710256
06,alpha,0.25,1033,dros,n10000,2.6069790328112097,0.632464520883331,0.7153918288961995,0.8199341645593405,2.7939511084267,0.0,0.933879587230795
06,alpha,0.0,1033,dm,n10000,nan,0.5,0.7153918288961995,0.8199341645593405,2.7939511084267,0.0,nan
06,alpha,0.0,1033,ips,n10000,nan,0.7129966980336474,0.7153918288961995,0.8199341645593405,2.7939511084267,0.0,0.8199341645593405
06,alpha,0.0,1033,snips,n10000,nan,0.7146472570531769,0.7153918288961995,0.8199341645593405,2.7939511084267,0.0,0.8199341645593405
06,alpha,0.0,1033,clipped_ips,n10000,1.6146142055646635,0.6930777760751226,0.7153918288961995,0.8199341645593405,2.7939511084267,0.0,0.8385879756513217
06,alpha,0.0,1033,dr,n10000,nan,0.7141515048304548,0.7153918288961995,0.8199341645593405,2.7939511084267,0.0,0.8199341645593405
06,alpha,0.0,1033,switch_dr,n10000,1.762926701541666,0.6717982169757286,0.7153918288961995,0.8199341645593405,2.7939511084267,0.0,0.7940755181710256
06,alpha,0.0,1033,dros,n10000,2.6069790328112097,0.6050747029703535,0.7153918288961995,0.8199341645593405,2.7939511084267,0.0,0.933879587230795
06,alpha,1.0,1034,dm,n10000,nan,0.7157371907924192,0.7153918288961995,0.8207187436688171,2.6806060778286995,0.0,nan
06,alpha,1.0,1034,ips,n10000,nan,0.720068355088758,0.7153918288961995,0.8207187436688171,2.6806060778286995,0.0,0.8207187436688171
06,alpha,1.0,1034,snips,n10000,nan,0.7199686315386443,0.7153918288961995,0.8207187436688171,2.6806060778286995,0.0,0.8207187436688171
06,alpha,1.0,1034,clipped_ips,n10000,1.6099355521926355,0.7007029807634053,0.7153918288961995,0.8207187436688171,2.6806060778286995,0.0,0.8384588907239177
06,alpha,1.0,1034,dr,n10000,nan,0.7191102958593116,0.7153918288961995,0.8207187436688171,2.6806060778286995,0.0,0.8207187436688171
06,alpha,1.0,1034,switch_dr,n10000,1.7679136707658645,0.7165474779259919,0.7153918288961995,0.8207187436688171,2.6806060778286995,0.0,0.7936106019510892
06,alpha,1.0,1034,dros,n10000,2.5918924822138063,0.7179249185646633,0.7153918288961995,0.8207187436688171,2.6806060778286995,0.0,0.9341086738152354
06,alpha,0.9,1034,dm,n10000,nan,0.6941634717131772,0.7153918288961995,0.8207187436688171,2.6806060778286995,0.0,nan
06,alpha,0.9,1034,ips,n10000,nan,0.720068355088758,0.7153918288961995,0.8207187436688171,2.6806060778286995,0.0,0.8207187436688171
06,alpha,0.9,1034,snips,n10000,nan,0.7199686315386443,0.7153918288961995,0.8207187436688171,2.6806060778286995,0.0,0.8207187436688171
06,alpha,0.9,1034,clipped_ips,n10000,1.6099355521926355,0.7007029807634053,0.7153918288961995,0.8207187436688171,2.6806060778286995,0.0,0.8384588907239177
06,alpha,0.9,1034,dr,n10000,nan,0.719199176233993,0.7153918288961995,0.8207187436688171,2.6806060778286995,0.0,0.8207187436688171
06,alpha,0.9,1034,switch_dr,n10000,1.7679136707658645,0.7125353754171021,0.7153918288961995,0.8207187436688171,2.6806060778286995,0.0,0.7936106019510892
06,alpha,0.9,1034,dros,n10000,2.5918924822138063,0.7070468701633864,0.7153918288961995,0.8207187436688171,2.6806060778286995,0.0,0.9341086738152354
06,alpha,0.75,1034,dm,n10000,nan,0.6618028930943145,0.7153918288961995,0.8207187436688171,2.6806060778286995,0.0,nan
06,alpha,0.75,1034,ips,n10000,nan,0.720068355088758,0.7153918288961995,0.8207187436688171,2.6806060778286995,0.0,0.8207187436688171
06,alpha,0.75,1034,snips,n10000,nan,0.7199686315386443,0.7153918288961995,0.8207187436688171,2.6806060778286995,0.0,0.8207187436688171
06,alpha,0.75,1034,clipped_ips,n10000,1.6099355521926355,0.7007029807634053,0.7153918288961995,0.8207187436688171,2.6806060778286995,0.0,0.8384588907239177
06,alpha,0.75,1034,dr,n10000,nan,0.7193324967960154,0.7153918288961995,0.8207187436688171,2.6806060778286995,0.0,0.8207187436688171
06,alpha,0.75,1034,switch_dr,n10000,1.7679136707658645,0.7065172216537677,0.7153918288961995,0.8207187436688171,2.6806060778286995,0.0,0.7936106019510892
06,alpha,0.75,1034,dros,n10000,2.5918924822138063,0.6907297975614712,0.7153918288961995,0.8207187436688171,2.6806060778286995,0.0,0.9341086738152354
06,alpha,0.5,1034,dm,n10000,nan,0.6078685953962096,0.7153918288961995,0.8207187436688171,2.6806060778286995,0.0,nan
06,alpha,0.5,1034,ips,n10000,nan,0.720068355088758,0.7153918288961995,0.8207187436688171,2.6806060778286995,0.0,0.8207187436688171
06,alpha,0.5,1034,snips,n10000,nan,0.7199686315386443,0.7153918288961995,0.8207187436688171,2.6806060778286995,0.0,0.8207187436688171
06,alpha,0.5,1034,clipped_ips,n10000,1.6099355521926355,0.7007029807634053,0.7153918288961995,0.8207187436688171,2.6806060778286995,0.0,0.8384588907239177
06,alpha,0.5,1034,dr,n10000,nan,0.7195546977327191,0.7153918288961995,0.8207187436688171,2.6806060778286995,0.0,0.8207187436688171
06,alpha,0.5,1034,switch_dr,n10000,1.7679136707658645,0.6964869653815433,0.7153918288961995,0.8207187436688171,2.6806060778286995,0.0,0.7936106019510892
06,alpha,0.5,1034,dros,n10000,2.5918924822138063,0.6635346765582789,0.7153918288961995,0.8207187436688171,2.6806060778286995,0.0,0.9341086738152354
06,alpha,0.25,1034,dm,n10000,nan,0.5539342976981049,0.7153918288961995,0.8207187436688171,2.6806060778286995,0.0,nan
06,alpha,0.25,1034,ips,n10000,nan,0.720068355088758,0.7153918288961995,0.8207187436688171,2.6806060778286995,0.0,0.8207187436688171
06,alpha,0.25,1034,snips,n10000,nan,0.7199686315386443,0.7153918288961995,0.8207187436688171,2.6806060778286995,0.0,0.8207187436688171
06,alpha,0.25,1034,clipped_ips,n10000,1.6099355521926355,0.7007029807634053,0.7153918288961995,0.8207187436688171,2.6806060778286995,0.0,0.8384588907239177
06,alpha,0.25,1034,dr,n10000,nan,0.7197768986694227,0.7153918288961995,0.8207187436688171,2.6806060778286995,0.0,0.8207187436688171
06,alpha,0.25,1034,switch_dr,n10000,1.7679136707658645,0.686456709109319,0.7153918288961995,0.8207187436688171,2.6806060778286995,0.0,0.7936106019510892
06,alpha,0.25,1034,dros,n10000,2.5918924822138063,0.6363395555550866,0.7153918288961995,0.8207187436688171,2.6806060778286995,0.0,0.9341086738152354
06,alpha,0.0,1034,dm,n10000,nan,0.5,0.7153918288961995,0.8207187436688171,2.6806060778286995,0.0,nan
06,alpha,0.0,1034,ips,n10000,nan,0.720068355088758,0.7153918288961995,0.8207187436688171,2.6806060778286995,0.0,0.8207187436688171
06,alpha,0.0,1034,snips,n10000,nan,0.7199686315386443,0.7153918288961995,0.8207187436688171,2.6806060778286995,0.0,0.8207187436688171
06,alpha,0.0,1034,clipped_ips,n10000,1.6099355521926355,0.7007029807634053,0.7153918288961995,0.8207187436688171,2.6806060778286995,0.0,0.8384588907239177
06,alpha,0.0,1034,dr,n10000,nan,0.7199990996061264,0.7153918288961995,0.8207187436688171,2.6806060778286995,0.0,0.8207187436688171
06,alpha,0.0,1034,switch_dr,n10000,1.7679136707658645,0.6764264528370945,0.7153918288961995,0.8207187436688171,2.6806060778286995,0.0,0.7936106019510892
06,alpha,0.0,1034,dros,n10000,2.5918924822138063,0.6091444345518943,0.7153918288961995,0.8207187436688171,2.6806060778286995,0.0,0.9341086738152354
06,alpha,1.0,1035,dm,n10000,nan,0.7151976063468568,0.7153918288961995,0.824883566690984,2.6500145265564803,0.0,nan
06,alpha,1.0,1035,ips,n10000,nan,0.7145741157720765,0.7153918288961995,0.824883566690984,2.6500145265564803,0.0,0.824883566690984
06,alpha,1.0,1035,snips,n10000,nan,0.7125432442656922,0.7153918288961995,0.824883566690984,2.6500145265564803,0.0,0.824883566690984
06,alpha,1.0,1035,clipped_ips,n10000,1.612023443553213,0.6958310063771739,0.7153918288961995,0.824883566690984,2.6500145265564803,0.0,0.8418416362445158
06,alpha,1.0,1035,dr,n10000,nan,0.7118270009284969,0.7153918288961995,0.824883566690984,2.6500145265564803,0.0,0.824883566690984
06,alpha,1.0,1035,switch_dr,n10000,1.7661719952342945,0.7089627376113473,0.7153918288961995,0.824883566690984,2.6500145265564803,0.0,0.7970138255503344
06,alpha,1.0,1035,dros,n10000,2.598619582565159,0.7126393249449097,0.7153918288961995,0.824883566690984,2.6500145265564803,0.0,0.9358459274696092
06,alpha,0.9,1035,dm,n10000,nan,0.6936778457121711,0.7153918288961995,0.824883566690984,2.6500145265564803,0.0,nan
06,alpha,0.9,1035,ips,n10000,nan,0.7145741157720765,0.7153918288961995,0.824883566690984,2.6500145265564803,0.0,0.824883566690984
06,alpha,0.9,1035,snips,n10000,nan,0.7125432442656922,0.7153918288961995,0.824883566690984,2.6500145265564803,0.0,0.824883566690984
06,alpha,0.9,1035,clipped_ips,n10000,1.612023443553213,0.6958310063771739,0.7153918288961995,0.824883566690984,2.6500145265564803,0.0,0.8418416362445158
06,alpha,0.9,1035,dr,n10000,nan,0.7119592037635393,0.7153918288961995,0.824883566690984,2.6500145265564803,0.0,0.824883566690984
06,alpha,0.9,1035,switch_dr,n10000,1.7661719952342945,0.7051471659513621,0.7153918288961995,0.824883566690984,2.6500145265564803,0.0,0.7970138255503344
06,alpha,0.9,1035,dros,n10000,2.598619582565159,0.7019153685086532,0.7153918288961995,0.824883566690984,2.6500145265564803,0.0,0.9358459274696092
06,alpha,0.75,1035,dm,n10000,nan,0.6613982047601425,0.7153918288961995,0.824883566690984,2.6500145265564803,0.0,nan
06,alpha,0.75,1035,ips,n10000,nan,0.7145741157720765,0.7153918288961995,0.824883566690984,2.6500145265564803,0.0,0.824883566690984
06,alpha,0.75,1035,snips,n10000,nan,0.7125432442656922,0.7153918288961995,0.824883566690984,2.6500145265564803,0.0,0.824883566690984
06,alpha,0.75,1035,clipped_ips,n10000,1.612023443553213,0.6958310063771739,0.7153918288961995,0.824883566690984,2.6500145265564803,0.0,0.8418416362445158
06,alpha,0.75,1035,dr,n10000,nan,0.7121575080161029,0.7153918288961995,0.824883566690984,2.6500145265564803,0.0,0.824883566690984
06,alpha,0.75,1035,switch_dr,n10000,1.7661719952342945,0.6994238084613843,0.7153918288961995,0.824883566690984,2.6500145265564803,0.0,0.7970138255503344
06,alpha,0.75,1035,dros,n10000,2.598619582565159,0.6858294338542688,0.7153918288961995,0.824883566690984,2.6500145265564803,0.0,0.9358459274696092
06,alpha,0.5,1035,dm,n10000,nan,0.6075988031734284,0.7153918288961995,0.824883566690984,2.6500145265564803,0.0,nan
06,alpha,0.5,1035,ips,n10000,nan,0.7145741157720765,0.7153918288961995,0.824883566690984,2.6500145265564803,0.0,0.824883566690984
06,alpha,0.5,1035,snips,n10000,nan,0.7125432442656922,0.7153918288961995,0.824883566690984,2.6500145265564803,0.0,0.824883566690984
06,alpha,0.5,1035,clipped_ips,n10000,1.612023443553213,0.6958310063771739,0.7153918288961995,0.824883566690984,2.6500145265564803,0.0,0.8418416362445158
06,alpha,0.5,1035,dr,n10000,nan,0.712488015103709,0.7153918288961995,0.824883566690984,2.6500145265564803,0.0,0.824883566690984
06,alpha,0.5,1035,switch_dr,n10000,1.7661719952342945,0.6898848793114214,0.7153918288961995,0.824883566690984,2.6500145265564803,0.0,0.7970138255503344
06,alpha,0.5,1035,dros,n10000,2.598619582565159,0.659019542763628,0.7153918288961995,0.824883566690984,2.6500145265564803,0.0,0.9358459274696092
06,alpha,0.25,1035,dm,n10000,nan,0.5537994015867141,0.7153918288961995,0.824883566690984,2.6500145265564803,0.0,nan
06,alpha,0.25,1035,ips,n10000,nan,0.7145741157720765,0.7153918288961995,0.824883566690984,2.6500145265564803,0.0,0.824883566690984
06,alpha,0.25,1035,snips,n10000,nan,0.7125432442656922,0.7153918288961995,0.824883566690984,2.6500145265564803,0.0,0.824883566690984
06,alpha,0.25,1035,clipped_ips,n10000,1.612023443553213,0.6958310063771739,0.7153918288961995,0.824883566690984,2.6500145265564803,0.0,0.8418416362445158
06,alpha,0.25,1035,dr,n10000,nan,0.712818522191315,0.7153918288961995,0.824883566690984,2.6500145265564803,0.0,0.824883566690984
06,alpha,0.25,1035,switch_dr,n10000,1.7661719952342945,0.6803459501614584,0.7153918288961995,0.824883566690984,2.6500145265564803,0.0,0.7970138255503344
06,alpha,0.25,1035,dros,n10000,2.598619582565159,0.632209651672987,0.7153918288961995,0.824883566690984,2.6500145265564803,0.0,0.9358459274696092
06,alpha,0.0,1035,dm,n10000,nan,0.5,0.7153918288961995,0.824883566690984,2.6500145265564803,0.0,nan
06,alpha,0.0,1035,ips,n10000,nan,0.7145741157720765,0.7153918288961995,0.824883566690984,2.6500145265564803,0.0,0.824883566690984
06,alpha,0.0,1035,snips,n10000,nan,0.7125432442656922,0.7153918288961995,0.824883566690984,2.6500145265564803,0.0,0.824883566690984
06,alpha,0.0,1035,clipped_ips,n10000,1.612023443553213,0.6958310063771739,0.7153918288961995,0.824883566690984,2.6500145265564803,0.0,0.8418416362445158
06,alpha,0.0,1035,dr,n10000,nan,0.7131490292789211,0.7153918288961995,0.824883566690984,2.6500145265564803,0.0,0.824883566690984
06,alpha,0.0,1035,switch_dr,n10000,1.7661719952342945,0.6708070210114955,0.7153918288961995,0.824883566690984,2.6500145265564803,0.0,0.7970138255503344
06,alpha,0.0,1035,dros,n10000,2.598619582565159,0.6053997605823462,0.7153918288961995,0.824883566690984,2.6500145265564803,0.0,0.9358459274696092
06,alpha,1.0,1036,dm,n10000,nan,0.7152158885138123,0.7153918288961995,0.8236944553987907,2.6766305721550845,0.0,nan
06,alpha,1.0,1036,ips,n10000,nan,0.7117370269600858,0.7153918288961995,0.8236944553987907,2.6766305721550845,0.0,0.8236944553987907
06,alpha,1.0,1036,snips,n10000,nan,0.7128638141565221,0.7153918288961995,0.8236944553987907,2.6766305721550845,0.0,0.8236944553987907
06,alpha,1.0,1036,clipped_ips,n10000,1.6027869729454916,0.6925777617587972,0.7153918288961995,0.8236944553987907,2.6766305721550845,0.0,0.8429543428359628
06,alpha,1.0,1036,dr,n10000,nan,0.7143385539095138,0.7153918288961995,0.8236944553987907,2.6766305721550845,0.0,0.8236944553987907
06,alpha,1.0,1036,switch_dr,n10000,1.7689707310401883,0.7186535019947603,0.7153918288961995,0.8236944553987907,2.6766305721550845,0.0,0.7980203217746832
06,alpha,1.0,1036,dros,n10000,2.568926080643772,0.7157947011999836,0.7153918288961995,0.8236944553987907,2.6766305721550845,0.0,0.9366644876932493
06,alpha,0.9,1036,dm,n10000,nan,0.693694299662431,0.7153918288961995,0.8236944553987907,2.6766305721550845,0.0,nan
06,alpha,0.9,1036,ips,n10000,nan,0.7117370269600858,0.7153918288961995,0.8236944553987907,2.6766305721550845,0.0,0.8236944553987907
06,alpha,0.9,1036,snips,n10000,nan,0.7128638141565221,0.7153918288961995,0.8236944553987907,2.6766305721550845,0.0,0.8236944553987907
06,alpha,0.9,1036,clipped_ips,n10000,1.6027869729454916,0.6925777617587972,0.7153918288961995,0.8236944553987907,2.6766305721550845,0.0,0.8429543428359628
06,alpha,0.9,1036,dr,n10000,nan,0.7141574336450337,0.7153918288961995,0.8236944553987907,2.6766305721550845,0.0,0.8236944553987907
06,alpha,0.9,1036,switch_dr,n10000,1.7689707310401883,0.7144554294380193,0.7153918288961995,0.8236944553987907,2.6766305721550845,0.0,0.7980203217746832
06,alpha,0.9,1036,dros,n10000,2.568926080643772,0.7048389119786743,0.7153918288961995,0.8236944553987907,2.6766305721550845,0.0,0.9366644876932493
06,alpha,0.75,1036,dm,n10000,nan,0.6614119163853592,0.7153918288961995,0.8236944553987907,2.6766305721550845,0.0,nan
06,alpha,0.75,1036,ips,n10000,nan,0.7117370269600858,0.7153918288961995,0.8236944553987907,2.6766305721550845,0.0,0.8236944553987907
06,alpha,0.75,1036,snips,n10000,nan,0.7128638141565221,0.7153918288961995,0.8236944553987907,2.6766305721550845,0.0,0.8236944553987907
06,alpha,0.75,1036,clipped_ips,n10000,1.6027869729454916,0.6925777617587972,0.7153918288961995,0.8236944553987907,2.6766305721550845,0.0,0.8429543428359628
06,alpha,0.75,1036,dr,n10000,nan,0.7138857532483139,0.7153918288961995,0.8236944553987907,2.6766305721550845,0.0,0.8236944553987907
06,alpha,0.75,1036,switch_dr,n10000,1.7689707310401883,0.7081583206029081,0.7153918288961995,0.8236944553987907,2.6766305721550845,0.0,0.7980203217746832
06,alpha,0.75,1036,dros,n10000,2.568926080643772,0.6884052281467107,0.7153918288961995,0.8236944553987907,2.6766305721550845,0.0,0.9366644876932493
06,alpha,0.5,1036,dm,n10000,nan,0.6076079442569062,0.7153918288961995,0.8236944553987907,2.6766305721550845,0.0,nan
06,alpha,0.5,1036,ips,n10000,nan,0.7117370269600858,0.7153918288961995,0.8236944553987907,2.6766305721550845,0.0,0.8236944553987907
06,alpha,0.5,1036,snips,n10000,nan,0.7128638141565221,0.7153918288961995,0.8236944553987907,2.6766305721550845,0.0,0.8236944553987907
06,alpha,0.5,1036,clipped_ips,n10000,1.6027869729454916,0.6925777617587972,0.7153918288961995,0.8236944553987907,2.6766305721550845,0.0,0.8429543428359628
06,alpha,0.5,1036,dr,n10000,nan,0.7134329525871141,0.7153918288961995,0.8236944553987907,2.6766305721550845,0.0,0.8236944553987907
06,alpha,0.5,1036,switch_dr,n10000,1.7689707310401883,0.697663139211056,0.7153918288961995,0.8236944553987907,2.6766305721550845,0.0,0.7980203217746832
06,alpha,0.5,1036,dros,n10000,2.568926080643772,0.6610157550934379,0.7153918288961995,0.8236944553987907,2.6766305721550845,0.0,0.9366644876932493
06,alpha,0.25,1036,dm,n10000,nan,0.5538039721284531,0.7153918288961995,0.8236944553987907,2.6766305721550845,0.0,nan
06,alpha,0.25,1036,ips,n10000,nan,0.7117370269600858,0.7153918288961995,0.8236944553987907,2.6766305721550845,0.0,0.8236944553987907
06,alpha,0.25,1036,snips,n10000,nan,0.7128638141565221,0.7153918288961995,0.8236944553987907,2.6766305721550845,0.0,0.8236944553987907
06,alpha,0.25,1036,clipped_ips,n10000,1.6027869729454916,0.6925777617587972,0.7153918288961995,0.8236944553987907,2.6766305721550845,0.0,0.8429543428359628
06,alpha,0.25,1036,dr,n10000,nan,0.7129801519259142,0.7153918288961995,0.8236944553987907,2.6766305721550845,0.0,0.8236944553987907
06,alpha,0.25,1036,switch_dr,n10000,1.7689707310401883,0.6871679578192038,0.7153918288961995,0.8236944553987907,2.6766305721550845,0.0,0.7980203217746832
06,alpha,0.25,1036,dros,n10000,2.568926080643772,0.633626282040165,0.7153918288961995,0.8236944553987907,2.6766305721550845,0.0,0.9366644876932493
06,alpha,0.0,1036,dm,n10000,nan,0.5,0.7153918288961995,0.8236944553987907,2.6766305721550845,0.0,nan
06,alpha,0.0,1036,ips,n10000,nan,0.7117370269600858,0.7153918288961995,0.8236944553987907,2.6766305721550845,0.0,0.8236944553987907
06,alpha,0.0,1036,snips,n10000,nan,0.7128638141565221,0.7153918288961995,0.8236944553987907,2.6766305721550845,0.0,0.8236944553987907
06,alpha,0.0,1036,clipped_ips,n10000,1.6027869729454916,0.6925777617587972,0.7153918288961995,0.8236944553987907,2.6766305721550845,0.0,0.8429543428359628
06,alpha,0.0,1036,dr,n10000,nan,0.7125273512647144,0.7153918288961995,0.8236944553987907,2.6766305721550845,0.0,0.8236944553987907
06,alpha,0.0,1036,switch_dr,n10000,1.7689707310401883,0.6766727764273517,0.7153918288961995,0.8236944553987907,2.6766305721550845,0.0,0.7980203217746832
06,alpha,0.0,1036,dros,n10000,2.568926080643772,0.6062368089868921,0.7153918288961995,0.8236944553987907,2.6766305721550845,0.0,0.9366644876932493
06,alpha,1.0,1037,dm,n10000,nan,0.7150788701094287,0.7153918288961995,0.8243456997468819,2.7303680767642278,0.0,nan
06,alpha,1.0,1037,ips,n10000,nan,0.6951750528666999,0.7153918288961995,0.8243456997468819,2.7303680767642278,0.0,0.8243456997468819
06,alpha,1.0,1037,snips,n10000,nan,0.6992171833646915,0.7153918288961995,0.8243456997468819,2.7303680767642278,0.0,0.8243456997468819
06,alpha,1.0,1037,clipped_ips,n10000,1.5924782940031852,0.6758264824815651,0.7153918288961995,0.8243456997468819,2.7303680767642278,0.0,0.8430587542312254
06,alpha,1.0,1037,dr,n10000,nan,0.701870752689528,0.7153918288961995,0.8243456997468819,2.7303680767642278,0.0,0.8243456997468819
06,alpha,1.0,1037,switch_dr,n10000,1.7592872711857659,0.7032229145059807,0.7153918288961995,0.8243456997468819,2.7303680767642278,0.0,0.7980632493765207
06,alpha,1.0,1037,dros,n10000,2.5359871168712953,0.7067590452322974,0.7153918288961995,0.8243456997468819,2.7303680767642278,0.0,0.9371094536658303
06,alpha,0.9,1037,dm,n10000,nan,0.6935709830984859,0.7153918288961995,0.8243456997468819,2.7303680767642278,0.0,nan
06,alpha,0.9,1037,ips,n10000,nan,0.6951750528666999,0.7153918288961995,0.8243456997468819,2.7303680767642278,0.0,0.8243456997468819
06,alpha,0.9,1037,snips,n10000,nan,0.6992171833646915,0.7153918288961995,0.8243456997468819,2.7303680767642278,0.0,0.8243456997468819
06,alpha,0.9,1037,clipped_ips,n10000,1.5924782940031852,0.6758264824815651,0.7153918288961995,0.8243456997468819,2.7303680767642278,0.0,0.8430587542312254
06,alpha,0.9,1037,dr,n10000,nan,0.7014902295580777,0.7153918288961995,0.8243456997468819,2.7303680767642278,0.0,0.8243456997468819
06,alpha,0.9,1037,switch_dr,n10000,1.7592872711857659,0.6987888423960333,0.7153918288961995,0.8243456997468819,2.7303680767642278,0.0,0.7980632493765207
06,alpha,0.9,1037,dros,n10000,2.5359871168712953,0.6956323178101766,0.7153918288961995,0.8243456997468819,2.7303680767642278,0.0,0.9371094536658303
06,alpha,0.75,1037,dm,n10000,nan,0.6613091525820716,0.7153918288961995,0.8243456997468819,2.7303680767642278,0.0,nan
06,alpha,0.75,1037,ips,n10000,nan,0.6951750528666999,0.7153918288961995,0.8243456997468819,2.7303680767642278,0.0,0.8243456997468819
06,alpha,0.75,1037,snips,n10000,nan,0.6992171833646915,0.7153918288961995,0.8243456997468819,2.7303680767642278,0.0,0.8243456997468819
06,alpha,0.75,1037,clipped_ips,n10000,1.5924782940031852,0.6758264824815651,0.7153918288961995,0.8243456997468819,2.7303680767642278,0.0,0.8430587542312254
06,alpha,0.75,1037,dr,n10000,nan,0.7009194448609024,0.7153918288961995,0.8243456997468819,2.7303680767642278,0.0,0.8243456997468819
06,alpha,0.75,1037,switch_dr,n10000,1.7592872711857659,0.6921377342311122,0.7153918288961995,0.8243456997468819,2.7303680767642278,0.0,0.7980632493765207
06,alpha,0.75,1037,dros,n10000,2.5359871168712953,0.6789422266769957,0.7153918288961995,0.8243456997468819,2.7303680767642278,0.0,0.9371094536658303
06,alpha,0.5,1037,dm,n10000,nan,0.6075394350547143,0.7153918288961995,0.8243456997468819,2.7303680767642278,0.0,nan
06,alpha,0.5,1037,ips,n10000,nan,0.6951750528666999,0.7153918288961995,0.8243456997468819,2.7303680767642278,0.0,0.8243456997468819
06,alpha,0.5,1037,snips,n10000,nan,0.6992171833646915,0.7153918288961995,0.8243456997468819,2.7303680767642278,0.0,0.8243456997468819
06,alpha,0.5,1037,clipped_ips,n10000,1.5924782940031852,0.6758264824815651,0.7153918288961995,0.8243456997468819,2.7303680767642278,0.0,0.8430587542312254
06,alpha,0.5,1037,dr,n10000,nan,0.6999681370322768,0.7153918288961995,0.8243456997468819,2.7303680767642278,0.0,0.8243456997468819
06,alpha,0.5,1037,switch_dr,n10000,1.7592872711857659,0.6810525539562438,0.7153918288961995,0.8243456997468819,2.7303680767642278,0.0,0.7980632493765207
06,alpha,0.5,1037,dros,n10000,2.5359871168712953,0.651125408121694,0.7153918288961995,0.8243456997468819,2.7303680767642278,0.0,0.9371094536658303
06,alpha,0.25,1037,dm,n10000,nan,0.5537697175273572,0.7153918288961995,0.8243456997468819,2.7303680767642278,0.0,nan
06,alpha,0.25,1037,ips,n10000,nan,0.6951750528666999,0.7153918288961995,0.8243456997468819,2.7303680767642278,0.0,0.8243456997468819
06,alpha,0.25,1037,snips,n10000,nan,0.6992171833646915,0.7153918288961995,0.8243456997468819,2.7303680767642278,0.0,0.8243456997468819
06,alpha,0.25,1037,clipped_ips,n10000,1.5924782940031852,0.6758264824815651,0.7153918288961995,0.8243456997468819,2.7303680767642278,0.0,0.8430587542312254
06,alpha,0.25,1037,dr,n10000,nan,0.6990168292036512,0.7153918288961995,0.8243456997468819,2.7303680767642278,0.0,0.8243456997468819
06,alpha,0.25,1037,switch_dr,n10000,1.7592872711857659,0.6699673736813753,0.7153918288961995,0.8243456997468819,2.7303680767642278,0.0,0.7980632493765207
06,alpha,0.25,1037,dros,n10000,2.5359871168712953,0.6233085895663923,0.7153918288961995,0.8243456997468819,2.7303680767642278,0.0,0.9371094536658303
06,alpha,0.0,1037,dm,n10000,nan,0.5,0.7153918288961995,0.8243456997468819,2.7303680767642278,0.0,nan
06,alpha,0.0,1037,ips,n10000,nan,0.6951750528666999,0.7153918288961995,0.8243456997468819,2.7303680767642278,0.0,0.8243456997468819
06,alpha,0.0,1037,snips,n10000,nan,0.6992171833646915,0.7153918288961995,0.8243456997468819,2.7303680767642278,0.0,0.8243456997468819
06,alpha,0.0,1037,clipped_ips,n10000,1.5924782940031852,0.6758264824815651,0.7153918288961995,0.8243456997468819,2.7303680767642278,0.0,0.8430587542312254
06,alpha,0.0,1037,dr,n10000,nan,0.6980655213750255,0.7153918288961995,0.8243456997468819,2.7303680767642278,0.0,0.8243456997468819
06,alpha,0.0,1037,switch_dr,n10000,1.7592872711857659,0.6588821934065068,0.7153918288961995,0.8243456997468819,2.7303680767642278,0.0,0.7980632493765207
06,alpha,0.0,1037,dros,n10000,2.5359871168712953,0.5954917710110906,0.7153918288961995,0.8243456997468819,2.7303680767642278,0.0,0.9371094536658303
06,alpha,1.0,1038,dm,n10000,nan,0.7161621269297419,0.7153918288961995,0.8236710912877124,2.727587706350699,0.0,nan
06,alpha,1.0,1038,ips,n10000,nan,0.7157711366535258,0.7153918288961995,0.8236710912877124,2.727587706350699,0.0,0.8236710912877124
06,alpha,1.0,1038,snips,n10000,nan,0.7140095207009429,0.7153918288961995,0.8236710912877124,2.727587706350699,0.0,0.8236710912877124
06,alpha,1.0,1038,clipped_ips,n10000,1.6102115060520517,0.6971781290410136,0.7153918288961995,0.8236710912877124,2.727587706350699,0.0,0.8412632830790792
06,alpha,1.0,1038,dr,n10000,nan,0.712311577822193,0.7153918288961995,0.8236710912877124,2.727587706350699,0.0,0.8236710912877124
06,alpha,1.0,1038,switch_dr,n10000,1.7630516024347611,0.7136037393642289,0.7153918288961995,0.8236710912877124,2.727587706350699,0.0,0.7965489511811643
06,alpha,1.0,1038,dros,n10000,2.5927810942224165,0.7145806192024038,0.7153918288961995,0.8236710912877124,2.727587706350699,0.0,0.934998833359848
06,alpha,0.9,1038,dm,n10000,nan,0.6945459142367677,0.7153918288961995,0.8236710912877124,2.727587706350699,0.0,nan
06,alpha,0.9,1038,ips,n10000,nan,0.7157711366535258,0.7153918288961995,0.8236710912877124,2.727587706350699,0.0,0.8236710912877124
06,alpha,0.9,1038,snips,n10000,nan,0.7140095207009429,0.7153918288961995,0.8236710912877124,2.727587706350699,0.0,0.8236710912877124
06,alpha,0.9,1038,clipped_ips,n10000,1.6102115060520517,0.6971781290410136,0.7153918288961995,0.8236710912877124,2.727587706350699,0.0,0.8412632830790792
06,alpha,0.9,1038,dr,n10000,nan,0.7125341728885928,0.7153918288961995,0.8236710912877124,2.727587706350699,0.0,0.8236710912877124
06,alpha,0.9,1038,switch_dr,n10000,1.7630516024347611,0.7097374223389986,0.7153918288961995,0.8236710912877124,2.727587706350699,0.0,0.7965489511811643
06,alpha,0.9,1038,dros,n10000,2.5927810942224165,0.7038207746533021,0.7153918288961995,0.8236710912877124,2.727587706350699,0.0,0.934998833359848
06,alpha,0.75,1038,dm,n10000,nan,0.6621215951973065,0.7153918288961995,0.8236710912877124,2.727587706350699,0.0,nan
06,alpha,0.75,1038,ips,n10000,nan,0.7157711366535258,0.7153918288961995,0.8236710912877124,2.727587706350699,0.0,0.8236710912877124
06,alpha,0.75,1038,snips,n10000,nan,0.7140095207009429,0.7153918288961995,0.8236710912877124,2.727587706350699,0.0,0.8236710912877124
06,alpha,0.75,1038,clipped_ips,n10000,1.6102115060520517,0.6971781290410136,0.7153918288961995,0.8236710912877124,2.727587706350699,0.0,0.8412632830790792
06,alpha,0.75,1038,dr,n10000,nan,0.7128680654881926,0.7153918288961995,0.8236710912877124,2.727587706350699,0.0,0.8236710912877124
06,alpha,0.75,1038,switch_dr,n10000,1.7630516024347611,0.7039379468011534,0.7153918288961995,0.8236710912877124,2.727587706350699,0.0,0.7965489511811643
06,alpha,0.75,1038,dros,n10000,2.5927810942224165,0.6876810078296497,0.7153918288961995,0.8236710912877124,2.727587706350699,0.0,0.934998833359848
06,alpha,0.5,1038,dm,n10000,nan,0.608081063464871,0.7153918288961995,0.8236710912877124,2.727587706350699,0.0,nan
06,alpha,0.5,1038,ips,n10000,nan,0.7157711366535258,0.7153918288961995,0.8236710912877124,2.727587706350699,0.0,0.8236710912877124
06,alpha,0.5,1038,snips,n10000,nan,0.7140095207009429,0.7153918288961995,0.8236710912877124,2.727587706350699,0.0,0.8236710912877124
06,alpha,0.5,1038,clipped_ips,n10000,1.6102115060520517,0.6971781290410136,0.7153918288961995,0.8236710912877124,2.727587706350699,0.0,0.8412632830790792
06,alpha,0.5,1038,dr,n10000,nan,0.7134245531541921,0.7153918288961995,0.8236710912877124,2.727587706350699,0.0,0.8236710912877124
06,alpha,0.5,1038,switch_dr,n10000,1.7630516024347611,0.6942721542380778,0.7153918288961995,0.8236710912877124,2.727587706350699,0.0,0.7965489511811643
06,alpha,0.5,1038,dros,n10000,2.5927810942224165,0.6607813964568955,0.7153918288961995,0.8236710912877124,2.727587706350699,0.0,0.934998833359848
06,alpha,0.25,1038,dm,n10000,nan,0.5540405317324355,0.7153918288961995,0.8236710912877124,2.727587706350699,0.0,nan
06,alpha,0.25,1038,ips,n10000,nan,0.7157711366535258,0.7153918288961995,0.8236710912877124,2.727587706350699,0.0,0.8236710912877124
06,alpha,0.25,1038,snips,n10000,nan,0.7140095207009429,0.7153918288961995,0.8236710912877124,2.727587706350699,0.0,0.8236710912877124
06,alpha,0.25,1038,clipped_ips,n10000,1.6102115060520517,0.6971781290410136,0.7153918288961995,0.8236710912877124,2.727587706350699,0.0,0.8412632830790792
06,alpha,0.25,1038,dr,n10000,nan,0.7139810408201915,0.7153918288961995,0.8236710912877124,2.727587706350699,0.0,0.8236710912877124
06,alpha,0.25,1038,switch_dr,n10000,1.7630516024347611,0.6846063616750021,0.7153918288961995,0.8236710912877124,2.727587706350699,0.0,0.7965489511811643
06,alpha,0.25,1038,dros,n10000,2.5927810942224165,0.6338817850841413,0.7153918288961995,0.8236710912877124,2.727587706350699,0.0,0.934998833359848
06,alpha,0.0,1038,dm,n10000,nan,0.5,0.7153918288961995,0.8236710912877124,2.727587706350699,0.0,nan
06,alpha,0.0,1038,ips,n10000,nan,0.7157711366535258,0.7153918288961995,0.8236710912877124,2.727587706350699,0.0,0.8236710912877124
06,alpha,0.0,1038,snips,n10000,nan,0.7140095207009429,0.7153918288961995,0.8236710912877124,2.727587706350699,0.0,0.8236710912877124
06,alpha,0.0,1038,clipped_ips,n10000,1.6102115060520517,0.6971781290410136,0.7153918288961995,0.8236710912877124,2.727587706350699,0.0,0.8412632830790792
06,alpha,0.0,1038,dr,n10000,nan,0.714537528486191,0.7153918288961995,0.8236710912877124,2.727587706350699,0.0,0.8236710912877124
06,alpha,0.0,1038,switch_dr,n10000,1.7630516024347611,0.6749405691119265,0.7153918288961995,0.8236710912877124,2.727587706350699,0.0,0.7965489511811643
06,alpha,0.0,1038,dros,n10000,2.5927810942224165,0.6069821737113871,0.7153918288961995,0.8236710912877124,2.727587706350699,0.0,0.934998833359848
06,alpha,1.0,1039,dm,n10000,nan,0.7132170133956471,0.7153918288961995,0.8260998536615718,2.758178435821828,0.0,nan
06,alpha,1.0,1039,ips,n10000,nan,0.720544057375292,0.7153918288961995,0.8260998536615718,2.758178435821828,0.0,0.8260998536615718
06,alpha,1.0,1039,snips,n10000,nan,0.7188770968558988,0.7153918288961995,0.8260998536615718,2.758178435821828,0.0,0.8260998536615718
06,alpha,1.0,1039,clipped_ips,n10000,1.606140072757515,0.7026888284216695,0.7153918288961995,0.8260998536615718,2.758178435821828,0.0,0.8426377951152404
06,alpha,1.0,1039,dr,n10000,nan,0.7181949516140134,0.7153918288961995,0.8260998536615718,2.758178435821828,0.0,0.8260998536615718
06,alpha,1.0,1039,switch_dr,n10000,1.7551615130981548,0.7184856719396657,0.7153918288961995,0.8260998536615718,2.758178435821828,0.0,0.7978388264190577
06,alpha,1.0,1039,dros,n10000,2.5796859333175157,0.7155832142478739,0.7153918288961995,0.8260998536615718,2.758178435821828,0.0,0.9365380231320262
06,alpha,0.9,1039,dm,n10000,nan,0.6918953120560825,0.7153918288961995,0.8260998536615718,2.758178435821828,0.0,nan
06,alpha,0.9,1039,ips,n10000,nan,0.720544057375292,0.7153918288961995,0.8260998536615718,2.758178435821828,0.0,0.8260998536615718
06,alpha,0.9,1039,snips,n10000,nan,0.7188770968558988,0.7153918288961995,0.8260998536615718,2.758178435821828,0.0,0.8260998536615718
06,alpha,0.9,1039,clipped_ips,n10000,1.606140072757515,0.7026888284216695,0.7153918288961995,0.8260998536615718,2.758178435821828,0.0,0.8426377951152404
06,alpha,0.9,1039,dr,n10000,nan,0.7183139202212926,0.7153918288961995,0.8260998536615718,2.758178435821828,0.0,0.8260998536615718
06,alpha,0.9,1039,switch_dr,n10000,1.7551615130981548,0.7146177509567943,0.7153918288961995,0.8260998536615718,2.758178435821828,0.0,0.7978388264190577
06,alpha,0.9,1039,dros,n10000,2.5796859333175157,0.7048905422466311,0.7153918288961995,0.8260998536615718,2.758178435821828,0.0,0.9365380231320262
06,alpha,0.75,1039,dm,n10000,nan,0.6599127600467354,0.7153918288961995,0.8260998536615718,2.758178435821828,0.0,nan
06,alpha,0.75,1039,ips,n10000,nan,0.720544057375292,0.7153918288961995,0.8260998536615718,2.758178435821828,0.0,0.8260998536615718
06,alpha,0.75,1039,snips,n10000,nan,0.7188770968558988,0.7153918288961995,0.8260998536615718,2.758178435821828,0.0,0.8260998536615718
06,alpha,0.75,1039,clipped_ips,n10000,1.606140072757515,0.7026888284216695,0.7153918288961995,0.8260998536615718,2.758178435821828,0.0,0.8426377951152404
06,alpha,0.75,1039,dr,n10000,nan,0.7184923731322115,0.7153918288961995,0.8260998536615718,2.758178435821828,0.0,0.8260998536615718
06,alpha,0.75,1039,switch_dr,n10000,1.7551615130981548,0.7088158694824869,0.7153918288961995,0.8260998536615718,2.758178435821828,0.0,0.7978388264190577
06,alpha,0.75,1039,dros,n10000,2.5796859333175157,0.688851534244767,0.7153918288961995,0.8260998536615718,2.758178435821828,0.0,0.9365380231320262
06,alpha,0.5,1039,dm,n10000,nan,0.6066085066978236,0.7153918288961995,0.8260998536615718,2.758178435821828,0.0,nan
06,alpha,0.5,1039,ips,n10000,nan,0.720544057375292,0.7153918288961995,0.8260998536615718,2.758178435821828,0.0,0.8260998536615718
06,alpha,0.5,1039,snips,n10000,nan,0.7188770968558988,0.7153918288961995,0.8260998536615718,2.758178435821828,0.0,0.8260998536615718
06,alpha,0.5,1039,clipped_ips,n10000,1.606140072757515,0.7026888284216695,0.7153918288961995,0.8260998536615718,2.758178435821828,0.0,0.8426377951152404
06,alpha,0.5,1039,dr,n10000,nan,0.7187897946504096,0.7153918288961995,0.8260998536615718,2.758178435821828,0.0,0.8260998536615718
06,alpha,0.5,1039,switch_dr,n10000,1.7551615130981548,0.699146067025308,0.7153918288961995,0.8260998536615718,2.758178435821828,0.0,0.7978388264190577
06,alpha,0.5,1039,dros,n10000,2.5796859333175157,0.6621198542416602,0.7153918288961995,0.8260998536615718,2.758178435821828,0.0,0.9365380231320262
06,alpha,0.25,1039,dm,n10000,nan,0.5533042533489119,0.7153918288961995,0.8260998536615718,2.758178435821828,0.0,nan
06,alpha,0.25,1039,ips,n10000,nan,0.720544057375292,0.7153918288961995,0.8260998536615718,2.758178435821828,0.0,0.8260998536615718
06,alpha,0.25,1039,snips,n10000,nan,0.7188770968558988,0.7153918288961995,0.8260998536615718,2.758178435821828,0.0,0.8260998536615718
06,alpha,0.25,1039,clipped_ips,n10000,1.606140072757515,0.7026888284216695,0.7153918288961995,0.8260998536615718,2.758178435821828,0.0,0.8426377951152404
06,alpha,0.25,1039,dr,n10000,nan,0.7190872161686077,0.7153918288961995,0.8260998536615718,2.758178435821828,0.0,0.8260998536615718
06,alpha,0.25,1039,switch_dr,n10000,1.7551615130981548,0.6894762645681292,0.7153918288961995,0.8260998536615718,2.758178435821828,0.0,0.7978388264190577
06,alpha,0.25,1039,dros,n10000,2.5796859333175157,0.6353881742385533,0.7153918288961995,0.8260998536615718,2.758178435821828,0.0,0.9365380231320262
06,alpha,0.0,1039,dm,n10000,nan,0.5,0.7153918288961995,0.8260998536615718,2.758178435821828,0.0,nan
06,alpha,0.0,1039,ips,n10000,nan,0.720544057375292,0.7153918288961995,0.8260998536615718,2.758178435821828,0.0,0.8260998536615718
06,alpha,0.0,1039,snips,n10000,nan,0.7188770968558988,0.7153918288961995,0.8260998536615718,2.758178435821828,0.0,0.8260998536615718
06,alpha,0.0,1039,clipped_ips,n10000,1.606140072757515,0.7026888284216695,0.7153918288961995,0.8260998536615718,2.758178435821828,0.0,0.8426377951152404
06,alpha,0.0,1039,dr,n10000,nan,0.7193846376868057,0.7153918288961995,0.8260998536615718,2.758178435821828,0.0,0.8260998536615718
06,alpha,0.0,1039,switch_dr,n10000,1.7551615130981548,0.6798064621109502,0.7153918288961995,0.8260998536615718,2.758178435821828,0.0,0.7978388264190577
06,alpha,0.0,1039,dros,n10000,2.5796859333175157,0.6086564942354464,0.7153918288961995,0.8260998536615718,2.758178435821828,0.0,0.9365380231320262
06,alpha,1.0,1000,dm,n40000,nan,0.7150829805795396,0.7153918288961995,0.8213890970739783,2.778574320960104,0.0,nan
06,alpha,1.0,1000,ips,n40000,nan,0.7111871818348993,0.7153918288961995,0.8213890970739783,2.778574320960104,0.0,0.8213890970739783
06,alpha,1.0,1000,snips,n40000,nan,0.7132736652264638,0.7153918288961995,0.8213890970739783,2.778574320960104,0.0,0.8213890970739783
06,alpha,1.0,1000,clipped_ips,n40000,1.6074864570748586,0.6916114035153275,0.7153918288961995,0.8213890970739783,2.778574320960104,0.0,0.8398714403662718
06,alpha,1.0,1000,dr,n40000,nan,0.7145179048269563,0.7153918288961995,0.8213890970739783,2.778574320960104,0.0,0.8213890970739783
06,alpha,1.0,1000,switch_dr,n40000,1.7698383767679018,0.7137462826859515,0.7153918288961995,0.8213890970739783,2.778574320960104,0.0,0.7950805092755324
06,alpha,1.0,1000,dros,n40000,2.5840127096790813,0.7149362158566643,0.7153918288961995,0.8213890970739783,2.778574320960104,0.0,0.9350017252593361
06,alpha,0.9,1000,dm,n40000,nan,0.6935746825215857,0.7153918288961995,0.8213890970739783,2.778574320960104,0.0,nan
06,alpha,0.9,1000,ips,n40000,nan,0.7111871818348993,0.7153918288961995,0.8213890970739783,2.778574320960104,0.0,0.8213890970739783
06,alpha,0.9,1000,snips,n40000,nan,0.7132736652264638,0.7153918288961995,0.8213890970739783,2.778574320960104,0.0,0.8213890970739783
06,alpha,0.9,1000,clipped_ips,n40000,1.6074864570748586,0.6916114035153275,0.7153918288961995,0.8213890970739783,2.778574320960104,0.0,0.8398714403662718
06,alpha,0.9,1000,dr,n40000,nan,0.7143310935978902,0.7153918288961995,0.8213890970739783,2.778574320960104,0.0,0.8213890970739783
06,alpha,0.9,1000,switch_dr,n40000,1.7698383767679018,0.7095310204293344,0.7153918288961995,0.8213890970739783,2.778574320960104,0.0,0.7950805092755324
06,alpha,0.9,1000,dros,n40000,2.5840127096790813,0.7039500887533142,0.7153918288961995,0.8213890970739783,2.778574320960104,0.0,0.9350017252593361
06,alpha,0.75,1000,dm,n40000,nan,0.6613122354346548,0.7153918288961995,0.8213890970739783,2.778574320960104,0.0,nan
06,alpha,0.75,1000,ips,n40000,nan,0.7111871818348993,0.7153918288961995,0.8213890970739783,2.778574320960104,0.0,0.8213890970739783
06,alpha,0.75,1000,snips,n40000,nan,0.7132736652264638,0.7153918288961995,0.8213890970739783,2.778574320960104,0.0,0.8213890970739783
06,alpha,0.75,1000,clipped_ips,n40000,1.6074864570748586,0.6916114035153275,0.7153918288961995,0.8213890970739783,2.778574320960104,0.0,0.8398714403662718
06,alpha,0.75,1000,dr,n40000,nan,0.7140508767542906,0.7153918288961995,0.8213890970739783,2.778574320960104,0.0,0.8213890970739783
06,alpha,0.75,1000,switch_dr,n40000,1.7698383767679018,0.7032081270444086,0.7153918288961995,0.8213890970739783,2.778574320960104,0.0,0.7950805092755324
06,alpha,0.75,1000,dros,n40000,2.5840127096790813,0.6874708980982889,0.7153918288961995,0.8213890970739783,2.778574320960104,0.0,0.9350017252593361
06,alpha,0.5,1000,dm,n40000,nan,0.6075414902897699,0.7153918288961995,0.8213890970739783,2.778574320960104,0.0,nan
06,alpha,0.5,1000,ips,n40000,nan,0.7111871818348993,0.7153918288961995,0.8213890970739783,2.778574320960104,0.0,0.8213890970739783
06,alpha,0.5,1000,snips,n40000,nan,0.7132736652264638,0.7153918288961995,0.8213890970739783,2.778574320960104,0.0,0.8213890970739783
06,alpha,0.5,1000,clipped_ips,n40000,1.6074864570748586,0.6916114035153275,0.7153918288961995,0.8213890970739783,2.778574320960104,0.0,0.8398714403662718
06,alpha,0.5,1000,dr,n40000,nan,0.7135838486816246,0.7153918288961995,0.8213890970739783,2.778574320960104,0.0,0.8213890970739783
06,alpha,0.5,1000,switch_dr,n40000,1.7698383767679018,0.6926699714028655,0.7153918288961995,0.8213890970739783,2.778574320960104,0.0,0.7950805092755324
06,alpha,0.5,1000,dros,n40000,2.5840127096790813,0.6600055803399132,0.7153918288961995,0.8213890970739783,2.778574320960104,0.0,0.9350017252593361
06,alpha,0.25,1000,dm,n40000,nan,0.5537707451448849,0.7153918288961995,0.8213890970739783,2.778574320960104,0.0,nan
06,alpha,0.25,1000,ips,n40000,nan,0.7111871818348993,0.7153918288961995,0.8213890970739783,2.778574320960104,0.0,0.8213890970739783
06,alpha,0.25,1000,snips,n40000,nan,0.7132736652264638,0.7153918288961995,0.8213890970739783,2.778574320960104,0.0,0.8213890970739783
06,alpha,0.25,1000,clipped_ips,n40000,1.6074864570748586,0.6916114035153275,0.7153918288961995,0.8213890970739783,2.778574320960104,0.0,0.8398714403662718
06,alpha,0.25,1000,dr,n40000,nan,0.7131168206089585,0.7153918288961995,0.8213890970739783,2.778574320960104,0.0,0.8213890970739783
06,alpha,0.25,1000,switch_dr,n40000,1.7698383767679018,0.6821318157613223,0.7153918288961995,0.8213890970739783,2.778574320960104,0.0,0.7950805092755324
06,alpha,0.25,1000,dros,n40000,2.5840127096790813,0.6325402625815375,0.7153918288961995,0.8213890970739783,2.778574320960104,0.0,0.9350017252593361
06,alpha,0.0,1000,dm,n40000,nan,0.5,0.7153918288961995,0.8213890970739783,2.778574320960104,0.0,nan
06,alpha,0.0,1000,ips,n40000,nan,0.7111871818348993,0.7153918288961995,0.8213890970739783,2.778574320960104,0.0,0.8213890970739783
06,alpha,0.0,1000,snips,n40000,nan,0.7132736652264638,0.7153918288961995,0.8213890970739783,2.778574320960104,0.0,0.8213890970739783
06,alpha,0.0,1000,clipped_ips,n40000,1.6074864570748586,0.6916114035153275,0.7153918288961995,0.8213890970739783,2.778574320960104,0.0,0.8398714403662718
06,alpha,0.0,1000,dr,n40000,nan,0.7126497925362927,0.7153918288961995,0.8213890970739783,2.778574320960104,0.0,0.8213890970739783
06,alpha,0.0,1000,switch_dr,n40000,1.7698383767679018,0.6715936601197792,0.7153918288961995,0.8213890970739783,2.778574320960104,0.0,0.7950805092755324
06,alpha,0.0,1000,dros,n40000,2.5840127096790813,0.6050749448231618,0.7153918288961995,0.8213890970739783,2.778574320960104,0.0,0.9350017252593361
06,alpha,1.0,1001,dm,n40000,nan,0.7150489289256846,0.7153918288961995,0.8242151027068004,2.660505347276345,0.0,nan
06,alpha,1.0,1001,ips,n40000,nan,0.7196833076123326,0.7153918288961995,0.8242151027068004,2.660505347276345,0.0,0.8242151027068004
06,alpha,1.0,1001,snips,n40000,nan,0.7186230488996702,0.7153918288961995,0.8242151027068004,2.660505347276345,0.0,0.8242151027068004
06,alpha,1.0,1001,clipped_ips,n40000,1.6064726286997402,0.7003945413464632,0.7153918288961995,0.8242151027068004,2.660505347276345,0.0,0.8423317980918226
06,alpha,1.0,1001,dr,n40000,nan,0.7181512989319194,0.7153918288961995,0.8242151027068004,2.660505347276345,0.0,0.8242151027068004
06,alpha,1.0,1001,switch_dr,n40000,1.7704788301579581,0.719175191458205,0.7153918288961995,0.8242151027068004,2.660505347276345,0.0,0.797402210113991
06,alpha,1.0,1001,dros,n40000,2.5807543067614533,0.7171423746709906,0.7153918288961995,0.8242151027068004,2.660505347276345,0.0,0.9363148649567311
06,alpha,0.9,1001,dm,n40000,nan,0.6935440360331162,0.7153918288961995,0.8242151027068004,2.660505347276345,0.0,nan
06,alpha,0.9,1001,ips,n40000,nan,0.7196833076123326,0.7153918288961995,0.8242151027068004,2.660505347276345,0.0,0.8242151027068004
06,alpha,0.9,1001,snips,n40000,nan,0.7186230488996702,0.7153918288961995,0.8242151027068004,2.660505347276345,0.0,0.8242151027068004
06,alpha,0.9,1001,clipped_ips,n40000,1.6064726286997402,0.7003945413464632,0.7153918288961995,0.8242151027068004,2.660505347276345,0.0,0.8423317980918226
06,alpha,0.9,1001,dr,n40000,nan,0.7182307296422761,0.7153918288961995,0.8242151027068004,2.660505347276345,0.0,0.8242151027068004
06,alpha,0.9,1001,switch_dr,n40000,1.7704788301579581,0.7152272800218593,0.7153918288961995,0.8242151027068004,2.660505347276345,0.0,0.797402210113991
06,alpha,0.9,1001,dros,n40000,2.5807543067614533,0.706334390400605,0.7153918288961995,0.8242151027068004,2.660505347276345,0.0,0.9363148649567311
06,alpha,0.75,1001,dm,n40000,nan,0.6612866966942634,0.7153918288961995,0.8242151027068004,2.660505347276345,0.0,nan
06,alpha,0.75,1001,ips,n40000,nan,0.7196833076123326,0.7153918288961995,0.8242151027068004,2.660505347276345,0.0,0.8242151027068004
06,alpha,0.75,1001,snips,n40000,nan,0.7186230488996702,0.7153918288961995,0.8242151027068004,2.660505347276345,0.0,0.8242151027068004
06,alpha,0.75,1001,clipped_ips,n40000,1.6064726286997402,0.7003945413464632,0.7153918288961995,0.8242151027068004,2.660505347276345,0.0,0.8423317980918226
06,alpha,0.75,1001,dr,n40000,nan,0.7183498757078111,0.7153918288961995,0.8242151027068004,2.660505347276345,0.0,0.8242151027068004
06,alpha,0.75,1001,switch_dr,n40000,1.7704788301579581,0.7093054128673407,0.7153918288961995,0.8242151027068004,2.660505347276345,0.0,0.797402210113991
06,alpha,0.75,1001,dros,n40000,2.5807543067614533,0.6901224139950263,0.7153918288961995,0.8242151027068004,2.660505347276345,0.0,0.9363148649567311
06,alpha,0.5,1001,dm,n40000,nan,0.6075244644628423,0.7153918288961995,0.8242151027068004,2.660505347276345,0.0,nan
06,alpha,0.5,1001,ips,n40000,nan,0.7196833076123326,0.7153918288961995,0.8242151027068004,2.660505347276345,0.0,0.8242151027068004
06,alpha,0.5,1001,snips,n40000,nan,0.7186230488996702,0.7153918288961995,0.8242151027068004,2.660505347276345,0.0,0.8242151027068004
06,alpha,0.5,1001,clipped_ips,n40000,1.6064726286997402,0.7003945413464632,0.7153918288961995,0.8242151027068004,2.660505347276345,0.0,0.8423317980918226
06,alpha,0.5,1001,dr,n40000,nan,0.7185484524837028,0.7153918288961995,0.8242151027068004,2.660505347276345,0.0,0.8242151027068004
06,alpha,0.5,1001,switch_dr,n40000,1.7704788301579581,0.6994356342764765,0.7153918288961995,0.8242151027068004,2.660505347276345,0.0,0.797402210113991
06,alpha,0.5,1001,dros,n40000,2.5807543067614533,0.6631024533190619,0.7153918288961995,0.8242151027068004,2.660505347276345,0.0,0.9363148649567311
06,alpha,0.25,1001,dm,n40000,nan,0.5537622322314212,0.7153918288961995,0.8242151027068004,2.660505347276345,0.0,nan
06,alpha,0.25,1001,ips,n40000,nan,0.7196833076123326,0.7153918288961995,0.8242151027068004,2.660505347276345,0.0,0.8242151027068004
06,alpha,0.25,1001,snips,n40000,nan,0.7186230488996702,0.7153918288961995,0.8242151027068004,2.660505347276345,0.0,0.8242151027068004
06,alpha,0.25,1001,clipped_ips,n40000,1.6064726286997402,0.7003945413464632,0.7153918288961995,0.8242151027068004,2.660505347276345,0.0,0.8423317980918226
06,alpha,0.25,1001,dr,n40000,nan,0.7187470292595947,0.7153918288961995,0.8242151027068004,2.660505347276345,0.0,0.8242151027068004
06,alpha,0.25,1001,switch_dr,n40000,1.7704788301579581,0.6895658556856124,0.7153918288961995,0.8242151027068004,2.660505347276345,0.0,0.797402210113991
06,alpha,0.25,1001,dros,n40000,2.5807543067614533,0.6360824926430977,0.7153918288961995,0.8242151027068004,2.660505347276345,0.0,0.9363148649567311
06,alpha,0.0,1001,dm,n40000,nan,0.5,0.7153918288961995,0.8242151027068004,2.660505347276345,0.0,nan
06,alpha,0.0,1001,ips,n40000,nan,0.7196833076123326,0.7153918288961995,0.8242151027068004,2.660505347276345,0.0,0.8242151027068004
06,alpha,0.0,1001,snips,n40000,nan,0.7186230488996702,0.7153918288961995,0.8242151027068004,2.660505347276345,0.0,0.8242151027068004
06,alpha,0.0,1001,clipped_ips,n40000,1.6064726286997402,0.7003945413464632,0.7153918288961995,0.8242151027068004,2.660505347276345,0.0,0.8423317980918226
06,alpha,0.0,1001,dr,n40000,nan,0.7189456060354864,0.7153918288961995,0.8242151027068004,2.660505347276345,0.0,0.8242151027068004
06,alpha,0.0,1001,switch_dr,n40000,1.7704788301579581,0.6796960770947481,0.7153918288961995,0.8242151027068004,2.660505347276345,0.0,0.797402210113991
06,alpha,0.0,1001,dros,n40000,2.5807543067614533,0.6090625319671333,0.7153918288961995,0.8242151027068004,2.660505347276345,0.0,0.9363148649567311
06,alpha,1.0,1002,dm,n40000,nan,0.7160300534801987,0.7153918288961995,0.8239413337804966,2.8137137287007405,0.0,nan
06,alpha,1.0,1002,ips,n40000,nan,0.7161699095562064,0.7153918288961995,0.8239413337804966,2.8137137287007405,0.0,0.8239413337804966
06,alpha,1.0,1002,snips,n40000,nan,0.7161639001596253,0.7153918288961995,0.8239413337804966,2.8137137287007405,0.0,0.8239413337804966
06,alpha,1.0,1002,clipped_ips,n40000,1.6048791154661215,0.6969721415883596,0.7153918288961995,0.8239413337804966,2.8137137287007405,0.0,0.8424431910672986
06,alpha,1.0,1002,dr,n40000,nan,0.7164810721722573,0.7153918288961995,0.8239413337804966,2.8137137287007405,0.0,0.8239413337804966
06,alpha,1.0,1002,switch_dr,n40000,1.7689587389546735,0.7188733578411771,0.7153918288961995,0.8239413337804966,2.8137137287007405,0.0,0.7974194238110106
06,alpha,1.0,1002,dros,n40000,2.5756369752593207,0.7164892043306169,0.7153918288961995,0.8239413337804966,2.8137137287007405,0.0,0.936198621147816
06,alpha,0.9,1002,dm,n40000,nan,0.6944270481321787,0.7153918288961995,0.8239413337804966,2.8137137287007405,0.0,nan
06,alpha,0.9,1002,ips,n40000,nan,0.7161699095562064,0.7153918288961995,0.8239413337804966,2.8137137287007405,0.0,0.8239413337804966
06,alpha,0.9,1002,snips,n40000,nan,0.7161639001596253,0.7153918288961995,0.8239413337804966,2.8137137287007405,0.0,0.8239413337804966
06,alpha,0.9,1002,clipped_ips,n40000,1.6048791154661215,0.6969721415883596,0.7153918288961995,0.8239413337804966,2.8137137287007405,0.0,0.8424431910672986
06,alpha,0.9,1002,dr,n40000,nan,0.7164495363560934,0.7153918288961995,0.8239413337804966,2.8137137287007405,0.0,0.8239413337804966
06,alpha,0.9,1002,switch_dr,n40000,1.7689587389546735,0.7147740014416032,0.7153918288961995,0.8239413337804966,2.8137137287007405,0.0,0.7974194238110106
06,alpha,0.9,1002,dros,n40000,2.5756369752593207,0.7055854760215257,0.7153918288961995,0.8239413337804966,2.8137137287007405,0.0,0.936198621147816
06,alpha,0.75,1002,dm,n40000,nan,0.6620225401101489,0.7153918288961995,0.8239413337804966,2.8137137287007405,0.0,nan
06,alpha,0.75,1002,ips,n40000,nan,0.7161699095562064,0.7153918288961995,0.8239413337804966,2.8137137287007405,0.0,0.8239413337804966
06,alpha,0.75,1002,snips,n40000,nan,0.7161639001596253,0.7153918288961995,0.8239413337804966,2.8137137287007405,0.0,0.8239413337804966
06,alpha,0.75,1002,clipped_ips,n40000,1.6048791154661215,0.6969721415883596,0.7153918288961995,0.8239413337804966,2.8137137287007405,0.0,0.8424431910672986
06,alpha,0.75,1002,dr,n40000,nan,0.7164022326318479,0.7153918288961995,0.8239413337804966,2.8137137287007405,0.0,0.8239413337804966
06,alpha,0.75,1002,switch_dr,n40000,1.7689587389546735,0.7086249668422425,0.7153918288961995,0.8239413337804966,2.8137137287007405,0.0,0.7974194238110106
06,alpha,0.75,1002,dros,n40000,2.5756369752593207,0.6892298835578888,0.7153918288961995,0.8239413337804966,2.8137137287007405,0.0,0.936198621147816
06,alpha,0.5,1002,dm,n40000,nan,0.6080150267400992,0.7153918288961995,0.8239413337804966,2.8137137287007405,0.0,nan
06,alpha,0.5,1002,ips,n40000,nan,0.7161699095562064,0.7153918288961995,0.8239413337804966,2.8137137287007405,0.0,0.8239413337804966
06,alpha,0.5,1002,snips,n40000,nan,0.7161639001596253,0.7153918288961995,0.8239413337804966,2.8137137287007405,0.0,0.8239413337804966
06,alpha,0.5,1002,clipped_ips,n40000,1.6048791154661215,0.6969721415883596,0.7153918288961995,0.8239413337804966,2.8137137287007405,0.0,0.8424431910672986
06,alpha,0.5,1002,dr,n40000,nan,0.7163233930914384,0.7153918288961995,0.8239413337804966,2.8137137287007405,0.0,0.8239413337804966
06,alpha,0.5,1002,switch_dr,n40000,1.7689587389546735,0.6983765758433079,0.7153918288961995,0.8239413337804966,2.8137137287007405,0.0,0.7974194238110106
06,alpha,0.5,1002,dros,n40000,2.5756369752593207,0.6619705627851609,0.7153918288961995,0.8239413337804966,2.8137137287007405,0.0,0.936198621147816
06,alpha,0.25,1002,dm,n40000,nan,0.5540075133700497,0.7153918288961995,0.8239413337804966,2.8137137287007405,0.0,nan
06,alpha,0.25,1002,ips,n40000,nan,0.7161699095562064,0.7153918288961995,0.8239413337804966,2.8137137287007405,0.0,0.8239413337804966
06,alpha,0.25,1002,snips,n40000,nan,0.7161639001596253,0.7153918288961995,0.8239413337804966,2.8137137287007405,0.0,0.8239413337804966
06,alpha,0.25,1002,clipped_ips,n40000,1.6048791154661215,0.6969721415883596,0.7153918288961995,0.8239413337804966,2.8137137287007405,0.0,0.8424431910672986
06,alpha,0.25,1002,dr,n40000,nan,0.7162445535510292,0.7153918288961995,0.8239413337804966,2.8137137287007405,0.0,0.8239413337804966
06,alpha,0.25,1002,switch_dr,n40000,1.7689587389546735,0.6881281848443735,0.7153918288961995,0.8239413337804966,2.8137137287007405,0.0,0.7974194238110106
06,alpha,0.25,1002,dros,n40000,2.5756369752593207,0.634711242012433,0.7153918288961995,0.8239413337804966,2.8137137287007405,0.0,0.936198621147816
06,alpha,0.0,1002,dm,n40000,nan,0.5,0.7153918288961995,0.8239413337804966,2.8137137287007405,0.0,nan
06,alpha,0.0,1002,ips,n40000,nan,0.7161699095562064,0.7153918288961995,0.8239413337804966,2.8137137287007405,0.0,0.8239413337804966
06,alpha,0.0,1002,snips,n40000,nan,0.7161639001596253,0.7153918288961995,0.8239413337804966,2.8137137287007405,0.0,0.8239413337804966
06,alpha,0.0,1002,clipped_ips,n40000,1.6048791154661215,0.6969721415883596,0.7153918288961995,0.8239413337804966,2.8137137287007405,0.0,0.8424431910672986
06,alpha,0.0,1002,dr,n40000,nan,0.7161657140106198,0.7153918288961995,0.8239413337804966,2.8137137287007405,0.0,0.8239413337804966
06,alpha,0.0,1002,switch_dr,n40000,1.7689587389546735,0.6778797938454391,0.7153918288961995,0.8239413337804966,2.8137137287007405,0.0,0.7974194238110106
06,alpha,0.0,1002,dros,n40000,2.5756369752593207,0.6074519212397049,0.7153918288961995,0.8239413337804966,2.8137137287007405,0.0,0.936198621147816
06,alpha,1.0,1003,dm,n40000,nan,0.7155556433501556,0.7153918288961995,0.8238567931741214,2.7239733781254296,0.0,nan
06,alpha,1.0,1003,ips,n40000,nan,0.7151322884682789,0.7153918288961995,0.8238567931741214,2.7239733781254296,0.0,0.8238567931741214
06,alpha,1.0,1003,snips,n40000,nan,0.7173338613801017,0.7153918288961995,0.8238567931741214,2.7239733781254296,0.0,0.8238567931741214
06,alpha,1.0,1003,clipped_ips,n40000,1.5966730421769648,0.6960692882772898,0.7153918288961995,0.8238567931741214,2.7239733781254296,0.0,0.84190483935057
06,alpha,1.0,1003,dr,n40000,nan,0.719004187041755,0.7153918288961995,0.8238567931741214,2.7239733781254296,0.0,0.8238567931741214
06,alpha,1.0,1003,switch_dr,n40000,1.7582018781933952,0.7186582874344295,0.7153918288961995,0.8238567931741214,2.7239733781254296,0.0,0.7968248878185402
06,alpha,1.0,1003,dros,n40000,2.5493648036146435,0.7174255982426463,0.7153918288961995,0.8238567931741214,2.7239733781254296,0.0,0.9363822810949558
06,alpha,0.9,1003,dm,n40000,nan,0.69400007901514,0.7153918288961995,0.8238567931741214,2.7239733781254296,0.0,nan
06,alpha,0.9,1003,ips,n40000,nan,0.7151322884682789,0.7153918288961995,0.8238567931741214,2.7239733781254296,0.0,0.8238567931741214
06,alpha,0.9,1003,snips,n40000,nan,0.7173338613801017,0.7153918288961995,0.8238567931741214,2.7239733781254296,0.0,0.8238567931741214
06,alpha,0.9,1003,clipped_ips,n40000,1.5966730421769648,0.6960692882772898,0.7153918288961995,0.8238567931741214,2.7239733781254296,0.0,0.84190483935057
06,alpha,0.9,1003,dr,n40000,nan,0.7187704524323993,0.7153918288961995,0.8238567931741214,2.7239733781254296,0.0,0.8238567931741214
06,alpha,0.9,1003,switch_dr,n40000,1.7582018781933952,0.7144380381112445,0.7153918288961995,0.8238567931741214,2.7239733781254296,0.0,0.7968248878185402
06,alpha,0.9,1003,dros,n40000,2.5493648036146435,0.7063837946781027,0.7153918288961995,0.8238567931741214,2.7239733781254296,0.0,0.9363822810949558
06,alpha,0.75,1003,dm,n40000,nan,0.6616667325126168,0.7153918288961995,0.8238567931741214,2.7239733781254296,0.0,nan
06,alpha,0.75,1003,ips,n40000,nan,0.7151322884682789,0.7153918288961995,0.8238567931741214,2.7239733781254296,0.0,0.8238567931741214
06,alpha,0.75,1003,snips,n40000,nan,0.7173338613801017,0.7153918288961995,0.8238567931741214,2.7239733781254296,0.0,0.8238567931741214
06,alpha,0.75,1003,clipped_ips,n40000,1.5966730421769648,0.6960692882772898,0.7153918288961995,0.8238567931741214,2.7239733781254296,0.0,0.84190483935057
06,alpha,0.75,1003,dr,n40000,nan,0.718419850518366,0.7153918288961995,0.8238567931741214,2.7239733781254296,0.0,0.8238567931741214
06,alpha,0.75,1003,switch_dr,n40000,1.7582018781933952,0.708107664126467,0.7153918288961995,0.8238567931741214,2.7239733781254296,0.0,0.7968248878185402
06,alpha,0.75,1003,dros,n40000,2.5493648036146435,0.6898210893312875,0.7153918288961995,0.8238567931741214,2.7239733781254296,0.0,0.9363822810949558
06,alpha,0.5,1003,dm,n40000,nan,0.6077778216750779,0.7153918288961995,0.8238567931741214,2.7239733781254296,0.0,nan
06,alpha,0.5,1003,ips,n40000,nan,0.7151322884682789,0.7153918288961995,0.8238567931741214,2.7239733781254296,0.0,0.8238567931741214
06,alpha,0.5,1003,snips,n40000,nan,0.7173338613801017,0.7153918288961995,0.8238567931741214,2.7239733781254296,0.0,0.8238567931741214
06,alpha,0.5,1003,clipped_ips,n40000,1.5966730421769648,0.6960692882772898,0.7153918288961995,0.8238567931741214,2.7239733781254296,0.0,0.84190483935057
06,alpha,0.5,1003,dr,n40000,nan,0.717835513994977,0.7153918288961995,0.8238567931741214,2.7239733781254296,0.0,0.8238567931741214
06,alpha,0.5,1003,switch_dr,n40000,1.7582018781933952,0.6975570408185046,0.7153918288961995,0.8238567931741214,2.7239733781254296,0.0,0.7968248878185402
06,alpha,0.5,1003,dros,n40000,2.5493648036146435,0.6622165804199286,0.7153918288961995,0.8238567931741214,2.7239733781254296,0.0,0.9363822810949558
06,alpha,0.25,1003,dm,n40000,nan,0.5538889108375389,0.7153918288961995,0.8238567931741214,2.7239733781254296,0.0,nan
06,alpha,0.25,1003,ips,n40000,nan,0.7151322884682789,0.7153918288961995,0.8238567931741214,2.7239733781254296,0.0,0.8238567931741214
06,alpha,0.25,1003,snips,n40000,nan,0.7173338613801017,0.7153918288961995,0.8238567931741214,2.7239733781254296,0.0,0.8238567931741214
06,alpha,0.25,1003,clipped_ips,n40000,1.5966730421769648,0.6960692882772898,0.7153918288961995,0.8238567931741214,2.7239733781254296,0.0,0.84190483935057
06,alpha,0.25,1003,dr,n40000,nan,0.717251177471588,0.7153918288961995,0.8238567931741214,2.7239733781254296,0.0,0.8238567931741214
06,alpha,0.25,1003,switch_dr,n40000,1.7582018781933952,0.6870064175105419,0.7153918288961995,0.8238567931741214,2.7239733781254296,0.0,0.7968248878185402
06,alpha,0.25,1003,dros,n40000,2.5493648036146435,0.6346120715085696,0.7153918288961995,0.8238567931741214,2.7239733781254296,0.0,0.9363822810949558
06,alpha,0.0,1003,dm,n40000,nan,0.5,0.7153918288961995,0.8238567931741214,2.7239733781254296,0.0,nan
06,alpha,0.0,1003,ips,n40000,nan,0.7151322884682789,0.7153918288961995,0.8238567931741214,2.7239733781254296,0.0,0.8238567931741214
06,alpha,0.0,1003,snips,n40000,nan,0.7173338613801017,0.7153918288961995,0.8238567931741214,2.7239733781254296,0.0,0.8238567931741214
06,alpha,0.0,1003,clipped_ips,n40000,1.5966730421769648,0.6960692882772898,0.7153918288961995,0.8238567931741214,2.7239733781254296,0.0,0.84190483935057
06,alpha,0.0,1003,dr,n40000,nan,0.7166668409481989,0.7153918288961995,0.8238567931741214,2.7239733781254296,0.0,0.8238567931741214
06,alpha,0.0,1003,switch_dr,n40000,1.7582018781933952,0.6764557942025795,0.7153918288961995,0.8238567931741214,2.7239733781254296,0.0,0.7968248878185402
06,alpha,0.0,1003,dros,n40000,2.5493648036146435,0.6070075625972108,0.7153918288961995,0.8238567931741214,2.7239733781254296,0.0,0.9363822810949558
06,alpha,1.0,1004,dm,n40000,nan,0.7153281656131248,0.7153918288961995,0.8231889000372663,2.83381920097965,0.0,nan
06,alpha,1.0,1004,ips,n40000,nan,0.7148253374685043,0.7153918288961995,0.8231889000372663,2.83381920097965,0.0,0.8231889000372663
06,alpha,1.0,1004,snips,n40000,nan,0.7153468842179931,0.7153918288961995,0.8231889000372663,2.83381920097965,0.0,0.8231889000372663
06,alpha,1.0,1004,clipped_ips,n40000,1.6066556587032552,0.6958259721742855,0.7153918288961995,0.8231889000372663,2.83381920097965,0.0,0.8412981589295269
06,alpha,1.0,1004,dr,n40000,nan,0.7157612371193426,0.7153918288961995,0.8231889000372663,2.83381920097965,0.0,0.8231889000372663
06,alpha,1.0,1004,switch_dr,n40000,1.7611153736674716,0.7162111972560027,0.7153918288961995,0.8231889000372663,2.83381920097965,0.0,0.7964975253204417
06,alpha,1.0,1004,dros,n40000,2.581342405643191,0.7158496473212926,0.7153918288961995,0.8231889000372663,2.83381920097965,0.0,0.9356293984789378
06,alpha,0.9,1004,dm,n40000,nan,0.6937953490518124,0.7153918288961995,0.8231889000372663,2.83381920097965,0.0,nan
06,alpha,0.9,1004,ips,n40000,nan,0.7148253374685043,0.7153918288961995,0.8231889000372663,2.83381920097965,0.0,0.8231889000372663
06,alpha,0.9,1004,snips,n40000,nan,0.7153468842179931,0.7153918288961995,0.8231889000372663,2.83381920097965,0.0,0.8231889000372663
06,alpha,0.9,1004,clipped_ips,n40000,1.6066556587032552,0.6958259721742855,0.7153918288961995,0.8231889000372663,2.83381920097965,0.0,0.8412981589295269
06,alpha,0.9,1004,dr,n40000,nan,0.7157041012691082,0.7153918288961995,0.8231889000372663,2.83381920097965,0.0,0.8231889000372663
06,alpha,0.9,1004,switch_dr,n40000,1.7611153736674716,0.7121096296606411,0.7153918288961995,0.8231889000372663,2.83381920097965,0.0,0.7964975253204417
06,alpha,0.9,1004,dros,n40000,2.581342405643191,0.7049429205495743,0.7153918288961995,0.8231889000372663,2.83381920097965,0.0,0.9356293984789378
06,alpha,0.75,1004,dm,n40000,nan,0.6614961242098436,0.7153918288961995,0.8231889000372663,2.83381920097965,0.0,nan
06,alpha,0.75,1004,ips,n40000,nan,0.7148253374685043,0.7153918288961995,0.8231889000372663,2.83381920097965,0.0,0.8231889000372663
06,alpha,0.75,1004,snips,n40000,nan,0.7153468842179931,0.7153918288961995,0.8231889000372663,2.83381920097965,0.0,0.8231889000372663
06,alpha,0.75,1004,clipped_ips,n40000,1.6066556587032552,0.6958259721742855,0.7153918288961995,0.8231889000372663,2.83381920097965,0.0,0.8412981589295269
06,alpha,0.75,1004,dr,n40000,nan,0.7156183974937564,0.7153918288961995,0.8231889000372663,2.83381920097965,0.0,0.8231889000372663
06,alpha,0.75,1004,switch_dr,n40000,1.7611153736674716,0.7059572782675985,0.7153918288961995,0.8231889000372663,2.83381920097965,0.0,0.7964975253204417
06,alpha,0.75,1004,dros,n40000,2.581342405643191,0.6885828303919966,0.7153918288961995,0.8231889000372663,2.83381920097965,0.0,0.9356293984789378
06,alpha,0.5,1004,dm,n40000,nan,0.6076640828065625,0.7153918288961995,0.8231889000372663,2.83381920097965,0.0,nan
06,alpha,0.5,1004,ips,n40000,nan,0.7148253374685043,0.7153918288961995,0.8231889000372663,2.83381920097965,0.0,0.8231889000372663
06,alpha,0.5,1004,snips,n40000,nan,0.7153468842179931,0.7153918288961995,0.8231889000372663,2.83381920097965,0.0,0.8231889000372663
06,alpha,0.5,1004,clipped_ips,n40000,1.6066556587032552,0.6958259721742855,0.7153918288961995,0.8231889000372663,2.83381920097965,0.0,0.8412981589295269
06,alpha,0.5,1004,dr,n40000,nan,0.7154755578681705,0.7153918288961995,0.8231889000372663,2.83381920097965,0.0,0.8231889000372663
06,alpha,0.5,1004,switch_dr,n40000,1.7611153736674716,0.6957033592791944,0.7153918288961995,0.8231889000372663,2.83381920097965,0.0,0.7964975253204417
06,alpha,0.5,1004,dros,n40000,2.581342405643191,0.6613160134627007,0.7153918288961995,0.8231889000372663,2.83381920097965,0.0,0.9356293984789378
06,alpha,0.25,1004,dm,n40000,nan,0.5538320414032812,0.7153918288961995,0.8231889000372663,2.83381920097965,0.0,nan
06,alpha,0.25,1004,ips,n40000,nan,0.7148253374685043,0.7153918288961995,0.8231889000372663,2.83381920097965,0.0,0.8231889000372663
06,alpha,0.25,1004,snips,n40000,nan,0.7153468842179931,0.7153918288961995,0.8231889000372663,2.83381920097965,0.0,0.8231889000372663
06,alpha,0.25,1004,clipped_ips,n40000,1.6066556587032552,0.6958259721742855,0.7153918288961995,0.8231889000372663,2.83381920097965,0.0,0.8412981589295269
06,alpha,0.25,1004,dr,n40000,nan,0.7153327182425844,0.7153918288961995,0.8231889000372663,2.83381920097965,0.0,0.8231889000372663
06,alpha,0.25,1004,switch_dr,n40000,1.7611153736674716,0.6854494402907902,0.7153918288961995,0.8231889000372663,2.83381920097965,0.0,0.7964975253204417
06,alpha,0.25,1004,dros,n40000,2.581342405643191,0.6340491965334046,0.7153918288961995,0.8231889000372663,2.83381920097965,0.0,0.9356293984789378
06,alpha,0.0,1004,dm,n40000,nan,0.5,0.7153918288961995,0.8231889000372663,2.83381920097965,0.0,nan
06,alpha,0.0,1004,ips,n40000,nan,0.7148253374685043,0.7153918288961995,0.8231889000372663,2.83381920097965,0.0,0.8231889000372663
06,alpha,0.0,1004,snips,n40000,nan,0.7153468842179931,0.7153918288961995,0.8231889000372663,2.83381920097965,0.0,0.8231889000372663
06,alpha,0.0,1004,clipped_ips,n40000,1.6066556587032552,0.6958259721742855,0.7153918288961995,0.8231889000372663,2.83381920097965,0.0,0.8412981589295269
06,alpha,0.0,1004,dr,n40000,nan,0.7151898786169983,0.7153918288961995,0.8231889000372663,2.83381920097965,0.0,0.8231889000372663
06,alpha,0.0,1004,switch_dr,n40000,1.7611153736674716,0.675195521302386,0.7153918288961995,0.8231889000372663,2.83381920097965,0.0,0.7964975253204417
06,alpha,0.0,1004,dros,n40000,2.581342405643191,0.6067823796041086,0.7153918288961995,0.8231889000372663,2.83381920097965,0.0,0.9356293984789378
06,alpha,1.0,1005,dm,n40000,nan,0.7147919284149225,0.7153918288961995,0.8217136515031168,2.862799876608079,0.0,nan
06,alpha,1.0,1005,ips,n40000,nan,0.7051167770601993,0.7153918288961995,0.8217136515031168,2.862799876608079,0.0,0.8217136515031168
06,alpha,1.0,1005,snips,n40000,nan,0.7061388089922022,0.7153918288961995,0.8217136515031168,2.862799876608079,0.0,0.8217136515031168
06,alpha,1.0,1005,clipped_ips,n40000,1.6097990650825313,0.685911205001841,0.7153918288961995,0.8217136515031168,2.862799876608079,0.0,0.8399432621032472
06,alpha,1.0,1005,dr,n40000,nan,0.7064551985863975,0.7153918288961995,0.8217136515031168,2.862799876608079,0.0,0.8217136515031168
06,alpha,1.0,1005,switch_dr,n40000,1.7700077964602459,0.7060663858057055,0.7153918288961995,0.8217136515031168,2.862799876608079,0.0,0.7951209501475424
06,alpha,1.0,1005,dros,n40000,2.591453029940592,0.7092125435352775,0.7153918288961995,0.8217136515031168,2.862799876608079,0.0,0.9349524791748656
06,alpha,0.9,1005,dm,n40000,nan,0.6933127355734301,0.7153918288961995,0.8217136515031168,2.862799876608079,0.0,nan
06,alpha,0.9,1005,ips,n40000,nan,0.7051167770601993,0.7153918288961995,0.8217136515031168,2.862799876608079,0.0,0.8217136515031168
06,alpha,0.9,1005,snips,n40000,nan,0.7061388089922022,0.7153918288961995,0.8217136515031168,2.862799876608079,0.0,0.8217136515031168
06,alpha,0.9,1005,clipped_ips,n40000,1.6097990650825313,0.685911205001841,0.7153918288961995,0.8217136515031168,2.862799876608079,0.0,0.8399432621032472
06,alpha,0.9,1005,dr,n40000,nan,0.7063937240702102,0.7153918288961995,0.8217136515031168,2.862799876608079,0.0,0.8217136515031168
06,alpha,0.9,1005,switch_dr,n40000,1.7700077964602459,0.7019659744221176,0.7153918288961995,0.8217136515031168,2.862799876608079,0.0,0.7951209501475424
06,alpha,0.9,1005,dros,n40000,2.591453029940592,0.6983231078798084,0.7153918288961995,0.8217136515031168,2.862799876608079,0.0,0.9349524791748656
06,alpha,0.75,1005,dm,n40000,nan,0.6610939463111918,0.7153918288961995,0.8217136515031168,2.862799876608079,0.0,nan
06,alpha,0.75,1005,ips,n40000,nan,0.7051167770601993,0.7153918288961995,0.8217136515031168,2.862799876608079,0.0,0.8217136515031168
06,alpha,0.75,1005,snips,n40000,nan,0.7061388089922022,0.7153918288961995,0.8217136515031168,2.862799876608079,0.0,0.8217136515031168
06,alpha,0.75,1005,clipped_ips,n40000,1.6097990650825313,0.685911205001841,0.7153918288961995,0.8217136515031168,2.862799876608079,0.0,0.8399432621032472
06,alpha,0.75,1005,dr,n40000,nan,0.7063015122959295,0.7153918288961995,0.8217136515031168,2.862799876608079,0.0,0.8217136515031168
06,alpha,0.75,1005,switch_dr,n40000,1.7700077964602459,0.6958153573467362,0.7153918288961995,0.8217136515031168,2.862799876608079,0.0,0.7951209501475424
06,alpha,0.75,1005,dros,n40000,2.591453029940592,0.681988954396605,0.7153918288961995,0.8217136515031168,2.862799876608079,0.0,0.9349524791748656
06,alpha,0.5,1005,dm,n40000,nan,0.6073959642074612,0.7153918288961995,0.8217136515031168,2.862799876608079,0.0,nan
06,alpha,0.5,1005,ips,n40000,nan,0.7051167770601993,0.7153918288961995,0.8217136515031168,2.862799876608079,0.0,0.8217136515031168
06,alpha,0.5,1005,snips,n40000,nan,0.7061388089922022,0.7153918288961995,0.8217136515031168,2.862799876608079,0.0,0.8217136515031168
06,alpha,0.5,1005,clipped_ips,n40000,1.6097990650825313,0.685911205001841,0.7153918288961995,0.8217136515031168,2.862799876608079,0.0,0.8399432621032472
06,alpha,0.5,1005,dr,n40000,nan,0.7061478260054617,0.7153918288961995,0.8217136515031168,2.862799876608079,0.0,0.8217136515031168
06,alpha,0.5,1005,switch_dr,n40000,1.7700077964602459,0.685564328887767,0.7153918288961995,0.8217136515031168,2.862799876608079,0.0,0.7951209501475424
06,alpha,0.5,1005,dros,n40000,2.591453029940592,0.6547653652579327,0.7153918288961995,0.8217136515031168,2.862799876608079,0.0,0.9349524791748656
06,alpha,0.25,1005,dm,n40000,nan,0.5536979821037307,0.7153918288961995,0.8217136515031168,2.862799876608079,0.0,nan
06,alpha,0.25,1005,ips,n40000,nan,0.7051167770601993,0.7153918288961995,0.8217136515031168,2.862799876608079,0.0,0.8217136515031168
06,alpha,0.25,1005,snips,n40000,nan,0.7061388089922022,0.7153918288961995,0.8217136515031168,2.862799876608079,0.0,0.8217136515031168
06,alpha,0.25,1005,clipped_ips,n40000,1.6097990650825313,0.685911205001841,0.7153918288961995,0.8217136515031168,2.862799876608079,0.0,0.8399432621032472
06,alpha,0.25,1005,dr,n40000,nan,0.7059941397149938,0.7153918288961995,0.8217136515031168,2.862799876608079,0.0,0.8217136515031168
06,alpha,0.25,1005,switch_dr,n40000,1.7700077964602459,0.6753133004287978,0.7153918288961995,0.8217136515031168,2.862799876608079,0.0,0.7951209501475424
06,alpha,0.25,1005,dros,n40000,2.591453029940592,0.6275417761192604,0.7153918288961995,0.8217136515031168,2.862799876608079,0.0,0.9349524791748656
06,alpha,0.0,1005,dm,n40000,nan,0.5,0.7153918288961995,0.8217136515031168,2.862799876608079,0.0,nan
06,alpha,0.0,1005,ips,n40000,nan,0.7051167770601993,0.7153918288961995,0.8217136515031168,2.862799876608079,0.0,0.8217136515031168
06,alpha,0.0,1005,snips,n40000,nan,0.7061388089922022,0.7153918288961995,0.8217136515031168,2.862799876608079,0.0,0.8217136515031168
06,alpha,0.0,1005,clipped_ips,n40000,1.6097990650825313,0.685911205001841,0.7153918288961995,0.8217136515031168,2.862799876608079,0.0,0.8399432621032472
06,alpha,0.0,1005,dr,n40000,nan,0.7058404534245257,0.7153918288961995,0.8217136515031168,2.862799876608079,0.0,0.8217136515031168
06,alpha,0.0,1005,switch_dr,n40000,1.7700077964602459,0.6650622719698285,0.7153918288961995,0.8217136515031168,2.862799876608079,0.0,0.7951209501475424
06,alpha,0.0,1005,dros,n40000,2.591453029940592,0.600318186980588,0.7153918288961995,0.8217136515031168,2.862799876608079,0.0,0.9349524791748656
06,alpha,1.0,1006,dm,n40000,nan,0.7151160841664118,0.7153918288961995,0.8244013250500004,2.8205559341659168,0.0,nan
06,alpha,1.0,1006,ips,n40000,nan,0.7111274680898528,0.7153918288961995,0.8244013250500004,2.8205559341659168,0.0,0.8244013250500004
06,alpha,1.0,1006,snips,n40000,nan,0.7101330836936454,0.7153918288961995,0.8244013250500004,2.8205559341659168,0.0,0.8244013250500004
06,alpha,1.0,1006,clipped_ips,n40000,1.605227995260019,0.6919565757541218,0.7153918288961995,0.8244013250500004,2.8205559341659168,0.0,0.8425969034786529
06,alpha,1.0,1006,dr,n40000,nan,0.7099057847933302,0.7153918288961995,0.8244013250500004,2.8205559341659168,0.0,0.8244013250500004
06,alpha,1.0,1006,switch_dr,n40000,1.7652298137805718,0.7110385934400572,0.7153918288961995,0.8244013250500004,2.8205559341659168,0.0,0.7976930226928606
06,alpha,1.0,1006,dros,n40000,2.5767569167664996,0.7123959590950791,0.7153918288961995,0.8244013250500004,2.8205559341659168,0.0,0.9365003020391601
06,alpha,0.9,1006,dm,n40000,nan,0.6936044757497707,0.7153918288961995,0.8244013250500004,2.8205559341659168,0.0,nan
06,alpha,0.9,1006,ips,n40000,nan,0.7111274680898528,0.7153918288961995,0.8244013250500004,2.8205559341659168,0.0,0.8244013250500004
06,alpha,0.9,1006,snips,n40000,nan,0.7101330836936454,0.7153918288961995,0.8244013250500004,2.8205559341659168,0.0,0.8244013250500004
06,alpha,0.9,1006,clipped_ips,n40000,1.605227995260019,0.6919565757541218,0.7153918288961995,0.8244013250500004,2.8205559341659168,0.0,0.8425969034786529
06,alpha,0.9,1006,dr,n40000,nan,0.7099579391763687,0.7153918288961995,0.8244013250500004,2.8205559341659168,0.0,0.8244013250500004
06,alpha,0.9,1006,switch_dr,n40000,1.7652298137805718,0.7070234751767479,0.7153918288961995,0.8244013250500004,2.8205559341659168,0.0,0.7976930226928606
06,alpha,0.9,1006,dros,n40000,2.5767569167664996,0.7015665451365172,0.7153918288961995,0.8244013250500004,2.8205559341659168,0.0,0.9365003020391601
06,alpha,0.75,1006,dm,n40000,nan,0.6613370631248088,0.7153918288961995,0.8244013250500004,2.8205559341659168,0.0,nan
06,alpha,0.75,1006,ips,n40000,nan,0.7111274680898528,0.7153918288961995,0.8244013250500004,2.8205559341659168,0.0,0.8244013250500004
06,alpha,0.75,1006,snips,n40000,nan,0.7101330836936454,0.7153918288961995,0.8244013250500004,2.8205559341659168,0.0,0.8244013250500004
06,alpha,0.75,1006,clipped_ips,n40000,1.605227995260019,0.6919565757541218,0.7153918288961995,0.8244013250500004,2.8205559341659168,0.0,0.8425969034786529
06,alpha,0.75,1006,dr,n40000,nan,0.7100361707509264,0.7153918288961995,0.8244013250500004,2.8205559341659168,0.0,0.8244013250500004
06,alpha,0.75,1006,switch_dr,n40000,1.7652298137805718,0.7010007977817837,0.7153918288961995,0.8244013250500004,2.8205559341659168,0.0,0.7976930226928606
06,alpha,0.75,1006,dros,n40000,2.5767569167664996,0.685322424198674,0.7153918288961995,0.8244013250500004,2.8205559341659168,0.0,0.9365003020391601
06,alpha,0.5,1006,dm,n40000,nan,0.6075580420832059,0.7153918288961995,0.8244013250500004,2.8205559341659168,0.0,nan
06,alpha,0.5,1006,ips,n40000,nan,0.7111274680898528,0.7153918288961995,0.8244013250500004,2.8205559341659168,0.0,0.8244013250500004
06,alpha,0.5,1006,snips,n40000,nan,0.7101330836936454,0.7153918288961995,0.8244013250500004,2.8205559341659168,0.0,0.8244013250500004
06,alpha,0.5,1006,clipped_ips,n40000,1.605227995260019,0.6919565757541218,0.7153918288961995,0.8244013250500004,2.8205559341659168,0.0,0.8425969034786529
06,alpha,0.5,1006,dr,n40000,nan,0.7101665567085228,0.7153918288961995,0.8244013250500004,2.8205559341659168,0.0,0.8244013250500004
06,alpha,0.5,1006,switch_dr,n40000,1.7652298137805718,0.6909630021235104,0.7153918288961995,0.8244013250500004,2.8205559341659168,0.0,0.7976930226928606
06,alpha,0.5,1006,dros,n40000,2.5767569167664996,0.6582488893022688,0.7153918288961995,0.8244013250500004,2.8205559341659168,0.0,0.9365003020391601
06,alpha,0.25,1006,dm,n40000,nan,0.5537790210416029,0.7153918288961995,0.8244013250500004,2.8205559341659168,0.0,nan
06,alpha,0.25,1006,ips,n40000,nan,0.7111274680898528,0.7153918288961995,0.8244013250500004,2.8205559341659168,0.0,0.8244013250500004
06,alpha,0.25,1006,snips,n40000,nan,0.7101330836936454,0.7153918288961995,0.8244013250500004,2.8205559341659168,0.0,0.8244013250500004
06,alpha,0.25,1006,clipped_ips,n40000,1.605227995260019,0.6919565757541218,0.7153918288961995,0.8244013250500004,2.8205559341659168,0.0,0.8425969034786529
06,alpha,0.25,1006,dr,n40000,nan,0.7102969426661191,0.7153918288961995,0.8244013250500004,2.8205559341659168,0.0,0.8244013250500004
06,alpha,0.25,1006,switch_dr,n40000,1.7652298137805718,0.6809252064652371,0.7153918288961995,0.8244013250500004,2.8205559341659168,0.0,0.7976930226928606
06,alpha,0.25,1006,dros,n40000,2.5767569167664996,0.6311753544058636,0.7153918288961995,0.8244013250500004,2.8205559341659168,0.0,0.9365003020391601
06,alpha,0.0,1006,dm,n40000,nan,0.5,0.7153918288961995,0.8244013250500004,2.8205559341659168,0.0,nan
06,alpha,0.0,1006,ips,n40000,nan,0.7111274680898528,0.7153918288961995,0.8244013250500004,2.8205559341659168,0.0,0.8244013250500004
06,alpha,0.0,1006,snips,n40000,nan,0.7101330836936454,0.7153918288961995,0.8244013250500004,2.8205559341659168,0.0,0.8244013250500004
06,alpha,0.0,1006,clipped_ips,n40000,1.605227995260019,0.6919565757541218,0.7153918288961995,0.8244013250500004,2.8205559341659168,0.0,0.8425969034786529
06,alpha,0.0,1006,dr,n40000,nan,0.7104273286237155,0.7153918288961995,0.8244013250500004,2.8205559341659168,0.0,0.8244013250500004
06,alpha,0.0,1006,switch_dr,n40000,1.7652298137805718,0.6708874108069638,0.7153918288961995,0.8244013250500004,2.8205559341659168,0.0,0.7976930226928606
06,alpha,0.0,1006,dros,n40000,2.5767569167664996,0.6041018195094585,0.7153918288961995,0.8244013250500004,2.8205559341659168,0.0,0.9365003020391601
06,alpha,1.0,1007,dm,n40000,nan,0.7156390202716664,0.7153918288961995,0.821605665423028,2.8372522784812135,0.0,nan
06,alpha,1.0,1007,ips,n40000,nan,0.711036442945815,0.7153918288961995,0.821605665423028,2.8372522784812135,0.0,0.821605665423028
06,alpha,1.0,1007,snips,n40000,nan,0.7129603873869829,0.7153918288961995,0.821605665423028,2.8372522784812135,0.0,0.821605665423028
06,alpha,1.0,1007,clipped_ips,n40000,1.6070589481187598,0.6913452480983084,0.7153918288961995,0.821605665423028,2.8372522784812135,0.0,0.8403002897013279
06,alpha,1.0,1007,dr,n40000,nan,0.7142948790366469,0.7153918288961995,0.821605665423028,2.8372522784812135,0.0,0.821605665423028
06,alpha,1.0,1007,switch_dr,n40000,1.7708095576132468,0.7137615039304285,0.7153918288961995,0.821605665423028,2.8372522784812135,0.0,0.7954840032265799
06,alpha,1.0,1007,dros,n40000,2.582638462728575,0.7146227703163593,0.7153918288961995,0.821605665423028,2.8372522784812135,0.0,0.9355231071966202
06,alpha,0.9,1007,dm,n40000,nan,0.6940751182444997,0.7153918288961995,0.821605665423028,2.8372522784812135,0.0,nan
06,alpha,0.9,1007,ips,n40000,nan,0.711036442945815,0.7153918288961995,0.821605665423028,2.8372522784812135,0.0,0.821605665423028
06,alpha,0.9,1007,snips,n40000,nan,0.7129603873869829,0.7153918288961995,0.821605665423028,2.8372522784812135,0.0,0.821605665423028
06,alpha,0.9,1007,clipped_ips,n40000,1.6070589481187598,0.6913452480983084,0.7153918288961995,0.821605665423028,2.8372522784812135,0.0,0.8403002897013279
06,alpha,0.9,1007,dr,n40000,nan,0.7141039618887812,0.7153918288961995,0.821605665423028,2.8372522784812135,0.0,0.821605665423028
06,alpha,0.9,1007,switch_dr,n40000,1.7708095576132468,0.7095087149251842,0.7153918288961995,0.821605665423028,2.8372522784812135,0.0,0.7954840032265799
06,alpha,0.9,1007,dros,n40000,2.582638462728575,0.7036255372901118,0.7153918288961995,0.821605665423028,2.8372522784812135,0.0,0.9355231071966202
06,alpha,0.75,1007,dm,n40000,nan,0.6617292652037499,0.7153918288961995,0.821605665423028,2.8372522784812135,0.0,nan
06,alpha,0.75,1007,ips,n40000,nan,0.711036442945815,0.7153918288961995,0.821605665423028,2.8372522784812135,0.0,0.821605665423028
06,alpha,0.75,1007,snips,n40000,nan,0.7129603873869829,0.7153918288961995,0.821605665423028,2.8372522784812135,0.0,0.821605665423028
06,alpha,0.75,1007,clipped_ips,n40000,1.6070589481187598,0.6913452480983084,0.7153918288961995,0.821605665423028,2.8372522784812135,0.0,0.8403002897013279
06,alpha,0.75,1007,dr,n40000,nan,0.7138175861669828,0.7153918288961995,0.821605665423028,2.8372522784812135,0.0,0.821605665423028
06,alpha,0.75,1007,switch_dr,n40000,1.7708095576132468,0.7031295314173177,0.7153918288961995,0.821605665423028,2.8372522784812135,0.0,0.7954840032265799
06,alpha,0.75,1007,dros,n40000,2.582638462728575,0.6871296877507403,0.7153918288961995,0.821605665423028,2.8372522784812135,0.0,0.9355231071966202
06,alpha,0.5,1007,dm,n40000,nan,0.6078195101358332,0.7153918288961995,0.821605665423028,2.8372522784812135,0.0,nan
06,alpha,0.5,1007,ips,n40000,nan,0.711036442945815,0.7153918288961995,0.821605665423028,2.8372522784812135,0.0,0.821605665423028
06,alpha,0.5,1007,snips,n40000,nan,0.7129603873869829,0.7153918288961995,0.821605665423028,2.8372522784812135,0.0,0.821605665423028
06,alpha,0.5,1007,clipped_ips,n40000,1.6070589481187598,0.6913452480983084,0.7153918288961995,0.821605665423028,2.8372522784812135,0.0,0.8403002897013279
06,alpha,0.5,1007,dr,n40000,nan,0.7133402932973186,0.7153918288961995,0.821605665423028,2.8372522784812135,0.0,0.821605665423028
06,alpha,0.5,1007,switch_dr,n40000,1.7708095576132468,0.6924975589042068,0.7153918288961995,0.821605665423028,2.8372522784812135,0.0,0.7954840032265799
06,alpha,0.5,1007,dros,n40000,2.582638462728575,0.6596366051851211,0.7153918288961995,0.821605665423028,2.8372522784812135,0.0,0.9355231071966202
06,alpha,0.25,1007,dm,n40000,nan,0.5539097550679165,0.7153918288961995,0.821605665423028,2.8372522784812135,0.0,nan
06,alpha,0.25,1007,ips,n40000,nan,0.711036442945815,0.7153918288961995,0.821605665423028,2.8372522784812135,0.0,0.821605665423028
06,alpha,0.25,1007,snips,n40000,nan,0.7129603873869829,0.7153918288961995,0.821605665423028,2.8372522784812135,0.0,0.821605665423028
06,alpha,0.25,1007,clipped_ips,n40000,1.6070589481187598,0.6913452480983084,0.7153918288961995,0.821605665423028,2.8372522784812135,0.0,0.8403002897013279
06,alpha,0.25,1007,dr,n40000,nan,0.7128630004276543,0.7153918288961995,0.821605665423028,2.8372522784812135,0.0,0.821605665423028
06,alpha,0.25,1007,switch_dr,n40000,1.7708095576132468,0.6818655863910957,0.7153918288961995,0.821605665423028,2.8372522784812135,0.0,0.7954840032265799
06,alpha,0.25,1007,dros,n40000,2.582638462728575,0.6321435226195019,0.7153918288961995,0.821605665423028,2.8372522784812135,0.0,0.9355231071966202
06,alpha,0.0,1007,dm,n40000,nan,0.5,0.7153918288961995,0.821605665423028,2.8372522784812135,0.0,nan
06,alpha,0.0,1007,ips,n40000,nan,0.711036442945815,0.7153918288961995,0.821605665423028,2.8372522784812135,0.0,0.821605665423028
06,alpha,0.0,1007,snips,n40000,nan,0.7129603873869829,0.7153918288961995,0.821605665423028,2.8372522784812135,0.0,0.821605665423028
06,alpha,0.0,1007,clipped_ips,n40000,1.6070589481187598,0.6913452480983084,0.7153918288961995,0.821605665423028,2.8372522784812135,0.0,0.8403002897013279
06,alpha,0.0,1007,dr,n40000,nan,0.7123857075579902,0.7153918288961995,0.821605665423028,2.8372522784812135,0.0,0.821605665423028
06,alpha,0.0,1007,switch_dr,n40000,1.7708095576132468,0.671233613877985,0.7153918288961995,0.821605665423028,2.8372522784812135,0.0,0.7954840032265799
06,alpha,0.0,1007,dros,n40000,2.582638462728575,0.6046504400538828,0.7153918288961995,0.821605665423028,2.8372522784812135,0.0,0.9355231071966202
06,alpha,1.0,1008,dm,n40000,nan,0.7156948524246253,0.7153918288961995,0.8226192069793832,2.7446956759378094,0.0,nan
06,alpha,1.0,1008,ips,n40000,nan,0.7127181910133649,0.7153918288961995,0.8226192069793832,2.7446956759378094,0.0,0.8226192069793832
06,alpha,1.0,1008,snips,n40000,nan,0.7126338099156201,0.7153918288961995,0.8226192069793832,2.7446956759378094,0.0,0.8226192069793832
06,alpha,1.0,1008,clipped_ips,n40000,1.6076818619622335,0.6934922266794528,0.7153918288961995,0.8226192069793832,2.7446956759378094,0.0,0.8410771216355677
06,alpha,1.0,1008,dr,n40000,nan,0.7125245865365046,0.7153918288961995,0.8226192069793832,2.7446956759378094,0.0,0.8226192069793832
06,alpha,1.0,1008,switch_dr,n40000,1.7670504506427733,0.7133701300428339,0.7153918288961995,0.8226192069793832,2.7446956759378094,0.0,0.796257062287182
06,alpha,1.0,1008,dros,n40000,2.584640969282354,0.7135254277905858,0.7153918288961995,0.8226192069793832,2.7446956759378094,0.0,0.9352457862210476
06,alpha,0.9,1008,dm,n40000,nan,0.6941253671821627,0.7153918288961995,0.8226192069793832,2.7446956759378094,0.0,nan
06,alpha,0.9,1008,ips,n40000,nan,0.7127181910133649,0.7153918288961995,0.8226192069793832,2.7446956759378094,0.0,0.8226192069793832
06,alpha,0.9,1008,snips,n40000,nan,0.7126338099156201,0.7153918288961995,0.8226192069793832,2.7446956759378094,0.0,0.8226192069793832
06,alpha,0.9,1008,clipped_ips,n40000,1.6076818619622335,0.6934922266794528,0.7153918288961995,0.8226192069793832,2.7446956759378094,0.0,0.8410771216355677
06,alpha,0.9,1008,dr,n40000,nan,0.7125380266155124,0.7153918288961995,0.8226192069793832,2.7446956759378094,0.0,0.8226192069793832
06,alpha,0.9,1008,switch_dr,n40000,1.7670504506427733,0.709331777609514,0.7153918288961995,0.8226192069793832,2.7446956759378094,0.0,0.796257062287182
06,alpha,0.9,1008,dros,n40000,2.584640969282354,0.7026479494011626,0.7153918288961995,0.8226192069793832,2.7446956759378094,0.0,0.9352457862210476
06,alpha,0.75,1008,dm,n40000,nan,0.6617711393184689,0.7153918288961995,0.8226192069793832,2.7446956759378094,0.0,nan
06,alpha,0.75,1008,ips,n40000,nan,0.7127181910133649,0.7153918288961995,0.8226192069793832,2.7446956759378094,0.0,0.8226192069793832
06,alpha,0.75,1008,snips,n40000,nan,0.7126338099156201,0.7153918288961995,0.8226192069793832,2.7446956759378094,0.0,0.8226192069793832
06,alpha,0.75,1008,clipped_ips,n40000,1.6076818619622335,0.6934922266794528,0.7153918288961995,0.8226192069793832,2.7446956759378094,0.0,0.8410771216355677
06,alpha,0.75,1008,dr,n40000,nan,0.7125581867340242,0.7153918288961995,0.8226192069793832,2.7446956759378094,0.0,0.8226192069793832
06,alpha,0.75,1008,switch_dr,n40000,1.7670504506427733,0.7032742489595343,0.7153918288961995,0.8226192069793832,2.7446956759378094,0.0,0.796257062287182
06,alpha,0.75,1008,dros,n40000,2.584640969282354,0.686331731817028,0.7153918288961995,0.8226192069793832,2.7446956759378094,0.0,0.9352457862210476
06,alpha,0.5,1008,dm,n40000,nan,0.6078474262123126,0.7153918288961995,0.8226192069793832,2.7446956759378094,0.0,nan
06,alpha,0.5,1008,ips,n40000,nan,0.7127181910133649,0.7153918288961995,0.8226192069793832,2.7446956759378094,0.0,0.8226192069793832
06,alpha,0.5,1008,snips,n40000,nan,0.7126338099156201,0.7153918288961995,0.8226192069793832,2.7446956759378094,0.0,0.8226192069793832
06,alpha,0.5,1008,clipped_ips,n40000,1.6076818619622335,0.6934922266794528,0.7153918288961995,0.8226192069793832,2.7446956759378094,0.0,0.8410771216355677
06,alpha,0.5,1008,dr,n40000,nan,0.7125917869315438,0.7153918288961995,0.8226192069793832,2.7446956759378094,0.0,0.8226192069793832
06,alpha,0.5,1008,switch_dr,n40000,1.7670504506427733,0.6931783678762349,0.7153918288961995,0.8226192069793832,2.7446956759378094,0.0,0.796257062287182
06,alpha,0.5,1008,dros,n40000,2.584640969282354,0.6591380358434704,0.7153918288961995,0.8226192069793832,2.7446956759378094,0.0,0.9352457862210476
06,alpha,0.25,1008,dm,n40000,nan,0.5539237131061564,0.7153918288961995,0.8226192069793832,2.7446956759378094,0.0,nan
06,alpha,0.25,1008,ips,n40000,nan,0.7127181910133649,0.7153918288961995,0.8226192069793832,2.7446956759378094,0.0,0.8226192069793832
06,alpha,0.25,1008,snips,n40000,nan,0.7126338099156201,0.7153918288961995,0.8226192069793832,2.7446956759378094,0.0,0.8226192069793832
06,alpha,0.25,1008,clipped_ips,n40000,1.6076818619622335,0.6934922266794528,0.7153918288961995,0.8226192069793832,2.7446956759378094,0.0,0.8410771216355677
06,alpha,0.25,1008,dr,n40000,nan,0.7126253871290635,0.7153918288961995,0.8226192069793832,2.7446956759378094,0.0,0.8226192069793832
06,alpha,0.25,1008,switch_dr,n40000,1.7670504506427733,0.6830824867929356,0.7153918288961995,0.8226192069793832,2.7446956759378094,0.0,0.796257062287182
06,alpha,0.25,1008,dros,n40000,2.584640969282354,0.6319443398699128,0.7153918288961995,0.8226192069793832,2.7446956759378094,0.0,0.9352457862210476
06,alpha,0.0,1008,dm,n40000,nan,0.5,0.7153918288961995,0.8226192069793832,2.7446956759378094,0.0,nan
06,alpha,0.0,1008,ips,n40000,nan,0.7127181910133649,0.7153918288961995,0.8226192069793832,2.7446956759378094,0.0,0.8226192069793832
06,alpha,0.0,1008,snips,n40000,nan,0.7126338099156201,0.7153918288961995,0.8226192069793832,2.7446956759378094,0.0,0.8226192069793832
06,alpha,0.0,1008,clipped_ips,n40000,1.6076818619622335,0.6934922266794528,0.7153918288961995,0.8226192069793832,2.7446956759378094,0.0,0.8410771216355677
06,alpha,0.0,1008,dr,n40000,nan,0.7126589873265832,0.7153918288961995,0.8226192069793832,2.7446956759378094,0.0,0.8226192069793832
06,alpha,0.0,1008,switch_dr,n40000,1.7670504506427733,0.672986605709636,0.7153918288961995,0.8226192069793832,2.7446956759378094,0.0,0.796257062287182
06,alpha,0.0,1008,dros,n40000,2.584640969282354,0.6047506438963551,0.7153918288961995,0.8226192069793832,2.7446956759378094,0.0,0.9352457862210476
06,alpha,1.0,1009,dm,n40000,nan,0.7142032606257317,0.7153918288961995,0.8233326672225872,2.880336110813942,0.0,nan
06,alpha,1.0,1009,ips,n40000,nan,0.7143055223156864,0.7153918288961995,0.8233326672225872,2.880336110813942,0.0,0.8233326672225872
06,alpha,1.0,1009,snips,n40000,nan,0.71465460410765,0.7153918288961995,0.8233326672225872,2.880336110813942,0.0,0.8233326672225872
06,alpha,1.0,1009,clipped_ips,n40000,1.6074310350484788,0.6949010006061068,0.7153918288961995,0.8233326672225872,2.880336110813942,0.0,0.841829316964994
06,alpha,1.0,1009,dr,n40000,nan,0.7151588568990704,0.7153918288961995,0.8233326672225872,2.880336110813942,0.0,0.8233326672225872
06,alpha,1.0,1009,switch_dr,n40000,1.7745031231447015,0.716578189199189,0.7153918288961995,0.8233326672225872,2.880336110813942,0.0,0.7968933802167233
06,alpha,1.0,1009,dros,n40000,2.583834532437024,0.7149247894362636,0.7153918288961995,0.8233326672225872,2.880336110813942,0.0,0.9361102608683106
06,alpha,0.9,1009,dm,n40000,nan,0.6927829345631584,0.7153918288961995,0.8233326672225872,2.880336110813942,0.0,nan
06,alpha,0.9,1009,ips,n40000,nan,0.7143055223156864,0.7153918288961995,0.8233326672225872,2.880336110813942,0.0,0.8233326672225872
06,alpha,0.9,1009,snips,n40000,nan,0.71465460410765,0.7153918288961995,0.8233326672225872,2.880336110813942,0.0,0.8233326672225872
06,alpha,0.9,1009,clipped_ips,n40000,1.6074310350484788,0.6949010006061068,0.7153918288961995,0.8233326672225872,2.880336110813942,0.0,0.841829316964994
06,alpha,0.9,1009,dr,n40000,nan,0.7150979465529568,0.7153918288961995,0.8233326672225872,2.880336110813942,0.0,0.8233326672225872
06,alpha,0.9,1009,switch_dr,n40000,1.7745031231447015,0.7124832923398429,0.7153918288961995,0.8233326672225872,2.880336110813942,0.0,0.7968933802167233
06,alpha,0.9,1009,dros,n40000,2.583834532437024,0.7040711145436699,0.7153918288961995,0.8233326672225872,2.880336110813942,0.0,0.9361102608683106
06,alpha,0.75,1009,dm,n40000,nan,0.6606524454692987,0.7153918288961995,0.8233326672225872,2.880336110813942,0.0,nan
06,alpha,0.75,1009,ips,n40000,nan,0.7143055223156864,0.7153918288961995,0.8233326672225872,2.880336110813942,0.0,0.8233326672225872
06,alpha,0.75,1009,snips,n40000,nan,0.71465460410765,0.7153918288961995,0.8233326672225872,2.880336110813942,0.0,0.8233326672225872
06,alpha,0.75,1009,clipped_ips,n40000,1.6074310350484788,0.6949010006061068,0.7153918288961995,0.8233326672225872,2.880336110813942,0.0,0.841829316964994
06,alpha,0.75,1009,dr,n40000,nan,0.7150065810337867,0.7153918288961995,0.8233326672225872,2.880336110813942,0.0,0.8233326672225872
06,alpha,0.75,1009,switch_dr,n40000,1.7745031231447015,0.7063409470508238,0.7153918288961995,0.8233326672225872,2.880336110813942,0.0,0.7968933802167233
06,alpha,0.75,1009,dros,n40000,2.583834532437024,0.6877906022047794,0.7153918288961995,0.8233326672225872,2.880336110813942,0.0,0.9361102608683106
06,alpha,0.5,1009,dm,n40000,nan,0.6071016303128658,0.7153918288961995,0.8233326672225872,2.880336110813942,0.0,nan
06,alpha,0.5,1009,ips,n40000,nan,0.7143055223156864,0.7153918288961995,0.8233326672225872,2.880336110813942,0.0,0.8233326672225872
06,alpha,0.5,1009,snips,n40000,nan,0.71465460410765,0.7153918288961995,0.8233326672225872,2.880336110813942,0.0,0.8233326672225872
06,alpha,0.5,1009,clipped_ips,n40000,1.6074310350484788,0.6949010006061068,0.7153918288961995,0.8233326672225872,2.880336110813942,0.0,0.841829316964994
06,alpha,0.5,1009,dr,n40000,nan,0.714854305168503,0.7153918288961995,0.8233326672225872,2.880336110813942,0.0,0.8233326672225872
06,alpha,0.5,1009,switch_dr,n40000,1.7745031231447015,0.6961037049024588,0.7153918288961995,0.8233326672225872,2.880336110813942,0.0,0.7968933802167233
06,alpha,0.5,1009,dros,n40000,2.583834532437024,0.6606564149732954,0.7153918288961995,0.8233326672225872,2.880336110813942,0.0,0.9361102608683106
06,alpha,0.25,1009,dm,n40000,nan,0.5535508151564329,0.7153918288961995,0.8233326672225872,2.880336110813942,0.0,nan
06,alpha,0.25,1009,ips,n40000,nan,0.7143055223156864,0.7153918288961995,0.8233326672225872,2.880336110813942,0.0,0.8233326672225872
06,alpha,0.25,1009,snips,n40000,nan,0.71465460410765,0.7153918288961995,0.8233326672225872,2.880336110813942,0.0,0.8233326672225872
06,alpha,0.25,1009,clipped_ips,n40000,1.6074310350484788,0.6949010006061068,0.7153918288961995,0.8233326672225872,2.880336110813942,0.0,0.841829316964994
06,alpha,0.25,1009,dr,n40000,nan,0.7147020293032194,0.7153918288961995,0.8233326672225872,2.880336110813942,0.0,0.8233326672225872
06,alpha,0.25,1009,switch_dr,n40000,1.7745031231447015,0.6858664627540937,0.7153918288961995,0.8233326672225872,2.880336110813942,0.0,0.7968933802167233
06,alpha,0.25,1009,dros,n40000,2.583834532437024,0.6335222277418113,0.7153918288961995,0.8233326672225872,2.880336110813942,0.0,0.9361102608683106
06,alpha,0.0,1009,dm,n40000,nan,0.5,0.7153918288961995,0.8233326672225872,2.880336110813942,0.0,nan
06,alpha,0.0,1009,ips,n40000,nan,0.7143055223156864,0.7153918288961995,0.8233326672225872,2.880336110813942,0.0,0.8233326672225872
06,alpha,0.0,1009,snips,n40000,nan,0.71465460410765,0.7153918288961995,0.8233326672225872,2.880336110813942,0.0,0.8233326672225872
06,alpha,0.0,1009,clipped_ips,n40000,1.6074310350484788,0.6949010006061068,0.7153918288961995,0.8233326672225872,2.880336110813942,0.0,0.841829316964994
06,alpha,0.0,1009,dr,n40000,nan,0.7145497534379357,0.7153918288961995,0.8233326672225872,2.880336110813942,0.0,0.8233326672225872
06,alpha,0.0,1009,switch_dr,n40000,1.7745031231447015,0.6756292206057286,0.7153918288961995,0.8233326672225872,2.880336110813942,0.0,0.7968933802167233
06,alpha,0.0,1009,dros,n40000,2.583834532437024,0.6063880405103272,0.7153918288961995,0.8233326672225872,2.880336110813942,0.0,0.9361102608683106
06,alpha,1.0,1010,dm,n40000,nan,0.7141746040005675,0.7153918288961995,0.82115265549028,2.7792690601125014,0.0,nan
06,alpha,1.0,1010,ips,n40000,nan,0.7084418845029573,0.7153918288961995,0.82115265549028,2.7792690601125014,0.0,0.82115265549028
06,alpha,1.0,1010,snips,n40000,nan,0.7122466659745665,0.7153918288961995,0.82115265549028,2.7792690601125014,0.0,0.82115265549028
06,alpha,1.0,1010,clipped_ips,n40000,1.6014762182325468,0.6887365316590168,0.7153918288961995,0.82115265549028,2.7792690601125014,0.0,0.8398659364210602
06,alpha,1.0,1010,dr,n40000,nan,0.7149377256162656,0.7153918288961995,0.82115265549028,2.7792690601125014,0.0,0.82115265549028
06,alpha,1.0,1010,switch_dr,n40000,1.7671035280160872,0.7140222864900635,0.7153918288961995,0.82115265549028,2.7792690601125014,0.0,0.7948860691622
06,alpha,1.0,1010,dros,n40000,2.56472607756442,0.7142469160047271,0.7153918288961995,0.82115265549028,2.7792690601125014,0.0,0.9349211481130729
06,alpha,0.9,1010,dm,n40000,nan,0.6927571436005108,0.7153918288961995,0.82115265549028,2.7792690601125014,0.0,nan
06,alpha,0.9,1010,ips,n40000,nan,0.7084418845029573,0.7153918288961995,0.82115265549028,2.7792690601125014,0.0,0.82115265549028
06,alpha,0.9,1010,snips,n40000,nan,0.7122466659745665,0.7153918288961995,0.82115265549028,2.7792690601125014,0.0,0.82115265549028
06,alpha,0.9,1010,clipped_ips,n40000,1.6014762182325468,0.6887365316590168,0.7153918288961995,0.82115265549028,2.7792690601125014,0.0,0.8398659364210602
06,alpha,0.9,1010,dr,n40000,nan,0.7145552386816132,0.7153918288961995,0.82115265549028,2.7792690601125014,0.0,0.82115265549028
06,alpha,0.9,1010,switch_dr,n40000,1.7671035280160872,0.7096125697171881,0.7153918288961995,0.82115265549028,2.7792690601125014,0.0,0.7948860691622
06,alpha,0.9,1010,dros,n40000,2.56472607756442,0.7031560192428866,0.7153918288961995,0.82115265549028,2.7792690601125014,0.0,0.9349211481130729
06,alpha,0.75,1010,dm,n40000,nan,0.6606309530004257,0.7153918288961995,0.82115265549028,2.7792690601125014,0.0,nan
06,alpha,0.75,1010,ips,n40000,nan,0.7084418845029573,0.7153918288961995,0.82115265549028,2.7792690601125014,0.0,0.82115265549028
06,alpha,0.75,1010,snips,n40000,nan,0.7122466659745665,0.7153918288961995,0.82115265549028,2.7792690601125014,0.0,0.82115265549028
06,alpha,0.75,1010,clipped_ips,n40000,1.6014762182325468,0.6887365316590168,0.7153918288961995,0.82115265549028,2.7792690601125014,0.0,0.8398659364210602
06,alpha,0.75,1010,dr,n40000,nan,0.7139815082796348,0.7153918288961995,0.82115265549028,2.7792690601125014,0.0,0.82115265549028
06,alpha,0.75,1010,switch_dr,n40000,1.7671035280160872,0.7029979945578753,0.7153918288961995,0.82115265549028,2.7792690601125014,0.0,0.7948860691622
06,alpha,0.75,1010,dros,n40000,2.56472607756442,0.686519674100126,0.7153918288961995,0.82115265549028,2.7792690601125014,0.0,0.9349211481130729
06,alpha,0.5,1010,dm,n40000,nan,0.6070873020002838,0.7153918288961995,0.82115265549028,2.7792690601125014,0.0,nan
06,alpha,0.5,1010,ips,n40000,nan,0.7084418845029573,0.7153918288961995,0.82115265549028,2.7792690601125014,0.0,0.82115265549028
06,alpha,0.5,1010,snips,n40000,nan,0.7122466659745665,0.7153918288961995,0.82115265549028,2.7792690601125014,0.0,0.82115265549028
06,alpha,0.5,1010,clipped_ips,n40000,1.6014762182325468,0.6887365316590168,0.7153918288961995,0.82115265549028,2.7792690601125014,0.0,0.8398659364210602
06,alpha,0.5,1010,dr,n40000,nan,0.7130252909430039,0.7153918288961995,0.82115265549028,2.7792690601125014,0.0,0.82115265549028
06,alpha,0.5,1010,switch_dr,n40000,1.7671035280160872,0.6919737026256869,0.7153918288961995,0.82115265549028,2.7792690601125014,0.0,0.7948860691622
06,alpha,0.5,1010,dros,n40000,2.56472607756442,0.658792432195525,0.7153918288961995,0.82115265549028,2.7792690601125014,0.0,0.9349211481130729
06,alpha,0.25,1010,dm,n40000,nan,0.5535436510001418,0.7153918288961995,0.82115265549028,2.7792690601125014,0.0,nan
06,alpha,0.25,1010,ips,n40000,nan,0.7084418845029573,0.7153918288961995,0.82115265549028,2.7792690601125014,0.0,0.82115265549028
06,alpha,0.25,1010,snips,n40000,nan,0.7122466659745665,0.7153918288961995,0.82115265549028,2.7792690601125014,0.0,0.82115265549028
06,alpha,0.25,1010,clipped_ips,n40000,1.6014762182325468,0.6887365316590168,0.7153918288961995,0.82115265549028,2.7792690601125014,0.0,0.8398659364210602
06,alpha,0.25,1010,dr,n40000,nan,0.7120690736063728,0.7153918288961995,0.82115265549028,2.7792690601125014,0.0,0.82115265549028
06,alpha,0.25,1010,switch_dr,n40000,1.7671035280160872,0.6809494106934983,0.7153918288961995,0.82115265549028,2.7792690601125014,0.0,0.7948860691622
06,alpha,0.25,1010,dros,n40000,2.56472607756442,0.6310651902909238,0.7153918288961995,0.82115265549028,2.7792690601125014,0.0,0.9349211481130729
06,alpha,0.0,1010,dm,n40000,nan,0.5,0.7153918288961995,0.82115265549028,2.7792690601125014,0.0,nan
06,alpha,0.0,1010,ips,n40000,nan,0.7084418845029573,0.7153918288961995,0.82115265549028,2.7792690601125014,0.0,0.82115265549028
06,alpha,0.0,1010,snips,n40000,nan,0.7122466659745665,0.7153918288961995,0.82115265549028,2.7792690601125014,0.0,0.82115265549028
06,alpha,0.0,1010,clipped_ips,n40000,1.6014762182325468,0.6887365316590168,0.7153918288961995,0.82115265549028,2.7792690601125014,0.0,0.8398659364210602
06,alpha,0.0,1010,dr,n40000,nan,0.7111128562697421,0.7153918288961995,0.82115265549028,2.7792690601125014,0.0,0.82115265549028
06,alpha,0.0,1010,switch_dr,n40000,1.7671035280160872,0.6699251187613102,0.7153918288961995,0.82115265549028,2.7792690601125014,0.0,0.7948860691622
06,alpha,0.0,1010,dros,n40000,2.56472607756442,0.6033379483863228,0.7153918288961995,0.82115265549028,2.7792690601125014,0.0,0.9349211481130729
06,alpha,1.0,1011,dm,n40000,nan,0.715407938564481,0.7153918288961995,0.8240459195381714,2.845318318561554,0.0,nan
06,alpha,1.0,1011,ips,n40000,nan,0.7170784753647176,0.7153918288961995,0.8240459195381714,2.845318318561554,0.0,0.8240459195381714
06,alpha,1.0,1011,snips,n40000,nan,0.7167677420666173,0.7153918288961995,0.8240459195381714,2.845318318561554,0.0,0.8240459195381714
06,alpha,1.0,1011,clipped_ips,n40000,1.6057353027308903,0.6977818737653113,0.7153918288961995,0.8240459195381714,2.845318318561554,0.0,0.8423748423611034
06,alpha,1.0,1011,dr,n40000,nan,0.7167586287518201,0.7153918288961995,0.8240459195381714,2.845318318561554,0.0,0.8240459195381714
06,alpha,1.0,1011,switch_dr,n40000,1.7670751973345886,0.7171530844280932,0.7153918288961995,0.8240459195381714,2.845318318561554,0.0,0.7975225938717801
06,alpha,1.0,1011,dros,n40000,2.5783858624362637,0.7164114183605386,0.7153918288961995,0.8240459195381714,2.845318318561554,0.0,0.9363590765933839
06,alpha,0.9,1011,dm,n40000,nan,0.693867144708033,0.7153918288961995,0.8240459195381714,2.845318318561554,0.0,nan
06,alpha,0.9,1011,ips,n40000,nan,0.7170784753647176,0.7153918288961995,0.8240459195381714,2.845318318561554,0.0,0.8240459195381714
06,alpha,0.9,1011,snips,n40000,nan,0.7167677420666173,0.7153918288961995,0.8240459195381714,2.845318318561554,0.0,0.8240459195381714
06,alpha,0.9,1011,clipped_ips,n40000,1.6057353027308903,0.6977818737653113,0.7153918288961995,0.8240459195381714,2.845318318561554,0.0,0.8423748423611034
06,alpha,0.9,1011,dr,n40000,nan,0.7167689374028863,0.7153918288961995,0.8240459195381714,2.845318318561554,0.0,0.8240459195381714
06,alpha,0.9,1011,switch_dr,n40000,1.7670751973345886,0.7131339215201493,0.7153918288961995,0.8240459195381714,2.845318318561554,0.0,0.7975225938717801
06,alpha,0.9,1011,dros,n40000,2.5783858624362637,0.7055533012794623,0.7153918288961995,0.8240459195381714,2.845318318561554,0.0,0.9363590765933839
06,alpha,0.75,1011,dm,n40000,nan,0.6615559539233609,0.7153918288961995,0.8240459195381714,2.845318318561554,0.0,nan
06,alpha,0.75,1011,ips,n40000,nan,0.7170784753647176,0.7153918288961995,0.8240459195381714,2.845318318561554,0.0,0.8240459195381714
06,alpha,0.75,1011,snips,n40000,nan,0.7167677420666173,0.7153918288961995,0.8240459195381714,2.845318318561554,0.0,0.8240459195381714
06,alpha,0.75,1011,clipped_ips,n40000,1.6057353027308903,0.6977818737653113,0.7153918288961995,0.8240459195381714,2.845318318561554,0.0,0.8423748423611034
06,alpha,0.75,1011,dr,n40000,nan,0.7167844003794854,0.7153918288961995,0.8240459195381714,2.845318318561554,0.0,0.8240459195381714
06,alpha,0.75,1011,switch_dr,n40000,1.7670751973345886,0.7071051771582333,0.7153918288961995,0.8240459195381714,2.845318318561554,0.0,0.7975225938717801
06,alpha,0.75,1011,dros,n40000,2.5783858624362637,0.6892661256578475,0.7153918288961995,0.8240459195381714,2.845318318561554,0.0,0.9363590765933839
06,alpha,0.5,1011,dm,n40000,nan,0.6077039692822406,0.7153918288961995,0.8240459195381714,2.845318318561554,0.0,nan
06,alpha,0.5,1011,ips,n40000,nan,0.7170784753647176,0.7153918288961995,0.8240459195381714,2.845318318561554,0.0,0.8240459195381714
06,alpha,0.5,1011,snips,n40000,nan,0.7167677420666173,0.7153918288961995,0.8240459195381714,2.845318318561554,0.0,0.8240459195381714
06,alpha,0.5,1011,clipped_ips,n40000,1.6057353027308903,0.6977818737653113,0.7153918288961995,0.8240459195381714,2.845318318561554,0.0,0.8423748423611034
06,alpha,0.5,1011,dr,n40000,nan,0.7168101720071507,0.7153918288961995,0.8240459195381714,2.845318318561554,0.0,0.8240459195381714
06,alpha,0.5,1011,switch_dr,n40000,1.7670751973345886,0.6970572698883732,0.7153918288961995,0.8240459195381714,2.845318318561554,0.0,0.7975225938717801
06,alpha,0.5,1011,dros,n40000,2.5783858624362637,0.6621208329551563,0.7153918288961995,0.8240459195381714,2.845318318561554,0.0,0.9363590765933839
06,alpha,0.25,1011,dm,n40000,nan,0.5538519846411203,0.7153918288961995,0.8240459195381714,2.845318318561554,0.0,nan
06,alpha,0.25,1011,ips,n40000,nan,0.7170784753647176,0.7153918288961995,0.8240459195381714,2.845318318561554,0.0,0.8240459195381714
06,alpha,0.25,1011,snips,n40000,nan,0.7167677420666173,0.7153918288961995,0.8240459195381714,2.845318318561554,0.0,0.8240459195381714
06,alpha,0.25,1011,clipped_ips,n40000,1.6057353027308903,0.6977818737653113,0.7153918288961995,0.8240459195381714,2.845318318561554,0.0,0.8423748423611034
06,alpha,0.25,1011,dr,n40000,nan,0.716835943634816,0.7153918288961995,0.8240459195381714,2.845318318561554,0.0,0.8240459195381714
06,alpha,0.25,1011,switch_dr,n40000,1.7670751973345886,0.6870093626185132,0.7153918288961995,0.8240459195381714,2.845318318561554,0.0,0.7975225938717801
06,alpha,0.25,1011,dros,n40000,2.5783858624362637,0.6349755402524652,0.7153918288961995,0.8240459195381714,2.845318318561554,0.0,0.9363590765933839
06,alpha,0.0,1011,dm,n40000,nan,0.5,0.7153918288961995,0.8240459195381714,2.845318318561554,0.0,nan
06,alpha,0.0,1011,ips,n40000,nan,0.7170784753647176,0.7153918288961995,0.8240459195381714,2.845318318561554,0.0,0.8240459195381714
06,alpha,0.0,1011,snips,n40000,nan,0.7167677420666173,0.7153918288961995,0.8240459195381714,2.845318318561554,0.0,0.8240459195381714
06,alpha,0.0,1011,clipped_ips,n40000,1.6057353027308903,0.6977818737653113,0.7153918288961995,0.8240459195381714,2.845318318561554,0.0,0.8423748423611034
06,alpha,0.0,1011,dr,n40000,nan,0.7168617152624812,0.7153918288961995,0.8240459195381714,2.845318318561554,0.0,0.8240459195381714
06,alpha,0.0,1011,switch_dr,n40000,1.7670751973345886,0.6769614553486532,0.7153918288961995,0.8240459195381714,2.845318318561554,0.0,0.7975225938717801
06,alpha,0.0,1011,dros,n40000,2.5783858624362637,0.607830247549774,0.7153918288961995,0.8240459195381714,2.845318318561554,0.0,0.9363590765933839
06,alpha,1.0,1012,dm,n40000,nan,0.7162570243076919,0.7153918288961995,0.8239014429885161,2.8002006371836776,0.0,nan
06,alpha,1.0,1012,ips,n40000,nan,0.7205125446174911,0.7153918288961995,0.8239014429885161,2.8002006371836776,0.0,0.8239014429885161
06,alpha,1.0,1012,snips,n40000,nan,0.7192260373571753,0.7153918288961995,0.8239014429885161,2.8002006371836776,0.0,0.8239014429885161
06,alpha,1.0,1012,clipped_ips,n40000,1.6002498322253276,0.7004885396375037,0.7153918288961995,0.8239014429885161,2.8002006371836776,0.0,0.8427335147136031
06,alpha,1.0,1012,dr,n40000,nan,0.7188336057308254,0.7153918288961995,0.8239014429885161,2.8002006371836776,0.0,0.8239014429885161
06,alpha,1.0,1012,switch_dr,n40000,1.7650394213133964,0.7181361019752477,0.7153918288961995,0.8239014429885161,2.8002006371836776,0.0,0.797561151727416
06,alpha,1.0,1012,dros,n40000,2.560799525537189,0.7177344297137073,0.7153918288961995,0.8239014429885161,2.8002006371836776,0.0,0.9366356074954824
06,alpha,0.9,1012,dm,n40000,nan,0.6946313218769227,0.7153918288961995,0.8239014429885161,2.8002006371836776,0.0,nan
06,alpha,0.9,1012,ips,n40000,nan,0.7205125446174911,0.7153918288961995,0.8239014429885161,2.8002006371836776,0.0,0.8239014429885161
06,alpha,0.9,1012,snips,n40000,nan,0.7192260373571753,0.7153918288961995,0.8239014429885161,2.8002006371836776,0.0,0.8239014429885161
06,alpha,0.9,1012,clipped_ips,n40000,1.6002498322253276,0.7004885396375037,0.7153918288961995,0.8239014429885161,2.8002006371836776,0.0,0.8427335147136031
06,alpha,0.9,1012,dr,n40000,nan,0.7189120626974749,0.7153918288961995,0.8239014429885161,2.8002006371836776,0.0,0.8239014429885161
06,alpha,0.9,1012,switch_dr,n40000,1.7650394213133964,0.7141789686334573,0.7153918288961995,0.8239014429885161,2.8002006371836776,0.0,0.797561151727416
06,alpha,0.9,1012,dros,n40000,2.560799525537189,0.7068407374726697,0.7153918288961995,0.8239014429885161,2.8002006371836776,0.0,0.9366356074954824
06,alpha,0.75,1012,dm,n40000,nan,0.6621927682307689,0.7153918288961995,0.8239014429885161,2.8002006371836776,0.0,nan
06,alpha,0.75,1012,ips,n40000,nan,0.7205125446174911,0.7153918288961995,0.8239014429885161,2.8002006371836776,0.0,0.8239014429885161
06,alpha,0.75,1012,snips,n40000,nan,0.7192260373571753,0.7153918288961995,0.8239014429885161,2.8002006371836776,0.0,0.8239014429885161
06,alpha,0.75,1012,clipped_ips,n40000,1.6002498322253276,0.7004885396375037,0.7153918288961995,0.8239014429885161,2.8002006371836776,0.0,0.8427335147136031
06,alpha,0.75,1012,dr,n40000,nan,0.7190297481474491,0.7153918288961995,0.8239014429885161,2.8002006371836776,0.0,0.8239014429885161
06,alpha,0.75,1012,switch_dr,n40000,1.7650394213133964,0.7082432686207718,0.7153918288961995,0.8239014429885161,2.8002006371836776,0.0,0.797561151727416
06,alpha,0.75,1012,dros,n40000,2.560799525537189,0.6905001991111134,0.7153918288961995,0.8239014429885161,2.8002006371836776,0.0,0.9366356074954824
06,alpha,0.5,1012,dm,n40000,nan,0.608128512153846,0.7153918288961995,0.8239014429885161,2.8002006371836776,0.0,nan
06,alpha,0.5,1012,ips,n40000,nan,0.7205125446174911,0.7153918288961995,0.8239014429885161,2.8002006371836776,0.0,0.8239014429885161
06,alpha,0.5,1012,snips,n40000,nan,0.7192260373571753,0.7153918288961995,0.8239014429885161,2.8002006371836776,0.0,0.8239014429885161
06,alpha,0.5,1012,clipped_ips,n40000,1.6002498322253276,0.7004885396375037,0.7153918288961995,0.8239014429885161,2.8002006371836776,0.0,0.8427335147136031
06,alpha,0.5,1012,dr,n40000,nan,0.7192258905640728,0.7153918288961995,0.8239014429885161,2.8002006371836776,0.0,0.8239014429885161
06,alpha,0.5,1012,switch_dr,n40000,1.7650394213133964,0.6983504352662961,0.7153918288961995,0.8239014429885161,2.8002006371836776,0.0,0.797561151727416
06,alpha,0.5,1012,dros,n40000,2.560799525537189,0.6632659685085196,0.7153918288961995,0.8239014429885161,2.8002006371836776,0.0,0.9366356074954824
06,alpha,0.25,1012,dm,n40000,nan,0.554064256076923,0.7153918288961995,0.8239014429885161,2.8002006371836776,0.0,nan
06,alpha,0.25,1012,ips,n40000,nan,0.7205125446174911,0.7153918288961995,0.8239014429885161,2.8002006371836776,0.0,0.8239014429885161
06,alpha,0.25,1012,snips,n40000,nan,0.7192260373571753,0.7153918288961995,0.8239014429885161,2.8002006371836776,0.0,0.8239014429885161
06,alpha,0.25,1012,clipped_ips,n40000,1.6002498322253276,0.7004885396375037,0.7153918288961995,0.8239014429885161,2.8002006371836776,0.0,0.8427335147136031
06,alpha,0.25,1012,dr,n40000,nan,0.7194220329806964,0.7153918288961995,0.8239014429885161,2.8002006371836776,0.0,0.8239014429885161
06,alpha,0.25,1012,switch_dr,n40000,1.7650394213133964,0.6884576019118203,0.7153918288961995,0.8239014429885161,2.8002006371836776,0.0,0.797561151727416
06,alpha,0.25,1012,dros,n40000,2.560799525537189,0.6360317379059257,0.7153918288961995,0.8239014429885161,2.8002006371836776,0.0,0.9366356074954824
06,alpha,0.0,1012,dm,n40000,nan,0.5,0.7153918288961995,0.8239014429885161,2.8002006371836776,0.0,nan
06,alpha,0.0,1012,ips,n40000,nan,0.7205125446174911,0.7153918288961995,0.8239014429885161,2.8002006371836776,0.0,0.8239014429885161
06,alpha,0.0,1012,snips,n40000,nan,0.7192260373571753,0.7153918288961995,0.8239014429885161,2.8002006371836776,0.0,0.8239014429885161
06,alpha,0.0,1012,clipped_ips,n40000,1.6002498322253276,0.7004885396375037,0.7153918288961995,0.8239014429885161,2.8002006371836776,0.0,0.8427335147136031
06,alpha,0.0,1012,dr,n40000,nan,0.71961817539732,0.7153918288961995,0.8239014429885161,2.8002006371836776,0.0,0.8239014429885161
06,alpha,0.0,1012,switch_dr,n40000,1.7650394213133964,0.6785647685573445,0.7153918288961995,0.8239014429885161,2.8002006371836776,0.0,0.797561151727416
06,alpha,0.0,1012,dros,n40000,2.560799525537189,0.6087975073033318,0.7153918288961995,0.8239014429885161,2.8002006371836776,0.0,0.9366356074954824
06,alpha,1.0,1013,dm,n40000,nan,0.7149629483437426,0.7153918288961995,0.8232436066961459,2.748388394453727,0.0,nan
06,alpha,1.0,1013,ips,n40000,nan,0.7156913430557633,0.7153918288961995,0.8232436066961459,2.748388394453727,0.0,0.8232436066961459
06,alpha,1.0,1013,snips,n40000,nan,0.715763325778002,0.7153918288961995,0.8232436066961459,2.748388394453727,0.0,0.8232436066961459
06,alpha,1.0,1013,clipped_ips,n40000,1.6051738893460028,0.6970066437704336,0.7153918288961995,0.8232436066961459,2.748388394453727,0.0,0.8410456249252928
06,alpha,1.0,1013,dr,n40000,nan,0.71612182235202,0.7153918288961995,0.8232436066961459,2.748388394453727,0.0,0.8232436066961459
06,alpha,1.0,1013,switch_dr,n40000,1.7579967006923782,0.7180283124376722,0.7153918288961995,0.8232436066961459,2.748388394453727,0.0,0.796224757293968
06,alpha,1.0,1013,dros,n40000,2.576583215038174,0.7152576845749259,0.7153918288961995,0.8232436066961459,2.748388394453727,0.0,0.9351785992098867
06,alpha,0.9,1013,dm,n40000,nan,0.6934666535093684,0.7153918288961995,0.8232436066961459,2.748388394453727,0.0,nan
06,alpha,0.9,1013,ips,n40000,nan,0.7156913430557633,0.7153918288961995,0.8232436066961459,2.748388394453727,0.0,0.8232436066961459
06,alpha,0.9,1013,snips,n40000,nan,0.715763325778002,0.7153918288961995,0.8232436066961459,2.748388394453727,0.0,0.8232436066961459
06,alpha,0.9,1013,clipped_ips,n40000,1.6051738893460028,0.6970066437704336,0.7153918288961995,0.8232436066961459,2.748388394453727,0.0,0.8410456249252928
06,alpha,0.9,1013,dr,n40000,nan,0.7160838028109445,0.7153918288961995,0.8232436066961459,2.748388394453727,0.0,0.8232436066961459
06,alpha,0.9,1013,switch_dr,n40000,1.7579967006923782,0.7139785320044415,0.7153918288961995,0.8232436066961459,2.748388394453727,0.0,0.796224757293968
06,alpha,0.9,1013,dros,n40000,2.576583215038174,0.7043760177623561,0.7153918288961995,0.8232436066961459,2.748388394453727,0.0,0.9351785992098867
06,alpha,0.75,1013,dm,n40000,nan,0.661222211257807,0.7153918288961995,0.8232436066961459,2.748388394453727,0.0,nan
06,alpha,0.75,1013,ips,n40000,nan,0.7156913430557633,0.7153918288961995,0.8232436066961459,2.748388394453727,0.0,0.8232436066961459
06,alpha,0.75,1013,snips,n40000,nan,0.715763325778002,0.7153918288961995,0.8232436066961459,2.748388394453727,0.0,0.8232436066961459
06,alpha,0.75,1013,clipped_ips,n40000,1.6051738893460028,0.6970066437704336,0.7153918288961995,0.8232436066961459,2.748388394453727,0.0,0.8410456249252928
06,alpha,0.75,1013,dr,n40000,nan,0.7160267734993311,0.7153918288961995,0.8232436066961459,2.748388394453727,0.0,0.8232436066961459
06,alpha,0.75,1013,switch_dr,n40000,1.7579967006923782,0.7079038613545955,0.7153918288961995,0.8232436066961459,2.748388394453727,0.0,0.796224757293968
06,alpha,0.75,1013,dros,n40000,2.576583215038174,0.6880535175435014,0.7153918288961995,0.8232436066961459,2.748388394453727,0.0,0.9351785992098867
06,alpha,0.5,1013,dm,n40000,nan,0.6074814741718714,0.7153918288961995,0.8232436066961459,2.748388394453727,0.0,nan
06,alpha,0.5,1013,ips,n40000,nan,0.7156913430557633,0.7153918288961995,0.8232436066961459,2.748388394453727,0.0,0.8232436066961459
06,alpha,0.5,1013,snips,n40000,nan,0.715763325778002,0.7153918288961995,0.8232436066961459,2.748388394453727,0.0,0.8232436066961459
06,alpha,0.5,1013,clipped_ips,n40000,1.6051738893460028,0.6970066437704336,0.7153918288961995,0.8232436066961459,2.748388394453727,0.0,0.8410456249252928
06,alpha,0.5,1013,dr,n40000,nan,0.7159317246466422,0.7153918288961995,0.8232436066961459,2.748388394453727,0.0,0.8232436066961459
06,alpha,0.5,1013,switch_dr,n40000,1.7579967006923782,0.6977794102715189,0.7153918288961995,0.8232436066961459,2.748388394453727,0.0,0.796224757293968
06,alpha,0.5,1013,dros,n40000,2.576583215038174,0.6608493505120769,0.7153918288961995,0.8232436066961459,2.748388394453727,0.0,0.9351785992098867
06,alpha,0.25,1013,dm,n40000,nan,0.5537407370859357,0.7153918288961995,0.8232436066961459,2.748388394453727,0.0,nan
06,alpha,0.25,1013,ips,n40000,nan,0.7156913430557633,0.7153918288961995,0.8232436066961459,2.748388394453727,0.0,0.8232436066961459
06,alpha,0.25,1013,snips,n40000,nan,0.715763325778002,0.7153918288961995,0.8232436066961459,2.748388394453727,0.0,0.8232436066961459
06,alpha,0.25,1013,clipped_ips,n40000,1.6051738893460028,0.6970066437704336,0.7153918288961995,0.8232436066961459,2.748388394453727,0.0,0.8410456249252928
06,alpha,0.25,1013,dr,n40000,nan,0.7158366757939534,0.7153918288961995,0.8232436066961459,2.748388394453727,0.0,0.8232436066961459
06,alpha,0.25,1013,switch_dr,n40000,1.7579967006923782,0.6876549591884423,0.7153918288961995,0.8232436066961459,2.748388394453727,0.0,0.796224757293968
06,alpha,0.25,1013,dros,n40000,2.576583215038174,0.6336451834806525,0.7153918288961995,0.8232436066961459,2.748388394453727,0.0,0.9351785992098867
06,alpha,0.0,1013,dm,n40000,nan,0.5,0.7153918288961995,0.8232436066961459,2.748388394453727,0.0,nan
06,alpha,0.0,1013,ips,n40000,nan,0.7156913430557633,0.7153918288961995,0.8232436066961459,2.748388394453727,0.0,0.8232436066961459
06,alpha,0.0,1013,snips,n40000,nan,0.715763325778002,0.7153918288961995,0.8232436066961459,2.748388394453727,0.0,0.8232436066961459
06,alpha,0.0,1013,clipped_ips,n40000,1.6051738893460028,0.6970066437704336,0.7153918288961995,0.8232436066961459,2.748388394453727,0.0,0.8410456249252928
06,alpha,0.0,1013,dr,n40000,nan,0.7157416269412644,0.7153918288961995,0.8232436066961459,2.748388394453727,0.0,0.8232436066961459
06,alpha,0.0,1013,switch_dr,n40000,1.7579967006923782,0.6775305081053655,0.7153918288961995,0.8232436066961459,2.748388394453727,0.0,0.796224757293968
06,alpha,0.0,1013,dros,n40000,2.576583215038174,0.6064410164492278,0.7153918288961995,0.8232436066961459,2.748388394453727,0.0,0.9351785992098867
06,alpha,1.0,1014,dm,n40000,nan,0.7146022119782607,0.7153918288961995,0.8214119696258165,2.8319974034116533,0.0,nan
06,alpha,1.0,1014,ips,n40000,nan,0.7151610339395497,0.7153918288961995,0.8214119696258165,2.8319974034116533,0.0,0.8214119696258165
06,alpha,1.0,1014,snips,n40000,nan,0.7155683923346767,0.7153918288961995,0.8214119696258165,2.8319974034116533,0.0,0.8214119696258165
06,alpha,1.0,1014,clipped_ips,n40000,1.6100374292951796,0.6954811726002581,0.7153918288961995,0.8214119696258165,2.8319974034116533,0.0,0.8399359044904353
06,alpha,1.0,1014,dr,n40000,nan,0.7157006012478411,0.7153918288961995,0.8214119696258165,2.8319974034116533,0.0,0.8214119696258165
06,alpha,1.0,1014,switch_dr,n40000,1.7728044202192417,0.7153652594807018,0.7153918288961995,0.8214119696258165,2.8319974034116533,0.0,0.7951072341909752
06,alpha,1.0,1014,dros,n40000,2.5922205237314304,0.7153470502963869,0.7153918288961995,0.8214119696258165,2.8319974034116533,0.0,0.9348691805966831
06,alpha,0.9,1014,dm,n40000,nan,0.6931419907804346,0.7153918288961995,0.8214119696258165,2.8319974034116533,0.0,nan
06,alpha,0.9,1014,ips,n40000,nan,0.7151610339395497,0.7153918288961995,0.8214119696258165,2.8319974034116533,0.0,0.8214119696258165
06,alpha,0.9,1014,snips,n40000,nan,0.7155683923346767,0.7153918288961995,0.8214119696258165,2.8319974034116533,0.0,0.8214119696258165
06,alpha,0.9,1014,clipped_ips,n40000,1.6100374292951796,0.6954811726002581,0.7153918288961995,0.8214119696258165,2.8319974034116533,0.0,0.8399359044904353
06,alpha,0.9,1014,dr,n40000,nan,0.7156751084905112,0.7153918288961995,0.8214119696258165,2.8319974034116533,0.0,0.8214119696258165
06,alpha,0.9,1014,switch_dr,n40000,1.7728044202192417,0.7112835400203229,0.7153918288961995,0.8214119696258165,2.8319974034116533,0.0,0.7951072341909752
06,alpha,0.9,1014,dros,n40000,2.5922205237314304,0.7044770100295197,0.7153918288961995,0.8214119696258165,2.8319974034116533,0.0,0.9348691805966831
06,alpha,0.75,1014,dm,n40000,nan,0.6609516589836955,0.7153918288961995,0.8214119696258165,2.8319974034116533,0.0,nan
06,alpha,0.75,1014,ips,n40000,nan,0.7151610339395497,0.7153918288961995,0.8214119696258165,2.8319974034116533,0.0,0.8214119696258165
06,alpha,0.75,1014,snips,n40000,nan,0.7155683923346767,0.7153918288961995,0.8214119696258165,2.8319974034116533,0.0,0.8214119696258165
06,alpha,0.75,1014,clipped_ips,n40000,1.6100374292951796,0.6954811726002581,0.7153918288961995,0.8214119696258165,2.8319974034116533,0.0,0.8399359044904353
06,alpha,0.75,1014,dr,n40000,nan,0.7156368693545164,0.7153918288961995,0.8214119696258165,2.8319974034116533,0.0,0.8214119696258165
06,alpha,0.75,1014,switch_dr,n40000,1.7728044202192417,0.7051609608297547,0.7153918288961995,0.8214119696258165,2.8319974034116533,0.0,0.7951072341909752
06,alpha,0.75,1014,dros,n40000,2.5922205237314304,0.6881719496292188,0.7153918288961995,0.8214119696258165,2.8319974034116533,0.0,0.9348691805966831
06,alpha,0.5,1014,dm,n40000,nan,0.6073011059891303,0.7153918288961995,0.8214119696258165,2.8319974034116533,0.0,nan
06,alpha,0.5,1014,ips,n40000,nan,0.7151610339395497,0.7153918288961995,0.8214119696258165,2.8319974034116533,0.0,0.8214119696258165
06,alpha,0.5,1014,snips,n40000,nan,0.7155683923346767,0.7153918288961995,0.8214119696258165,2.8319974034116533,0.0,0.8214119696258165
06,alpha,0.5,1014,clipped_ips,n40000,1.6100374292951796,0.6954811726002581,0.7153918288961995,0.8214119696258165,2.8319974034116533,0.0,0.8399359044904353
06,alpha,0.5,1014,dr,n40000,nan,0.7155731374611919,0.7153918288961995,0.8214119696258165,2.8319974034116533,0.0,0.8214119696258165
06,alpha,0.5,1014,switch_dr,n40000,1.7728044202192417,0.6949566621788075,0.7153918288961995,0.8214119696258165,2.8319974034116533,0.0,0.7951072341909752
06,alpha,0.5,1014,dros,n40000,2.5922205237314304,0.6609968489620509,0.7153918288961995,0.8214119696258165,2.8319974034116533,0.0,0.9348691805966831
06,alpha,0.25,1014,dm,n40000,nan,0.5536505529945651,0.7153918288961995,0.8214119696258165,2.8319974034116533,0.0,nan
06,alpha,0.25,1014,ips,n40000,nan,0.7151610339395497,0.7153918288961995,0.8214119696258165,2.8319974034116533,0.0,0.8214119696258165
06,alpha,0.25,1014,snips,n40000,nan,0.7155683923346767,0.7153918288961995,0.8214119696258165,2.8319974034116533,0.0,0.8214119696258165
06,alpha,0.25,1014,clipped_ips,n40000,1.6100374292951796,0.6954811726002581,0.7153918288961995,0.8214119696258165,2.8319974034116533,0.0,0.8399359044904353
06,alpha,0.25,1014,dr,n40000,nan,0.7155094055678671,0.7153918288961995,0.8214119696258165,2.8319974034116533,0.0,0.8214119696258165
06,alpha,0.25,1014,switch_dr,n40000,1.7728044202192417,0.6847523635278603,0.7153918288961995,0.8214119696258165,2.8319974034116533,0.0,0.7951072341909752
06,alpha,0.25,1014,dros,n40000,2.5922205237314304,0.6338217482948829,0.7153918288961995,0.8214119696258165,2.8319974034116533,0.0,0.9348691805966831
06,alpha,0.0,1014,dm,n40000,nan,0.5,0.7153918288961995,0.8214119696258165,2.8319974034116533,0.0,nan
06,alpha,0.0,1014,ips,n40000,nan,0.7151610339395497,0.7153918288961995,0.8214119696258165,2.8319974034116533,0.0,0.8214119696258165
06,alpha,0.0,1014,snips,n40000,nan,0.7155683923346767,0.7153918288961995,0.8214119696258165,2.8319974034116533,0.0,0.8214119696258165
06,alpha,0.0,1014,clipped_ips,n40000,1.6100374292951796,0.6954811726002581,0.7153918288961995,0.8214119696258165,2.8319974034116533,0.0,0.8399359044904353
06,alpha,0.0,1014,dr,n40000,nan,0.7154456736745427,0.7153918288961995,0.8214119696258165,2.8319974034116533,0.0,0.8214119696258165
06,alpha,0.0,1014,switch_dr,n40000,1.7728044202192417,0.6745480648769131,0.7153918288961995,0.8214119696258165,2.8319974034116533,0.0,0.7951072341909752
06,alpha,0.0,1014,dros,n40000,2.5922205237314304,0.606646647627715,0.7153918288961995,0.8214119696258165,2.8319974034116533,0.0,0.9348691805966831
06,alpha,1.0,1015,dm,n40000,nan,0.7159577835454072,0.7153918288961995,0.8228632821221252,2.761011578827661,0.0,nan
06,alpha,1.0,1015,ips,n40000,nan,0.7093007627275958,0.7153918288961995,0.8228632821221252,2.761011578827661,0.0,0.8228632821221252
06,alpha,1.0,1015,snips,n40000,nan,0.7095642259285686,0.7153918288961995,0.8228632821221252,2.761011578827661,0.0,0.8228632821221252
06,alpha,1.0,1015,clipped_ips,n40000,1.6048666243883356,0.6904039677811594,0.7153918288961995,0.8228632821221252,2.761011578827661,0.0,0.8410691550344292
06,alpha,1.0,1015,dr,n40000,nan,0.709970835132148,0.7153918288961995,0.8228632821221252,2.761011578827661,0.0,0.8228632821221252
06,alpha,1.0,1015,switch_dr,n40000,1.768513208641728,0.7113296540153586,0.7153918288961995,0.8228632821221252,2.761011578827661,0.0,0.7961606664093858
06,alpha,1.0,1015,dros,n40000,2.575596882075611,0.7125735030486277,0.7153918288961995,0.8228632821221252,2.761011578827661,0.0,0.935348084450516
06,alpha,0.9,1015,dm,n40000,nan,0.6943620051908665,0.7153918288961995,0.8228632821221252,2.761011578827661,0.0,nan
06,alpha,0.9,1015,ips,n40000,nan,0.7093007627275958,0.7153918288961995,0.8228632821221252,2.761011578827661,0.0,0.8228632821221252
06,alpha,0.9,1015,snips,n40000,nan,0.7095642259285686,0.7153918288961995,0.8228632821221252,2.761011578827661,0.0,0.8228632821221252
06,alpha,0.9,1015,clipped_ips,n40000,1.6048666243883356,0.6904039677811594,0.7153918288961995,0.8228632821221252,2.761011578827661,0.0,0.8410691550344292
06,alpha,0.9,1015,dr,n40000,nan,0.7099223930328982,0.7153918288961995,0.8228632821221252,2.761011578827661,0.0,0.8228632821221252
06,alpha,0.9,1015,switch_dr,n40000,1.768513208641728,0.7072668838860714,0.7153918288961995,0.8228632821221252,2.761011578827661,0.0,0.7961606664093858
06,alpha,0.9,1015,dros,n40000,2.575596882075611,0.7016483017165994,0.7153918288961995,0.8228632821221252,2.761011578827661,0.0,0.935348084450516
06,alpha,0.75,1015,dm,n40000,nan,0.6619683376590555,0.7153918288961995,0.8228632821221252,2.761011578827661,0.0,nan
06,alpha,0.75,1015,ips,n40000,nan,0.7093007627275958,0.7153918288961995,0.8228632821221252,2.761011578827661,0.0,0.8228632821221252
06,alpha,0.75,1015,snips,n40000,nan,0.7095642259285686,0.7153918288961995,0.8228632821221252,2.761011578827661,0.0,0.8228632821221252
06,alpha,0.75,1015,clipped_ips,n40000,1.6048666243883356,0.6904039677811594,0.7153918288961995,0.8228632821221252,2.761011578827661,0.0,0.8410691550344292
06,alpha,0.75,1015,dr,n40000,nan,0.7098497298840234,0.7153918288961995,0.8228632821221252,2.761011578827661,0.0,0.8228632821221252
06,alpha,0.75,1015,switch_dr,n40000,1.768513208641728,0.7011727286921404,0.7153918288961995,0.8228632821221252,2.761011578827661,0.0,0.7961606664093858
06,alpha,0.75,1015,dros,n40000,2.575596882075611,0.6852604997185571,0.7153918288961995,0.8228632821221252,2.761011578827661,0.0,0.935348084450516
06,alpha,0.5,1015,dm,n40000,nan,0.6079788917727036,0.7153918288961995,0.8228632821221252,2.761011578827661,0.0,nan
06,alpha,0.5,1015,ips,n40000,nan,0.7093007627275958,0.7153918288961995,0.8228632821221252,2.761011578827661,0.0,0.8228632821221252
06,alpha,0.5,1015,snips,n40000,nan,0.7095642259285686,0.7153918288961995,0.8228632821221252,2.761011578827661,0.0,0.8228632821221252
06,alpha,0.5,1015,clipped_ips,n40000,1.6048666243883356,0.6904039677811594,0.7153918288961995,0.8228632821221252,2.761011578827661,0.0,0.8410691550344292
06,alpha,0.5,1015,dr,n40000,nan,0.7097286246358987,0.7153918288961995,0.8228632821221252,2.761011578827661,0.0,0.8228632821221252
06,alpha,0.5,1015,switch_dr,n40000,1.768513208641728,0.691015803368922,0.7153918288961995,0.8228632821221252,2.761011578827661,0.0,0.7961606664093858
06,alpha,0.5,1015,dros,n40000,2.575596882075611,0.6579474963884862,0.7153918288961995,0.8228632821221252,2.761011578827661,0.0,0.935348084450516
06,alpha,0.25,1015,dm,n40000,nan,0.5539894458863519,0.7153918288961995,0.8228632821221252,2.761011578827661,0.0,nan
06,alpha,0.25,1015,ips,n40000,nan,0.7093007627275958,0.7153918288961995,0.8228632821221252,2.761011578827661,0.0,0.8228632821221252
06,alpha,0.25,1015,snips,n40000,nan,0.7095642259285686,0.7153918288961995,0.8228632821221252,2.761011578827661,0.0,0.8228632821221252
06,alpha,0.25,1015,clipped_ips,n40000,1.6048666243883356,0.6904039677811594,0.7153918288961995,0.8228632821221252,2.761011578827661,0.0,0.8410691550344292
06,alpha,0.25,1015,dr,n40000,nan,0.7096075193877741,0.7153918288961995,0.8228632821221252,2.761011578827661,0.0,0.8228632821221252
06,alpha,0.25,1015,switch_dr,n40000,1.768513208641728,0.6808588780457037,0.7153918288961995,0.8228632821221252,2.761011578827661,0.0,0.7961606664093858
06,alpha,0.25,1015,dros,n40000,2.575596882075611,0.6306344930584155,0.7153918288961995,0.8228632821221252,2.761011578827661,0.0,0.935348084450516
06,alpha,0.0,1015,dm,n40000,nan,0.5,0.7153918288961995,0.8228632821221252,2.761011578827661,0.0,nan
06,alpha,0.0,1015,ips,n40000,nan,0.7093007627275958,0.7153918288961995,0.8228632821221252,2.761011578827661,0.0,0.8228632821221252
06,alpha,0.0,1015,snips,n40000,nan,0.7095642259285686,0.7153918288961995,0.8228632821221252,2.761011578827661,0.0,0.8228632821221252
06,alpha,0.0,1015,clipped_ips,n40000,1.6048666243883356,0.6904039677811594,0.7153918288961995,0.8228632821221252,2.761011578827661,0.0,0.8410691550344292
06,alpha,0.0,1015,dr,n40000,nan,0.7094864141396493,0.7153918288961995,0.8228632821221252,2.761011578827661,0.0,0.8228632821221252
06,alpha,0.0,1015,switch_dr,n40000,1.768513208641728,0.6707019527224851,0.7153918288961995,0.8228632821221252,2.761011578827661,0.0,0.7961606664093858
06,alpha,0.0,1015,dros,n40000,2.575596882075611,0.6033214897283445,0.7153918288961995,0.8228632821221252,2.761011578827661,0.0,0.935348084450516
06,alpha,1.0,1016,dm,n40000,nan,0.7150772090122423,0.7153918288961995,0.8235801995730482,2.8217495439156757,0.0,nan
06,alpha,1.0,1016,ips,n40000,nan,0.7123354835356146,0.7153918288961995,0.8235801995730482,2.8217495439156757,0.0,0.8235801995730482
06,alpha,1.0,1016,snips,n40000,nan,0.7122473233073513,0.7153918288961995,0.8235801995730482,2.8217495439156757,0.0,0.8235801995730482
06,alpha,1.0,1016,clipped_ips,n40000,1.6018936809699005,0.6933001317915412,0.7153918288961995,0.8235801995730482,2.8217495439156757,0.0,0.8416730190160125
06,alpha,1.0,1016,dr,n40000,nan,0.7124973687859629,0.7153918288961995,0.8235801995730482,2.8217495439156757,0.0,0.8235801995730482
06,alpha,1.0,1016,switch_dr,n40000,1.7635112154095849,0.7128938293050477,0.7153918288961995,0.8235801995730482,2.8217495439156757,0.0,0.7966733532891734
06,alpha,1.0,1016,dros,n40000,2.5660633651312974,0.7138888974596386,0.7153918288961995,0.8235801995730482,2.8217495439156757,0.0,0.9359214190237021
06,alpha,0.9,1016,dm,n40000,nan,0.693569488111018,0.7153918288961995,0.8235801995730482,2.8217495439156757,0.0,nan
06,alpha,0.9,1016,ips,n40000,nan,0.7123354835356146,0.7153918288961995,0.8235801995730482,2.8217495439156757,0.0,0.8235801995730482
06,alpha,0.9,1016,snips,n40000,nan,0.7122473233073513,0.7153918288961995,0.8235801995730482,2.8217495439156757,0.0,0.8235801995730482
06,alpha,0.9,1016,clipped_ips,n40000,1.6018936809699005,0.6933001317915412,0.7153918288961995,0.8235801995730482,2.8217495439156757,0.0,0.8416730190160125
06,alpha,0.9,1016,dr,n40000,nan,0.7124749913834569,0.7153918288961995,0.8235801995730482,2.8217495439156757,0.0,0.8235801995730482
06,alpha,0.9,1016,switch_dr,n40000,1.7635112154095849,0.7088477870420865,0.7153918288961995,0.8235801995730482,2.8217495439156757,0.0,0.7966733532891734
06,alpha,0.9,1016,dros,n40000,2.5660633651312974,0.7029928505104891,0.7153918288961995,0.8235801995730482,2.8217495439156757,0.0,0.9359214190237021
06,alpha,0.75,1016,dm,n40000,nan,0.6613079067591816,0.7153918288961995,0.8235801995730482,2.8217495439156757,0.0,nan
06,alpha,0.75,1016,ips,n40000,nan,0.7123354835356146,0.7153918288961995,0.8235801995730482,2.8217495439156757,0.0,0.8235801995730482
06,alpha,0.75,1016,snips,n40000,nan,0.7122473233073513,0.7153918288961995,0.8235801995730482,2.8217495439156757,0.0,0.8235801995730482
06,alpha,0.75,1016,clipped_ips,n40000,1.6018936809699005,0.6933001317915412,0.7153918288961995,0.8235801995730482,2.8217495439156757,0.0,0.8416730190160125
06,alpha,0.75,1016,dr,n40000,nan,0.7124414252796977,0.7153918288961995,0.8235801995730482,2.8217495439156757,0.0,0.8235801995730482
06,alpha,0.75,1016,switch_dr,n40000,1.7635112154095849,0.7027787236476446,0.7153918288961995,0.8235801995730482,2.8217495439156757,0.0,0.7966733532891734
06,alpha,0.75,1016,dros,n40000,2.5660633651312974,0.686648780086765,0.7153918288961995,0.8235801995730482,2.8217495439156757,0.0,0.9359214190237021
06,alpha,0.5,1016,dm,n40000,nan,0.6075386045061212,0.7153918288961995,0.8235801995730482,2.8217495439156757,0.0,nan
06,alpha,0.5,1016,ips,n40000,nan,0.7123354835356146,0.7153918288961995,0.8235801995730482,2.8217495439156757,0.0,0.8235801995730482
06,alpha,0.5,1016,snips,n40000,nan,0.7122473233073513,0.7153918288961995,0.8235801995730482,2.8217495439156757,0.0,0.8235801995730482
06,alpha,0.5,1016,clipped_ips,n40000,1.6018936809699005,0.6933001317915412,0.7153918288961995,0.8235801995730482,2.8217495439156757,0.0,0.8416730190160125
06,alpha,0.5,1016,dr,n40000,nan,0.7123854817734326,0.7153918288961995,0.8235801995730482,2.8217495439156757,0.0,0.8235801995730482
06,alpha,0.5,1016,switch_dr,n40000,1.7635112154095849,0.6926636179902417,0.7153918288961995,0.8235801995730482,2.8217495439156757,0.0,0.7966733532891734
06,alpha,0.5,1016,dros,n40000,2.5660633651312974,0.6594086627138916,0.7153918288961995,0.8235801995730482,2.8217495439156757,0.0,0.9359214190237021
06,alpha,0.25,1016,dm,n40000,nan,0.5537693022530606,0.7153918288961995,0.8235801995730482,2.8217495439156757,0.0,nan
06,alpha,0.25,1016,ips,n40000,nan,0.7123354835356146,0.7153918288961995,0.8235801995730482,2.8217495439156757,0.0,0.8235801995730482
06,alpha,0.25,1016,snips,n40000,nan,0.7122473233073513,0.7153918288961995,0.8235801995730482,2.8217495439156757,0.0,0.8235801995730482
06,alpha,0.25,1016,clipped_ips,n40000,1.6018936809699005,0.6933001317915412,0.7153918288961995,0.8235801995730482,2.8217495439156757,0.0,0.8416730190160125
06,alpha,0.25,1016,dr,n40000,nan,0.7123295382671675,0.7153918288961995,0.8235801995730482,2.8217495439156757,0.0,0.8235801995730482
06,alpha,0.25,1016,switch_dr,n40000,1.7635112154095849,0.6825485123328385,0.7153918288961995,0.8235801995730482,2.8217495439156757,0.0,0.7966733532891734
06,alpha,0.25,1016,dros,n40000,2.5660633651312974,0.6321685453410182,0.7153918288961995,0.8235801995730482,2.8217495439156757,0.0,0.9359214190237021
06,alpha,0.0,1016,dm,n40000,nan,0.5,0.7153918288961995,0.8235801995730482,2.8217495439156757,0.0,nan
06,alpha,0.0,1016,ips,n40000,nan,0.7123354835356146,0.7153918288961995,0.8235801995730482,2.8217495439156757,0.0,0.8235801995730482
06,alpha,0.0,1016,snips,n40000,nan,0.7122473233073513,0.7153918288961995,0.8235801995730482,2.8217495439156757,0.0,0.8235801995730482
06,alpha,0.0,1016,clipped_ips,n40000,1.6018936809699005,0.6933001317915412,0.7153918288961995,0.8235801995730482,2.8217495439156757,0.0,0.8416730190160125
06,alpha,0.0,1016,dr,n40000,nan,0.7122735947609022,0.7153918288961995,0.8235801995730482,2.8217495439156757,0.0,0.8235801995730482
06,alpha,0.0,1016,switch_dr,n40000,1.7635112154095849,0.6724334066754354,0.7153918288961995,0.8235801995730482,2.8217495439156757,0.0,0.7966733532891734
06,alpha,0.0,1016,dros,n40000,2.5660633651312974,0.6049284279681446,0.7153918288961995,0.8235801995730482,2.8217495439156757,0.0,0.9359214190237021
06,alpha,1.0,1017,dm,n40000,nan,0.715506064374948,0.7153918288961995,0.8221080775078704,2.750833275989599,0.0,nan
06,alpha,1.0,1017,ips,n40000,nan,0.7183600935712882,0.7153918288961995,0.8221080775078704,2.750833275989599,0.0,0.8221080775078704
06,alpha,1.0,1017,snips,n40000,nan,0.7203031817203883,0.7153918288961995,0.8221080775078704,2.750833275989599,0.0,0.8221080775078704
06,alpha,1.0,1017,clipped_ips,n40000,1.6068826774212888,0.6988086298766331,0.7153918288961995,0.8221080775078704,2.750833275989599,0.0,0.8403673666679606
06,alpha,1.0,1017,dr,n40000,nan,0.7209955950866748,0.7153918288961995,0.8221080775078704,2.750833275989599,0.0,0.8221080775078704
06,alpha,1.0,1017,switch_dr,n40000,1.768398503214395,0.7195900906525987,0.7153918288961995,0.8221080775078704,2.750833275989599,0.0,0.7955317384605749
06,alpha,1.0,1017,dros,n40000,2.5820719389966094,0.7189768569040028,0.7153918288961995,0.8221080775078704,2.750833275989599,0.0,0.9352155100746191
06,alpha,0.9,1017,dm,n40000,nan,0.6939554579374532,0.7153918288961995,0.8221080775078704,2.750833275989599,0.0,nan
06,alpha,0.9,1017,ips,n40000,nan,0.7183600935712882,0.7153918288961995,0.8221080775078704,2.750833275989599,0.0,0.8221080775078704
06,alpha,0.9,1017,snips,n40000,nan,0.7203031817203883,0.7153918288961995,0.8221080775078704,2.750833275989599,0.0,0.8221080775078704
06,alpha,0.9,1017,clipped_ips,n40000,1.6068826774212888,0.6988086298766331,0.7153918288961995,0.8221080775078704,2.750833275989599,0.0,0.8403673666679606
06,alpha,0.9,1017,dr,n40000,nan,0.7208669248161648,0.7153918288961995,0.8221080775078704,2.750833275989599,0.0,0.8221080775078704
06,alpha,0.9,1017,switch_dr,n40000,1.768398503214395,0.715392605024308,0.7153918288961995,0.8221080775078704,2.750833275989599,0.0,0.7955317384605749
06,alpha,0.9,1017,dros,n40000,2.5820719389966094,0.7080122322694563,0.7153918288961995,0.8221080775078704,2.750833275989599,0.0,0.9352155100746191
06,alpha,0.75,1017,dm,n40000,nan,0.661629548281211,0.7153918288961995,0.8221080775078704,2.750833275989599,0.0,nan
06,alpha,0.75,1017,ips,n40000,nan,0.7183600935712882,0.7153918288961995,0.8221080775078704,2.750833275989599,0.0,0.8221080775078704
06,alpha,0.75,1017,snips,n40000,nan,0.7203031817203883,0.7153918288961995,0.8221080775078704,2.750833275989599,0.0,0.8221080775078704
06,alpha,0.75,1017,clipped_ips,n40000,1.6068826774212888,0.6988086298766331,0.7153918288961995,0.8221080775078704,2.750833275989599,0.0,0.8403673666679606
06,alpha,0.75,1017,dr,n40000,nan,0.7206739194103997,0.7153918288961995,0.8221080775078704,2.750833275989599,0.0,0.8221080775078704
06,alpha,0.75,1017,switch_dr,n40000,1.768398503214395,0.7090963765818722,0.7153918288961995,0.8221080775078704,2.750833275989599,0.0,0.7955317384605749
06,alpha,0.75,1017,dros,n40000,2.5820719389966094,0.6915652953176366,0.7153918288961995,0.8221080775078704,2.750833275989599,0.0,0.9352155100746191
06,alpha,0.5,1017,dm,n40000,nan,0.6077530321874739,0.7153918288961995,0.8221080775078704,2.750833275989599,0.0,nan
06,alpha,0.5,1017,ips,n40000,nan,0.7183600935712882,0.7153918288961995,0.8221080775078704,2.750833275989599,0.0,0.8221080775078704
06,alpha,0.5,1017,snips,n40000,nan,0.7203031817203883,0.7153918288961995,0.8221080775078704,2.750833275989599,0.0,0.8221080775078704
06,alpha,0.5,1017,clipped_ips,n40000,1.6068826774212888,0.6988086298766331,0.7153918288961995,0.8221080775078704,2.750833275989599,0.0,0.8403673666679606
06,alpha,0.5,1017,dr,n40000,nan,0.7203522437341247,0.7153918288961995,0.8221080775078704,2.750833275989599,0.0,0.8221080775078704
06,alpha,0.5,1017,switch_dr,n40000,1.768398503214395,0.6986026625111456,0.7153918288961995,0.8221080775078704,2.750833275989599,0.0,0.7955317384605749
06,alpha,0.5,1017,dros,n40000,2.5820719389966094,0.6641537337312703,0.7153918288961995,0.8221080775078704,2.750833275989599,0.0,0.9352155100746191
06,alpha,0.25,1017,dm,n40000,nan,0.553876516093737,0.7153918288961995,0.8221080775078704,2.750833275989599,0.0,nan
06,alpha,0.25,1017,ips,n40000,nan,0.7183600935712882,0.7153918288961995,0.8221080775078704,2.750833275989599,0.0,0.8221080775078704
06,alpha,0.25,1017,snips,n40000,nan,0.7203031817203883,0.7153918288961995,0.8221080775078704,2.750833275989599,0.0,0.8221080775078704
06,alpha,0.25,1017,clipped_ips,n40000,1.6068826774212888,0.6988086298766331,0.7153918288961995,0.8221080775078704,2.750833275989599,0.0,0.8403673666679606
06,alpha,0.25,1017,dr,n40000,nan,0.7200305680578498,0.7153918288961995,0.8221080775078704,2.750833275989599,0.0,0.8221080775078704
06,alpha,0.25,1017,switch_dr,n40000,1.768398503214395,0.688108948440419,0.7153918288961995,0.8221080775078704,2.750833275989599,0.0,0.7955317384605749
06,alpha,0.25,1017,dros,n40000,2.5820719389966094,0.6367421721449043,0.7153918288961995,0.8221080775078704,2.750833275989599,0.0,0.9352155100746191
06,alpha,0.0,1017,dm,n40000,nan,0.5,0.7153918288961995,0.8221080775078704,2.750833275989599,0.0,nan
06,alpha,0.0,1017,ips,n40000,nan,0.7183600935712882,0.7153918288961995,0.8221080775078704,2.750833275989599,0.0,0.8221080775078704
06,alpha,0.0,1017,snips,n40000,nan,0.7203031817203883,0.7153918288961995,0.8221080775078704,2.750833275989599,0.0,0.8221080775078704
06,alpha,0.0,1017,clipped_ips,n40000,1.6068826774212888,0.6988086298766331,0.7153918288961995,0.8221080775078704,2.750833275989599,0.0,0.8403673666679606
06,alpha,0.0,1017,dr,n40000,nan,0.7197088923815748,0.7153918288961995,0.8221080775078704,2.750833275989599,0.0,0.8221080775078704
06,alpha,0.0,1017,switch_dr,n40000,1.768398503214395,0.6776152343696926,0.7153918288961995,0.8221080775078704,2.750833275989599,0.0,0.7955317384605749
06,alpha,0.0,1017,dros,n40000,2.5820719389966094,0.609330610558538,0.7153918288961995,0.8221080775078704,2.750833275989599,0.0,0.9352155100746191
06,alpha,1.0,1018,dm,n40000,nan,0.7148562731526914,0.7153918288961995,0.8245670108146965,2.7513582020176357,0.0,nan
06,alpha,1.0,1018,ips,n40000,nan,0.7109911028302478,0.7153918288961995,0.8245670108146965,2.7513582020176357,0.0,0.8245670108146965
06,alpha,1.0,1018,snips,n40000,nan,0.7098087343108506,0.7153918288961995,0.8245670108146965,2.7513582020176357,0.0,0.8245670108146965
06,alpha,1.0,1018,clipped_ips,n40000,1.6055150387904507,0.691566294263978,0.7153918288961995,0.8245670108146965,2.7513582020176357,0.0,0.8425988149556002
06,alpha,1.0,1018,dr,n40000,nan,0.7090913606683638,0.7153918288961995,0.8245670108146965,2.7513582020176357,0.0,0.8245670108146965
06,alpha,1.0,1018,switch_dr,n40000,1.7708041629471714,0.7081545278363416,0.7153918288961995,0.8245670108146965,2.7513582020176357,0.0,0.7975555680329496
06,alpha,1.0,1018,dros,n40000,2.577678539782302,0.7111219644114221,0.7153918288961995,0.8245670108146965,2.7513582020176357,0.0,0.9364320811931515
06,alpha,0.9,1018,dm,n40000,nan,0.6933706458374224,0.7153918288961995,0.8245670108146965,2.7513582020176357,0.0,nan
06,alpha,0.9,1018,ips,n40000,nan,0.7109911028302478,0.7153918288961995,0.8245670108146965,2.7513582020176357,0.0,0.8245670108146965
06,alpha,0.9,1018,snips,n40000,nan,0.7098087343108506,0.7153918288961995,0.8245670108146965,2.7513582020176357,0.0,0.8245670108146965
06,alpha,0.9,1018,clipped_ips,n40000,1.6055150387904507,0.691566294263978,0.7153918288961995,0.8245670108146965,2.7513582020176357,0.0,0.8425988149556002
06,alpha,0.9,1018,dr,n40000,nan,0.7091980470590971,0.7153918288961995,0.8245670108146965,2.7513582020176357,0.0,0.8245670108146965
06,alpha,0.9,1018,switch_dr,n40000,1.7708041629471714,0.7042283408210566,0.7153918288961995,0.8245670108146965,2.7513582020176357,0.0,0.7975555680329496
06,alpha,0.9,1018,dros,n40000,2.577678539782302,0.7003369423681023,0.7153918288961995,0.8245670108146965,2.7513582020176357,0.0,0.9364320811931515
06,alpha,0.75,1018,dm,n40000,nan,0.6611422048645187,0.7153918288961995,0.8245670108146965,2.7513582020176357,0.0,nan
06,alpha,0.75,1018,ips,n40000,nan,0.7109911028302478,0.7153918288961995,0.8245670108146965,2.7513582020176357,0.0,0.8245670108146965
06,alpha,0.75,1018,snips,n40000,nan,0.7098087343108506,0.7153918288961995,0.8245670108146965,2.7513582020176357,0.0,0.8245670108146965
06,alpha,0.75,1018,clipped_ips,n40000,1.6055150387904507,0.691566294263978,0.7153918288961995,0.8245670108146965,2.7513582020176357,0.0,0.8425988149556002
06,alpha,0.75,1018,dr,n40000,nan,0.7093580766451969,0.7153918288961995,0.8245670108146965,2.7513582020176357,0.0,0.8245670108146965
06,alpha,0.75,1018,switch_dr,n40000,1.7708041629471714,0.6983390602981289,0.7153918288961995,0.8245670108146965,2.7513582020176357,0.0,0.7975555680329496
06,alpha,0.75,1018,dros,n40000,2.577678539782302,0.6841594093031225,0.7153918288961995,0.8245670108146965,2.7513582020176357,0.0,0.9364320811931515
06,alpha,0.5,1018,dm,n40000,nan,0.6074281365763458,0.7153918288961995,0.8245670108146965,2.7513582020176357,0.0,nan
06,alpha,0.5,1018,ips,n40000,nan,0.7109911028302478,0.7153918288961995,0.8245670108146965,2.7513582020176357,0.0,0.8245670108146965
06,alpha,0.5,1018,snips,n40000,nan,0.7098087343108506,0.7153918288961995,0.8245670108146965,2.7513582020176357,0.0,0.8245670108146965
06,alpha,0.5,1018,clipped_ips,n40000,1.6055150387904507,0.691566294263978,0.7153918288961995,0.8245670108146965,2.7513582020176357,0.0,0.8425988149556002
06,alpha,0.5,1018,dr,n40000,nan,0.7096247926220298,0.7153918288961995,0.8245670108146965,2.7513582020176357,0.0,0.8245670108146965
06,alpha,0.5,1018,switch_dr,n40000,1.7708041629471714,0.6885235927599159,0.7153918288961995,0.8245670108146965,2.7513582020176357,0.0,0.7975555680329496
06,alpha,0.5,1018,dros,n40000,2.577678539782302,0.6571968541948225,0.7153918288961995,0.8245670108146965,2.7513582020176357,0.0,0.9364320811931515
06,alpha,0.25,1018,dm,n40000,nan,0.5537140682881729,0.7153918288961995,0.8245670108146965,2.7513582020176357,0.0,nan
06,alpha,0.25,1018,ips,n40000,nan,0.7109911028302478,0.7153918288961995,0.8245670108146965,2.7513582020176357,0.0,0.8245670108146965
06,alpha,0.25,1018,snips,n40000,nan,0.7098087343108506,0.7153918288961995,0.8245670108146965,2.7513582020176357,0.0,0.8245670108146965
06,alpha,0.25,1018,clipped_ips,n40000,1.6055150387904507,0.691566294263978,0.7153918288961995,0.8245670108146965,2.7513582020176357,0.0,0.8425988149556002
06,alpha,0.25,1018,dr,n40000,nan,0.7098915085988629,0.7153918288961995,0.8245670108146965,2.7513582020176357,0.0,0.8245670108146965
06,alpha,0.25,1018,switch_dr,n40000,1.7708041629471714,0.6787081252217031,0.7153918288961995,0.8245670108146965,2.7513582020176357,0.0,0.7975555680329496
06,alpha,0.25,1018,dros,n40000,2.577678539782302,0.6302342990865228,0.7153918288961995,0.8245670108146965,2.7513582020176357,0.0,0.9364320811931515
06,alpha,0.0,1018,dm,n40000,nan,0.5,0.7153918288961995,0.8245670108146965,2.7513582020176357,0.0,nan
06,alpha,0.0,1018,ips,n40000,nan,0.7109911028302478,0.7153918288961995,0.8245670108146965,2.7513582020176357,0.0,0.8245670108146965
06,alpha,0.0,1018,snips,n40000,nan,0.7098087343108506,0.7153918288961995,0.8245670108146965,2.7513582020176357,0.0,0.8245670108146965
06,alpha,0.0,1018,clipped_ips,n40000,1.6055150387904507,0.691566294263978,0.7153918288961995,0.8245670108146965,2.7513582020176357,0.0,0.8425988149556002
06,alpha,0.0,1018,dr,n40000,nan,0.7101582245756958,0.7153918288961995,0.8245670108146965,2.7513582020176357,0.0,0.8245670108146965
06,alpha,0.0,1018,switch_dr,n40000,1.7708041629471714,0.66889265768349,0.7153918288961995,0.8245670108146965,2.7513582020176357,0.0,0.7975555680329496
06,alpha,0.0,1018,dros,n40000,2.577678539782302,0.6032717439782229,0.7153918288961995,0.8245670108146965,2.7513582020176357,0.0,0.9364320811931515
06,alpha,1.0,1019,dm,n40000,nan,0.7156672301662962,0.7153918288961995,0.8232112783062612,2.7238246298515905,0.0,nan
06,alpha,1.0,1019,ips,n40000,nan,0.7160355898474184,0.7153918288961995,0.8232112783062612,2.7238246298515905,0.0,0.8232112783062612
06,alpha,1.0,1019,snips,n40000,nan,0.7166022241543837,0.7153918288961995,0.8232112783062612,2.7238246298515905,0.0,0.8232112783062612
06,alpha,1.0,1019,clipped_ips,n40000,1.6006881089795997,0.6966337865483021,0.7153918288961995,0.8232112783062612,2.7238246298515905,0.0,0.841270983040459
06,alpha,1.0,1019,dr,n40000,nan,0.717311368302511,0.7153918288961995,0.8232112783062612,2.7238246298515905,0.0,0.8232112783062612
06,alpha,1.0,1019,switch_dr,n40000,1.7592383056210745,0.7172175121139532,0.7153918288961995,0.8232112783062612,2.7238246298515905,0.0,0.7962656932504751
06,alpha,1.0,1019,dros,n40000,2.5622024222286868,0.7164900778452978,0.7153918288961995,0.8232112783062612,2.7238246298515905,0.0,0.9354064806056566
06,alpha,0.9,1019,dm,n40000,nan,0.6941005071496666,0.7153918288961995,0.8232112783062612,2.7238246298515905,0.0,nan
06,alpha,0.9,1019,ips,n40000,nan,0.7160355898474184,0.7153918288961995,0.8232112783062612,2.7238246298515905,0.0,0.8232112783062612
06,alpha,0.9,1019,snips,n40000,nan,0.7166022241543837,0.7153918288961995,0.8232112783062612,2.7238246298515905,0.0,0.8232112783062612
06,alpha,0.9,1019,clipped_ips,n40000,1.6006881089795997,0.6966337865483021,0.7153918288961995,0.8232112783062612,2.7238246298515905,0.0,0.841270983040459
06,alpha,0.9,1019,dr,n40000,nan,0.717223326638154,0.7153918288961995,0.8232112783062612,2.7238246298515905,0.0,0.8232112783062612
06,alpha,0.9,1019,switch_dr,n40000,1.7592383056210745,0.7131303546683421,0.7153918288961995,0.8232112783062612,2.7238246298515905,0.0,0.7962656932504751
06,alpha,0.9,1019,dros,n40000,2.5622024222286868,0.7055377421090533,0.7153918288961995,0.8232112783062612,2.7238246298515905,0.0,0.9354064806056566
06,alpha,0.75,1019,dm,n40000,nan,0.6617504226247223,0.7153918288961995,0.8232112783062612,2.7238246298515905,0.0,nan
06,alpha,0.75,1019,ips,n40000,nan,0.7160355898474184,0.7153918288961995,0.8232112783062612,2.7238246298515905,0.0,0.8232112783062612
06,alpha,0.75,1019,snips,n40000,nan,0.7166022241543837,0.7153918288961995,0.8232112783062612,2.7238246298515905,0.0,0.8232112783062612
06,alpha,0.75,1019,clipped_ips,n40000,1.6006881089795997,0.6966337865483021,0.7153918288961995,0.8232112783062612,2.7238246298515905,0.0,0.841270983040459
06,alpha,0.75,1019,dr,n40000,nan,0.7170912641416186,0.7153918288961995,0.8232112783062612,2.7238246298515905,0.0,0.8232112783062612
06,alpha,0.75,1019,switch_dr,n40000,1.7592383056210745,0.7069996184999252,0.7153918288961995,0.8232112783062612,2.7238246298515905,0.0,0.7962656932504751
06,alpha,0.75,1019,dros,n40000,2.5622024222286868,0.6891092385046865,0.7153918288961995,0.8232112783062612,2.7238246298515905,0.0,0.9354064806056566
06,alpha,0.5,1019,dm,n40000,nan,0.6078336150831481,0.7153918288961995,0.8232112783062612,2.7238246298515905,0.0,nan
06,alpha,0.5,1019,ips,n40000,nan,0.7160355898474184,0.7153918288961995,0.8232112783062612,2.7238246298515905,0.0,0.8232112783062612
06,alpha,0.5,1019,snips,n40000,nan,0.7166022241543837,0.7153918288961995,0.8232112783062612,2.7238246298515905,0.0,0.8232112783062612
06,alpha,0.5,1019,clipped_ips,n40000,1.6006881089795997,0.6966337865483021,0.7153918288961995,0.8232112783062612,2.7238246298515905,0.0,0.841270983040459
06,alpha,0.5,1019,dr,n40000,nan,0.716871159980726,0.7153918288961995,0.8232112783062612,2.7238246298515905,0.0,0.8232112783062612
06,alpha,0.5,1019,switch_dr,n40000,1.7592383056210745,0.696781724885897,0.7153918288961995,0.8232112783062612,2.7238246298515905,0.0,0.7962656932504751
06,alpha,0.5,1019,dros,n40000,2.5622024222286868,0.6617283991640749,0.7153918288961995,0.8232112783062612,2.7238246298515905,0.0,0.9354064806056566
06,alpha,0.25,1019,dm,n40000,nan,0.553916807541574,0.7153918288961995,0.8232112783062612,2.7238246298515905,0.0,nan
06,alpha,0.25,1019,ips,n40000,nan,0.7160355898474184,0.7153918288961995,0.8232112783062612,2.7238246298515905,0.0,0.8232112783062612
06,alpha,0.25,1019,snips,n40000,nan,0.7166022241543837,0.7153918288961995,0.8232112783062612,2.7238246298515905,0.0,0.8232112783062612
06,alpha,0.25,1019,clipped_ips,n40000,1.6006881089795997,0.6966337865483021,0.7153918288961995,0.8232112783062612,2.7238246298515905,0.0,0.841270983040459
06,alpha,0.25,1019,dr,n40000,nan,0.7166510558198333,0.7153918288961995,0.8232112783062612,2.7238246298515905,0.0,0.8232112783062612
06,alpha,0.25,1019,switch_dr,n40000,1.7592383056210745,0.6865638312718688,0.7153918288961995,0.8232112783062612,2.7238246298515905,0.0,0.7962656932504751
06,alpha,0.25,1019,dros,n40000,2.5622024222286868,0.6343475598234632,0.7153918288961995,0.8232112783062612,2.7238246298515905,0.0,0.9354064806056566
06,alpha,0.0,1019,dm,n40000,nan,0.5,0.7153918288961995,0.8232112783062612,2.7238246298515905,0.0,nan
06,alpha,0.0,1019,ips,n40000,nan,0.7160355898474184,0.7153918288961995,0.8232112783062612,2.7238246298515905,0.0,0.8232112783062612
06,alpha,0.0,1019,snips,n40000,nan,0.7166022241543837,0.7153918288961995,0.8232112783062612,2.7238246298515905,0.0,0.8232112783062612
06,alpha,0.0,1019,clipped_ips,n40000,1.6006881089795997,0.6966337865483021,0.7153918288961995,0.8232112783062612,2.7238246298515905,0.0,0.841270983040459
06,alpha,0.0,1019,dr,n40000,nan,0.7164309516589409,0.7153918288961995,0.8232112783062612,2.7238246298515905,0.0,0.8232112783062612
06,alpha,0.0,1019,switch_dr,n40000,1.7592383056210745,0.6763459376578407,0.7153918288961995,0.8232112783062612,2.7238246298515905,0.0,0.7962656932504751
06,alpha,0.0,1019,dros,n40000,2.5622024222286868,0.6069667204828517,0.7153918288961995,0.8232112783062612,2.7238246298515905,0.0,0.9354064806056566
06,alpha,1.0,1020,dm,n40000,nan,0.7150234917987691,0.7153918288961995,0.8218527174764311,2.780971035639235,0.0,nan
06,alpha,1.0,1020,ips,n40000,nan,0.7113908681697855,0.7153918288961995,0.8218527174764311,2.780971035639235,0.0,0.8218527174764311
06,alpha,1.0,1020,snips,n40000,nan,0.714339698111254,0.7153918288961995,0.8218527174764311,2.780971035639235,0.0,0.8218527174764311
06,alpha,1.0,1020,clipped_ips,n40000,1.6051727656394374,0.6918482523880058,0.7153918288961995,0.8218527174764311,2.780971035639235,0.0,0.8404060251892175
06,alpha,1.0,1020,dr,n40000,nan,0.7161932108270249,0.7153918288961995,0.8218527174764311,2.780971035639235,0.0,0.8218527174764311
06,alpha,1.0,1020,switch_dr,n40000,1.7694964319298112,0.7161559969412019,0.7153918288961995,0.8218527174764311,2.780971035639235,0.0,0.7955342606596075
06,alpha,1.0,1020,dros,n40000,2.5765796075505603,0.7152599927083225,0.7153918288961995,0.8218527174764311,2.780971035639235,0.0,0.9352143686542038
06,alpha,0.9,1020,dm,n40000,nan,0.6935211426188923,0.7153918288961995,0.8218527174764311,2.780971035639235,0.0,nan
06,alpha,0.9,1020,ips,n40000,nan,0.7113908681697855,0.7153918288961995,0.8218527174764311,2.780971035639235,0.0,0.8218527174764311
06,alpha,0.9,1020,snips,n40000,nan,0.714339698111254,0.7153918288961995,0.8218527174764311,2.780971035639235,0.0,0.8218527174764311
06,alpha,0.9,1020,clipped_ips,n40000,1.6051727656394374,0.6918482523880058,0.7153918288961995,0.8218527174764311,2.780971035639235,0.0,0.8404060251892175
06,alpha,0.9,1020,dr,n40000,nan,0.715919379057849,0.7153918288961995,0.8218527174764311,2.780971035639235,0.0,0.8218527174764311
06,alpha,0.9,1020,switch_dr,n40000,1.7694964319298112,0.7118429527445513,0.7153918288961995,0.8218527174764311,2.780971035639235,0.0,0.7955342606596075
06,alpha,0.9,1020,dros,n40000,2.5765796075505603,0.7042366583054843,0.7153918288961995,0.8218527174764311,2.780971035639235,0.0,0.9352143686542038
06,alpha,0.75,1020,dm,n40000,nan,0.6612676188490769,0.7153918288961995,0.8218527174764311,2.780971035639235,0.0,nan
06,alpha,0.75,1020,ips,n40000,nan,0.7113908681697855,0.7153918288961995,0.8218527174764311,2.780971035639235,0.0,0.8218527174764311
06,alpha,0.75,1020,snips,n40000,nan,0.714339698111254,0.7153918288961995,0.8218527174764311,2.780971035639235,0.0,0.8218527174764311
06,alpha,0.75,1020,clipped_ips,n40000,1.6051727656394374,0.6918482523880058,0.7153918288961995,0.8218527174764311,2.780971035639235,0.0,0.8404060251892175
06,alpha,0.75,1020,dr,n40000,nan,0.7155086314040849,0.7153918288961995,0.8218527174764311,2.780971035639235,0.0,0.8218527174764311
06,alpha,0.75,1020,switch_dr,n40000,1.7694964319298112,0.7053733864495754,0.7153918288961995,0.8218527174764311,2.780971035639235,0.0,0.7955342606596075
06,alpha,0.75,1020,dros,n40000,2.5765796075505603,0.687701656701227,0.7153918288961995,0.8218527174764311,2.780971035639235,0.0,0.9352143686542038
06,alpha,0.5,1020,dm,n40000,nan,0.6075117458993845,0.7153918288961995,0.8218527174764311,2.780971035639235,0.0,nan
06,alpha,0.5,1020,ips,n40000,nan,0.7113908681697855,0.7153918288961995,0.8218527174764311,2.780971035639235,0.0,0.8218527174764311
06,alpha,0.5,1020,snips,n40000,nan,0.714339698111254,0.7153918288961995,0.8218527174764311,2.780971035639235,0.0,0.8218527174764311
06,alpha,0.5,1020,clipped_ips,n40000,1.6051727656394374,0.6918482523880058,0.7153918288961995,0.8218527174764311,2.780971035639235,0.0,0.8404060251892175
06,alpha,0.5,1020,dr,n40000,nan,0.7148240519811446,0.7153918288961995,0.8218527174764311,2.780971035639235,0.0,0.8218527174764311
06,alpha,0.5,1020,switch_dr,n40000,1.7694964319298112,0.6945907759579485,0.7153918288961995,0.8218527174764311,2.780971035639235,0.0,0.7955342606596075
06,alpha,0.5,1020,dros,n40000,2.5765796075505603,0.6601433206941311,0.7153918288961995,0.8218527174764311,2.780971035639235,0.0,0.9352143686542038
06,alpha,0.25,1020,dm,n40000,nan,0.5537558729496923,0.7153918288961995,0.8218527174764311,2.780971035639235,0.0,nan
06,alpha,0.25,1020,ips,n40000,nan,0.7113908681697855,0.7153918288961995,0.8218527174764311,2.780971035639235,0.0,0.8218527174764311
06,alpha,0.25,1020,snips,n40000,nan,0.714339698111254,0.7153918288961995,0.8218527174764311,2.780971035639235,0.0,0.8218527174764311
06,alpha,0.25,1020,clipped_ips,n40000,1.6051727656394374,0.6918482523880058,0.7153918288961995,0.8218527174764311,2.780971035639235,0.0,0.8404060251892175
06,alpha,0.25,1020,dr,n40000,nan,0.7141394725582045,0.7153918288961995,0.8218527174764311,2.780971035639235,0.0,0.8218527174764311
06,alpha,0.25,1020,switch_dr,n40000,1.7694964319298112,0.683808165466322,0.7153918288961995,0.8218527174764311,2.780971035639235,0.0,0.7955342606596075
06,alpha,0.25,1020,dros,n40000,2.5765796075505603,0.6325849846870355,0.7153918288961995,0.8218527174764311,2.780971035639235,0.0,0.9352143686542038
06,alpha,0.0,1020,dm,n40000,nan,0.5,0.7153918288961995,0.8218527174764311,2.780971035639235,0.0,nan
06,alpha,0.0,1020,ips,n40000,nan,0.7113908681697855,0.7153918288961995,0.8218527174764311,2.780971035639235,0.0,0.8218527174764311
06,alpha,0.0,1020,snips,n40000,nan,0.714339698111254,0.7153918288961995,0.8218527174764311,2.780971035639235,0.0,0.8218527174764311
06,alpha,0.0,1020,clipped_ips,n40000,1.6051727656394374,0.6918482523880058,0.7153918288961995,0.8218527174764311,2.780971035639235,0.0,0.8404060251892175
06,alpha,0.0,1020,dr,n40000,nan,0.7134548931352644,0.7153918288961995,0.8218527174764311,2.780971035639235,0.0,0.8218527174764311
06,alpha,0.0,1020,switch_dr,n40000,1.7694964319298112,0.6730255549746953,0.7153918288961995,0.8218527174764311,2.780971035639235,0.0,0.7955342606596075
06,alpha,0.0,1020,dros,n40000,2.5765796075505603,0.6050266486799397,0.7153918288961995,0.8218527174764311,2.780971035639235,0.0,0.9352143686542038
06,alpha,1.0,1021,dm,n40000,nan,0.7155213382898093,0.7153918288961995,0.8232438265476216,2.819133534180633,0.0,nan
06,alpha,1.0,1021,ips,n40000,nan,0.7200456518521634,0.7153918288961995,0.8232438265476216,2.819133534180633,0.0,0.8232438265476216
06,alpha,1.0,1021,snips,n40000,nan,0.7189109317816024,0.7153918288961995,0.8232438265476216,2.819133534180633,0.0,0.8232438265476216
06,alpha,1.0,1021,clipped_ips,n40000,1.6045182007428622,0.7007406675828286,0.7153918288961995,0.8232438265476216,2.819133534180633,0.0,0.8414601159074621
06,alpha,1.0,1021,dr,n40000,nan,0.7181394486313035,0.7153918288961995,0.8232438265476216,2.819133534180633,0.0,0.8232438265476216
06,alpha,1.0,1021,switch_dr,n40000,1.7630307221428168,0.7183673352596369,0.7153918288961995,0.8232438265476216,2.819133534180633,0.0,0.7964660458705922
06,alpha,1.0,1021,dros,n40000,2.574478656515112,0.7175704954762555,0.7153918288961995,0.8232438265476216,2.819133534180633,0.0,0.9355107851490361
06,alpha,0.9,1021,dm,n40000,nan,0.6939692044608284,0.7153918288961995,0.8232438265476216,2.819133534180633,0.0,nan
06,alpha,0.9,1021,ips,n40000,nan,0.7200456518521634,0.7153918288961995,0.8232438265476216,2.819133534180633,0.0,0.8232438265476216
06,alpha,0.9,1021,snips,n40000,nan,0.7189109317816024,0.7153918288961995,0.8232438265476216,2.819133534180633,0.0,0.8232438265476216
06,alpha,0.9,1021,clipped_ips,n40000,1.6045182007428622,0.7007406675828286,0.7153918288961995,0.8232438265476216,2.819133534180633,0.0,0.8414601159074621
06,alpha,0.9,1021,dr,n40000,nan,0.7182511495754529,0.7153918288961995,0.8232438265476216,2.819133534180633,0.0,0.8232438265476216
06,alpha,0.9,1021,switch_dr,n40000,1.7630307221428168,0.7144483059366299,0.7153918288961995,0.8232438265476216,2.819133534180633,0.0,0.7964660458705922
06,alpha,0.9,1021,dros,n40000,2.574478656515112,0.7067418424810655,0.7153918288961995,0.8232438265476216,2.819133534180633,0.0,0.9355107851490361
06,alpha,0.75,1021,dm,n40000,nan,0.6616410037173569,0.7153918288961995,0.8232438265476216,2.819133534180633,0.0,nan
06,alpha,0.75,1021,ips,n40000,nan,0.7200456518521634,0.7153918288961995,0.8232438265476216,2.819133534180633,0.0,0.8232438265476216
06,alpha,0.75,1021,snips,n40000,nan,0.7189109317816024,0.7153918288961995,0.8232438265476216,2.819133534180633,0.0,0.8232438265476216
06,alpha,0.75,1021,clipped_ips,n40000,1.6045182007428622,0.7007406675828286,0.7153918288961995,0.8232438265476216,2.819133534180633,0.0,0.8414601159074621
06,alpha,0.75,1021,dr,n40000,nan,0.7184187009916768,0.7153918288961995,0.8232438265476216,2.819133534180633,0.0,0.8232438265476216
06,alpha,0.75,1021,switch_dr,n40000,1.7630307221428168,0.7085697619521192,0.7153918288961995,0.8232438265476216,2.819133534180633,0.0,0.7964660458705922
06,alpha,0.75,1021,dros,n40000,2.574478656515112,0.6904988629882804,0.7153918288961995,0.8232438265476216,2.819133534180633,0.0,0.9355107851490361
06,alpha,0.5,1021,dm,n40000,nan,0.6077606691449047,0.7153918288961995,0.8232438265476216,2.819133534180633,0.0,nan
06,alpha,0.5,1021,ips,n40000,nan,0.7200456518521634,0.7153918288961995,0.8232438265476216,2.819133534180633,0.0,0.8232438265476216
06,alpha,0.5,1021,snips,n40000,nan,0.7189109317816024,0.7153918288961995,0.8232438265476216,2.819133534180633,0.0,0.8232438265476216
06,alpha,0.5,1021,clipped_ips,n40000,1.6045182007428622,0.7007406675828286,0.7153918288961995,0.8232438265476216,2.819133534180633,0.0,0.8414601159074621
06,alpha,0.5,1021,dr,n40000,nan,0.7186979533520503,0.7153918288961995,0.8232438265476216,2.819133534180633,0.0,0.8232438265476216
06,alpha,0.5,1021,switch_dr,n40000,1.7630307221428168,0.6987721886446016,0.7153918288961995,0.8232438265476216,2.819133534180633,0.0,0.7964660458705922
06,alpha,0.5,1021,dros,n40000,2.574478656515112,0.6634272305003056,0.7153918288961995,0.8232438265476216,2.819133534180633,0.0,0.9355107851490361
06,alpha,0.25,1021,dm,n40000,nan,0.5538803345724523,0.7153918288961995,0.8232438265476216,2.819133534180633,0.0,nan
06,alpha,0.25,1021,ips,n40000,nan,0.7200456518521634,0.7153918288961995,0.8232438265476216,2.819133534180633,0.0,0.8232438265476216
06,alpha,0.25,1021,snips,n40000,nan,0.7189109317816024,0.7153918288961995,0.8232438265476216,2.819133534180633,0.0,0.8232438265476216
06,alpha,0.25,1021,clipped_ips,n40000,1.6045182007428622,0.7007406675828286,0.7153918288961995,0.8232438265476216,2.819133534180633,0.0,0.8414601159074621
06,alpha,0.25,1021,dr,n40000,nan,0.7189772057124237,0.7153918288961995,0.8232438265476216,2.819133534180633,0.0,0.8232438265476216
06,alpha,0.25,1021,switch_dr,n40000,1.7630307221428168,0.6889746153370839,0.7153918288961995,0.8232438265476216,2.819133534180633,0.0,0.7964660458705922
06,alpha,0.25,1021,dros,n40000,2.574478656515112,0.6363555980123307,0.7153918288961995,0.8232438265476216,2.819133534180633,0.0,0.9355107851490361
06,alpha,0.0,1021,dm,n40000,nan,0.5,0.7153918288961995,0.8232438265476216,2.819133534180633,0.0,nan
06,alpha,0.0,1021,ips,n40000,nan,0.7200456518521634,0.7153918288961995,0.8232438265476216,2.819133534180633,0.0,0.8232438265476216
06,alpha,0.0,1021,snips,n40000,nan,0.7189109317816024,0.7153918288961995,0.8232438265476216,2.819133534180633,0.0,0.8232438265476216
06,alpha,0.0,1021,clipped_ips,n40000,1.6045182007428622,0.7007406675828286,0.7153918288961995,0.8232438265476216,2.819133534180633,0.0,0.8414601159074621
06,alpha,0.0,1021,dr,n40000,nan,0.7192564580727971,0.7153918288961995,0.8232438265476216,2.819133534180633,0.0,0.8232438265476216
06,alpha,0.0,1021,switch_dr,n40000,1.7630307221428168,0.6791770420295663,0.7153918288961995,0.8232438265476216,2.819133534180633,0.0,0.7964660458705922
06,alpha,0.0,1021,dros,n40000,2.574478656515112,0.6092839655243558,0.7153918288961995,0.8232438265476216,2.819133534180633,0.0,0.9355107851490361
06,alpha,1.0,1022,dm,n40000,nan,0.7148283100126639,0.7153918288961995,0.8225945795767653,2.810879016580397,0.0,nan
06,alpha,1.0,1022,ips,n40000,nan,0.7146557300257804,0.7153918288961995,0.8225945795767653,2.810879016580397,0.0,0.8225945795767653
06,alpha,1.0,1022,snips,n40000,nan,0.714737990478042,0.7153918288961995,0.8225945795767653,2.810879016580397,0.0,0.8225945795767653
06,alpha,1.0,1022,clipped_ips,n40000,1.6048002811427766,0.6948021598803809,0.7153918288961995,0.8225945795767653,2.810879016580397,0.0,0.841706515790782
06,alpha,1.0,1022,dr,n40000,nan,0.7152498220825858,0.7153918288961995,0.8225945795767653,2.810879016580397,0.0,0.8225945795767653
06,alpha,1.0,1022,switch_dr,n40000,1.7721093715442464,0.7151206710715802,0.7153918288961995,0.8225945795767653,2.810879016580397,0.0,0.7966769268462154
06,alpha,1.0,1022,dros,n40000,2.575383942355935,0.7152606907175181,0.7153918288961995,0.8225945795767653,2.810879016580397,0.0,0.9361254332542599
06,alpha,0.9,1022,dm,n40000,nan,0.6933454790113974,0.7153918288961995,0.8225945795767653,2.810879016580397,0.0,nan
06,alpha,0.9,1022,ips,n40000,nan,0.7146557300257804,0.7153918288961995,0.8225945795767653,2.810879016580397,0.0,0.8225945795767653
06,alpha,0.9,1022,snips,n40000,nan,0.714737990478042,0.7153918288961995,0.8225945795767653,2.810879016580397,0.0,0.8225945795767653
06,alpha,0.9,1022,clipped_ips,n40000,1.6048002811427766,0.6948021598803809,0.7153918288961995,0.8225945795767653,2.810879016580397,0.0,0.841706515790782
06,alpha,0.9,1022,dr,n40000,nan,0.7151961674648352,0.7153918288961995,0.8225945795767653,2.810879016580397,0.0,0.8225945795767653
06,alpha,0.9,1022,switch_dr,n40000,1.7721093715442464,0.7110366920108325,0.7153918288961995,0.8225945795767653,2.810879016580397,0.0,0.7966769268462154
06,alpha,0.9,1022,dros,n40000,2.575383942355935,0.7043646786705459,0.7153918288961995,0.8225945795767653,2.810879016580397,0.0,0.9361254332542599
06,alpha,0.75,1022,dm,n40000,nan,0.661121232509498,0.7153918288961995,0.8225945795767653,2.810879016580397,0.0,nan
06,alpha,0.75,1022,ips,n40000,nan,0.7146557300257804,0.7153918288961995,0.8225945795767653,2.810879016580397,0.0,0.8225945795767653
06,alpha,0.75,1022,snips,n40000,nan,0.714737990478042,0.7153918288961995,0.8225945795767653,2.810879016580397,0.0,0.8225945795767653
06,alpha,0.75,1022,clipped_ips,n40000,1.6048002811427766,0.6948021598803809,0.7153918288961995,0.8225945795767653,2.810879016580397,0.0,0.841706515790782
06,alpha,0.75,1022,dr,n40000,nan,0.7151156855382094,0.7153918288961995,0.8225945795767653,2.810879016580397,0.0,0.8225945795767653
06,alpha,0.75,1022,switch_dr,n40000,1.7721093715442464,0.7049107234197112,0.7153918288961995,0.8225945795767653,2.810879016580397,0.0,0.7966769268462154
06,alpha,0.75,1022,dros,n40000,2.575383942355935,0.6880206606000877,0.7153918288961995,0.8225945795767653,2.810879016580397,0.0,0.9361254332542599
06,alpha,0.5,1022,dm,n40000,nan,0.6074141550063319,0.7153918288961995,0.8225945795767653,2.810879016580397,0.0,nan
06,alpha,0.5,1022,ips,n40000,nan,0.7146557300257804,0.7153918288961995,0.8225945795767653,2.810879016580397,0.0,0.8225945795767653
06,alpha,0.5,1022,snips,n40000,nan,0.714737990478042,0.7153918288961995,0.8225945795767653,2.810879016580397,0.0,0.8225945795767653
06,alpha,0.5,1022,clipped_ips,n40000,1.6048002811427766,0.6948021598803809,0.7153918288961995,0.8225945795767653,2.810879016580397,0.0,0.841706515790782
06,alpha,0.5,1022,dr,n40000,nan,0.7149815489938328,0.7153918288961995,0.8225945795767653,2.810879016580397,0.0,0.8225945795767653
06,alpha,0.5,1022,switch_dr,n40000,1.7721093715442464,0.6947007757678422,0.7153918288961995,0.8225945795767653,2.810879016580397,0.0,0.7966769268462154
06,alpha,0.5,1022,dros,n40000,2.575383942355935,0.6607806304826573,0.7153918288961995,0.8225945795767653,2.810879016580397,0.0,0.9361254332542599
06,alpha,0.25,1022,dm,n40000,nan,0.553707077503166,0.7153918288961995,0.8225945795767653,2.810879016580397,0.0,nan
06,alpha,0.25,1022,ips,n40000,nan,0.7146557300257804,0.7153918288961995,0.8225945795767653,2.810879016580397,0.0,0.8225945795767653
06,alpha,0.25,1022,snips,n40000,nan,0.714737990478042,0.7153918288961995,0.8225945795767653,2.810879016580397,0.0,0.8225945795767653
06,alpha,0.25,1022,clipped_ips,n40000,1.6048002811427766,0.6948021598803809,0.7153918288961995,0.8225945795767653,2.810879016580397,0.0,0.841706515790782
06,alpha,0.25,1022,dr,n40000,nan,0.7148474124494564,0.7153918288961995,0.8225945795767653,2.810879016580397,0.0,0.8225945795767653
06,alpha,0.25,1022,switch_dr,n40000,1.7721093715442464,0.6844908281159732,0.7153918288961995,0.8225945795767653,2.810879016580397,0.0,0.7966769268462154
06,alpha,0.25,1022,dros,n40000,2.575383942355935,0.6335406003652271,0.7153918288961995,0.8225945795767653,2.810879016580397,0.0,0.9361254332542599
06,alpha,0.0,1022,dm,n40000,nan,0.5,0.7153918288961995,0.8225945795767653,2.810879016580397,0.0,nan
06,alpha,0.0,1022,ips,n40000,nan,0.7146557300257804,0.7153918288961995,0.8225945795767653,2.810879016580397,0.0,0.8225945795767653
06,alpha,0.0,1022,snips,n40000,nan,0.714737990478042,0.7153918288961995,0.8225945795767653,2.810879016580397,0.0,0.8225945795767653
06,alpha,0.0,1022,clipped_ips,n40000,1.6048002811427766,0.6948021598803809,0.7153918288961995,0.8225945795767653,2.810879016580397,0.0,0.841706515790782
06,alpha,0.0,1022,dr,n40000,nan,0.7147132759050799,0.7153918288961995,0.8225945795767653,2.810879016580397,0.0,0.8225945795767653
06,alpha,0.0,1022,switch_dr,n40000,1.7721093715442464,0.6742808804641043,0.7153918288961995,0.8225945795767653,2.810879016580397,0.0,0.7966769268462154
06,alpha,0.0,1022,dros,n40000,2.575383942355935,0.6063005702477967,0.7153918288961995,0.8225945795767653,2.810879016580397,0.0,0.9361254332542599
06,alpha,1.0,1023,dm,n40000,nan,0.714739331723893,0.7153918288961995,0.8208947747624161,2.8025976563951596,0.0,nan
06,alpha,1.0,1023,ips,n40000,nan,0.7045226286740103,0.7153918288961995,0.8208947747624161,2.8025976563951596,0.0,0.8208947747624161
06,alpha,1.0,1023,snips,n40000,nan,0.7091490758600846,0.7153918288961995,0.8208947747624161,2.8025976563951596,0.0,0.8208947747624161
06,alpha,1.0,1023,clipped_ips,n40000,1.6031587334201183,0.6856588744764225,0.7153918288961995,0.8208947747624161,2.8025976563951596,0.0,0.8390123246808553
06,alpha,1.0,1023,dr,n40000,nan,0.7116468489705847,0.7153918288961995,0.8208947747624161,2.8025976563951596,0.0,0.8208947747624161
06,alpha,1.0,1023,switch_dr,n40000,1.759560130074961,0.7120791613174291,0.7153918288961995,0.8208947747624161,2.8025976563951596,0.0,0.7942530902592565
06,alpha,1.0,1023,dros,n40000,2.570117924541198,0.71287513133319,0.7153918288961995,0.8208947747624161,2.8025976563951596,0.0,0.9346530201213762
06,alpha,0.9,1023,dm,n40000,nan,0.6932653985515038,0.7153918288961995,0.8208947747624161,2.8025976563951596,0.0,nan
06,alpha,0.9,1023,ips,n40000,nan,0.7045226286740103,0.7153918288961995,0.8208947747624161,2.8025976563951596,0.0,0.8208947747624161
06,alpha,0.9,1023,snips,n40000,nan,0.7091490758600846,0.7153918288961995,0.8208947747624161,2.8025976563951596,0.0,0.8208947747624161
06,alpha,0.9,1023,clipped_ips,n40000,1.6031587334201183,0.6856588744764225,0.7153918288961995,0.8208947747624161,2.8025976563951596,0.0,0.8390123246808553
06,alpha,0.9,1023,dr,n40000,nan,0.7112606240230052,0.7153918288961995,0.8208947747624161,2.8025976563951596,0.0,0.8208947747624161
06,alpha,0.9,1023,switch_dr,n40000,1.759560130074961,0.707676580261057,0.7153918288961995,0.8208947747624161,2.8025976563951596,0.0,0.7942530902592565
06,alpha,0.9,1023,dros,n40000,2.570117924541198,0.7017663504740009,0.7153918288961995,0.8208947747624161,2.8025976563951596,0.0,0.9346530201213762
06,alpha,0.75,1023,dm,n40000,nan,0.6610544987929198,0.7153918288961995,0.8208947747624161,2.8025976563951596,0.0,nan
06,alpha,0.75,1023,ips,n40000,nan,0.7045226286740103,0.7153918288961995,0.8208947747624161,2.8025976563951596,0.0,0.8208947747624161
06,alpha,0.75,1023,snips,n40000,nan,0.7091490758600846,0.7153918288961995,0.8208947747624161,2.8025976563951596,0.0,0.8208947747624161
06,alpha,0.75,1023,clipped_ips,n40000,1.6031587334201183,0.6856588744764225,0.7153918288961995,0.8208947747624161,2.8025976563951596,0.0,0.8390123246808553
06,alpha,0.75,1023,dr,n40000,nan,0.7106812866016355,0.7153918288961995,0.8208947747624161,2.8025976563951596,0.0,0.8208947747624161
06,alpha,0.75,1023,switch_dr,n40000,1.759560130074961,0.7010727086764986,0.7153918288961995,0.8208947747624161,2.8025976563951596,0.0,0.7942530902592565
06,alpha,0.75,1023,dros,n40000,2.570117924541198,0.6851031791852172,0.7153918288961995,0.8208947747624161,2.8025976563951596,0.0,0.9346530201213762
06,alpha,0.5,1023,dm,n40000,nan,0.6073696658619465,0.7153918288961995,0.8208947747624161,2.8025976563951596,0.0,nan
06,alpha,0.5,1023,ips,n40000,nan,0.7045226286740103,0.7153918288961995,0.8208947747624161,2.8025976563951596,0.0,0.8208947747624161
06,alpha,0.5,1023,snips,n40000,nan,0.7091490758600846,0.7153918288961995,0.8208947747624161,2.8025976563951596,0.0,0.8208947747624161
06,alpha,0.5,1023,clipped_ips,n40000,1.6031587334201183,0.6856588744764225,0.7153918288961995,0.8208947747624161,2.8025976563951596,0.0,0.8390123246808553
06,alpha,0.5,1023,dr,n40000,nan,0.7097157242326865,0.7153918288961995,0.8208947747624161,2.8025976563951596,0.0,0.8208947747624161
06,alpha,0.5,1023,switch_dr,n40000,1.759560130074961,0.6900662560355681,0.7153918288961995,0.8208947747624161,2.8025976563951596,0.0,0.7942530902592565
06,alpha,0.5,1023,dros,n40000,2.570117924541198,0.6573312270372444,0.7153918288961995,0.8208947747624161,2.8025976563951596,0.0,0.9346530201213762
06,alpha,0.25,1023,dm,n40000,nan,0.5536848329309733,0.7153918288961995,0.8208947747624161,2.8025976563951596,0.0,nan
06,alpha,0.25,1023,ips,n40000,nan,0.7045226286740103,0.7153918288961995,0.8208947747624161,2.8025976563951596,0.0,0.8208947747624161
06,alpha,0.25,1023,snips,n40000,nan,0.7091490758600846,0.7153918288961995,0.8208947747624161,2.8025976563951596,0.0,0.8208947747624161
06,alpha,0.25,1023,clipped_ips,n40000,1.6031587334201183,0.6856588744764225,0.7153918288961995,0.8208947747624161,2.8025976563951596,0.0,0.8390123246808553
06,alpha,0.25,1023,dr,n40000,nan,0.7087501618637373,0.7153918288961995,0.8208947747624161,2.8025976563951596,0.0,0.8208947747624161
06,alpha,0.25,1023,switch_dr,n40000,1.759560130074961,0.6790598033946376,0.7153918288961995,0.8208947747624161,2.8025976563951596,0.0,0.7942530902592565
06,alpha,0.25,1023,dros,n40000,2.570117924541198,0.6295592748892717,0.7153918288961995,0.8208947747624161,2.8025976563951596,0.0,0.9346530201213762
06,alpha,0.0,1023,dm,n40000,nan,0.5,0.7153918288961995,0.8208947747624161,2.8025976563951596,0.0,nan
06,alpha,0.0,1023,ips,n40000,nan,0.7045226286740103,0.7153918288961995,0.8208947747624161,2.8025976563951596,0.0,0.8208947747624161
06,alpha,0.0,1023,snips,n40000,nan,0.7091490758600846,0.7153918288961995,0.8208947747624161,2.8025976563951596,0.0,0.8208947747624161
06,alpha,0.0,1023,clipped_ips,n40000,1.6031587334201183,0.6856588744764225,0.7153918288961995,0.8208947747624161,2.8025976563951596,0.0,0.8390123246808553
06,alpha,0.0,1023,dr,n40000,nan,0.7077845994947881,0.7153918288961995,0.8208947747624161,2.8025976563951596,0.0,0.8208947747624161
06,alpha,0.0,1023,switch_dr,n40000,1.759560130074961,0.6680533507537071,0.7153918288961995,0.8208947747624161,2.8025976563951596,0.0,0.7942530902592565
06,alpha,0.0,1023,dros,n40000,2.570117924541198,0.6017873227412989,0.7153918288961995,0.8208947747624161,2.8025976563951596,0.0,0.9346530201213762
06,alpha,1.0,1024,dm,n40000,nan,0.7148056906545145,0.7153918288961995,0.8230033051625067,2.833975135695488,0.0,nan
06,alpha,1.0,1024,ips,n40000,nan,0.7183677803489776,0.7153918288961995,0.8230033051625067,2.833975135695488,0.0,0.8230033051625067
06,alpha,1.0,1024,snips,n40000,nan,0.7170322398048474,0.7153918288961995,0.8230033051625067,2.833975135695488,0.0,0.8230033051625067
06,alpha,1.0,1024,clipped_ips,n40000,1.6114461791648835,0.6991727728102486,0.7153918288961995,0.8230033051625067,2.833975135695488,0.0,0.8410954422836229
06,alpha,1.0,1024,dr,n40000,nan,0.7162958280498091,0.7153918288961995,0.8230033051625067,2.833975135695488,0.0,0.8230033051625067
06,alpha,1.0,1024,switch_dr,n40000,1.7705966862098534,0.7164133522905093,0.7153918288961995,0.8230033051625067,2.833975135695488,0.0,0.7963047193318699
06,alpha,1.0,1024,dros,n40000,2.596758788345102,0.7154636205742116,0.7153918288961995,0.8230033051625067,2.833975135695488,0.0,0.9354277394713394
06,alpha,0.9,1024,dm,n40000,nan,0.693325121589063,0.7153918288961995,0.8230033051625067,2.833975135695488,0.0,nan
06,alpha,0.9,1024,ips,n40000,nan,0.7183677803489776,0.7153918288961995,0.8230033051625067,2.833975135695488,0.0,0.8230033051625067
06,alpha,0.9,1024,snips,n40000,nan,0.7170322398048474,0.7153918288961995,0.8230033051625067,2.833975135695488,0.0,0.8230033051625067
06,alpha,0.9,1024,clipped_ips,n40000,1.6114461791648835,0.6991727728102486,0.7153918288961995,0.8230033051625067,2.833975135695488,0.0,0.8410954422836229
06,alpha,0.9,1024,dr,n40000,nan,0.7164098935381333,0.7153918288961995,0.8230033051625067,2.833975135695488,0.0,0.8230033051625067
06,alpha,0.9,1024,switch_dr,n40000,1.7705966862098534,0.7124887499501784,0.7153918288961995,0.8230033051625067,2.833975135695488,0.0,0.7963047193318699
06,alpha,0.9,1024,dros,n40000,2.596758788345102,0.7046989433482929,0.7153918288961995,0.8230033051625067,2.833975135695488,0.0,0.9354277394713394
06,alpha,0.75,1024,dm,n40000,nan,0.661104267990886,0.7153918288961995,0.8230033051625067,2.833975135695488,0.0,nan
06,alpha,0.75,1024,ips,n40000,nan,0.7183677803489776,0.7153918288961995,0.8230033051625067,2.833975135695488,0.0,0.8230033051625067
06,alpha,0.75,1024,snips,n40000,nan,0.7170322398048474,0.7153918288961995,0.8230033051625067,2.833975135695488,0.0,0.8230033051625067
06,alpha,0.75,1024,clipped_ips,n40000,1.6114461791648835,0.6991727728102486,0.7153918288961995,0.8230033051625067,2.833975135695488,0.0,0.8410954422836229
06,alpha,0.75,1024,dr,n40000,nan,0.7165809917706201,0.7153918288961995,0.8230033051625067,2.833975135695488,0.0,0.8230033051625067
06,alpha,0.75,1024,switch_dr,n40000,1.7705966862098534,0.7066018464396823,0.7153918288961995,0.8230033051625067,2.833975135695488,0.0,0.7963047193318699
06,alpha,0.75,1024,dros,n40000,2.596758788345102,0.688551927509415,0.7153918288961995,0.8230033051625067,2.833975135695488,0.0,0.9354277394713394
06,alpha,0.5,1024,dm,n40000,nan,0.6074028453272573,0.7153918288961995,0.8230033051625067,2.833975135695488,0.0,nan
06,alpha,0.5,1024,ips,n40000,nan,0.7183677803489776,0.7153918288961995,0.8230033051625067,2.833975135695488,0.0,0.8230033051625067
06,alpha,0.5,1024,snips,n40000,nan,0.7170322398048474,0.7153918288961995,0.8230033051625067,2.833975135695488,0.0,0.8230033051625067
06,alpha,0.5,1024,clipped_ips,n40000,1.6114461791648835,0.6991727728102486,0.7153918288961995,0.8230033051625067,2.833975135695488,0.0,0.8410954422836229
06,alpha,0.5,1024,dr,n40000,nan,0.716866155491431,0.7153918288961995,0.8230033051625067,2.833975135695488,0.0,0.8230033051625067
06,alpha,0.5,1024,switch_dr,n40000,1.7705966862098534,0.6967903405888551,0.7153918288961995,0.8230033051625067,2.833975135695488,0.0,0.7963047193318699
06,alpha,0.5,1024,dros,n40000,2.596758788345102,0.6616402344446182,0.7153918288961995,0.8230033051625067,2.833975135695488,0.0,0.9354277394713394
06,alpha,0.25,1024,dm,n40000,nan,0.5537014226636287,0.7153918288961995,0.8230033051625067,2.833975135695488,0.0,nan
06,alpha,0.25,1024,ips,n40000,nan,0.7183677803489776,0.7153918288961995,0.8230033051625067,2.833975135695488,0.0,0.8230033051625067
06,alpha,0.25,1024,snips,n40000,nan,0.7170322398048474,0.7153918288961995,0.8230033051625067,2.833975135695488,0.0,0.8230033051625067
06,alpha,0.25,1024,clipped_ips,n40000,1.6114461791648835,0.6991727728102486,0.7153918288961995,0.8230033051625067,2.833975135695488,0.0,0.8410954422836229
06,alpha,0.25,1024,dr,n40000,nan,0.7171513192122418,0.7153918288961995,0.8230033051625067,2.833975135695488,0.0,0.8230033051625067
06,alpha,0.25,1024,switch_dr,n40000,1.7705966862098534,0.686978834738028,0.7153918288961995,0.8230033051625067,2.833975135695488,0.0,0.7963047193318699
06,alpha,0.25,1024,dros,n40000,2.596758788345102,0.6347285413798214,0.7153918288961995,0.8230033051625067,2.833975135695488,0.0,0.9354277394713394
06,alpha,0.0,1024,dm,n40000,nan,0.5,0.7153918288961995,0.8230033051625067,2.833975135695488,0.0,nan
06,alpha,0.0,1024,ips,n40000,nan,0.7183677803489776,0.7153918288961995,0.8230033051625067,2.833975135695488,0.0,0.8230033051625067
06,alpha,0.0,1024,snips,n40000,nan,0.7170322398048474,0.7153918288961995,0.8230033051625067,2.833975135695488,0.0,0.8230033051625067
06,alpha,0.0,1024,clipped_ips,n40000,1.6114461791648835,0.6991727728102486,0.7153918288961995,0.8230033051625067,2.833975135695488,0.0,0.8410954422836229
06,alpha,0.0,1024,dr,n40000,nan,0.7174364829330528,0.7153918288961995,0.8230033051625067,2.833975135695488,0.0,0.8230033051625067
06,alpha,0.0,1024,switch_dr,n40000,1.7705966862098534,0.6771673288872009,0.7153918288961995,0.8230033051625067,2.833975135695488,0.0,0.7963047193318699
06,alpha,0.0,1024,dros,n40000,2.596758788345102,0.6078168483150247,0.7153918288961995,0.8230033051625067,2.833975135695488,0.0,0.9354277394713394
06,alpha,1.0,1025,dm,n40000,nan,0.7144496799158092,0.7153918288961995,0.824417074554641,2.7492741292687306,0.0,nan
06,alpha,1.0,1025,ips,n40000,nan,0.7167404986518447,0.7153918288961995,0.824417074554641,2.7492741292687306,0.0,0.824417074554641
06,alpha,1.0,1025,snips,n40000,nan,0.7145710596729429,0.7153918288961995,0.824417074554641,2.7492741292687306,0.0,0.824417074554641
06,alpha,1.0,1025,clipped_ips,n40000,1.6103744209463073,0.6977694231628574,0.7153918288961995,0.824417074554641,2.7492741292687306,0.0,0.8422559155866387
06,alpha,1.0,1025,dr,n40000,nan,0.7131708822450401,0.7153918288961995,0.824417074554641,2.7492741292687306,0.0,0.824417074554641
06,alpha,1.0,1025,switch_dr,n40000,1.765512532191301,0.7126271341188163,0.7153918288961995,0.824417074554641,2.7492741292687306,0.0,0.7974893805503996
06,alpha,1.0,1025,dros,n40000,2.5933057756381546,0.7135731769125337,0.7153918288961995,0.824417074554641,2.7492741292687306,0.0,0.9359184165353023
06,alpha,0.9,1025,dm,n40000,nan,0.6930047119242283,0.7153918288961995,0.824417074554641,2.7492741292687306,0.0,nan
06,alpha,0.9,1025,ips,n40000,nan,0.7167404986518447,0.7153918288961995,0.824417074554641,2.7492741292687306,0.0,0.824417074554641
06,alpha,0.9,1025,snips,n40000,nan,0.7145710596729429,0.7153918288961995,0.824417074554641,2.7492741292687306,0.0,0.824417074554641
06,alpha,0.9,1025,clipped_ips,n40000,1.6103744209463073,0.6977694231628574,0.7153918288961995,0.824417074554641,2.7492741292687306,0.0,0.8422559155866387
06,alpha,0.9,1025,dr,n40000,nan,0.7133760437988338,0.7153918288961995,0.824417074554641,2.7492741292687306,0.0,0.824417074554641
06,alpha,0.9,1025,switch_dr,n40000,1.765512532191301,0.7088003633011853,0.7153918288961995,0.824417074554641,2.7492741292687306,0.0,0.7974893805503996
06,alpha,0.9,1025,dros,n40000,2.5933057756381546,0.7028918222720487,0.7153918288961995,0.824417074554641,2.7492741292687306,0.0,0.9359184165353023
06,alpha,0.75,1025,dm,n40000,nan,0.6608372599368568,0.7153918288961995,0.824417074554641,2.7492741292687306,0.0,nan
06,alpha,0.75,1025,ips,n40000,nan,0.7167404986518447,0.7153918288961995,0.824417074554641,2.7492741292687306,0.0,0.824417074554641
06,alpha,0.75,1025,snips,n40000,nan,0.7145710596729429,0.7153918288961995,0.824417074554641,2.7492741292687306,0.0,0.824417074554641
06,alpha,0.75,1025,clipped_ips,n40000,1.6103744209463073,0.6977694231628574,0.7153918288961995,0.824417074554641,2.7492741292687306,0.0,0.8422559155866387
06,alpha,0.75,1025,dr,n40000,nan,0.7136837861295243,0.7153918288961995,0.824417074554641,2.7492741292687306,0.0,0.824417074554641
06,alpha,0.75,1025,switch_dr,n40000,1.765512532191301,0.7030602070747388,0.7153918288961995,0.824417074554641,2.7492741292687306,0.0,0.7974893805503996
06,alpha,0.75,1025,dros,n40000,2.5933057756381546,0.6868697903113211,0.7153918288961995,0.824417074554641,2.7492741292687306,0.0,0.9359184165353023
06,alpha,0.5,1025,dm,n40000,nan,0.6072248399579047,0.7153918288961995,0.824417074554641,2.7492741292687306,0.0,nan
06,alpha,0.5,1025,ips,n40000,nan,0.7167404986518447,0.7153918288961995,0.824417074554641,2.7492741292687306,0.0,0.824417074554641
06,alpha,0.5,1025,snips,n40000,nan,0.7145710596729429,0.7153918288961995,0.824417074554641,2.7492741292687306,0.0,0.824417074554641
06,alpha,0.5,1025,clipped_ips,n40000,1.6103744209463073,0.6977694231628574,0.7153918288961995,0.824417074554641,2.7492741292687306,0.0,0.8422559155866387
06,alpha,0.5,1025,dr,n40000,nan,0.7141966900140088,0.7153918288961995,0.824417074554641,2.7492741292687306,0.0,0.824417074554641
06,alpha,0.5,1025,switch_dr,n40000,1.765512532191301,0.6934932800306617,0.7153918288961995,0.824417074554641,2.7492741292687306,0.0,0.7974893805503996
06,alpha,0.5,1025,dros,n40000,2.5933057756381546,0.6601664037101088,0.7153918288961995,0.824417074554641,2.7492741292687306,0.0,0.9359184165353023
06,alpha,0.25,1025,dm,n40000,nan,0.5536124199789523,0.7153918288961995,0.824417074554641,2.7492741292687306,0.0,nan
06,alpha,0.25,1025,ips,n40000,nan,0.7167404986518447,0.7153918288961995,0.824417074554641,2.7492741292687306,0.0,0.824417074554641
06,alpha,0.25,1025,snips,n40000,nan,0.7145710596729429,0.7153918288961995,0.824417074554641,2.7492741292687306,0.0,0.824417074554641
06,alpha,0.25,1025,clipped_ips,n40000,1.6103744209463073,0.6977694231628574,0.7153918288961995,0.824417074554641,2.7492741292687306,0.0,0.8422559155866387
06,alpha,0.25,1025,dr,n40000,nan,0.714709593898493,0.7153918288961995,0.824417074554641,2.7492741292687306,0.0,0.824417074554641
06,alpha,0.25,1025,switch_dr,n40000,1.765512532191301,0.6839263529865842,0.7153918288961995,0.824417074554641,2.7492741292687306,0.0,0.7974893805503996
06,alpha,0.25,1025,dros,n40000,2.5933057756381546,0.6334630171088962,0.7153918288961995,0.824417074554641,2.7492741292687306,0.0,0.9359184165353023
06,alpha,0.0,1025,dm,n40000,nan,0.5,0.7153918288961995,0.824417074554641,2.7492741292687306,0.0,nan
06,alpha,0.0,1025,ips,n40000,nan,0.7167404986518447,0.7153918288961995,0.824417074554641,2.7492741292687306,0.0,0.824417074554641
06,alpha,0.0,1025,snips,n40000,nan,0.7145710596729429,0.7153918288961995,0.824417074554641,2.7492741292687306,0.0,0.824417074554641
06,alpha,0.0,1025,clipped_ips,n40000,1.6103744209463073,0.6977694231628574,0.7153918288961995,0.824417074554641,2.7492741292687306,0.0,0.8422559155866387
06,alpha,0.0,1025,dr,n40000,nan,0.7152224977829773,0.7153918288961995,0.824417074554641,2.7492741292687306,0.0,0.824417074554641
06,alpha,0.0,1025,switch_dr,n40000,1.765512532191301,0.674359425942507,0.7153918288961995,0.824417074554641,2.7492741292687306,0.0,0.7974893805503996
06,alpha,0.0,1025,dros,n40000,2.5933057756381546,0.6067596305076838,0.7153918288961995,0.824417074554641,2.7492741292687306,0.0,0.9359184165353023
06,alpha,1.0,1026,dm,n40000,nan,0.7155173185597757,0.7153918288961995,0.822533656254826,2.8754678381215277,0.0,nan
06,alpha,1.0,1026,ips,n40000,nan,0.7185428380954512,0.7153918288961995,0.822533656254826,2.8754678381215277,0.0,0.822533656254826
06,alpha,1.0,1026,snips,n40000,nan,0.7160601406839073,0.7153918288961995,0.822533656254826,2.8754678381215277,0.0,0.822533656254826
06,alpha,1.0,1026,clipped_ips,n40000,1.614554369641739,0.6990576779617675,0.7153918288961995,0.822533656254826,2.8754678381215277,0.0,0.8407661880695186
06,alpha,1.0,1026,dr,n40000,nan,0.7142481613962907,0.7153918288961995,0.822533656254826,2.8754678381215277,0.0,0.822533656254826
06,alpha,1.0,1026,switch_dr,n40000,1.77844580700232,0.7135041288920345,0.7153918288961995,0.822533656254826,2.8754678381215277,0.0,0.7958850681095195
06,alpha,1.0,1026,dros,n40000,2.606785812529233,0.7151480597905804,0.7153918288961995,0.822533656254826,2.8754678381215277,0.0,0.9350315611537521
06,alpha,0.9,1026,dm,n40000,nan,0.6939655867037982,0.7153918288961995,0.822533656254826,2.8754678381215277,0.0,nan
06,alpha,0.9,1026,ips,n40000,nan,0.7185428380954512,0.7153918288961995,0.822533656254826,2.8754678381215277,0.0,0.822533656254826
06,alpha,0.9,1026,snips,n40000,nan,0.7160601406839073,0.7153918288961995,0.822533656254826,2.8754678381215277,0.0,0.822533656254826
06,alpha,0.9,1026,clipped_ips,n40000,1.614554369641739,0.6990576779617675,0.7153918288961995,0.822533656254826,2.8754678381215277,0.0,0.8407661880695186
06,alpha,0.9,1026,dr,n40000,nan,0.7145042709032197,0.7153918288961995,0.822533656254826,2.8754678381215277,0.0,0.822533656254826
06,alpha,0.9,1026,switch_dr,n40000,1.77844580700232,0.7096901555817812,0.7153918288961995,0.822533656254826,2.8754678381215277,0.0,0.7958850681095195
06,alpha,0.9,1026,dros,n40000,2.606785812529233,0.7044403541093539,0.7153918288961995,0.822533656254826,2.8754678381215277,0.0,0.9350315611537521
06,alpha,0.75,1026,dm,n40000,nan,0.6616379889198318,0.7153918288961995,0.822533656254826,2.8754678381215277,0.0,nan
06,alpha,0.75,1026,ips,n40000,nan,0.7185428380954512,0.7153918288961995,0.822533656254826,2.8754678381215277,0.0,0.822533656254826
06,alpha,0.75,1026,snips,n40000,nan,0.7160601406839073,0.7153918288961995,0.822533656254826,2.8754678381215277,0.0,0.822533656254826
06,alpha,0.75,1026,clipped_ips,n40000,1.614554369641739,0.6990576779617675,0.7153918288961995,0.822533656254826,2.8754678381215277,0.0,0.8407661880695186
06,alpha,0.75,1026,dr,n40000,nan,0.7148884351636132,0.7153918288961995,0.822533656254826,2.8754678381215277,0.0,0.822533656254826
06,alpha,0.75,1026,switch_dr,n40000,1.77844580700232,0.7039691956164013,0.7153918288961995,0.822533656254826,2.8754678381215277,0.0,0.7958850681095195
06,alpha,0.75,1026,dros,n40000,2.606785812529233,0.6883787955875141,0.7153918288961995,0.822533656254826,2.8754678381215277,0.0,0.9350315611537521
06,alpha,0.5,1026,dm,n40000,nan,0.6077586592798879,0.7153918288961995,0.822533656254826,2.8754678381215277,0.0,nan
06,alpha,0.5,1026,ips,n40000,nan,0.7185428380954512,0.7153918288961995,0.822533656254826,2.8754678381215277,0.0,0.822533656254826
06,alpha,0.5,1026,snips,n40000,nan,0.7160601406839073,0.7153918288961995,0.822533656254826,2.8754678381215277,0.0,0.822533656254826
06,alpha,0.5,1026,clipped_ips,n40000,1.614554369641739,0.6990576779617675,0.7153918288961995,0.822533656254826,2.8754678381215277,0.0,0.8407661880695186
06,alpha,0.5,1026,dr,n40000,nan,0.7155287089309358,0.7153918288961995,0.822533656254826,2.8754678381215277,0.0,0.822533656254826
06,alpha,0.5,1026,switch_dr,n40000,1.77844580700232,0.6944342623407681,0.7153918288961995,0.822533656254826,2.8754678381215277,0.0,0.7958850681095195
06,alpha,0.5,1026,dros,n40000,2.606785812529233,0.6616095313844479,0.7153918288961995,0.822533656254826,2.8754678381215277,0.0,0.9350315611537521
06,alpha,0.25,1026,dm,n40000,nan,0.553879329639944,0.7153918288961995,0.822533656254826,2.8754678381215277,0.0,nan
06,alpha,0.25,1026,ips,n40000,nan,0.7185428380954512,0.7153918288961995,0.822533656254826,2.8754678381215277,0.0,0.822533656254826
06,alpha,0.25,1026,snips,n40000,nan,0.7160601406839073,0.7153918288961995,0.822533656254826,2.8754678381215277,0.0,0.822533656254826
06,alpha,0.25,1026,clipped_ips,n40000,1.614554369641739,0.6990576779617675,0.7153918288961995,0.822533656254826,2.8754678381215277,0.0,0.8407661880695186
06,alpha,0.25,1026,dr,n40000,nan,0.7161689826982583,0.7153918288961995,0.822533656254826,2.8754678381215277,0.0,0.822533656254826
06,alpha,0.25,1026,switch_dr,n40000,1.77844580700232,0.6848993290651348,0.7153918288961995,0.822533656254826,2.8754678381215277,0.0,0.7958850681095195
06,alpha,0.25,1026,dros,n40000,2.606785812529233,0.6348402671813816,0.7153918288961995,0.822533656254826,2.8754678381215277,0.0,0.9350315611537521
06,alpha,0.0,1026,dm,n40000,nan,0.5,0.7153918288961995,0.822533656254826,2.8754678381215277,0.0,nan
06,alpha,0.0,1026,ips,n40000,nan,0.7185428380954512,0.7153918288961995,0.822533656254826,2.8754678381215277,0.0,0.822533656254826
06,alpha,0.0,1026,snips,n40000,nan,0.7160601406839073,0.7153918288961995,0.822533656254826,2.8754678381215277,0.0,0.822533656254826
06,alpha,0.0,1026,clipped_ips,n40000,1.614554369641739,0.6990576779617675,0.7153918288961995,0.822533656254826,2.8754678381215277,0.0,0.8407661880695186
06,alpha,0.0,1026,dr,n40000,nan,0.7168092564655809,0.7153918288961995,0.822533656254826,2.8754678381215277,0.0,0.822533656254826
06,alpha,0.0,1026,switch_dr,n40000,1.77844580700232,0.6753643957895016,0.7153918288961995,0.822533656254826,2.8754678381215277,0.0,0.7958850681095195
06,alpha,0.0,1026,dros,n40000,2.606785812529233,0.6080710029783153,0.7153918288961995,0.822533656254826,2.8754678381215277,0.0,0.9350315611537521
06,alpha,1.0,1027,dm,n40000,nan,0.7154460821365259,0.7153918288961995,0.8225522089598577,2.794594837945633,0.0,nan
06,alpha,1.0,1027,ips,n40000,nan,0.7121283305018826,0.7153918288961995,0.8225522089598577,2.794594837945633,0.0,0.8225522089598577
06,alpha,1.0,1027,snips,n40000,nan,0.7136338552043264,0.7153918288961995,0.8225522089598577,2.794594837945633,0.0,0.8225522089598577
06,alpha,1.0,1027,clipped_ips,n40000,1.6061989589595964,0.6926712889970292,0.7153918288961995,0.8225522089598577,2.794594837945633,0.0,0.8407412894501047
06,alpha,1.0,1027,dr,n40000,nan,0.7143249058095706,0.7153918288961995,0.8225522089598577,2.794594837945633,0.0,0.8225522089598577
06,alpha,1.0,1027,switch_dr,n40000,1.762855560247463,0.7134820866450771,0.7153918288961995,0.8225522089598577,2.794594837945633,0.0,0.7959458359952508
06,alpha,1.0,1027,dros,n40000,2.5798750957628913,0.7144417400329421,0.7153918288961995,0.8225522089598577,2.794594837945633,0.0,0.9353175997403352
06,alpha,0.9,1027,dm,n40000,nan,0.6939014739228734,0.7153918288961995,0.8225522089598577,2.794594837945633,0.0,nan
06,alpha,0.9,1027,ips,n40000,nan,0.7121283305018826,0.7153918288961995,0.8225522089598577,2.794594837945633,0.0,0.8225522089598577
06,alpha,0.9,1027,snips,n40000,nan,0.7136338552043264,0.7153918288961995,0.8225522089598577,2.794594837945633,0.0,0.8225522089598577
06,alpha,0.9,1027,clipped_ips,n40000,1.6061989589595964,0.6926712889970292,0.7153918288961995,0.8225522089598577,2.794594837945633,0.0,0.8407412894501047
06,alpha,0.9,1027,dr,n40000,nan,0.7142107312720389,0.7153918288961995,0.8225522089598577,2.794594837945633,0.0,0.8225522089598577
06,alpha,0.9,1027,switch_dr,n40000,1.762855560247463,0.7093295795997561,0.7153918288961995,0.8225522089598577,2.794594837945633,0.0,0.7959458359952508
06,alpha,0.9,1027,dros,n40000,2.5798750957628913,0.7034942468788824,0.7153918288961995,0.8225522089598577,2.794594837945633,0.0,0.9353175997403352
06,alpha,0.75,1027,dm,n40000,nan,0.6615845616023944,0.7153918288961995,0.8225522089598577,2.794594837945633,0.0,nan
06,alpha,0.75,1027,ips,n40000,nan,0.7121283305018826,0.7153918288961995,0.8225522089598577,2.794594837945633,0.0,0.8225522089598577
06,alpha,0.75,1027,snips,n40000,nan,0.7136338552043264,0.7153918288961995,0.8225522089598577,2.794594837945633,0.0,0.8225522089598577
06,alpha,0.75,1027,clipped_ips,n40000,1.6061989589595964,0.6926712889970292,0.7153918288961995,0.8225522089598577,2.794594837945633,0.0,0.8407412894501047
06,alpha,0.75,1027,dr,n40000,nan,0.714039469465741,0.7153918288961995,0.8225522089598577,2.794594837945633,0.0,0.8225522089598577
06,alpha,0.75,1027,switch_dr,n40000,1.762855560247463,0.7031008190317745,0.7153918288961995,0.8225522089598577,2.794594837945633,0.0,0.7959458359952508
06,alpha,0.75,1027,dros,n40000,2.5798750957628913,0.6870730071477927,0.7153918288961995,0.8225522089598577,2.794594837945633,0.0,0.9353175997403352
06,alpha,0.5,1027,dm,n40000,nan,0.6077230410682629,0.7153918288961995,0.8225522089598577,2.794594837945633,0.0,nan
06,alpha,0.5,1027,ips,n40000,nan,0.7121283305018826,0.7153918288961995,0.8225522089598577,2.794594837945633,0.0,0.8225522089598577
06,alpha,0.5,1027,snips,n40000,nan,0.7136338552043264,0.7153918288961995,0.8225522089598577,2.794594837945633,0.0,0.8225522089598577
06,alpha,0.5,1027,clipped_ips,n40000,1.6061989589595964,0.6926712889970292,0.7153918288961995,0.8225522089598577,2.794594837945633,0.0,0.8407412894501047
06,alpha,0.5,1027,dr,n40000,nan,0.7137540331219114,0.7153918288961995,0.8225522089598577,2.794594837945633,0.0,0.8225522089598577
06,alpha,0.5,1027,switch_dr,n40000,1.762855560247463,0.692719551418472,0.7153918288961995,0.8225522089598577,2.794594837945633,0.0,0.7959458359952508
06,alpha,0.5,1027,dros,n40000,2.5798750957628913,0.6597042742626433,0.7153918288961995,0.8225522089598577,2.794594837945633,0.0,0.9353175997403352
06,alpha,0.25,1027,dm,n40000,nan,0.5538615205341315,0.7153918288961995,0.8225522089598577,2.794594837945633,0.0,nan
06,alpha,0.25,1027,ips,n40000,nan,0.7121283305018826,0.7153918288961995,0.8225522089598577,2.794594837945633,0.0,0.8225522089598577
06,alpha,0.25,1027,snips,n40000,nan,0.7136338552043264,0.7153918288961995,0.8225522089598577,2.794594837945633,0.0,0.8225522089598577
06,alpha,0.25,1027,clipped_ips,n40000,1.6061989589595964,0.6926712889970292,0.7153918288961995,0.8225522089598577,2.794594837945633,0.0,0.8407412894501047
06,alpha,0.25,1027,dr,n40000,nan,0.713468596778082,0.7153918288961995,0.8225522089598577,2.794594837945633,0.0,0.8225522089598577
06,alpha,0.25,1027,switch_dr,n40000,1.762855560247463,0.6823382838051696,0.7153918288961995,0.8225522089598577,2.794594837945633,0.0,0.7959458359952508
06,alpha,0.25,1027,dros,n40000,2.5798750957628913,0.632335541377494,0.7153918288961995,0.8225522089598577,2.794594837945633,0.0,0.9353175997403352
06,alpha,0.0,1027,dm,n40000,nan,0.5,0.7153918288961995,0.8225522089598577,2.794594837945633,0.0,nan
06,alpha,0.0,1027,ips,n40000,nan,0.7121283305018826,0.7153918288961995,0.8225522089598577,2.794594837945633,0.0,0.8225522089598577
06,alpha,0.0,1027,snips,n40000,nan,0.7136338552043264,0.7153918288961995,0.8225522089598577,2.794594837945633,0.0,0.8225522089598577
06,alpha,0.0,1027,clipped_ips,n40000,1.6061989589595964,0.6926712889970292,0.7153918288961995,0.8225522089598577,2.794594837945633,0.0,0.8407412894501047
06,alpha,0.0,1027,dr,n40000,nan,0.7131831604342524,0.7153918288961995,0.8225522089598577,2.794594837945633,0.0,0.8225522089598577
06,alpha,0.0,1027,switch_dr,n40000,1.762855560247463,0.6719570161918671,0.7153918288961995,0.8225522089598577,2.794594837945633,0.0,0.7959458359952508
06,alpha,0.0,1027,dros,n40000,2.5798750957628913,0.6049668084923445,0.7153918288961995,0.8225522089598577,2.794594837945633,0.0,0.9353175997403352
06,alpha,1.0,1028,dm,n40000,nan,0.715103792575445,0.7153918288961995,0.8204958286366846,2.882765670706846,0.0,nan
06,alpha,1.0,1028,ips,n40000,nan,0.7151980061748491,0.7153918288961995,0.8204958286366846,2.882765670706846,0.0,0.8204958286366846
06,alpha,1.0,1028,snips,n40000,nan,0.7132103495062615,0.7153918288961995,0.8204958286366846,2.882765670706846,0.0,0.8204958286366846
06,alpha,1.0,1028,clipped_ips,n40000,1.6167411865160959,0.6960033007499086,0.7153918288961995,0.8204958286366846,2.882765670706846,0.0,0.8384905674351909
06,alpha,1.0,1028,dr,n40000,nan,0.7120677184444758,0.7153918288961995,0.8204958286366846,2.882765670706846,0.0,0.8204958286366846
06,alpha,1.0,1028,switch_dr,n40000,1.7732049687702836,0.7111228831481758,0.7153918288961995,0.8204958286366846,2.882765670706846,0.0,0.7936893432925255
06,alpha,1.0,1028,dros,n40000,2.6138520641774736,0.7134468191990954,0.7153918288961995,0.8204958286366846,2.882765670706846,0.0,0.9337296660800656
06,alpha,0.9,1028,dm,n40000,nan,0.6935934133179005,0.7153918288961995,0.8204958286366846,2.882765670706846,0.0,nan
06,alpha,0.9,1028,ips,n40000,nan,0.7151980061748491,0.7153918288961995,0.8204958286366846,2.882765670706846,0.0,0.8204958286366846
06,alpha,0.9,1028,snips,n40000,nan,0.7132103495062615,0.7153918288961995,0.8204958286366846,2.882765670706846,0.0,0.8204958286366846
06,alpha,0.9,1028,clipped_ips,n40000,1.6167411865160959,0.6960033007499086,0.7153918288961995,0.8204958286366846,2.882765670706846,0.0,0.8384905674351909
06,alpha,0.9,1028,dr,n40000,nan,0.7122414014641906,0.7153918288961995,0.8204958286366846,2.882765670706846,0.0,0.8204958286366846
06,alpha,0.9,1028,switch_dr,n40000,1.7732049687702836,0.7072180513181112,0.7153918288961995,0.8204958286366846,2.882765670706846,0.0,0.7936893432925255
06,alpha,0.9,1028,dros,n40000,2.6138520641774736,0.7026888808510974,0.7153918288961995,0.8204958286366846,2.882765670706846,0.0,0.9337296660800656
06,alpha,0.75,1028,dm,n40000,nan,0.6613278444315837,0.7153918288961995,0.8204958286366846,2.882765670706846,0.0,nan
06,alpha,0.75,1028,ips,n40000,nan,0.7151980061748491,0.7153918288961995,0.8204958286366846,2.882765670706846,0.0,0.8204958286366846
06,alpha,0.75,1028,snips,n40000,nan,0.7132103495062615,0.7153918288961995,0.8204958286366846,2.882765670706846,0.0,0.8204958286366846
06,alpha,0.75,1028,clipped_ips,n40000,1.6167411865160959,0.6960033007499086,0.7153918288961995,0.8204958286366846,2.882765670706846,0.0,0.8384905674351909
06,alpha,0.75,1028,dr,n40000,nan,0.7125019259937627,0.7153918288961995,0.8204958286366846,2.882765670706846,0.0,0.8204958286366846
06,alpha,0.75,1028,switch_dr,n40000,1.7732049687702836,0.7013608035730143,0.7153918288961995,0.8204958286366846,2.882765670706846,0.0,0.7936893432925255
06,alpha,0.75,1028,dros,n40000,2.6138520641774736,0.6865519733291001,0.7153918288961995,0.8204958286366846,2.882765670706846,0.0,0.9337296660800656
06,alpha,0.5,1028,dm,n40000,nan,0.6075518962877225,0.7153918288961995,0.8204958286366846,2.882765670706846,0.0,nan
06,alpha,0.5,1028,ips,n40000,nan,0.7151980061748491,0.7153918288961995,0.8204958286366846,2.882765670706846,0.0,0.8204958286366846
06,alpha,0.5,1028,snips,n40000,nan,0.7132103495062615,0.7153918288961995,0.8204958286366846,2.882765670706846,0.0,0.8204958286366846
06,alpha,0.5,1028,clipped_ips,n40000,1.6167411865160959,0.6960033007499086,0.7153918288961995,0.8204958286366846,2.882765670706846,0.0,0.8384905674351909
06,alpha,0.5,1028,dr,n40000,nan,0.7129361335430497,0.7153918288961995,0.8204958286366846,2.882765670706846,0.0,0.8204958286366846
06,alpha,0.5,1028,switch_dr,n40000,1.7732049687702836,0.691598723997853,0.7153918288961995,0.8204958286366846,2.882765670706846,0.0,0.7936893432925255
06,alpha,0.5,1028,dros,n40000,2.6138520641774736,0.6596571274591052,0.7153918288961995,0.8204958286366846,2.882765670706846,0.0,0.9337296660800656
06,alpha,0.25,1028,dm,n40000,nan,0.5537759481438612,0.7153918288961995,0.8204958286366846,2.882765670706846,0.0,nan
06,alpha,0.25,1028,ips,n40000,nan,0.7151980061748491,0.7153918288961995,0.8204958286366846,2.882765670706846,0.0,0.8204958286366846
06,alpha,0.25,1028,snips,n40000,nan,0.7132103495062615,0.7153918288961995,0.8204958286366846,2.882765670706846,0.0,0.8204958286366846
06,alpha,0.25,1028,clipped_ips,n40000,1.6167411865160959,0.6960033007499086,0.7153918288961995,0.8204958286366846,2.882765670706846,0.0,0.8384905674351909
06,alpha,0.25,1028,dr,n40000,nan,0.7133703410923367,0.7153918288961995,0.8204958286366846,2.882765670706846,0.0,0.8204958286366846
06,alpha,0.25,1028,switch_dr,n40000,1.7732049687702836,0.6818366444226917,0.7153918288961995,0.8204958286366846,2.882765670706846,0.0,0.7936893432925255
06,alpha,0.25,1028,dros,n40000,2.6138520641774736,0.63276228158911,0.7153918288961995,0.8204958286366846,2.882765670706846,0.0,0.9337296660800656
06,alpha,0.0,1028,dm,n40000,nan,0.5,0.7153918288961995,0.8204958286366846,2.882765670706846,0.0,nan
06,alpha,0.0,1028,ips,n40000,nan,0.7151980061748491,0.7153918288961995,0.8204958286366846,2.882765670706846,0.0,0.8204958286366846
06,alpha,0.0,1028,snips,n40000,nan,0.7132103495062615,0.7153918288961995,0.8204958286366846,2.882765670706846,0.0,0.8204958286366846
06,alpha,0.0,1028,clipped_ips,n40000,1.6167411865160959,0.6960033007499086,0.7153918288961995,0.8204958286366846,2.882765670706846,0.0,0.8384905674351909
06,alpha,0.0,1028,dr,n40000,nan,0.7138045486416237,0.7153918288961995,0.8204958286366846,2.882765670706846,0.0,0.8204958286366846
06,alpha,0.0,1028,switch_dr,n40000,1.7732049687702836,0.6720745648475303,0.7153918288961995,0.8204958286366846,2.882765670706846,0.0,0.7936893432925255
06,alpha,0.0,1028,dros,n40000,2.6138520641774736,0.6058674357191148,0.7153918288961995,0.8204958286366846,2.882765670706846,0.0,0.9337296660800656
06,alpha,1.0,1029,dm,n40000,nan,0.7150774056595357,0.7153918288961995,0.8244914916099325,2.726301061850826,0.0,nan
06,alpha,1.0,1029,ips,n40000,nan,0.7147605546833742,0.7153918288961995,0.8244914916099325,2.726301061850826,0.0,0.8244914916099325
06,alpha,1.0,1029,snips,n40000,nan,0.7131241065354509,0.7153918288961995,0.8244914916099325,2.726301061850826,0.0,0.8244914916099325
06,alpha,1.0,1029,clipped_ips,n40000,1.6123768902665925,0.6958522937105482,0.7153918288961995,0.8244914916099325,2.726301061850826,0.0,0.8422219675107406
06,alpha,1.0,1029,dr,n40000,nan,0.7119051266266038,0.7153918288961995,0.8244914916099325,2.726301061850826,0.0,0.8244914916099325
06,alpha,1.0,1029,switch_dr,n40000,1.7688657897580862,0.7115901980023915,0.7153918288961995,0.8244914916099325,2.726301061850826,0.0,0.7975403591648355
06,alpha,1.0,1029,dros,n40000,2.599759236265767,0.7126287926646969,0.7153918288961995,0.8244914916099325,2.726301061850826,0.0,0.9363191862973201
06,alpha,0.9,1029,dm,n40000,nan,0.6935696650935821,0.7153918288961995,0.8244914916099325,2.726301061850826,0.0,nan
06,alpha,0.9,1029,ips,n40000,nan,0.7147605546833742,0.7153918288961995,0.8244914916099325,2.726301061850826,0.0,0.8244914916099325
06,alpha,0.9,1029,snips,n40000,nan,0.7131241065354509,0.7153918288961995,0.8244914916099325,2.726301061850826,0.0,0.8244914916099325
06,alpha,0.9,1029,clipped_ips,n40000,1.6123768902665925,0.6958522937105482,0.7153918288961995,0.8244914916099325,2.726301061850826,0.0,0.8422219675107406
06,alpha,0.9,1029,dr,n40000,nan,0.7120759314692161,0.7153918288961995,0.8244914916099325,2.726301061850826,0.0,0.8244914916099325
06,alpha,0.9,1029,switch_dr,n40000,1.7688657897580862,0.7077157898560148,0.7153918288961995,0.8244914916099325,2.726301061850826,0.0,0.7975403591648355
06,alpha,0.9,1029,dros,n40000,2.599759236265767,0.7018928765375021,0.7153918288961995,0.8244914916099325,2.726301061850826,0.0,0.9363191862973201
06,alpha,0.75,1029,dm,n40000,nan,0.6613080542446518,0.7153918288961995,0.8244914916099325,2.726301061850826,0.0,nan
06,alpha,0.75,1029,ips,n40000,nan,0.7147605546833742,0.7153918288961995,0.8244914916099325,2.726301061850826,0.0,0.8244914916099325
06,alpha,0.75,1029,snips,n40000,nan,0.7131241065354509,0.7153918288961995,0.8244914916099325,2.726301061850826,0.0,0.8244914916099325
06,alpha,0.75,1029,clipped_ips,n40000,1.6123768902665925,0.6958522937105482,0.7153918288961995,0.8244914916099325,2.726301061850826,0.0,0.8422219675107406
06,alpha,0.75,1029,dr,n40000,nan,0.7123321387331347,0.7153918288961995,0.8244914916099325,2.726301061850826,0.0,0.8244914916099325
06,alpha,0.75,1029,switch_dr,n40000,1.7688657897580862,0.7019041776364496,0.7153918288961995,0.8244914916099325,2.726301061850826,0.0,0.7975403591648355
06,alpha,0.75,1029,dros,n40000,2.599759236265767,0.68578900234671,0.7153918288961995,0.8244914916099325,2.726301061850826,0.0,0.9363191862973201
06,alpha,0.5,1029,dm,n40000,nan,0.6075387028297679,0.7153918288961995,0.8244914916099325,2.726301061850826,0.0,nan
06,alpha,0.5,1029,ips,n40000,nan,0.7147605546833742,0.7153918288961995,0.8244914916099325,2.726301061850826,0.0,0.8244914916099325
06,alpha,0.5,1029,snips,n40000,nan,0.7131241065354509,0.7153918288961995,0.8244914916099325,2.726301061850826,0.0,0.8244914916099325
06,alpha,0.5,1029,clipped_ips,n40000,1.6123768902665925,0.6958522937105482,0.7153918288961995,0.8244914916099325,2.726301061850826,0.0,0.8422219675107406
06,alpha,0.5,1029,dr,n40000,nan,0.7127591508396658,0.7153918288961995,0.8244914916099325,2.726301061850826,0.0,0.8244914916099325
06,alpha,0.5,1029,switch_dr,n40000,1.7688657897580862,0.6922181572705078,0.7153918288961995,0.8244914916099325,2.726301061850826,0.0,0.7975403591648355
06,alpha,0.5,1029,dros,n40000,2.599759236265767,0.6589492120287233,0.7153918288961995,0.8244914916099325,2.726301061850826,0.0,0.9363191862973201
06,alpha,0.25,1029,dm,n40000,nan,0.5537693514148839,0.7153918288961995,0.8244914916099325,2.726301061850826,0.0,nan
06,alpha,0.25,1029,ips,n40000,nan,0.7147605546833742,0.7153918288961995,0.8244914916099325,2.726301061850826,0.0,0.8244914916099325
06,alpha,0.25,1029,snips,n40000,nan,0.7131241065354509,0.7153918288961995,0.8244914916099325,2.726301061850826,0.0,0.8244914916099325
06,alpha,0.25,1029,clipped_ips,n40000,1.6123768902665925,0.6958522937105482,0.7153918288961995,0.8244914916099325,2.726301061850826,0.0,0.8422219675107406
06,alpha,0.25,1029,dr,n40000,nan,0.7131861629461967,0.7153918288961995,0.8244914916099325,2.726301061850826,0.0,0.8244914916099325
06,alpha,0.25,1029,switch_dr,n40000,1.7688657897580862,0.6825321369045659,0.7153918288961995,0.8244914916099325,2.726301061850826,0.0,0.7975403591648355
06,alpha,0.25,1029,dros,n40000,2.599759236265767,0.6321094217107364,0.7153918288961995,0.8244914916099325,2.726301061850826,0.0,0.9363191862973201
06,alpha,0.0,1029,dm,n40000,nan,0.5,0.7153918288961995,0.8244914916099325,2.726301061850826,0.0,nan
06,alpha,0.0,1029,ips,n40000,nan,0.7147605546833742,0.7153918288961995,0.8244914916099325,2.726301061850826,0.0,0.8244914916099325
06,alpha,0.0,1029,snips,n40000,nan,0.7131241065354509,0.7153918288961995,0.8244914916099325,2.726301061850826,0.0,0.8244914916099325
06,alpha,0.0,1029,clipped_ips,n40000,1.6123768902665925,0.6958522937105482,0.7153918288961995,0.8244914916099325,2.726301061850826,0.0,0.8422219675107406
06,alpha,0.0,1029,dr,n40000,nan,0.7136131750527278,0.7153918288961995,0.8244914916099325,2.726301061850826,0.0,0.8244914916099325
06,alpha,0.0,1029,switch_dr,n40000,1.7688657897580862,0.672846116538624,0.7153918288961995,0.8244914916099325,2.726301061850826,0.0,0.7975403591648355
06,alpha,0.0,1029,dros,n40000,2.599759236265767,0.6052696313927495,0.7153918288961995,0.8244914916099325,2.726301061850826,0.0,0.9363191862973201
06,alpha,1.0,1030,dm,n40000,nan,0.7160843952825551,0.7153918288961995,0.8230748342198445,2.758195695382375,0.0,nan
06,alpha,1.0,1030,ips,n40000,nan,0.7146776391172613,0.7153918288961995,0.8230748342198445,2.758195695382375,0.0,0.8230748342198445
06,alpha,1.0,1030,snips,n40000,nan,0.7153377676230877,0.7153918288961995,0.8230748342198445,2.758195695382375,0.0,0.8230748342198445
06,alpha,1.0,1030,clipped_ips,n40000,1.6041501355935097,0.6956520339548086,0.7153918288961995,0.8230748342198445,2.758195695382375,0.0,0.8410264754835695
06,alpha,1.0,1030,dr,n40000,nan,0.7157427154222701,0.7153918288961995,0.8230748342198445,2.758195695382375,0.0,0.8230748342198445
06,alpha,1.0,1030,switch_dr,n40000,1.7604880972239618,0.7159741594769848,0.7153918288961995,0.8230748342198445,2.758195695382375,0.0,0.7961341399011573
06,alpha,1.0,1030,dros,n40000,2.5732976575246758,0.7157821253387082,0.7153918288961995,0.8230748342198445,2.758195695382375,0.0,0.9352052128745547
06,alpha,0.9,1030,dm,n40000,nan,0.6944759557542995,0.7153918288961995,0.8230748342198445,2.758195695382375,0.0,nan
06,alpha,0.9,1030,ips,n40000,nan,0.7146776391172613,0.7153918288961995,0.8230748342198445,2.758195695382375,0.0,0.8230748342198445
06,alpha,0.9,1030,snips,n40000,nan,0.7153377676230877,0.7153918288961995,0.8230748342198445,2.758195695382375,0.0,0.8230748342198445
06,alpha,0.9,1030,clipped_ips,n40000,1.6041501355935097,0.6956520339548086,0.7153918288961995,0.8230748342198445,2.758195695382375,0.0,0.8410264754835695
06,alpha,0.9,1030,dr,n40000,nan,0.7156823488272146,0.7153918288961995,0.8230748342198445,2.758195695382375,0.0,0.8230748342198445
06,alpha,0.9,1030,switch_dr,n40000,1.7604880972239618,0.7118895464431817,0.7153918288961995,0.8230748342198445,2.758195695382375,0.0,0.7961341399011573
06,alpha,0.9,1030,dros,n40000,2.5732976575246758,0.7048439467042309,0.7153918288961995,0.8230748342198445,2.758195695382375,0.0,0.9352052128745547
06,alpha,0.75,1030,dm,n40000,nan,0.6620632964619163,0.7153918288961995,0.8230748342198445,2.758195695382375,0.0,nan
06,alpha,0.75,1030,ips,n40000,nan,0.7146776391172613,0.7153918288961995,0.8230748342198445,2.758195695382375,0.0,0.8230748342198445
06,alpha,0.75,1030,snips,n40000,nan,0.7153377676230877,0.7153918288961995,0.8230748342198445,2.758195695382375,0.0,0.8230748342198445
06,alpha,0.75,1030,clipped_ips,n40000,1.6041501355935097,0.6956520339548086,0.7153918288961995,0.8230748342198445,2.758195695382375,0.0,0.8410264754835695
06,alpha,0.75,1030,dr,n40000,nan,0.7155917989346313,0.7153918288961995,0.8230748342198445,2.758195695382375,0.0,0.8230748342198445
06,alpha,0.75,1030,switch_dr,n40000,1.7604880972239618,0.705762626892477,0.7153918288961995,0.8230748342198445,2.758195695382375,0.0,0.7961341399011573
06,alpha,0.75,1030,dros,n40000,2.5732976575246758,0.6884366787525149,0.7153918288961995,0.8230748342198445,2.758195695382375,0.0,0.9352052128745547
06,alpha,0.5,1030,dm,n40000,nan,0.6080421976412775,0.7153918288961995,0.8230748342198445,2.758195695382375,0.0,nan
06,alpha,0.5,1030,ips,n40000,nan,0.7146776391172613,0.7153918288961995,0.8230748342198445,2.758195695382375,0.0,0.8230748342198445
06,alpha,0.5,1030,snips,n40000,nan,0.7153377676230877,0.7153918288961995,0.8230748342198445,2.758195695382375,0.0,0.8230748342198445
06,alpha,0.5,1030,clipped_ips,n40000,1.6041501355935097,0.6956520339548086,0.7153918288961995,0.8230748342198445,2.758195695382375,0.0,0.8410264754835695
06,alpha,0.5,1030,dr,n40000,nan,0.7154408824469927,0.7153918288961995,0.8230748342198445,2.758195695382375,0.0,0.8230748342198445
06,alpha,0.5,1030,switch_dr,n40000,1.7604880972239618,0.6955510943079692,0.7153918288961995,0.8230748342198445,2.758195695382375,0.0,0.7961341399011573
06,alpha,0.5,1030,dros,n40000,2.5732976575246758,0.6610912321663216,0.7153918288961995,0.8230748342198445,2.758195695382375,0.0,0.9352052128745547
06,alpha,0.25,1030,dm,n40000,nan,0.5540210988206388,0.7153918288961995,0.8230748342198445,2.758195695382375,0.0,nan
06,alpha,0.25,1030,ips,n40000,nan,0.7146776391172613,0.7153918288961995,0.8230748342198445,2.758195695382375,0.0,0.8230748342198445
06,alpha,0.25,1030,snips,n40000,nan,0.7153377676230877,0.7153918288961995,0.8230748342198445,2.758195695382375,0.0,0.8230748342198445
06,alpha,0.25,1030,clipped_ips,n40000,1.6041501355935097,0.6956520339548086,0.7153918288961995,0.8230748342198445,2.758195695382375,0.0,0.8410264754835695
06,alpha,0.25,1030,dr,n40000,nan,0.7152899659593539,0.7153918288961995,0.8230748342198445,2.758195695382375,0.0,0.8230748342198445
06,alpha,0.25,1030,switch_dr,n40000,1.7604880972239618,0.6853395617234616,0.7153918288961995,0.8230748342198445,2.758195695382375,0.0,0.7961341399011573
06,alpha,0.25,1030,dros,n40000,2.5732976575246758,0.6337457855801282,0.7153918288961995,0.8230748342198445,2.758195695382375,0.0,0.9352052128745547
06,alpha,0.0,1030,dm,n40000,nan,0.5,0.7153918288961995,0.8230748342198445,2.758195695382375,0.0,nan
06,alpha,0.0,1030,ips,n40000,nan,0.7146776391172613,0.7153918288961995,0.8230748342198445,2.758195695382375,0.0,0.8230748342198445
06,alpha,0.0,1030,snips,n40000,nan,0.7153377676230877,0.7153918288961995,0.8230748342198445,2.758195695382375,0.0,0.8230748342198445
06,alpha,0.0,1030,clipped_ips,n40000,1.6041501355935097,0.6956520339548086,0.7153918288961995,0.8230748342198445,2.758195695382375,0.0,0.8410264754835695
06,alpha,0.0,1030,dr,n40000,nan,0.7151390494717152,0.7153918288961995,0.8230748342198445,2.758195695382375,0.0,0.8230748342198445
06,alpha,0.0,1030,switch_dr,n40000,1.7604880972239618,0.6751280291389539,0.7153918288961995,0.8230748342198445,2.758195695382375,0.0,0.7961341399011573
06,alpha,0.0,1030,dros,n40000,2.5732976575246758,0.6064003389939349,0.7153918288961995,0.8230748342198445,2.758195695382375,0.0,0.9352052128745547
06,alpha,1.0,1031,dm,n40000,nan,0.715337065042242,0.7153918288961995,0.8222266600970626,2.924529505406487,0.0,nan
06,alpha,1.0,1031,ips,n40000,nan,0.707731921768554,0.7153918288961995,0.8222266600970626,2.924529505406487,0.0,0.8222266600970626
06,alpha,1.0,1031,snips,n40000,nan,0.7123959305782472,0.7153918288961995,0.8222266600970626,2.924529505406487,0.0,0.8222266600970626
06,alpha,1.0,1031,clipped_ips,n40000,1.5968499291874567,0.6883468328810687,0.7153918288961995,0.8222266600970626,2.924529505406487,0.0,0.8407262734138854
06,alpha,1.0,1031,dr,n40000,nan,0.7154464656311472,0.7153918288961995,0.8222266600970626,2.924529505406487,0.0,0.8222266600970626
06,alpha,1.0,1031,switch_dr,n40000,1.759505959630243,0.7150290833557501,0.7153918288961995,0.8222266600970626,2.924529505406487,0.0,0.7958379202320361
06,alpha,1.0,1031,dros,n40000,2.5499296963459854,0.7151491486277839,0.7153918288961995,0.8222266600970626,2.924529505406487,0.0,0.935594963026623
06,alpha,0.9,1031,dm,n40000,nan,0.6938033585380179,0.7153918288961995,0.8222266600970626,2.924529505406487,0.0,nan
06,alpha,0.9,1031,ips,n40000,nan,0.707731921768554,0.7153918288961995,0.8222266600970626,2.924529505406487,0.0,0.8222266600970626
06,alpha,0.9,1031,snips,n40000,nan,0.7123959305782472,0.7153918288961995,0.8222266600970626,2.924529505406487,0.0,0.8222266600970626
06,alpha,0.9,1031,clipped_ips,n40000,1.5968499291874567,0.6883468328810687,0.7153918288961995,0.8222266600970626,2.924529505406487,0.0,0.8407262734138854
06,alpha,0.9,1031,dr,n40000,nan,0.7150023579217497,0.7153918288961995,0.8222266600970626,2.924529505406487,0.0,0.8222266600970626
06,alpha,0.9,1031,switch_dr,n40000,1.759505959630243,0.7106100640843093,0.7153918288961995,0.8222266600970626,2.924529505406487,0.0,0.7958379202320361
06,alpha,0.9,1031,dros,n40000,2.5499296963459854,0.7039897613117422,0.7153918288961995,0.8222266600970626,2.924529505406487,0.0,0.935594963026623
06,alpha,0.75,1031,dm,n40000,nan,0.6615027987816815,0.7153918288961995,0.8222266600970626,2.924529505406487,0.0,nan
06,alpha,0.75,1031,ips,n40000,nan,0.707731921768554,0.7153918288961995,0.8222266600970626,2.924529505406487,0.0,0.8222266600970626
06,alpha,0.75,1031,snips,n40000,nan,0.7123959305782472,0.7153918288961995,0.8222266600970626,2.924529505406487,0.0,0.8222266600970626
06,alpha,0.75,1031,clipped_ips,n40000,1.5968499291874567,0.6883468328810687,0.7153918288961995,0.8222266600970626,2.924529505406487,0.0,0.8407262734138854
06,alpha,0.75,1031,dr,n40000,nan,0.7143361963576533,0.7153918288961995,0.8222266600970626,2.924529505406487,0.0,0.8222266600970626
06,alpha,0.75,1031,switch_dr,n40000,1.759505959630243,0.703981535177148,0.7153918288961995,0.8222266600970626,2.924529505406487,0.0,0.7958379202320361
06,alpha,0.75,1031,dros,n40000,2.5499296963459854,0.6872506803376793,0.7153918288961995,0.8222266600970626,2.924529505406487,0.0,0.935594963026623
06,alpha,0.5,1031,dm,n40000,nan,0.6076685325211211,0.7153918288961995,0.8222266600970626,2.924529505406487,0.0,nan
06,alpha,0.5,1031,ips,n40000,nan,0.707731921768554,0.7153918288961995,0.8222266600970626,2.924529505406487,0.0,0.8222266600970626
06,alpha,0.5,1031,snips,n40000,nan,0.7123959305782472,0.7153918288961995,0.8222266600970626,2.924529505406487,0.0,0.8222266600970626
06,alpha,0.5,1031,clipped_ips,n40000,1.5968499291874567,0.6883468328810687,0.7153918288961995,0.8222266600970626,2.924529505406487,0.0,0.8407262734138854
06,alpha,0.5,1031,dr,n40000,nan,0.7132259270841597,0.7153918288961995,0.8222266600970626,2.924529505406487,0.0,0.8222266600970626
06,alpha,0.5,1031,switch_dr,n40000,1.759505959630243,0.692933986998546,0.7153918288961995,0.8222266600970626,2.924529505406487,0.0,0.7958379202320361
06,alpha,0.5,1031,dros,n40000,2.5499296963459854,0.6593522120475749,0.7153918288961995,0.8222266600970626,2.924529505406487,0.0,0.935594963026623
06,alpha,0.25,1031,dm,n40000,nan,0.5538342662605605,0.7153918288961995,0.8222266600970626,2.924529505406487,0.0,nan
06,alpha,0.25,1031,ips,n40000,nan,0.707731921768554,0.7153918288961995,0.8222266600970626,2.924529505406487,0.0,0.8222266600970626
06,alpha,0.25,1031,snips,n40000,nan,0.7123959305782472,0.7153918288961995,0.8222266600970626,2.924529505406487,0.0,0.8222266600970626
06,alpha,0.25,1031,clipped_ips,n40000,1.5968499291874567,0.6883468328810687,0.7153918288961995,0.8222266600970626,2.924529505406487,0.0,0.8407262734138854
06,alpha,0.25,1031,dr,n40000,nan,0.7121156578106659,0.7153918288961995,0.8222266600970626,2.924529505406487,0.0,0.8222266600970626
06,alpha,0.25,1031,switch_dr,n40000,1.759505959630243,0.6818864388199439,0.7153918288961995,0.8222266600970626,2.924529505406487,0.0,0.7958379202320361
06,alpha,0.25,1031,dros,n40000,2.5499296963459854,0.6314537437574703,0.7153918288961995,0.8222266600970626,2.924529505406487,0.0,0.935594963026623
06,alpha,0.0,1031,dm,n40000,nan,0.5,0.7153918288961995,0.8222266600970626,2.924529505406487,0.0,nan
06,alpha,0.0,1031,ips,n40000,nan,0.707731921768554,0.7153918288961995,0.8222266600970626,2.924529505406487,0.0,0.8222266600970626
06,alpha,0.0,1031,snips,n40000,nan,0.7123959305782472,0.7153918288961995,0.8222266600970626,2.924529505406487,0.0,0.8222266600970626
06,alpha,0.0,1031,clipped_ips,n40000,1.5968499291874567,0.6883468328810687,0.7153918288961995,0.8222266600970626,2.924529505406487,0.0,0.8407262734138854
06,alpha,0.0,1031,dr,n40000,nan,0.711005388537172,0.7153918288961995,0.8222266600970626,2.924529505406487,0.0,0.8222266600970626
06,alpha,0.0,1031,switch_dr,n40000,1.759505959630243,0.6708388906413418,0.7153918288961995,0.8222266600970626,2.924529505406487,0.0,0.7958379202320361
06,alpha,0.0,1031,dros,n40000,2.5499296963459854,0.6035552754673658,0.7153918288961995,0.8222266600970626,2.924529505406487,0.0,0.935594963026623
06,alpha,1.0,1032,dm,n40000,nan,0.7145504296436098,0.7153918288961995,0.8228387386115595,2.804666992976059,0.0,nan
06,alpha,1.0,1032,ips,n40000,nan,0.7188550020522815,0.7153918288961995,0.8228387386115595,2.804666992976059,0.0,0.8228387386115595
06,alpha,1.0,1032,snips,n40000,nan,0.7186008690089865,0.7153918288961995,0.8228387386115595,2.804666992976059,0.0,0.8228387386115595
06,alpha,1.0,1032,clipped_ips,n40000,1.605353749272507,0.6994032957124784,0.7153918288961995,0.8228387386115595,2.804666992976059,0.0,0.8412859985047672
06,alpha,1.0,1032,dr,n40000,nan,0.7189029007203654,0.7153918288961995,0.8228387386115595,2.804666992976059,0.0,0.8228387386115595
06,alpha,1.0,1032,switch_dr,n40000,1.767648120394856,0.7188422008888605,0.7153918288961995,0.8228387386115595,2.804666992976059,0.0,0.7964030421277741
06,alpha,1.0,1032,dros,n40000,2.5771606603032953,0.7173667653678636,0.7153918288961995,0.8228387386115595,2.804666992976059,0.0,0.9356984199380446
06,alpha,0.9,1032,dm,n40000,nan,0.6930953866792489,0.7153918288961995,0.8228387386115595,2.804666992976059,0.0,nan
06,alpha,0.9,1032,ips,n40000,nan,0.7188550020522815,0.7153918288961995,0.8228387386115595,2.804666992976059,0.0,0.8228387386115595
06,alpha,0.9,1032,snips,n40000,nan,0.7186008690089865,0.7153918288961995,0.8228387386115595,2.804666992976059,0.0,0.8228387386115595
06,alpha,0.9,1032,clipped_ips,n40000,1.605353749272507,0.6994032957124784,0.7153918288961995,0.8228387386115595,2.804666992976059,0.0,0.8412859985047672
06,alpha,0.9,1032,dr,n40000,nan,0.7188804283642745,0.7153918288961995,0.8228387386115595,2.804666992976059,0.0,0.8228387386115595
06,alpha,0.9,1032,switch_dr,n40000,1.767648120394856,0.7147804779014505,0.7153918288961995,0.8228387386115595,2.804666992976059,0.0,0.7964030421277741
06,alpha,0.9,1032,dros,n40000,2.5771606603032953,0.7064961021457593,0.7153918288961995,0.8228387386115595,2.804666992976059,0.0,0.9356984199380446
06,alpha,0.75,1032,dm,n40000,nan,0.6609128222327074,0.7153918288961995,0.8228387386115595,2.804666992976059,0.0,nan
06,alpha,0.75,1032,ips,n40000,nan,0.7188550020522815,0.7153918288961995,0.8228387386115595,2.804666992976059,0.0,0.8228387386115595
06,alpha,0.75,1032,snips,n40000,nan,0.7186008690089865,0.7153918288961995,0.8228387386115595,2.804666992976059,0.0,0.8228387386115595
06,alpha,0.75,1032,clipped_ips,n40000,1.605353749272507,0.6994032957124784,0.7153918288961995,0.8228387386115595,2.804666992976059,0.0,0.8412859985047672
06,alpha,0.75,1032,dr,n40000,nan,0.7188467198301379,0.7153918288961995,0.8228387386115595,2.804666992976059,0.0,0.8228387386115595
06,alpha,0.75,1032,switch_dr,n40000,1.767648120394856,0.7086878934203354,0.7153918288961995,0.8228387386115595,2.804666992976059,0.0,0.7964030421277741
06,alpha,0.75,1032,dros,n40000,2.5771606603032953,0.690190107312603,0.7153918288961995,0.8228387386115595,2.804666992976059,0.0,0.9356984199380446
06,alpha,0.5,1032,dm,n40000,nan,0.6072752148218049,0.7153918288961995,0.8228387386115595,2.804666992976059,0.0,nan
06,alpha,0.5,1032,ips,n40000,nan,0.7188550020522815,0.7153918288961995,0.8228387386115595,2.804666992976059,0.0,0.8228387386115595
06,alpha,0.5,1032,snips,n40000,nan,0.7186008690089865,0.7153918288961995,0.8228387386115595,2.804666992976059,0.0,0.8228387386115595
06,alpha,0.5,1032,clipped_ips,n40000,1.605353749272507,0.6994032957124784,0.7153918288961995,0.8228387386115595,2.804666992976059,0.0,0.8412859985047672
06,alpha,0.5,1032,dr,n40000,nan,0.7187905389399102,0.7153918288961995,0.8228387386115595,2.804666992976059,0.0,0.8228387386115595
06,alpha,0.5,1032,switch_dr,n40000,1.767648120394856,0.6985335859518103,0.7153918288961995,0.8228387386115595,2.804666992976059,0.0,0.7964030421277741
06,alpha,0.5,1032,dros,n40000,2.5771606603032953,0.6630134492573422,0.7153918288961995,0.8228387386115595,2.804666992976059,0.0,0.9356984199380446
06,alpha,0.25,1032,dm,n40000,nan,0.5536376074109025,0.7153918288961995,0.8228387386115595,2.804666992976059,0.0,nan
06,alpha,0.25,1032,ips,n40000,nan,0.7188550020522815,0.7153918288961995,0.8228387386115595,2.804666992976059,0.0,0.8228387386115595
06,alpha,0.25,1032,snips,n40000,nan,0.7186008690089865,0.7153918288961995,0.8228387386115595,2.804666992976059,0.0,0.8228387386115595
06,alpha,0.25,1032,clipped_ips,n40000,1.605353749272507,0.6994032957124784,0.7153918288961995,0.8228387386115595,2.804666992976059,0.0,0.8412859985047672
06,alpha,0.25,1032,dr,n40000,nan,0.7187343580496827,0.7153918288961995,0.8228387386115595,2.804666992976059,0.0,0.8228387386115595
06,alpha,0.25,1032,switch_dr,n40000,1.767648120394856,0.6883792784832852,0.7153918288961995,0.8228387386115595,2.804666992976059,0.0,0.7964030421277741
06,alpha,0.25,1032,dros,n40000,2.5771606603032953,0.6358367912020816,0.7153918288961995,0.8228387386115595,2.804666992976059,0.0,0.9356984199380446
06,alpha,0.0,1032,dm,n40000,nan,0.5,0.7153918288961995,0.8228387386115595,2.804666992976059,0.0,nan
06,alpha,0.0,1032,ips,n40000,nan,0.7188550020522815,0.7153918288961995,0.8228387386115595,2.804666992976059,0.0,0.8228387386115595
06,alpha,0.0,1032,snips,n40000,nan,0.7186008690089865,0.7153918288961995,0.8228387386115595,2.804666992976059,0.0,0.8228387386115595
06,alpha,0.0,1032,clipped_ips,n40000,1.605353749272507,0.6994032957124784,0.7153918288961995,0.8228387386115595,2.804666992976059,0.0,0.8412859985047672
06,alpha,0.0,1032,dr,n40000,nan,0.718678177159455,0.7153918288961995,0.8228387386115595,2.804666992976059,0.0,0.8228387386115595
06,alpha,0.0,1032,switch_dr,n40000,1.767648120394856,0.67822497101476,0.7153918288961995,0.8228387386115595,2.804666992976059,0.0,0.7964030421277741
06,alpha,0.0,1032,dros,n40000,2.5771606603032953,0.6086601331468209,0.7153918288961995,0.8228387386115595,2.804666992976059,0.0,0.9356984199380446
06,alpha,1.0,1033,dm,n40000,nan,0.7155499992344506,0.7153918288961995,0.8238188422305355,2.781561434115207,0.0,nan
06,alpha,1.0,1033,ips,n40000,nan,0.7202224419896346,0.7153918288961995,0.8238188422305355,2.781561434115207,0.0,0.8238188422305355
06,alpha,1.0,1033,snips,n40000,nan,0.7174863587487814,0.7153918288961995,0.8238188422305355,2.781561434115207,0.0,0.8238188422305355
06,alpha,1.0,1033,clipped_ips,n40000,1.607229094095635,0.7008300585767036,0.7153918288961995,0.8238188422305355,2.781561434115207,0.0,0.8419684104641657
06,alpha,1.0,1033,dr,n40000,nan,0.7161117982617216,0.7153918288961995,0.8238188422305355,2.781561434115207,0.0,0.8238188422305355
06,alpha,1.0,1033,switch_dr,n40000,1.7670458482468019,0.717241004098649,0.7153918288961995,0.8238188422305355,2.781561434115207,0.0,0.7969416487889454
06,alpha,1.0,1033,dros,n40000,2.5831853609074757,0.7157299182888386,0.7153918288961995,0.8238188422305355,2.781561434115207,0.0,0.9357166030155367
06,alpha,0.9,1033,dm,n40000,nan,0.6939949993110056,0.7153918288961995,0.8238188422305355,2.781561434115207,0.0,nan
06,alpha,0.9,1033,ips,n40000,nan,0.7202224419896346,0.7153918288961995,0.8238188422305355,2.781561434115207,0.0,0.8238188422305355
06,alpha,0.9,1033,snips,n40000,nan,0.7174863587487814,0.7153918288961995,0.8238188422305355,2.781561434115207,0.0,0.8238188422305355
06,alpha,0.9,1033,clipped_ips,n40000,1.607229094095635,0.7008300585767036,0.7153918288961995,0.8238188422305355,2.781561434115207,0.0,0.8419684104641657
06,alpha,0.9,1033,dr,n40000,nan,0.7163321911877676,0.7153918288961995,0.8238188422305355,2.781561434115207,0.0,0.8238188422305355
06,alpha,0.9,1033,switch_dr,n40000,1.7670458482468019,0.7134161414042922,0.7153918288961995,0.8238188422305355,2.781561434115207,0.0,0.7969416487889454
06,alpha,0.9,1033,dros,n40000,2.5831853609074757,0.7049784167699725,0.7153918288961995,0.8238188422305355,2.781561434115207,0.0,0.9357166030155367
06,alpha,0.75,1033,dm,n40000,nan,0.661662499425838,0.7153918288961995,0.8238188422305355,2.781561434115207,0.0,nan
06,alpha,0.75,1033,ips,n40000,nan,0.7202224419896346,0.7153918288961995,0.8238188422305355,2.781561434115207,0.0,0.8238188422305355
06,alpha,0.75,1033,snips,n40000,nan,0.7174863587487814,0.7153918288961995,0.8238188422305355,2.781561434115207,0.0,0.8238188422305355
06,alpha,0.75,1033,clipped_ips,n40000,1.607229094095635,0.7008300585767036,0.7153918288961995,0.8238188422305355,2.781561434115207,0.0,0.8419684104641657
06,alpha,0.75,1033,dr,n40000,nan,0.7166627805768365,0.7153918288961995,0.8238188422305355,2.781561434115207,0.0,0.8238188422305355
06,alpha,0.75,1033,switch_dr,n40000,1.7670458482468019,0.707678847362757,0.7153918288961995,0.8238188422305355,2.781561434115207,0.0,0.7969416487889454
06,alpha,0.75,1033,dros,n40000,2.5831853609074757,0.6888511644916733,0.7153918288961995,0.8238188422305355,2.781561434115207,0.0,0.9357166030155367
06,alpha,0.5,1033,dm,n40000,nan,0.6077749996172254,0.7153918288961995,0.8238188422305355,2.781561434115207,0.0,nan
06,alpha,0.5,1033,ips,n40000,nan,0.7202224419896346,0.7153918288961995,0.8238188422305355,2.781561434115207,0.0,0.8238188422305355
06,alpha,0.5,1033,snips,n40000,nan,0.7174863587487814,0.7153918288961995,0.8238188422305355,2.781561434115207,0.0,0.8238188422305355
06,alpha,0.5,1033,clipped_ips,n40000,1.607229094095635,0.7008300585767036,0.7153918288961995,0.8238188422305355,2.781561434115207,0.0,0.8419684104641657
06,alpha,0.5,1033,dr,n40000,nan,0.7172137628919515,0.7153918288961995,0.8238188422305355,2.781561434115207,0.0,0.8238188422305355
06,alpha,0.5,1033,switch_dr,n40000,1.7670458482468019,0.6981166906268651,0.7153918288961995,0.8238188422305355,2.781561434115207,0.0,0.7969416487889454
06,alpha,0.5,1033,dros,n40000,2.5831853609074757,0.661972410694508,0.7153918288961995,0.8238188422305355,2.781561434115207,0.0,0.9357166030155367
06,alpha,0.25,1033,dm,n40000,nan,0.5538874998086126,0.7153918288961995,0.8238188422305355,2.781561434115207,0.0,nan
06,alpha,0.25,1033,ips,n40000,nan,0.7202224419896346,0.7153918288961995,0.8238188422305355,2.781561434115207,0.0,0.8238188422305355
06,alpha,0.25,1033,snips,n40000,nan,0.7174863587487814,0.7153918288961995,0.8238188422305355,2.781561434115207,0.0,0.8238188422305355
06,alpha,0.25,1033,clipped_ips,n40000,1.607229094095635,0.7008300585767036,0.7153918288961995,0.8238188422305355,2.781561434115207,0.0,0.8419684104641657
06,alpha,0.25,1033,dr,n40000,nan,0.7177647452070665,0.7153918288961995,0.8238188422305355,2.781561434115207,0.0,0.8238188422305355
06,alpha,0.25,1033,switch_dr,n40000,1.7670458482468019,0.6885545338909731,0.7153918288961995,0.8238188422305355,2.781561434115207,0.0,0.7969416487889454
06,alpha,0.25,1033,dros,n40000,2.5831853609074757,0.6350936568973427,0.7153918288961995,0.8238188422305355,2.781561434115207,0.0,0.9357166030155367
06,alpha,0.0,1033,dm,n40000,nan,0.5,0.7153918288961995,0.8238188422305355,2.781561434115207,0.0,nan
06,alpha,0.0,1033,ips,n40000,nan,0.7202224419896346,0.7153918288961995,0.8238188422305355,2.781561434115207,0.0,0.8238188422305355
06,alpha,0.0,1033,snips,n40000,nan,0.7174863587487814,0.7153918288961995,0.8238188422305355,2.781561434115207,0.0,0.8238188422305355
06,alpha,0.0,1033,clipped_ips,n40000,1.607229094095635,0.7008300585767036,0.7153918288961995,0.8238188422305355,2.781561434115207,0.0,0.8419684104641657
06,alpha,0.0,1033,dr,n40000,nan,0.7183157275221814,0.7153918288961995,0.8238188422305355,2.781561434115207,0.0,0.8238188422305355
06,alpha,0.0,1033,switch_dr,n40000,1.7670458482468019,0.6789923771550811,0.7153918288961995,0.8238188422305355,2.781561434115207,0.0,0.7969416487889454
06,alpha,0.0,1033,dros,n40000,2.5831853609074757,0.6082149031001773,0.7153918288961995,0.8238188422305355,2.781561434115207,0.0,0.9357166030155367
06,alpha,1.0,1034,dm,n40000,nan,0.7159746326604818,0.7153918288961995,0.8230859076615278,2.8576643564964663,0.0,nan
06,alpha,1.0,1034,ips,n40000,nan,0.7219747055059139,0.7153918288961995,0.8230859076615278,2.8576643564964663,0.0,0.8230859076615278
06,alpha,1.0,1034,snips,n40000,nan,0.7180232652253927,0.7153918288961995,0.8230859076615278,2.8576643564964663,0.0,0.8230859076615278
06,alpha,1.0,1034,clipped_ips,n40000,1.6143101351870655,0.7023947614814778,0.7153918288961995,0.8230859076615278,2.8576643564964663,0.0,0.8416780135871773
06,alpha,1.0,1034,dr,n40000,nan,0.7156098904404555,0.7153918288961995,0.8230859076615278,2.8576643564964663,0.0,0.8230859076615278
06,alpha,1.0,1034,switch_dr,n40000,1.779312426464759,0.7166917353241716,0.7153918288961995,0.8230859076615278,2.8576643564964663,0.0,0.796821227508925
06,alpha,1.0,1034,dros,n40000,2.6059972125676816,0.7160782865835963,0.7153918288961995,0.8230859076615278,2.8576643564964663,0.0,0.9358267280999074
06,alpha,0.9,1034,dm,n40000,nan,0.6943771693944336,0.7153918288961995,0.8230859076615278,2.8576643564964663,0.0,nan
06,alpha,0.9,1034,ips,n40000,nan,0.7219747055059139,0.7153918288961995,0.8230859076615278,2.8576643564964663,0.0,0.8230859076615278
06,alpha,0.9,1034,snips,n40000,nan,0.7180232652253927,0.7153918288961995,0.8230859076615278,2.8576643564964663,0.0,0.8230859076615278
06,alpha,0.9,1034,clipped_ips,n40000,1.6143101351870655,0.7023947614814778,0.7153918288961995,0.8230859076615278,2.8576643564964663,0.0,0.8416780135871773
06,alpha,0.9,1034,dr,n40000,nan,0.7159712109270252,0.7153918288961995,0.8230859076615278,2.8576643564964663,0.0,0.8230859076615278
06,alpha,0.9,1034,switch_dr,n40000,1.779312426464759,0.712966373802336,0.7153918288961995,0.8230859076615278,2.8576643564964663,0.0,0.796821227508925
06,alpha,0.9,1034,dros,n40000,2.6059972125676816,0.7054077056180619,0.7153918288961995,0.8230859076615278,2.8576643564964663,0.0,0.9358267280999074
06,alpha,0.75,1034,dm,n40000,nan,0.6619809744953613,0.7153918288961995,0.8230859076615278,2.8576643564964663,0.0,nan
06,alpha,0.75,1034,ips,n40000,nan,0.7219747055059139,0.7153918288961995,0.8230859076615278,2.8576643564964663,0.0,0.8230859076615278
06,alpha,0.75,1034,snips,n40000,nan,0.7180232652253927,0.7153918288961995,0.8230859076615278,2.8576643564964663,0.0,0.8230859076615278
06,alpha,0.75,1034,clipped_ips,n40000,1.6143101351870655,0.7023947614814778,0.7153918288961995,0.8230859076615278,2.8576643564964663,0.0,0.8416780135871773
06,alpha,0.75,1034,dr,n40000,nan,0.7165131916568797,0.7153918288961995,0.8230859076615278,2.8576643564964663,0.0,0.8230859076615278
06,alpha,0.75,1034,switch_dr,n40000,1.779312426464759,0.7073783315195824,0.7153918288961995,0.8230859076615278,2.8576643564964663,0.0,0.796821227508925
06,alpha,0.75,1034,dros,n40000,2.6059972125676816,0.6894018341697601,0.7153918288961995,0.8230859076615278,2.8576643564964663,0.0,0.9358267280999074
06,alpha,0.5,1034,dm,n40000,nan,0.607987316330241,0.7153918288961995,0.8230859076615278,2.8576643564964663,0.0,nan
06,alpha,0.5,1034,ips,n40000,nan,0.7219747055059139,0.7153918288961995,0.8230859076615278,2.8576643564964663,0.0,0.8230859076615278
06,alpha,0.5,1034,snips,n40000,nan,0.7180232652253927,0.7153918288961995,0.8230859076615278,2.8576643564964663,0.0,0.8230859076615278
06,alpha,0.5,1034,clipped_ips,n40000,1.6143101351870655,0.7023947614814778,0.7153918288961995,0.8230859076615278,2.8576643564964663,0.0,0.8416780135871773
06,alpha,0.5,1034,dr,n40000,nan,0.7174164928733038,0.7153918288961995,0.8230859076615278,2.8576643564964663,0.0,0.8230859076615278
06,alpha,0.5,1034,switch_dr,n40000,1.779312426464759,0.6980649277149933,0.7153918288961995,0.8230859076615278,2.8576643564964663,0.0,0.796821227508925
06,alpha,0.5,1034,dros,n40000,2.6059972125676816,0.6627253817559239,0.7153918288961995,0.8230859076615278,2.8576643564964663,0.0,0.9358267280999074
06,alpha,0.25,1034,dm,n40000,nan,0.5539936581651205,0.7153918288961995,0.8230859076615278,2.8576643564964663,0.0,nan
06,alpha,0.25,1034,ips,n40000,nan,0.7219747055059139,0.7153918288961995,0.8230859076615278,2.8576643564964663,0.0,0.8230859076615278
06,alpha,0.25,1034,snips,n40000,nan,0.7180232652253927,0.7153918288961995,0.8230859076615278,2.8576643564964663,0.0,0.8230859076615278
06,alpha,0.25,1034,clipped_ips,n40000,1.6143101351870655,0.7023947614814778,0.7153918288961995,0.8230859076615278,2.8576643564964663,0.0,0.8416780135871773
06,alpha,0.25,1034,dr,n40000,nan,0.7183197940897279,0.7153918288961995,0.8230859076615278,2.8576643564964663,0.0,0.8230859076615278
06,alpha,0.25,1034,switch_dr,n40000,1.779312426464759,0.6887515239104041,0.7153918288961995,0.8230859076615278,2.8576643564964663,0.0,0.796821227508925
06,alpha,0.25,1034,dros,n40000,2.6059972125676816,0.6360489293420876,0.7153918288961995,0.8230859076615278,2.8576643564964663,0.0,0.9358267280999074
06,alpha,0.0,1034,dm,n40000,nan,0.5,0.7153918288961995,0.8230859076615278,2.8576643564964663,0.0,nan
06,alpha,0.0,1034,ips,n40000,nan,0.7219747055059139,0.7153918288961995,0.8230859076615278,2.8576643564964663,0.0,0.8230859076615278
06,alpha,0.0,1034,snips,n40000,nan,0.7180232652253927,0.7153918288961995,0.8230859076615278,2.8576643564964663,0.0,0.8230859076615278
06,alpha,0.0,1034,clipped_ips,n40000,1.6143101351870655,0.7023947614814778,0.7153918288961995,0.8230859076615278,2.8576643564964663,0.0,0.8416780135871773
06,alpha,0.0,1034,dr,n40000,nan,0.719223095306152,0.7153918288961995,0.8230859076615278,2.8576643564964663,0.0,0.8230859076615278
06,alpha,0.0,1034,switch_dr,n40000,1.779312426464759,0.679438120105815,0.7153918288961995,0.8230859076615278,2.8576643564964663,0.0,0.796821227508925
06,alpha,0.0,1034,dros,n40000,2.6059972125676816,0.6093724769282514,0.7153918288961995,0.8230859076615278,2.8576643564964663,0.0,0.9358267280999074
06,alpha,1.0,1035,dm,n40000,nan,0.7153021078001299,0.7153918288961995,0.8234261225419638,2.743198796127877,0.0,nan
06,alpha,1.0,1035,ips,n40000,nan,0.7153301890905948,0.7153918288961995,0.8234261225419638,2.743198796127877,0.0,0.8234261225419638
06,alpha,1.0,1035,snips,n40000,nan,0.7152351056466864,0.7153918288961995,0.8234261225419638,2.743198796127877,0.0,0.8234261225419638
06,alpha,1.0,1035,clipped_ips,n40000,1.6080371462735066,0.6966557043245127,0.7153918288961995,0.8234261225419638,2.743198796127877,0.0,0.8412827110050853
06,alpha,1.0,1035,dr,n40000,nan,0.7150751856308912,0.7153918288961995,0.8234261225419638,2.743198796127877,0.0,0.8234261225419638
06,alpha,1.0,1035,switch_dr,n40000,1.766573903546053,0.7167411587595542,0.7153918288961995,0.8234261225419638,2.743198796127877,0.0,0.7964371879855789
06,alpha,1.0,1035,dros,n40000,2.5857834637954427,0.7154898547232191,0.7153918288961995,0.8234261225419638,2.743198796127877,0.0,0.935621383090082
06,alpha,0.9,1035,dm,n40000,nan,0.6937718970201169,0.7153918288961995,0.8234261225419638,2.743198796127877,0.0,nan
06,alpha,0.9,1035,ips,n40000,nan,0.7153301890905948,0.7153918288961995,0.8234261225419638,2.743198796127877,0.0,0.8234261225419638
06,alpha,0.9,1035,snips,n40000,nan,0.7152351056466864,0.7153918288961995,0.8234261225419638,2.743198796127877,0.0,0.8234261225419638
06,alpha,0.9,1035,clipped_ips,n40000,1.6080371462735066,0.6966557043245127,0.7153918288961995,0.8234261225419638,2.743198796127877,0.0,0.8412827110050853
06,alpha,0.9,1035,dr,n40000,nan,0.7150940389706424,0.7153918288961995,0.8234261225419638,2.743198796127877,0.0,0.8234261225419638
06,alpha,0.9,1035,switch_dr,n40000,1.766573903546053,0.7127454655210836,0.7153918288961995,0.8234261225419638,2.743198796127877,0.0,0.7964371879855789
06,alpha,0.9,1035,dros,n40000,2.5857834637954427,0.7046455221367249,0.7153918288961995,0.8234261225419638,2.743198796127877,0.0,0.935621383090082
06,alpha,0.75,1035,dm,n40000,nan,0.6614765808500975,0.7153918288961995,0.8234261225419638,2.743198796127877,0.0,nan
06,alpha,0.75,1035,ips,n40000,nan,0.7153301890905948,0.7153918288961995,0.8234261225419638,2.743198796127877,0.0,0.8234261225419638
06,alpha,0.75,1035,snips,n40000,nan,0.7152351056466864,0.7153918288961995,0.8234261225419638,2.743198796127877,0.0,0.8234261225419638
06,alpha,0.75,1035,clipped_ips,n40000,1.6080371462735066,0.6966557043245127,0.7153918288961995,0.8234261225419638,2.743198796127877,0.0,0.8412827110050853
06,alpha,0.75,1035,dr,n40000,nan,0.7151223189802692,0.7153918288961995,0.8234261225419638,2.743198796127877,0.0,0.8234261225419638
06,alpha,0.75,1035,switch_dr,n40000,1.766573903546053,0.706751925663378,0.7153918288961995,0.8234261225419638,2.743198796127877,0.0,0.7964371879855789
06,alpha,0.75,1035,dros,n40000,2.5857834637954427,0.6883790232569839,0.7153918288961995,0.8234261225419638,2.743198796127877,0.0,0.935621383090082
06,alpha,0.5,1035,dm,n40000,nan,0.6076510539000649,0.7153918288961995,0.8234261225419638,2.743198796127877,0.0,nan
06,alpha,0.5,1035,ips,n40000,nan,0.7153301890905948,0.7153918288961995,0.8234261225419638,2.743198796127877,0.0,0.8234261225419638
06,alpha,0.5,1035,snips,n40000,nan,0.7152351056466864,0.7153918288961995,0.8234261225419638,2.743198796127877,0.0,0.8234261225419638
06,alpha,0.5,1035,clipped_ips,n40000,1.6080371462735066,0.6966557043245127,0.7153918288961995,0.8234261225419638,2.743198796127877,0.0,0.8412827110050853
06,alpha,0.5,1035,dr,n40000,nan,0.715169452329647,0.7153918288961995,0.8234261225419638,2.743198796127877,0.0,0.8234261225419638
06,alpha,0.5,1035,switch_dr,n40000,1.766573903546053,0.6967626925672014,0.7153918288961995,0.8234261225419638,2.743198796127877,0.0,0.7964371879855789
06,alpha,0.5,1035,dros,n40000,2.5857834637954427,0.6612681917907484,0.7153918288961995,0.8234261225419638,2.743198796127877,0.0,0.935621383090082
06,alpha,0.25,1035,dm,n40000,nan,0.5538255269500325,0.7153918288961995,0.8234261225419638,2.743198796127877,0.0,nan
06,alpha,0.25,1035,ips,n40000,nan,0.7153301890905948,0.7153918288961995,0.8234261225419638,2.743198796127877,0.0,0.8234261225419638
06,alpha,0.25,1035,snips,n40000,nan,0.7152351056466864,0.7153918288961995,0.8234261225419638,2.743198796127877,0.0,0.8234261225419638
06,alpha,0.25,1035,clipped_ips,n40000,1.6080371462735066,0.6966557043245127,0.7153918288961995,0.8234261225419638,2.743198796127877,0.0,0.8412827110050853
06,alpha,0.25,1035,dr,n40000,nan,0.715216585679025,0.7153918288961995,0.8234261225419638,2.743198796127877,0.0,0.8234261225419638
06,alpha,0.25,1035,switch_dr,n40000,1.766573903546053,0.686773459471025,0.7153918288961995,0.8234261225419638,2.743198796127877,0.0,0.7964371879855789
06,alpha,0.25,1035,dros,n40000,2.5857834637954427,0.6341573603245132,0.7153918288961995,0.8234261225419638,2.743198796127877,0.0,0.935621383090082
06,alpha,0.0,1035,dm,n40000,nan,0.5,0.7153918288961995,0.8234261225419638,2.743198796127877,0.0,nan
06,alpha,0.0,1035,ips,n40000,nan,0.7153301890905948,0.7153918288961995,0.8234261225419638,2.743198796127877,0.0,0.8234261225419638
06,alpha,0.0,1035,snips,n40000,nan,0.7152351056466864,0.7153918288961995,0.8234261225419638,2.743198796127877,0.0,0.8234261225419638
06,alpha,0.0,1035,clipped_ips,n40000,1.6080371462735066,0.6966557043245127,0.7153918288961995,0.8234261225419638,2.743198796127877,0.0,0.8412827110050853
06,alpha,0.0,1035,dr,n40000,nan,0.7152637190284029,0.7153918288961995,0.8234261225419638,2.743198796127877,0.0,0.8234261225419638
06,alpha,0.0,1035,switch_dr,n40000,1.766573903546053,0.6767842263748486,0.7153918288961995,0.8234261225419638,2.743198796127877,0.0,0.7964371879855789
06,alpha,0.0,1035,dros,n40000,2.5857834637954427,0.6070465288582778,0.7153918288961995,0.8234261225419638,2.743198796127877,0.0,0.935621383090082
06,alpha,1.0,1036,dm,n40000,nan,0.7147249422726423,0.7153918288961995,0.82383229324386,2.7635985930476403,0.0,nan
06,alpha,1.0,1036,ips,n40000,nan,0.719770059514855,0.7153918288961995,0.82383229324386,2.7635985930476403,0.0,0.82383229324386
06,alpha,1.0,1036,snips,n40000,nan,0.7176570457833704,0.7153918288961995,0.82383229324386,2.7635985930476403,0.0,0.82383229324386
06,alpha,1.0,1036,clipped_ips,n40000,1.6097183128251327,0.7002777016856484,0.7153918288961995,0.82383229324386,2.7635985930476403,0.0,0.8422556445377368
06,alpha,1.0,1036,dr,n40000,nan,0.7169385062270625,0.7153918288961995,0.82383229324386,2.7635985930476403,0.0,0.82383229324386
06,alpha,1.0,1036,switch_dr,n40000,1.7711112356314767,0.7171605332831377,0.7153918288961995,0.82383229324386,2.7635985930476403,0.0,0.7972837053921157
06,alpha,1.0,1036,dros,n40000,2.591193046644592,0.7159854349985167,0.7153918288961995,0.82383229324386,2.7635985930476403,0.0,0.9362188619349862
06,alpha,0.9,1036,dm,n40000,nan,0.693252448045378,0.7153918288961995,0.82383229324386,2.7635985930476403,0.0,nan
06,alpha,0.9,1036,ips,n40000,nan,0.719770059514855,0.7153918288961995,0.82383229324386,2.7635985930476403,0.0,0.82383229324386
06,alpha,0.9,1036,snips,n40000,nan,0.7176570457833704,0.7153918288961995,0.82383229324386,2.7635985930476403,0.0,0.82383229324386
06,alpha,0.9,1036,clipped_ips,n40000,1.6097183128251327,0.7002777016856484,0.7153918288961995,0.82383229324386,2.7635985930476403,0.0,0.8422556445377368
06,alpha,0.9,1036,dr,n40000,nan,0.7170744454347223,0.7153918288961995,0.82383229324386,2.7635985930476403,0.0,0.82383229324386
06,alpha,0.9,1036,switch_dr,n40000,1.7711112356314767,0.7132614955445653,0.7153918288961995,0.82383229324386,2.7635985930476403,0.0,0.7972837053921157
06,alpha,0.9,1036,dros,n40000,2.591193046644592,0.7052423625146006,0.7153918288961995,0.82383229324386,2.7635985930476403,0.0,0.9362188619349862
06,alpha,0.75,1036,dm,n40000,nan,0.6610437067044816,0.7153918288961995,0.82383229324386,2.7635985930476403,0.0,nan
06,alpha,0.75,1036,ips,n40000,nan,0.719770059514855,0.7153918288961995,0.82383229324386,2.7635985930476403,0.0,0.82383229324386
06,alpha,0.75,1036,snips,n40000,nan,0.7176570457833704,0.7153918288961995,0.82383229324386,2.7635985930476403,0.0,0.82383229324386
06,alpha,0.75,1036,clipped_ips,n40000,1.6097183128251327,0.7002777016856484,0.7153918288961995,0.82383229324386,2.7635985930476403,0.0,0.8422556445377368
06,alpha,0.75,1036,dr,n40000,nan,0.7172783542462121,0.7153918288961995,0.82383229324386,2.7635985930476403,0.0,0.82383229324386
06,alpha,0.75,1036,switch_dr,n40000,1.7711112356314767,0.7074129389367069,0.7153918288961995,0.82383229324386,2.7635985930476403,0.0,0.7972837053921157
06,alpha,0.75,1036,dros,n40000,2.591193046644592,0.6891277537887264,0.7153918288961995,0.82383229324386,2.7635985930476403,0.0,0.9362188619349862
06,alpha,0.5,1036,dm,n40000,nan,0.607362471136321,0.7153918288961995,0.82383229324386,2.7635985930476403,0.0,nan
06,alpha,0.5,1036,ips,n40000,nan,0.719770059514855,0.7153918288961995,0.82383229324386,2.7635985930476403,0.0,0.82383229324386
06,alpha,0.5,1036,snips,n40000,nan,0.7176570457833704,0.7153918288961995,0.82383229324386,2.7635985930476403,0.0,0.82383229324386
06,alpha,0.5,1036,clipped_ips,n40000,1.6097183128251327,0.7002777016856484,0.7153918288961995,0.82383229324386,2.7635985930476403,0.0,0.8422556445377368
06,alpha,0.5,1036,dr,n40000,nan,0.7176182022653617,0.7153918288961995,0.82383229324386,2.7635985930476403,0.0,0.82383229324386
06,alpha,0.5,1036,switch_dr,n40000,1.7711112356314767,0.6976653445902761,0.7153918288961995,0.82383229324386,2.7635985930476403,0.0,0.7972837053921157
06,alpha,0.5,1036,dros,n40000,2.591193046644592,0.6622700725789361,0.7153918288961995,0.82383229324386,2.7635985930476403,0.0,0.9362188619349862
06,alpha,0.25,1036,dm,n40000,nan,0.5536812355681606,0.7153918288961995,0.82383229324386,2.7635985930476403,0.0,nan
06,alpha,0.25,1036,ips,n40000,nan,0.719770059514855,0.7153918288961995,0.82383229324386,2.7635985930476403,0.0,0.82383229324386
06,alpha,0.25,1036,snips,n40000,nan,0.7176570457833704,0.7153918288961995,0.82383229324386,2.7635985930476403,0.0,0.82383229324386
06,alpha,0.25,1036,clipped_ips,n40000,1.6097183128251327,0.7002777016856484,0.7153918288961995,0.82383229324386,2.7635985930476403,0.0,0.8422556445377368
06,alpha,0.25,1036,dr,n40000,nan,0.7179580502845114,0.7153918288961995,0.82383229324386,2.7635985930476403,0.0,0.82383229324386
06,alpha,0.25,1036,switch_dr,n40000,1.7711112356314767,0.6879177502438454,0.7153918288961995,0.82383229324386,2.7635985930476403,0.0,0.7972837053921157
06,alpha,0.25,1036,dros,n40000,2.591193046644592,0.6354123913691461,0.7153918288961995,0.82383229324386,2.7635985930476403,0.0,0.9362188619349862
06,alpha,0.0,1036,dm,n40000,nan,0.5,0.7153918288961995,0.82383229324386,2.7635985930476403,0.0,nan
06,alpha,0.0,1036,ips,n40000,nan,0.719770059514855,0.7153918288961995,0.82383229324386,2.7635985930476403,0.0,0.82383229324386
06,alpha,0.0,1036,snips,n40000,nan,0.7176570457833704,0.7153918288961995,0.82383229324386,2.7635985930476403,0.0,0.82383229324386
06,alpha,0.0,1036,clipped_ips,n40000,1.6097183128251327,0.7002777016856484,0.7153918288961995,0.82383229324386,2.7635985930476403,0.0,0.8422556445377368
06,alpha,0.0,1036,dr,n40000,nan,0.718297898303661,0.7153918288961995,0.82383229324386,2.7635985930476403,0.0,0.82383229324386
06,alpha,0.0,1036,switch_dr,n40000,1.7711112356314767,0.6781701558974146,0.7153918288961995,0.82383229324386,2.7635985930476403,0.0,0.7972837053921157
06,alpha,0.0,1036,dros,n40000,2.591193046644592,0.6085547101593558,0.7153918288961995,0.82383229324386,2.7635985930476403,0.0,0.9362188619349862
06,alpha,1.0,1037,dm,n40000,nan,0.714972487423017,0.7153918288961995,0.8217694902164392,2.734420156363281,0.0,nan
06,alpha,1.0,1037,ips,n40000,nan,0.7170110796267346,0.7153918288961995,0.8217694902164392,2.734420156363281,0.0,0.8217694902164392
06,alpha,1.0,1037,snips,n40000,nan,0.716419010150067,0.7153918288961995,0.8217694902164392,2.734420156363281,0.0,0.8217694902164392
06,alpha,1.0,1037,clipped_ips,n40000,1.6084875033401345,0.6970064762718597,0.7153918288961995,0.8217694902164392,2.734420156363281,0.0,0.8403732319759707
06,alpha,1.0,1037,dr,n40000,nan,0.7155961412117443,0.7153918288961995,0.8217694902164392,2.734420156363281,0.0,0.8217694902164392
06,alpha,1.0,1037,switch_dr,n40000,1.7721398021492005,0.7143657856076276,0.7153918288961995,0.8217694902164392,2.734420156363281,0.0,0.7954939615114935
06,alpha,1.0,1037,dros,n40000,2.587232048401379,0.7147957196280187,0.7153918288961995,0.8217694902164392,2.734420156363281,0.0,0.9350902525695028
06,alpha,0.9,1037,dm,n40000,nan,0.6934752386807153,0.7153918288961995,0.8217694902164392,2.734420156363281,0.0,nan
06,alpha,0.9,1037,ips,n40000,nan,0.7170110796267346,0.7153918288961995,0.8217694902164392,2.734420156363281,0.0,0.8217694902164392
06,alpha,0.9,1037,snips,n40000,nan,0.716419010150067,0.7153918288961995,0.8217694902164392,2.734420156363281,0.0,0.8217694902164392
06,alpha,0.9,1037,clipped_ips,n40000,1.6084875033401345,0.6970064762718597,0.7153918288961995,0.8217694902164392,2.734420156363281,0.0,0.8403732319759707
06,alpha,0.9,1037,dr,n40000,nan,0.7156963136011126,0.7153918288961995,0.8217694902164392,2.734420156363281,0.0,0.8217694902164392
06,alpha,0.9,1037,switch_dr,n40000,1.7721398021492005,0.7103911898447046,0.7153918288961995,0.8217694902164392,2.734420156363281,0.0,0.7954939615114935
06,alpha,0.9,1037,dros,n40000,2.587232048401379,0.7039592233799075,0.7153918288961995,0.8217694902164392,2.734420156363281,0.0,0.9350902525695028
06,alpha,0.75,1037,dm,n40000,nan,0.6612293655672628,0.7153918288961995,0.8217694902164392,2.734420156363281,0.0,nan
06,alpha,0.75,1037,ips,n40000,nan,0.7170110796267346,0.7153918288961995,0.8217694902164392,2.734420156363281,0.0,0.8217694902164392
06,alpha,0.75,1037,snips,n40000,nan,0.716419010150067,0.7153918288961995,0.8217694902164392,2.734420156363281,0.0,0.8217694902164392
06,alpha,0.75,1037,clipped_ips,n40000,1.6084875033401345,0.6970064762718597,0.7153918288961995,0.8217694902164392,2.734420156363281,0.0,0.8403732319759707
06,alpha,0.75,1037,dr,n40000,nan,0.7158465721851653,0.7153918288961995,0.8217694902164392,2.734420156363281,0.0,0.8217694902164392
06,alpha,0.75,1037,switch_dr,n40000,1.7721398021492005,0.7044292962003202,0.7153918288961995,0.8217694902164392,2.734420156363281,0.0,0.7954939615114935
06,alpha,0.75,1037,dros,n40000,2.587232048401379,0.6877044790077408,0.7153918288961995,0.8217694902164392,2.734420156363281,0.0,0.9350902525695028
06,alpha,0.5,1037,dm,n40000,nan,0.6074862437115085,0.7153918288961995,0.8217694902164392,2.734420156363281,0.0,nan
06,alpha,0.5,1037,ips,n40000,nan,0.7170110796267346,0.7153918288961995,0.8217694902164392,2.734420156363281,0.0,0.8217694902164392
06,alpha,0.5,1037,snips,n40000,nan,0.716419010150067,0.7153918288961995,0.8217694902164392,2.734420156363281,0.0,0.8217694902164392
06,alpha,0.5,1037,clipped_ips,n40000,1.6084875033401345,0.6970064762718597,0.7153918288961995,0.8217694902164392,2.734420156363281,0.0,0.8403732319759707
06,alpha,0.5,1037,dr,n40000,nan,0.7160970031585864,0.7153918288961995,0.8217694902164392,2.734420156363281,0.0,0.8217694902164392
06,alpha,0.5,1037,switch_dr,n40000,1.7721398021492005,0.694492806793013,0.7153918288961995,0.8217694902164392,2.734420156363281,0.0,0.7954939615114935
06,alpha,0.5,1037,dros,n40000,2.587232048401379,0.6606132383874629,0.7153918288961995,0.8217694902164392,2.734420156363281,0.0,0.9350902525695028
06,alpha,0.25,1037,dm,n40000,nan,0.5537431218557543,0.7153918288961995,0.8217694902164392,2.734420156363281,0.0,nan
06,alpha,0.25,1037,ips,n40000,nan,0.7170110796267346,0.7153918288961995,0.8217694902164392,2.734420156363281,0.0,0.8217694902164392
06,alpha,0.25,1037,snips,n40000,nan,0.716419010150067,0.7153918288961995,0.8217694902164392,2.734420156363281,0.0,0.8217694902164392
06,alpha,0.25,1037,clipped_ips,n40000,1.6084875033401345,0.6970064762718597,0.7153918288961995,0.8217694902164392,2.734420156363281,0.0,0.8403732319759707
06,alpha,0.25,1037,dr,n40000,nan,0.7163474341320074,0.7153918288961995,0.8217694902164392,2.734420156363281,0.0,0.8217694902164392
06,alpha,0.25,1037,switch_dr,n40000,1.7721398021492005,0.6845563173857055,0.7153918288961995,0.8217694902164392,2.734420156363281,0.0,0.7954939615114935
06,alpha,0.25,1037,dros,n40000,2.587232048401379,0.633521997767185,0.7153918288961995,0.8217694902164392,2.734420156363281,0.0,0.9350902525695028
06,alpha,0.0,1037,dm,n40000,nan,0.5,0.7153918288961995,0.8217694902164392,2.734420156363281,0.0,nan
06,alpha,0.0,1037,ips,n40000,nan,0.7170110796267346,0.7153918288961995,0.8217694902164392,2.734420156363281,0.0,0.8217694902164392
06,alpha,0.0,1037,snips,n40000,nan,0.716419010150067,0.7153918288961995,0.8217694902164392,2.734420156363281,0.0,0.8217694902164392
06,alpha,0.0,1037,clipped_ips,n40000,1.6084875033401345,0.6970064762718597,0.7153918288961995,0.8217694902164392,2.734420156363281,0.0,0.8403732319759707
06,alpha,0.0,1037,dr,n40000,nan,0.7165978651054284,0.7153918288961995,0.8217694902164392,2.734420156363281,0.0,0.8217694902164392
06,alpha,0.0,1037,switch_dr,n40000,1.7721398021492005,0.6746198279783981,0.7153918288961995,0.8217694902164392,2.734420156363281,0.0,0.7954939615114935
06,alpha,0.0,1037,dros,n40000,2.587232048401379,0.6064307571469071,0.7153918288961995,0.8217694902164392,2.734420156363281,0.0,0.9350902525695028
06,alpha,1.0,1038,dm,n40000,nan,0.7156365549867042,0.7153918288961995,0.8224204777237788,2.74949885403601,0.0,nan
06,alpha,1.0,1038,ips,n40000,nan,0.7165002267946733,0.7153918288961995,0.8224204777237788,2.74949885403601,0.0,0.8224204777237788
06,alpha,1.0,1038,snips,n40000,nan,0.717680768121268,0.7153918288961995,0.8224204777237788,2.74949885403601,0.0,0.8224204777237788
06,alpha,1.0,1038,clipped_ips,n40000,1.6020855756607693,0.6967154483444783,0.7153918288961995,0.8224204777237788,2.74949885403601,0.0,0.8409335728719373
06,alpha,1.0,1038,dr,n40000,nan,0.7180764057723934,0.7153918288961995,0.8224204777237788,2.74949885403601,0.0,0.8224204777237788
06,alpha,1.0,1038,switch_dr,n40000,1.7654568664211736,0.716884456065643,0.7153918288961995,0.8224204777237788,2.74949885403601,0.0,0.7957941452666728
06,alpha,1.0,1038,dros,n40000,2.5666781917402983,0.7168049957167691,0.7153918288961995,0.8224204777237788,2.74949885403601,0.0,0.9353937098875093
06,alpha,0.9,1038,dm,n40000,nan,0.6940728994880339,0.7153918288961995,0.8224204777237788,2.74949885403601,0.0,nan
06,alpha,0.9,1038,ips,n40000,nan,0.7165002267946733,0.7153918288961995,0.8224204777237788,2.74949885403601,0.0,0.8224204777237788
06,alpha,0.9,1038,snips,n40000,nan,0.717680768121268,0.7153918288961995,0.8224204777237788,2.74949885403601,0.0,0.8224204777237788
06,alpha,0.9,1038,clipped_ips,n40000,1.6020855756607693,0.6967154483444783,0.7153918288961995,0.8224204777237788,2.74949885403601,0.0,0.8409335728719373
06,alpha,0.9,1038,dr,n40000,nan,0.7180010348414508,0.7153918288961995,0.8224204777237788,2.74949885403601,0.0,0.8224204777237788
06,alpha,0.9,1038,switch_dr,n40000,1.7654568664211736,0.7127697132849867,0.7153918288961995,0.8224204777237788,2.74949885403601,0.0,0.7957941452666728
06,alpha,0.9,1038,dros,n40000,2.5666781917402983,0.7058440178883085,0.7153918288961995,0.8224204777237788,2.74949885403601,0.0,0.9353937098875093
06,alpha,0.75,1038,dm,n40000,nan,0.6617274162400282,0.7153918288961995,0.8224204777237788,2.74949885403601,0.0,nan
06,alpha,0.75,1038,ips,n40000,nan,0.7165002267946733,0.7153918288961995,0.8224204777237788,2.74949885403601,0.0,0.8224204777237788
06,alpha,0.75,1038,snips,n40000,nan,0.717680768121268,0.7153918288961995,0.8224204777237788,2.74949885403601,0.0,0.8224204777237788
06,alpha,0.75,1038,clipped_ips,n40000,1.6020855756607693,0.6967154483444783,0.7153918288961995,0.8224204777237788,2.74949885403601,0.0,0.8409335728719373
06,alpha,0.75,1038,dr,n40000,nan,0.7178879784450367,0.7153918288961995,0.8224204777237788,2.74949885403601,0.0,0.8224204777237788
06,alpha,0.75,1038,switch_dr,n40000,1.7654568664211736,0.7065975991140023,0.7153918288961995,0.8224204777237788,2.74949885403601,0.0,0.7957941452666728
06,alpha,0.75,1038,dros,n40000,2.5666781917402983,0.6894025511456174,0.7153918288961995,0.8224204777237788,2.74949885403601,0.0,0.9353937098875093
06,alpha,0.5,1038,dm,n40000,nan,0.607818277493352,0.7153918288961995,0.8224204777237788,2.74949885403601,0.0,nan
06,alpha,0.5,1038,ips,n40000,nan,0.7165002267946733,0.7153918288961995,0.8224204777237788,2.74949885403601,0.0,0.8224204777237788
06,alpha,0.5,1038,snips,n40000,nan,0.717680768121268,0.7153918288961995,0.8224204777237788,2.74949885403601,0.0,0.8224204777237788
06,alpha,0.5,1038,clipped_ips,n40000,1.6020855756607693,0.6967154483444783,0.7153918288961995,0.8224204777237788,2.74949885403601,0.0,0.8409335728719373
06,alpha,0.5,1038,dr,n40000,nan,0.71769955111768,0.7153918288961995,0.8224204777237788,2.74949885403601,0.0,0.8224204777237788
06,alpha,0.5,1038,switch_dr,n40000,1.7654568664211736,0.6963107421623616,0.7153918288961995,0.8224204777237788,2.74949885403601,0.0,0.7957941452666728
06,alpha,0.5,1038,dros,n40000,2.5666781917402983,0.6620001065744655,0.7153918288961995,0.8224204777237788,2.74949885403601,0.0,0.9353937098875093
06,alpha,0.25,1038,dm,n40000,nan,0.553909138746676,0.7153918288961995,0.8224204777237788,2.74949885403601,0.0,nan
06,alpha,0.25,1038,ips,n40000,nan,0.7165002267946733,0.7153918288961995,0.8224204777237788,2.74949885403601,0.0,0.8224204777237788
06,alpha,0.25,1038,snips,n40000,nan,0.717680768121268,0.7153918288961995,0.8224204777237788,2.74949885403601,0.0,0.8224204777237788
06,alpha,0.25,1038,clipped_ips,n40000,1.6020855756607693,0.6967154483444783,0.7153918288961995,0.8224204777237788,2.74949885403601,0.0,0.8409335728719373
06,alpha,0.25,1038,dr,n40000,nan,0.7175111237903234,0.7153918288961995,0.8224204777237788,2.74949885403601,0.0,0.8224204777237788
06,alpha,0.25,1038,switch_dr,n40000,1.7654568664211736,0.6860238852107209,0.7153918288961995,0.8224204777237788,2.74949885403601,0.0,0.7957941452666728
06,alpha,0.25,1038,dros,n40000,2.5666781917402983,0.6345976620033137,0.7153918288961995,0.8224204777237788,2.74949885403601,0.0,0.9353937098875093
06,alpha,0.0,1038,dm,n40000,nan,0.5,0.7153918288961995,0.8224204777237788,2.74949885403601,0.0,nan
06,alpha,0.0,1038,ips,n40000,nan,0.7165002267946733,0.7153918288961995,0.8224204777237788,2.74949885403601,0.0,0.8224204777237788
06,alpha,0.0,1038,snips,n40000,nan,0.717680768121268,0.7153918288961995,0.8224204777237788,2.74949885403601,0.0,0.8224204777237788
06,alpha,0.0,1038,clipped_ips,n40000,1.6020855756607693,0.6967154483444783,0.7153918288961995,0.8224204777237788,2.74949885403601,0.0,0.8409335728719373
06,alpha,0.0,1038,dr,n40000,nan,0.7173226964629669,0.7153918288961995,0.8224204777237788,2.74949885403601,0.0,0.8224204777237788
06,alpha,0.0,1038,switch_dr,n40000,1.7654568664211736,0.6757370282590802,0.7153918288961995,0.8224204777237788,2.74949885403601,0.0,0.7957941452666728
06,alpha,0.0,1038,dros,n40000,2.5666781917402983,0.6071952174321619,0.7153918288961995,0.8224204777237788,2.74949885403601,0.0,0.9353937098875093
06,alpha,1.0,1039,dm,n40000,nan,0.7142800295782725,0.7153918288961995,0.8218930783354126,2.7229738593093327,0.0,nan
06,alpha,1.0,1039,ips,n40000,nan,0.7119326988662228,0.7153918288961995,0.8218930783354126,2.7229738593093327,0.0,0.8218930783354126
06,alpha,1.0,1039,snips,n40000,nan,0.714066690480608,0.7153918288961995,0.8218930783354126,2.7229738593093327,0.0,0.8218930783354126
06,alpha,1.0,1039,clipped_ips,n40000,1.6047858013325838,0.6929272092022838,0.7153918288961995,0.8218930783354126,2.7229738593093327,0.0,0.839905300588277
06,alpha,1.0,1039,dr,n40000,nan,0.7148752458382263,0.7153918288961995,0.8218930783354126,2.7229738593093327,0.0,0.8218930783354126
06,alpha,1.0,1039,switch_dr,n40000,1.7641879009503245,0.7143178871549358,0.7153918288961995,0.8218930783354126,2.7229738593093327,0.0,0.7950546642107582
06,alpha,1.0,1039,dros,n40000,2.575337468158663,0.7149702325344234,0.7153918288961995,0.8218930783354126,2.7229738593093327,0.0,0.9347217438796466
06,alpha,0.9,1039,dm,n40000,nan,0.6928520266204454,0.7153918288961995,0.8218930783354126,2.7229738593093327,0.0,nan
06,alpha,0.9,1039,ips,n40000,nan,0.7119326988662228,0.7153918288961995,0.8218930783354126,2.7229738593093327,0.0,0.8218930783354126
06,alpha,0.9,1039,snips,n40000,nan,0.714066690480608,0.7153918288961995,0.8218930783354126,2.7229738593093327,0.0,0.8218930783354126
06,alpha,0.9,1039,clipped_ips,n40000,1.6047858013325838,0.6929272092022838,0.7153918288961995,0.8218930783354126,2.7229738593093327,0.0,0.839905300588277
06,alpha,0.9,1039,dr,n40000,nan,0.714730416372789,0.7153918288961995,0.8218930783354126,2.7229738593093327,0.0,0.8218930783354126
06,alpha,0.9,1039,switch_dr,n40000,1.7641879009503245,0.7101755982144454,0.7153918288961995,0.8218930783354126,2.7229738593093327,0.0,0.7950546642107582
06,alpha,0.9,1039,dros,n40000,2.575337468158663,0.7040341366567645,0.7153918288961995,0.8218930783354126,2.7229738593093327,0.0,0.9347217438796466
06,alpha,0.75,1039,dm,n40000,nan,0.6607100221837044,0.7153918288961995,0.8218930783354126,2.7229738593093327,0.0,nan
06,alpha,0.75,1039,ips,n40000,nan,0.7119326988662228,0.7153918288961995,0.8218930783354126,2.7229738593093327,0.0,0.8218930783354126
06,alpha,0.75,1039,snips,n40000,nan,0.714066690480608,0.7153918288961995,0.8218930783354126,2.7229738593093327,0.0,0.8218930783354126
06,alpha,0.75,1039,clipped_ips,n40000,1.6047858013325838,0.6929272092022838,0.7153918288961995,0.8218930783354126,2.7229738593093327,0.0,0.839905300588277
06,alpha,0.75,1039,dr,n40000,nan,0.7145131721746328,0.7153918288961995,0.8218930783354126,2.7229738593093327,0.0,0.8218930783354126
06,alpha,0.75,1039,switch_dr,n40000,1.7641879009503245,0.7039621648037093,0.7153918288961995,0.8218930783354126,2.7229738593093327,0.0,0.7950546642107582
06,alpha,0.75,1039,dros,n40000,2.575337468158663,0.6876299928402759,0.7153918288961995,0.8218930783354126,2.7229738593093327,0.0,0.9347217438796466
06,alpha,0.5,1039,dm,n40000,nan,0.6071400147891364,0.7153918288961995,0.8218930783354126,2.7229738593093327,0.0,nan
06,alpha,0.5,1039,ips,n40000,nan,0.7119326988662228,0.7153918288961995,0.8218930783354126,2.7229738593093327,0.0,0.8218930783354126
06,alpha,0.5,1039,snips,n40000,nan,0.714066690480608,0.7153918288961995,0.8218930783354126,2.7229738593093327,0.0,0.8218930783354126
06,alpha,0.5,1039,clipped_ips,n40000,1.6047858013325838,0.6929272092022838,0.7153918288961995,0.8218930783354126,2.7229738593093327,0.0,0.839905300588277
06,alpha,0.5,1039,dr,n40000,nan,0.7141510985110393,0.7153918288961995,0.8218930783354126,2.7229738593093327,0.0,0.8218930783354126
06,alpha,0.5,1039,switch_dr,n40000,1.7641879009503245,0.6936064424524828,0.7153918288961995,0.8218930783354126,2.7229738593093327,0.0,0.7950546642107582
06,alpha,0.5,1039,dros,n40000,2.575337468158663,0.6602897531461284,0.7153918288961995,0.8218930783354126,2.7229738593093327,0.0,0.9347217438796466
06,alpha,0.25,1039,dm,n40000,nan,0.5535700073945682,0.7153918288961995,0.8218930783354126,2.7229738593093327,0.0,nan
06,alpha,0.25,1039,ips,n40000,nan,0.7119326988662228,0.7153918288961995,0.8218930783354126,2.7229738593093327,0.0,0.8218930783354126
06,alpha,0.25,1039,snips,n40000,nan,0.714066690480608,0.7153918288961995,0.8218930783354126,2.7229738593093327,0.0,0.8218930783354126
06,alpha,0.25,1039,clipped_ips,n40000,1.6047858013325838,0.6929272092022838,0.7153918288961995,0.8218930783354126,2.7229738593093327,0.0,0.839905300588277
06,alpha,0.25,1039,dr,n40000,nan,0.7137890248474457,0.7153918288961995,0.8218930783354126,2.7229738593093327,0.0,0.8218930783354126
06,alpha,0.25,1039,switch_dr,n40000,1.7641879009503245,0.6832507201012563,0.7153918288961995,0.8218930783354126,2.7229738593093327,0.0,0.7950546642107582
06,alpha,0.25,1039,dros,n40000,2.575337468158663,0.6329495134519808,0.7153918288961995,0.8218930783354126,2.7229738593093327,0.0,0.9347217438796466
06,alpha,0.0,1039,dm,n40000,nan,0.5,0.7153918288961995,0.8218930783354126,2.7229738593093327,0.0,nan
06,alpha,0.0,1039,ips,n40000,nan,0.7119326988662228,0.7153918288961995,0.8218930783354126,2.7229738593093327,0.0,0.8218930783354126
06,alpha,0.0,1039,snips,n40000,nan,0.714066690480608,0.7153918288961995,0.8218930783354126,2.7229738593093327,0.0,0.8218930783354126
06,alpha,0.0,1039,clipped_ips,n40000,1.6047858013325838,0.6929272092022838,0.7153918288961995,0.8218930783354126,2.7229738593093327,0.0,0.839905300588277
06,alpha,0.0,1039,dr,n40000,nan,0.713426951183852,0.7153918288961995,0.8218930783354126,2.7229738593093327,0.0,0.8218930783354126
06,alpha,0.0,1039,switch_dr,n40000,1.7641879009503245,0.6728949977500297,0.7153918288961995,0.8218930783354126,2.7229738593093327,0.0,0.7950546642107582
06,alpha,0.0,1039,dros,n40000,2.575337468158663,0.6056092737578332,0.7153918288961995,0.8218930783354126,2.7229738593093327,0.0,0.9347217438796466
