axis_id,knob_name,knob_value,seed,estimator,variant,hyperparam_value,estimate,v_true,ess_ratio_raw,max_weight_raw,support_proxy,ess_ratio_used
07,hyperparam_draw,11.978608262841847,1000,clipped_ips,random,11.978608262841847,0.7193480663069501,0.7153918288961995,0.2910133871595229,62.91824961749137,0.0,0.4443423565872405
07,hyperparam_draw,0.9198814436195814,1000,clipped_ips,random,0.9198814436195814,0.58814981760936,0.7153918288961995,0.2910133871595229,62.91824961749137,0.0,0.9463165100865892
07,hyperparam_draw,51.68137931294556,1000,clipped_ips,random,51.68137931294556,0.7238951860575552,0.7153918288961995,0.2910133871595229,62.91824961749137,0.0,0.30170589664025443
07,hyperparam_draw,45.1691880837645,1000,clipped_ips,random,45.1691880837645,0.7243697393925238,0.7153918288961995,0.2910133871595229,62.91824961749137,0.0,0.307191815759523
07,hyperparam_draw,83.59086381336078,1000,clipped_ips,random,83.59086381336078,0.7230763381321845,0.7153918288961995,0.2910133871595229,62.91824961749137,0.0,0.2910133871595229
07,hyperparam_draw,6.419358277742264,1000,clipped_ips,random,6.419358277742264,0.7109609262003938,0.7153918288961995,0.2910133871595229,62.91824961749137,0.0,0.5499065746409133
07,hyperparam_draw,26.373150126180064,1000,clipped_ips,random,26.373150126180064,0.7237801889434214,0.7153918288961995,0.2910133871595229,62.91824961749137,0.0,0.3565934552917821
07,hyperparam_draw,0.8680676546274388,1000,clipped_ips,random,0.8680676546274388,0.5782770467620776,0.7153918288961995,0.2910133871595229,62.91824961749137,0.0,0.9543592111674656
07,hyperparam_draw,11.259089187820281,1000,clipped_ips,random,11.259089187820281,0.7188112708861472,0.7153918288961995,0.2910133871595229,62.91824961749137,0.0,0.4535539998258805
07,hyperparam_draw,1.8700303048816542,1000,clipped_ips,random,1.8700303048816542,0.6637116667460307,0.7153918288961995,0.2910133871595229,62.91824961749137,0.0,0.8136816713231135
07,hyperparam_draw,2.4596480157215814,1000,clipped_ips,random,2.4596480157215814,0.6801794627588369,0.7153918288961995,0.2910133871595229,62.91824961749137,0.0,0.7545175319310572
07,hyperparam_draw,36.593678489363484,1000,clipped_ips,random,36.593678489363484,0.7243721739258031,0.7153918288961995,0.2910133871595229,62.91824961749137,0.0,0.3255779592583814
07,hyperparam_draw,0.7561452621255157,1000,clipped_ips,random,0.7561452621255157,0.549469660733593,0.7153918288961995,0.2910133871595229,62.91824961749137,0.0,0.9715352625201936
07,hyperparam_draw,39.22097703783516,1000,clipped_ips,random,39.22097703783516,0.724471950936711,0.7153918288961995,0.2910133871595229,62.91824961749137,0.0,0.31816921021989003
07,hyperparam_draw,41.34531067921876,1000,clipped_ips,random,41.34531067921876,0.7244927789084863,0.7153918288961995,0.2910133871595229,62.91824961749137,0.0,0.31340518190719846
07,hyperparam_draw,48.34575702468608,1000,clipped_ips,random,48.34575702468608,0.7241382579553821,0.7153918288961995,0.2910133871595229,62.91824961749137,0.0,0.30458823632023385
07,hyperparam_draw,0.9576241625079751,1000,clipped_ips,random,0.9576241625079751,0.5943911619496767,0.7153918288961995,0.2910133871595229,62.91824961749137,0.0,0.9404825802094908
07,hyperparam_draw,1.493790419068303,1000,clipped_ips,random,1.493790419068303,0.6460740486559194,0.7153918288961995,0.2910133871595229,62.91824961749137,0.0,0.8607836222651664
07,hyperparam_draw,1.0795674856510513,1000,clipped_ips,random,1.0795674856510513,0.6111179518444688,0.7153918288961995,0.2910133871595229,62.91824961749137,0.0,0.9215004230446823
07,hyperparam_draw,46.11472319457038,1000,clipped_ips,random,46.11472319457038,0.7243008368028467,0.7153918288961995,0.2910133871595229,62.91824961749137,0.0,0.30643178671878474
07,hyperparam_draw,49.52817217536694,1000,clipped_ips,random,49.52817217536694,0.7240520935549022,0.7153918288961995,0.2910133871595229,62.91824961749137,0.0,0.30358338208221314
07,hyperparam_draw,0.8913435937268414,1000,clipped_ips,random,0.8913435937268414,0.5829167015228448,0.7153918288961995,0.2910133871595229,62.91824961749137,0.0,0.9507486431137818
07,hyperparam_draw,3.0239818713252533,1000,clipped_ips,random,3.0239818713252533,0.6899195646999841,0.7153918288961995,0.2910133871595229,62.91824961749137,0.0,0.7087845820966927
07,hyperparam_draw,45.59432018265723,1000,clipped_ips,random,45.59432018265723,0.7243387593662575,0.7153918288961995,0.2910133871595229,62.91824961749137,0.0,0.30685168662007284
07,hyperparam_draw,33.25048000265486,1000,clipped_ips,random,33.25048000265486,0.7242311849432823,0.7153918288961995,0.2910133871595229,62.91824961749137,0.0,0.33501427121715593
07,hyperparam_draw,5.754274588625287,1000,clipped_ips,random,5.754274588625287,0.7086623570267545,0.7153918288961995,0.2910133871595229,62.91824961749137,0.0,0.5729930634055556
07,hyperparam_draw,32.67296859289672,1000,clipped_ips,random,32.67296859289672,0.7242068301984534,0.7153918288961995,0.2910133871595229,62.91824961749137,0.0,0.3366012594443348
07,hyperparam_draw,97.59837280806822,1000,clipped_ips,random,97.59837280806822,0.7230763381321845,0.7153918288961995,0.2910133871595229,62.91824961749137,0.0,0.2910133871595229
07,hyperparam_draw,9.588056168688267,1000,clipped_ips,random,9.588056168688267,0.7172428237321877,0.7153918288961995,0.2910133871595229,62.91824961749137,0.0,0.47793465902760807
07,hyperparam_draw,42.76484561424289,1000,clipped_ips,random,42.76484561424289,0.7245066967003928,0.7153918288961995,0.2910133871595229,62.91824961749137,0.0,0.31016075410142224
07,hyperparam_draw,50.235189103392415,1000,clipped_ips,random,50.235189103392415,0.724000572150007,0.7153918288961995,0.2910133871595229,62.91824961749137,0.0,0.3029735893940168
07,hyperparam_draw,1.7836154094771868,1000,clipped_ips,random,1.7836154094771868,0.6603923956453817,0.7153918288961995,0.2910133871595229,62.91824961749137,0.0,0.8237690395094116
07,hyperparam_draw,5.83103853097196,1000,clipped_ips,random,5.83103853097196,0.7089494039263496,0.7153918288961995,0.2910133871595229,62.91824961749137,0.0,0.570231288632568
07,hyperparam_draw,109.60330564814537,1000,clipped_ips,random,109.60330564814537,0.7230763381321845,0.7153918288961995,0.2910133871595229,62.91824961749137,0.0,0.2910133871595229
07,hyperparam_draw,10.915797644987375,1000,clipped_ips,random,10.915797644987375,0.7185402031475626,0.7153918288961995,0.2910133871595229,62.91824961749137,0.0,0.4581282718981941
07,hyperparam_draw,11.527260769533576,1000,clipped_ips,random,11.527260769533576,0.7190150179711621,0.7153918288961995,0.2910133871595229,62.91824961749137,0.0,0.45010260315340367
07,hyperparam_draw,52.768741615014015,1000,clipped_ips,random,52.768741615014015,0.7238159483035326,0.7153918288961995,0.2910133871595229,62.91824961749137,0.0,0.30073513666083773
07,hyperparam_draw,44.19294856543433,1000,clipped_ips,random,44.19294856543433,0.7244408794593381,0.7153918288961995,0.2910133871595229,62.91824961749137,0.0,0.30796287619499313
07,hyperparam_draw,23.99158542870671,1000,clipped_ips,random,23.99158542870671,0.7235501460183119,0.7153918288961995,0.2910133871595229,62.91824961749137,0.0,0.3651388085073663
07,hyperparam_draw,1.7896391678045682,1000,clipped_ips,random,1.7896391678045682,0.6606350822168997,0.7153918288961995,0.2910133871595229,62.91824961749137,0.0,0.8230526453627602
07,hyperparam_draw,1.9119609291863375,1000,clipped_ips,random,1.9119609291863375,0.665192405086054,0.7153918288961995,0.2910133871595229,62.91824961749137,0.0,0.8089484750816754
07,hyperparam_draw,1.459248101870668,1000,clipped_ips,random,1.459248101870668,0.6439801153172663,0.7153918288961995,0.2910133871595229,62.91824961749137,0.0,0.8654766212577095
07,hyperparam_draw,1.2411497595723193,1000,clipped_ips,random,1.2411497595723193,0.6277735307763184,0.7153918288961995,0.2910133871595229,62.91824961749137,0.0,0.8967768411463789
07,hyperparam_draw,8.66434113732362,1000,clipped_ips,random,8.66434113732362,0.71591305156719,0.7153918288961995,0.2910133871595229,62.91824961749137,0.0,0.4943971955494724
07,hyperparam_draw,5.285180145126105,1000,clipped_ips,random,5.285180145126105,0.7067359305304867,0.7153918288961995,0.2910133871595229,62.91824961749137,0.0,0.591020043515226
07,hyperparam_draw,5.58403153278757,1000,clipped_ips,random,5.58403153278757,0.7080208018232279,0.7153918288961995,0.2910133871595229,62.91824961749137,0.0,0.5792277675033632
07,hyperparam_draw,78.16496811711532,1000,clipped_ips,random,78.16496811711532,0.7230763381321845,0.7153918288961995,0.2910133871595229,62.91824961749137,0.0,0.2910133871595229
07,hyperparam_draw,5.776230374936727,1000,clipped_ips,random,5.776230374936727,0.7087450162735986,0.7153918288961995,0.2910133871595229,62.91824961749137,0.0,0.5722018623200426
07,hyperparam_draw,20.996172955500587,1000,clipped_ips,random,20.996172955500587,0.7232037496873039,0.7153918288961995,0.2910133871595229,62.91824961749137,0.0,0.37677867838179163
07,hyperparam_draw,25.013488528500748,1000,clipped_ips,random,25.013488528500748,0.7236488548959269,0.7153918288961995,0.2910133871595229,62.91824961749137,0.0,0.36152766397365665
07,hyperparam_draw,0.7322807675783569,1000,clipped_ips,random,0.7322807675783569,0.5415231427534092,0.7153918288961995,0.2910133871595229,62.91824961749137,0.0,0.9750658812219574
07,hyperparam_draw,40.30640727935097,1000,clipped_ips,random,40.30640727935097,0.7244825930081794,0.7153918288961995,0.2910133871595229,62.91824961749137,0.0,0.3157495561627366
07,hyperparam_draw,3.035573287692924,1000,clipped_ips,random,3.035573287692924,0.6900822470833665,0.7153918288961995,0.2910133871595229,62.91824961749137,0.0,0.7079373700656448
07,hyperparam_draw,3.028400500033156,1000,clipped_ips,random,3.028400500033156,0.6899818095598054,0.7153918288961995,0.2910133871595229,62.91824961749137,0.0,0.7084611783165253
07,hyperparam_draw,3.4521579612626114,1000,clipped_ips,random,3.4521579612626114,0.6949416070551834,0.7153918288961995,0.2910133871595229,62.91824961749137,0.0,0.6803347207932158
07,hyperparam_draw,10.296177258678236,1000,clipped_ips,random,10.296177258678236,0.7179763755644092,0.7153918288961995,0.2910133871595229,62.91824961749137,0.0,0.4669263286266376
07,hyperparam_draw,4.06394278180254,1000,clipped_ips,random,4.06394278180254,0.7000611886912668,0.7153918288961995,0.2910133871595229,62.91824961749137,0.0,0.6456758702419167
07,hyperparam_draw,0.8855945229145282,1000,clipped_ips,random,0.8855945229145282,0.5818072131211673,0.7153918288961995,0.2910133871595229,62.91824961749137,0.0,0.9516397552883882
07,hyperparam_draw,18.05418371316491,1000,clipped_ips,random,18.05418371316491,0.7225386548144433,0.7153918288961995,0.2910133871595229,62.91824961749137,0.0,0.39040914667367993
07,hyperparam_draw,82.97251282586579,1000,clipped_ips,random,82.97251282586579,0.7230763381321845,0.7153918288961995,0.2910133871595229,62.91824961749137,0.0,0.2910133871595229
07,hyperparam_draw,41.80391593135686,1000,switch_dr,random,41.80391593135686,0.7251557549681488,0.7153918288961995,0.2910133871595229,62.91824961749137,0.0,0.36479376079524994
07,hyperparam_draw,17.90684937913278,1000,switch_dr,random,17.90684937913278,0.7228207057154985,0.7153918288961995,0.2910133871595229,62.91824961749137,0.0,0.42837094225544053
07,hyperparam_draw,1.0509021892235577,1000,switch_dr,random,1.0509021892235577,0.7175991843195807,0.7153918288961995,0.2910133871595229,62.91824961749137,0.0,0.7655836720134127
07,hyperparam_draw,2.6989860151084524,1000,switch_dr,random,2.6989860151084524,0.7237046521384322,0.7153918288961995,0.2910133871595229,62.91824961749137,0.0,0.7814816680477041
07,hyperparam_draw,90.21756012088231,1000,switch_dr,random,90.21756012088231,0.7221997621283738,0.7153918288961995,0.2910133871595229,62.91824961749137,0.0,0.2910133871595229
07,hyperparam_draw,116.48578661678054,1000,switch_dr,random,116.48578661678054,0.7221997621283738,0.7153918288961995,0.2910133871595229,62.91824961749137,0.0,0.2910133871595229
07,hyperparam_draw,113.45278764105406,1000,switch_dr,random,113.45278764105406,0.7221997621283738,0.7153918288961995,0.2910133871595229,62.91824961749137,0.0,0.2910133871595229
07,hyperparam_draw,7.0817023445939915,1000,switch_dr,random,7.0817023445939915,0.7234519569749706,0.7153918288961995,0.2910133871595229,62.91824961749137,0.0,0.6162319572014904
07,hyperparam_draw,2.877806248544158,1000,switch_dr,random,2.877806248544158,0.723392226379429,0.7153918288961995,0.2910133871595229,62.91824961749137,0.0,0.7718507132855921
07,hyperparam_draw,31.28368309681625,1000,switch_dr,random,31.28368309681625,0.7244609127961297,0.7153918288961995,0.2910133871595229,62.91824961749137,0.0,0.3838087910622576
07,hyperparam_draw,0.7172486146932683,1000,switch_dr,random,0.7172486146932683,0.7067371680000998,0.7153918288961995,0.2910133871595229,62.91824961749137,0.0,0.5204920408592192
07,hyperparam_draw,1.2280331930045094,1000,switch_dr,random,1.2280331930045094,0.7193772779255827,0.7153918288961995,0.2910133871595229,62.91824961749137,0.0,0.7960104949617239
07,hyperparam_draw,7.416595353795783,1000,switch_dr,random,7.416595353795783,0.7233048539221621,0.7153918288961995,0.2910133871595229,62.91824961749137,0.0,0.6073260105704422
07,hyperparam_draw,1.7303549935636624,1000,switch_dr,random,1.7303549935636624,0.7226034668550795,0.7153918288961995,0.2910133871595229,62.91824961749137,0.0,0.8146935458494526
07,hyperparam_draw,14.007272000067562,1000,switch_dr,random,14.007272000067562,0.7224196068418681,0.7153918288961995,0.2910133871595229,62.91824961749137,0.0,0.4974377535228582
07,hyperparam_draw,40.397893433899995,1000,switch_dr,random,40.397893433899995,0.7251557549681488,0.7153918288961995,0.2910133871595229,62.91824961749137,0.0,0.36479376079524994
07,hyperparam_draw,38.239580716704275,1000,switch_dr,random,38.239580716704275,0.7244609127961297,0.7153918288961995,0.2910133871595229,62.91824961749137,0.0,0.3838087910622576
07,hyperparam_draw,0.7045749205146097,1000,switch_dr,random,0.7045749205146097,0.7065435618662183,0.7153918288961995,0.2910133871595229,62.91824961749137,0.0,0.5011912738854424
07,hyperparam_draw,7.2172157527975935,1000,switch_dr,random,7.2172157527975935,0.7232908774759135,0.7153918288961995,0.2910133871595229,62.91824961749137,0.0,0.614793666994235
07,hyperparam_draw,47.37500578428544,1000,switch_dr,random,47.37500578428544,0.7273123300610931,0.7153918288961995,0.2910133871595229,62.91824961749137,0.0,0.32492422635521145
07,hyperparam_draw,0.8466339696141345,1000,switch_dr,random,0.8466339696141345,0.7137159918797807,0.7153918288961995,0.2910133871595229,62.91824961749137,0.0,0.6670966142040029
07,hyperparam_draw,15.290459171651857,1000,switch_dr,random,15.290459171651857,0.7227187095620332,0.7153918288961995,0.2910133871595229,62.91824961749137,0.0,0.4691206564398576
07,hyperparam_draw,4.570220619598709,1000,switch_dr,random,4.570220619598709,0.7248841997929403,0.7153918288961995,0.2910133871595229,62.91824961749137,0.0,0.699038996012634
07,hyperparam_draw,12.373356160422638,1000,switch_dr,random,12.373356160422638,0.7222491081850592,0.7153918288961995,0.2910133871595229,62.91824961749137,0.0,0.5169745472109807
07,hyperparam_draw,2.5799906743082235,1000,switch_dr,random,2.5799906743082235,0.7238732706566162,0.7153918288961995,0.2910133871595229,62.91824961749137,0.0,0.7863959585044841
07,hyperparam_draw,1.810688413565764,1000,switch_dr,random,1.810688413565764,0.7228315834193163,0.7153918288961995,0.2910133871595229,62.91824961749137,0.0,0.8134380637587639
07,hyperparam_draw,13.026013008270144,1000,switch_dr,random,13.026013008270144,0.7222491081850592,0.7153918288961995,0.2910133871595229,62.91824961749137,0.0,0.5169745472109807
07,hyperparam_draw,2.901624909722163,1000,switch_dr,random,2.901624909722163,0.7237790906457253,0.7153918288961995,0.2910133871595229,62.91824961749137,0.0,0.770385261740378
07,hyperparam_draw,2.6279353412994064,1000,switch_dr,random,2.6279353412994064,0.7233079917986392,0.7153918288961995,0.2910133871595229,62.91824961749137,0.0,0.7842235230526432
07,hyperparam_draw,0.767757312592058,1000,switch_dr,random,0.767757312592058,0.7104435912550445,0.7153918288961995,0.2910133871595229,62.91824961749137,0.0,0.5867467265273277
07,hyperparam_draw,11.769648966435128,1000,switch_dr,random,11.769648966435128,0.7238140832322459,0.7153918288961995,0.2910133871595229,62.91824961749137,0.0,0.5200617290561818
07,hyperparam_draw,26.193741293738196,1000,switch_dr,random,26.193741293738196,0.7238017140630014,0.7153918288961995,0.2910133871595229,62.91824961749137,0.0,0.4071933930727552
07,hyperparam_draw,5.219998118857841,1000,switch_dr,random,5.219998118857841,0.7250490042333814,0.7153918288961995,0.2910133871595229,62.91824961749137,0.0,0.6812893623739049
07,hyperparam_draw,2.8925165062597515,1000,switch_dr,random,2.8925165062597515,0.723580863403871,0.7153918288961995,0.2910133871595229,62.91824961749137,0.0,0.7706305634299617
07,hyperparam_draw,1.0194395549052362,1000,switch_dr,random,1.0194395549052362,0.7172783412368433,0.7153918288961995,0.2910133871595229,62.91824961749137,0.0,0.7567236065189897
07,hyperparam_draw,0.8829858164671681,1000,switch_dr,random,0.8829858164671681,0.7147605423834573,0.7153918288961995,0.2910133871595229,62.91824961749137,0.0,0.6947765541879461
07,hyperparam_draw,2.0191832468229842,1000,switch_dr,random,2.0191832468229842,0.722240397676417,0.7153918288961995,0.2910133871595229,62.91824961749137,0.0,0.8078330739376743
07,hyperparam_draw,14.43236771922047,1000,switch_dr,random,14.43236771922047,0.723775123296662,0.7153918288961995,0.2910133871595229,62.91824961749137,0.0,0.48553116886838
07,hyperparam_draw,24.584168885913844,1000,switch_dr,random,24.584168885913844,0.7238017140630014,0.7153918288961995,0.2910133871595229,62.91824961749137,0.0,0.4071933930727552
07,hyperparam_draw,64.34005101901688,1000,switch_dr,random,64.34005101901688,0.7221997621283738,0.7153918288961995,0.2910133871595229,62.91824961749137,0.0,0.2910133871595229
07,hyperparam_draw,25.3115925326843,1000,switch_dr,random,25.3115925326843,0.7238017140630014,0.7153918288961995,0.2910133871595229,62.91824961749137,0.0,0.4071933930727552
07,hyperparam_draw,31.868217971441062,1000,switch_dr,random,31.868217971441062,0.7244609127961297,0.7153918288961995,0.2910133871595229,62.91824961749137,0.0,0.3838087910622576
07,hyperparam_draw,12.001706968688978,1000,switch_dr,random,12.001706968688978,0.7222491081850592,0.7153918288961995,0.2910133871595229,62.91824961749137,0.0,0.5169745472109807
07,hyperparam_draw,18.879998460099124,1000,switch_dr,random,18.879998460099124,0.7228207057154985,0.7153918288961995,0.2910133871595229,62.91824961749137,0.0,0.42837094225544053
07,hyperparam_draw,65.619425230139,1000,switch_dr,random,65.619425230139,0.7221997621283738,0.7153918288961995,0.2910133871595229,62.91824961749137,0.0,0.2910133871595229
07,hyperparam_draw,36.5485603639302,1000,switch_dr,random,36.5485603639302,0.7244609127961297,0.7153918288961995,0.2910133871595229,62.91824961749137,0.0,0.3838087910622576
07,hyperparam_draw,1.4062958725828758,1000,switch_dr,random,1.4062958725828758,0.7209704000298601,0.7153918288961995,0.2910133871595229,62.91824961749137,0.0,0.8105749123534973
07,hyperparam_draw,28.279400635164457,1000,switch_dr,random,28.279400635164457,0.7238017140630014,0.7153918288961995,0.2910133871595229,62.91824961749137,0.0,0.4071933930727552
07,hyperparam_draw,73.85802741745184,1000,switch_dr,random,73.85802741745184,0.7221997621283738,0.7153918288961995,0.2910133871595229,62.91824961749137,0.0,0.2910133871595229
07,hyperparam_draw,23.18794462584876,1000,switch_dr,random,23.18794462584876,0.7238017140630014,0.7153918288961995,0.2910133871595229,62.91824961749137,0.0,0.4071933930727552
07,hyperparam_draw,9.772369741001794,1000,switch_dr,random,9.772369741001794,0.723154324191584,0.7153918288961995,0.2910133871595229,62.91824961749137,0.0,0.5458100409639239
07,hyperparam_draw,1.0533907332726136,1000,switch_dr,random,1.0533907332726136,0.7177000528529167,0.7153918288961995,0.2910133871595229,62.91824961749137,0.0,0.7664022910809168
07,hyperparam_draw,7.9587471037687685,1000,switch_dr,random,7.9587471037687685,0.7216974317316782,0.7153918288961995,0.2910133871595229,62.91824961749137,0.0,0.5848530130573562
07,hyperparam_draw,17.748727835019093,1000,switch_dr,random,17.748727835019093,0.7228207057154985,0.7153918288961995,0.2910133871595229,62.91824961749137,0.0,0.42837094225544053
07,hyperparam_draw,10.58698305513857,1000,switch_dr,random,10.58698305513857,0.7231356260851118,0.7153918288961995,0.2910133871595229,62.91824961749137,0.0,0.5337470328826504
07,hyperparam_draw,13.385568193799145,1000,switch_dr,random,13.385568193799145,0.7234731825149401,0.7153918288961995,0.2910133871595229,62.91824961749137,0.0,0.5130286939296693
07,hyperparam_draw,18.36645943877873,1000,switch_dr,random,18.36645943877873,0.7228207057154985,0.7153918288961995,0.2910133871595229,62.91824961749137,0.0,0.42837094225544053
07,hyperparam_draw,43.0955379510125,1000,switch_dr,random,43.0955379510125,0.7251557549681488,0.7153918288961995,0.2910133871595229,62.91824961749137,0.0,0.36479376079524994
07,hyperparam_draw,5.552762226895616,1000,switch_dr,random,5.552762226895616,0.725365706293149,0.7153918288961995,0.2910133871595229,62.91824961749137,0.0,0.6648209264343704
07,hyperparam_draw,55.55226098162572,1000,switch_dr,random,55.55226098162572,0.7273123300610931,0.7153918288961995,0.2910133871595229,62.91824961749137,0.0,0.32492422635521145
07,hyperparam_draw,15642.261265998453,1000,dros,random,15642.261265998453,0.7228863673789229,0.7153918288961995,0.2910133871595229,62.91824961749137,0.0,0.31575352881139185
07,hyperparam_draw,4.960240228015346,1000,dros,random,4.960240228015346,0.7199003257581428,0.7153918288961995,0.2910133871595229,62.91824961749137,0.0,0.9253179278178588
07,hyperparam_draw,258.8017277172793,1000,dros,random,258.8017277172793,0.7235844995657846,0.7153918288961995,0.2910133871595229,62.91824961749137,0.0,0.5480109460014873
07,hyperparam_draw,7.025852224205397,1000,dros,random,7.025852224205397,0.7209283751210857,0.7153918288961995,0.2910133871595229,62.91824961749137,0.0,0.9010478390503
07,hyperparam_draw,108.822864351945,1000,dros,random,108.822864351945,0.7234408729741286,0.7153918288961995,0.2910133871595229,62.91824961749137,0.0,0.6329998967010446
07,hyperparam_draw,13.983098390615655,1000,dros,random,13.983098390615655,0.7223302307671029,0.7153918288961995,0.2910133871595229,62.91824961749137,0.0,0.8432718112433626
07,hyperparam_draw,0.6589029769940814,1000,dros,random,0.6589029769940814,0.709245569315954,0.7153918288961995,0.2910133871595229,62.91824961749137,0.0,0.9777450623828984
07,hyperparam_draw,5609.465131876542,1000,dros,random,5609.465131876542,0.7234863034094615,0.7153918288961995,0.2910133871595229,62.91824961749137,0.0,0.3468337564223593
07,hyperparam_draw,4.457936522030441,1000,dros,random,4.457936522030441,0.7195374016811579,0.7153918288961995,0.2910133871595229,62.91824961749137,0.0,0.9319692765825363
07,hyperparam_draw,10.019135531329686,1000,dros,random,10.019135531329686,0.721748261859753,0.7153918288961995,0.2910133871595229,62.91824961749137,0.0,0.8726867573542578
07,hyperparam_draw,39.44095307009427,1000,dros,random,39.44095307009427,0.7232391573079222,0.7153918288961995,0.2910133871595229,62.91824961749137,0.0,0.7400529345471175
07,hyperparam_draw,17.69166739129374,1000,dros,random,17.69166739129374,0.7226435712194896,0.7153918288961995,0.2910133871595229,62.91824961749137,0.0,0.8211785695626204
07,hyperparam_draw,200.41618790855313,1000,dros,random,200.41618790855313,0.7235306531166519,0.7153918288961995,0.2910133871595229,62.91824961749137,0.0,0.5719640615165044
07,hyperparam_draw,414.22021154284926,1000,dros,random,414.22021154284926,0.7237071626721907,0.7153918288961995,0.2910133871595229,62.91824961749137,0.0,0.5069850097951804
07,hyperparam_draw,0.8653995946420869,1000,dros,random,0.8653995946420869,0.7110632828730094,0.7153918288961995,0.2910133871595229,62.91824961749137,0.0,0.9796897434780931
07,hyperparam_draw,591.5995947645023,1000,dros,random,591.5995947645023,0.7238072107581823,0.7153918288961995,0.2910133871595229,62.91824961749137,0.0,0.47863758828530856
07,hyperparam_draw,2.5545081052800462,1000,dros,random,2.5545081052800462,0.717259554077264,0.7153918288961995,0.2910133871595229,62.91824961749137,0.0,0.959950368573167
07,hyperparam_draw,0.6238442386337528,1000,dros,random,0.6238442386337528,0.7088760766466129,0.7153918288961995,0.2910133871595229,62.91824961749137,0.0,0.9770621217002581
07,hyperparam_draw,135.7944746354445,1000,dros,random,135.7944746354445,0.7234684698254261,0.7153918288961995,0.2910133871595229,62.91824961749137,0.0,0.6103418136549674
07,hyperparam_draw,36.27943663852238,1000,dros,random,36.27943663852238,0.7232037750043774,0.7153918288961995,0.2910133871595229,62.91824961749137,0.0,0.7488051197923814
07,hyperparam_draw,67.27856623044983,1000,dros,random,67.27856623044983,0.723378407976394,0.7153918288961995,0.2910133871595229,62.91824961749137,0.0,0.6835011156571643
07,hyperparam_draw,2589.1076913123566,1000,dros,random,2589.1076913123566,0.7238557293986261,0.7153918288961995,0.2910133871595229,62.91824961749137,0.0,0.3831677227573277
07,hyperparam_draw,54.563382006503076,1000,dros,random,54.563382006503076,0.7233380306514465,0.7153918288961995,0.2910133871595229,62.91824961749137,0.0,0.7057416905802532
07,hyperparam_draw,25.29595212405877,1000,dros,random,25.29595212405877,0.7229875232803592,0.7153918288961995,0.2910133871595229,62.91824961749137,0.0,0.7859105090925833
07,hyperparam_draw,1.9451900254639247,1000,dros,random,1.9451900254639247,0.7159051301192948,0.7153918288961995,0.2910133871595229,62.91824961749137,0.0,0.969276057522078
07,hyperparam_draw,978.4364507018963,1000,dros,random,978.4364507018963,0.7239199358384063,0.7153918288961995,0.2910133871595229,62.91824961749137,0.0,0.4424020387401919
07,hyperparam_draw,8.460515299510535,1000,dros,random,8.460515299510535,0.7213848932897292,0.7153918288961995,0.2910133871595229,62.91824961749137,0.0,0.8866160158354637
07,hyperparam_draw,71.5450166702656,1000,dros,random,71.5450166702656,0.7233880008666441,0.7153918288961995,0.2910133871595229,62.91824961749137,0.0,0.6769838068431121
07,hyperparam_draw,4.648375592721683,1000,dros,random,4.648375592721683,0.7196823427356104,0.7153918288961995,0.2910133871595229,62.91824961749137,0.0,0.9294098573469414
07,hyperparam_draw,168.4070033739864,1000,dros,random,168.4070033739864,0.7235001160560037,0.7153918288961995,0.2910133871595229,62.91824961749137,0.0,0.5888608874109896
07,hyperparam_draw,1299.3872765030355,1000,dros,random,1299.3872765030355,0.7239487316181542,0.7153918288961995,0.2910133871595229,62.91824961749137,0.0,0.4237151474901314
07,hyperparam_draw,7352.800812357949,1000,dros,random,7352.800812357949,0.7233222300395362,0.7153918288961995,0.2910133871595229,62.91824961749137,0.0,0.33673439805972116
07,hyperparam_draw,4.918900927519657,1000,dros,random,4.918900927519657,0.7198727075160517,0.7153918288961995,0.2910133871595229,62.91824961749137,0.0,0.9258533273413275
07,hyperparam_draw,3.2984111249195895,1000,dros,random,3.2984111249195895,0.7183866144913947,0.7153918288961995,0.2910133871595229,62.91824961749137,0.0,0.9485526896706756
07,hyperparam_draw,16.97753947496132,1000,dros,random,16.97753947496132,0.7225940555740924,0.7153918288961995,0.2910133871595229,62.91824961749137,0.0,0.8251186415386889
07,hyperparam_draw,0.88583006752604,1000,dros,random,0.88583006752604,0.711216073912196,0.7153918288961995,0.2910133871595229,62.91824961749137,0.0,0.9797374382445106
07,hyperparam_draw,1.5662978857420873,1000,dros,random,1.5662978857420873,0.7147201783764304,0.7153918288961995,0.2910133871595229,62.91824961749137,0.0,0.9745740591609212
07,hyperparam_draw,3480.803801738421,1000,dros,random,3480.803801738421,0.7237408699321755,0.7153918288961995,0.2910133871595229,62.91824961749137,0.0,0.3680115507053831
07,hyperparam_draw,452.6983825908348,1000,dros,random,452.6983825908348,0.7237322888163178,0.7153918288961995,0.2910133871595229,62.91824961749137,0.0,0.4997003541018531
07,hyperparam_draw,1.3441740522835046,1000,dros,random,1.3441740522835046,0.7138302478932467,0.7153918288961995,0.2910133871595229,62.91824961749137,0.0,0.9771894415148947
07,hyperparam_draw,14.62483868570272,1000,dros,random,14.62483868570272,0.7223958738393496,0.7153918288961995,0.2910133871595229,62.91824961749137,0.0,0.8391356938712421
07,hyperparam_draw,7.664094200525871,1000,dros,random,7.664094200525871,0.721149664169178,0.7153918288961995,0.2910133871595229,62.91824961749137,0.0,0.894414112268226
07,hyperparam_draw,862.4468483423452,1000,dros,random,862.4468483423452,0.7238975596256866,0.7153918288961995,0.2910133871595229,62.91824961749137,0.0,0.45110269589382207
07,hyperparam_draw,4.460786385434662,1000,dros,random,4.460786385434662,0.7195396427874896,0.7153918288961995,0.2910133871595229,62.91824961749137,0.0,0.9319306325282243
07,hyperparam_draw,0.8015234865525829,1000,dros,random,0.8015234865525829,0.7105575640345793,0.7153918288961995,0.2910133871595229,62.91824961749137,0.0,0.9793978430250895
07,hyperparam_draw,8817.127272523832,1000,dros,random,8817.127272523832,0.7232110780363287,0.7153918288961995,0.2910133871595229,62.91824961749137,0.0,0.33074279344742785
07,hyperparam_draw,108.76486000788496,1000,dros,random,108.76486000788496,0.7234408099151829,0.7153918288961995,0.2910133871595229,62.91824961749137,0.0,0.633055035645814
07,hyperparam_draw,9.380091865987087,1000,dros,random,9.380091865987087,0.7216123450713426,0.7153918288961995,0.2910133871595229,62.91824961749137,0.0,0.8782018027011347
07,hyperparam_draw,7765.184983112045,1000,dros,random,7765.184983112045,0.72328873045464,0.7153918288961995,0.2910133871595229,62.91824961749137,0.0,0.33486825350681104
07,hyperparam_draw,551.7184632394246,1000,dros,random,551.7184632394246,0.7237880583413857,0.7153918288961995,0.2910133871595229,62.91824961749137,0.0,0.4840049845585034
07,hyperparam_draw,2.3188079574616727,1000,dros,random,2.3188079574616727,0.7167962650691979,0.7153918288961995,0.2910133871595229,62.91824961749137,0.0,0.9636014799372018
07,hyperparam_draw,0.861714761545877,1000,dros,random,0.861714761545877,0.7110352832979583,0.7153918288961995,0.2910133871595229,62.91824961749137,0.0,0.9796789284002305
07,hyperparam_draw,2070.295629991972,1000,dros,random,2070.295629991972,0.7239134552981344,0.7153918288961995,0.2910133871595229,62.91824961749137,0.0,0.3955516019252942
07,hyperparam_draw,128.77542212166836,1000,dros,random,128.77542212166836,0.7234615104061041,0.7153918288961995,0.2910133871595229,62.91824961749137,0.0,0.6157257249779661
07,hyperparam_draw,12745.162326547408,1000,dros,random,12745.162326547408,0.7229955563949911,0.7153918288961995,0.2910133871595229,62.91824961749137,0.0,0.32045777518677904
07,hyperparam_draw,4.5983126451087415,1000,dros,random,4.5983126451087415,0.7196451651546205,0.7153918288961995,0.2910133871595229,62.91824961749137,0.0,0.9300781833313602
07,hyperparam_draw,7246.7399702989205,1000,dros,random,7246.7399702989205,0.7233311486082568,0.7153918288961995,0.2910133871595229,62.91824961749137,0.0,0.3372408825773587
07,hyperparam_draw,4.037398585511356,1000,dros,random,4.037398585511356,0.7191797798928634,0.7153918288961995,0.2910133871595229,62.91824961749137,0.0,0.9377868492582213
07,hyperparam_draw,268.64351478417194,1000,dros,random,268.64351478417194,0.7235932349053703,0.7153918288961995,0.2910133871595229,62.91824961749137,0.0,0.5446075936741117
07,hyperparam_draw,2077.8831421042332,1000,dros,random,2077.8831421042332,0.7239127253946318,0.7153918288961995,0.2910133871595229,62.91824961749137,0.0,0.39534288934013123
07,hyperparam_draw,nan,1000,ips,fixed,nan,0.7230763381321845,0.7153918288961995,0.2910133871595229,62.91824961749137,0.0,0.2910133871595229
07,hyperparam_draw,nan,1000,snips,fixed,nan,0.7243833995323461,0.7153918288961995,0.2910133871595229,62.91824961749137,0.0,0.2910133871595229
07,hyperparam_draw,nan,1000,dr,fixed,nan,0.7221997621283738,0.7153918288961995,0.2910133871595229,62.91824961749137,0.0,0.2910133871595229
07,hyperparam_draw,6.4565600881848795,1000,clipped_ips,slope,6.4565600881848795,0.7110739699412755,0.7153918288961995,0.2910133871595229,62.91824961749137,0.0,0.5487278045409781
07,hyperparam_draw,1.4625087795637117,1000,switch_dr,slope,1.4625087795637117,0.7211918551954499,0.7153918288961995,0.2910133871595229,62.91824961749137,0.0,0.8129400929676063
07,hyperparam_draw,2.1389319303009375,1000,dros,slope,2.1389319303009375,0.7163946908199141,0.7153918288961995,0.2910133871595229,62.91824961749137,0.0,0.9663624338148785
07,hyperparam_draw,3.391789980406352,1001,clipped_ips,random,3.391789980406352,0.692034845997296,0.7153918288961995,0.2696119365077565,73.37560155764996,0.0,0.6853518301693688
07,hyperparam_draw,0.9990693549429753,1001,clipped_ips,random,0.9990693549429753,0.5953973248947785,0.7153918288961995,0.2696119365077565,73.37560155764996,0.0,0.9335056802676412
07,hyperparam_draw,3.465101772666216,1001,clipped_ips,random,3.465101772666216,0.6928586575955616,0.7153918288961995,0.2696119365077565,73.37560155764996,0.0,0.6808512173797999
07,hyperparam_draw,127.0677065791492,1001,clipped_ips,random,127.0677065791492,0.7148656934665417,0.7153918288961995,0.2696119365077565,73.37560155764996,0.0,0.2696119365077565
07,hyperparam_draw,1.905622702045516,1001,clipped_ips,random,1.905622702045516,0.661371135243644,0.7153918288961995,0.2696119365077565,73.37560155764996,0.0,0.8105743173958214
07,hyperparam_draw,1.2610676783113757,1001,clipped_ips,random,1.2610676783113757,0.6250613924164152,0.7153918288961995,0.2696119365077565,73.37560155764996,0.0,0.893101206040316
07,hyperparam_draw,22.826506281678405,1001,clipped_ips,random,22.826506281678405,0.7120649871575755,0.7153918288961995,0.2696119365077565,73.37560155764996,0.0,0.3703651832790048
07,hyperparam_draw,0.9660965663613725,1001,clipped_ips,random,0.9660965663613725,0.5903455873797657,0.7153918288961995,0.2696119365077565,73.37560155764996,0.0,0.9387229395376475
07,hyperparam_draw,55.423663501488704,1001,clipped_ips,random,55.423663501488704,0.7145833731339845,0.7153918288961995,0.2696119365077565,73.37560155764996,0.0,0.29919720087580115
07,hyperparam_draw,2.561326442219733,1001,clipped_ips,random,2.561326442219733,0.6797307650967772,0.7153918288961995,0.2696119365077565,73.37560155764996,0.0,0.7456518331353095
07,hyperparam_draw,0.7383836131099399,1001,clipped_ips,random,0.7383836131099399,0.537182608825634,0.7153918288961995,0.2696119365077565,73.37560155764996,0.0,0.9741152355698739
07,hyperparam_draw,5.1751543672901095,1001,clipped_ips,random,5.1751543672901095,0.7036563851468768,0.7153918288961995,0.2696119365077565,73.37560155764996,0.0,0.6009085807876074
07,hyperparam_draw,1.783725019306134,1001,clipped_ips,random,1.783725019306134,0.6565054228894902,0.7153918288961995,0.2696119365077565,73.37560155764996,0.0,0.8244496085183673
07,hyperparam_draw,17.029686677001905,1001,clipped_ips,random,17.029686677001905,0.7115229956607177,0.7153918288961995,0.2696119365077565,73.37560155764996,0.0,0.41228669709268134
07,hyperparam_draw,36.79510856051054,1001,clipped_ips,random,36.79510856051054,0.7140855088708302,0.7153918288961995,0.2696119365077565,73.37560155764996,0.0,0.33138333801486053
07,hyperparam_draw,46.513748545606944,1001,clipped_ips,random,46.513748545606944,0.7143452479407888,0.7153918288961995,0.2696119365077565,73.37560155764996,0.0,0.31545067697425405
07,hyperparam_draw,39.287714665284156,1001,clipped_ips,random,39.287714665284156,0.7141521259275809,0.7153918288961995,0.2696119365077565,73.37560155764996,0.0,0.3275256061254142
07,hyperparam_draw,43.120078242534056,1001,clipped_ips,random,43.120078242534056,0.7142545491630156,0.7153918288961995,0.2696119365077565,73.37560155764996,0.0,0.32127227793494184
07,hyperparam_draw,1.2363720645729739,1001,clipped_ips,random,1.2363720645729739,0.6228512380263718,0.7153918288961995,0.2696119365077565,73.37560155764996,0.0,0.8967822959945885
07,hyperparam_draw,4.635534948026468,1001,clipped_ips,random,4.635534948026468,0.7014547516092561,0.7153918288961995,0.2696119365077565,73.37560155764996,0.0,0.6223739236014512
07,hyperparam_draw,1.0909364021384527,1001,clipped_ips,random,1.0909364021384527,0.6076450366449122,0.7153918288961995,0.2696119365077565,73.37560155764996,0.0,0.9190251711334589
07,hyperparam_draw,3.655146424855779,1001,clipped_ips,random,3.655146424855779,0.6947961082948777,0.7153918288961995,0.2696119365077565,73.37560155764996,0.0,0.6698350190712025
07,hyperparam_draw,3.596471239801322,1001,clipped_ips,random,3.596471239801322,0.6942315812972446,0.7153918288961995,0.2696119365077565,73.37560155764996,0.0,0.6731229682060974
07,hyperparam_draw,123.8153787035258,1001,clipped_ips,random,123.8153787035258,0.7148656934665417,0.7153918288961995,0.2696119365077565,73.37560155764996,0.0,0.2696119365077565
07,hyperparam_draw,70.19790778334749,1001,clipped_ips,random,70.19790778334749,0.714895943429883,0.7153918288961995,0.2696119365077565,73.37560155764996,0.0,0.27281050939080376
07,hyperparam_draw,4.820095642611585,1001,clipped_ips,random,4.820095642611585,0.7023117239661527,0.7153918288961995,0.2696119365077565,73.37560155764996,0.0,0.6145789499709559
07,hyperparam_draw,1.3375758020274657,1001,clipped_ips,random,1.3375758020274657,0.6312862642555502,0.7153918288961995,0.2696119365077565,73.37560155764996,0.0,0.8819805405027228
07,hyperparam_draw,54.48617805262263,1001,clipped_ips,random,54.48617805262263,0.7145583180234998,0.7153918288961995,0.2696119365077565,73.37560155764996,0.0,0.30095954878826475
07,hyperparam_draw,22.927256057753315,1001,clipped_ips,random,22.927256057753315,0.7120863947574607,0.7153918288961995,0.2696119365077565,73.37560155764996,0.0,0.36973277728071585
07,hyperparam_draw,8.939809391040958,1001,clipped_ips,random,8.939809391040958,0.7095803126532876,0.7153918288961995,0.2696119365077565,73.37560155764996,0.0,0.5060168707116458
07,hyperparam_draw,3.4339826087430447,1001,clipped_ips,random,3.4339826087430447,0.692513208062363,0.7153918288961995,0.2696119365077565,73.37560155764996,0.0,0.6827436125838243
07,hyperparam_draw,7.137777332588036,1001,clipped_ips,random,7.137777332588036,0.7081073031245778,0.7153918288961995,0.2696119365077565,73.37560155764996,0.0,0.541510935001521
07,hyperparam_draw,85.1122214700432,1001,clipped_ips,random,85.1122214700432,0.7148656934665417,0.7153918288961995,0.2696119365077565,73.37560155764996,0.0,0.2696119365077565
07,hyperparam_draw,1.3270173577422604,1001,clipped_ips,random,1.3270173577422604,0.6304775648700852,0.7153918288961995,0.2696119365077565,73.37560155764996,0.0,0.8834871699166188
07,hyperparam_draw,21.641673586180094,1001,clipped_ips,random,21.641673586180094,0.7118132305258061,0.7153918288961995,0.2696119365077565,73.37560155764996,0.0,0.3777438230378387
07,hyperparam_draw,22.015096957591584,1001,clipped_ips,random,22.015096957591584,0.7118925765892358,0.7153918288961995,0.2696119365077565,73.37560155764996,0.0,0.3754308841267074
07,hyperparam_draw,3.2018090698363055,1001,clipped_ips,random,3.2018090698363055,0.6897471446177713,0.7153918288961995,0.2696119365077565,73.37560155764996,0.0,0.6976463691806054
07,hyperparam_draw,18.032606682573174,1001,clipped_ips,random,18.032606682573174,0.7115611541830121,0.7153918288961995,0.2696119365077565,73.37560155764996,0.0,0.4040145931153512
07,hyperparam_draw,1.8844925219037791,1001,clipped_ips,random,1.8844925219037791,0.6605797644720364,0.7153918288961995,0.2696119365077565,73.37560155764996,0.0,0.8129320145534488
07,hyperparam_draw,1.6209026895112326,1001,clipped_ips,random,1.6209026895112326,0.6489360605777683,0.7153918288961995,0.2696119365077565,73.37560155764996,0.0,0.8440814626450034
07,hyperparam_draw,2.223901031521222,1001,clipped_ips,random,2.223901031521222,0.6715199717856505,0.7153918288961995,0.2696119365077565,73.37560155764996,0.0,0.7771977747848792
07,hyperparam_draw,70.4080723801664,1001,clipped_ips,random,70.4080723801664,0.7148939427741241,0.7153918288961995,0.2696119365077565,73.37560155764996,0.0,0.27260115049261324
07,hyperparam_draw,125.2844611940858,1001,clipped_ips,random,125.2844611940858,0.7148656934665417,0.7153918288961995,0.2696119365077565,73.37560155764996,0.0,0.2696119365077565
07,hyperparam_draw,3.358117891288221,1001,clipped_ips,random,3.358117891288221,0.6916415610676948,0.7153918288961995,0.2696119365077565,73.37560155764996,0.0,0.6874848557784703
07,hyperparam_draw,5.922802005975297,1001,clipped_ips,random,5.922802005975297,0.7058454028856677,0.7153918288961995,0.2696119365077565,73.37560155764996,0.0,0.5754632731859111
07,hyperparam_draw,26.738632967501378,1001,clipped_ips,random,26.738632967501378,0.7127750890820107,0.7153918288961995,0.2696119365077565,73.37560155764996,0.0,0.3537290905606401
07,hyperparam_draw,0.9964117631688564,1001,clipped_ips,random,0.9964117631688564,0.5950017457573155,0.7153918288961995,0.2696119365077565,73.37560155764996,0.0,0.9339293421247503
07,hyperparam_draw,1.5837544966446029,1001,clipped_ips,random,1.5837544966446029,0.6470031096501613,0.7153918288961995,0.2696119365077565,73.37560155764996,0.0,0.8487754608748137
07,hyperparam_draw,7.428826988054262,1001,clipped_ips,random,7.428826988054262,0.708488775533594,0.7153918288961995,0.2696119365077565,73.37560155764996,0.0,0.5348254790128079
07,hyperparam_draw,12.262856500357103,1001,clipped_ips,random,12.262856500357103,0.7108242437215543,0.7153918288961995,0.2696119365077565,73.37560155764996,0.0,0.4601522973981433
07,hyperparam_draw,13.504436179392796,1001,clipped_ips,random,13.504436179392796,0.7111136368398907,0.7153918288961995,0.2696119365077565,73.37560155764996,0.0,0.44521029928677025
07,hyperparam_draw,1.3334046914480946,1001,clipped_ips,random,1.3334046914480946,0.6309677666957434,0.7153918288961995,0.2696119365077565,73.37560155764996,0.0,0.8825758626639597
07,hyperparam_draw,62.55450644070892,1001,clipped_ips,random,62.55450644070892,0.7147739510868558,0.7153918288961995,0.2696119365077565,73.37560155764996,0.0,0.2855307127156989
07,hyperparam_draw,126.32529458152838,1001,clipped_ips,random,126.32529458152838,0.7148656934665417,0.7153918288961995,0.2696119365077565,73.37560155764996,0.0,0.2696119365077565
07,hyperparam_draw,52.181946604720686,1001,clipped_ips,random,52.181946604720686,0.7144967354425866,0.7153918288961995,0.2696119365077565,73.37560155764996,0.0,0.3052457605973264
07,hyperparam_draw,1.095920417066049,1001,clipped_ips,random,1.095920417066049,0.608242352107091,0.7153918288961995,0.2696119365077565,73.37560155764996,0.0,0.918246329173572
07,hyperparam_draw,15.469441349922668,1001,clipped_ips,random,15.469441349922668,0.7113472718117284,0.7153918288961995,0.2696119365077565,73.37560155764996,0.0,0.4259120752402204
07,hyperparam_draw,1.750267844718635,1001,clipped_ips,random,1.750267844718635,0.6550595006569279,0.7153918288961995,0.2696119365077565,73.37560155764996,0.0,0.8283593505797522
07,hyperparam_draw,0.8659039398384089,1001,clipped_ips,random,0.8659039398384089,0.5717735266283637,0.7153918288961995,0.2696119365077565,73.37560155764996,0.0,0.9545473621452935
07,hyperparam_draw,123.48874243256289,1001,clipped_ips,random,123.48874243256289,0.7148656934665417,0.7153918288961995,0.2696119365077565,73.37560155764996,0.0,0.2696119365077565
07,hyperparam_draw,22.89787393442919,1001,switch_dr,random,22.89787393442919,0.7135414749493106,0.7153918288961995,0.2696119365077565,73.37560155764996,0.0,0.4502445793614613
07,hyperparam_draw,8.886130027564342,1001,switch_dr,random,8.886130027564342,0.7210648900583624,0.7153918288961995,0.2696119365077565,73.37560155764996,0.0,0.5775392249538861
07,hyperparam_draw,5.019067829671992,1001,switch_dr,random,5.019067829671992,0.7221171949871502,0.7153918288961995,0.2696119365077565,73.37560155764996,0.0,0.67973356128832
07,hyperparam_draw,28.183607473147518,1001,switch_dr,random,28.183607473147518,0.7114307564115797,0.7153918288961995,0.2696119365077565,73.37560155764996,0.0,0.38614572872982256
07,hyperparam_draw,48.97602199256731,1001,switch_dr,random,48.97602199256731,0.7159895437563816,0.7153918288961995,0.2696119365077565,73.37560155764996,0.0,0.3593046451945471
07,hyperparam_draw,79.3649971768801,1001,switch_dr,random,79.3649971768801,0.716488468666833,0.7153918288961995,0.2696119365077565,73.37560155764996,0.0,0.2696119365077565
07,hyperparam_draw,2.3850534109553876,1001,switch_dr,random,2.3850534109553876,0.7146207411042355,0.7153918288961995,0.2696119365077565,73.37560155764996,0.0,0.7955710200836741
07,hyperparam_draw,89.28469317769044,1001,switch_dr,random,89.28469317769044,0.716488468666833,0.7153918288961995,0.2696119365077565,73.37560155764996,0.0,0.2696119365077565
07,hyperparam_draw,1.9866731828462245,1001,switch_dr,random,1.9866731828462245,0.7133298251129901,0.7153918288961995,0.2696119365077565,73.37560155764996,0.0,0.8087332217823863
07,hyperparam_draw,0.9034435409410106,1001,switch_dr,random,0.9034435409410106,0.7083404612860997,0.7153918288961995,0.2696119365077565,73.37560155764996,0.0,0.699563343661678
07,hyperparam_draw,2.8071971660445327,1001,switch_dr,random,2.8071971660445327,0.7175009486742165,0.7153918288961995,0.2696119365077565,73.37560155764996,0.0,0.7732548755608329
07,hyperparam_draw,0.980159138216029,1001,switch_dr,random,0.980159138216029,0.7103930077488763,0.7153918288961995,0.2696119365077565,73.37560155764996,0.0,0.7361878117259181
07,hyperparam_draw,2.671668480165277,1001,switch_dr,random,2.671668480165277,0.7170883192732549,0.7153918288961995,0.2696119365077565,73.37560155764996,0.0,0.7801250746909135
07,hyperparam_draw,1.0995859315395689,1001,switch_dr,random,1.0995859315395689,0.7119766624074985,0.7153918288961995,0.2696119365077565,73.37560155764996,0.0,0.7705413583877193
07,hyperparam_draw,73.4179837191272,1001,switch_dr,random,73.4179837191272,0.716488468666833,0.7153918288961995,0.2696119365077565,73.37560155764996,0.0,0.2696119365077565
07,hyperparam_draw,8.500301458514286,1001,switch_dr,random,8.500301458514286,0.7220598372312773,0.7153918288961995,0.2696119365077565,73.37560155764996,0.0,0.5794337804324443
07,hyperparam_draw,23.10627862497112,1001,switch_dr,random,23.10627862497112,0.7135414749493106,0.7153918288961995,0.2696119365077565,73.37560155764996,0.0,0.4502445793614613
07,hyperparam_draw,16.17818411961876,1001,switch_dr,random,16.17818411961876,0.7178508074840223,0.7153918288961995,0.2696119365077565,73.37560155764996,0.0,0.4981387167829666
07,hyperparam_draw,52.20687113949244,1001,switch_dr,random,52.20687113949244,0.7159895437563816,0.7153918288961995,0.2696119365077565,73.37560155764996,0.0,0.3593046451945471
07,hyperparam_draw,1.0754126827880208,1001,switch_dr,random,1.0754126827880208,0.7117827162217396,0.7153918288961995,0.2696119365077565,73.37560155764996,0.0,0.7650546078966705
07,hyperparam_draw,46.78691086010215,1001,switch_dr,random,46.78691086010215,0.7159895437563816,0.7153918288961995,0.2696119365077565,73.37560155764996,0.0,0.3593046451945471
07,hyperparam_draw,5.147137365943321,1001,switch_dr,random,5.147137365943321,0.7217440109322031,0.7153918288961995,0.2696119365077565,73.37560155764996,0.0,0.6757330258739351
07,hyperparam_draw,108.43095622074522,1001,switch_dr,random,108.43095622074522,0.716488468666833,0.7153918288961995,0.2696119365077565,73.37560155764996,0.0,0.2696119365077565
07,hyperparam_draw,17.21651215047252,1001,switch_dr,random,17.21651215047252,0.7183121257124504,0.7153918288961995,0.2696119365077565,73.37560155764996,0.0,0.4872153570686125
07,hyperparam_draw,1.3773222461676766,1001,switch_dr,random,1.3773222461676766,0.7133438830888535,0.7153918288961995,0.2696119365077565,73.37560155764996,0.0,0.8064463647849146
07,hyperparam_draw,6.536716171615688,1001,switch_dr,random,6.536716171615688,0.7222890720450729,0.7153918288961995,0.2696119365077565,73.37560155764996,0.0,0.6352652484184682
07,hyperparam_draw,1.052559020799746,1001,switch_dr,random,1.052559020799746,0.7114239256872154,0.7153918288961995,0.2696119365077565,73.37560155764996,0.0,0.7588162204284765
07,hyperparam_draw,11.693550286225506,1001,switch_dr,random,11.693550286225506,0.7190328254897327,0.7153918288961995,0.2696119365077565,73.37560155764996,0.0,0.5393554164126542
07,hyperparam_draw,26.48695521497168,1001,switch_dr,random,26.48695521497168,0.7114307564115797,0.7153918288961995,0.2696119365077565,73.37560155764996,0.0,0.38614572872982256
07,hyperparam_draw,11.045830684226308,1001,switch_dr,random,11.045830684226308,0.719317069718087,0.7153918288961995,0.2696119365077565,73.37560155764996,0.0,0.5488407101698336
07,hyperparam_draw,79.4712144689038,1001,switch_dr,random,79.4712144689038,0.716488468666833,0.7153918288961995,0.2696119365077565,73.37560155764996,0.0,0.2696119365077565
07,hyperparam_draw,1.4550154859551936,1001,switch_dr,random,1.4550154859551936,0.7124356836110467,0.7153918288961995,0.2696119365077565,73.37560155764996,0.0,0.8105379592668548
07,hyperparam_draw,110.60471225393127,1001,switch_dr,random,110.60471225393127,0.716488468666833,0.7153918288961995,0.2696119365077565,73.37560155764996,0.0,0.2696119365077565
07,hyperparam_draw,0.7506781397993832,1001,switch_dr,random,0.7506781397993832,0.7035644955115397,0.7153918288961995,0.2696119365077565,73.37560155764996,0.0,0.5636883627410951
07,hyperparam_draw,0.7510205644748652,1001,switch_dr,random,0.7510205644748652,0.7035642527446225,0.7153918288961995,0.2696119365077565,73.37560155764996,0.0,0.56378172470015
07,hyperparam_draw,66.79259607725263,1001,switch_dr,random,66.79259607725263,0.7159895437563816,0.7153918288961995,0.2696119365077565,73.37560155764996,0.0,0.3593046451945471
07,hyperparam_draw,22.25327603329204,1001,switch_dr,random,22.25327603329204,0.7135414749493106,0.7153918288961995,0.2696119365077565,73.37560155764996,0.0,0.4502445793614613
07,hyperparam_draw,26.25573027898182,1001,switch_dr,random,26.25573027898182,0.7114307564115797,0.7153918288961995,0.2696119365077565,73.37560155764996,0.0,0.38614572872982256
07,hyperparam_draw,111.66505356578014,1001,switch_dr,random,111.66505356578014,0.716488468666833,0.7153918288961995,0.2696119365077565,73.37560155764996,0.0,0.2696119365077565
07,hyperparam_draw,8.915899900146554,1001,switch_dr,random,8.915899900146554,0.7210648900583624,0.7153918288961995,0.2696119365077565,73.37560155764996,0.0,0.5775392249538861
07,hyperparam_draw,3.080335682035618,1001,switch_dr,random,3.080335682035618,0.7182523045167658,0.7153918288961995,0.2696119365077565,73.37560155764996,0.0,0.7598111094191815
07,hyperparam_draw,5.811349646290763,1001,switch_dr,random,5.811349646290763,0.7213007720655071,0.7153918288961995,0.2696119365077565,73.37560155764996,0.0,0.6567891203973205
07,hyperparam_draw,33.9417818142872,1001,switch_dr,random,33.9417818142872,0.7131518423166403,0.7153918288961995,0.2696119365077565,73.37560155764996,0.0,0.3741711566506052
07,hyperparam_draw,7.029608859851629,1001,switch_dr,random,7.029608859851629,0.721508878561896,0.7153918288961995,0.2696119365077565,73.37560155764996,0.0,0.6205670799438763
07,hyperparam_draw,9.691413780939722,1001,switch_dr,random,9.691413780939722,0.7211087598183343,0.7153918288961995,0.2696119365077565,73.37560155764996,0.0,0.5588157425570969
07,hyperparam_draw,3.977822387585993,1001,switch_dr,random,3.977822387585993,0.7185527683716691,0.7153918288961995,0.2696119365077565,73.37560155764996,0.0,0.7182491895614851
07,hyperparam_draw,2.4468671140427634,1001,switch_dr,random,2.4468671140427634,0.7152283873392923,0.7153918288961995,0.2696119365077565,73.37560155764996,0.0,0.7921961719018549
07,hyperparam_draw,23.06812560347428,1001,switch_dr,random,23.06812560347428,0.7135414749493106,0.7153918288961995,0.2696119365077565,73.37560155764996,0.0,0.4502445793614613
07,hyperparam_draw,0.8529842874067886,1001,switch_dr,random,0.8529842874067886,0.7064831440695654,0.7153918288961995,0.2696119365077565,73.37560155764996,0.0,0.6658451397462338
07,hyperparam_draw,60.68067754137397,1001,switch_dr,random,60.68067754137397,0.7159895437563816,0.7153918288961995,0.2696119365077565,73.37560155764996,0.0,0.3593046451945471
07,hyperparam_draw,10.359234643483623,1001,switch_dr,random,10.359234643483623,0.7205568614327061,0.7153918288961995,0.2696119365077565,73.37560155764996,0.0,0.5540685120589388
07,hyperparam_draw,55.66813613871919,1001,switch_dr,random,55.66813613871919,0.7159895437563816,0.7153918288961995,0.2696119365077565,73.37560155764996,0.0,0.3593046451945471
07,hyperparam_draw,2.3164732530618646,1001,switch_dr,random,2.3164732530618646,0.7152695267009607,0.7153918288961995,0.2696119365077565,73.37560155764996,0.0,0.7978551137454288
07,hyperparam_draw,1.7171998966243243,1001,switch_dr,random,1.7171998966243243,0.7121843447187135,0.7153918288961995,0.2696119365077565,73.37560155764996,0.0,0.8138774676976914
07,hyperparam_draw,5.457030471229079,1001,switch_dr,random,5.457030471229079,0.7222038410521691,0.7153918288961995,0.2696119365077565,73.37560155764996,0.0,0.6672410049210051
07,hyperparam_draw,38.08275604259225,1001,switch_dr,random,38.08275604259225,0.7159895437563816,0.7153918288961995,0.2696119365077565,73.37560155764996,0.0,0.3593046451945471
07,hyperparam_draw,6.44001402590131,1001,switch_dr,random,6.44001402590131,0.7225921528747502,0.7153918288961995,0.2696119365077565,73.37560155764996,0.0,0.6389969424180917
07,hyperparam_draw,40.9559973673621,1001,switch_dr,random,40.9559973673621,0.7159895437563816,0.7153918288961995,0.2696119365077565,73.37560155764996,0.0,0.3593046451945471
07,hyperparam_draw,8.837347878789023,1001,switch_dr,random,8.837347878789023,0.7210648900583624,0.7153918288961995,0.2696119365077565,73.37560155764996,0.0,0.5775392249538861
07,hyperparam_draw,2.6815991658135494,1001,switch_dr,random,2.6815991658135494,0.7174187097449866,0.7153918288961995,0.2696119365077565,73.37560155764996,0.0,0.7791716518241829
07,hyperparam_draw,10.838609358443932,1001,dros,random,10.838609358443932,0.7160257316092394,0.7153918288961995,0.2696119365077565,73.37560155764996,0.0,0.8649365921814216
07,hyperparam_draw,8079.5981900836905,1001,dros,random,8079.5981900836905,0.7162382515302952,0.7153918288961995,0.2696119365077565,73.37560155764996,0.0,0.33407605860475204
07,hyperparam_draw,19093.6309930983,1001,dros,random,19093.6309930983,0.7163642600373517,0.7153918288961995,0.2696119365077565,73.37560155764996,0.0,0.3032862317685983
07,hyperparam_draw,190.95665638764737,1001,dros,random,190.95665638764737,0.7178938900148332,0.7153918288961995,0.2696119365077565,73.37560155764996,0.0,0.5901419446318279
07,hyperparam_draw,700.0652675828826,1001,dros,random,700.0652675828826,0.7164963918436987,0.7153918288961995,0.2696119365077565,73.37560155764996,0.0,0.4807068440083681
07,hyperparam_draw,4.67933375356717,1001,dros,random,4.67933375356717,0.7133334265897647,0.7153918288961995,0.2696119365077565,73.37560155764996,0.0,0.9286173145831661
07,hyperparam_draw,519.5444492951185,1001,dros,random,519.5444492951185,0.7167673908879394,0.7153918288961995,0.2696119365077565,73.37560155764996,0.0,0.5043082861989807
07,hyperparam_draw,219.68375283058106,1001,dros,random,219.68375283058106,0.7177399400642438,0.7153918288961995,0.2696119365077565,73.37560155764996,0.0,0.5776230189717808
07,hyperparam_draw,1.6072438442882249,1001,dros,random,1.6072438442882249,0.7087043160312202,0.7153918288961995,0.2696119365077565,73.37560155764996,0.0,0.9743203761680008
07,hyperparam_draw,10542.31713508819,1001,dros,random,10542.31713508819,0.7162835718237539,0.7153918288961995,0.2696119365077565,73.37560155764996,0.0,0.3231015065478791
07,hyperparam_draw,87.69059310518375,1001,dros,random,87.69059310518375,0.7184902692976414,0.7153918288961995,0.2696119365077565,73.37560155764996,0.0,0.6625216146620468
07,hyperparam_draw,12.086315659232772,1001,dros,random,12.086315659232772,0.7163119704497308,0.7153918288961995,0.2696119365077565,73.37560155764996,0.0,0.8553455433506301
07,hyperparam_draw,1.6382970562536503,1001,dros,random,1.6382970562536503,0.7087988753459058,0.7153918288961995,0.2696119365077565,73.37560155764996,0.0,0.9738989282012662
07,hyperparam_draw,6.014596811638789,1001,dros,random,6.014596811638789,0.7142254778659973,0.7153918288961995,0.2696119365077565,73.37560155764996,0.0,0.9117698012734214
07,hyperparam_draw,417.36881432658674,1001,dros,random,417.36881432658674,0.7169990314699378,0.7153918288961995,0.2696119365077565,73.37560155764996,0.0,0.5223095958423001
07,hyperparam_draw,3261.2397332912647,1001,dros,random,3261.2397332912647,0.7160825467640848,0.7153918288961995,0.2696119365077565,73.37560155764996,0.0,0.3794188872879857
07,hyperparam_draw,66.59215282291092,1001,dros,random,66.59215282291092,0.7185414426126092,0.7153918288961995,0.2696119365077565,73.37560155764996,0.0,0.6892537751314941
07,hyperparam_draw,19138.10850074712,1001,dros,random,19138.10850074712,0.716364516988069,0.7153918288961995,0.2696119365077565,73.37560155764996,0.0,0.3032215264847484
07,hyperparam_draw,11.568894001784479,1001,dros,random,11.568894001784479,0.7161988625545407,0.7153918288961995,0.2696119365077565,73.37560155764996,0.0,0.8592261817698998
07,hyperparam_draw,57.701796334256436,1001,dros,random,57.701796334256436,0.7185261216170178,0.7153918288961995,0.2696119365077565,73.37560155764996,0.0,0.7033622606296777
07,hyperparam_draw,136.50533551929934,1001,dros,random,136.50533551929934,0.7182171778705105,0.7153918288961995,0.2696119365077565,73.37560155764996,0.0,0.6207590685708805
07,hyperparam_draw,0.926348123828304,1001,dros,random,0.926348123828304,0.7058353498971822,0.7153918288961995,0.2696119365077565,73.37560155764996,0.0,0.9802358642363072
07,hyperparam_draw,4.734991993640898,1001,dros,random,4.734991993640898,0.7133770953089111,0.7153918288961995,0.2696119365077565,73.37560155764996,0.0,0.9278712085843243
07,hyperparam_draw,1.9710915633603197,1001,dros,random,1.9710915633603197,0.7096918568686803,0.7153918288961995,0.2696119365077565,73.37560155764996,0.0,0.9690658360818303
07,hyperparam_draw,6.880616460795796,1001,dros,random,6.880616460795796,0.714673194934536,0.7153918288961995,0.2696119365077565,73.37560155764996,0.0,0.9019151914755456
07,hyperparam_draw,363.7687970627506,1001,dros,random,363.7687970627506,0.7171542079644204,0.7153918288961995,0.2696119365077565,73.37560155764996,0.0,0.5338578702304804
07,hyperparam_draw,646.2852772160827,1001,dros,random,646.2852772160827,0.7165631626200007,0.7153918288961995,0.2696119365077565,73.37560155764996,0.0,0.48691929462091255
07,hyperparam_draw,15868.938589940502,1001,dros,random,15868.938589940502,0.7163423745285824,0.7153918288961995,0.2696119365077565,73.37560155764996,0.0,0.308749729968726
07,hyperparam_draw,18794.56585406666,1001,dros,random,18794.56585406666,0.7163625047872428,0.7153918288961995,0.2696119365077565,73.37560155764996,0.0,0.30372786546809555
07,hyperparam_draw,22.88796166836632,1001,dros,random,22.88796166836632,0.7176640898296304,0.7153918288961995,0.2696119365077565,73.37560155764996,0.0,0.7952441621484578
07,hyperparam_draw,102.7219487416669,1001,dros,random,102.7219487416669,0.7184170784420227,0.7153918288961995,0.2696119365077565,73.37560155764996,0.0,0.6474095555196397
07,hyperparam_draw,1666.4453909573115,1001,dros,random,1666.4453909573115,0.7160832671847512,0.7153918288961995,0.2696119365077565,73.37560155764996,0.0,0.4194497606100371
07,hyperparam_draw,4713.528810420474,1001,dros,random,4713.528810420474,0.7161391986770693,0.7153918288961995,0.2696119365077565,73.37560155764996,0.0,0.35972734692762115
07,hyperparam_draw,11.434616601291038,1001,dros,random,11.434616601291038,0.7161682645567639,0.7153918288961995,0.2696119365077565,73.37560155764996,0.0,0.8602551089296374
07,hyperparam_draw,17491.984737526604,1001,dros,random,17491.984737526604,0.7163542564605478,0.7153918288961995,0.2696119365077565,73.37560155764996,0.0,0.30579479127079334
07,hyperparam_draw,1.7323250663550605,1001,dros,random,1.7323250663550605,0.70907236960901,0.7153918288961995,0.2696119365077565,73.37560155764996,0.0,0.9725856578581641
07,hyperparam_draw,1722.7842542682622,1001,dros,random,1722.7842542682622,0.7160781101203471,0.7153918288961995,0.2696119365077565,73.37560155764996,0.0,0.4173287637713434
07,hyperparam_draw,12696.820689490698,1001,dros,random,12696.820689490698,0.7163120756763003,0.7153918288961995,0.2696119365077565,73.37560155764996,0.0,0.3161875844678869
07,hyperparam_draw,13652.979557464862,1001,dros,random,13652.979557464862,0.7163224131535098,0.7153918288961995,0.2696119365077565,73.37560155764996,0.0,0.3136632190671452
07,hyperparam_draw,1.28770956900422,1001,dros,random,1.28770956900422,0.7075817310178958,0.7153918288961995,0.2696119365077565,73.37560155764996,0.0,0.9781325858335392
07,hyperparam_draw,13.248638737306505,1001,dros,random,13.248638737306505,0.7165411969109255,0.7153918288961995,0.2696119365077565,73.37560155764996,0.0,0.847081835539851
07,hyperparam_draw,476.0971999091454,1001,dros,random,476.0971999091454,0.7168570055312308,0.7153918288961995,0.2696119365077565,73.37560155764996,0.0,0.5114250009622753
07,hyperparam_draw,317.32946633505816,1001,dros,random,317.32946633505816,0.7173128271841279,0.7153918288961995,0.2696119365077565,73.37560155764996,0.0,0.5455032142564472
07,hyperparam_draw,1.913426528671229,1001,dros,random,1.913426528671229,0.7095510811874259,0.7153918288961995,0.2696119365077565,73.37560155764996,0.0,0.9699347181373871
07,hyperparam_draw,18746.177818842734,1001,dros,random,18746.177818842734,0.7163622162075931,0.7153918288961995,0.2696119365077565,73.37560155764996,0.0,0.3038004123930391
07,hyperparam_draw,88.00342234401205,1001,dros,random,88.00342234401205,0.7184889550384425,0.7153918288961995,0.2696119365077565,73.37560155764996,0.0,0.6621793162525832
07,hyperparam_draw,3350.1670128969263,1001,dros,random,3350.1670128969263,0.7160858735689416,0.7153918288961995,0.2696119365077565,73.37560155764996,0.0,0.3779277886233137
07,hyperparam_draw,14412.188874949406,1001,dros,random,14412.188874949406,0.7163298214742926,0.7153918288961995,0.2696119365077565,73.37560155764996,0.0,0.31184626700488155
07,hyperparam_draw,159.8016763616263,1001,dros,random,159.8016763616263,0.7180750636665526,0.7153918288961995,0.2696119365077565,73.37560155764996,0.0,0.6062749694342308
07,hyperparam_draw,0.6910345116182571,1001,dros,random,0.6910345116182571,0.7042331632824322,0.7153918288961995,0.2696119365077565,73.37560155764996,0.0,0.9787276883312696
07,hyperparam_draw,6.540882148945038,1001,dros,random,6.540882148945038,0.7145071538737677,0.7153918288961995,0.2696119365077565,73.37560155764996,0.0,0.9056890269050327
07,hyperparam_draw,5494.460145035739,1001,dros,random,5494.460145035739,0.7161670790682039,0.7153918288961995,0.2696119365077565,73.37560155764996,0.0,0.3520148805341998
07,hyperparam_draw,20117.470609831602,1001,dros,random,20117.470609831602,0.7163699215114067,0.7153918288961995,0.2696119365077565,73.37560155764996,0.0,0.3018572470457243
07,hyperparam_draw,1.3719412676423763,1001,dros,random,1.3719412676423763,0.7079075563072101,0.7153918288961995,0.2696119365077565,73.37560155764996,0.0,0.9772429493830479
07,hyperparam_draw,4912.636411540063,1001,dros,random,4912.636411540063,0.7161465932670238,0.7153918288961995,0.2696119365077565,73.37560155764996,0.0,0.35761627318837347
07,hyperparam_draw,1.5366402299266289,1001,dros,random,1.5366402299266289,0.7084808125806392,0.7153918288961995,0.2696119365077565,73.37560155764996,0.0,0.9752518500764968
07,hyperparam_draw,4496.1232103027005,1001,dros,random,4496.1232103027005,0.7161309240521666,0.7153918288961995,0.2696119365077565,73.37560155764996,0.0,0.362162650089757
07,hyperparam_draw,1.721312030741918,1001,dros,random,1.721312030741918,0.7090412871542406,0.7153918288961995,0.2696119365077565,73.37560155764996,0.0,0.9727420903156515
07,hyperparam_draw,1.5761502635871318,1001,dros,random,1.5761502635871318,0.7086073822965039,0.7153918288961995,0.2696119365077565,73.37560155764996,0.0,0.9747354143083646
07,hyperparam_draw,0.7466321541235448,1001,dros,random,0.7466321541235448,0.7046584300899869,0.7153918288961995,0.2696119365077565,73.37560155764996,0.0,0.9794183896180493
07,hyperparam_draw,nan,1001,ips,fixed,nan,0.7148656934665417,0.7153918288961995,0.2696119365077565,73.37560155764996,0.0,0.2696119365077565
07,hyperparam_draw,nan,1001,snips,fixed,nan,0.7164125830176612,0.7153918288961995,0.2696119365077565,73.37560155764996,0.0,0.2696119365077565
07,hyperparam_draw,nan,1001,dr,fixed,nan,0.716488468666833,0.7153918288961995,0.2696119365077565,73.37560155764996,0.0,0.2696119365077565
07,hyperparam_draw,3.230271236781742,1001,clipped_ips,slope,3.230271236781742,0.6900976257233855,0.7153918288961995,0.2696119365077565,73.37560155764996,0.0,0.6957741056385839
07,hyperparam_draw,1.505810961789227,1001,switch_dr,slope,1.505810961789227,0.7126380581553791,0.7153918288961995,0.2696119365077565,73.37560155764996,0.0,0.8120337878856771
07,hyperparam_draw,2.2674666526445972,1001,dros,slope,2.2674666526445972,0.7103421721500054,0.7153918288961995,0.2696119365077565,73.37560155764996,0.0,0.9644886890234006
07,hyperparam_draw,2.0695238271117886,1002,clipped_ips,random,2.0695238271117886,0.6715121868070244,0.7153918288961995,0.3147972445829486,52.549016856258135,0.0,0.7946984965899615
07,hyperparam_draw,12.783023974148675,1002,clipped_ips,random,12.783023974148675,0.7184359796917484,0.7153918288961995,0.3147972445829486,52.549016856258135,0.0,0.4432470226285776
07,hyperparam_draw,5.14282581434322,1002,clipped_ips,random,5.14282581434322,0.7063783150233625,0.7153918288961995,0.3147972445829486,52.549016856258135,0.0,0.5974275650798045
07,hyperparam_draw,19.80697778392138,1002,clipped_ips,random,19.80697778392138,0.7202721795350935,0.7153918288961995,0.3147972445829486,52.549016856258135,0.0,0.3929750492314141
07,hyperparam_draw,93.79129906849592,1002,clipped_ips,random,93.79129906849592,0.7231590746612937,0.7153918288961995,0.3147972445829486,52.549016856258135,0.0,0.3147972445829486
07,hyperparam_draw,7.6249902979689805,1002,clipped_ips,random,7.6249902979689805,0.713628900115645,0.7153918288961995,0.3147972445829486,52.549016856258135,0.0,0.524840423199984
07,hyperparam_draw,1.1795373378453649,1002,clipped_ips,random,1.1795373378453649,0.6242668775715472,0.7153918288961995,0.3147972445829486,52.549016856258135,0.0,0.9070519001825125
07,hyperparam_draw,9.973906676567971,1002,clipped_ips,random,9.973906676567971,0.716624327705761,0.7153918288961995,0.3147972445829486,52.549016856258135,0.0,0.4796386985886649
07,hyperparam_draw,51.6180169085193,1002,clipped_ips,random,51.6180169085193,0.7231293254002178,0.7153918288961995,0.3147972445829486,52.549016856258135,0.0,0.3157030788482988
07,hyperparam_draw,40.93249831560562,1002,clipped_ips,random,40.93249831560562,0.722328210016362,0.7153918288961995,0.3147972445829486,52.549016856258135,0.0,0.3332631157124812
07,hyperparam_draw,22.167299901749125,1002,clipped_ips,random,22.167299901749125,0.7205706331647145,0.7153918288961995,0.3147972445829486,52.549016856258135,0.0,0.3831886231428272
07,hyperparam_draw,14.358834581484793,1002,clipped_ips,random,14.358834581484793,0.7190004480244072,0.7153918288961995,0.3147972445829486,52.549016856258135,0.0,0.4293246256761666
07,hyperparam_draw,14.327903036247388,1002,clipped_ips,random,14.327903036247388,0.7189908863823854,0.7153918288961995,0.3147972445829486,52.549016856258135,0.0,0.42956738913958914
07,hyperparam_draw,35.91433963651957,1002,clipped_ips,random,35.91433963651957,0.7218185873398472,0.7153918288961995,0.3147972445829486,52.549016856258135,0.0,0.34564903588155155
07,hyperparam_draw,3.44859905255398,1002,clipped_ips,random,3.44859905255398,0.6948459822218099,0.7153918288961995,0.3147972445829486,52.549016856258135,0.0,0.6823540733781374
07,hyperparam_draw,12.361779619996733,1002,clipped_ips,random,12.361779619996733,0.718240225714621,0.7153918288961995,0.3147972445829486,52.549016856258135,0.0,0.447868247772573
07,hyperparam_draw,3.5258348569672204,1002,clipped_ips,random,3.5258348569672204,0.6955804130667095,0.7153918288961995,0.3147972445829486,52.549016856258135,0.0,0.6775839179291515
07,hyperparam_draw,86.15946263461514,1002,clipped_ips,random,86.15946263461514,0.7231590746612937,0.7153918288961995,0.3147972445829486,52.549016856258135,0.0,0.3147972445829486
07,hyperparam_draw,58.939863523323915,1002,clipped_ips,random,58.939863523323915,0.7231590746612937,0.7153918288961995,0.3147972445829486,52.549016856258135,0.0,0.3147972445829486
07,hyperparam_draw,44.25590791871431,1002,clipped_ips,random,44.25590791871431,0.7226604415099819,0.7153918288961995,0.3147972445829486,52.549016856258135,0.0,0.3256820907656305
07,hyperparam_draw,10.346761193805921,1002,clipped_ips,random,10.346761193805921,0.7169461000539139,0.7153918288961995,0.3147972445829486,52.549016856258135,0.0,0.47397752563143614
07,hyperparam_draw,77.37416504561604,1002,clipped_ips,random,77.37416504561604,0.7231590746612937,0.7153918288961995,0.3147972445829486,52.549016856258135,0.0,0.3147972445829486
07,hyperparam_draw,25.934132710499735,1002,clipped_ips,random,25.934132710499735,0.7210027343920061,0.7153918288961995,0.3147972445829486,52.549016856258135,0.0,0.36967062827790365
07,hyperparam_draw,90.55431396342178,1002,clipped_ips,random,90.55431396342178,0.7231590746612937,0.7153918288961995,0.3147972445829486,52.549016856258135,0.0,0.3147972445829486
07,hyperparam_draw,73.3860801393991,1002,clipped_ips,random,73.3860801393991,0.7231590746612937,0.7153918288961995,0.3147972445829486,52.549016856258135,0.0,0.3147972445829486
07,hyperparam_draw,33.6834243846992,1002,clipped_ips,random,33.6834243846992,0.7215920251535118,0.7153918288961995,0.3147972445829486,52.549016856258135,0.0,0.3508785080128216
07,hyperparam_draw,0.8916941933366087,1002,clipped_ips,random,0.8916941933366087,0.5843021700252476,0.7153918288961995,0.3147972445829486,52.549016856258135,0.0,0.9513340278751672
07,hyperparam_draw,7.667422973962098,1002,clipped_ips,random,7.667422973962098,0.7137080479598978,0.7153918288961995,0.3147972445829486,52.549016856258135,0.0,0.523877322228412
07,hyperparam_draw,0.9165160679828205,1002,clipped_ips,random,0.9165160679828205,0.5890566615875482,0.7153918288961995,0.3147972445829486,52.549016856258135,0.0,0.9474560852876075
07,hyperparam_draw,44.721372238298464,1002,clipped_ips,random,44.721372238298464,0.7227055686497407,0.7153918288961995,0.3147972445829486,52.549016856258135,0.0,0.32486375732328643
07,hyperparam_draw,1.7983940757186079,1002,clipped_ips,random,1.7983940757186079,0.6624533521113901,0.7153918288961995,0.3147972445829486,52.549016856258135,0.0,0.8249070156929691
07,hyperparam_draw,41.76859881599132,1002,clipped_ips,random,41.76859881599132,0.7224131207978043,0.7153918288961995,0.3147972445829486,52.549016856258135,0.0,0.3311304685933345
07,hyperparam_draw,3.715117484516971,1002,clipped_ips,random,3.715117484516971,0.6972877388107299,0.7153918288961995,0.3147972445829486,52.549016856258135,0.0,0.6661579874385659
07,hyperparam_draw,1.2378667012668167,1002,clipped_ips,random,1.2378667012668167,0.6298056412697042,0.7153918288961995,0.3147972445829486,52.549016856258135,0.0,0.8983745384753161
07,hyperparam_draw,16.52269251105667,1002,clipped_ips,random,16.52269251105667,0.7196267527532179,0.7153918288961995,0.3147972445829486,52.549016856258135,0.0,0.4129655068056343
07,hyperparam_draw,104.42797085521217,1002,clipped_ips,random,104.42797085521217,0.7231590746612937,0.7153918288961995,0.3147972445829486,52.549016856258135,0.0,0.3147972445829486
07,hyperparam_draw,34.70473355654131,1002,clipped_ips,random,34.70473355654131,0.7216957449334129,0.7153918288961995,0.3147972445829486,52.549016856258135,0.0,0.34850857096720045
07,hyperparam_draw,97.81936591893822,1002,clipped_ips,random,97.81936591893822,0.7231590746612937,0.7153918288961995,0.3147972445829486,52.549016856258135,0.0,0.3147972445829486
07,hyperparam_draw,1.4800428590216572,1002,clipped_ips,random,1.4800428590216572,0.647260851506369,0.7153918288961995,0.3147972445829486,52.549016856258135,0.0,0.864511627524122
07,hyperparam_draw,10.626875258695572,1002,clipped_ips,random,10.626875258695572,0.7171705916522466,0.7153918288961995,0.3147972445829486,52.549016856258135,0.0,0.46995113588631976
07,hyperparam_draw,70.71358093873462,1002,clipped_ips,random,70.71358093873462,0.7231590746612937,0.7153918288961995,0.3147972445829486,52.549016856258135,0.0,0.3147972445829486
07,hyperparam_draw,1.05214825344329,1002,clipped_ips,random,1.05214825344329,0.6099100086354194,0.7153918288961995,0.3147972445829486,52.549016856258135,0.0,0.92638776689271
07,hyperparam_draw,0.9282345881729922,1002,clipped_ips,random,0.9282345881729922,0.5911890112785344,0.7153918288961995,0.3147972445829486,52.549016856258135,0.0,0.9456197601257454
07,hyperparam_draw,1.20336833192609,1002,clipped_ips,random,1.20336833192609,0.6266023072865472,0.7153918288961995,0.3147972445829486,52.549016856258135,0.0,0.9034915368454083
07,hyperparam_draw,38.81481063515247,1002,clipped_ips,random,38.81481063515247,0.722113146736631,0.7153918288961995,0.3147972445829486,52.549016856258135,0.0,0.33858326172143244
07,hyperparam_draw,1.032167911144018,1002,clipped_ips,random,1.032167911144018,0.6072834092715067,0.7153918288961995,0.3147972445829486,52.549016856258135,0.0,0.9294579157833337
07,hyperparam_draw,5.883364313755828,1002,clipped_ips,random,5.883364313755828,0.709339983675043,0.7153918288961995,0.3147972445829486,52.549016856258135,0.0,0.5709539974091803
07,hyperparam_draw,79.87954162952968,1002,clipped_ips,random,79.87954162952968,0.7231590746612937,0.7153918288961995,0.3147972445829486,52.549016856258135,0.0,0.3147972445829486
07,hyperparam_draw,0.975768548698788,1002,clipped_ips,random,0.975768548698788,0.5991127015495427,0.7153918288961995,0.3147972445829486,52.549016856258135,0.0,0.9381990198923331
07,hyperparam_draw,30.925102274102862,1002,clipped_ips,random,30.925102274102862,0.7213119017882323,0.7153918288961995,0.3147972445829486,52.549016856258135,0.0,0.357055314381619
07,hyperparam_draw,0.899919903489901,1002,clipped_ips,random,0.899919903489901,0.5859130226235498,0.7153918288961995,0.3147972445829486,52.549016856258135,0.0,0.950051407077459
07,hyperparam_draw,8.67753981747281,1002,clipped_ips,random,8.67753981747281,0.715245527124599,0.7153918288961995,0.3147972445829486,52.549016856258135,0.0,0.5024622209226541
07,hyperparam_draw,6.027216449320232,1002,clipped_ips,random,6.027216449320232,0.7098054532453425,0.7153918288961995,0.3147972445829486,52.549016856258135,0.0,0.5663457931210855
07,hyperparam_draw,13.401947934552473,1002,clipped_ips,random,13.401947934552473,0.7186805994812516,0.7153918288961995,0.3147972445829486,52.549016856258135,0.0,0.43722084323249427
07,hyperparam_draw,46.09312831996976,1002,clipped_ips,random,46.09312831996976,0.7228385615039898,0.7153918288961995,0.3147972445829486,52.549016856258135,0.0,0.32242505966609686
07,hyperparam_draw,31.85547211578946,1002,clipped_ips,random,31.85547211578946,0.7214063861597301,0.7153918288961995,0.3147972445829486,52.549016856258135,0.0,0.3550103338609731
07,hyperparam_draw,43.973480577604384,1002,clipped_ips,random,43.973480577604384,0.7226330599523463,0.7153918288961995,0.3147972445829486,52.549016856258135,0.0,0.32617628296454654
07,hyperparam_draw,4.271707741695725,1002,clipped_ips,random,4.271707741695725,0.7015627066586269,0.7153918288961995,0.3147972445829486,52.549016856258135,0.0,0.6358973252369787
07,hyperparam_draw,94.23126272922018,1002,clipped_ips,random,94.23126272922018,0.7231590746612937,0.7153918288961995,0.3147972445829486,52.549016856258135,0.0,0.3147972445829486
07,hyperparam_draw,0.9179909088687251,1002,clipped_ips,random,0.9179909088687251,0.5893295148092172,0.7153918288961995,0.3147972445829486,52.549016856258135,0.0,0.947224768252196
07,hyperparam_draw,61.08170754677029,1002,switch_dr,random,61.08170754677029,0.7223665473587348,0.7153918288961995,0.3147972445829486,52.549016856258135,0.0,0.3147972445829486
07,hyperparam_draw,51.21630119400074,1002,switch_dr,random,51.21630119400074,0.7213672186692612,0.7153918288961995,0.3147972445829486,52.549016856258135,0.0,0.3411743132137016
07,hyperparam_draw,48.28397695028817,1002,switch_dr,random,48.28397695028817,0.7213672186692612,0.7153918288961995,0.3147972445829486,52.549016856258135,0.0,0.3411743132137016
07,hyperparam_draw,2.165354569392856,1002,switch_dr,random,2.165354569392856,0.7261311007869998,0.7153918288961995,0.3147972445829486,52.549016856258135,0.0,0.8041486041262383
07,hyperparam_draw,32.529995125406245,1002,switch_dr,random,32.529995125406245,0.7192334986343497,0.7153918288961995,0.3147972445829486,52.549016856258135,0.0,0.3909079209979303
07,hyperparam_draw,49.6006237974398,1002,switch_dr,random,49.6006237974398,0.7213672186692612,0.7153918288961995,0.3147972445829486,52.549016856258135,0.0,0.3411743132137016
07,hyperparam_draw,31.89303789486488,1002,switch_dr,random,31.89303789486488,0.7192334986343497,0.7153918288961995,0.3147972445829486,52.549016856258135,0.0,0.3909079209979303
07,hyperparam_draw,76.53676210058299,1002,switch_dr,random,76.53676210058299,0.7223665473587348,0.7153918288961995,0.3147972445829486,52.549016856258135,0.0,0.3147972445829486
07,hyperparam_draw,1.2302037223606628,1002,switch_dr,random,1.2302037223606628,0.7205753236730194,0.7153918288961995,0.3147972445829486,52.549016856258135,0.0,0.7946587165697225
07,hyperparam_draw,8.569649484720092,1002,switch_dr,random,8.569649484720092,0.7218331967595473,0.7153918288961995,0.3147972445829486,52.549016856258135,0.0,0.5850636585965553
07,hyperparam_draw,1.7316275968581596,1002,switch_dr,random,1.7316275968581596,0.7235594257195134,0.7153918288961995,0.3147972445829486,52.549016856258135,0.0,0.8159914267084251
07,hyperparam_draw,9.117206168907556,1002,switch_dr,random,9.117206168907556,0.723244254623247,0.7153918288961995,0.3147972445829486,52.549016856258135,0.0,0.571030130378545
07,hyperparam_draw,5.637153174418192,1002,switch_dr,random,5.637153174418192,0.7228757486508642,0.7153918288961995,0.3147972445829486,52.549016856258135,0.0,0.6582195496858192
07,hyperparam_draw,2.8885922530061205,1002,switch_dr,random,2.8885922530061205,0.7261339731657245,0.7153918288961995,0.3147972445829486,52.549016856258135,0.0,0.7760967967563495
07,hyperparam_draw,3.2471377270886443,1002,switch_dr,random,3.2471377270886443,0.7258314843405274,0.7153918288961995,0.3147972445829486,52.549016856258135,0.0,0.754617477846469
07,hyperparam_draw,26.832183260979374,1002,switch_dr,random,26.832183260979374,0.7213446117871594,0.7153918288961995,0.3147972445829486,52.549016856258135,0.0,0.40261447628008223
07,hyperparam_draw,40.601260152003256,1002,switch_dr,random,40.601260152003256,0.7192334986343497,0.7153918288961995,0.3147972445829486,52.549016856258135,0.0,0.3909079209979303
07,hyperparam_draw,8.053591619043193,1002,switch_dr,random,8.053591619043193,0.7226946092111245,0.7153918288961995,0.3147972445829486,52.549016856258135,0.0,0.592333430301051
07,hyperparam_draw,28.964462903522957,1002,switch_dr,random,28.964462903522957,0.7213446117871594,0.7153918288961995,0.3147972445829486,52.549016856258135,0.0,0.40261447628008223
07,hyperparam_draw,6.008727468161632,1002,switch_dr,random,6.008727468161632,0.7224771296072112,0.7153918288961995,0.3147972445829486,52.549016856258135,0.0,0.647230875541497
07,hyperparam_draw,46.86043490179767,1002,switch_dr,random,46.86043490179767,0.7187454499241618,0.7153918288961995,0.3147972445829486,52.549016856258135,0.0,0.3668822721502981
07,hyperparam_draw,4.366670229786728,1002,switch_dr,random,4.366670229786728,0.7228052721413882,0.7153918288961995,0.3147972445829486,52.549016856258135,0.0,0.7079852808403551
07,hyperparam_draw,1.3316995702024368,1002,switch_dr,random,1.3316995702024368,0.7226448719353632,0.7153918288961995,0.3147972445829486,52.549016856258135,0.0,0.8050647372189997
07,hyperparam_draw,1.7631436988119358,1002,switch_dr,random,1.7631436988119358,0.7242925001908704,0.7153918288961995,0.3147972445829486,52.549016856258135,0.0,0.8157609776926559
07,hyperparam_draw,30.05566982547148,1002,switch_dr,random,30.05566982547148,0.7192334986343497,0.7153918288961995,0.3147972445829486,52.549016856258135,0.0,0.3909079209979303
07,hyperparam_draw,0.9027389470725801,1002,switch_dr,random,0.9027389470725801,0.7169372185571597,0.7153918288961995,0.3147972445829486,52.549016856258135,0.0,0.6970928606201943
07,hyperparam_draw,74.55839980162132,1002,switch_dr,random,74.55839980162132,0.7223665473587348,0.7153918288961995,0.3147972445829486,52.549016856258135,0.0,0.3147972445829486
07,hyperparam_draw,10.011559377725773,1002,switch_dr,random,10.011559377725773,0.7226276791668278,0.7153918288961995,0.3147972445829486,52.549016856258135,0.0,0.5509991860320677
07,hyperparam_draw,5.548431701277793,1002,switch_dr,random,5.548431701277793,0.7220003131964498,0.7153918288961995,0.3147972445829486,52.549016856258135,0.0,0.6619432217801167
07,hyperparam_draw,13.381261258199329,1002,switch_dr,random,13.381261258199329,0.7214231380876712,0.7153918288961995,0.3147972445829486,52.549016856258135,0.0,0.49112425030388185
07,hyperparam_draw,72.21856677784409,1002,switch_dr,random,72.21856677784409,0.7223665473587348,0.7153918288961995,0.3147972445829486,52.549016856258135,0.0,0.3147972445829486
07,hyperparam_draw,4.869168342423207,1002,switch_dr,random,4.869168342423207,0.7236689924731564,0.7153918288961995,0.3147972445829486,52.549016856258135,0.0,0.6874709052768557
07,hyperparam_draw,11.219412922735552,1002,switch_dr,random,11.219412922735552,0.7225525573345876,0.7153918288961995,0.3147972445829486,52.549016856258135,0.0,0.5329258435105634
07,hyperparam_draw,0.8101885139462606,1002,switch_dr,random,0.8101885139462606,0.7154920701333947,0.7153918288961995,0.3147972445829486,52.549016856258135,0.0,0.623203144474926
07,hyperparam_draw,6.2463869579286,1002,switch_dr,random,6.2463869579286,0.7221232653975709,0.7153918288961995,0.3147972445829486,52.549016856258135,0.0,0.6375583814623553
07,hyperparam_draw,3.6305840017621294,1002,switch_dr,random,3.6305840017621294,0.725843882149924,0.7153918288961995,0.3147972445829486,52.549016856258135,0.0,0.7400523290633696
07,hyperparam_draw,25.179532968504095,1002,switch_dr,random,25.179532968504095,0.7193119671244655,0.7153918288961995,0.3147972445829486,52.549016856258135,0.0,0.4116541335042806
07,hyperparam_draw,0.7191236556375682,1002,switch_dr,random,0.7191236556375682,0.71143562248817,0.7153918288961995,0.3147972445829486,52.549016856258135,0.0,0.5092733418575315
07,hyperparam_draw,47.61186868355086,1002,switch_dr,random,47.61186868355086,0.7187454499241618,0.7153918288961995,0.3147972445829486,52.549016856258135,0.0,0.3668822721502981
07,hyperparam_draw,0.7343254604715997,1002,switch_dr,random,0.7343254604715997,0.7114388270816259,0.7153918288961995,0.3147972445829486,52.549016856258135,0.0,0.531881988428778
07,hyperparam_draw,1.463877476377988,1002,switch_dr,random,1.463877476377988,0.7229349701676193,0.7153918288961995,0.3147972445829486,52.549016856258135,0.0,0.8131948247380583
07,hyperparam_draw,21.197402310312643,1002,switch_dr,random,21.197402310312643,0.7200433410408698,0.7153918288961995,0.3147972445829486,52.549016856258135,0.0,0.42889441600091616
07,hyperparam_draw,0.7537692725739267,1002,switch_dr,random,0.7537692725739267,0.7117647221705937,0.7153918288961995,0.3147972445829486,52.549016856258135,0.0,0.5598152910145464
07,hyperparam_draw,1.2059365168738851,1002,switch_dr,random,1.2059365168738851,0.719465348492711,0.7153918288961995,0.3147972445829486,52.549016856258135,0.0,0.7911860964438564
07,hyperparam_draw,6.539703082307234,1002,switch_dr,random,6.539703082307234,0.7211080879344849,0.7153918288961995,0.3147972445829486,52.549016856258135,0.0,0.6294954751043069
07,hyperparam_draw,9.143845685000294,1002,switch_dr,random,9.143845685000294,0.723244254623247,0.7153918288961995,0.3147972445829486,52.549016856258135,0.0,0.571030130378545
07,hyperparam_draw,38.13305802280549,1002,switch_dr,random,38.13305802280549,0.7192334986343497,0.7153918288961995,0.3147972445829486,52.549016856258135,0.0,0.3909079209979303
07,hyperparam_draw,5.719595224988418,1002,switch_dr,random,5.719595224988418,0.7222047023767021,0.7153918288961995,0.3147972445829486,52.549016856258135,0.0,0.6563079002162372
07,hyperparam_draw,21.30606502555829,1002,switch_dr,random,21.30606502555829,0.7200433410408698,0.7153918288961995,0.3147972445829486,52.549016856258135,0.0,0.42889441600091616
07,hyperparam_draw,36.73727908036094,1002,switch_dr,random,36.73727908036094,0.7192334986343497,0.7153918288961995,0.3147972445829486,52.549016856258135,0.0,0.3909079209979303
07,hyperparam_draw,5.923612885332431,1002,switch_dr,random,5.923612885332431,0.7223646763837677,0.7153918288961995,0.3147972445829486,52.549016856258135,0.0,0.6482805448631438
07,hyperparam_draw,2.71473761219585,1002,switch_dr,random,2.71473761219585,0.7253363667743814,0.7153918288961995,0.3147972445829486,52.549016856258135,0.0,0.7842373127845687
07,hyperparam_draw,12.942955912316439,1002,switch_dr,random,12.942955912316439,0.7225135971839989,0.7153918288961995,0.3147972445829486,52.549016856258135,0.0,0.5081593681414309
07,hyperparam_draw,57.132107490608824,1002,switch_dr,random,57.132107490608824,0.7223665473587348,0.7153918288961995,0.3147972445829486,52.549016856258135,0.0,0.3147972445829486
07,hyperparam_draw,2.745579366876505,1002,switch_dr,random,2.745579366876505,0.7249455205246893,0.7153918288961995,0.3147972445829486,52.549016856258135,0.0,0.7823238550092539
07,hyperparam_draw,3.469746746824967,1002,switch_dr,random,3.469746746824967,0.7260426406839997,0.7153918288961995,0.3147972445829486,52.549016856258135,0.0,0.7444217253551738
07,hyperparam_draw,67.23720385888568,1002,switch_dr,random,67.23720385888568,0.7223665473587348,0.7153918288961995,0.3147972445829486,52.549016856258135,0.0,0.3147972445829486
07,hyperparam_draw,22.20628476693371,1002,switch_dr,random,22.20628476693371,0.7200433410408698,0.7153918288961995,0.3147972445829486,52.549016856258135,0.0,0.42889441600091616
07,hyperparam_draw,2.8705983708582345,1002,switch_dr,random,2.8705983708582345,0.7258300016370435,0.7153918288961995,0.3147972445829486,52.549016856258135,0.0,0.776841806756566
07,hyperparam_draw,2.7643662966048574,1002,switch_dr,random,2.7643662966048574,0.7253829531151348,0.7153918288961995,0.3147972445829486,52.549016856258135,0.0,0.7810266467525911
07,hyperparam_draw,986.2336086261316,1002,dros,random,986.2336086261316,0.7211163465010932,0.7153918288961995,0.3147972445829486,52.549016856258135,0.0,0.4522608575407934
07,hyperparam_draw,8.478561199540659,1002,dros,random,8.478561199540659,0.7220141944700568,0.7153918288961995,0.3147972445829486,52.549016856258135,0.0,0.8879459388059591
07,hyperparam_draw,248.79075192403826,1002,dros,random,248.79075192403826,0.7215175828715199,0.7153918288961995,0.3147972445829486,52.549016856258135,0.0,0.5577508827081339
07,hyperparam_draw,125.77601290019517,1002,dros,random,125.77601290019517,0.7218930191854716,0.7153918288961995,0.3147972445829486,52.549016856258135,0.0,0.6217371511848869
07,hyperparam_draw,9.234752240043706,1002,dros,random,9.234752240043706,0.7221220773384289,0.7153918288961995,0.3147972445829486,52.549016856258135,0.0,0.8810019828400835
07,hyperparam_draw,4048.480288878467,1002,dros,random,4048.480288878467,0.7215142498731495,0.7153918288961995,0.3147972445829486,52.549016856258135,0.0,0.3758362958123572
07,hyperparam_draw,0.8970005479161194,1002,dros,random,0.8970005479161194,0.7133035688223762,0.7153918288961995,0.3147972445829486,52.549016856258135,0.0,0.979717413844015
07,hyperparam_draw,0.5751946957311521,1002,dros,random,0.5751946957311521,0.7104600580290146,0.7153918288961995,0.3147972445829486,52.549016856258135,0.0,0.9757813077769617
07,hyperparam_draw,109.60334905214306,1002,dros,random,109.60334905214306,0.7219705945009622,0.7153918288961995,0.3147972445829486,52.549016856258135,0.0,0.635396301848595
07,hyperparam_draw,2.7557647510564385,1002,dros,random,2.7557647510564385,0.7191158339857077,0.7153918288961995,0.3147972445829486,52.549016856258135,0.0,0.9573962289942095
07,hyperparam_draw,4.87131640410632,1002,dros,random,4.87131640410632,0.7209515958831493,0.7153918288961995,0.3147972445829486,52.549016856258135,0.0,0.9276300585365344
07,hyperparam_draw,129.3144249028247,1002,dros,random,129.3144249028247,0.7218773218882232,0.7153918288961995,0.3147972445829486,52.549016856258135,0.0,0.6190099272554141
07,hyperparam_draw,3.7296861343713332,1002,dros,random,3.7296861343713332,0.7201900316949356,0.7153918288961995,0.3147972445829486,52.549016856258135,0.0,0.9430691738642574
07,hyperparam_draw,1.0765067939233144,1002,dros,random,1.0765067939233144,0.7144122292329271,0.7153918288961995,0.3147972445829486,52.549016856258135,0.0,0.9793604594987982
07,hyperparam_draw,89.07596206830316,1002,dros,random,89.07596206830316,0.7220854610758379,0.7153918288961995,0.3147972445829486,52.549016856258135,0.0,0.6563406931447797
07,hyperparam_draw,3.994739079743243,1002,dros,random,3.994739079743243,0.7204022906938019,0.7153918288961995,0.3147972445829486,52.549016856258135,0.0,0.9393445631603341
07,hyperparam_draw,7084.933811812092,1002,dros,random,7084.933811812092,0.7217587497650602,0.7153918288961995,0.3147972445829486,52.549016856258135,0.0,0.35503170183298366
07,hyperparam_draw,322.5016881592,1002,dros,random,322.5016881592,0.7213916337672982,0.7153918288961995,0.3147972445829486,52.549016856258135,0.0,0.5353354580392563
07,hyperparam_draw,3.263023805864914,1002,dros,random,3.263023805864914,0.7197435108821494,0.7153918288961995,0.3147972445829486,52.549016856258135,0.0,0.9498221548775504
07,hyperparam_draw,2.2141208491902145,1002,dros,random,2.2141208491902145,0.718198412969661,0.7153918288961995,0.3147972445829486,52.549016856258135,0.0,0.96557711534981
07,hyperparam_draw,311.8656093276372,1002,dros,random,311.8656093276372,0.7214070208644571,0.7153918288961995,0.3147972445829486,52.549016856258135,0.0,0.5381668015248199
07,hyperparam_draw,3787.946646118415,1002,dros,random,3787.946646118415,0.7214847694729732,0.7153918288961995,0.3147972445829486,52.549016856258135,0.0,0.3787024106742244
07,hyperparam_draw,2728.022551767825,1002,dros,random,2728.022551767825,0.7213459065806108,0.7153918288961995,0.3147972445829486,52.549016856258135,0.0,0.39399886423714875
07,hyperparam_draw,11.96498516060586,1002,dros,random,11.96498516060586,0.7223706920482743,0.7153918288961995,0.3147972445829486,52.549016856258135,0.0,0.8587801854703537
07,hyperparam_draw,3.239063139998919,1002,dros,random,3.239063139998919,0.7197176062868085,0.7153918288961995,0.3147972445829486,52.549016856258135,0.0,0.9501750947167635
07,hyperparam_draw,62.31085602887288,1002,dros,random,62.31085602887288,0.7222717834200442,0.7153918288961995,0.3147972445829486,52.549016856258135,0.0,0.6932001292174959
07,hyperparam_draw,1065.0449400889265,1002,dros,random,1065.0449400889265,0.7211181836590547,0.7153918288961995,0.3147972445829486,52.549016856258135,0.0,0.447314306662955
07,hyperparam_draw,1157.4877866383317,1002,dros,random,1157.4877866383317,0.7211234012062354,0.7153918288961995,0.3147972445829486,52.549016856258135,0.0,0.44206086546366
07,hyperparam_draw,14.082610740508073,1002,dros,random,14.082610740508073,0.7224729107877603,0.7153918288961995,0.3147972445829486,52.549016856258135,0.0,0.8439867850883768
07,hyperparam_draw,498.233354743697,1002,dros,random,498.233354743697,0.7212235961952715,0.7153918288961995,0.3147972445829486,52.549016856258135,0.0,0.5004228133969614
07,hyperparam_draw,9.674344902790777,1002,dros,random,9.674344902790777,0.722175176934348,0.7153918288961995,0.3147972445829486,52.549016856258135,0.0,0.8771385581760702
07,hyperparam_draw,0.6160965451864346,1002,dros,random,0.6160965451864346,0.7109074973752357,0.7153918288961995,0.3147972445829486,52.549016856258135,0.0,0.9768044791633258
07,hyperparam_draw,7.622443498046154,1002,dros,random,7.622443498046154,0.721860243682556,0.7153918288961995,0.3147972445829486,52.549016856258135,0.0,0.8963080036432076
07,hyperparam_draw,194.1355991765145,1002,dros,random,194.1355991765145,0.721649505393569,0.7153918288961995,0.3147972445829486,52.549016856258135,0.0,0.5802253189228345
07,hyperparam_draw,19.590118852677318,1002,dros,random,19.590118852677318,0.7225742754736478,0.7153918288961995,0.3147972445829486,52.549016856258135,0.0,0.8124327107129545
07,hyperparam_draw,15.969791726680292,1002,dros,random,15.969791726680292,0.7225268500672307,0.7153918288961995,0.3147972445829486,52.549016856258135,0.0,0.8321948419951847
07,hyperparam_draw,430.1424774198731,1002,dros,random,430.1424774198731,0.7212731170801477,0.7153918288961995,0.3147972445829486,52.549016856258135,0.0,0.5118404890880229
07,hyperparam_draw,6256.87246532696,1002,dros,random,6256.87246532696,0.7217064462448003,0.7153918288961995,0.3147972445829486,52.549016856258135,0.0,0.359134817515322
07,hyperparam_draw,0.8423482560407368,1002,dros,random,0.8423482560407368,0.7129114818509966,0.7153918288961995,0.3147972445829486,52.549016856258135,0.0,0.979563171959761
07,hyperparam_draw,5.478465602074126,1002,dros,random,5.478465602074126,0.7212330665976302,0.7153918288961995,0.3147972445829486,52.549016856258135,0.0,0.9200475028172251
07,hyperparam_draw,729.9813196366993,1002,dros,random,729.9813196366993,0.7211368519776634,0.7153918288961995,0.3147972445829486,52.549016856258135,0.0,0.472519914182096
07,hyperparam_draw,404.3948951531295,1002,dros,random,404.3948951531295,0.7212962700841684,0.7153918288961995,0.3147972445829486,52.549016856258135,0.0,0.5167512944548766
07,hyperparam_draw,0.7846098968393271,1002,dros,random,0.7846098968393271,0.7124634470501604,0.7153918288961995,0.3147972445829486,52.549016856258135,0.0,0.979223091203428
07,hyperparam_draw,34.7545087419345,1002,dros,random,34.7545087419345,0.7225103085356058,0.7153918288961995,0.3147972445829486,52.549016856258135,0.0,0.7541765993306129
07,hyperparam_draw,5.134495037536998,1002,dros,random,5.134495037536998,0.7210816293856532,0.7153918288961995,0.3147972445829486,52.549016856258135,0.0,0.9242915774776191
07,hyperparam_draw,1.9680125467575995,1002,dros,random,1.9680125467575995,0.7176566806203207,0.7153918288961995,0.3147972445829486,52.549016856258135,0.0,0.9692107379211953
07,hyperparam_draw,823.3904495027476,1002,dros,random,823.3904495027476,0.7211233751782934,0.7153918288961995,0.3147972445829486,52.549016856258135,0.0,0.4642365914883204
07,hyperparam_draw,13.340725071492193,1002,dros,random,13.340725071492193,0.7224432067129852,0.7153918288961995,0.3147972445829486,52.549016856258135,0.0,0.8489636632499836
07,hyperparam_draw,41.930485152784826,1002,dros,random,41.930485152784826,0.7224464975429941,0.7153918288961995,0.3147972445829486,52.549016856258135,0.0,0.7346013323086535
07,hyperparam_draw,12.642139223020154,1002,dros,random,12.642139223020154,0.7224095635848842,0.7153918288961995,0.3147972445829486,52.549016856258135,0.0,0.8538478271030845
07,hyperparam_draw,0.5499155354755152,1002,dros,random,0.5499155354755152,0.710166773546904,0.7153918288961995,0.3147972445829486,52.549016856258135,0.0,0.9750363665562585
07,hyperparam_draw,20.730135499614235,1002,dros,random,20.730135499614235,0.7225796309650568,0.7153918288961995,0.3147972445829486,52.549016856258135,0.0,0.8068466311857188
07,hyperparam_draw,66.72538710005107,1002,dros,random,66.72538710005107,0.7222376752514685,0.7153918288961995,0.3147972445829486,52.549016856258135,0.0,0.6860837884984183
07,hyperparam_draw,2.6414384177105963,1002,dros,random,2.6414384177105963,0.7189473527345065,0.7153918288961995,0.3147972445829486,52.549016856258135,0.0,0.9591247002772716
07,hyperparam_draw,3.1506762381146016,1002,dros,random,3.1506762381146016,0.719619161799162,0.7153918288961995,0.3147972445829486,52.549016856258135,0.0,0.9514817531498666
07,hyperparam_draw,1388.364856766196,1002,dros,random,1388.364856766196,0.7211461902321985,0.7153918288961995,0.3147972445829486,52.549016856258135,0.0,0.4309439994877458
07,hyperparam_draw,0.7744023510227394,1002,dros,random,0.7744023510227394,0.7123802823666991,0.7153918288961995,0.3147972445829486,52.549016856258135,0.0,0.9791414667598008
07,hyperparam_draw,2547.4061798664757,1002,dros,random,2547.4061798664757,0.7213192275908202,0.7153918288961995,0.3147972445829486,52.549016856258135,0.0,0.3974223881547508
07,hyperparam_draw,2.0887894198837493,1002,dros,random,2.0887894198837493,0.7179346107382069,0.7153918288961995,0.3147972445829486,52.549016856258135,0.0,0.9674417993461139
07,hyperparam_draw,33.56974205668317,1002,dros,random,33.56974205668317,0.7225203138297035,0.7153918288961995,0.3147972445829486,52.549016856258135,0.0,0.7577783843315221
07,hyperparam_draw,nan,1002,ips,fixed,nan,0.7231590746612937,0.7153918288961995,0.3147972445829486,52.549016856258135,0.0,0.3147972445829486
07,hyperparam_draw,nan,1002,snips,fixed,nan,0.7234069047349323,0.7153918288961995,0.3147972445829486,52.549016856258135,0.0,0.3147972445829486
07,hyperparam_draw,nan,1002,dr,fixed,nan,0.7223665473587348,0.7153918288961995,0.3147972445829486,52.549016856258135,0.0,0.3147972445829486
07,hyperparam_draw,6.025499976677349,1002,clipped_ips,slope,6.025499976677349,0.7098000025791856,0.7153918288961995,0.3147972445829486,52.549016856258135,0.0,0.5664004366189993
07,hyperparam_draw,1.4427541700208382,1002,switch_dr,slope,1.4427541700208382,0.7225856677095602,0.7153918288961995,0.3147972445829486,52.549016856258135,0.0,0.8121735781112439
07,hyperparam_draw,2.0815395951125177,1002,dros,slope,2.0815395951125177,0.7179186155596748,0.7153918288961995,0.3147972445829486,52.549016856258135,0.0,0.9675488707852239
07,hyperparam_draw,5.839665129463768,1003,clipped_ips,random,5.839665129463768,0.7070308841450286,0.7153918288961995,0.26242656496375427,56.075530953363455,0.0,0.5651929974245219
07,hyperparam_draw,14.35153027526744,1003,clipped_ips,random,14.35153027526744,0.7194771068042175,0.7153918288961995,0.26242656496375427,56.075530953363455,0.0,0.4004159214113271
07,hyperparam_draw,7.070771108792428,1003,clipped_ips,random,7.070771108792428,0.7105706184775694,0.7153918288961995,0.26242656496375427,56.075530953363455,0.0,0.524869405469235
07,hyperparam_draw,84.05317976749846,1003,clipped_ips,random,84.05317976749846,0.7275278817715723,0.7153918288961995,0.26242656496375427,56.075530953363455,0.0,0.26242656496375427
07,hyperparam_draw,58.2329143338271,1003,clipped_ips,random,58.2329143338271,0.7275278817715723,0.7153918288961995,0.26242656496375427,56.075530953363455,0.0,0.26242656496375427
07,hyperparam_draw,23.131547914818984,1003,clipped_ips,random,23.131547914818984,0.7235813619788957,0.7153918288961995,0.26242656496375427,56.075530953363455,0.0,0.33514675680911143
07,hyperparam_draw,43.11829337862395,1003,clipped_ips,random,43.11829337862395,0.7270202958870354,0.7153918288961995,0.26242656496375427,56.075530953363455,0.0,0.2727688267656196
07,hyperparam_draw,1.862544480329566,1003,clipped_ips,random,1.862544480329566,0.662001377344073,0.7153918288961995,0.26242656496375427,56.075530953363455,0.0,0.8171712991289292
07,hyperparam_draw,4.6718072577301815,1003,clipped_ips,random,4.6718072577301815,0.70199926438754,0.7153918288961995,0.26242656496375427,56.075530953363455,0.0,0.61207705784043
07,hyperparam_draw,9.208243978524354,1003,clipped_ips,random,9.208243978524354,0.714400427894478,0.7153918288961995,0.26242656496375427,56.075530953363455,0.0,0.4751566198613401
07,hyperparam_draw,4.960411555247783,1003,clipped_ips,random,4.960411555247783,0.7034224041078597,0.7153918288961995,0.26242656496375427,56.075530953363455,0.0,0.5994088378723014
07,hyperparam_draw,6.1883413415866055,1003,clipped_ips,random,6.1883413415866055,0.708166155138046,0.7153918288961995,0.26242656496375427,56.075530953363455,0.0,0.5529707228164017
07,hyperparam_draw,3.3462825862086287,1003,clipped_ips,random,3.3462825862086287,0.6916119877686114,0.7153918288961995,0.26242656496375427,56.075530953363455,0.0,0.685491599926112
07,hyperparam_draw,32.684179809693454,1003,clipped_ips,random,32.684179809693454,0.726189880423258,0.7153918288961995,0.26242656496375427,56.075530953363455,0.0,0.294999884740716
07,hyperparam_draw,1.5702230295872213,1003,clipped_ips,random,1.5702230295872213,0.6494909570215573,0.7153918288961995,0.26242656496375427,56.075530953363455,0.0,0.8531436474113919
07,hyperparam_draw,1.2641493140843887,1003,clipped_ips,random,1.2641493140843887,0.62973149018966,0.7153918288961995,0.26242656496375427,56.075530953363455,0.0,0.8951439244878296
07,hyperparam_draw,29.76002131444725,1003,clipped_ips,random,29.76002131444725,0.7256788133649292,0.7153918288961995,0.26242656496375427,56.075530953363455,0.0,0.3049190870915729
07,hyperparam_draw,8.185225243874275,1003,clipped_ips,random,8.185225243874275,0.7129069807393237,0.7153918288961995,0.26242656496375427,56.075530953363455,0.0,0.49607161402021527
07,hyperparam_draw,5.921476081283361,1003,clipped_ips,random,5.921476081283361,0.7073068537267189,0.7153918288961995,0.26242656496375427,56.075530953363455,0.0,0.5622998929550851
07,hyperparam_draw,1.2726295400937833,1003,clipped_ips,random,1.2726295400937833,0.6304309485231685,0.7153918288961995,0.26242656496375427,56.075530953363455,0.0,0.89391050510987
07,hyperparam_draw,60.11172855315004,1003,clipped_ips,random,60.11172855315004,0.7275278817715723,0.7153918288961995,0.26242656496375427,56.075530953363455,0.0,0.26242656496375427
07,hyperparam_draw,93.03088767374307,1003,clipped_ips,random,93.03088767374307,0.7275278817715723,0.7153918288961995,0.26242656496375427,56.075530953363455,0.0,0.26242656496375427
07,hyperparam_draw,1.4773955635978158,1003,clipped_ips,random,1.4773955635978158,0.6445149224214745,0.7153918288961995,0.26242656496375427,56.075530953363455,0.0,0.8652555840833441
07,hyperparam_draw,59.81510069236309,1003,clipped_ips,random,59.81510069236309,0.7275278817715723,0.7153918288961995,0.26242656496375427,56.075530953363455,0.0,0.26242656496375427
07,hyperparam_draw,3.5027297268175093,1003,clipped_ips,random,3.5027297268175093,0.6932630879001694,0.7153918288961995,0.26242656496375427,56.075530953363455,0.0,0.6751519314648438
07,hyperparam_draw,0.8817230450998941,1003,clipped_ips,random,0.8817230450998941,0.5799299755706363,0.7153918288961995,0.26242656496375427,56.075530953363455,0.0,0.9535460571097346
07,hyperparam_draw,1.6869995530088477,1003,clipped_ips,random,1.6869995530088477,0.6549717290948444,0.7153918288961995,0.26242656496375427,56.075530953363455,0.0,0.8383757894791554
07,hyperparam_draw,2.001720856557021,1003,clipped_ips,random,2.001720856557021,0.6666249180061173,0.7153918288961995,0.26242656496375427,56.075530953363455,0.0,0.8015035308998163
07,hyperparam_draw,1.8027891185024083,1003,clipped_ips,random,1.8027891185024083,0.6597362108444415,0.7153918288961995,0.26242656496375427,56.075530953363455,0.0,0.8242594120873761
07,hyperparam_draw,16.181107134965412,1003,clipped_ips,random,16.181107134965412,0.7204194665969736,0.7153918288961995,0.26242656496375427,56.075530953363455,0.0,0.38438089453035607
07,hyperparam_draw,4.212699644634704,1003,clipped_ips,random,4.212699644634704,0.6991457043678533,0.7153918288961995,0.26242656496375427,56.075530953363455,0.0,0.6346079369377442
07,hyperparam_draw,8.465707142583234,1003,clipped_ips,random,8.465707142583234,0.7133386879763204,0.7153918288961995,0.26242656496375427,56.075530953363455,0.0,0.4899236265958007
07,hyperparam_draw,6.717711528165521,1003,clipped_ips,random,6.717711528165521,0.7096885127797459,0.7153918288961995,0.26242656496375427,56.075530953363455,0.0,0.535432887449351
07,hyperparam_draw,32.28700093375754,1003,clipped_ips,random,32.28700093375754,0.7261324850474185,0.7153918288961995,0.26242656496375427,56.075530953363455,0.0,0.29595783172350937
07,hyperparam_draw,11.48648565072791,1003,clipped_ips,random,11.48648565072791,0.7171653485782612,0.7153918288961995,0.26242656496375427,56.075530953363455,0.0,0.4364384778544645
07,hyperparam_draw,22.18057948018496,1003,clipped_ips,random,22.18057948018496,0.7232487995470236,0.7153918288961995,0.26242656496375427,56.075530953363455,0.0,0.3405227097242303
07,hyperparam_draw,2.6393760879346826,1003,clipped_ips,random,2.6393760879346826,0.6818138239841249,0.7153918288961995,0.26242656496375427,56.075530953363455,0.0,0.7392339105348976
07,hyperparam_draw,4.502452086927754,1003,clipped_ips,random,4.502452086927754,0.7010615959545266,0.7153918288961995,0.26242656496375427,56.075530953363455,0.0,0.619900498550687
07,hyperparam_draw,7.0295480517045865,1003,clipped_ips,random,7.0295480517045865,0.7104683345611386,0.7153918288961995,0.26242656496375427,56.075530953363455,0.0,0.5260456299999308
07,hyperparam_draw,53.28593544325036,1003,clipped_ips,random,53.28593544325036,0.7274150727752687,0.7153918288961995,0.26242656496375427,56.075530953363455,0.0,0.2642750869237392
07,hyperparam_draw,1.0490564418429775,1003,clipped_ips,random,1.0490564418429775,0.6074170923775389,0.7153918288961995,0.26242656496375427,56.075530953363455,0.0,0.9273699498951934
07,hyperparam_draw,17.424650673362862,1003,clipped_ips,random,17.424650673362862,0.7210795740246569,0.7153918288961995,0.26242656496375427,56.075530953363455,0.0,0.37440211358694836
07,hyperparam_draw,7.731050056972566,1003,clipped_ips,random,7.731050056972566,0.7120524349711372,0.7153918288961995,0.26242656496375427,56.075530953363455,0.0,0.5070386626388632
07,hyperparam_draw,11.488865231140435,1003,clipped_ips,random,11.488865231140435,0.717167921573671,0.7153918288961995,0.26242656496375427,56.075530953363455,0.0,0.4364035588797192
07,hyperparam_draw,42.23089884690352,1003,clipped_ips,random,42.23089884690352,0.726943654824922,0.7153918288961995,0.26242656496375427,56.075530953363455,0.0,0.27439300386314736
07,hyperparam_draw,18.506095818339123,1003,clipped_ips,random,18.506095818339123,0.7216674373319515,0.7153918288961995,0.26242656496375427,56.075530953363455,0.0,0.3659887408241791
07,hyperparam_draw,67.98929846379082,1003,clipped_ips,random,67.98929846379082,0.7275278817715723,0.7153918288961995,0.26242656496375427,56.075530953363455,0.0,0.26242656496375427
07,hyperparam_draw,16.8916054031454,1003,clipped_ips,random,16.8916054031454,0.7207957277758411,0.7153918288961995,0.26242656496375427,56.075530953363455,0.0,0.3786884289970263
07,hyperparam_draw,0.7731716930500586,1003,clipped_ips,random,0.7731716930500586,0.5527885850738159,0.7153918288961995,0.26242656496375427,56.075530953363455,0.0,0.9701693311249946
07,hyperparam_draw,1.6211341571940818,1003,clipped_ips,random,1.6211341571940818,0.6519872365472993,0.7153918288961995,0.26242656496375427,56.075530953363455,0.0,0.8466225339166645
07,hyperparam_draw,63.93595227066619,1003,clipped_ips,random,63.93595227066619,0.7275278817715723,0.7153918288961995,0.26242656496375427,56.075530953363455,0.0,0.26242656496375427
07,hyperparam_draw,3.3147632012294275,1003,clipped_ips,random,3.3147632012294275,0.691257176205218,0.7153918288961995,0.26242656496375427,56.075530953363455,0.0,0.687664709513055
07,hyperparam_draw,1.7543635476591894,1003,clipped_ips,random,1.7543635476591894,0.6578302025144227,0.7153918288961995,0.26242656496375427,56.075530953363455,0.0,0.8300825105179495
07,hyperparam_draw,5.377244193193138,1003,clipped_ips,random,5.377244193193138,0.7052470788558428,0.7153918288961995,0.26242656496375427,56.075530953363455,0.0,0.5825036932605037
07,hyperparam_draw,13.876645072667326,1003,clipped_ips,random,13.876645072667326,0.7192353766058677,0.7153918288961995,0.26242656496375427,56.075530953363455,0.0,0.40549900112443954
07,hyperparam_draw,98.52702222304565,1003,clipped_ips,random,98.52702222304565,0.7275278817715723,0.7153918288961995,0.26242656496375427,56.075530953363455,0.0,0.26242656496375427
07,hyperparam_draw,34.7860430550709,1003,clipped_ips,random,34.7860430550709,0.7264595130101563,0.7153918288961995,0.26242656496375427,56.075530953363455,0.0,0.29004714861456704
07,hyperparam_draw,1.60911210104985,1003,clipped_ips,random,1.60911210104985,0.6514115415870919,0.7153918288961995,0.26242656496375427,56.075530953363455,0.0,0.8481533056364057
07,hyperparam_draw,61.71776421936867,1003,clipped_ips,random,61.71776421936867,0.7275278817715723,0.7153918288961995,0.26242656496375427,56.075530953363455,0.0,0.26242656496375427
07,hyperparam_draw,70.45337977077841,1003,clipped_ips,random,70.45337977077841,0.7275278817715723,0.7153918288961995,0.26242656496375427,56.075530953363455,0.0,0.26242656496375427
07,hyperparam_draw,72.22149541690804,1003,switch_dr,random,72.22149541690804,0.7195896702910602,0.7153918288961995,0.26242656496375427,56.075530953363455,0.0,0.26242656496375427
07,hyperparam_draw,50.51465439911115,1003,switch_dr,random,50.51465439911115,0.7179861258711115,0.7153918288961995,0.26242656496375427,56.075530953363455,0.0,0.28142794241626046
07,hyperparam_draw,42.06745937630591,1003,switch_dr,random,42.06745937630591,0.7186489277635063,0.7153918288961995,0.26242656496375427,56.075530953363455,0.0,0.3256668076951483
07,hyperparam_draw,5.694780555088984,1003,switch_dr,random,5.694780555088984,0.7187138856472847,0.7153918288961995,0.26242656496375427,56.075530953363455,0.0,0.6596901939045009
07,hyperparam_draw,6.234534773412185,1003,switch_dr,random,6.234534773412185,0.7197799274924946,0.7153918288961995,0.26242656496375427,56.075530953363455,0.0,0.6474380497335005
07,hyperparam_draw,2.6232000817593133,1003,switch_dr,random,2.6232000817593133,0.722411943109844,0.7153918288961995,0.26242656496375427,56.075530953363455,0.0,0.7853736151680586
07,hyperparam_draw,18.09408501585131,1003,switch_dr,random,18.09408501585131,0.7137099297971384,0.7153918288961995,0.26242656496375427,56.075530953363455,0.0,0.44498455566648315
07,hyperparam_draw,80.73835289379517,1003,switch_dr,random,80.73835289379517,0.7195896702910602,0.7153918288961995,0.26242656496375427,56.075530953363455,0.0,0.26242656496375427
07,hyperparam_draw,49.8138244862667,1003,switch_dr,random,49.8138244862667,0.7179861258711115,0.7153918288961995,0.26242656496375427,56.075530953363455,0.0,0.28142794241626046
07,hyperparam_draw,39.93750935499097,1003,switch_dr,random,39.93750935499097,0.7186489277635063,0.7153918288961995,0.26242656496375427,56.075530953363455,0.0,0.3256668076951483
07,hyperparam_draw,15.90715754259744,1003,switch_dr,random,15.90715754259744,0.7143019398839118,0.7153918288961995,0.26242656496375427,56.075530953363455,0.0,0.44974284012900245
07,hyperparam_draw,66.29092953949855,1003,switch_dr,random,66.29092953949855,0.7195896702910602,0.7153918288961995,0.26242656496375427,56.075530953363455,0.0,0.26242656496375427
07,hyperparam_draw,0.9140400038738973,1003,switch_dr,random,0.9140400038738973,0.7138192118992523,0.7153918288961995,0.26242656496375427,56.075530953363455,0.0,0.7037554453824777
07,hyperparam_draw,1.1232531271974942,1003,switch_dr,random,1.1232531271974942,0.7180025332375646,0.7153918288961995,0.26242656496375427,56.075530953363455,0.0,0.7776389312010467
07,hyperparam_draw,2.1370185427713566,1003,switch_dr,random,2.1370185427713566,0.7226793189415769,0.7153918288961995,0.26242656496375427,56.075530953363455,0.0,0.8062075697333926
07,hyperparam_draw,1.3655150968558025,1003,switch_dr,random,1.3655150968558025,0.7218180738037672,0.7153918288961995,0.26242656496375427,56.075530953363455,0.0,0.8075175861972562
07,hyperparam_draw,2.2157630401504957,1003,switch_dr,random,2.2157630401504957,0.7219698046794951,0.7153918288961995,0.26242656496375427,56.075530953363455,0.0,0.8026349237642818
07,hyperparam_draw,0.8626952648114087,1003,switch_dr,random,0.8626952648114087,0.7131319945130559,0.7153918288961995,0.26242656496375427,56.075530953363455,0.0,0.6691193437381847
07,hyperparam_draw,6.598948731378878,1003,switch_dr,random,6.598948731378878,0.720330388287974,0.7153918288961995,0.26242656496375427,56.075530953363455,0.0,0.6339385418912215
07,hyperparam_draw,66.6166907726287,1003,switch_dr,random,66.6166907726287,0.7195896702910602,0.7153918288961995,0.26242656496375427,56.075530953363455,0.0,0.26242656496375427
07,hyperparam_draw,40.15611244599437,1003,switch_dr,random,40.15611244599437,0.7186489277635063,0.7153918288961995,0.26242656496375427,56.075530953363455,0.0,0.3256668076951483
07,hyperparam_draw,3.2724923505320533,1003,switch_dr,random,3.2724923505320533,0.7211910163369437,0.7153918288961995,0.26242656496375427,56.075530953363455,0.0,0.7562358060447372
07,hyperparam_draw,0.9843016960715106,1003,switch_dr,random,0.9843016960715106,0.7157320391334143,0.7153918288961995,0.26242656496375427,56.075530953363455,0.0,0.7353978098321703
07,hyperparam_draw,72.35686079845689,1003,switch_dr,random,72.35686079845689,0.7195896702910602,0.7153918288961995,0.26242656496375427,56.075530953363455,0.0,0.26242656496375427
07,hyperparam_draw,7.100820236368212,1003,switch_dr,random,7.100820236368212,0.7183302619292167,0.7153918288961995,0.26242656496375427,56.075530953363455,0.0,0.616647251976583
07,hyperparam_draw,2.221916221328933,1003,switch_dr,random,2.221916221328933,0.7215759355620672,0.7153918288961995,0.26242656496375427,56.075530953363455,0.0,0.8018285791956092
07,hyperparam_draw,17.947097330593067,1003,switch_dr,random,17.947097330593067,0.7137099297971384,0.7153918288961995,0.26242656496375427,56.075530953363455,0.0,0.44498455566648315
07,hyperparam_draw,3.536672181342158,1003,switch_dr,random,3.536672181342158,0.720406784550269,0.7153918288961995,0.26242656496375427,56.075530953363455,0.0,0.7400246501970309
07,hyperparam_draw,1.70217501257749,1003,switch_dr,random,1.70217501257749,0.7222911360338254,0.7153918288961995,0.26242656496375427,56.075530953363455,0.0,0.8158105262329581
07,hyperparam_draw,1.791643991964936,1003,switch_dr,random,1.791643991964936,0.7231451499214929,0.7153918288961995,0.26242656496375427,56.075530953363455,0.0,0.8149514990827118
07,hyperparam_draw,59.61263029935771,1003,switch_dr,random,59.61263029935771,0.7195896702910602,0.7153918288961995,0.26242656496375427,56.075530953363455,0.0,0.26242656496375427
07,hyperparam_draw,6.800917730880426,1003,switch_dr,random,6.800917730880426,0.719903209384482,0.7153918288961995,0.26242656496375427,56.075530953363455,0.0,0.627488144492463
07,hyperparam_draw,13.650069069369495,1003,switch_dr,random,13.650069069369495,0.7162946168450403,0.7153918288961995,0.26242656496375427,56.075530953363455,0.0,0.4901255985084322
07,hyperparam_draw,57.40028629891688,1003,switch_dr,random,57.40028629891688,0.7195896702910602,0.7153918288961995,0.26242656496375427,56.075530953363455,0.0,0.26242656496375427
07,hyperparam_draw,21.288120846177332,1003,switch_dr,random,21.288120846177332,0.7158311778925315,0.7153918288961995,0.26242656496375427,56.075530953363455,0.0,0.42109267806127754
07,hyperparam_draw,34.531286342638026,1003,switch_dr,random,34.531286342638026,0.7186489277635063,0.7153918288961995,0.26242656496375427,56.075530953363455,0.0,0.3256668076951483
07,hyperparam_draw,13.855017152177245,1003,switch_dr,random,13.855017152177245,0.7166593616932811,0.7153918288961995,0.26242656496375427,56.075530953363455,0.0,0.48663540306524866
07,hyperparam_draw,2.234932156074568,1003,switch_dr,random,2.234932156074568,0.7209353067392819,0.7153918288961995,0.26242656496375427,56.075530953363455,0.0,0.801118198610567
07,hyperparam_draw,91.1592647160357,1003,switch_dr,random,91.1592647160357,0.7195896702910602,0.7153918288961995,0.26242656496375427,56.075530953363455,0.0,0.26242656496375427
07,hyperparam_draw,32.3438942153056,1003,switch_dr,random,32.3438942153056,0.7166650128484268,0.7153918288961995,0.26242656496375427,56.075530953363455,0.0,0.33607219302396163
07,hyperparam_draw,70.42724008716584,1003,switch_dr,random,70.42724008716584,0.7195896702910602,0.7153918288961995,0.26242656496375427,56.075530953363455,0.0,0.26242656496375427
07,hyperparam_draw,0.757549071693091,1003,switch_dr,random,0.757549071693091,0.7081360004421516,0.7153918288961995,0.26242656496375427,56.075530953363455,0.0,0.5657118484993086
07,hyperparam_draw,85.61187034430428,1003,switch_dr,random,85.61187034430428,0.7195896702910602,0.7153918288961995,0.26242656496375427,56.075530953363455,0.0,0.26242656496375427
07,hyperparam_draw,62.281717638066894,1003,switch_dr,random,62.281717638066894,0.7195896702910602,0.7153918288961995,0.26242656496375427,56.075530953363455,0.0,0.26242656496375427
07,hyperparam_draw,17.548570682271443,1003,switch_dr,random,17.548570682271443,0.7137099297971384,0.7153918288961995,0.26242656496375427,56.075530953363455,0.0,0.44498455566648315
07,hyperparam_draw,11.101199763727491,1003,switch_dr,random,11.101199763727491,0.7152666328923993,0.7153918288961995,0.26242656496375427,56.075530953363455,0.0,0.5239702899494153
07,hyperparam_draw,51.85649703344982,1003,switch_dr,random,51.85649703344982,0.7179861258711115,0.7153918288961995,0.26242656496375427,56.075530953363455,0.0,0.28142794241626046
07,hyperparam_draw,58.541598073303376,1003,switch_dr,random,58.541598073303376,0.7195896702910602,0.7153918288961995,0.26242656496375427,56.075530953363455,0.0,0.26242656496375427
07,hyperparam_draw,5.3601906047067365,1003,switch_dr,random,5.3601906047067365,0.7184909561167528,0.7153918288961995,0.26242656496375427,56.075530953363455,0.0,0.6696725097683014
07,hyperparam_draw,102.19366419303809,1003,switch_dr,random,102.19366419303809,0.7195896702910602,0.7153918288961995,0.26242656496375427,56.075530953363455,0.0,0.26242656496375427
07,hyperparam_draw,0.9438979357015796,1003,switch_dr,random,0.9438979357015796,0.7144446986746846,0.7153918288961995,0.26242656496375427,56.075530953363455,0.0,0.7189581181627713
07,hyperparam_draw,31.97843771438864,1003,switch_dr,random,31.97843771438864,0.7175778310936712,0.7153918288961995,0.26242656496375427,56.075530953363455,0.0,0.3561516205997767
07,hyperparam_draw,61.45127132327736,1003,switch_dr,random,61.45127132327736,0.7195896702910602,0.7153918288961995,0.26242656496375427,56.075530953363455,0.0,0.26242656496375427
07,hyperparam_draw,111.55822408443204,1003,switch_dr,random,111.55822408443204,0.7195896702910602,0.7153918288961995,0.26242656496375427,56.075530953363455,0.0,0.26242656496375427
07,hyperparam_draw,1.0460111311569649,1003,switch_dr,random,1.0460111311569649,0.7169408159621525,0.7153918288961995,0.26242656496375427,56.075530953363455,0.0,0.7565825322671478
07,hyperparam_draw,37.514679804533735,1003,switch_dr,random,37.514679804533735,0.7186489277635063,0.7153918288961995,0.26242656496375427,56.075530953363455,0.0,0.3256668076951483
07,hyperparam_draw,8.095165085123233,1003,switch_dr,random,8.095165085123233,0.7179900542209477,0.7153918288961995,0.26242656496375427,56.075530953363455,0.0,0.5858935531597588
07,hyperparam_draw,20.556828902718216,1003,switch_dr,random,20.556828902718216,0.7144760991998845,0.7153918288961995,0.26242656496375427,56.075530953363455,0.0,0.4272422241077085
07,hyperparam_draw,2.7521927554242627,1003,switch_dr,random,2.7521927554242627,0.7226709833834992,0.7153918288961995,0.26242656496375427,56.075530953363455,0.0,0.7781417055354465
07,hyperparam_draw,1.8413410503167438,1003,switch_dr,random,1.8413410503167438,0.722012690257348,0.7153918288961995,0.26242656496375427,56.075530953363455,0.0,0.8140853353944866
07,hyperparam_draw,2.3912759254702665,1003,dros,random,2.3912759254702665,0.7158276571354947,0.7153918288961995,0.26242656496375427,56.075530953363455,0.0,0.962610498908162
07,hyperparam_draw,3.3503625526814655,1003,dros,random,3.3503625526814655,0.7169493489813483,0.7153918288961995,0.26242656496375427,56.075530953363455,0.0,0.9484378307291663
07,hyperparam_draw,69.48234061926298,1003,dros,random,69.48234061926298,0.7177901538586028,0.7153918288961995,0.26242656496375427,56.075530953363455,0.0,0.6792986439582471
07,hyperparam_draw,405.6880498686751,1003,dros,random,405.6880498686751,0.716902336464823,0.7153918288961995,0.26242656496375427,56.075530953363455,0.0,0.4977299497928407
07,hyperparam_draw,12.947429899904964,1003,dros,random,12.947429899904964,0.7187852662356726,0.7153918288961995,0.26242656496375427,56.075530953363455,0.0,0.8519197439752115
07,hyperparam_draw,2251.659693228956,1003,dros,random,2251.659693228956,0.7179845313212443,0.7153918288961995,0.26242656496375427,56.075530953363455,0.0,0.35941401259848793
07,hyperparam_draw,1.6256001184252054,1003,dros,random,1.6256001184252054,0.7141913412044008,0.7153918288961995,0.26242656496375427,56.075530953363455,0.0,0.9733857180697251
07,hyperparam_draw,0.8075303182516131,1003,dros,random,0.8075303182516131,0.7104410760249668,0.7153918288961995,0.26242656496375427,56.075530953363455,0.0,0.978349152128131
07,hyperparam_draw,120.51069613754474,1003,dros,random,120.51069613754474,0.7173271237291625,0.7153918288961995,0.26242656496375427,56.075530953363455,0.0,0.6200533048767186
07,hyperparam_draw,109.99911790261834,1003,dros,random,109.99911790261834,0.7173973256531313,0.7153918288961995,0.26242656496375427,56.075530953363455,0.0,0.6297811823171383
07,hyperparam_draw,6339.956955371761,1003,dros,random,6339.956955371761,0.7187690597224442,0.7153918288961995,0.26242656496375427,56.075530953363455,0.0,0.30761288874153847
07,hyperparam_draw,401.64693395357597,1003,dros,random,401.64693395357597,0.716901103009996,0.7153918288961995,0.26242656496375427,56.075530953363455,0.0,0.498672877780133
07,hyperparam_draw,17.900667412079773,1003,dros,random,17.900667412079773,0.7187551268602427,0.7153918288961995,0.26242656496375427,56.075530953363455,0.0,0.8214419299575119
07,hyperparam_draw,2.4581473749255904,1003,dros,random,2.4581473749255904,0.7159304119674669,0.7153918288961995,0.26242656496375427,56.075530953363455,0.0,0.9616169590753864
07,hyperparam_draw,103.9450761439007,1003,dros,random,103.9450761439007,0.7174425615871992,0.7153918288961995,0.26242656496375427,56.075530953363455,0.0,0.6358390991032897
07,hyperparam_draw,74.00648736681453,1003,dros,random,74.00648736681453,0.7177337423553252,0.7153918288961995,0.26242656496375427,56.075530953363455,0.0,0.672466841497503
07,hyperparam_draw,10017.075217424315,1003,dros,random,10017.075217424315,0.7190171430739648,0.7153918288961995,0.26242656496375427,56.075530953363455,0.0,0.2931482090249075
07,hyperparam_draw,43.683952481748655,1003,dros,random,43.683952481748655,0.7182017742034552,0.7153918288961995,0.26242656496375427,56.075530953363455,0.0,0.7294311270490249
07,hyperparam_draw,4901.332166622914,1003,dros,random,4901.332166622914,0.7186001833928826,0.7153918288961995,0.26242656496375427,56.075530953363455,0.0,0.3179096687774948
07,hyperparam_draw,341.7659193632246,1003,dros,random,341.7659193632246,0.7168927457398567,0.7153918288961995,0.26242656496375427,56.075530953363455,0.0,0.514046966906345
07,hyperparam_draw,645.3221716055433,1003,dros,random,645.3221716055433,0.7170465776552717,0.7153918288961995,0.26242656496375427,56.075530953363455,0.0,0.4554283396957396
07,hyperparam_draw,2.836879681892496,1003,dros,random,2.836879681892496,0.716432757509814,0.7153918288961995,0.26242656496375427,56.075530953363455,0.0,0.9559781508206164
07,hyperparam_draw,7766.615181149878,1003,dros,random,7766.615181149878,0.7188873834533224,0.7153918288961995,0.26242656496375427,56.075530953363455,0.0,0.30062025895989125
07,hyperparam_draw,216.98880028618615,1003,dros,random,216.98880028618615,0.7169850615994031,0.7153918288961995,0.26242656496375427,56.075530953363455,0.0,0.5589150920486041
07,hyperparam_draw,109.31922419752843,1003,dros,random,109.31922419752843,0.7174022202419432,0.7153918288961995,0.26242656496375427,56.075530953363455,0.0,0.6304438176915983
07,hyperparam_draw,1.3209903535279417,1003,dros,random,1.3209903535279417,0.7131697695856085,0.7153918288961995,0.26242656496375427,56.075530953363455,0.0,0.9767753912497621
07,hyperparam_draw,6.407657498174012,1003,dros,random,6.407657498174012,0.7183058842796247,0.7153918288961995,0.26242656496375427,56.075530953363455,0.0,0.9093549110889686
07,hyperparam_draw,91.03662780258959,1003,dros,random,91.03662780258959,0.7175528013592722,0.7153918288961995,0.26242656496375427,56.075530953363455,0.0,0.65008935672966
07,hyperparam_draw,19.59795961177077,1003,dros,random,19.59795961177077,0.7187257804152706,0.7153918288961995,0.26242656496375427,56.075530953363455,0.0,0.8125679084627244
07,hyperparam_draw,2.25917551930637,1003,dros,random,2.25917551930637,0.7156098234794195,0.7153918288961995,0.26242656496375427,56.075530953363455,0.0,0.964563754988936
07,hyperparam_draw,313.40716006010655,1003,dros,random,313.40716006010655,0.716897262790322,0.7153918288961995,0.26242656496375427,56.075530953363455,0.0,0.5224231879775202
07,hyperparam_draw,330.3599578560423,1003,dros,random,330.3599578560423,0.716893766284935,0.7153918288961995,0.26242656496375427,56.075530953363455,0.0,0.5173187558832995
07,hyperparam_draw,562.6371549247261,1003,dros,random,562.6371549247261,0.7169869857280283,0.7153918288961995,0.26242656496375427,56.075530953363455,0.0,0.46762457746407016
07,hyperparam_draw,10.082569107344263,1003,dros,random,10.082569107344263,0.7187120762071643,0.7153918288961995,0.26242656496375427,56.075530953363455,0.0,0.8738705304673622
07,hyperparam_draw,13.730437564974729,1003,dros,random,13.730437564974729,0.7187894164375215,0.7153918288961995,0.26242656496375427,56.075530953363455,0.0,0.8465546207647933
07,hyperparam_draw,32.60992713477033,1003,dros,random,32.60992713477033,0.7184351829143738,0.7153918288961995,0.26242656496375427,56.075530953363455,0.0,0.760510118479264
07,hyperparam_draw,0.5571400704358478,1003,dros,random,0.5571400704358478,0.7082181724320924,0.7153918288961995,0.26242656496375427,56.075530953363455,0.0,0.9740411676028072
07,hyperparam_draw,1431.9605276164514,1003,dros,random,1431.9605276164514,0.717597505720122,0.7153918288961995,0.26242656496375427,56.075530953363455,0.0,0.39054581914547915
07,hyperparam_draw,124.70789974730468,1003,dros,random,124.70789974730468,0.7173017431221373,0.7153918288961995,0.26242656496375427,56.075530953363455,0.0,0.6164177223166561
07,hyperparam_draw,3774.228726071123,1003,dros,random,3774.228726071123,0.7184085536013965,0.7153918288961995,0.26242656496375427,56.075530953363455,0.0,0.3300917426000614
07,hyperparam_draw,777.7843613348164,1003,dros,random,777.7843613348164,0.7171478783211972,0.7153918288961995,0.26242656496375427,56.075530953363455,0.0,0.43926187491295143
07,hyperparam_draw,1511.6815278121112,1003,dros,random,1511.6815278121112,0.7176429251844026,0.7153918288961995,0.26242656496375427,56.075530953363455,0.0,0.3865735507175763
07,hyperparam_draw,1942.7615178920387,1003,dros,random,1942.7615178920387,0.7178575481853158,0.7153918288961995,0.26242656496375427,56.075530953363455,0.0,0.36903506009979586
07,hyperparam_draw,127.48437538423373,1003,dros,random,127.48437538423373,0.7172857132117296,0.7153918288961995,0.26242656496375427,56.075530953363455,0.0,0.6140835707827114
07,hyperparam_draw,1.2365161417326935,1003,dros,random,1.2365161417326935,0.7128260734532174,0.7153918288961995,0.26242656496375427,56.075530953363455,0.0,0.9775075219539926
07,hyperparam_draw,0.5589436970450261,1003,dros,random,0.5589436970450261,0.7082377348360686,0.7153918288961995,0.26242656496375427,56.075530953363455,0.0,0.9740967865283632
07,hyperparam_draw,6.789509660988842,1003,dros,random,6.789509660988842,0.7183800597036908,0.7153918288961995,0.26242656496375427,56.075530953363455,0.0,0.9051668195871869
07,hyperparam_draw,6366.678561193754,1003,dros,random,6366.678561193754,0.7187716460471897,0.7153918288961995,0.26242656496375427,56.075530953363455,0.0,0.3074581489770785
07,hyperparam_draw,5058.960267276675,1003,dros,random,5058.960267276675,0.7186220601606131,0.7153918288961995,0.26242656496375427,56.075530953363455,0.0,0.3165537258576408
07,hyperparam_draw,10794.835328625433,1003,dros,random,10794.835328625433,0.7190514442679227,0.7153918288961995,0.26242656496375427,56.075530953363455,0.0,0.2912060793846958
07,hyperparam_draw,0.756983126630946,1003,dros,random,0.756983126630946,0.7100598649877066,0.7153918288961995,0.26242656496375427,56.075530953363455,0.0,0.9779163745541577
07,hyperparam_draw,176.41779287007785,1003,dros,random,176.41779287007785,0.7170802569083493,0.7153918288961995,0.26242656496375427,56.075530953363455,0.0,0.5800836955735039
07,hyperparam_draw,305.5631555940945,1003,dros,random,305.5631555940945,0.7168997722479581,0.7153918288961995,0.26242656496375427,56.075530953363455,0.0,0.5248906129548433
07,hyperparam_draw,1685.4132992849156,1003,dros,random,1685.4132992849156,0.7177353722867895,0.7153918288961995,0.26242656496375427,56.075530953363455,0.0,0.3787920408601342
07,hyperparam_draw,939.9602220613677,1003,dros,random,939.9602220613677,0.7172710900829758,0.7153918288961995,0.26242656496375427,56.075530953363455,0.0,0.4234249634813144
07,hyperparam_draw,202.72011045360478,1003,dros,random,202.72011045360478,0.7170129342187048,0.7153918288961995,0.26242656496375427,56.075530953363455,0.0,0.5658246226113948
07,hyperparam_draw,3.5558159636877136,1003,dros,random,3.5558159636877136,0.7171168383854605,0.7153918288961995,0.26242656496375427,56.075530953363455,0.0,0.9454845542514854
07,hyperparam_draw,60.88021990604434,1003,dros,random,60.88021990604434,0.7179090504521003,0.7153918288961995,0.26242656496375427,56.075530953363455,0.0,0.693616518520128
07,hyperparam_draw,11153.489464323138,1003,dros,random,11153.489464323138,0.7190659065371552,0.7153918288961995,0.26242656496375427,56.075530953363455,0.0,0.290391284949844
07,hyperparam_draw,104.44520525898434,1003,dros,random,104.44520525898434,0.7174386797195867,0.7153918288961995,0.26242656496375427,56.075530953363455,0.0,0.6353247922704999
07,hyperparam_draw,nan,1003,ips,fixed,nan,0.7275278817715723,0.7153918288961995,0.26242656496375427,56.075530953363455,0.0,0.26242656496375427
07,hyperparam_draw,nan,1003,snips,fixed,nan,0.7056634464551893,0.7153918288961995,0.26242656496375427,56.075530953363455,0.0,0.26242656496375427
07,hyperparam_draw,nan,1003,dr,fixed,nan,0.7195896702910602,0.7153918288961995,0.26242656496375427,56.075530953363455,0.0,0.26242656496375427
07,hyperparam_draw,6.188325587886837,1003,clipped_ips,slope,6.188325587886837,0.7081661050051798,0.7153918288961995,0.26242656496375427,56.075530953363455,0.0,0.5529712746532744
07,hyperparam_draw,1.4536439257434426,1003,switch_dr,slope,1.4536439257434426,0.7225371665610318,0.7153918288961995,0.26242656496375427,56.075530953363455,0.0,0.812130711278026
07,hyperparam_draw,0.4963647801873177,1003,dros,slope,0.4963647801873177,0.7075194763860181,0.7153918288961995,0.26242656496375427,56.075530953363455,0.0,0.9718643027819462
07,hyperparam_draw,32.11638778064426,1004,clipped_ips,random,32.11638778064426,0.7049088563330766,0.7153918288961995,0.3405266985475608,45.24586203216795,0.0,0.3574075723199479
07,hyperparam_draw,1.3286744043884662,1004,clipped_ips,random,1.3286744043884662,0.6281885483170059,0.7153918288961995,0.3405266985475608,45.24586203216795,0.0,0.8846133714692879
07,hyperparam_draw,55.259716059831916,1004,clipped_ips,random,55.259716059831916,0.7049809599618045,0.7153918288961995,0.3405266985475608,45.24586203216795,0.0,0.3405266985475608
07,hyperparam_draw,38.94256432017518,1004,clipped_ips,random,38.94256432017518,0.705119791650465,0.7153918288961995,0.3405266985475608,45.24586203216795,0.0,0.3467063900169089
07,hyperparam_draw,6.517302246975323,1004,clipped_ips,random,6.517302246975323,0.6972350572418249,0.7153918288961995,0.3405266985475608,45.24586203216795,0.0,0.5625374277550759
07,hyperparam_draw,7.144064957302466,1004,clipped_ips,random,7.144064957302466,0.6982442063159929,0.7153918288961995,0.3405266985475608,45.24586203216795,0.0,0.5453545315088982
07,hyperparam_draw,1.934434437177557,1004,clipped_ips,random,1.934434437177557,0.6575744046548077,0.7153918288961995,0.3405266985475608,45.24586203216795,0.0,0.8103473457848361
07,hyperparam_draw,60.27261688104059,1004,clipped_ips,random,60.27261688104059,0.7049809599618045,0.7153918288961995,0.3405266985475608,45.24586203216795,0.0,0.3405266985475608
07,hyperparam_draw,9.530298411563697,1004,clipped_ips,random,9.530298411563697,0.700443252080478,0.7153918288961995,0.3405266985475608,45.24586203216795,0.0,0.4928693954791859
07,hyperparam_draw,0.97048617914092,1004,clipped_ips,random,0.97048617914092,0.59041958900141,0.7153918288961995,0.3405266985475608,45.24586203216795,0.0,0.9389089816011942
07,hyperparam_draw,8.1203624100841,1004,clipped_ips,random,8.1203624100841,0.6993828820630008,0.7153918288961995,0.3405266985475608,45.24586203216795,0.0,0.5214833016592006
07,hyperparam_draw,40.85017449327057,1004,clipped_ips,random,40.85017449327057,0.705077776065332,0.7153918288961995,0.3405266985475608,45.24586203216795,0.0,0.34491639868871865
07,hyperparam_draw,1.0782910675786381,1004,clipped_ips,random,1.0782910675786381,0.6048314459769814,0.7153918288961995,0.3405266985475608,45.24586203216795,0.0,0.9219967529960744
07,hyperparam_draw,14.411407281332204,1004,clipped_ips,random,14.411407281332204,0.7016165055215237,0.7153918288961995,0.3405266985475608,45.24586203216795,0.0,0.43533597328439466
07,hyperparam_draw,58.529314945049315,1004,clipped_ips,random,58.529314945049315,0.7049809599618045,0.7153918288961995,0.3405266985475608,45.24586203216795,0.0,0.3405266985475608
07,hyperparam_draw,21.73851591198521,1004,clipped_ips,random,21.73851591198521,0.7032992792262053,0.7153918288961995,0.3405266985475608,45.24586203216795,0.0,0.39333900108450437
07,hyperparam_draw,15.459177141846835,1004,clipped_ips,random,15.459177141846835,0.7018933045819721,0.7153918288961995,0.3405266985475608,45.24586203216795,0.0,0.42683112148262065
07,hyperparam_draw,18.734427234541446,1004,clipped_ips,random,18.734427234541446,0.7026465016502048,0.7153918288961995,0.3405266985475608,45.24586203216795,0.0,0.40815887532041406
07,hyperparam_draw,23.999975440002096,1004,clipped_ips,random,23.999975440002096,0.7037108627815932,0.7153918288961995,0.3405266985475608,45.24586203216795,0.0,0.3841712809684049
07,hyperparam_draw,0.9180674384312197,1004,clipped_ips,random,0.9180674384312197,0.5818815550642844,0.7153918288961995,0.3405266985475608,45.24586203216795,0.0,0.9471604645946939
07,hyperparam_draw,2.1110629659669797,1004,clipped_ips,random,2.1110629659669797,0.6628606152314555,0.7153918288961995,0.3405266985475608,45.24586203216795,0.0,0.7923825602709212
07,hyperparam_draw,0.8623266070904023,1004,clipped_ips,random,0.8623266070904023,0.5714013244390866,0.7153918288961995,0.3405266985475608,45.24586203216795,0.0,0.9558492157697274
07,hyperparam_draw,4.186681720437674,1004,clipped_ips,random,4.186681720437674,0.689356243651602,0.7153918288961995,0.3405266985475608,45.24586203216795,0.0,0.6499918565887404
07,hyperparam_draw,35.6628577753225,1004,clipped_ips,random,35.6628577753225,0.7051610697107688,0.7153918288961995,0.3405266985475608,45.24586203216795,0.0,0.34987364939456084
07,hyperparam_draw,8.122679473835024,1004,clipped_ips,random,8.122679473835024,0.699384921077196,0.7153918288961995,0.3405266985475608,45.24586203216795,0.0,0.5214308433937641
07,hyperparam_draw,13.008298921522604,1004,clipped_ips,random,13.008298921522604,0.7012989813148773,0.7153918288961995,0.3405266985475608,45.24586203216795,0.0,0.4473404829303492
07,hyperparam_draw,33.030682032285696,1004,clipped_ips,random,33.030682032285696,0.7049689534345741,0.7153918288961995,0.3405266985475608,45.24586203216795,0.0,0.35520282221928196
07,hyperparam_draw,8.957103099499584,1004,clipped_ips,random,8.957103099499584,0.7000343619287331,0.7153918288961995,0.3405266985475608,45.24586203216795,0.0,0.5034380921832663
07,hyperparam_draw,3.9436375819614296,1004,clipped_ips,random,3.9436375819614296,0.6879335503501115,0.7153918288961995,0.3405266985475608,45.24586203216795,0.0,0.6621677927108953
07,hyperparam_draw,30.332917177316407,1004,clipped_ips,random,30.332917177316407,0.7047607755333741,0.7153918288961995,0.3405266985475608,45.24586203216795,0.0,0.36187609744480237
07,hyperparam_draw,5.8806283428571815,1004,clipped_ips,random,5.8806283428571815,0.6958175023706193,0.7153918288961995,0.3405266985475608,45.24586203216795,0.0,0.5822570503406143
07,hyperparam_draw,5.210413737729245,1004,clipped_ips,random,5.210413737729245,0.6938298899114126,0.7153918288961995,0.3405266985475608,45.24586203216795,0.0,0.6066124662856506
07,hyperparam_draw,52.18667874120216,1004,clipped_ips,random,52.18667874120216,0.7049809599618045,0.7153918288961995,0.3405266985475608,45.24586203216795,0.0,0.3405266985475608
07,hyperparam_draw,2.5895359013612262,1004,clipped_ips,random,2.5895359013612262,0.6733241403430764,0.7153918288961995,0.3405266985475608,45.24586203216795,0.0,0.749625255460503
07,hyperparam_draw,5.298627252262999,1004,clipped_ips,random,5.298627252262999,0.6941173389749707,0.7153918288961995,0.3405266985475608,45.24586203216795,0.0,0.6032150394095485
07,hyperparam_draw,3.6621671344866145,1004,clipped_ips,random,3.6621671344866145,0.6859492629899547,0.7153918288961995,0.3405266985475608,45.24586203216795,0.0,0.6773284643169499
07,hyperparam_draw,3.7213705210980064,1004,clipped_ips,random,3.7213705210980064,0.6863983311911575,0.7153918288961995,0.3405266985475608,45.24586203216795,0.0,0.6740765242839751
07,hyperparam_draw,21.33284826838495,1004,clipped_ips,random,21.33284826838495,0.7032359574686939,0.7153918288961995,0.3405266985475608,45.24586203216795,0.0,0.395145646369468
07,hyperparam_draw,0.7533094505416026,1004,clipped_ips,random,0.7533094505416026,0.5439745346889909,0.7153918288961995,0.3405266985475608,45.24586203216795,0.0,0.9724532010083295
07,hyperparam_draw,15.35662814654208,1004,clipped_ips,random,15.35662814654208,0.7018757456839487,0.7153918288961995,0.3405266985475608,45.24586203216795,0.0,0.42760277651859613
07,hyperparam_draw,7.6344328294477,1004,clipped_ips,random,7.6344328294477,0.6988889989421339,0.7153918288961995,0.3405266985475608,45.24586203216795,0.0,0.5328087496565754
07,hyperparam_draw,16.577470856273003,1004,clipped_ips,random,16.577470856273003,0.7020672106429665,0.7153918288961995,0.3405266985475608,45.24586203216795,0.0,0.4194573346736111
07,hyperparam_draw,58.285316161920484,1004,clipped_ips,random,58.285316161920484,0.7049809599618045,0.7153918288961995,0.3405266985475608,45.24586203216795,0.0,0.3405266985475608
07,hyperparam_draw,45.92662630636213,1004,clipped_ips,random,45.92662630636213,0.7049809599618045,0.7153918288961995,0.3405266985475608,45.24586203216795,0.0,0.3405266985475608
07,hyperparam_draw,11.192268285183214,1004,clipped_ips,random,11.192268285183214,0.7009709512981631,0.7153918288961995,0.3405266985475608,45.24586203216795,0.0,0.4685562108518689
07,hyperparam_draw,1.7668215548518695,1004,clipped_ips,random,1.7668215548518695,0.6515646863792126,0.7153918288961995,0.3405266985475608,45.24586203216795,0.0,0.8288589618639406
07,hyperparam_draw,3.682697400966761,1004,clipped_ips,random,3.682697400966761,0.6861067884896378,0.7153918288961995,0.3405266985475608,45.24586203216795,0.0,0.6761907669178864
07,hyperparam_draw,31.05780889099406,1004,clipped_ips,random,31.05780889099406,0.7048392753170524,0.7153918288961995,0.3405266985475608,45.24586203216795,0.0,0.3599117618220244
07,hyperparam_draw,3.0905295185011155,1004,clipped_ips,random,3.0905295185011155,0.6805376815073422,0.7153918288961995,0.3405266985475608,45.24586203216795,0.0,0.7122730292137636
07,hyperparam_draw,5.146805873164454,1004,clipped_ips,random,5.146805873164454,0.6936155579908622,0.7153918288961995,0.3405266985475608,45.24586203216795,0.0,0.6090826590804439
07,hyperparam_draw,2.155581143633695,1004,clipped_ips,random,2.155581143633695,0.6640693954951821,0.7153918288961995,0.3405266985475608,45.24586203216795,0.0,0.788048781123111
07,hyperparam_draw,5.0172178292643945,1004,clipped_ips,random,5.0172178292643945,0.693159720425664,0.7153918288961995,0.3405266985475608,45.24586203216795,0.0,0.6141635626214393
07,hyperparam_draw,7.5827927651226075,1004,clipped_ips,random,7.5827927651226075,0.6988266457328666,0.7153918288961995,0.3405266985475608,45.24586203216795,0.0,0.534112122257665
07,hyperparam_draw,10.284011770783424,1004,clipped_ips,random,10.284011770783424,0.7007632435865704,0.7153918288961995,0.3405266985475608,45.24586203216795,0.0,0.4810165773816261
07,hyperparam_draw,3.1991509824930002,1004,clipped_ips,random,3.1991509824930002,0.6817773291612877,0.7153918288961995,0.3405266985475608,45.24586203216795,0.0,0.7050198427559987
07,hyperparam_draw,84.40078644277034,1004,clipped_ips,random,84.40078644277034,0.7049809599618045,0.7153918288961995,0.3405266985475608,45.24586203216795,0.0,0.3405266985475608
07,hyperparam_draw,23.17585728622388,1004,clipped_ips,random,23.17585728622388,0.7035569592841681,0.7153918288961995,0.3405266985475608,45.24586203216795,0.0,0.38749049954283293
07,hyperparam_draw,47.454263891281634,1004,clipped_ips,random,47.454263891281634,0.7049809599618045,0.7153918288961995,0.3405266985475608,45.24586203216795,0.0,0.3405266985475608
07,hyperparam_draw,13.555404577909862,1004,clipped_ips,random,13.555404577909862,0.7013875098333526,0.7153918288961995,0.3405266985475608,45.24586203216795,0.0,0.4423900525983963
07,hyperparam_draw,60.57698737573318,1004,clipped_ips,random,60.57698737573318,0.7049809599618045,0.7153918288961995,0.3405266985475608,45.24586203216795,0.0,0.3405266985475608
07,hyperparam_draw,86.6402177267504,1004,switch_dr,random,86.6402177267504,0.7104632747938839,0.7153918288961995,0.3405266985475608,45.24586203216795,0.0,0.3405266985475608
07,hyperparam_draw,6.617205355363669,1004,switch_dr,random,6.617205355363669,0.7189519348815911,0.7153918288961995,0.3405266985475608,45.24586203216795,0.0,0.6428778317005994
07,hyperparam_draw,81.57703980192672,1004,switch_dr,random,81.57703980192672,0.7104632747938839,0.7153918288961995,0.3405266985475608,45.24586203216795,0.0,0.3405266985475608
07,hyperparam_draw,0.731939149595517,1004,switch_dr,random,0.731939149595517,0.7093343452329892,0.7153918288961995,0.3405266985475608,45.24586203216795,0.0,0.5446395739308552
07,hyperparam_draw,82.80678122561989,1004,switch_dr,random,82.80678122561989,0.7104632747938839,0.7153918288961995,0.3405266985475608,45.24586203216795,0.0,0.3405266985475608
07,hyperparam_draw,0.993115262941284,1004,switch_dr,random,0.993115262941284,0.7134601029974439,0.7153918288961995,0.3405266985475608,45.24586203216795,0.0,0.7480589699785283
07,hyperparam_draw,6.845394231438223,1004,switch_dr,random,6.845394231438223,0.7193129240358637,0.7153918288961995,0.3405266985475608,45.24586203216795,0.0,0.635689163237764
07,hyperparam_draw,5.752816313494714,1004,switch_dr,random,5.752816313494714,0.7192329499985363,0.7153918288961995,0.3405266985475608,45.24586203216795,0.0,0.6720904502417385
07,hyperparam_draw,2.3903121348376013,1004,switch_dr,random,2.3903121348376013,0.7173744404913935,0.7153918288961995,0.3405266985475608,45.24586203216795,0.0,0.7999172174390916
07,hyperparam_draw,0.7341787698150404,1004,switch_dr,random,0.7341787698150404,0.7094341023845923,0.7153918288961995,0.3405266985475608,45.24586203216795,0.0,0.5473661582577368
07,hyperparam_draw,2.1021031141330897,1004,switch_dr,random,2.1021031141330897,0.7153369548795917,0.7153918288961995,0.3405266985475608,45.24586203216795,0.0,0.8103536316379213
07,hyperparam_draw,10.69930300152381,1004,switch_dr,random,10.69930300152381,0.7178435754456646,0.7153918288961995,0.3405266985475608,45.24586203216795,0.0,0.5495789647210024
07,hyperparam_draw,29.323597219515324,1004,switch_dr,random,29.323597219515324,0.7079452759875539,0.7153918288961995,0.3405266985475608,45.24586203216795,0.0,0.42493759590312347
07,hyperparam_draw,1.0629296548890488,1004,switch_dr,random,1.0629296548890488,0.7160037178364446,0.7153918288961995,0.3405266985475608,45.24586203216795,0.0,0.769325001240017
07,hyperparam_draw,6.681175270655267,1004,switch_dr,random,6.681175270655267,0.7188535407547896,0.7153918288961995,0.3405266985475608,45.24586203216795,0.0,0.641473691287034
07,hyperparam_draw,58.25125571140757,1004,switch_dr,random,58.25125571140757,0.7104632747938839,0.7153918288961995,0.3405266985475608,45.24586203216795,0.0,0.3405266985475608
07,hyperparam_draw,2.112619434011122,1004,switch_dr,random,2.112619434011122,0.7149048589939775,0.7153918288961995,0.3405266985475608,45.24586203216795,0.0,0.8101101815640178
07,hyperparam_draw,23.28403062783787,1004,switch_dr,random,23.28403062783787,0.7080496493179268,0.7153918288961995,0.3405266985475608,45.24586203216795,0.0,0.43447953254507077
07,hyperparam_draw,2.0405900045638683,1004,switch_dr,random,2.0405900045638683,0.7153605050554052,0.7153918288961995,0.3405266985475608,45.24586203216795,0.0,0.812001340221896
07,hyperparam_draw,37.542518998323985,1004,switch_dr,random,37.542518998323985,0.7122874855643568,0.7153918288961995,0.3405266985475608,45.24586203216795,0.0,0.36419662367884836
07,hyperparam_draw,41.84609678471688,1004,switch_dr,random,41.84609678471688,0.7122874855643568,0.7153918288961995,0.3405266985475608,45.24586203216795,0.0,0.36419662367884836
07,hyperparam_draw,7.526741398320449,1004,switch_dr,random,7.526741398320449,0.7190264462828085,0.7153918288961995,0.3405266985475608,45.24586203216795,0.0,0.6246031949067018
07,hyperparam_draw,70.4129250091745,1004,switch_dr,random,70.4129250091745,0.7104632747938839,0.7153918288961995,0.3405266985475608,45.24586203216795,0.0,0.3405266985475608
07,hyperparam_draw,9.089933795247148,1004,switch_dr,random,9.089933795247148,0.7179370525659693,0.7153918288961995,0.3405266985475608,45.24586203216795,0.0,0.586398326470761
07,hyperparam_draw,1.1194424113835681,1004,switch_dr,random,1.1194424113835681,0.7152668636762838,0.7153918288961995,0.3405266985475608,45.24586203216795,0.0,0.7823349151770008
07,hyperparam_draw,43.989914486025924,1004,switch_dr,random,43.989914486025924,0.7122874855643568,0.7153918288961995,0.3405266985475608,45.24586203216795,0.0,0.36419662367884836
07,hyperparam_draw,44.62992605312338,1004,switch_dr,random,44.62992605312338,0.7122874855643568,0.7153918288961995,0.3405266985475608,45.24586203216795,0.0,0.36419662367884836
07,hyperparam_draw,1.342818661129019,1004,switch_dr,random,1.342818661129019,0.7155210887916517,0.7153918288961995,0.3405266985475608,45.24586203216795,0.0,0.8096825664475539
07,hyperparam_draw,4.218509963917576,1004,switch_dr,random,4.218509963917576,0.7194024706348019,0.7153918288961995,0.3405266985475608,45.24586203216795,0.0,0.7201090912714743
07,hyperparam_draw,7.3544582861082475,1004,switch_dr,random,7.3544582861082475,0.7191433992212078,0.7153918288961995,0.3405266985475608,45.24586203216795,0.0,0.626321644020024
07,hyperparam_draw,2.712184840342448,1004,switch_dr,random,2.712184840342448,0.717373964430343,0.7153918288961995,0.3405266985475608,45.24586203216795,0.0,0.7850212849848243
07,hyperparam_draw,1.570411542705893,1004,switch_dr,random,1.570411542705893,0.7166428894428887,0.7153918288961995,0.3405266985475608,45.24586203216795,0.0,0.8191884125530298
07,hyperparam_draw,0.7444214697150728,1004,switch_dr,random,0.7444214697150728,0.709704273776138,0.7153918288961995,0.3405266985475608,45.24586203216795,0.0,0.5610640830221213
07,hyperparam_draw,1.6118869061590186,1004,switch_dr,random,1.6118869061590186,0.7161482102187712,0.7153918288961995,0.3405266985475608,45.24586203216795,0.0,0.8195708903945172
07,hyperparam_draw,27.272047774424085,1004,switch_dr,random,27.272047774424085,0.7079452759875539,0.7153918288961995,0.3405266985475608,45.24586203216795,0.0,0.42493759590312347
07,hyperparam_draw,4.394833892637186,1004,switch_dr,random,4.394833892637186,0.7182275497779483,0.7153918288961995,0.3405266985475608,45.24586203216795,0.0,0.7131653820061258
07,hyperparam_draw,14.588947006996296,1004,switch_dr,random,14.588947006996296,0.7101387251643362,0.7153918288961995,0.3405266985475608,45.24586203216795,0.0,0.4921570582057749
07,hyperparam_draw,40.05689874308171,1004,switch_dr,random,40.05689874308171,0.7122874855643568,0.7153918288961995,0.3405266985475608,45.24586203216795,0.0,0.36419662367884836
07,hyperparam_draw,10.312539415696392,1004,switch_dr,random,10.312539415696392,0.7179204054595701,0.7153918288961995,0.3405266985475608,45.24586203216795,0.0,0.5524276011986553
07,hyperparam_draw,3.6165773649978816,1004,switch_dr,random,3.6165773649978816,0.7188787316897841,0.7153918288961995,0.3405266985475608,45.24586203216795,0.0,0.7434197814766608
07,hyperparam_draw,22.976858643198735,1004,switch_dr,random,22.976858643198735,0.7080496493179268,0.7153918288961995,0.3405266985475608,45.24586203216795,0.0,0.43447953254507077
07,hyperparam_draw,2.5124897018765395,1004,switch_dr,random,2.5124897018765395,0.7167794113499679,0.7153918288961995,0.3405266985475608,45.24586203216795,0.0,0.7947688738190178
07,hyperparam_draw,7.747130264619669,1004,switch_dr,random,7.747130264619669,0.7194527655282108,0.7153918288961995,0.3405266985475608,45.24586203216795,0.0,0.6154861311870371
07,hyperparam_draw,18.29306929682137,1004,switch_dr,random,18.29306929682137,0.7075240774004714,0.7153918288961995,0.3405266985475608,45.24586203216795,0.0,0.4575566364157698
07,hyperparam_draw,2.8858061834169697,1004,switch_dr,random,2.8858061834169697,0.7177834053765507,0.7153918288961995,0.3405266985475608,45.24586203216795,0.0,0.7774651092816661
07,hyperparam_draw,48.20166946157898,1004,switch_dr,random,48.20166946157898,0.7104632747938839,0.7153918288961995,0.3405266985475608,45.24586203216795,0.0,0.3405266985475608
07,hyperparam_draw,3.8170113425001753,1004,switch_dr,random,3.8170113425001753,0.7191103009730321,0.7153918288961995,0.3405266985475608,45.24586203216795,0.0,0.7380024923605026
07,hyperparam_draw,0.7667351557627841,1004,switch_dr,random,0.7667351557627841,0.7099925562627273,0.7153918288961995,0.3405266985475608,45.24586203216795,0.0,0.5919387880886533
07,hyperparam_draw,2.1298145653313982,1004,switch_dr,random,2.1298145653313982,0.7147252732836872,0.7153918288961995,0.3405266985475608,45.24586203216795,0.0,0.8091983931876978
07,hyperparam_draw,1.0782140458391545,1004,switch_dr,random,1.0782140458391545,0.71581541050197,0.7153918288961995,0.3405266985475608,45.24586203216795,0.0,0.7735348124574645
07,hyperparam_draw,19.518196347075552,1004,switch_dr,random,19.518196347075552,0.7075240774004714,0.7153918288961995,0.3405266985475608,45.24586203216795,0.0,0.4575566364157698
07,hyperparam_draw,4.190487585010582,1004,switch_dr,random,4.190487585010582,0.7191773006410821,0.7153918288961995,0.3405266985475608,45.24586203216795,0.0,0.7207077145216878
07,hyperparam_draw,50.101821568096355,1004,switch_dr,random,50.101821568096355,0.7104632747938839,0.7153918288961995,0.3405266985475608,45.24586203216795,0.0,0.3405266985475608
07,hyperparam_draw,18.558073623222406,1004,switch_dr,random,18.558073623222406,0.7075240774004714,0.7153918288961995,0.3405266985475608,45.24586203216795,0.0,0.4575566364157698
07,hyperparam_draw,2.8394334261851033,1004,switch_dr,random,2.8394334261851033,0.7177336886521533,0.7153918288961995,0.3405266985475608,45.24586203216795,0.0,0.7789125865873486
07,hyperparam_draw,51.632777086114984,1004,switch_dr,random,51.632777086114984,0.7104632747938839,0.7153918288961995,0.3405266985475608,45.24586203216795,0.0,0.3405266985475608
07,hyperparam_draw,1.4830186981484705,1004,switch_dr,random,1.4830186981484705,0.7155329903740362,0.7153918288961995,0.3405266985475608,45.24586203216795,0.0,0.8171898650826978
07,hyperparam_draw,0.7497748783472787,1004,switch_dr,random,0.7497748783472787,0.7096938643054735,0.7153918288961995,0.3405266985475608,45.24586203216795,0.0,0.5687347344456692
07,hyperparam_draw,3.425956933725905,1004,switch_dr,random,3.425956933725905,0.7187955792747311,0.7153918288961995,0.3405266985475608,45.24586203216795,0.0,0.7521356359468305
07,hyperparam_draw,0.7184289439872278,1004,switch_dr,random,0.7184289439872278,0.7085324050262078,0.7153918288961995,0.3405266985475608,45.24586203216795,0.0,0.5250175218829087
07,hyperparam_draw,2.4585173272097984,1004,dros,random,2.4585173272097984,0.7129339310335226,0.7153918288961995,0.3405266985475608,45.24586203216795,0.0,0.9620975178019284
07,hyperparam_draw,11.253429348767444,1004,dros,random,11.253429348767444,0.7160995693746648,0.7153918288961995,0.3405266985475608,45.24586203216795,0.0,0.8653873194552288
07,hyperparam_draw,6765.687167106516,1004,dros,random,6765.687167106516,0.7105430349344394,0.7153918288961995,0.3405266985475608,45.24586203216795,0.0,0.3707551820028748
07,hyperparam_draw,45.381611762572966,1004,dros,random,45.381611762572966,0.7159431523642211,0.7153918288961995,0.3405266985475608,45.24586203216795,0.0,0.7337068065787222
07,hyperparam_draw,3.301878522462929,1004,dros,random,3.301878522462929,0.7138259158595953,0.7153918288961995,0.3405266985475608,45.24586203216795,0.0,0.9491093320750317
07,hyperparam_draw,2.79915269386997,1004,dros,random,2.79915269386997,0.7133438086491708,0.7153918288961995,0.3405266985475608,45.24586203216795,0.0,0.9567774550995515
07,hyperparam_draw,241.33553613486413,1004,dros,random,241.33553613486413,0.7128748460709774,0.7153918288961995,0.3405266985475608,45.24586203216795,0.0,0.5684254730978303
07,hyperparam_draw,5646.229772315783,1004,dros,random,5646.229772315783,0.7105554066795011,0.7153918288961995,0.3405266985475608,45.24586203216795,0.0,0.37571276748305527
07,hyperparam_draw,1.5619558595986147,1004,dros,random,1.5619558595986147,0.7112809531231484,0.7153918288961995,0.3405266985475608,45.24586203216795,0.0,0.9756237787931764
07,hyperparam_draw,18.180631482757313,1004,dros,random,18.180631482757313,0.7163785788600998,0.7153918288961995,0.3405266985475608,45.24586203216795,0.0,0.8229667376306256
07,hyperparam_draw,0.8034392217770552,1004,dros,random,0.8034392217770552,0.7082699209978507,0.7153918288961995,0.3405266985475608,45.24586203216795,0.0,0.981029238003725
07,hyperparam_draw,2036.9406896144772,1004,dros,random,2036.9406896144772,0.7106941731761486,0.7153918288961995,0.3405266985475608,45.24586203216795,0.0,0.4163695954741819
07,hyperparam_draw,2.0581881989366164,1004,dros,random,2.0581881989366164,0.7123272426760257,0.7153918288961995,0.3405266985475608,45.24586203216795,0.0,0.9683488742682465
07,hyperparam_draw,4.418912330825945,1004,dros,random,4.418912330825945,0.7145711676708851,0.7153918288961995,0.3405266985475608,45.24586203216795,0.0,0.9332518248923319
07,hyperparam_draw,1.5276314204350663,1004,dros,random,1.5276314204350663,0.7111911833395472,0.7153918288961995,0.3405266985475608,45.24586203216795,0.0,0.9760798143539307
07,hyperparam_draw,21.305202954983546,1004,dros,random,21.305202954983546,0.7163937338163843,0.7153918288961995,0.3405266985475608,45.24586203216795,0.0,0.8081379202417939
07,hyperparam_draw,55.5529053909811,1004,dros,random,55.5529053909811,0.7156850146091932,0.7153918288961995,0.3405266985475608,45.24586203216795,0.0,0.713147492463396
07,hyperparam_draw,156.55628077331622,1004,dros,random,156.55628077331622,0.7137599182043486,0.7153918288961995,0.3405266985475608,45.24586203216795,0.0,0.6089438439719417
07,hyperparam_draw,277.6196099684491,1004,dros,random,277.6196099684491,0.7126070981306781,0.7153918288961995,0.3405266985475608,45.24586203216795,0.0,0.5559344432282027
07,hyperparam_draw,6724.170802228323,1004,dros,random,6724.170802228323,0.7105434266626064,0.7153918288961995,0.3405266985475608,45.24586203216795,0.0,0.37091378139762937
07,hyperparam_draw,135.59899559474988,1004,dros,random,135.59899559474988,0.7140601573892837,0.7153918288961995,0.3405266985475608,45.24586203216795,0.0,0.6229510712851449
07,hyperparam_draw,55.509563000193324,1004,dros,random,55.509563000193324,0.7156861107450012,0.7153918288961995,0.3405266985475608,45.24586203216795,0.0,0.7132270790795483
07,hyperparam_draw,3882.6154796243786,1004,dros,random,3882.6154796243786,0.7105885251026001,0.7153918288961995,0.3405266985475608,45.24586203216795,0.0,0.3880536014002083
07,hyperparam_draw,1664.9082332504167,1004,dros,random,1664.9082332504167,0.7107515947481519,0.7153918288961995,0.3405266985475608,45.24586203216795,0.0,0.4270620238892355
07,hyperparam_draw,159.64773197409104,1004,dros,random,159.64773197409104,0.7137190040683802,0.7153918288961995,0.3405266985475608,45.24586203216795,0.0,0.6070568450889746
07,hyperparam_draw,9.613096773571886,1004,dros,random,9.613096773571886,0.7159325412498824,0.7153918288961995,0.3405266985475608,45.24586203216795,0.0,0.8783633307036335
07,hyperparam_draw,40.09151460288068,1004,dros,random,40.09151460288068,0.7160743380973766,0.7153918288961995,0.3405266985475608,45.24586203216795,0.0,0.7462190999119437
07,hyperparam_draw,4.676525875301281,1004,dros,random,4.676525875301281,0.7147008563217104,0.7153918288961995,0.3405266985475608,45.24586203216795,0.0,0.9298406749836682
07,hyperparam_draw,817.9826451724881,1004,dros,random,817.9826451724881,0.7111403979159129,0.7153918288961995,0.3405266985475608,45.24586203216795,0.0,0.47118012006848364
07,hyperparam_draw,1456.159856030857,1004,dros,random,1456.159856030857,0.7107998845480851,0.7153918288961995,0.3405266985475608,45.24586203216795,0.0,0.43462843322928646
07,hyperparam_draw,2752.88830718072,1004,dros,random,2752.88830718072,0.7106337536145918,0.7153918288961995,0.3405266985475608,45.24586203216795,0.0,0.4020183471710532
07,hyperparam_draw,308.7288752802268,1004,dros,random,308.7288752802268,0.71241351628198,0.7153918288961995,0.3405266985475608,45.24586203216795,0.0,0.5466842903319941
07,hyperparam_draw,414.58464808372156,1004,dros,random,414.58464808372156,0.711927757998084,0.7153918288961995,0.3405266985475608,45.24586203216795,0.0,0.5220466621242307
07,hyperparam_draw,0.9034780651719663,1004,dros,random,0.9034780651719663,0.7088460083941263,0.7153918288961995,0.3405266985475608,45.24586203216795,0.0,0.9812816220502264
07,hyperparam_draw,391.65757670911887,1004,dros,random,391.65757670911887,0.71201508479812,0.7153918288961995,0.3405266985475608,45.24586203216795,0.0,0.5266804959809154
07,hyperparam_draw,1.4821962757520175,1004,dros,random,1.4821962757520175,0.7110679062714207,0.7153918288961995,0.3405266985475608,45.24586203216795,0.0,0.9766684015920335
07,hyperparam_draw,4555.158898809895,1004,dros,random,4555.158898809895,0.7105728888043887,0.7153918288961995,0.3405266985475608,45.24586203216795,0.0,0.3824336558140642
07,hyperparam_draw,22.930060672824585,1004,dros,random,22.930060672824585,0.7163876741250533,0.7153918288961995,0.3405266985475608,45.24586203216795,0.0,0.8011532020194453
07,hyperparam_draw,592.0465615651002,1004,dros,random,592.0465615651002,0.7114561596729837,0.7153918288961995,0.3405266985475608,45.24586203216795,0.0,0.4943436319316507
07,hyperparam_draw,3.903394777546587,1004,dros,random,3.903394777546587,0.714270080508889,0.7153918288961995,0.3405266985475608,45.24586203216795,0.0,0.9403540760361948
07,hyperparam_draw,1082.9987942224889,1004,dros,random,1082.9987942224889,0.7109438774391935,0.7153918288961995,0.3405266985475608,45.24586203216795,0.0,0.452608483142515
07,hyperparam_draw,171.9373553807477,1004,dros,random,171.9373553807477,0.7135640901953763,0.7153918288961995,0.3405266985475608,45.24586203216795,0.0,0.5999446265559145
07,hyperparam_draw,4.80269542047777,1004,dros,random,4.80269542047777,0.7147601057020743,0.7153918288961995,0.3405266985475608,45.24586203216795,0.0,0.9282027230628839
07,hyperparam_draw,65.18067605576066,1004,dros,random,65.18067605576066,0.715445400034889,0.7153918288961995,0.3405266985475608,45.24586203216795,0.0,0.6968315233609176
07,hyperparam_draw,5.250794949157105,1004,dros,random,5.250794949157105,0.7149508420144014,0.7153918288961995,0.3405266985475608,45.24586203216795,0.0,0.9225536147819937
07,hyperparam_draw,53.398167371361424,1004,dros,random,53.398167371361424,0.7157396259829187,0.7153918288961995,0.3405266985475608,45.24586203216795,0.0,0.7171794995874808
07,hyperparam_draw,0.5909391094766345,1004,dros,random,0.5909391094766345,0.7066965442297388,0.7153918288961995,0.3405266985475608,45.24586203216795,0.0,0.978136463173513
07,hyperparam_draw,0.7407120118473971,1004,dros,random,0.7407120118473971,0.707861848876022,0.7153918288961995,0.3405266985475608,45.24586203216795,0.0,0.980569586071328
07,hyperparam_draw,970.2943840269803,1004,dros,random,970.2943840269803,0.7110130513314548,0.7153918288961995,0.3405266985475608,45.24586203216795,0.0,0.45970718235369623
07,hyperparam_draw,56.95041141072565,1004,dros,random,56.95041141072565,0.7156497349921168,0.7153918288961995,0.3405266985475608,45.24586203216795,0.0,0.7106134303136276
07,hyperparam_draw,581.8916686272015,1004,dros,random,581.8916686272015,0.7114760155815267,0.7153918288961995,0.3405266985475608,45.24586203216795,0.0,0.49563622276965763
07,hyperparam_draw,15.248956217813326,1004,dros,random,15.248956217813326,0.7163167817073586,0.7153918288961995,0.3405266985475608,45.24586203216795,0.0,0.8389762550223037
07,hyperparam_draw,1.5909066838871608,1004,dros,random,1.5909066838871608,0.7113545356433795,0.7153918288961995,0.3405266985475608,45.24586203216795,0.0,0.975232217359318
07,hyperparam_draw,1951.0246162389535,1004,dros,random,1951.0246162389535,0.7107050973367027,0.7153918288961995,0.3405266985475608,45.24586203216795,0.0,0.4185825381300502
07,hyperparam_draw,320.19703052130166,1004,dros,random,320.19703052130166,0.712349147484581,0.7153918288961995,0.3405266985475608,45.24586203216795,0.0,0.5435529295422747
07,hyperparam_draw,272.1048860916931,1004,dros,random,272.1048860916931,0.7126446326516528,0.7153918288961995,0.3405266985475608,45.24586203216795,0.0,0.5577036005288076
07,hyperparam_draw,103.18790344759775,1004,dros,random,103.18790344759775,0.7146167624223057,0.7153918288961995,0.3405266985475608,45.24586203216795,0.0,0.6501386887709757
07,hyperparam_draw,139.73511279332854,1004,dros,random,139.73511279332854,0.7139975611660954,0.7153918288961995,0.3405266985475608,45.24586203216795,0.0,0.6200032974861357
07,hyperparam_draw,887.14034813966,1004,dros,random,887.14034813966,0.7110767116496348,0.7153918288961995,0.3405266985475608,45.24586203216795,0.0,0.46566048267910426
07,hyperparam_draw,836.4913432015205,1004,dros,random,836.4913432015205,0.7111222510956161,0.7153918288961995,0.3405266985475608,45.24586203216795,0.0,0.4696464823289779
07,hyperparam_draw,nan,1004,ips,fixed,nan,0.7049809599618045,0.7153918288961995,0.3405266985475608,45.24586203216795,0.0,0.3405266985475608
07,hyperparam_draw,nan,1004,snips,fixed,nan,0.7247158864144049,0.7153918288961995,0.3405266985475608,45.24586203216795,0.0,0.3405266985475608
07,hyperparam_draw,nan,1004,dr,fixed,nan,0.7104632747938839,0.7153918288961995,0.3405266985475608,45.24586203216795,0.0,0.3405266985475608
07,hyperparam_draw,2.7958689226673252,1004,clipped_ips,slope,2.7958689226673252,0.6766608875098215,0.7153918288961995,0.3405266985475608,45.24586203216795,0.0,0.733445287874333
07,hyperparam_draw,0.695792886546267,1004,switch_dr,slope,0.695792886546267,0.7071798492618068,0.7153918288961995,0.3405266985475608,45.24586203216795,0.0,0.490308172026899
07,hyperparam_draw,0.4841277409683864,1004,dros,slope,0.4841277409683864,0.7056423468263362,0.7153918288961995,0.3405266985475608,45.24586203216795,0.0,0.9746979428243494
07,hyperparam_draw,95.08180976968985,1005,clipped_ips,random,95.08180976968985,0.6933069688315252,0.7153918288961995,0.29650868658376034,62.61015117066126,0.0,0.29650868658376034
07,hyperparam_draw,0.756160487996929,1005,clipped_ips,random,0.756160487996929,0.5323561053606349,0.7153918288961995,0.29650868658376034,62.61015117066126,0.0,0.9716158895191038
07,hyperparam_draw,40.13760875020443,1005,clipped_ips,random,40.13760875020443,0.6937160223232398,0.7153918288961995,0.29650868658376034,62.61015117066126,0.0,0.3303774432371123
07,hyperparam_draw,4.261910766006178,1005,clipped_ips,random,4.261910766006178,0.6797413925715764,0.7153918288961995,0.29650868658376034,62.61015117066126,0.0,0.6395504646220289
07,hyperparam_draw,2.197669885057138,1005,clipped_ips,random,2.197669885057138,0.6555883784410689,0.7153918288961995,0.29650868658376034,62.61015117066126,0.0,0.779195000415137
07,hyperparam_draw,6.006952563924482,1005,clipped_ips,random,6.006952563924482,0.6865054315664816,0.7153918288961995,0.29650868658376034,62.61015117066126,0.0,0.5687072357614594
07,hyperparam_draw,1.0982105077645388,1005,clipped_ips,random,1.0982105077645388,0.5967956184754283,0.7153918288961995,0.29650868658376034,62.61015117066126,0.0,0.9175997498036009
07,hyperparam_draw,19.82389696746644,1005,clipped_ips,random,19.82389696746644,0.6944513325592854,0.7153918288961995,0.29650868658376034,62.61015117066126,0.0,0.37843501221108317
07,hyperparam_draw,19.180977806715003,1005,clipped_ips,random,19.180977806715003,0.694509412787132,0.7153918288961995,0.29650868658376034,62.61015117066126,0.0,0.381992832672714
07,hyperparam_draw,8.613133469356109,1005,clipped_ips,random,8.613133469356109,0.6913463587648568,0.7153918288961995,0.29650868658376034,62.61015117066126,0.0,0.49825074538518893
07,hyperparam_draw,2.074770280160462,1005,clipped_ips,random,2.074770280160462,0.6523101646834639,0.7153918288961995,0.29650868658376034,62.61015117066126,0.0,0.7917362977043777
07,hyperparam_draw,1.5033873582636395,1005,clipped_ips,random,1.5033873582636395,0.6293382305910793,0.7153918288961995,0.29650868658376034,62.61015117066126,0.0,0.8593178579737792
07,hyperparam_draw,72.41711692269017,1005,clipped_ips,random,72.41711692269017,0.6933069688315252,0.7153918288961995,0.29650868658376034,62.61015117066126,0.0,0.29650868658376034
07,hyperparam_draw,0.7207765279137726,1005,clipped_ips,random,0.7207765279137726,0.5206919578894688,0.7153918288961995,0.29650868658376034,62.61015117066126,0.0,0.9768234866070172
07,hyperparam_draw,3.7995138598661136,1005,clipped_ips,random,3.7995138598661136,0.6769119674156248,0.7153918288961995,0.29650868658376034,62.61015117066126,0.0,0.6631036362056872
07,hyperparam_draw,10.16022291603613,1005,clipped_ips,random,10.16022291603613,0.692634807396246,0.7153918288961995,0.29650868658376034,62.61015117066126,0.0,0.46959393898000334
07,hyperparam_draw,5.748260155769416,1005,clipped_ips,random,5.748260155769416,0.685776515131035,0.7153918288961995,0.29650868658376034,62.61015117066126,0.0,0.5776656911821728
07,hyperparam_draw,24.364842267940123,1005,clipped_ips,random,24.364842267940123,0.6941258323680601,0.7153918288961995,0.29650868658376034,62.61015117066126,0.0,0.3576321407369254
07,hyperparam_draw,5.918890507808363,1005,clipped_ips,random,5.918890507808363,0.6862577989288174,0.7153918288961995,0.29650868658376034,62.61015117066126,0.0,0.5716848524900531
07,hyperparam_draw,35.894168533599874,1005,clipped_ips,random,35.894168533599874,0.6938064896543573,0.7153918288961995,0.29650868658376034,62.61015117066126,0.0,0.3370779468944226
07,hyperparam_draw,7.53558441130319,1005,clipped_ips,random,7.53558441130319,0.6899479644710073,0.7153918288961995,0.29650868658376034,62.61015117066126,0.0,0.5231547880730733
07,hyperparam_draw,5.056967887642748,1005,clipped_ips,random,5.056967887642748,0.6833920364164771,0.7153918288961995,0.29650868658376034,62.61015117066126,0.0,0.6044825975003896
07,hyperparam_draw,18.702033389882065,1005,clipped_ips,random,18.702033389882065,0.694572641805086,0.7153918288961995,0.29650868658376034,62.61015117066126,0.0,0.3850737909362521
07,hyperparam_draw,83.94481163644205,1005,clipped_ips,random,83.94481163644205,0.6933069688315252,0.7153918288961995,0.29650868658376034,62.61015117066126,0.0,0.29650868658376034
07,hyperparam_draw,1.0225837752435285,1005,clipped_ips,random,1.0225837752435285,0.5872986404604424,0.7153918288961995,0.29650868658376034,62.61015117066126,0.0,0.9294634637859123
07,hyperparam_draw,3.8247258280722845,1005,clipped_ips,random,3.8247258280722845,0.6770839041561819,0.7153918288961995,0.29650868658376034,62.61015117066126,0.0,0.6617296898163603
07,hyperparam_draw,12.82737964181735,1005,clipped_ips,random,12.82737964181735,0.6941819898652793,0.7153918288961995,0.29650868658376034,62.61015117066126,0.0,0.43344481983574834
07,hyperparam_draw,37.58786988261913,1005,clipped_ips,random,37.58786988261913,0.6937703810648793,0.7153918288961995,0.29650868658376034,62.61015117066126,0.0,0.334466147236835
07,hyperparam_draw,3.133379431396649,1005,clipped_ips,random,3.133379431396649,0.6712541307673378,0.7153918288961995,0.29650868658376034,62.61015117066126,0.0,0.7023749907962145
07,hyperparam_draw,5.0014016312616345,1005,clipped_ips,random,5.0014016312616345,0.6831881526381217,0.7153918288961995,0.29650868658376034,62.61015117066126,0.0,0.6067300254727782
07,hyperparam_draw,2.7341868666124536,1005,clipped_ips,random,2.7341868666124536,0.6661664633143244,0.7153918288961995,0.29650868658376034,62.61015117066126,0.0,0.7311753886714872
07,hyperparam_draw,24.866687963655643,1005,clipped_ips,random,24.866687963655643,0.6940738867824378,0.7153918288961995,0.29650868658376034,62.61015117066126,0.0,0.35596721135864967
07,hyperparam_draw,1.7104188197682697,1005,clipped_ips,random,1.7104188197682697,0.6396180235342198,0.7153918288961995,0.29650868658376034,62.61015117066126,0.0,0.8328702102583531
07,hyperparam_draw,7.054362847806078,1005,clipped_ips,random,7.054362847806078,0.6890234517029518,0.7153918288961995,0.29650868658376034,62.61015117066126,0.0,0.5363192127465635
07,hyperparam_draw,0.812366875687706,1005,clipped_ips,random,0.812366875687706,0.5480954121711742,0.7153918288961995,0.29650868658376034,62.61015117066126,0.0,0.9629576834071708
07,hyperparam_draw,5.063991128035173,1005,clipped_ips,random,5.063991128035173,0.6834176538468084,0.7153918288961995,0.29650868658376034,62.61015117066126,0.0,0.6041998498291509
07,hyperparam_draw,46.47469133187854,1005,clipped_ips,random,46.47469133187854,0.6935809199254281,0.7153918288961995,0.29650868658376034,62.61015117066126,0.0,0.3195065014720743
07,hyperparam_draw,47.6407191185703,1005,clipped_ips,random,47.6407191185703,0.6935560609863395,0.7153918288961995,0.29650868658376034,62.61015117066126,0.0,0.3174117960428065
07,hyperparam_draw,16.763723873050424,1005,clipped_ips,random,16.763723873050424,0.6947103133842889,0.7153918288961995,0.29650868658376034,62.61015117066126,0.0,0.39827374137016347
07,hyperparam_draw,5.133906552290582,1005,clipped_ips,random,5.133906552290582,0.6836726181350212,0.7153918288961995,0.29650868658376034,62.61015117066126,0.0,0.6014094939363531
07,hyperparam_draw,109.91160851694632,1005,clipped_ips,random,109.91160851694632,0.6933069688315252,0.7153918288961995,0.29650868658376034,62.61015117066126,0.0,0.29650868658376034
07,hyperparam_draw,38.270846032356054,1005,clipped_ips,random,38.270846032356054,0.693755820466325,0.7153918288961995,0.29650868658376034,62.61015117066126,0.0,0.3333888757781535
07,hyperparam_draw,4.678899905144062,1005,clipped_ips,random,4.678899905144062,0.6819053229158709,0.7153918288961995,0.29650868658376034,62.61015117066126,0.0,0.6201608981280979
07,hyperparam_draw,32.66469721699286,1005,clipped_ips,random,32.66469721699286,0.6938753398410031,0.7153918288961995,0.29650868658376034,62.61015117066126,0.0,0.3418061458879995
07,hyperparam_draw,5.468041984796377,1005,clipped_ips,random,5.468041984796377,0.684876994858198,0.7153918288961995,0.29650868658376034,62.61015117066126,0.0,0.588160910817342
07,hyperparam_draw,45.91804420122775,1005,clipped_ips,random,45.91804420122775,0.6935927872730785,0.7153918288961995,0.29650868658376034,62.61015117066126,0.0,0.32049711271056125
07,hyperparam_draw,42.84595048712856,1005,clipped_ips,random,42.84595048712856,0.6936582822736136,0.7153918288961995,0.29650868658376034,62.61015117066126,0.0,0.3258458622527396
07,hyperparam_draw,123.12117464544163,1005,clipped_ips,random,123.12117464544163,0.6933069688315252,0.7153918288961995,0.29650868658376034,62.61015117066126,0.0,0.29650868658376034
07,hyperparam_draw,1.64288428029024,1005,clipped_ips,random,1.64288428029024,0.6365584181690747,0.7153918288961995,0.29650868658376034,62.61015117066126,0.0,0.8412676596544694
07,hyperparam_draw,17.069377876352462,1005,clipped_ips,random,17.069377876352462,0.6947000463581896,0.7153918288961995,0.29650868658376034,62.61015117066126,0.0,0.3959675822029459
07,hyperparam_draw,12.695025326600648,1005,clipped_ips,random,12.695025326600648,0.6941227285360579,0.7153918288961995,0.29650868658376034,62.61015117066126,0.0,0.43484902208780124
07,hyperparam_draw,17.002819521799612,1005,clipped_ips,random,17.002819521799612,0.6947022820768648,0.7153918288961995,0.29650868658376034,62.61015117066126,0.0,0.39647122346135905
07,hyperparam_draw,3.172930894442436,1005,clipped_ips,random,3.172930894442436,0.6716730629071793,0.7153918288961995,0.29650868658376034,62.61015117066126,0.0,0.6998233091311475
07,hyperparam_draw,3.54828513904672,1005,clipped_ips,random,3.54828513904672,0.6750911999251581,0.7153918288961995,0.29650868658376034,62.61015117066126,0.0,0.6769779380988205
07,hyperparam_draw,32.950153084250545,1005,clipped_ips,random,32.950153084250545,0.6938692541112308,0.7153918288961995,0.29650868658376034,62.61015117066126,0.0,0.3414022251501988
07,hyperparam_draw,2.872451751288407,1005,clipped_ips,random,2.872451751288407,0.6681204660475586,0.7153918288961995,0.29650868658376034,62.61015117066126,0.0,0.7204986495022233
07,hyperparam_draw,0.9938562765692326,1005,clipped_ips,random,0.9938562765692326,0.5831693121384666,0.7153918288961995,0.29650868658376034,62.61015117066126,0.0,0.9340634929982854
07,hyperparam_draw,3.7917630330018164,1005,clipped_ips,random,3.7917630330018164,0.6768590875048126,0.7153918288961995,0.29650868658376034,62.61015117066126,0.0,0.6635251052030371
07,hyperparam_draw,28.420341130712078,1005,clipped_ips,random,28.420341130712078,0.6939528981880809,0.7153918288961995,0.29650868658376034,62.61015117066126,0.0,0.3480126445978636
07,hyperparam_draw,22.81605523630229,1005,clipped_ips,random,22.81605523630229,0.6942328749423163,0.7153918288961995,0.29650868658376034,62.61015117066126,0.0,0.3640118604782679
07,hyperparam_draw,13.62862701206291,1005,switch_dr,random,13.62862701206291,0.6990401717502371,0.7153918288961995,0.29650868658376034,62.61015117066126,0.0,0.49233970615337613
07,hyperparam_draw,53.05282908956247,1005,switch_dr,random,53.05282908956247,0.6957702620085923,0.7153918288961995,0.29650868658376034,62.61015117066126,0.0,0.3642631990619111
07,hyperparam_draw,1.6974520907444737,1005,switch_dr,random,1.6974520907444737,0.7066218821666248,0.7153918288961995,0.29650868658376034,62.61015117066126,0.0,0.8144856832347623
07,hyperparam_draw,15.649052031350733,1005,switch_dr,random,15.649052031350733,0.7020715934774198,0.7153918288961995,0.29650868658376034,62.61015117066126,0.0,0.47234009836442664
07,hyperparam_draw,10.998199344173468,1005,switch_dr,random,10.998199344173468,0.7009283870779941,0.7153918288961995,0.29650868658376034,62.61015117066126,0.0,0.535201211992898
07,hyperparam_draw,21.2273714784711,1005,switch_dr,random,21.2273714784711,0.700133323867442,0.7153918288961995,0.29650868658376034,62.61015117066126,0.0,0.42270250380619945
07,hyperparam_draw,77.02379875797712,1005,switch_dr,random,77.02379875797712,0.6935185956311887,0.7153918288961995,0.29650868658376034,62.61015117066126,0.0,0.29650868658376034
07,hyperparam_draw,8.200403754905752,1005,switch_dr,random,8.200403754905752,0.7030760611430324,0.7153918288961995,0.29650868658376034,62.61015117066126,0.0,0.59332761303385
07,hyperparam_draw,2.9117666419280743,1005,switch_dr,random,2.9117666419280743,0.7075197343791073,0.7153918288961995,0.29650868658376034,62.61015117066126,0.0,0.7665001129784091
07,hyperparam_draw,9.19866089950538,1005,switch_dr,random,9.19866089950538,0.7014307170520393,0.7153918288961995,0.29650868658376034,62.61015117066126,0.0,0.5698485106647413
07,hyperparam_draw,8.686200365727865,1005,switch_dr,random,8.686200365727865,0.7020009569506528,0.7153918288961995,0.29650868658376034,62.61015117066126,0.0,0.5821458431177814
07,hyperparam_draw,62.381736746765654,1005,switch_dr,random,62.381736746765654,0.6947942729272072,0.7153918288961995,0.29650868658376034,62.61015117066126,0.0,0.33145946052269526
07,hyperparam_draw,12.215951275232177,1005,switch_dr,random,12.215951275232177,0.6972417888308029,0.7153918288961995,0.29650868658376034,62.61015117066126,0.0,0.5115805303498843
07,hyperparam_draw,21.987210691478914,1005,switch_dr,random,21.987210691478914,0.700133323867442,0.7153918288961995,0.29650868658376034,62.61015117066126,0.0,0.42270250380619945
07,hyperparam_draw,8.213057028808441,1005,switch_dr,random,8.213057028808441,0.7029247856842636,0.7153918288961995,0.29650868658376034,62.61015117066126,0.0,0.5915138229162712
07,hyperparam_draw,18.9981069413977,1005,switch_dr,random,18.9981069413977,0.7025004548219014,0.7153918288961995,0.29650868658376034,62.61015117066126,0.0,0.4469024876085266
07,hyperparam_draw,12.165426404948928,1005,switch_dr,random,12.165426404948928,0.6985604002780071,0.7153918288961995,0.29650868658376034,62.61015117066126,0.0,0.5147024374182176
07,hyperparam_draw,10.577032420335714,1005,switch_dr,random,10.577032420335714,0.7027876954688881,0.7153918288961995,0.29650868658376034,62.61015117066126,0.0,0.546085615929998
07,hyperparam_draw,58.45961606856106,1005,switch_dr,random,58.45961606856106,0.6947942729272072,0.7153918288961995,0.29650868658376034,62.61015117066126,0.0,0.33145946052269526
07,hyperparam_draw,2.6767386067875387,1005,switch_dr,random,2.6767386067875387,0.7076789572216935,0.7153918288961995,0.29650868658376034,62.61015117066126,0.0,0.781380800859389
07,hyperparam_draw,55.39226059620667,1005,switch_dr,random,55.39226059620667,0.6947942729272072,0.7153918288961995,0.29650868658376034,62.61015117066126,0.0,0.33145946052269526
07,hyperparam_draw,46.162665889624364,1005,switch_dr,random,46.162665889624364,0.6957702620085923,0.7153918288961995,0.29650868658376034,62.61015117066126,0.0,0.3642631990619111
07,hyperparam_draw,3.414532531555472,1005,switch_dr,random,3.414532531555472,0.7065830685239235,0.7153918288961995,0.29650868658376034,62.61015117066126,0.0,0.7449430413994251
07,hyperparam_draw,108.12288491773204,1005,switch_dr,random,108.12288491773204,0.6935185956311887,0.7153918288961995,0.29650868658376034,62.61015117066126,0.0,0.29650868658376034
07,hyperparam_draw,5.902473074390941,1005,switch_dr,random,5.902473074390941,0.7047428907076946,0.7153918288961995,0.29650868658376034,62.61015117066126,0.0,0.65996855543572
07,hyperparam_draw,42.701958477960744,1005,switch_dr,random,42.701958477960744,0.6957702620085923,0.7153918288961995,0.29650868658376034,62.61015117066126,0.0,0.3642631990619111
07,hyperparam_draw,2.420864408835829,1005,switch_dr,random,2.420864408835829,0.7083721538366871,0.7153918288961995,0.29650868658376034,62.61015117066126,0.0,0.7921118380289677
07,hyperparam_draw,3.923967462454669,1005,switch_dr,random,3.923967462454669,0.7065526003544805,0.7153918288961995,0.29650868658376034,62.61015117066126,0.0,0.7240572953643597
07,hyperparam_draw,58.472559079389306,1005,switch_dr,random,58.472559079389306,0.6947942729272072,0.7153918288961995,0.29650868658376034,62.61015117066126,0.0,0.33145946052269526
07,hyperparam_draw,1.258114149562067,1005,switch_dr,random,1.258114149562067,0.7058439751841673,0.7153918288961995,0.29650868658376034,62.61015117066126,0.0,0.7971585540015894
07,hyperparam_draw,87.39588102744521,1005,switch_dr,random,87.39588102744521,0.6935185956311887,0.7153918288961995,0.29650868658376034,62.61015117066126,0.0,0.29650868658376034
07,hyperparam_draw,35.13192588194404,1005,switch_dr,random,35.13192588194404,0.6957702620085923,0.7153918288961995,0.29650868658376034,62.61015117066126,0.0,0.3642631990619111
07,hyperparam_draw,24.365902658844497,1005,switch_dr,random,24.365902658844497,0.6988630484126435,0.7153918288961995,0.29650868658376034,62.61015117066126,0.0,0.4070809482544795
07,hyperparam_draw,2.985174512324726,1005,switch_dr,random,2.985174512324726,0.7069746131722596,0.7153918288961995,0.29650868658376034,62.61015117066126,0.0,0.7633280606200133
07,hyperparam_draw,26.91311457749984,1005,switch_dr,random,26.91311457749984,0.6956103178918861,0.7153918288961995,0.29650868658376034,62.61015117066126,0.0,0.37410421513658704
07,hyperparam_draw,6.728648021553233,1005,switch_dr,random,6.728648021553233,0.7036183445398697,0.7153918288961995,0.29650868658376034,62.61015117066126,0.0,0.6340839253374481
07,hyperparam_draw,45.83685262358266,1005,switch_dr,random,45.83685262358266,0.6957702620085923,0.7153918288961995,0.29650868658376034,62.61015117066126,0.0,0.3642631990619111
07,hyperparam_draw,54.99220695807642,1005,switch_dr,random,54.99220695807642,0.6947942729272072,0.7153918288961995,0.29650868658376034,62.61015117066126,0.0,0.33145946052269526
07,hyperparam_draw,10.198788974434843,1005,switch_dr,random,10.198788974434843,0.7023385426480897,0.7153918288961995,0.29650868658376034,62.61015117066126,0.0,0.5538186682035201
07,hyperparam_draw,45.16942522185982,1005,switch_dr,random,45.16942522185982,0.6957702620085923,0.7153918288961995,0.29650868658376034,62.61015117066126,0.0,0.3642631990619111
07,hyperparam_draw,12.907781482906422,1005,switch_dr,random,12.907781482906422,0.6986388355911818,0.7153918288961995,0.29650868658376034,62.61015117066126,0.0,0.49906447858673025
07,hyperparam_draw,46.42148436954834,1005,switch_dr,random,46.42148436954834,0.6957702620085923,0.7153918288961995,0.29650868658376034,62.61015117066126,0.0,0.3642631990619111
07,hyperparam_draw,1.596882896854868,1005,switch_dr,random,1.596882896854868,0.7062916596565976,0.7153918288961995,0.29650868658376034,62.61015117066126,0.0,0.8144660729033678
07,hyperparam_draw,27.201505771206204,1005,switch_dr,random,27.201505771206204,0.6956103178918861,0.7153918288961995,0.29650868658376034,62.61015117066126,0.0,0.37410421513658704
07,hyperparam_draw,13.997165672092054,1005,switch_dr,random,13.997165672092054,0.6995099077766208,0.7153918288961995,0.29650868658376034,62.61015117066126,0.0,0.488538448279337
07,hyperparam_draw,85.44511426232783,1005,switch_dr,random,85.44511426232783,0.6935185956311887,0.7153918288961995,0.29650868658376034,62.61015117066126,0.0,0.29650868658376034
07,hyperparam_draw,24.875254698490792,1005,switch_dr,random,24.875254698490792,0.6987645690398431,0.7153918288961995,0.29650868658376034,62.61015117066126,0.0,0.3909109872514945
07,hyperparam_draw,19.60677842178788,1005,switch_dr,random,19.60677842178788,0.7007952859735371,0.7153918288961995,0.29650868658376034,62.61015117066126,0.0,0.4348831450589091
07,hyperparam_draw,7.388644520456084,1005,switch_dr,random,7.388644520456084,0.7029751694717662,0.7153918288961995,0.29650868658376034,62.61015117066126,0.0,0.6206903188724874
07,hyperparam_draw,24.674895076378636,1005,switch_dr,random,24.674895076378636,0.7001185253366224,0.7153918288961995,0.29650868658376034,62.61015117066126,0.0,0.3988777940941786
07,hyperparam_draw,73.11943896873647,1005,switch_dr,random,73.11943896873647,0.6935185956311887,0.7153918288961995,0.29650868658376034,62.61015117066126,0.0,0.29650868658376034
07,hyperparam_draw,24.29965375161104,1005,switch_dr,random,24.29965375161104,0.6988630484126435,0.7153918288961995,0.29650868658376034,62.61015117066126,0.0,0.4070809482544795
07,hyperparam_draw,1.2580862616024542,1005,switch_dr,random,1.2580862616024542,0.7058439751841673,0.7153918288961995,0.29650868658376034,62.61015117066126,0.0,0.7971585540015894
07,hyperparam_draw,0.896305715783824,1005,switch_dr,random,0.896305715783824,0.700748827048894,0.7153918288961995,0.29650868658376034,62.61015117066126,0.0,0.6953179630050835
07,hyperparam_draw,54.89123330832104,1005,switch_dr,random,54.89123330832104,0.6947942729272072,0.7153918288961995,0.29650868658376034,62.61015117066126,0.0,0.33145946052269526
07,hyperparam_draw,3.9767713582683943,1005,switch_dr,random,3.9767713582683943,0.7066141423336454,0.7153918288961995,0.29650868658376034,62.61015117066126,0.0,0.7225722335363753
07,hyperparam_draw,100.59930059168502,1005,switch_dr,random,100.59930059168502,0.6935185956311887,0.7153918288961995,0.29650868658376034,62.61015117066126,0.0,0.29650868658376034
07,hyperparam_draw,1.7284131760491708,1005,switch_dr,random,1.7284131760491708,0.7069279189668476,0.7153918288961995,0.29650868658376034,62.61015117066126,0.0,0.8142150572529081
07,hyperparam_draw,67.2048775453042,1005,switch_dr,random,67.2048775453042,0.6935185956311887,0.7153918288961995,0.29650868658376034,62.61015117066126,0.0,0.29650868658376034
07,hyperparam_draw,11.248508399083235,1005,switch_dr,random,11.248508399083235,0.7009283870779941,0.7153918288961995,0.29650868658376034,62.61015117066126,0.0,0.535201211992898
07,hyperparam_draw,6435.657273235396,1005,dros,random,6435.657273235396,0.6947995835678695,0.7153918288961995,0.29650868658376034,62.61015117066126,0.0,0.3470874489979969
07,hyperparam_draw,0.5153299872206752,1005,dros,random,0.5153299872206752,0.6993313751517721,0.7153918288961995,0.29650868658376034,62.61015117066126,0.0,0.9742092167433568
07,hyperparam_draw,220.55293077268175,1005,dros,random,220.55293077268175,0.7003351700253023,0.7153918288961995,0.29650868658376034,62.61015117066126,0.0,0.5651352104644476
07,hyperparam_draw,610.3130573066633,1005,dros,random,610.3130573066633,0.6983914520271055,0.7153918288961995,0.29650868658376034,62.61015117066126,0.0,0.4759074651270721
07,hyperparam_draw,2695.1913254085266,1005,dros,random,2695.1913254085266,0.6958371016550552,0.7153918288961995,0.29650868658376034,62.61015117066126,0.0,0.38382356036124915
07,hyperparam_draw,0.659563758261338,1005,dros,random,0.659563758261338,0.7000664047229295,0.7153918288961995,0.29650868658376034,62.61015117066126,0.0,0.9780326069615528
07,hyperparam_draw,625.4171803460471,1005,dros,random,625.4171803460471,0.698344696803558,0.7153918288961995,0.29650868658376034,62.61015117066126,0.0,0.4740242311921927
07,hyperparam_draw,4.621396459743908,1005,dros,random,4.621396459743908,0.7043645564707394,0.7153918288961995,0.29650868658376034,62.61015117066126,0.0,0.929113698075544
07,hyperparam_draw,1264.1439701832853,1005,dros,random,1264.1439701832853,0.6970450872894749,0.7153918288961995,0.29650868658376034,62.61015117066126,0.0,0.42539644476098837
07,hyperparam_draw,2.7619475629603025,1005,dros,random,2.7619475629603025,0.7036732866191736,0.7153918288961995,0.29650868658376034,62.61015117066126,0.0,0.9563259326327811
07,hyperparam_draw,4.629437630806597,1005,dros,random,4.629437630806597,0.7043661955952762,0.7153918288961995,0.29650868658376034,62.61015117066126,0.0,0.9290058965764478
07,hyperparam_draw,287.0846585105385,1005,dros,random,287.0846585105385,0.699837666081706,0.7153918288961995,0.29650868658376034,62.61015117066126,0.0,0.540166724208731
07,hyperparam_draw,46.47677954269698,1005,dros,random,46.47677954269698,0.7030860365262488,0.7153918288961995,0.29650868658376034,62.61015117066126,0.0,0.7255058573838494
07,hyperparam_draw,10307.491586692595,1005,dros,random,10307.491586692595,0.6944040436744453,0.7153918288961995,0.29650868658376034,62.61015117066126,0.0,0.3321563868717268
07,hyperparam_draw,0.6444957543403189,1005,dros,random,0.6444957543403189,0.6999976005712907,0.7153918288961995,0.29650868658376034,62.61015117066126,0.0,0.977754824438091
07,hyperparam_draw,154.5046183214772,1005,dros,random,154.5046183214772,0.700995867088968,0.7153918288961995,0.29650868658376034,62.61015117066126,0.0,0.6004207496333979
07,hyperparam_draw,0.6008017707818798,1005,dros,random,0.6008017707818798,0.6997883641128054,0.7153918288961995,0.29650868658376034,62.61015117066126,0.0,0.9768061848773796
07,hyperparam_draw,1140.8034277903043,1005,dros,random,1140.8034277903043,0.6972267272122525,0.7153918288961995,0.29650868658376034,62.61015117066126,0.0,0.43183691072738795
07,hyperparam_draw,3.8951357197922114,1005,dros,random,3.8951357197922114,0.704180247889838,0.7153918288961995,0.29650868658376034,62.61015117066126,0.0,0.9392110970352902
07,hyperparam_draw,1117.2566975829138,1005,dros,random,1117.2566975829138,0.6972640480391316,0.7153918288961995,0.29650868658376034,62.61015117066126,0.0,0.4331714154513943
07,hyperparam_draw,1.0772102023201107,1005,dros,random,1.0772102023201107,0.701490005757761,0.7153918288961995,0.29650868658376034,62.61015117066126,0.0,0.9795353860831736
07,hyperparam_draw,0.811966603673399,1005,dros,random,0.811966603673399,0.7006808832372192,0.7153918288961995,0.29650868658376034,62.61015117066126,0.0,0.9797241684758228
07,hyperparam_draw,29.15534824516704,1005,dros,random,29.15534824516704,0.7037643638291541,0.7153918288961995,0.29650868658376034,62.61015117066126,0.0,0.7730914959029459
07,hyperparam_draw,353.6873077169134,1005,dros,random,353.6873077169134,0.6994396390456723,0.7153918288961995,0.29650868658376034,62.61015117066126,0.0,0.5212561510225983
07,hyperparam_draw,3.6476987829511027,1005,dros,random,3.6476987829511027,0.7040973900187608,0.7153918288961995,0.29650868658376034,62.61015117066126,0.0,0.9428148751416998
07,hyperparam_draw,0.5892354604788064,1005,dros,random,0.5892354604788064,0.6997304030087046,0.7153918288961995,0.29650868658376034,62.61015117066126,0.0,0.976516205487536
07,hyperparam_draw,134.47515202162523,1005,dros,random,134.47515202162523,0.7012500426875747,0.7153918288961995,0.29650868658376034,62.61015117066126,0.0,0.6145726382030731
07,hyperparam_draw,2195.141172731527,1005,dros,random,2195.141172731527,0.6961389336131459,0.7153918288961995,0.29650868658376034,62.61015117066126,0.0,0.39414651765633385
07,hyperparam_draw,9.522483500486539,1005,dros,random,9.522483500486539,0.7046470934632527,0.7153918288961995,0.29650868658376034,62.61015117066126,0.0,0.8764544697619071
07,hyperparam_draw,4.480361232322543,1005,dros,random,4.480361232322543,0.7043345396036053,0.7153918288961995,0.29650868658376034,62.61015117066126,0.0,0.931018534377686
07,hyperparam_draw,7349.0560732242175,1005,dros,random,7349.0560732242175,0.6946767061759178,0.7153918288961995,0.29650868658376034,62.61015117066126,0.0,0.34251532696081477
07,hyperparam_draw,1197.8553773581866,1005,dros,random,1197.8553773581866,0.6971399477897082,0.7153918288961995,0.29650868658376034,62.61015117066126,0.0,0.42874905349092035
07,hyperparam_draw,11773.38533423254,1005,dros,random,11773.38533423254,0.6943120482157928,0.7153918288961995,0.29650868658376034,62.61015117066126,0.0,0.3285931741666383
07,hyperparam_draw,4319.810262715612,1005,dros,random,4319.810262715612,0.6952248195907007,0.7153918288961995,0.29650868658376034,62.61015117066126,0.0,0.36249309522609835
07,hyperparam_draw,7.62930726683036,1005,dros,random,7.62930726683036,0.704643292124749,0.7153918288961995,0.29650868658376034,62.61015117066126,0.0,0.8941308897905077
07,hyperparam_draw,810.1380303928681,1005,dros,random,810.1380303928681,0.6978543427207704,0.7153918288961995,0.29650868658376034,62.61015117066126,0.0,0.45489740040779125
07,hyperparam_draw,728.1466830629431,1005,dros,random,728.1466830629431,0.6980553309974729,0.7153918288961995,0.29650868658376034,62.61015117066126,0.0,0.46260472186918006
07,hyperparam_draw,2213.1357882692955,1005,dros,random,2213.1357882692955,0.6961265354250467,0.7153918288961995,0.29650868658376034,62.61015117066126,0.0,0.3937233003547144
07,hyperparam_draw,0.7000362554783569,1005,dros,random,0.7000362554783569,0.7002433931742916,0.7153918288961995,0.29650868658376034,62.61015117066126,0.0,0.9786675528302327
07,hyperparam_draw,3.8080814220000176,1005,dros,random,3.8080814220000176,0.704152466735349,0.7153918288961995,0.29650868658376034,62.61015117066126,0.0,0.9404696204892551
07,hyperparam_draw,190.84198412824674,1005,dros,random,190.84198412824674,0.7006053172570248,0.7153918288961995,0.29650868658376034,62.61015117066126,0.0,0.5792854124630588
07,hyperparam_draw,0.7848121731982008,1005,dros,random,0.7848121731982008,0.7005811060733482,0.7153918288961995,0.29650868658376034,62.61015117066126,0.0,0.979549669546252
07,hyperparam_draw,589.9024952229892,1005,dros,random,589.9024952229892,0.6984565913509347,0.7153918288961995,0.29650868658376034,62.61015117066126,0.0,0.47854959325553337
07,hyperparam_draw,191.11447359310756,1005,dros,random,191.11447359310756,0.7006026636116235,0.7153918288961995,0.29650868658376034,62.61015117066126,0.0,0.5791444868357583
07,hyperparam_draw,83.5592100369517,1005,dros,random,83.5592100369517,0.7021025402525629,0.7153918288961995,0.29650868658376034,62.61015117066126,0.0,0.6640771230354753
07,hyperparam_draw,12433.881691186867,1005,dros,random,12433.881691186867,0.6942766290474608,0.7153918288961995,0.29650868658376034,62.61015117066126,0.0,0.32721208777958505
07,hyperparam_draw,1161.6852841979146,1005,dros,random,1161.6852841979146,0.6971943810506769,0.7153918288961995,0.29650868658376034,62.61015117066126,0.0,0.4306835099783899
07,hyperparam_draw,1326.624197732151,1005,dros,random,1326.624197732151,0.6969609836989862,0.7153918288961995,0.29650868658376034,62.61015117066126,0.0,0.42244232001706894
07,hyperparam_draw,5.827174277589079,1005,dros,random,5.827174277589079,0.7045414654160052,0.7153918288961995,0.29650868658376034,62.61015117066126,0.0,0.9138733149480477
07,hyperparam_draw,551.2190033713504,1005,dros,random,551.2190033713504,0.6985867230911152,0.7153918288961995,0.29650868658376034,62.61015117066126,0.0,0.4838935278807271
07,hyperparam_draw,0.8008970677503119,1005,dros,random,0.8008970677503119,0.7006406644029711,0.7153918288961995,0.29650868658376034,62.61015117066126,0.0,0.9796586897358155
07,hyperparam_draw,7.035002679107488,1005,dros,random,7.035002679107488,0.7046241360679139,0.7153918288961995,0.29650868658376034,62.61015117066126,0.0,0.9002860868335832
07,hyperparam_draw,2726.012483759216,1005,dros,random,2726.012483759216,0.6958209880137207,0.7153918288961995,0.29650868658376034,62.61015117066126,0.0,0.3832704732915985
07,hyperparam_draw,1229.5211369488857,1005,dros,random,1229.5211369488857,0.6970938719562978,0.7153918288961995,0.29650868658376034,62.61015117066126,0.0,0.4271177622731324
07,hyperparam_draw,8520.969818300175,1005,dros,random,8520.969818300175,0.6945504291310521,0.7153918288961995,0.29650868658376034,62.61015117066126,0.0,0.3377550781733998
07,hyperparam_draw,208.33398218871736,1005,dros,random,208.33398218871736,0.700441833676221,0.7153918288961995,0.29650868658376034,62.61015117066126,0.0,0.5706742416351495
07,hyperparam_draw,6.835193748303578,1005,dros,random,6.835193748303578,0.7046149734465845,0.7153918288961995,0.29650868658376034,62.61015117066126,0.0,0.9024299733332289
07,hyperparam_draw,460.4756724872588,1005,dros,random,460.4756724872588,0.6989327100889898,0.7153918288961995,0.29650868658376034,62.61015117066126,0.0,0.4985464588473454
07,hyperparam_draw,1.0573891157933526,1005,dros,random,1.0573891157933526,0.7014382218370165,0.7153918288961995,0.29650868658376034,62.61015117066126,0.0,0.9796400691732144
07,hyperparam_draw,1923.6822578444078,1005,dros,random,1923.6822578444078,0.696343736482922,0.7153918288961995,0.29650868658376034,62.61015117066126,0.0,0.4011391932684954
07,hyperparam_draw,nan,1005,ips,fixed,nan,0.6933069688315252,0.7153918288961995,0.29650868658376034,62.61015117066126,0.0,0.29650868658376034
07,hyperparam_draw,nan,1005,snips,fixed,nan,0.6944941678378935,0.7153918288961995,0.29650868658376034,62.61015117066126,0.0,0.29650868658376034
07,hyperparam_draw,nan,1005,dr,fixed,nan,0.6935185956311887,0.7153918288961995,0.29650868658376034,62.61015117066126,0.0,0.29650868658376034
07,hyperparam_draw,3.0655975683985264,1005,clipped_ips,slope,3.0655975683985264,0.6704968056679806,0.7153918288961995,0.29650868658376034,62.61015117066126,0.0,0.7068650446272539
07,hyperparam_draw,0.6951064219223972,1005,switch_dr,slope,0.6951064219223972,0.6981482007779503,0.7153918288961995,0.29650868658376034,62.61015117066126,0.0,0.49010667997616475
07,hyperparam_draw,0.4831729377977577,1005,dros,slope,0.4831729377977577,0.6991403909161918,0.7153918288961995,0.29650868658376034,62.61015117066126,0.0,0.9729180523200807
07,hyperparam_draw,13.365156131738466,1006,clipped_ips,random,13.365156131738466,0.7041127482976242,0.7153918288961995,0.2843642896472358,67.30015721288552,0.0,0.4483037850385154
07,hyperparam_draw,23.06853797665225,1006,clipped_ips,random,23.06853797665225,0.7044600258317509,0.7153918288961995,0.2843642896472358,67.30015721288552,0.0,0.3705534719465075
07,hyperparam_draw,7.295559101277265,1006,clipped_ips,random,7.295559101277265,0.6998241465922888,0.7153918288961995,0.2843642896472358,67.30015721288552,0.0,0.5359859357532576
07,hyperparam_draw,60.69928360488062,1006,clipped_ips,random,60.69928360488062,0.7072210772102334,0.7153918288961995,0.2843642896472358,67.30015721288552,0.0,0.291048615330492
07,hyperparam_draw,23.53897058175539,1006,clipped_ips,random,23.53897058175539,0.7044530732652604,0.7153918288961995,0.2843642896472358,67.30015721288552,0.0,0.3678647362039878
07,hyperparam_draw,2.2839709882898034,1006,clipped_ips,random,2.2839709882898034,0.6649561141968601,0.7153918288961995,0.2843642896472358,67.30015721288552,0.0,0.7728812559794124
07,hyperparam_draw,3.17679480558402,1006,clipped_ips,random,3.17679480558402,0.6799862430790464,0.7153918288961995,0.2843642896472358,67.30015721288552,0.0,0.6989518249011218
07,hyperparam_draw,6.869074537980425,1006,clipped_ips,random,6.869074537980425,0.6990901228274866,0.7153918288961995,0.2843642896472358,67.30015721288552,0.0,0.5456558381713581
07,hyperparam_draw,8.103081976073874,1006,clipped_ips,random,8.103081976073874,0.7009132720950063,0.7153918288961995,0.2843642896472358,67.30015721288552,0.0,0.5193934470732804
07,hyperparam_draw,2.198004302006607,1006,clipped_ips,random,2.198004302006607,0.6629593774021376,0.7153918288961995,0.2843642896472358,67.30015721288552,0.0,0.781216390988553
07,hyperparam_draw,1.4896410660087844,1006,clipped_ips,random,1.4896410660087844,0.6372564299151269,0.7153918288961995,0.2843642896472358,67.30015721288552,0.0,0.8624998986638335
07,hyperparam_draw,6.269284559794046,1006,clipped_ips,random,6.269284559794046,0.6978330082169425,0.7153918288961995,0.2843642896472358,67.30015721288552,0.0,0.5607105660770524
07,hyperparam_draw,14.492981899606434,1006,clipped_ips,random,14.492981899606434,0.7043261408300697,0.7153918288961995,0.2843642896472358,67.30015721288552,0.0,0.437234618769618
07,hyperparam_draw,78.81815513327832,1006,clipped_ips,random,78.81815513327832,0.7073582183298417,0.7153918288961995,0.2843642896472358,67.30015721288552,0.0,0.2843642896472358
07,hyperparam_draw,2.4194554752706208,1006,clipped_ips,random,2.4194554752706208,0.6678889404467465,0.7153918288961995,0.2843642896472358,67.30015721288552,0.0,0.7600461352565021
07,hyperparam_draw,21.503656650153157,1006,clipped_ips,random,21.503656650153157,0.704523790996294,0.7153918288961995,0.2843642896472358,67.30015721288552,0.0,0.38009200622197065
07,hyperparam_draw,4.315910629988038,1006,clipped_ips,random,4.315910629988038,0.6892542995745039,0.7153918288961995,0.2843642896472358,67.30015721288552,0.0,0.634686103376271
07,hyperparam_draw,3.9159276122340727,1006,clipped_ips,random,3.9159276122340727,0.6864687401990294,0.7153918288961995,0.2843642896472358,67.30015721288552,0.0,0.6551274074398863
07,hyperparam_draw,27.490746693463418,1006,clipped_ips,random,27.490746693463418,0.7048718357532584,0.7153918288961995,0.2843642896472358,67.30015721288552,0.0,0.35275070876637166
07,hyperparam_draw,2.385259176362492,1006,clipped_ips,random,2.385259176362492,0.6671708162674517,0.7153918288961995,0.2843642896472358,67.30015721288552,0.0,0.7632494380908401
07,hyperparam_draw,9.411123243975737,1006,clipped_ips,random,9.411123243975737,0.7021830092961036,0.7153918288961995,0.2843642896472358,67.30015721288552,0.0,0.4972414135344603
07,hyperparam_draw,15.052787916605562,1006,clipped_ips,random,15.052787916605562,0.7044313200776,0.7153918288961995,0.2843642896472358,67.30015721288552,0.0,0.4316223295253615
07,hyperparam_draw,49.330762055776724,1006,clipped_ips,random,49.330762055776724,0.7067338204652871,0.7153918288961995,0.2843642896472358,67.30015721288552,0.0,0.3050049144730279
07,hyperparam_draw,2.1540284046909246,1006,clipped_ips,random,2.1540284046909246,0.6618594403936922,0.7153918288961995,0.2843642896472358,67.30015721288552,0.0,0.785619958516424
07,hyperparam_draw,15.364371858840952,1006,clipped_ips,random,15.364371858840952,0.7044857540645277,0.7153918288961995,0.2843642896472358,67.30015721288552,0.0,0.4285317006024252
07,hyperparam_draw,15.542794991080282,1006,clipped_ips,random,15.542794991080282,0.704508843151259,0.7153918288961995,0.2843642896472358,67.30015721288552,0.0,0.42689562975649
07,hyperparam_draw,41.748829222353734,1006,clipped_ips,random,41.748829222353734,0.7060924690677897,0.7153918288961995,0.2843642896472358,67.30015721288552,0.0,0.31764587657005827
07,hyperparam_draw,8.34062672340384,1006,clipped_ips,random,8.34062672340384,0.7011632358849506,0.7153918288961995,0.2843642896472358,67.30015721288552,0.0,0.5149180313506667
07,hyperparam_draw,118.22421217552835,1006,clipped_ips,random,118.22421217552835,0.7073582183298417,0.7153918288961995,0.2843642896472358,67.30015721288552,0.0,0.2843642896472358
07,hyperparam_draw,5.861619115086833,1006,clipped_ips,random,5.861619115086833,0.696693752065871,0.7153918288961995,0.2843642896472358,67.30015721288552,0.0,0.5725234129366509
07,hyperparam_draw,3.260364602459515,1006,clipped_ips,random,3.260364602459515,0.6808690612577953,0.7153918288961995,0.2843642896472358,67.30015721288552,0.0,0.6934831117898097
07,hyperparam_draw,21.253369840119575,1006,clipped_ips,random,21.253369840119575,0.7045342039534414,0.7153918288961995,0.2843642896472358,67.30015721288552,0.0,0.38179299533220035
07,hyperparam_draw,106.12711429525461,1006,clipped_ips,random,106.12711429525461,0.7073582183298417,0.7153918288961995,0.2843642896472358,67.30015721288552,0.0,0.2843642896472358
07,hyperparam_draw,1.8049801730558699,1006,clipped_ips,random,1.8049801730558699,0.6512463159398237,0.7153918288961995,0.2843642896472358,67.30015721288552,0.0,0.8234950088548385
07,hyperparam_draw,5.894212585590064,1006,clipped_ips,random,5.894212585590064,0.6967972836703455,0.7153918288961995,0.2843642896472358,67.30015721288552,0.0,0.5715023106417595
07,hyperparam_draw,22.98051138448299,1006,clipped_ips,random,22.98051138448299,0.7044617337068637,0.7153918288961995,0.2843642896472358,67.30015721288552,0.0,0.37106346074791957
07,hyperparam_draw,5.306999850176771,1006,clipped_ips,random,5.306999850176771,0.6946114156584069,0.7153918288961995,0.2843642896472358,67.30015721288552,0.0,0.591587680790497
07,hyperparam_draw,20.733269324029227,1006,clipped_ips,random,20.733269324029227,0.7045558422666455,0.7153918288961995,0.2843642896472358,67.30015721288552,0.0,0.3853096667676066
07,hyperparam_draw,2.86236437247418,1006,clipped_ips,random,2.86236437247418,0.6758661630865634,0.7153918288961995,0.2843642896472358,67.30015721288552,0.0,0.7218232330078354
07,hyperparam_draw,2.4851241925133722,1006,clipped_ips,random,2.4851241925133722,0.6692294154377599,0.7153918288961995,0.2843642896472358,67.30015721288552,0.0,0.7540065849179449
07,hyperparam_draw,1.5294943018002245,1006,clipped_ips,random,1.5294943018002245,0.6393438849377989,0.7153918288961995,0.2843642896472358,67.30015721288552,0.0,0.8573099801603375
07,hyperparam_draw,13.794211503900637,1006,clipped_ips,random,13.794211503900637,0.7041948522369056,0.7153918288961995,0.2843642896472358,67.30015721288552,0.0,0.44411874683729513
07,hyperparam_draw,25.698886721484055,1006,clipped_ips,random,25.698886721484055,0.7046106729711437,0.7153918288961995,0.2843642896472358,67.30015721288552,0.0,0.35830075487256935
07,hyperparam_draw,41.11525624783488,1006,clipped_ips,random,41.11525624783488,0.7060388754892719,0.7153918288961995,0.2843642896472358,67.30015721288552,0.0,0.31864594357480974
07,hyperparam_draw,1.553900888728792,1006,clipped_ips,random,1.553900888728792,0.6405642587541028,0.7153918288961995,0.2843642896472358,67.30015721288552,0.0,0.8541688205905823
07,hyperparam_draw,3.4614792832535226,1006,clipped_ips,random,3.4614792832535226,0.6827664691217332,0.7153918288961995,0.2843642896472358,67.30015721288552,0.0,0.6809319760242252
07,hyperparam_draw,37.383384468007435,1006,clipped_ips,random,37.383384468007435,0.7057781793664999,0.7153918288961995,0.2843642896472358,67.30015721288552,0.0,0.32523661514816954
07,hyperparam_draw,11.054241437788532,1006,clipped_ips,random,11.054241437788532,0.703233235367451,0.7153918288961995,0.2843642896472358,67.30015721288552,0.0,0.4746739047753225
07,hyperparam_draw,12.332788857636642,1006,clipped_ips,random,12.332788857636642,0.7037938667429154,0.7153918288961995,0.2843642896472358,67.30015721288552,0.0,0.4594110150711362
07,hyperparam_draw,0.832643437826497,1006,clipped_ips,random,0.832643437826497,0.5634428007736334,0.7153918288961995,0.2843642896472358,67.30015721288552,0.0,0.960022744888577
07,hyperparam_draw,3.9451429825555606,1006,clipped_ips,random,3.9451429825555606,0.6866854630181438,0.7153918288961995,0.2843642896472358,67.30015721288552,0.0,0.6535868780428077
07,hyperparam_draw,25.228901232441444,1006,clipped_ips,random,25.228901232441444,0.7045491588846496,0.7153918288961995,0.2843642896472358,67.30015721288552,0.0,0.3600233941574925
07,hyperparam_draw,75.37092791101436,1006,clipped_ips,random,75.37092791101436,0.7073582183298417,0.7153918288961995,0.2843642896472358,67.30015721288552,0.0,0.2843642896472358
07,hyperparam_draw,5.8137201514675345,1006,clipped_ips,random,5.8137201514675345,0.6965400664970863,0.7153918288961995,0.2843642896472358,67.30015721288552,0.0,0.5740338998399472
07,hyperparam_draw,7.024114897239923,1006,clipped_ips,random,7.024114897239923,0.699370043293311,0.7153918288961995,0.2843642896472358,67.30015721288552,0.0,0.5420537711031086
07,hyperparam_draw,79.35112956087772,1006,clipped_ips,random,79.35112956087772,0.7073582183298417,0.7153918288961995,0.2843642896472358,67.30015721288552,0.0,0.2843642896472358
07,hyperparam_draw,12.037383045473861,1006,clipped_ips,random,12.037383045473861,0.7036808658238324,0.7153918288961995,0.2843642896472358,67.30015721288552,0.0,0.46266957882201504
07,hyperparam_draw,25.054031614000667,1006,clipped_ips,random,25.054031614000667,0.7045284940223719,0.7153918288961995,0.2843642896472358,67.30015721288552,0.0,0.3607575683044724
07,hyperparam_draw,1.7282378261118116,1006,clipped_ips,random,1.7282378261118116,0.6483167879525544,0.7153918288961995,0.2843642896472358,67.30015721288552,0.0,0.832515585457431
07,hyperparam_draw,45.50954841160882,1006,clipped_ips,random,45.50954841160882,0.7064105861707257,0.7153918288961995,0.2843642896472358,67.30015721288552,0.0,0.31152073427354315
07,hyperparam_draw,22.426882064892386,1006,switch_dr,random,22.426882064892386,0.7103675435452684,0.7153918288961995,0.2843642896472358,67.30015721288552,0.0,0.44388147972930236
07,hyperparam_draw,3.740354215473652,1006,switch_dr,random,3.740354215473652,0.7130023910015068,0.7153918288961995,0.2843642896472358,67.30015721288552,0.0,0.7316965261054534
07,hyperparam_draw,5.102341341151742,1006,switch_dr,random,5.102341341151742,0.710444200039201,0.7153918288961995,0.2843642896472358,67.30015721288552,0.0,0.6804246062494728
07,hyperparam_draw,91.22191131782155,1006,switch_dr,random,91.22191131782155,0.7071322720807756,0.7153918288961995,0.2843642896472358,67.30015721288552,0.0,0.2843642896472358
07,hyperparam_draw,6.7965855126312364,1006,switch_dr,random,6.7965855126312364,0.7114167108392939,0.7153918288961995,0.2843642896472358,67.30015721288552,0.0,0.6171756862951095
07,hyperparam_draw,45.250038290676486,1006,switch_dr,random,45.250038290676486,0.7033880903832536,0.7153918288961995,0.2843642896472358,67.30015721288552,0.0,0.3519686807347388
07,hyperparam_draw,3.7872625971519347,1006,switch_dr,random,3.7872625971519347,0.7124005305146,0.7153918288961995,0.2843642896472358,67.30015721288552,0.0,0.7290254627557533
07,hyperparam_draw,43.37860455425164,1006,switch_dr,random,43.37860455425164,0.7033880903832536,0.7153918288961995,0.2843642896472358,67.30015721288552,0.0,0.3519686807347388
07,hyperparam_draw,1.7105349587128318,1006,switch_dr,random,1.7105349587128318,0.7168848335791345,0.7153918288961995,0.2843642896472358,67.30015721288552,0.0,0.816874390743139
07,hyperparam_draw,3.737515250327967,1006,switch_dr,random,3.737515250327967,0.7130023910015068,0.7153918288961995,0.2843642896472358,67.30015721288552,0.0,0.7316965261054534
07,hyperparam_draw,26.224123985274346,1006,switch_dr,random,26.224123985274346,0.7034171246880226,0.7153918288961995,0.2843642896472358,67.30015721288552,0.0,0.39743731094655077
07,hyperparam_draw,2.228293204505348,1006,switch_dr,random,2.228293204505348,0.7157985322884427,0.7153918288961995,0.2843642896472358,67.30015721288552,0.0,0.8025854656519379
07,hyperparam_draw,2.994711563539033,1006,switch_dr,random,2.994711563539033,0.7134979602826115,0.7153918288961995,0.2843642896472358,67.30015721288552,0.0,0.7675049650807352
07,hyperparam_draw,11.547759375233005,1006,switch_dr,random,11.547759375233005,0.7107048368346304,0.7153918288961995,0.2843642896472358,67.30015721288552,0.0,0.5387505038528136
07,hyperparam_draw,1.9794174462963596,1006,switch_dr,random,1.9794174462963596,0.7170475623549089,0.7153918288961995,0.2843642896472358,67.30015721288552,0.0,0.8117172357909185
07,hyperparam_draw,9.687183085597088,1006,switch_dr,random,9.687183085597088,0.710938508260566,0.7153918288961995,0.2843642896472358,67.30015721288552,0.0,0.5592351543013228
07,hyperparam_draw,3.8678741146166913,1006,switch_dr,random,3.8678741146166913,0.7119235081266171,0.7153918288961995,0.2843642896472358,67.30015721288552,0.0,0.7257278751797853
07,hyperparam_draw,8.921844529155909,1006,switch_dr,random,8.921844529155909,0.710735308781679,0.7153918288961995,0.2843642896472358,67.30015721288552,0.0,0.5696299204978476
07,hyperparam_draw,29.538291404946264,1006,switch_dr,random,29.538291404946264,0.7034171246880226,0.7153918288961995,0.2843642896472358,67.30015721288552,0.0,0.39743731094655077
07,hyperparam_draw,41.80913650953901,1006,switch_dr,random,41.80913650953901,0.7033880903832536,0.7153918288961995,0.2843642896472358,67.30015721288552,0.0,0.3519686807347388
07,hyperparam_draw,1.1793898729928585,1006,switch_dr,random,1.1793898729928585,0.7134661787767096,0.7153918288961995,0.2843642896472358,67.30015721288552,0.0,0.789110127359833
07,hyperparam_draw,0.809421360913427,1006,switch_dr,random,0.809421360913427,0.7074679196547496,0.7153918288961995,0.2843642896472358,67.30015721288552,0.0,0.6301681814502603
07,hyperparam_draw,2.6817379549563856,1006,switch_dr,random,2.6817379549563856,0.7144173865017888,0.7153918288961995,0.2843642896472358,67.30015721288552,0.0,0.7840131388137442
07,hyperparam_draw,31.352908721005377,1006,switch_dr,random,31.352908721005377,0.7034171246880226,0.7153918288961995,0.2843642896472358,67.30015721288552,0.0,0.39743731094655077
07,hyperparam_draw,1.6431297910768576,1006,switch_dr,random,1.6431297910768576,0.716631334967511,0.7153918288961995,0.2843642896472358,67.30015721288552,0.0,0.8170378031261002
07,hyperparam_draw,1.2986472753578142,1006,switch_dr,random,1.2986472753578142,0.7155811746161528,0.7153918288961995,0.2843642896472358,67.30015721288552,0.0,0.8036320770010422
07,hyperparam_draw,128.00738604600264,1006,switch_dr,random,128.00738604600264,0.7071322720807756,0.7153918288961995,0.2843642896472358,67.30015721288552,0.0,0.2843642896472358
07,hyperparam_draw,120.38874759322432,1006,switch_dr,random,120.38874759322432,0.7071322720807756,0.7153918288961995,0.2843642896472358,67.30015721288552,0.0,0.2843642896472358
07,hyperparam_draw,2.4015196926026054,1006,switch_dr,random,2.4015196926026054,0.7155822333165375,0.7153918288961995,0.2843642896472358,67.30015721288552,0.0,0.7970793086193315
07,hyperparam_draw,33.45537584055451,1006,switch_dr,random,33.45537584055451,0.7053637619775971,0.7153918288961995,0.2843642896472358,67.30015721288552,0.0,0.3836529322080898
07,hyperparam_draw,76.21284003495269,1006,switch_dr,random,76.21284003495269,0.7071322720807756,0.7153918288961995,0.2843642896472358,67.30015721288552,0.0,0.2843642896472358
07,hyperparam_draw,3.066498183454658,1006,switch_dr,random,3.066498183454658,0.7134448060216374,0.7153918288961995,0.2843642896472358,67.30015721288552,0.0,0.7612177997594619
07,hyperparam_draw,1.775841274611346,1006,switch_dr,random,1.775841274611346,0.7159360000434112,0.7153918288961995,0.2843642896472358,67.30015721288552,0.0,0.8161014749277927
07,hyperparam_draw,3.6537371228207025,1006,switch_dr,random,3.6537371228207025,0.7135441660236462,0.7153918288961995,0.2843642896472358,67.30015721288552,0.0,0.7342831411018166
07,hyperparam_draw,1.3073077121996186,1006,switch_dr,random,1.3073077121996186,0.7155063974461329,0.7153918288961995,0.2843642896472358,67.30015721288552,0.0,0.8043108502003269
07,hyperparam_draw,91.73819921087566,1006,switch_dr,random,91.73819921087566,0.7071322720807756,0.7153918288961995,0.2843642896472358,67.30015721288552,0.0,0.2843642896472358
07,hyperparam_draw,16.10295715463625,1006,switch_dr,random,16.10295715463625,0.7116382685899318,0.7153918288961995,0.2843642896472358,67.30015721288552,0.0,0.5009043489826108
07,hyperparam_draw,107.95392197980128,1006,switch_dr,random,107.95392197980128,0.7071322720807756,0.7153918288961995,0.2843642896472358,67.30015721288552,0.0,0.2843642896472358
07,hyperparam_draw,1.2520534409243917,1006,switch_dr,random,1.2520534409243917,0.7139101320240064,0.7153918288961995,0.2843642896472358,67.30015721288552,0.0,0.7988378452170669
07,hyperparam_draw,2.847101634871786,1006,switch_dr,random,2.847101634871786,0.7134702299884061,0.7153918288961995,0.2843642896472358,67.30015721288552,0.0,0.777699559408744
07,hyperparam_draw,4.169636029797584,1006,switch_dr,random,4.169636029797584,0.7122013974125574,0.7153918288961995,0.2843642896472358,67.30015721288552,0.0,0.7159242008058987
07,hyperparam_draw,0.9588829784002978,1006,switch_dr,random,0.9588829784002978,0.7113863383559028,0.7153918288961995,0.2843642896472358,67.30015721288552,0.0,0.7302621081439136
07,hyperparam_draw,1.740699219827912,1006,switch_dr,random,1.740699219827912,0.7165380530360083,0.7153918288961995,0.2843642896472358,67.30015721288552,0.0,0.816543874306198
07,hyperparam_draw,99.27149477916605,1006,switch_dr,random,99.27149477916605,0.7071322720807756,0.7153918288961995,0.2843642896472358,67.30015721288552,0.0,0.2843642896472358
07,hyperparam_draw,2.499575534022387,1006,switch_dr,random,2.499575534022387,0.7145558506057886,0.7153918288961995,0.2843642896472358,67.30015721288552,0.0,0.7934121489980703
07,hyperparam_draw,5.376406227347819,1006,switch_dr,random,5.376406227347819,0.7106396467834254,0.7153918288961995,0.2843642896472358,67.30015721288552,0.0,0.6701738649726533
07,hyperparam_draw,56.992687846540186,1006,switch_dr,random,56.992687846540186,0.7063468429365588,0.7153918288961995,0.2843642896472358,67.30015721288552,0.0,0.32247246684459074
07,hyperparam_draw,106.09783766912184,1006,switch_dr,random,106.09783766912184,0.7071322720807756,0.7153918288961995,0.2843642896472358,67.30015721288552,0.0,0.2843642896472358
07,hyperparam_draw,52.700434612373485,1006,switch_dr,random,52.700434612373485,0.7033880903832536,0.7153918288961995,0.2843642896472358,67.30015721288552,0.0,0.3519686807347388
07,hyperparam_draw,25.08638956304427,1006,switch_dr,random,25.08638956304427,0.7053349099119842,0.7153918288961995,0.2843642896472358,67.30015721288552,0.0,0.41597832925677786
07,hyperparam_draw,14.825094933289392,1006,switch_dr,random,14.825094933289392,0.711477488027192,0.7153918288961995,0.2843642896472358,67.30015721288552,0.0,0.5110850960960452
07,hyperparam_draw,9.167700831826094,1006,switch_dr,random,9.167700831826094,0.7105767638238472,0.7153918288961995,0.2843642896472358,67.30015721288552,0.0,0.5636567529147096
07,hyperparam_draw,13.889604519372098,1006,switch_dr,random,13.889604519372098,0.711477488027192,0.7153918288961995,0.2843642896472358,67.30015721288552,0.0,0.5110850960960452
07,hyperparam_draw,0.7950642662731527,1006,switch_dr,random,0.7950642662731527,0.7056566214934207,0.7153918288961995,0.2843642896472358,67.30015721288552,0.0,0.6144349770430236
07,hyperparam_draw,2.2005136314214564,1006,switch_dr,random,2.2005136314214564,0.7163804489616562,0.7153918288961995,0.2843642896472358,67.30015721288552,0.0,0.8037856555829488
07,hyperparam_draw,13.866364269685999,1006,switch_dr,random,13.866364269685999,0.711477488027192,0.7153918288961995,0.2843642896472358,67.30015721288552,0.0,0.5110850960960452
07,hyperparam_draw,5.912277895291142,1006,switch_dr,random,5.912277895291142,0.7106362244162879,0.7153918288961995,0.2843642896472358,67.30015721288552,0.0,0.6455611430524245
07,hyperparam_draw,25.995926450067167,1006,switch_dr,random,25.995926450067167,0.7034171246880226,0.7153918288961995,0.2843642896472358,67.30015721288552,0.0,0.39743731094655077
07,hyperparam_draw,1.202606315037408,1006,switch_dr,random,1.202606315037408,0.7136606624413087,0.7153918288961995,0.2843642896472358,67.30015721288552,0.0,0.7933600852290439
07,hyperparam_draw,18.160858346172077,1006,switch_dr,random,18.160858346172077,0.7129416965619617,0.7153918288961995,0.2843642896472358,67.30015721288552,0.0,0.47673706809167604
07,hyperparam_draw,3.1119202964907515,1006,dros,random,3.1119202964907515,0.71111535029285,0.7153918288961995,0.2843642896472358,67.30015721288552,0.0,0.9519060416285924
07,hyperparam_draw,227.57392247887134,1006,dros,random,227.57392247887134,0.7097028826374022,0.7153918288961995,0.2843642896472358,67.30015721288552,0.0,0.5731374720958671
07,hyperparam_draw,266.3166100303896,1006,dros,random,266.3166100303896,0.7094870369049657,0.7153918288961995,0.2843642896472358,67.30015721288552,0.0,0.5595897679697188
07,hyperparam_draw,31.632326927275663,1006,dros,random,31.632326927275663,0.7116388779671943,0.7153918288961995,0.2843642896472358,67.30015721288552,0.0,0.762874762372909
07,hyperparam_draw,7.80119608833414,1006,dros,random,7.80119608833414,0.7121569376408611,0.7153918288961995,0.2843642896472358,67.30015721288552,0.0,0.8937099688974774
07,hyperparam_draw,5207.477759228767,1006,dros,random,5207.477759228767,0.7067097668385602,0.7153918288961995,0.2843642896472358,67.30015721288552,0.0,0.3532218202042129
07,hyperparam_draw,0.8286756962421744,1006,dros,random,0.8286756962421744,0.7062855438948255,0.7153918288961995,0.2843642896472358,67.30015721288552,0.0,0.9799040223019898
07,hyperparam_draw,2583.453225883925,1006,dros,random,2583.453225883925,0.7068245867818775,0.7153918288961995,0.2843642896472358,67.30015721288552,0.0,0.39036362494440036
07,hyperparam_draw,47.29041625866723,1006,dros,random,47.29041625866723,0.7113305306022444,0.7153918288961995,0.2843642896472358,67.30015721288552,0.0,0.7218135059720043
07,hyperparam_draw,51.78754145840089,1006,dros,random,51.78754145840089,0.7112565355131459,0.7153918288961995,0.2843642896472358,67.30015721288552,0.0,0.7125991706705113
07,hyperparam_draw,1245.1637698163006,1006,dros,random,1245.1637698163006,0.7073477828346464,0.7153918288961995,0.2843642896472358,67.30015721288552,0.0,0.4378562188646776
07,hyperparam_draw,3.207242040945345,1006,dros,random,3.207242040945345,0.7111784263499686,0.7153918288961995,0.2843642896472358,67.30015721288552,0.0,0.9504767684636533
07,hyperparam_draw,9.189104926527815,1006,dros,random,9.189104926527815,0.7121847589361247,0.7153918288961995,0.2843642896472358,67.30015721288552,0.0,0.880470133279677
07,hyperparam_draw,10.944707526915105,1006,dros,random,10.944707526915105,0.7121770959251018,0.7153918288961995,0.2843642896472358,67.30015721288552,0.0,0.865538427591041
07,hyperparam_draw,24.60028705307174,1006,dros,random,24.60028705307174,0.71181329873939,0.7153918288961995,0.2843642896472358,67.30015721288552,0.0,0.7883961970472434
07,hyperparam_draw,319.4011264667448,1006,dros,random,319.4011264667448,0.7092267280231332,0.7153918288961995,0.2843642896472358,67.30015721288552,0.0,0.5441704694494478
07,hyperparam_draw,38.2409009568028,1006,dros,random,38.2409009568028,0.711497360558824,0.7153918288961995,0.2843642896472358,67.30015721288552,0.0,0.7434818250559775
07,hyperparam_draw,6165.792927941693,1006,dros,random,6165.792927941693,0.7067193941835294,0.7153918288961995,0.2843642896472358,67.30015721288552,0.0,0.3456605686987024
07,hyperparam_draw,652.1524515117594,1006,dros,random,652.1524515117594,0.7081653251525559,0.7153918288961995,0.2843642896472358,67.30015721288552,0.0,0.48611217224798703
07,hyperparam_draw,7.349030458272045,1006,dros,random,7.349030458272045,0.7121372346969924,0.7153918288961995,0.2843642896472358,67.30015721288552,0.0,0.8983451312484511
07,hyperparam_draw,0.5745340029587334,1006,dros,random,0.5745340029587334,0.7044240701563816,0.7153918288961995,0.2843642896472358,67.30015721288552,0.0,0.9762624415087479
07,hyperparam_draw,1084.9917863394805,1006,dros,random,1084.9917863394805,0.7074981304442942,0.7153918288961995,0.2843642896472358,67.30015721288552,0.0,0.44769807907731884
07,hyperparam_draw,0.6528858682507493,1006,dros,random,0.6528858682507493,0.7050855567828387,0.7153918288961995,0.2843642896472358,67.30015721288552,0.0,0.9780249286328104
07,hyperparam_draw,4730.891291934571,1006,dros,random,4730.891291934571,0.7067091793077221,0.7153918288961995,0.2843642896472358,67.30015721288552,0.0,0.3577671956119109
07,hyperparam_draw,5698.787504190119,1006,dros,random,5698.787504190119,0.7067136734320795,0.7153918288961995,0.2843642896472358,67.30015721288552,0.0,0.3491160635619833
07,hyperparam_draw,8418.934571229443,1006,dros,random,8418.934571229443,0.7067577038416325,0.7153918288961995,0.2843642896472358,67.30015721288552,0.0,0.3332104734130026
07,hyperparam_draw,2.1285284757397283,1006,dros,random,2.1285284757397283,0.7101320527039193,0.7153918288961995,0.2843642896472358,67.30015721288552,0.0,0.9668956697441832
07,hyperparam_draw,4116.532867784574,1006,dros,random,4116.532867784574,0.7067159587739451,0.7153918288961995,0.2843642896472358,67.30015721288552,0.0,0.36466829959806774
07,hyperparam_draw,11030.423590566006,1006,dros,random,11030.423590566006,0.7068029371930256,0.7153918288961995,0.2843642896472358,67.30015721288552,0.0,0.3239781296628392
07,hyperparam_draw,9640.425110382484,1006,dros,random,9640.425110382484,0.7067795633749583,0.7153918288961995,0.2843642896472358,67.30015721288552,0.0,0.3284007775379697
07,hyperparam_draw,680.4044369180001,1006,dros,random,680.4044369180001,0.7081045849094948,0.7153918288961995,0.2843642896472358,67.30015721288552,0.0,0.48280266097780833
07,hyperparam_draw,547.7700196275263,1006,dros,random,547.7700196275263,0.7084210748829877,0.7153918288961995,0.2843642896472358,67.30015721288552,0.0,0.4999048094097711
07,hyperparam_draw,358.761942587318,1006,dros,random,358.761942587318,0.7090555863089271,0.7153918288961995,0.2843642896472358,67.30015721288552,0.0,0.5344436425525044
07,hyperparam_draw,302.21108604985267,1006,dros,random,302.21108604985267,0.709307025155026,0.7153918288961995,0.2843642896472358,67.30015721288552,0.0,0.5488367101437576
07,hyperparam_draw,2.3154898705340337,1006,dros,random,2.3154898705340337,0.7103804544910004,0.7153918288961995,0.2843642896472358,67.30015721288552,0.0,0.9640571964383735
07,hyperparam_draw,493.5993205454701,1006,dros,random,493.5993205454701,0.7085768074674474,0.7153918288961995,0.2843642896472358,67.30015721288552,0.0,0.5082690638587782
07,hyperparam_draw,6038.316790022362,1006,dros,random,6038.316790022362,0.7067176844638297,0.7153918288961995,0.2843642896472358,67.30015721288552,0.0,0.346565115000374
07,hyperparam_draw,0.5812010484864726,1006,dros,random,0.5812010484864726,0.7044841034307919,0.7153918288961995,0.2843642896472358,67.30015721288552,0.0,0.9764418922033443
07,hyperparam_draw,4941.763579250967,1006,dros,random,4941.763579250967,0.7067089565413379,0.7153918288961995,0.2843642896472358,67.30015721288552,0.0,0.35567990403075983
07,hyperparam_draw,2.263903551474991,1006,dros,random,2.263903551474991,0.7103156745563948,0.7153918288961995,0.2843642896472358,67.30015721288552,0.0,0.9648440177473029
07,hyperparam_draw,4.178790819209595,1006,dros,random,4.178790819209595,0.7116404217382251,0.7153918288961995,0.2843642896472358,67.30015721288552,0.0,0.9364779134972315
07,hyperparam_draw,12.429499924862755,1006,dros,random,12.429499924862755,0.7121509842329354,0.7153918288961995,0.2843642896472358,67.30015721288552,0.0,0.8542074681637143
07,hyperparam_draw,6.209959240280931,1006,dros,random,6.209959240280931,0.7120509107359511,0.7153918288961995,0.2843642896472358,67.30015721288552,0.0,0.9108287546513087
07,hyperparam_draw,9973.230757182659,1006,dros,random,9973.230757182659,0.7067853338643412,0.7153918288961995,0.2843642896472358,67.30015721288552,0.0,0.32725288864698737
07,hyperparam_draw,520.724872953477,1006,dros,random,520.724872953477,0.7084966129398729,0.7153918288961995,0.2843642896472358,67.30015721288552,0.0,0.5039603089199806
07,hyperparam_draw,2.6179187381314053,1006,dros,random,2.6179187381314053,0.7107115514327487,0.7153918288961995,0.2843642896472358,67.30015721288552,0.0,0.9594221911171266
07,hyperparam_draw,0.8974221814916322,1006,dros,random,0.8974221814916322,0.7066727025333415,0.7153918288961995,0.2843642896472358,67.30015721288552,0.0,0.9800975734143024
07,hyperparam_draw,55.91174017808834,1006,dros,random,55.91174017808834,0.7111928319913458,0.7153918288961995,0.2843642896472358,67.30015721288552,0.0,0.7048640677538612
07,hyperparam_draw,125.24133559467442,1006,dros,random,125.24133559467442,0.7104276216993156,0.7153918288961995,0.2843642896472358,67.30015721288552,0.0,0.6266691330750291
07,hyperparam_draw,3429.28676226834,1006,dros,random,3429.28676226834,0.7067411270979802,0.7153918288961995,0.2843642896472358,67.30015721288552,0.0,0.3742794976676221
07,hyperparam_draw,1179.844229194594,1006,dros,random,1179.844229194594,0.7074048048015994,0.7153918288961995,0.2843642896472358,67.30015721288552,0.0,0.4416771399585944
07,hyperparam_draw,78.54356528750456,1006,dros,random,78.54356528750456,0.7108940563446017,0.7153918288961995,0.2843642896472358,67.30015721288552,0.0,0.6711104434255393
07,hyperparam_draw,1.2484172709339638,1006,dros,random,1.2484172709339638,0.70817247791181,0.7153918288961995,0.2843642896472358,67.30015721288552,0.0,0.9784295483054047
07,hyperparam_draw,1711.543195812434,1006,dros,random,1711.543195812434,0.7070619434675378,0.7153918288961995,0.2843642896472358,67.30015721288552,0.0,0.41614414754259943
07,hyperparam_draw,1136.2637932098191,1006,dros,random,1136.2637932098191,0.7074460298548386,0.7153918288961995,0.2843642896472358,67.30015721288552,0.0,0.44436938506602375
07,hyperparam_draw,135.29631174668955,1006,dros,random,135.29631174668955,0.7103425639704131,0.7153918288961995,0.2843642896472358,67.30015721288552,0.0,0.619543512904576
07,hyperparam_draw,300.82828469521195,1006,dros,random,300.82828469521195,0.7093136427123211,0.7153918288961995,0.2843642896472358,67.30015721288552,0.0,0.5492245792865781
07,hyperparam_draw,2.883583866054785,1006,dros,random,2.883583866054785,0.7109462816885856,0.7153918288961995,0.2843642896472358,67.30015721288552,0.0,0.9553612589333866
07,hyperparam_draw,1.3633173442995141,1006,dros,random,1.3633173442995141,0.7085389223129981,0.7153918288961995,0.2843642896472358,67.30015721288552,0.0,0.9772899283082106
07,hyperparam_draw,0.8109183711821031,1006,dros,random,0.8109183711821031,0.7061789372253605,0.7153918288961995,0.2843642896472358,67.30015721288552,0.0,0.9798128195508745
07,hyperparam_draw,nan,1006,ips,fixed,nan,0.7073582183298417,0.7153918288961995,0.2843642896472358,67.30015721288552,0.0,0.2843642896472358
07,hyperparam_draw,nan,1006,snips,fixed,nan,0.710822718389695,0.7153918288961995,0.2843642896472358,67.30015721288552,0.0,0.2843642896472358
07,hyperparam_draw,nan,1006,dr,fixed,nan,0.7071322720807756,0.7153918288961995,0.2843642896472358,67.30015721288552,0.0,0.2843642896472358
07,hyperparam_draw,3.1511236409295234,1006,clipped_ips,slope,3.1511236409295234,0.6797022734135144,0.7153918288961995,0.2843642896472358,67.30015721288552,0.0,0.700679670055897
07,hyperparam_draw,1.487131311830576,1006,switch_dr,slope,1.487131311830576,0.7177024175227942,0.7153918288961995,0.2843642896472358,67.30015721288552,0.0,0.8149226325349154
07,hyperparam_draw,0.49256821478539947,1006,dros,slope,0.49256821478539947,0.7036195447194906,0.7153918288961995,0.2843642896472358,67.30015721288552,0.0,0.9735028447642932
07,hyperparam_draw,8.746304354556615,1007,clipped_ips,random,8.746304354556615,0.716725969058418,0.7153918288961995,0.2688043084231668,64.47773603121658,0.0,0.49494928074100847
07,hyperparam_draw,23.547108284858687,1007,clipped_ips,random,23.547108284858687,0.7227961568543091,0.7153918288961995,0.2688043084231668,64.47773603121658,0.0,0.35256157963999396
07,hyperparam_draw,18.918360221884225,1007,clipped_ips,random,18.918360221884225,0.722544663198282,0.7153918288961995,0.2688043084231668,64.47773603121658,0.0,0.37650508832332347
07,hyperparam_draw,48.18130539514974,1007,clipped_ips,random,48.18130539514974,0.7249815619577914,0.7153918288961995,0.2688043084231668,64.47773603121658,0.0,0.2814135148458348
07,hyperparam_draw,70.0050082403729,1007,clipped_ips,random,70.0050082403729,0.7251781423804832,0.7153918288961995,0.2688043084231668,64.47773603121658,0.0,0.2688043084231668
07,hyperparam_draw,39.73526108616463,1007,clipped_ips,random,39.73526108616463,0.7246276504203555,0.7153918288961995,0.2688043084231668,64.47773603121658,0.0,0.29765664314833545
07,hyperparam_draw,2.6739396625284444,1007,clipped_ips,random,2.6739396625284444,0.6831309824448643,0.7153918288961995,0.2688043084231668,64.47773603121658,0.0,0.7422975646727165
07,hyperparam_draw,127.83219233924397,1007,clipped_ips,random,127.83219233924397,0.7251781423804832,0.7153918288961995,0.2688043084231668,64.47773603121658,0.0,0.2688043084231668
07,hyperparam_draw,2.4811551572325325,1007,clipped_ips,random,2.4811551572325325,0.6796926515148695,0.7153918288961995,0.2688043084231668,64.47773603121658,0.0,0.7580875730646092
07,hyperparam_draw,4.162777500689776,1007,clipped_ips,random,4.162777500689776,0.699796918326078,0.7153918288961995,0.2688043084231668,64.47773603121658,0.0,0.6483961184547077
07,hyperparam_draw,1.2742716956667262,1007,clipped_ips,random,1.2742716956667262,0.6310393219878313,0.7153918288961995,0.2688043084231668,64.47773603121658,0.0,0.8924653022709359
07,hyperparam_draw,1.3890468617475424,1007,clipped_ips,random,1.3890468617475424,0.6396770253234928,0.7153918288961995,0.2688043084231668,64.47773603121658,0.0,0.8764457171156775
07,hyperparam_draw,2.3583125801015865,1007,clipped_ips,random,2.3583125801015865,0.6771319865141113,0.7153918288961995,0.2688043084231668,64.47773603121658,0.0,0.7689420989375667
07,hyperparam_draw,58.71518882530701,1007,clipped_ips,random,58.71518882530701,0.7251086299829025,0.7153918288961995,0.2688043084231668,64.47773603121658,0.0,0.2735629575447362
07,hyperparam_draw,2.7441169753076484,1007,clipped_ips,random,2.7441169753076484,0.6842561400024978,0.7153918288961995,0.2688043084231668,64.47773603121658,0.0,0.7368669756621538
07,hyperparam_draw,78.10070164624368,1007,clipped_ips,random,78.10070164624368,0.7251781423804832,0.7153918288961995,0.2688043084231668,64.47773603121658,0.0,0.2688043084231668
07,hyperparam_draw,30.169933766699234,1007,clipped_ips,random,30.169933766699234,0.7238269287491037,0.7153918288961995,0.2688043084231668,64.47773603121658,0.0,0.32561645942448425
07,hyperparam_draw,1.9964514413901022,1007,clipped_ips,random,1.9964514413901022,0.667685273305411,0.7153918288961995,0.2688043084231668,64.47773603121658,0.0,0.8040693796526399
07,hyperparam_draw,10.79938370164868,1007,clipped_ips,random,10.79938370164868,0.7196532697396892,0.7153918288961995,0.2688043084231668,64.47773603121658,0.0,0.4573192568073272
07,hyperparam_draw,1.9107311229411081,1007,clipped_ips,random,1.9107311229411081,0.6649197690629066,0.7153918288961995,0.2688043084231668,64.47773603121658,0.0,0.813019355943677
07,hyperparam_draw,0.8034746787007793,1007,clipped_ips,random,0.8034746787007793,0.5606787929571725,0.7153918288961995,0.2688043084231668,64.47773603121658,0.0,0.9654140975969825
07,hyperparam_draw,0.7800808077518402,1007,clipped_ips,random,0.7800808077518402,0.5539997162272193,0.7153918288961995,0.2688043084231668,64.47773603121658,0.0,0.9690069930504286
07,hyperparam_draw,9.023950800986897,1007,clipped_ips,random,9.023950800986897,0.71719783362197,0.7153918288961995,0.2688043084231668,64.47773603121658,0.0,0.4890029416813428
07,hyperparam_draw,2.499866601103123,1007,clipped_ips,random,2.499866601103123,0.6800549157991119,0.7153918288961995,0.2688043084231668,64.47773603121658,0.0,0.7564942429774155
07,hyperparam_draw,2.718992403159039,1007,clipped_ips,random,2.718992403159039,0.6838602133962227,0.7153918288961995,0.2688043084231668,64.47773603121658,0.0,0.738798623653397
07,hyperparam_draw,7.579859466257571,1007,clipped_ips,random,7.579859466257571,0.7141381963731489,0.7153918288961995,0.2688043084231668,64.47773603121658,0.0,0.5237167412867756
07,hyperparam_draw,3.9152515199448903,1007,clipped_ips,random,3.9152515199448903,0.6978482318073149,0.7153918288961995,0.2688043084231668,64.47773603121658,0.0,0.6616009754821539
07,hyperparam_draw,0.973599926748351,1007,clipped_ips,random,0.973599926748351,0.5962029647487462,0.7153918288961995,0.2688043084231668,64.47773603121658,0.0,0.938565832119509
07,hyperparam_draw,21.80891713906297,1007,clipped_ips,random,21.80891713906297,0.72272988099307,0.7153918288961995,0.2688043084231668,64.47773603121658,0.0,0.3604507117039552
07,hyperparam_draw,1.4245378225958867,1007,clipped_ips,random,1.4245378225958867,0.6420222405553261,0.7153918288961995,0.2688043084231668,64.47773603121658,0.0,0.8716866061333072
07,hyperparam_draw,1.1167272456785193,1007,clipped_ips,random,1.1167272456785193,0.6156956377065164,0.7153918288961995,0.2688043084231668,64.47773603121658,0.0,0.9160501241530972
07,hyperparam_draw,78.83453298875416,1007,clipped_ips,random,78.83453298875416,0.7251781423804832,0.7153918288961995,0.2688043084231668,64.47773603121658,0.0,0.2688043084231668
07,hyperparam_draw,50.188755444947574,1007,clipped_ips,random,50.188755444947574,0.725005777406446,0.7153918288961995,0.2688043084231668,64.47773603121658,0.0,0.2800107408591717
07,hyperparam_draw,117.65730419813409,1007,clipped_ips,random,117.65730419813409,0.7251781423804832,0.7153918288961995,0.2688043084231668,64.47773603121658,0.0,0.2688043084231668
07,hyperparam_draw,3.7115048207814527,1007,clipped_ips,random,3.7115048207814527,0.6960522043572595,0.7153918288961995,0.2688043084231668,64.47773603121658,0.0,0.6730087437065335
07,hyperparam_draw,4.831506268570139,1007,clipped_ips,random,4.831506268570139,0.7041362490553729,0.7153918288961995,0.2688043084231668,64.47773603121658,0.0,0.6166672811699235
07,hyperparam_draw,7.7273595942928,1007,clipped_ips,random,7.7273595942928,0.71450377806915,0.7153918288961995,0.2688043084231668,64.47773603121658,0.0,0.5197844469451204
07,hyperparam_draw,12.604973370451422,1007,clipped_ips,random,12.604973370451422,0.7212106018659094,0.7153918288961995,0.2688043084231668,64.47773603121658,0.0,0.43237085280028187
07,hyperparam_draw,23.36318043141562,1007,clipped_ips,random,23.36318043141562,0.7227891438299232,0.7153918288961995,0.2688043084231668,64.47773603121658,0.0,0.35340967103044163
07,hyperparam_draw,66.8794355068755,1007,clipped_ips,random,66.8794355068755,0.7251781423804832,0.7153918288961995,0.2688043084231668,64.47773603121658,0.0,0.2688043084231668
07,hyperparam_draw,18.888914615172137,1007,clipped_ips,random,18.888914615172137,0.7225406468033707,0.7153918288961995,0.2688043084231668,64.47773603121658,0.0,0.37671018893301367
07,hyperparam_draw,38.16544227737498,1007,clipped_ips,random,38.16544227737498,0.7245278378070865,0.7153918288961995,0.2688043084231668,64.47773603121658,0.0,0.3015814016205614
07,hyperparam_draw,45.94612835463969,1007,clipped_ips,random,45.94612835463969,0.7249605005043853,0.7153918288961995,0.2688043084231668,64.47773603121658,0.0,0.28301772678397535
07,hyperparam_draw,0.8495421888063603,1007,clipped_ips,random,0.8495421888063603,0.5722991299104466,0.7153918288961995,0.2688043084231668,64.47773603121658,0.0,0.9582135418998899
07,hyperparam_draw,1.3634770864770789,1007,clipped_ips,random,1.3634770864770789,0.6379007508641764,0.7153918288961995,0.2688043084231668,64.47773603121658,0.0,0.8799240007424564
07,hyperparam_draw,29.106711671857816,1007,clipped_ips,random,29.106711671857816,0.7236143830663575,0.7153918288961995,0.2688043084231668,64.47773603121658,0.0,0.3298119264403503
07,hyperparam_draw,83.40568900772283,1007,clipped_ips,random,83.40568900772283,0.7251781423804832,0.7153918288961995,0.2688043084231668,64.47773603121658,0.0,0.2688043084231668
07,hyperparam_draw,88.54252438111543,1007,clipped_ips,random,88.54252438111543,0.7251781423804832,0.7153918288961995,0.2688043084231668,64.47773603121658,0.0,0.2688043084231668
07,hyperparam_draw,31.31064316815138,1007,clipped_ips,random,31.31064316815138,0.7239727417905714,0.7153918288961995,0.2688043084231668,64.47773603121658,0.0,0.32149978805949925
07,hyperparam_draw,22.787020046544782,1007,clipped_ips,random,22.787020046544782,0.722767175287619,0.7153918288961995,0.2688043084231668,64.47773603121658,0.0,0.3560468920014133
07,hyperparam_draw,18.954002721959696,1007,clipped_ips,random,18.954002721959696,0.7225495248524271,0.7153918288961995,0.2688043084231668,64.47773603121658,0.0,0.37625667697173526
07,hyperparam_draw,9.145893288211264,1007,clipped_ips,random,9.145893288211264,0.7173835761149427,0.7153918288961995,0.2688043084231668,64.47773603121658,0.0,0.4865109957579024
07,hyperparam_draw,86.90831928428912,1007,clipped_ips,random,86.90831928428912,0.7251781423804832,0.7153918288961995,0.2688043084231668,64.47773603121658,0.0,0.2688043084231668
07,hyperparam_draw,115.33035129964041,1007,clipped_ips,random,115.33035129964041,0.7251781423804832,0.7153918288961995,0.2688043084231668,64.47773603121658,0.0,0.2688043084231668
07,hyperparam_draw,3.0909514715022466,1007,clipped_ips,random,3.0909514715022466,0.6892124482246695,0.7153918288961995,0.2688043084231668,64.47773603121658,0.0,0.7116199355360695
07,hyperparam_draw,2.1826084693955923,1007,clipped_ips,random,2.1826084693955923,0.6729829770904765,0.7153918288961995,0.2688043084231668,64.47773603121658,0.0,0.7853418135181425
07,hyperparam_draw,24.40786041383339,1007,clipped_ips,random,24.40786041383339,0.7228289766559743,0.7153918288961995,0.2688043084231668,64.47773603121658,0.0,0.34855575753574436
07,hyperparam_draw,57.62350305426765,1007,clipped_ips,random,57.62350305426765,0.7250954612065545,0.7153918288961995,0.2688043084231668,64.47773603121658,0.0,0.27443002713343334
07,hyperparam_draw,9.300941113578535,1007,clipped_ips,random,9.300941113578535,0.7176097310785776,0.7153918288961995,0.2688043084231668,64.47773603121658,0.0,0.48347437105128555
07,hyperparam_draw,0.9164717220550301,1007,clipped_ips,random,0.9164717220550301,0.5863070732947243,0.7153918288961995,0.2688043084231668,64.47773603121658,0.0,0.9476156837263754
07,hyperparam_draw,19.451533719041002,1007,switch_dr,random,19.451533719041002,0.724772795219651,0.7153918288961995,0.2688043084231668,64.47773603121658,0.0,0.4401536259905325
07,hyperparam_draw,1.2902681278492552,1007,switch_dr,random,1.2902681278492552,0.7174545397776669,0.7153918288961995,0.2688043084231668,64.47773603121658,0.0,0.7983689985958222
07,hyperparam_draw,34.351477730881314,1007,switch_dr,random,34.351477730881314,0.7200035043644961,0.7153918288961995,0.2688043084231668,64.47773603121658,0.0,0.36668558601008555
07,hyperparam_draw,86.93491582191702,1007,switch_dr,random,86.93491582191702,0.7221576109398032,0.7153918288961995,0.2688043084231668,64.47773603121658,0.0,0.2688043084231668
07,hyperparam_draw,109.60314663155873,1007,switch_dr,random,109.60314663155873,0.7221576109398032,0.7153918288961995,0.2688043084231668,64.47773603121658,0.0,0.2688043084231668
07,hyperparam_draw,2.127509828408734,1007,switch_dr,random,2.127509828408734,0.7183068254708189,0.7153918288961995,0.2688043084231668,64.47773603121658,0.0,0.8068767299361566
07,hyperparam_draw,27.92368783346649,1007,switch_dr,random,27.92368783346649,0.719095218243333,0.7153918288961995,0.2688043084231668,64.47773603121658,0.0,0.3924733558187043
07,hyperparam_draw,4.953056270028008,1007,switch_dr,random,4.953056270028008,0.7182420940190309,0.7153918288961995,0.2688043084231668,64.47773603121658,0.0,0.6958950163621036
07,hyperparam_draw,1.193312651146847,1007,switch_dr,random,1.193312651146847,0.718859492462231,0.7153918288961995,0.2688043084231668,64.47773603121658,0.0,0.7852975974944466
07,hyperparam_draw,0.8005229819309104,1007,switch_dr,random,0.8005229819309104,0.7099125760022826,0.7153918288961995,0.2688043084231668,64.47773603121658,0.0,0.6085506513071886
07,hyperparam_draw,46.2367317457498,1007,switch_dr,random,46.2367317457498,0.7220737283110303,0.7153918288961995,0.2688043084231668,64.47773603121658,0.0,0.2976683288412998
07,hyperparam_draw,32.75427809216318,1007,switch_dr,random,32.75427809216318,0.7217128513818372,0.7153918288961995,0.2688043084231668,64.47773603121658,0.0,0.3805581625580247
07,hyperparam_draw,1.9013494203678105,1007,switch_dr,random,1.9013494203678105,0.7172594381065958,0.7153918288961995,0.2688043084231668,64.47773603121658,0.0,0.8119320610009227
07,hyperparam_draw,1.1177781006586316,1007,switch_dr,random,1.1177781006586316,0.7190687242105106,0.7153918288961995,0.2688043084231668,64.47773603121658,0.0,0.7702855913041127
07,hyperparam_draw,2.3483791228278754,1007,switch_dr,random,2.3483791228278754,0.719328017351091,0.7153918288961995,0.2688043084231668,64.47773603121658,0.0,0.7985107881153236
07,hyperparam_draw,1.2585430544891134,1007,switch_dr,random,1.2585430544891134,0.7178100313099399,0.7153918288961995,0.2688043084231668,64.47773603121658,0.0,0.7947930299028386
07,hyperparam_draw,7.498907579677841,1007,switch_dr,random,7.498907579677841,0.7202645429978085,0.7153918288961995,0.2688043084231668,64.47773603121658,0.0,0.620935899876905
07,hyperparam_draw,1.0642438541586452,1007,switch_dr,random,1.0642438541586452,0.7169845360408181,0.7153918288961995,0.2688043084231668,64.47773603121658,0.0,0.7567261299839632
07,hyperparam_draw,32.92611491058659,1007,switch_dr,random,32.92611491058659,0.7217128513818372,0.7153918288961995,0.2688043084231668,64.47773603121658,0.0,0.3805581625580247
07,hyperparam_draw,24.247188465211924,1007,switch_dr,random,24.247188465211924,0.723858750196765,0.7153918288961995,0.2688043084231668,64.47773603121658,0.0,0.40965394780483655
07,hyperparam_draw,39.50815850211963,1007,switch_dr,random,39.50815850211963,0.7214151776189943,0.7153918288961995,0.2688043084231668,64.47773603121658,0.0,0.3533310041660749
07,hyperparam_draw,10.219541916672435,1007,switch_dr,random,10.219541916672435,0.7207645856947882,0.7153918288961995,0.2688043084231668,64.47773603121658,0.0,0.5508222765586354
07,hyperparam_draw,15.420223523675004,1007,switch_dr,random,15.420223523675004,0.7265135128426867,0.7153918288961995,0.2688043084231668,64.47773603121658,0.0,0.4758912203204955
07,hyperparam_draw,42.5157251804016,1007,switch_dr,random,42.5157251804016,0.7214151776189943,0.7153918288961995,0.2688043084231668,64.47773603121658,0.0,0.3533310041660749
07,hyperparam_draw,6.654852991059867,1007,switch_dr,random,6.654852991059867,0.7216458858996546,0.7153918288961995,0.2688043084231668,64.47773603121658,0.0,0.6419280652336582
07,hyperparam_draw,5.052231379192223,1007,switch_dr,random,5.052231379192223,0.7186883414499267,0.7153918288961995,0.2688043084231668,64.47773603121658,0.0,0.6910083031657784
07,hyperparam_draw,6.4878418915084515,1007,switch_dr,random,6.4878418915084515,0.7211259998169025,0.7153918288961995,0.2688043084231668,64.47773603121658,0.0,0.643227045750242
07,hyperparam_draw,2.365510780953542,1007,switch_dr,random,2.365510780953542,0.7197637501979562,0.7153918288961995,0.2688043084231668,64.47773603121658,0.0,0.7980249323129901
07,hyperparam_draw,18.285579315121332,1007,switch_dr,random,18.285579315121332,0.7248865906638843,0.7153918288961995,0.2688043084231668,64.47773603121658,0.0,0.4461727948724272
07,hyperparam_draw,77.57817260241976,1007,switch_dr,random,77.57817260241976,0.7221576109398032,0.7153918288961995,0.2688043084231668,64.47773603121658,0.0,0.2688043084231668
07,hyperparam_draw,3.8163245970702904,1007,switch_dr,random,3.8163245970702904,0.7183903727995473,0.7153918288961995,0.2688043084231668,64.47773603121658,0.0,0.7366061729204895
07,hyperparam_draw,1.556019109147474,1007,switch_dr,random,1.556019109147474,0.7176542433424132,0.7153918288961995,0.2688043084231668,64.47773603121658,0.0,0.813724324071706
07,hyperparam_draw,6.725519306108232,1007,switch_dr,random,6.725519306108232,0.7216990595836101,0.7153918288961995,0.2688043084231668,64.47773603121658,0.0,0.6392113946503694
07,hyperparam_draw,10.647666573882562,1007,switch_dr,random,10.647666573882562,0.7213016862103958,0.7153918288961995,0.2688043084231668,64.47773603121658,0.0,0.5459444656883895
07,hyperparam_draw,19.407206220198365,1007,switch_dr,random,19.407206220198365,0.724772795219651,0.7153918288961995,0.2688043084231668,64.47773603121658,0.0,0.4401536259905325
07,hyperparam_draw,30.423280271186957,1007,switch_dr,random,30.423280271186957,0.719095218243333,0.7153918288961995,0.2688043084231668,64.47773603121658,0.0,0.3924733558187043
07,hyperparam_draw,75.82793825465056,1007,switch_dr,random,75.82793825465056,0.7221576109398032,0.7153918288961995,0.2688043084231668,64.47773603121658,0.0,0.2688043084231668
07,hyperparam_draw,1.2343496347169483,1007,switch_dr,random,1.2343496347169483,0.717567826570119,0.7153918288961995,0.2688043084231668,64.47773603121658,0.0,0.7909171275526466
07,hyperparam_draw,56.28962488212353,1007,switch_dr,random,56.28962488212353,0.7220737283110303,0.7153918288961995,0.2688043084231668,64.47773603121658,0.0,0.2976683288412998
07,hyperparam_draw,3.897900943938348,1007,switch_dr,random,3.897900943938348,0.7183169138204891,0.7153918288961995,0.2688043084231668,64.47773603121658,0.0,0.7356522866914512
07,hyperparam_draw,53.63091070583755,1007,switch_dr,random,53.63091070583755,0.7220737283110303,0.7153918288961995,0.2688043084231668,64.47773603121658,0.0,0.2976683288412998
07,hyperparam_draw,3.1063388051092633,1007,switch_dr,random,3.1063388051092633,0.717770628914798,0.7153918288961995,0.2688043084231668,64.47773603121658,0.0,0.7658036917241586
07,hyperparam_draw,83.59841814722765,1007,switch_dr,random,83.59841814722765,0.7221576109398032,0.7153918288961995,0.2688043084231668,64.47773603121658,0.0,0.2688043084231668
07,hyperparam_draw,3.45559489616652,1007,switch_dr,random,3.45559489616652,0.7184164901798691,0.7153918288961995,0.2688043084231668,64.47773603121658,0.0,0.7514820690046996
07,hyperparam_draw,4.548834570550841,1007,switch_dr,random,4.548834570550841,0.7184741394432945,0.7153918288961995,0.2688043084231668,64.47773603121658,0.0,0.7110284372380138
07,hyperparam_draw,5.466016949945399,1007,switch_dr,random,5.466016949945399,0.720080152836693,0.7153918288961995,0.2688043084231668,64.47773603121658,0.0,0.675043724272941
07,hyperparam_draw,124.71993537360251,1007,switch_dr,random,124.71993537360251,0.7221576109398032,0.7153918288961995,0.2688043084231668,64.47773603121658,0.0,0.2688043084231668
07,hyperparam_draw,1.3994550919035105,1007,switch_dr,random,1.3994550919035105,0.7169764955869433,0.7153918288961995,0.2688043084231668,64.47773603121658,0.0,0.8081826564828658
07,hyperparam_draw,6.66042511797593,1007,switch_dr,random,6.66042511797593,0.7216458858996546,0.7153918288961995,0.2688043084231668,64.47773603121658,0.0,0.6419280652336582
07,hyperparam_draw,0.7251929723375405,1007,switch_dr,random,0.7251929723375405,0.7068551686508631,0.7153918288961995,0.2688043084231668,64.47773603121658,0.0,0.5209509385725066
07,hyperparam_draw,77.4597360675537,1007,switch_dr,random,77.4597360675537,0.7221576109398032,0.7153918288961995,0.2688043084231668,64.47773603121658,0.0,0.2688043084231668
07,hyperparam_draw,6.801075269672324,1007,switch_dr,random,6.801075269672324,0.7216990595836101,0.7153918288961995,0.2688043084231668,64.47773603121658,0.0,0.6392113946503694
07,hyperparam_draw,2.4046190719201395,1007,switch_dr,random,2.4046190719201395,0.7194172167637536,0.7153918288961995,0.2688043084231668,64.47773603121658,0.0,0.7963610422762167
07,hyperparam_draw,2.144338093631241,1007,switch_dr,random,2.144338093631241,0.7187542621999591,0.7153918288961995,0.2688043084231668,64.47773603121658,0.0,0.8061687601730648
07,hyperparam_draw,9.889133368183565,1007,switch_dr,random,9.889133368183565,0.7208142837334894,0.7153918288961995,0.2688043084231668,64.47773603121658,0.0,0.5604421439837926
07,hyperparam_draw,55.07443453620572,1007,switch_dr,random,55.07443453620572,0.7220737283110303,0.7153918288961995,0.2688043084231668,64.47773603121658,0.0,0.2976683288412998
07,hyperparam_draw,5.159698143341033,1007,switch_dr,random,5.159698143341033,0.7188377710090277,0.7153918288961995,0.2688043084231668,64.47773603121658,0.0,0.6884731070313619
07,hyperparam_draw,1.4016826094806067,1007,switch_dr,random,1.4016826094806067,0.7169551108257334,0.7153918288961995,0.2688043084231668,64.47773603121658,0.0,0.8082620165160717
07,hyperparam_draw,7.002460564140137,1007,switch_dr,random,7.002460564140137,0.7217052036352629,0.7153918288961995,0.2688043084231668,64.47773603121658,0.0,0.6363677302688894
07,hyperparam_draw,5.288063684125884,1007,switch_dr,random,5.288063684125884,0.7197554749714589,0.7153918288961995,0.2688043084231668,64.47773603121658,0.0,0.6813479552710617
07,hyperparam_draw,15293.425726618301,1007,dros,random,15293.425726618301,0.7221298688867034,0.7153918288961995,0.2688043084231668,64.47773603121658,0.0,0.29543721247397836
07,hyperparam_draw,1.6988211081316777,1007,dros,random,1.6988211081316777,0.7127297722390339,0.7153918288961995,0.2688043084231668,64.47773603121658,0.0,0.9727408920899494
07,hyperparam_draw,469.5233086524273,1007,dros,random,469.5233086524273,0.7224475190226995,0.7153918288961995,0.2688043084231668,64.47773603121658,0.0,0.4969842902992523
07,hyperparam_draw,0.4986796075010235,1007,dros,random,0.4986796075010235,0.706334898443062,0.7153918288961995,0.2688043084231668,64.47773603121658,0.0,0.9735449085937186
07,hyperparam_draw,28.210876053550145,1007,dros,random,28.210876053550145,0.7198237462474165,0.7153918288961995,0.2688043084231668,64.47773603121658,0.0,0.7813764470017426
07,hyperparam_draw,1.763081209443218,1007,dros,random,1.763081209443218,0.7128901198733032,0.7153918288961995,0.2688043084231668,64.47773603121658,0.0,0.9718250508769228
07,hyperparam_draw,7.094486529517074,1007,dros,random,7.094486529517074,0.7172885799467293,0.7153918288961995,0.2688043084231668,64.47773603121658,0.0,0.901593802719302
07,hyperparam_draw,28.546347521539076,1007,dros,random,28.546347521539076,0.7198425717178063,0.7153918288961995,0.2688043084231668,64.47773603121658,0.0,0.7802080777954309
07,hyperparam_draw,345.44964539343914,1007,dros,random,345.44964539343914,0.722428154311827,0.7153918288961995,0.2688043084231668,64.47773603121658,0.0,0.5247552817589294
07,hyperparam_draw,540.202474610989,1007,dros,random,540.202474610989,0.7224387070805695,0.7153918288961995,0.2688043084231668,64.47773603121658,0.0,0.4847887107085735
07,hyperparam_draw,5.2413586924772915,1007,dros,random,5.2413586924772915,0.7165624342637545,0.7153918288961995,0.2688043084231668,64.47773603121658,0.0,0.9222417524256143
07,hyperparam_draw,0.5407388618911155,1007,dros,random,0.5407388618911155,0.7067980294808596,0.7153918288961995,0.2688043084231668,64.47773603121658,0.0,0.9750929732692312
07,hyperparam_draw,6.398224871929273,1007,dros,random,6.398224871929273,0.7170515879362955,0.7153918288961995,0.2688043084231668,64.47773603121658,0.0,0.9089260061043583
07,hyperparam_draw,2.0802181129334603,1007,dros,random,2.0802181129334603,0.7135747738490541,0.7153918288961995,0.2688043084231668,64.47773603121658,0.0,0.9670907043794342
07,hyperparam_draw,1.1679480658523225,1007,dros,random,1.1679480658523225,0.7109793666956564,0.7153918288961995,0.2688043084231668,64.47773603121658,0.0,0.9789435148696102
07,hyperparam_draw,85.30005931460225,1007,dros,random,85.30005931460225,0.721418634022033,0.7153918288961995,0.2688043084231668,64.47773603121658,0.0,0.6665909826408035
07,hyperparam_draw,390.0672044355324,1007,dros,random,390.0672044355324,0.722442982246309,0.7153918288961995,0.2688043084231668,64.47773603121658,0.0,0.5135851845863434
07,hyperparam_draw,140.52572952358398,1007,dros,random,140.52572952358398,0.7219539116913893,0.7153918288961995,0.2688043084231668,64.47773603121658,0.0,0.6139061137799109
07,hyperparam_draw,4101.607110680653,1007,dros,random,4101.607110680653,0.7221293864771859,0.7153918288961995,0.2688043084231668,64.47773603121658,0.0,0.3435397441865028
07,hyperparam_draw,1970.466993966537,1007,dros,random,1970.466993966537,0.7221961756259503,0.7153918288961995,0.2688043084231668,64.47773603121658,0.0,0.3865196138953814
07,hyperparam_draw,1341.9308140643288,1007,dros,random,1341.9308140643288,0.7222649098961064,0.7153918288961995,0.2688043084231668,64.47773603121658,0.0,0.4129880055325763
07,hyperparam_draw,152.8074157066484,1007,dros,random,152.8074157066484,0.7220263483191168,0.7153918288961995,0.2688043084231668,64.47773603121658,0.0,0.6052064496036176
07,hyperparam_draw,5.452803570276834,1007,dros,random,5.452803570276834,0.7166629905555181,0.7153918288961995,0.2688043084231668,64.47773603121658,0.0,0.9196925610998351
07,hyperparam_draw,1305.4958822766876,1007,dros,random,1305.4958822766876,0.7222705865613832,0.7153918288961995,0.2688043084231668,64.47773603121658,0.0,0.414975779199484
07,hyperparam_draw,1474.8736267120646,1007,dros,random,1474.8736267120646,0.7222460788256596,0.7153918288961995,0.2688043084231668,64.47773603121658,0.0,0.40625679708147594
07,hyperparam_draw,18.976537448193184,1007,dros,random,18.976537448193184,0.719173301852033,0.7153918288961995,0.2688043084231668,64.47773603121658,0.0,0.8194382847862253
07,hyperparam_draw,11.320069072240251,1007,dros,random,11.320069072240251,0.7182507491973703,0.7153918288961995,0.2688043084231668,64.47773603121658,0.0,0.865111126585443
07,hyperparam_draw,0.705594171643857,1007,dros,random,0.705594171643857,0.7083035441918439,0.7153918288961995,0.2688043084231668,64.47773603121658,0.0,0.9787700391541528
07,hyperparam_draw,8066.570065719819,1007,dros,random,8066.570065719819,0.722121058063857,0.7153918288961995,0.2688043084231668,64.47773603121658,0.0,0.31416843888705953
07,hyperparam_draw,15.366358661751516,1007,dros,random,15.366358661751516,0.718809244629971,0.7153918288961995,0.2688043084231668,64.47773603121658,0.0,0.8386882300281523
07,hyperparam_draw,421.78883599618246,1007,dros,random,421.78883599618246,0.7224473839259407,0.7153918288961995,0.2688043084231668,64.47773603121658,0.0,0.5065181047079913
07,hyperparam_draw,2.6159771322027985,1007,dros,random,2.6159771322027985,0.7144435243147376,0.7153918288961995,0.2688043084231668,64.47773603121658,0.0,0.958796922642561
07,hyperparam_draw,0.5997782905320852,1007,dros,random,0.5997782905320852,0.7073883970061612,0.7153918288961995,0.2688043084231668,64.47773603121658,0.0,0.9767919560941758
07,hyperparam_draw,214.23146750741273,1007,dros,random,214.23146750741273,0.7222601274605234,0.7153918288961995,0.2688043084231668,64.47773603121658,0.0,0.570835930793098
07,hyperparam_draw,1281.5657050914429,1007,dros,random,1281.5657050914429,0.7222744441811668,0.7153918288961995,0.2688043084231668,64.47773603121658,0.0,0.41631834855373273
07,hyperparam_draw,0.849585361923688,1007,dros,random,0.849585361923688,0.7093240746771621,0.7153918288961995,0.2688043084231668,64.47773603121658,0.0,0.9799250529528272
07,hyperparam_draw,3.932858168633162,1007,dros,random,3.932858168633162,0.7157726389167035,0.7153918288961995,0.2688043084231668,64.47773603121658,0.0,0.9393099551294574
07,hyperparam_draw,109.48577880496376,1007,dros,random,109.48577880496376,0.721706957746727,0.7153918288961995,0.2688043084231668,64.47773603121658,0.0,0.6401155832475585
07,hyperparam_draw,0.9644071596793969,1007,dros,random,0.9644071596793969,0.7099994806784022,0.7153918288961995,0.2688043084231668,64.47773603121658,0.0,0.9799943939708899
07,hyperparam_draw,1240.8448552667962,1007,dros,random,1240.8448552667962,0.7222812520114792,0.7153918288961995,0.2688043084231668,64.47773603121658,0.0,0.41867427068232355
07,hyperparam_draw,10646.202597068872,1007,dros,random,10646.202597068872,0.7221241092136367,0.7153918288961995,0.2688043084231668,64.47773603121658,0.0,0.30503906653018087
07,hyperparam_draw,22.686325866111858,1007,dros,random,22.686325866111858,0.7194710001403164,0.7153918288961995,0.2688043084231668,64.47773603121658,0.0,0.8025815185774585
07,hyperparam_draw,328.8352185236263,1007,dros,random,328.8352185236263,0.7224191645117893,0.7153918288961995,0.2688043084231668,64.47773603121658,0.0,0.5293532441691352
07,hyperparam_draw,18.3055615868971,1007,dros,random,18.3055615868971,0.7191122108130243,0.7153918288961995,0.2688043084231668,64.47773603121658,0.0,0.8227755765791702
07,hyperparam_draw,119.8995307852339,1007,dros,random,119.8995307852339,0.7218020211508477,0.7153918288961995,0.2688043084231668,64.47773603121658,0.0,0.6305319795779761
07,hyperparam_draw,390.36653620137974,1007,dros,random,390.36653620137974,0.7224430442611367,0.7153918288961995,0.2688043084231668,64.47773603121658,0.0,0.5135153805529318
07,hyperparam_draw,893.6800417258528,1007,dros,random,893.6800417258528,0.7223529189828357,0.7153918288961995,0.2688043084231668,64.47773603121658,0.0,0.4435172442755744
07,hyperparam_draw,11.319235923344841,1007,dros,random,11.319235923344841,0.718250609170984,0.7153918288961995,0.2688043084231668,64.47773603121658,0.0,0.8651172645161238
07,hyperparam_draw,7041.002928671585,1007,dros,random,7041.002928671585,0.7221204556893621,0.7153918288961995,0.2688043084231668,64.47773603121658,0.0,0.31924851122754433
07,hyperparam_draw,5615.3003378370395,1007,dros,random,5615.3003378370395,0.7221215213448663,0.7153918288961995,0.2688043084231668,64.47773603121658,0.0,0.3286175125994174
07,hyperparam_draw,140.0921786585836,1007,dros,random,140.0921786585836,0.721951135510549,0.7153918288961995,0.2688043084231668,64.47773603121658,0.0,0.6142280475223518
07,hyperparam_draw,3.726773987350265,1007,dros,random,3.726773987350265,0.7156119926514722,0.7153918288961995,0.2688043084231668,64.47773603121658,0.0,0.9422127079660039
07,hyperparam_draw,14918.266638018822,1007,dros,random,14918.266638018822,0.7221294501505198,0.7153918288961995,0.2688043084231668,64.47773603121658,0.0,0.29601823552099427
07,hyperparam_draw,426.01117460091126,1007,dros,random,426.01117460091126,0.7224476745262376,0.7153918288961995,0.2688043084231668,64.47773603121658,0.0,0.5056246961353985
07,hyperparam_draw,32.38755412520362,1007,dros,random,32.38755412520362,0.7200416880398101,0.7153918288961995,0.2688043084231668,64.47773603121658,0.0,0.7676230588113835
07,hyperparam_draw,13221.354263613832,1007,dros,random,13221.354263613832,0.7221274405548737,0.7153918288961995,0.2688043084231668,64.47773603121658,0.0,0.29900024452014096
07,hyperparam_draw,5.2510419658832115,1007,dros,random,5.2510419658832115,0.7165671684503208,0.7153918288961995,0.2688043084231668,64.47773603121658,0.0,0.9221238131470014
07,hyperparam_draw,2971.8188139132026,1007,dros,random,2971.8188139132026,0.7221488251366137,0.7153918288961995,0.2688043084231668,64.47773603121658,0.0,0.3610969633677364
07,hyperparam_draw,2.1824717072073567,1007,dros,random,2.1824717072073567,0.7137643051681605,0.7153918288961995,0.2688043084231668,64.47773603121658,0.0,0.9655191017832337
07,hyperparam_draw,22.163468255252866,1007,dros,random,22.163468255252866,0.7194325975556297,0.7153918288961995,0.2688043084231668,64.47773603121658,0.0,0.8048103947985263
07,hyperparam_draw,nan,1007,ips,fixed,nan,0.7251781423804832,0.7153918288961995,0.2688043084231668,64.47773603121658,0.0,0.2688043084231668
07,hyperparam_draw,nan,1007,snips,fixed,nan,0.7142182435248823,0.7153918288961995,0.2688043084231668,64.47773603121658,0.0,0.2688043084231668
07,hyperparam_draw,nan,1007,dr,fixed,nan,0.7221576109398032,0.7153918288961995,0.2688043084231668,64.47773603121658,0.0,0.2688043084231668
07,hyperparam_draw,6.559699928524738,1007,clipped_ips,slope,6.559699928524738,0.7114087227693126,0.7153918288961995,0.2688043084231668,64.47773603121658,0.0,0.5532072114641146
07,hyperparam_draw,1.4794696892323413,1007,switch_dr,slope,1.4794696892323413,0.7170158853795174,0.7153918288961995,0.2688043084231668,64.47773603121658,0.0,0.8117395227057372
07,hyperparam_draw,0.49366716552257556,1007,dros,slope,0.49366716552257556,0.7062770709447507,0.7153918288961995,0.2688043084231668,64.47773603121658,0.0,0.9733388279818915
07,hyperparam_draw,2.438571164250798,1008,clipped_ips,random,2.438571164250798,0.6797007164397392,0.7153918288961995,0.20399712966893566,88.2027437581887,0.0,0.7569534142504182
07,hyperparam_draw,60.293509989972506,1008,clipped_ips,random,60.293509989972506,0.7282516403667618,0.7153918288961995,0.20399712966893566,88.2027437581887,0.0,0.24192883648525834
07,hyperparam_draw,27.77851695853878,1008,clipped_ips,random,27.77851695853878,0.7290663903398715,0.7153918288961995,0.20399712966893566,88.2027437581887,0.0,0.3114754769390686
07,hyperparam_draw,22.41868392718169,1008,clipped_ips,random,22.41868392718169,0.7277202758794831,0.7153918288961995,0.20399712966893566,88.2027437581887,0.0,0.33953588916923605
07,hyperparam_draw,61.476842005120524,1008,clipped_ips,random,61.476842005120524,0.7281771968639071,0.7153918288961995,0.20399712966893566,88.2027437581887,0.0,0.2397198598789607
07,hyperparam_draw,121.46258784826273,1008,clipped_ips,random,121.46258784826273,0.7265909686270828,0.7153918288961995,0.20399712966893566,88.2027437581887,0.0,0.20399712966893566
07,hyperparam_draw,34.53122003919034,1008,clipped_ips,random,34.53122003919034,0.7294500132601065,0.7153918288961995,0.20399712966893566,88.2027437581887,0.0,0.2903430105265603
07,hyperparam_draw,3.1784252267591775,1008,clipped_ips,random,3.1784252267591775,0.6922512998371323,0.7153918288961995,0.20399712966893566,88.2027437581887,0.0,0.6963309446450561
07,hyperparam_draw,7.231440321622771,1008,clipped_ips,random,7.231440321622771,0.7162283901336607,0.7153918288961995,0.20399712966893566,88.2027437581887,0.0,0.523755476371671
07,hyperparam_draw,13.883574683278248,1008,clipped_ips,random,13.883574683278248,0.7243882199516248,0.7153918288961995,0.20399712966893566,88.2027437581887,0.0,0.4097791922355041
07,hyperparam_draw,22.31852752052911,1008,clipped_ips,random,22.31852752052911,0.727683909411797,0.7153918288961995,0.20399712966893566,88.2027437581887,0.0,0.3401543728629538
07,hyperparam_draw,11.263595054931061,1008,clipped_ips,random,11.263595054931061,0.72261779564408,0.7153918288961995,0.20399712966893566,88.2027437581887,0.0,0.44386887068664427
07,hyperparam_draw,15.588812037187333,1008,clipped_ips,random,15.588812037187333,0.7251898372376209,0.7153918288961995,0.20399712966893566,88.2027437581887,0.0,0.39202484842660557
07,hyperparam_draw,54.623490387127255,1008,clipped_ips,random,54.623490387127255,0.7286083417110065,0.7153918288961995,0.20399712966893566,88.2027437581887,0.0,0.2524436217865269
07,hyperparam_draw,143.12255147033923,1008,clipped_ips,random,143.12255147033923,0.7265909686270828,0.7153918288961995,0.20399712966893566,88.2027437581887,0.0,0.20399712966893566
07,hyperparam_draw,61.05223414123879,1008,clipped_ips,random,61.05223414123879,0.7282039089754045,0.7153918288961995,0.20399712966893566,88.2027437581887,0.0,0.24051277764159895
07,hyperparam_draw,4.140327367735019,1008,clipped_ips,random,4.140327367735019,0.7025130396039005,0.7153918288961995,0.20399712966893566,88.2027437581887,0.0,0.6367246482299236
07,hyperparam_draw,5.686315957746968,1008,clipped_ips,random,5.686315957746968,0.7113587402167989,0.7153918288961995,0.20399712966893566,88.2027437581887,0.0,0.5700406870558099
07,hyperparam_draw,26.409768873290556,1008,clipped_ips,random,26.409768873290556,0.7287673812677947,0.7153918288961995,0.20399712966893566,88.2027437581887,0.0,0.31819254900922417
07,hyperparam_draw,1.209412622470731,1008,clipped_ips,random,1.209412622470731,0.6264901430659906,0.7153918288961995,0.20399712966893566,88.2027437581887,0.0,0.9020928192546224
07,hyperparam_draw,34.02470726010744,1008,clipped_ips,random,34.02470726010744,0.7294491240701325,0.7153918288961995,0.20399712966893566,88.2027437581887,0.0,0.2916152123166521
07,hyperparam_draw,31.439296302383166,1008,clipped_ips,random,31.439296302383166,0.7294321118039394,0.7153918288961995,0.20399712966893566,88.2027437581887,0.0,0.29806449135698404
07,hyperparam_draw,84.36239591909643,1008,clipped_ips,random,84.36239591909643,0.7267768522705657,0.7153918288961995,0.20399712966893566,88.2027437581887,0.0,0.20645978097408443
07,hyperparam_draw,12.99176984480831,1008,clipped_ips,random,12.99176984480831,0.7238101441678338,0.7153918288961995,0.20399712966893566,88.2027437581887,0.0,0.42088291852016363
07,hyperparam_draw,7.6594852835110805,1008,clipped_ips,random,7.6594852835110805,0.7172206121117826,0.7153918288961995,0.20399712966893566,88.2027437581887,0.0,0.5129087050476784
07,hyperparam_draw,1.8075703560836651,1008,clipped_ips,random,1.8075703560836651,0.6615669988458216,0.7153918288961995,0.20399712966893566,88.2027437581887,0.0,0.8224662440753946
07,hyperparam_draw,14.5740437962039,1008,clipped_ips,random,14.5740437962039,0.7247684483244555,0.7153918288961995,0.20399712966893566,88.2027437581887,0.0,0.4022979390284022
07,hyperparam_draw,72.47064486330972,1008,clipped_ips,random,72.47064486330972,0.7274855759291384,0.7153918288961995,0.20399712966893566,88.2027437581887,0.0,0.21926701133066703
07,hyperparam_draw,1.6859478582811784,1008,clipped_ips,random,1.6859478582811784,0.6565726262634881,0.7153918288961995,0.20399712966893566,88.2027437581887,0.0,0.8371108343653095
07,hyperparam_draw,3.4577499195516634,1008,clipped_ips,random,3.4577499195516634,0.6958155342158523,0.7153918288961995,0.20399712966893566,88.2027437581887,0.0,0.6768974947600243
07,hyperparam_draw,1.3369091212032633,1008,clipped_ips,random,1.3369091212032633,0.63688748705331,0.7153918288961995,0.20399712966893566,88.2027437581887,0.0,0.8834800223200833
07,hyperparam_draw,5.057448003629758,1008,clipped_ips,random,5.057448003629758,0.7084399135737929,0.7153918288961995,0.20399712966893566,88.2027437581887,0.0,0.5939528320160709
07,hyperparam_draw,20.128628257487165,1008,clipped_ips,random,20.128628257487165,0.7268902448619962,0.7153918288961995,0.20399712966893566,88.2027437581887,0.0,0.35382994677759505
07,hyperparam_draw,5.787946076643586,1008,clipped_ips,random,5.787946076643586,0.7117739234772357,0.7153918288961995,0.20399712966893566,88.2027437581887,0.0,0.5664794038121261
07,hyperparam_draw,100.56100165212607,1008,clipped_ips,random,100.56100165212607,0.7265909686270828,0.7153918288961995,0.20399712966893566,88.2027437581887,0.0,0.20399712966893566
07,hyperparam_draw,0.8617946296817904,1008,clipped_ips,random,0.8617946296817904,0.5782186059666219,0.7153918288961995,0.20399712966893566,88.2027437581887,0.0,0.9561282959956994
07,hyperparam_draw,1.593087384855162,1008,clipped_ips,random,1.593087384855162,0.6522962674014536,0.7153918288961995,0.20399712966893566,88.2027437581887,0.0,0.8486670383397995
07,hyperparam_draw,1.5784905458830505,1008,clipped_ips,random,1.5784905458830505,0.6515661122641746,0.7153918288961995,0.20399712966893566,88.2027437581887,0.0,0.8505413234859441
07,hyperparam_draw,2.477528392977849,1008,clipped_ips,random,2.477528392977849,0.6805350222481896,0.7153918288961995,0.20399712966893566,88.2027437581887,0.0,0.7533442397705128
07,hyperparam_draw,30.120960155042553,1008,clipped_ips,random,30.120960155042553,0.7293593733720031,0.7153918288961995,0.20399712966893566,88.2027437581887,0.0,0.30218829327959607
07,hyperparam_draw,5.77631458439802,1008,clipped_ips,random,5.77631458439802,0.7117272731215225,0.7153918288961995,0.20399712966893566,88.2027437581887,0.0,0.5668819864933197
07,hyperparam_draw,45.75863912344061,1008,clipped_ips,random,45.75863912344061,0.7291660301466336,0.7153918288961995,0.20399712966893566,88.2027437581887,0.0,0.26833302817005394
07,hyperparam_draw,1.1106117354949807,1008,clipped_ips,random,1.1106117354949807,0.6165290468066391,0.7153918288961995,0.20399712966893566,88.2027437581887,0.0,0.9171211885615649
07,hyperparam_draw,6.547333878209314,1008,clipped_ips,random,6.547333878209314,0.7144456391498735,0.7153918288961995,0.20399712966893566,88.2027437581887,0.0,0.5423300345103634
07,hyperparam_draw,1.0711711142013376,1008,clipped_ips,random,1.0711711142013376,0.6118714055013174,0.7153918288961995,0.20399712966893566,88.2027437581887,0.0,0.9232975279356946
07,hyperparam_draw,1.3837453580504937,1008,clipped_ips,random,1.3837453580504937,0.6401811549951739,0.7153918288961995,0.20399712966893566,88.2027437581887,0.0,0.8768297078834548
07,hyperparam_draw,31.73974188340125,1008,clipped_ips,random,31.73974188340125,0.7294451127827815,0.7153918288961995,0.20399712966893566,88.2027437581887,0.0,0.2972401421267925
07,hyperparam_draw,3.5975446887475084,1008,clipped_ips,random,3.5975446887475084,0.6973850344955045,0.7153918288961995,0.20399712966893566,88.2027437581887,0.0,0.6679753814673812
07,hyperparam_draw,35.55895474712743,1008,clipped_ips,random,35.55895474712743,0.7294520142136945,0.7153918288961995,0.20399712966893566,88.2027437581887,0.0,0.2877655805116744
07,hyperparam_draw,1.7512405610686559,1008,clipped_ips,random,1.7512405610686559,0.6593121264990243,0.7153918288961995,0.20399712966893566,88.2027437581887,0.0,0.8291973466804188
07,hyperparam_draw,3.809730072455211,1008,clipped_ips,random,3.809730072455211,0.6995641827181995,0.7153918288961995,0.20399712966893566,88.2027437581887,0.0,0.6552263591557685
07,hyperparam_draw,10.098318878561845,1008,clipped_ips,random,10.098318878561845,0.7213325076319028,0.7153918288961995,0.20399712966893566,88.2027437581887,0.0,0.4622161980693579
07,hyperparam_draw,5.747622175875861,1008,clipped_ips,random,5.747622175875861,0.7116116144516431,0.7153918288961995,0.20399712966893566,88.2027437581887,0.0,0.5678810737274756
07,hyperparam_draw,11.220982738701453,1008,clipped_ips,random,11.220982738701453,0.7225815199220562,0.7153918288961995,0.20399712966893566,88.2027437581887,0.0,0.44448282033553393
07,hyperparam_draw,1.4188954806759195,1008,clipped_ips,random,1.4188954806759195,0.6424818562900456,0.7153918288961995,0.20399712966893566,88.2027437581887,0.0,0.871928889642371
07,hyperparam_draw,3.04749336206766,1008,clipped_ips,random,3.04749336206766,0.6904167212506818,0.7153918288961995,0.20399712966893566,88.2027437581887,0.0,0.7060388442702952
07,hyperparam_draw,0.9332757145061551,1008,clipped_ips,random,0.9332757145061551,0.5918877489384378,0.7153918288961995,0.20399712966893566,88.2027437581887,0.0,0.9449916759657537
07,hyperparam_draw,2.240160401615017,1008,clipped_ips,random,2.240160401615017,0.6750215450042533,0.7153918288961995,0.20399712966893566,88.2027437581887,0.0,0.7759035327042115
07,hyperparam_draw,1.368374320869349,1008,clipped_ips,random,1.368374320869349,0.6391442991890871,0.7153918288961995,0.20399712966893566,88.2027437581887,0.0,0.8789811386994352
07,hyperparam_draw,44.52067940891737,1008,clipped_ips,random,44.52067940891737,0.7292439102820161,0.7153918288961995,0.20399712966893566,88.2027437581887,0.0,0.27046426702242216
07,hyperparam_draw,9.258419728636714,1008,switch_dr,random,9.258419728636714,0.7211612360933114,0.7153918288961995,0.20399712966893566,88.2027437581887,0.0,0.564901307737511
07,hyperparam_draw,7.002144269072937,1008,switch_dr,random,7.002144269072937,0.7217928505969622,0.7153918288961995,0.20399712966893566,88.2027437581887,0.0,0.6125336721163962
07,hyperparam_draw,4.2529149751139235,1008,switch_dr,random,4.2529149751139235,0.7221977073112736,0.7153918288961995,0.20399712966893566,88.2027437581887,0.0,0.712692625880875
07,hyperparam_draw,45.43643768388887,1008,switch_dr,random,45.43643768388887,0.727220716304736,0.7153918288961995,0.20399712966893566,88.2027437581887,0.0,0.3113439305165065
07,hyperparam_draw,0.7767074078244456,1008,switch_dr,random,0.7767074078244456,0.714843465996215,0.7153918288961995,0.20399712966893566,88.2027437581887,0.0,0.5919854608104224
07,hyperparam_draw,139.35311590361374,1008,switch_dr,random,139.35311590361374,0.7201154424045423,0.7153918288961995,0.20399712966893566,88.2027437581887,0.0,0.20399712966893566
07,hyperparam_draw,14.874930810480421,1008,switch_dr,random,14.874930810480421,0.7229672016926192,0.7153918288961995,0.20399712966893566,88.2027437581887,0.0,0.47640011473396215
07,hyperparam_draw,153.9185656213926,1008,switch_dr,random,153.9185656213926,0.7201154424045423,0.7153918288961995,0.20399712966893566,88.2027437581887,0.0,0.20399712966893566
07,hyperparam_draw,7.058779350547426,1008,switch_dr,random,7.058779350547426,0.7220921682177244,0.7153918288961995,0.20399712966893566,88.2027437581887,0.0,0.6098849701301002
07,hyperparam_draw,36.894096634469626,1008,switch_dr,random,36.894096634469626,0.7247668485289946,0.7153918288961995,0.20399712966893566,88.2027437581887,0.0,0.32537840356888054
07,hyperparam_draw,3.0956899423328355,1008,switch_dr,random,3.0956899423328355,0.7229362993772911,0.7153918288961995,0.20399712966893566,88.2027437581887,0.0,0.7634803596427039
07,hyperparam_draw,43.64975745596978,1008,switch_dr,random,43.64975745596978,0.727220716304736,0.7153918288961995,0.20399712966893566,88.2027437581887,0.0,0.3113439305165065
07,hyperparam_draw,59.233174982848446,1008,switch_dr,random,59.233174982848446,0.727220716304736,0.7153918288961995,0.20399712966893566,88.2027437581887,0.0,0.3113439305165065
07,hyperparam_draw,37.058900677500674,1008,switch_dr,random,37.058900677500674,0.7247668485289946,0.7153918288961995,0.20399712966893566,88.2027437581887,0.0,0.32537840356888054
07,hyperparam_draw,157.17214967832504,1008,switch_dr,random,157.17214967832504,0.7201154424045423,0.7153918288961995,0.20399712966893566,88.2027437581887,0.0,0.20399712966893566
07,hyperparam_draw,20.78874472290883,1008,switch_dr,random,20.78874472290883,0.7200481178380077,0.7153918288961995,0.20399712966893566,88.2027437581887,0.0,0.42290079543103437
07,hyperparam_draw,1.8396680770934173,1008,switch_dr,random,1.8396680770934173,0.7237676522273296,0.7153918288961995,0.20399712966893566,88.2027437581887,0.0,0.8132678605051629
07,hyperparam_draw,60.256373126318245,1008,switch_dr,random,60.256373126318245,0.727220716304736,0.7153918288961995,0.20399712966893566,88.2027437581887,0.0,0.3113439305165065
07,hyperparam_draw,30.44581280377619,1008,switch_dr,random,30.44581280377619,0.7246783673847688,0.7153918288961995,0.20399712966893566,88.2027437581887,0.0,0.35591557649943345
07,hyperparam_draw,4.002247765934536,1008,switch_dr,random,4.002247765934536,0.7214760500937449,0.7153918288961995,0.20399712966893566,88.2027437581887,0.0,0.7208693472156122
07,hyperparam_draw,14.17438365069668,1008,switch_dr,random,14.17438365069668,0.7219614641734966,0.7153918288961995,0.20399712966893566,88.2027437581887,0.0,0.48814743332329974
07,hyperparam_draw,2.4420301028810094,1008,switch_dr,random,2.4420301028810094,0.724233181128783,0.7153918288961995,0.20399712966893566,88.2027437581887,0.0,0.793279215631122
07,hyperparam_draw,77.45136531241383,1008,switch_dr,random,77.45136531241383,0.7273984409251311,0.7153918288961995,0.20399712966893566,88.2027437581887,0.0,0.26989228207762406
07,hyperparam_draw,165.63995486160096,1008,switch_dr,random,165.63995486160096,0.7201154424045423,0.7153918288961995,0.20399712966893566,88.2027437581887,0.0,0.20399712966893566
07,hyperparam_draw,4.446802853535846,1008,switch_dr,random,4.446802853535846,0.7213396165197665,0.7153918288961995,0.20399712966893566,88.2027437581887,0.0,0.7023107614039618
07,hyperparam_draw,24.6113556664502,1008,switch_dr,random,24.6113556664502,0.7210227996422107,0.7153918288961995,0.20399712966893566,88.2027437581887,0.0,0.40190346895747836
07,hyperparam_draw,4.073967694041973,1008,switch_dr,random,4.073967694041973,0.7218097757910271,0.7153918288961995,0.20399712966893566,88.2027437581887,0.0,0.7192969514183079
07,hyperparam_draw,15.594849866288548,1008,switch_dr,random,15.594849866288548,0.7229672016926192,0.7153918288961995,0.20399712966893566,88.2027437581887,0.0,0.47640011473396215
07,hyperparam_draw,1.975079759207867,1008,switch_dr,random,1.975079759207867,0.7251151953809591,0.7153918288961995,0.20399712966893566,88.2027437581887,0.0,0.8101791464516791
07,hyperparam_draw,15.078654148235112,1008,switch_dr,random,15.078654148235112,0.7229672016926192,0.7153918288961995,0.20399712966893566,88.2027437581887,0.0,0.47640011473396215
07,hyperparam_draw,1.4142570792034388,1008,switch_dr,random,1.4142570792034388,0.7249405721554396,0.7153918288961995,0.20399712966893566,88.2027437581887,0.0,0.8098010436553673
07,hyperparam_draw,100.40494976332292,1008,switch_dr,random,100.40494976332292,0.7201154424045423,0.7153918288961995,0.20399712966893566,88.2027437581887,0.0,0.20399712966893566
07,hyperparam_draw,2.04568087989533,1008,switch_dr,random,2.04568087989533,0.7245736840906242,0.7153918288961995,0.20399712966893566,88.2027437581887,0.0,0.8080163211028651
07,hyperparam_draw,1.8687328598077386,1008,switch_dr,random,1.8687328598077386,0.7246908914361718,0.7153918288961995,0.20399712966893566,88.2027437581887,0.0,0.8125302282649122
07,hyperparam_draw,3.896651421257648,1008,switch_dr,random,3.896651421257648,0.7207372412570364,0.7153918288961995,0.20399712966893566,88.2027437581887,0.0,0.7243685578123217
07,hyperparam_draw,0.9832137252112011,1008,switch_dr,random,0.9832137252112011,0.7201237104415747,0.7153918288961995,0.20399712966893566,88.2027437581887,0.0,0.7396771050299613
07,hyperparam_draw,4.988399805269819,1008,switch_dr,random,4.988399805269819,0.7211492753581983,0.7153918288961995,0.20399712966893566,88.2027437581887,0.0,0.6732672826191718
07,hyperparam_draw,1.595985281917519,1008,switch_dr,random,1.595985281917519,0.7250448266908258,0.7153918288961995,0.20399712966893566,88.2027437581887,0.0,0.8148831876570569
07,hyperparam_draw,2.020662997676541,1008,switch_dr,random,2.020662997676541,0.7246082215633944,0.7153918288961995,0.20399712966893566,88.2027437581887,0.0,0.8091155045445274
07,hyperparam_draw,5.259478604495607,1008,switch_dr,random,5.259478604495607,0.7207749700098197,0.7153918288961995,0.20399712966893566,88.2027437581887,0.0,0.6663139215101722
07,hyperparam_draw,24.428968269762155,1008,switch_dr,random,24.428968269762155,0.7210227996422107,0.7153918288961995,0.20399712966893566,88.2027437581887,0.0,0.40190346895747836
07,hyperparam_draw,13.577713299545094,1008,switch_dr,random,13.577713299545094,0.7228532970322016,0.7153918288961995,0.20399712966893566,88.2027437581887,0.0,0.5032045096215416
07,hyperparam_draw,1.0319419611817329,1008,switch_dr,random,1.0319419611817329,0.7204595984368635,0.7153918288961995,0.20399712966893566,88.2027437581887,0.0,0.7541775283796996
07,hyperparam_draw,3.5486625510819922,1008,switch_dr,random,3.5486625510819922,0.72074031236614,0.7153918288961995,0.20399712966893566,88.2027437581887,0.0,0.7399745762641017
07,hyperparam_draw,3.796818454080263,1008,switch_dr,random,3.796818454080263,0.7205373435064272,0.7153918288961995,0.20399712966893566,88.2027437581887,0.0,0.7257612448586819
07,hyperparam_draw,60.18065829514918,1008,switch_dr,random,60.18065829514918,0.727220716304736,0.7153918288961995,0.20399712966893566,88.2027437581887,0.0,0.3113439305165065
07,hyperparam_draw,157.66697678830818,1008,switch_dr,random,157.66697678830818,0.7201154424045423,0.7153918288961995,0.20399712966893566,88.2027437581887,0.0,0.20399712966893566
07,hyperparam_draw,1.1425301432110309,1008,switch_dr,random,1.1425301432110309,0.7234785449896144,0.7153918288961995,0.20399712966893566,88.2027437581887,0.0,0.7814865067319964
07,hyperparam_draw,17.592219864838093,1008,switch_dr,random,17.592219864838093,0.7215819432811568,0.7153918288961995,0.20399712966893566,88.2027437581887,0.0,0.45722463816927655
07,hyperparam_draw,4.044901878501627,1008,switch_dr,random,4.044901878501627,0.7215412021779529,0.7153918288961995,0.20399712966893566,88.2027437581887,0.0,0.7198258937892961
07,hyperparam_draw,1.5199793702677826,1008,switch_dr,random,1.5199793702677826,0.7248338387142247,0.7153918288961995,0.20399712966893566,88.2027437581887,0.0,0.8136407697149478
07,hyperparam_draw,12.36824904382139,1008,switch_dr,random,12.36824904382139,0.7234320568415384,0.7153918288961995,0.20399712966893566,88.2027437581887,0.0,0.513574764000251
07,hyperparam_draw,7.9399256287631905,1008,switch_dr,random,7.9399256287631905,0.7225718316726181,0.7153918288961995,0.20399712966893566,88.2027437581887,0.0,0.5944463605642056
07,hyperparam_draw,7.937132781535348,1008,switch_dr,random,7.937132781535348,0.7225718316726181,0.7153918288961995,0.20399712966893566,88.2027437581887,0.0,0.5944463605642056
07,hyperparam_draw,25.17302466229016,1008,switch_dr,random,25.17302466229016,0.7220181599505889,0.7153918288961995,0.20399712966893566,88.2027437581887,0.0,0.3939550176031087
07,hyperparam_draw,47.206531840044384,1008,switch_dr,random,47.206531840044384,0.727220716304736,0.7153918288961995,0.20399712966893566,88.2027437581887,0.0,0.3113439305165065
07,hyperparam_draw,74.96141582192524,1008,switch_dr,random,74.96141582192524,0.7273984409251311,0.7153918288961995,0.20399712966893566,88.2027437581887,0.0,0.26989228207762406
07,hyperparam_draw,31.378199436104175,1008,switch_dr,random,31.378199436104175,0.7235932568784917,0.7153918288961995,0.20399712966893566,88.2027437581887,0.0,0.3462772791264565
07,hyperparam_draw,0.9389974720668851,1008,switch_dr,random,0.9389974720668851,0.7190459050678212,0.7153918288961995,0.20399712966893566,88.2027437581887,0.0,0.720167158906925
07,hyperparam_draw,4.432689386200064,1008,switch_dr,random,4.432689386200064,0.7216040617368507,0.7153918288961995,0.20399712966893566,88.2027437581887,0.0,0.7029391408488856
07,hyperparam_draw,3.30098533129294,1008,dros,random,3.30098533129294,0.7193247401837305,0.7153918288961995,0.20399712966893566,88.2027437581887,0.0,0.9487909694009048
07,hyperparam_draw,57.817764111470524,1008,dros,random,57.817764111470524,0.7219815632150588,0.7153918288961995,0.20399712966893566,88.2027437581887,0.0,0.6984592839061415
07,hyperparam_draw,1219.3668617050503,1008,dros,random,1219.3668617050503,0.7235278167690137,0.7153918288961995,0.20399712966893566,88.2027437581887,0.0,0.4086658140007143
07,hyperparam_draw,7.6952386550016865,1008,dros,random,7.6952386550016865,0.7210128106102832,0.7153918288961995,0.20399712966893566,88.2027437581887,0.0,0.8949513226745914
07,hyperparam_draw,2456.8906739259874,1008,dros,random,2456.8906739259874,0.7236465958516133,0.7153918288961995,0.20399712966893566,88.2027437581887,0.0,0.35842087001794914
07,hyperparam_draw,768.0130773542081,1008,dros,random,768.0130773542081,0.7232703905327721,0.7153918288961995,0.20399712966893566,88.2027437581887,0.0,0.4458198549307761
07,hyperparam_draw,1.563411721199132,1008,dros,random,1.563411721199132,0.7163433253930824,0.7153918288961995,0.20399712966893566,88.2027437581887,0.0,0.9741815945218275
07,hyperparam_draw,10541.290024322994,1008,dros,random,10541.290024322994,0.7224637799600728,0.7153918288961995,0.20399712966893566,88.2027437581887,0.0,0.2727761831946042
07,hyperparam_draw,25.05312371775367,1008,dros,random,25.05312371775367,0.721742394015856,0.7153918288961995,0.20399712966893566,88.2027437581887,0.0,0.7863043402245334
07,hyperparam_draw,2254.104288920041,1008,dros,random,2254.104288920041,0.7236565260695029,0.7153918288961995,0.20399712966893566,88.2027437581887,0.0,0.36424981548096774
07,hyperparam_draw,16734.634879563862,1008,dros,random,16734.634879563862,0.7219094013817775,0.7153918288961995,0.20399712966893566,88.2027437581887,0.0,0.25275457946308955
07,hyperparam_draw,5811.588435842407,1008,dros,random,5811.588435842407,0.7231340941561605,0.7153918288961995,0.20399712966893566,88.2027437581887,0.0,0.3045267178380802
07,hyperparam_draw,66.86675775198653,1008,dros,random,66.86675775198653,0.7220264604714746,0.7153918288961995,0.20399712966893566,88.2027437581887,0.0,0.6830657857636682
07,hyperparam_draw,70.95247666539711,1008,dros,random,70.95247666539711,0.7220454330934155,0.7153918288961995,0.20399712966893566,88.2027437581887,0.0,0.6768005881352496
07,hyperparam_draw,1.1701955668612987,1008,dros,random,1.1701955668612987,0.7147765824708782,0.7153918288961995,0.20399712966893566,88.2027437581887,0.0,0.9781507709827795
07,hyperparam_draw,7886.592901876186,1008,dros,random,7886.592901876186,0.7228076324355748,0.7153918288961995,0.20399712966893566,88.2027437581887,0.0,0.2875216624312954
07,hyperparam_draw,1226.9833804132177,1008,dros,random,1226.9833804132177,0.7235305912450415,0.7153918288961995,0.20399712966893566,88.2027437581887,0.0,0.4081880569674101
07,hyperparam_draw,3.945788229732236,1008,dros,random,3.945788229732236,0.7198123779150374,0.7153918288961995,0.20399712966893566,88.2027437581887,0.0,0.9395491634664668
07,hyperparam_draw,2.031706526888857,1008,dros,random,2.031706526888857,0.7175665351012124,0.7153918288961995,0.20399712966893566,88.2027437581887,0.0,0.9677691573481844
07,hyperparam_draw,9.137277301779863,1008,dros,random,9.137277301779863,0.7211962845666893,0.7153918288961995,0.20399712966893566,88.2027437581887,0.0,0.8811693010449361
07,hyperparam_draw,125.31289983992139,1008,dros,random,125.31289983992139,0.7222505515398955,0.7153918288961995,0.20399712966893566,88.2027437581887,0.0,0.6174593039295753
07,hyperparam_draw,102.8711065333548,1008,dros,random,102.8711065333548,0.7221742538686671,0.7153918288961995,0.20399712966893566,88.2027437581887,0.0,0.6378599031329709
07,hyperparam_draw,17288.103373374393,1008,dros,random,17288.103373374393,0.7218718755405076,0.7153918288961995,0.20399712966893566,88.2027437581887,0.0,0.2515183010070152
07,hyperparam_draw,5.824586792985531,1008,dros,random,5.824586792985531,0.7206183444341534,0.7153918288961995,0.20399712966893566,88.2027437581887,0.0,0.9153764559182064
07,hyperparam_draw,1.6901572307738442,1008,dros,random,1.6901572307738442,0.7167271708492147,0.7153918288961995,0.20399712966893566,88.2027437581887,0.0,0.9725558891570185
07,hyperparam_draw,7452.742886816474,1008,dros,random,7452.742886816474,0.7228717169012012,0.7153918288961995,0.20399712966893566,88.2027437581887,0.0,0.2905676706419353
07,hyperparam_draw,984.6999394690199,1008,dros,random,984.6999394690199,0.7234196583345607,0.7153918288961995,0.20399712966893566,88.2027437581887,0.0,0.42543211569616934
07,hyperparam_draw,46.32743287077339,1008,dros,random,46.32743287077339,0.721916876240398,0.7153918288961995,0.20399712966893566,88.2027437581887,0.0,0.7219493802929999
07,hyperparam_draw,6.098365525142804,1008,dros,random,6.098365525142804,0.7206927285609344,0.7153918288961995,0.20399712966893566,88.2027437581887,0.0,0.912180321065291
07,hyperparam_draw,3520.627103823876,1008,dros,random,3520.627103823876,0.7235209953997641,0.7153918288961995,0.20399712966893566,88.2027437581887,0.0,0.33495803563639887
07,hyperparam_draw,75.36156399254862,1008,dros,random,75.36156399254862,0.7220651402933161,0.7153918288961995,0.20399712966893566,88.2027437581887,0.0,0.6704427703191909
07,hyperparam_draw,3.7926094103777506,1008,dros,random,3.7926094103777506,0.719711062115787,0.7153918288961995,0.20399712966893566,88.2027437581887,0.0,0.9417022766062076
07,hyperparam_draw,8161.54229564478,1008,dros,random,8161.54229564478,0.7227682090862135,0.7153918288961995,0.20399712966893566,88.2027437581887,0.0,0.28570232076350055
07,hyperparam_draw,661.1188834843337,1008,dros,random,661.1188834843337,0.7231734361187143,0.7153918288961995,0.20399712966893566,88.2027437581887,0.0,0.4585650289017027
07,hyperparam_draw,474.55605896862437,1008,dros,random,474.55605896862437,0.7229548699669491,0.7153918288961995,0.20399712966893566,88.2027437581887,0.0,0.4878761400972964
07,hyperparam_draw,201.13395610688343,1008,dros,random,201.13395610688343,0.722460220764587,0.7153918288961995,0.20399712966893566,88.2027437581887,0.0,0.5696216420708476
07,hyperparam_draw,22.335631773403048,1008,dros,random,22.335631773403048,0.721705664782639,0.7153918288961995,0.20399712966893566,88.2027437581887,0.0,0.7979925223940293
07,hyperparam_draw,70.91683452742693,1008,dros,random,70.91683452742693,0.7220452706541471,0.7153918288961995,0.20399712966893566,88.2027437581887,0.0,0.6768536256118431
07,hyperparam_draw,8221.094877218291,1008,dros,random,8221.094877218291,0.7227597912810707,0.7153918288961995,0.20399712966893566,88.2027437581887,0.0,0.28531887399342215
07,hyperparam_draw,1107.94325461876,1008,dros,random,1107.94325461876,0.7234822602250486,0.7153918288961995,0.20399712966893566,88.2027437581887,0.0,0.41609407165654094
07,hyperparam_draw,25.231533459722684,1008,dros,random,25.231533459722684,0.7217445760136969,0.7153918288961995,0.20399712966893566,88.2027437581887,0.0,0.7855770875922543
07,hyperparam_draw,530.6569811604376,1008,dros,random,530.6569811604376,0.7230281987912107,0.7153918288961995,0.20399712966893566,88.2027437581887,0.0,0.47783475963946276
07,hyperparam_draw,2.5130359778001408,1008,dros,random,2.5130359778001408,0.7184172647417074,0.7153918288961995,0.20399712966893566,88.2027437581887,0.0,0.9605819003281456
07,hyperparam_draw,5808.653694467873,1008,dros,random,5808.653694467873,0.7231345885032195,0.7153918288961995,0.20399712966893566,88.2027437581887,0.0,0.30455593323366176
07,hyperparam_draw,1726.03346551963,1008,dros,random,1726.03346551963,0.7236404973402468,0.7153918288961995,0.20399712966893566,88.2027437581887,0.0,0.3828973833638745
07,hyperparam_draw,748.1873839620699,1008,dros,random,748.1873839620699,0.7232537263495962,0.7153918288961995,0.20399712966893566,88.2027437581887,0.0,0.4480200529887941
07,hyperparam_draw,592.5159787258438,1008,dros,random,592.5159787258438,0.7231011475218213,0.7153918288961995,0.20399712966893566,88.2027437581887,0.0,0.46808602684266015
07,hyperparam_draw,1.8976937174243371,1008,dros,random,1.8976937174243371,0.717266435185858,0.7153918288961995,0.20399712966893566,88.2027437581887,0.0,0.9696993740327366
07,hyperparam_draw,12246.780510654691,1008,dros,random,12246.780510654691,0.7222816267758972,0.7153918288961995,0.20399712966893566,88.2027437581887,0.0,0.2657864631562363
07,hyperparam_draw,13.343133182690268,1008,dros,random,13.343133182690268,0.7214810084356713,0.7153918288961995,0.20399712966893566,88.2027437581887,0.0,0.8479878783725995
07,hyperparam_draw,1.8571184645863434,1008,dros,random,1.8571184645863434,0.7171686471012471,0.7153918288961995,0.20399712966893566,88.2027437581887,0.0,0.9702725147793124
07,hyperparam_draw,11.772386723030278,1008,dros,random,11.772386723030278,0.7214020017507834,0.7153918288961995,0.20399712966893566,88.2027437581887,0.0,0.8593554740309297
07,hyperparam_draw,2824.88249190845,1008,dros,random,2824.88249190845,0.7236140497658887,0.7153918288961995,0.20399712966893566,88.2027437581887,0.0,0.3491552898923757
07,hyperparam_draw,2810.3529282582895,1008,dros,random,2810.3529282582895,0.7236156179545081,0.7153918288961995,0.20399712966893566,88.2027437581887,0.0,0.3494938465728354
07,hyperparam_draw,0.6130830618275533,1008,dros,random,0.6130830618275533,0.7106470074050062,0.7153918288961995,0.20399712966893566,88.2027437581887,0.0,0.9758928180689705
07,hyperparam_draw,1.111929944441489,1008,dros,random,1.111929944441489,0.714478914905163,0.7153918288961995,0.20399712966893566,88.2027437581887,0.0,0.9785169486572857
07,hyperparam_draw,655.7373553674996,1008,dros,random,655.7373553674996,0.723168068646372,0.7153918288961995,0.20399712966893566,88.2027437581887,0.0,0.45926948749394886
07,hyperparam_draw,26.04771541473755,1008,dros,random,26.04771541473755,0.7217542592279788,0.7153918288961995,0.20399712966893566,88.2027437581887,0.0,0.7823079156552413
07,hyperparam_draw,11509.323526064332,1008,dros,random,11509.323526064332,0.7223570921864012,0.7153918288961995,0.20399712966893566,88.2027437581887,0.0,0.2686257335038818
07,hyperparam_draw,8.44140746825756,1008,dros,random,8.44140746825756,0.7211166675782941,0.7153918288961995,0.20399712966893566,88.2027437581887,0.0,0.8876319938453436
07,hyperparam_draw,nan,1008,ips,fixed,nan,0.7265909686270828,0.7153918288961995,0.20399712966893566,88.2027437581887,0.0,0.20399712966893566
07,hyperparam_draw,nan,1008,snips,fixed,nan,0.7031903267482351,0.7153918288961995,0.20399712966893566,88.2027437581887,0.0,0.20399712966893566
07,hyperparam_draw,nan,1008,dr,fixed,nan,0.7201154424045423,0.7153918288961995,0.20399712966893566,88.2027437581887,0.0,0.20399712966893566
07,hyperparam_draw,7.4981667864901995,1008,clipped_ips,slope,7.4981667864901995,0.7168541758334288,0.7153918288961995,0.20399712966893566,88.2027437581887,0.0,0.5169760868601183
07,hyperparam_draw,1.545882921834988,1008,switch_dr,slope,1.545882921834988,0.7251726838031909,0.7153918288961995,0.20399712966893566,88.2027437581887,0.0,0.814151989047947
07,hyperparam_draw,0.49269108217793417,1008,dros,slope,0.49269108217793417,0.7091367387255997,0.7153918288961995,0.20399712966893566,88.2027437581887,0.0,0.9720734031575259
07,hyperparam_draw,8.772721952852182,1009,clipped_ips,random,8.772721952852182,0.6991267697764417,0.7153918288961995,0.2597631594322458,82.03216850395762,0.0,0.5060261822664567
07,hyperparam_draw,2.8269494222757614,1009,clipped_ips,random,2.8269494222757614,0.6745162890874828,0.7153918288961995,0.2597631594322458,82.03216850395762,0.0,0.7298883446639945
07,hyperparam_draw,5.646923108740769,1009,clipped_ips,random,5.646923108740769,0.6931891610910137,0.7153918288961995,0.2597631594322458,82.03216850395762,0.0,0.5863215756657162
07,hyperparam_draw,22.02229416597708,1009,clipped_ips,random,22.02229416597708,0.7074908611817494,0.7153918288961995,0.2597631594322458,82.03216850395762,0.0,0.3586921208425621
07,hyperparam_draw,81.88333477931259,1009,clipped_ips,random,81.88333477931259,0.7130987369836804,0.7153918288961995,0.2597631594322458,82.03216850395762,0.0,0.2599225380142278
07,hyperparam_draw,9.784373828941943,1009,clipped_ips,random,9.784373828941943,0.7002066854811472,0.7153918288961995,0.2597631594322458,82.03216850395762,0.0,0.4870117617488382
07,hyperparam_draw,2.3130359946173944,1009,clipped_ips,random,2.3130359946173944,0.6654901721940353,0.7153918288961995,0.2597631594322458,82.03216850395762,0.0,0.7731007705879331
07,hyperparam_draw,2.825525083813377,1009,clipped_ips,random,2.825525083813377,0.6744965799918383,0.7153918288961995,0.2597631594322458,82.03216850395762,0.0,0.7299953663984049
07,hyperparam_draw,162.41789364522504,1009,clipped_ips,random,162.41789364522504,0.7131043726142529,0.7153918288961995,0.2597631594322458,82.03216850395762,0.0,0.2597631594322458
07,hyperparam_draw,4.954551014323298,1009,clipped_ips,random,4.954551014323298,0.6905269912701298,0.7153918288961995,0.2597631594322458,82.03216850395762,0.0,0.6133494027259107
07,hyperparam_draw,0.7250994377293568,1009,clipped_ips,random,0.7250994377293568,0.5316730483415347,0.7153918288961995,0.2597631594322458,82.03216850395762,0.0,0.9760653854109598
07,hyperparam_draw,0.8489774430535129,1009,clipped_ips,random,0.8489774430535129,0.5668897328196715,0.7153918288961995,0.2597631594322458,82.03216850395762,0.0,0.9573541574758093
07,hyperparam_draw,46.20981958865108,1009,clipped_ips,random,46.20981958865108,0.7111269529907273,0.7153918288961995,0.2597631594322458,82.03216850395762,0.0,0.3060285848724934
07,hyperparam_draw,6.533511935913253,1009,clipped_ips,random,6.533511935913253,0.6956903235856541,0.7153918288961995,0.2597631594322458,82.03216850395762,0.0,0.557569274062245
07,hyperparam_draw,1.8149860710009098,1009,clipped_ips,random,1.8149860710009098,0.6517341613817293,0.7153918288961995,0.2597631594322458,82.03216850395762,0.0,0.8233676354003187
07,hyperparam_draw,118.97324888779518,1009,clipped_ips,random,118.97324888779518,0.7131043726142529,0.7153918288961995,0.2597631594322458,82.03216850395762,0.0,0.2597631594322458
07,hyperparam_draw,2.392517743882832,1009,clipped_ips,random,2.392517743882832,0.6671306365032164,0.7153918288961995,0.2597631594322458,82.03216850395762,0.0,0.7659200127957331
07,hyperparam_draw,4.5155211087440765,1009,clipped_ips,random,4.5155211087440765,0.6884073616965594,0.7153918288961995,0.2597631594322458,82.03216850395762,0.0,0.6329810703307372
07,hyperparam_draw,10.483564311765678,1009,clipped_ips,random,10.483564311765678,0.7008109533622433,0.7153918288961995,0.2597631594322458,82.03216850395762,0.0,0.4751002009777011
07,hyperparam_draw,1.4115818371253426,1009,clipped_ips,random,1.4115818371253426,0.632421726049176,0.7153918288961995,0.2597631594322458,82.03216850395762,0.0,0.8732520234578451
07,hyperparam_draw,87.19423385704486,1009,clipped_ips,random,87.19423385704486,0.7131043726142529,0.7153918288961995,0.2597631594322458,82.03216850395762,0.0,0.2597631594322458
07,hyperparam_draw,52.43984303708128,1009,clipped_ips,random,52.43984303708128,0.7116439227946123,0.7153918288961995,0.2597631594322458,82.03216850395762,0.0,0.2954101712273047
07,hyperparam_draw,89.89326529320728,1009,clipped_ips,random,89.89326529320728,0.7131043726142529,0.7153918288961995,0.2597631594322458,82.03216850395762,0.0,0.2597631594322458
07,hyperparam_draw,147.6569802626294,1009,clipped_ips,random,147.6569802626294,0.7131043726142529,0.7153918288961995,0.2597631594322458,82.03216850395762,0.0,0.2597631594322458
07,hyperparam_draw,105.14111363483303,1009,clipped_ips,random,105.14111363483303,0.7131043726142529,0.7153918288961995,0.2597631594322458,82.03216850395762,0.0,0.2597631594322458
07,hyperparam_draw,5.785166872137492,1009,clipped_ips,random,5.785166872137492,0.6936314167951312,0.7153918288961995,0.2597631594322458,82.03216850395762,0.0,0.5815021015359932
07,hyperparam_draw,41.31889605417071,1009,clipped_ips,random,41.31889605417071,0.7107211022260604,0.7153918288961995,0.2597631594322458,82.03216850395762,0.0,0.3138525601127868
07,hyperparam_draw,2.502011155416998,1009,clipped_ips,random,2.502011155416998,0.6692498783531894,0.7153918288961995,0.2597631594322458,82.03216850395762,0.0,0.756340786999185
07,hyperparam_draw,2.173022620883258,1009,clipped_ips,random,2.173022620883258,0.6623775590689612,0.7153918288961995,0.2597631594322458,82.03216850395762,0.0,0.786134917256703
07,hyperparam_draw,95.61884619651701,1009,clipped_ips,random,95.61884619651701,0.7131043726142529,0.7153918288961995,0.2597631594322458,82.03216850395762,0.0,0.2597631594322458
07,hyperparam_draw,4.444170943159935,1009,clipped_ips,random,4.444170943159935,0.6880377442508501,0.7153918288961995,0.2597631594322458,82.03216850395762,0.0,0.6362730020119771
07,hyperparam_draw,3.4391370368728635,1009,clipped_ips,random,3.4391370368728635,0.681223022881138,0.7153918288961995,0.2597631594322458,82.03216850395762,0.0,0.6892016123278533
07,hyperparam_draw,41.405150113539406,1009,clipped_ips,random,41.405150113539406,0.7107282596219394,0.7153918288961995,0.2597631594322458,82.03216850395762,0.0,0.3137192136046136
07,hyperparam_draw,6.727054546307984,1009,clipped_ips,random,6.727054546307984,0.6960822835215982,0.7153918288961995,0.2597631594322458,82.03216850395762,0.0,0.5520654342591075
07,hyperparam_draw,118.71213629002403,1009,clipped_ips,random,118.71213629002403,0.7131043726142529,0.7153918288961995,0.2597631594322458,82.03216850395762,0.0,0.2597631594322458
07,hyperparam_draw,0.994332739871391,1009,clipped_ips,random,0.994332739871391,0.5926325708263178,0.7153918288961995,0.2597631594322458,82.03216850395762,0.0,0.9347503196592725
07,hyperparam_draw,0.7014814086164849,1009,clipped_ips,random,0.7014814086164849,0.5227801281020185,0.7153918288961995,0.2597631594322458,82.03216850395762,0.0,0.979422944917299
07,hyperparam_draw,45.60418642408777,1009,clipped_ips,random,45.60418642408777,0.7110766973117716,0.7153918288961995,0.2597631594322458,82.03216850395762,0.0,0.3070246639823481
07,hyperparam_draw,1.3429193598826334,1009,clipped_ips,random,1.3429193598826334,0.6277970086923493,0.7153918288961995,0.2597631594322458,82.03216850395762,0.0,0.8827709592672137
07,hyperparam_draw,2.6574157759494317,1009,clipped_ips,random,2.6574157759494317,0.671976483340427,0.7153918288961995,0.2597631594322458,82.03216850395762,0.0,0.7431888841048824
07,hyperparam_draw,26.182966690268696,1009,clipped_ips,random,26.182966690268696,0.7085724690475753,0.7153918288961995,0.2597631594322458,82.03216850395762,0.0,0.3438727300141878
07,hyperparam_draw,2.007833789157059,1009,clipped_ips,random,2.007833789157059,0.6580264217511514,0.7153918288961995,0.2597631594322458,82.03216850395762,0.0,0.8024977379557077
07,hyperparam_draw,158.99413377812493,1009,clipped_ips,random,158.99413377812493,0.7131043726142529,0.7153918288961995,0.2597631594322458,82.03216850395762,0.0,0.2597631594322458
07,hyperparam_draw,16.40606331310772,1009,clipped_ips,random,16.40606331310772,0.7046993805834332,0.7153918288961995,0.2597631594322458,82.03216850395762,0.0,0.3997297917001723
07,hyperparam_draw,2.38597709667145,1009,clipped_ips,random,2.38597709667145,0.6669983864314052,0.7153918288961995,0.2597631594322458,82.03216850395762,0.0,0.7665050035166481
07,hyperparam_draw,8.199156909365556,1009,clipped_ips,random,8.199156909365556,0.6983989892014446,0.7153918288961995,0.2597631594322458,82.03216850395762,0.0,0.5179167747483084
07,hyperparam_draw,3.321649431910916,1009,clipped_ips,random,3.321649431910916,0.6801619913913844,0.7153918288961995,0.2597631594322458,82.03216850395762,0.0,0.6962955144085899
07,hyperparam_draw,26.660814104977934,1009,clipped_ips,random,26.660814104977934,0.7086394518467607,0.7153918288961995,0.2597631594322458,82.03216850395762,0.0,0.34277263792474444
07,hyperparam_draw,15.448793819778563,1009,clipped_ips,random,15.448793819778563,0.7041164601950693,0.7153918288961995,0.2597631594322458,82.03216850395762,0.0,0.40978024749725883
07,hyperparam_draw,1.5537326061543337,1009,clipped_ips,random,1.5537326061543337,0.6404544302995353,0.7153918288961995,0.2597631594322458,82.03216850395762,0.0,0.8545703318531479
07,hyperparam_draw,10.485589841796187,1009,clipped_ips,random,10.485589841796187,0.7008126287498757,0.7153918288961995,0.2597631594322458,82.03216850395762,0.0,0.47506701561714554
07,hyperparam_draw,22.43687042323072,1009,clipped_ips,random,22.43687042323072,0.7076555916484196,0.7153918288961995,0.2597631594322458,82.03216850395762,0.0,0.35653893466276215
07,hyperparam_draw,7.4940290595837284,1009,clipped_ips,random,7.4940290595837284,0.6973941537501641,0.7153918288961995,0.2597631594322458,82.03216850395762,0.0,0.5332923702011224
07,hyperparam_draw,2.891271221813869,1009,clipped_ips,random,2.891271221813869,0.6753877945742229,0.7153918288961995,0.2597631594322458,82.03216850395762,0.0,0.7251204203115919
07,hyperparam_draw,149.47717165420843,1009,clipped_ips,random,149.47717165420843,0.7131043726142529,0.7153918288961995,0.2597631594322458,82.03216850395762,0.0,0.2597631594322458
07,hyperparam_draw,13.920015238482131,1009,clipped_ips,random,13.920015238482131,0.7031892097936919,0.7153918288961995,0.2597631594322458,82.03216850395762,0.0,0.4274033050404076
07,hyperparam_draw,18.67500505538597,1009,clipped_ips,random,18.67500505538597,0.7060489134489493,0.7153918288961995,0.2597631594322458,82.03216850395762,0.0,0.37945859003981325
07,hyperparam_draw,8.09583686058851,1009,clipped_ips,random,8.09583686058851,0.6982538634282546,0.7153918288961995,0.2597631594322458,82.03216850395762,0.0,0.5201338591071439
07,hyperparam_draw,147.00231247975367,1009,clipped_ips,random,147.00231247975367,0.7131043726142529,0.7153918288961995,0.2597631594322458,82.03216850395762,0.0,0.2597631594322458
07,hyperparam_draw,42.61544979105583,1009,clipped_ips,random,42.61544979105583,0.7108286907667187,0.7153918288961995,0.2597631594322458,82.03216850395762,0.0,0.3118296604040057
07,hyperparam_draw,83.33195990652857,1009,switch_dr,random,83.33195990652857,0.7178873762278553,0.7153918288961995,0.2597631594322458,82.03216850395762,0.0,0.2597631594322458
07,hyperparam_draw,8.459832945033918,1009,switch_dr,random,8.459832945033918,0.7129425672989257,0.7153918288961995,0.2597631594322458,82.03216850395762,0.0,0.5943223608661936
07,hyperparam_draw,6.449394493303161,1009,switch_dr,random,6.449394493303161,0.7135109367690837,0.7153918288961995,0.2597631594322458,82.03216850395762,0.0,0.6451376038945577
07,hyperparam_draw,2.2801363117268343,1009,switch_dr,random,2.2801363117268343,0.7164964100776066,0.7153918288961995,0.2597631594322458,82.03216850395762,0.0,0.8028591199513446
07,hyperparam_draw,32.41894900956256,1009,switch_dr,random,32.41894900956256,0.7107330961097839,0.7153918288961995,0.2597631594322458,82.03216850395762,0.0,0.3644987130053956
07,hyperparam_draw,17.18801439628404,1009,switch_dr,random,17.18801439628404,0.7084188885795926,0.7153918288961995,0.2597631594322458,82.03216850395762,0.0,0.48294428902378606
07,hyperparam_draw,18.034930536136233,1009,switch_dr,random,18.034930536136233,0.7083762941904244,0.7153918288961995,0.2597631594322458,82.03216850395762,0.0,0.46510179030806637
07,hyperparam_draw,94.87088608288049,1009,switch_dr,random,94.87088608288049,0.7178873762278553,0.7153918288961995,0.2597631594322458,82.03216850395762,0.0,0.2597631594322458
07,hyperparam_draw,9.395043132300833,1009,switch_dr,random,9.395043132300833,0.7125139335718396,0.7153918288961995,0.2597631594322458,82.03216850395762,0.0,0.5787863351483638
07,hyperparam_draw,13.720790133593704,1009,switch_dr,random,13.720790133593704,0.711625191484568,0.7153918288961995,0.2597631594322458,82.03216850395762,0.0,0.5240205828201104
07,hyperparam_draw,142.87740415994097,1009,switch_dr,random,142.87740415994097,0.7178873762278553,0.7153918288961995,0.2597631594322458,82.03216850395762,0.0,0.2597631594322458
07,hyperparam_draw,135.49038657537662,1009,switch_dr,random,135.49038657537662,0.7178873762278553,0.7153918288961995,0.2597631594322458,82.03216850395762,0.0,0.2597631594322458
07,hyperparam_draw,50.42496522002094,1009,switch_dr,random,50.42496522002094,0.7129135459362959,0.7153918288961995,0.2597631594322458,82.03216850395762,0.0,0.34678901253251077
07,hyperparam_draw,52.31622860126689,1009,switch_dr,random,52.31622860126689,0.7129135459362959,0.7153918288961995,0.2597631594322458,82.03216850395762,0.0,0.34678901253251077
07,hyperparam_draw,1.1051117280360718,1009,switch_dr,random,1.1051117280360718,0.7103106974661776,0.7153918288961995,0.2597631594322458,82.03216850395762,0.0,0.7772840462989334
07,hyperparam_draw,1.6130036009097442,1009,switch_dr,random,1.6130036009097442,0.7141566427449351,0.7153918288961995,0.2597631594322458,82.03216850395762,0.0,0.8186918542135819
07,hyperparam_draw,1.7476299768924457,1009,switch_dr,random,1.7476299768924457,0.713406484517267,0.7153918288961995,0.2597631594322458,82.03216850395762,0.0,0.8183960666149745
07,hyperparam_draw,1.4506010816336745,1009,switch_dr,random,1.4506010816336745,0.7143977690255336,0.7153918288961995,0.2597631594322458,82.03216850395762,0.0,0.8152766858057775
07,hyperparam_draw,0.8667713834892417,1009,switch_dr,random,0.8667713834892417,0.7069079543330885,0.7153918288961995,0.2597631594322458,82.03216850395762,0.0,0.6817816740336957
07,hyperparam_draw,0.9544439851130049,1009,switch_dr,random,0.9544439851130049,0.7098940940076857,0.7153918288961995,0.2597631594322458,82.03216850395762,0.0,0.7306483255153802
07,hyperparam_draw,1.425094544275485,1009,switch_dr,random,1.425094544275485,0.7144130100799899,0.7153918288961995,0.2597631594322458,82.03216850395762,0.0,0.8141485405484418
07,hyperparam_draw,161.85015267198298,1009,switch_dr,random,161.85015267198298,0.7178873762278553,0.7153918288961995,0.2597631594322458,82.03216850395762,0.0,0.2597631594322458
07,hyperparam_draw,11.2395480439658,1009,switch_dr,random,11.2395480439658,0.7127518677373267,0.7153918288961995,0.2597631594322458,82.03216850395762,0.0,0.5490024235911342
07,hyperparam_draw,153.61080218684162,1009,switch_dr,random,153.61080218684162,0.7178873762278553,0.7153918288961995,0.2597631594322458,82.03216850395762,0.0,0.2597631594322458
07,hyperparam_draw,40.93599524278676,1009,switch_dr,random,40.93599524278676,0.7129135459362959,0.7153918288961995,0.2597631594322458,82.03216850395762,0.0,0.34678901253251077
07,hyperparam_draw,59.5373665203714,1009,switch_dr,random,59.5373665203714,0.7129135459362959,0.7153918288961995,0.2597631594322458,82.03216850395762,0.0,0.34678901253251077
07,hyperparam_draw,69.46128851371404,1009,switch_dr,random,69.46128851371404,0.7152031441085114,0.7153918288961995,0.2597631594322458,82.03216850395762,0.0,0.31058583333822926
07,hyperparam_draw,0.7195024789554103,1009,switch_dr,random,0.7195024789554103,0.7006421561674875,0.7153918288961995,0.2597631594322458,82.03216850395762,0.0,0.5176855389382622
07,hyperparam_draw,132.88397651974722,1009,switch_dr,random,132.88397651974722,0.7178873762278553,0.7153918288961995,0.2597631594322458,82.03216850395762,0.0,0.2597631594322458
07,hyperparam_draw,16.849355524778872,1009,switch_dr,random,16.849355524778872,0.7084188885795926,0.7153918288961995,0.2597631594322458,82.03216850395762,0.0,0.48294428902378606
07,hyperparam_draw,80.71042264350918,1009,switch_dr,random,80.71042264350918,0.7152031441085114,0.7153918288961995,0.2597631594322458,82.03216850395762,0.0,0.31058583333822926
07,hyperparam_draw,2.874071661616831,1009,switch_dr,random,2.874071661616831,0.7163166053216874,0.7153918288961995,0.2597631594322458,82.03216850395762,0.0,0.7765797684817951
07,hyperparam_draw,1.0379692839596137,1009,switch_dr,random,1.0379692839596137,0.7102151741719696,0.7153918288961995,0.2597631594322458,82.03216850395762,0.0,0.7599489850843748
07,hyperparam_draw,11.597932667396565,1009,switch_dr,random,11.597932667396565,0.7110874418950146,0.7153918288961995,0.2597631594322458,82.03216850395762,0.0,0.5392460311287777
07,hyperparam_draw,3.774609604197124,1009,switch_dr,random,3.774609604197124,0.7155722921404639,0.7153918288961995,0.2597631594322458,82.03216850395762,0.0,0.7368527026341081
07,hyperparam_draw,36.55849867079171,1009,switch_dr,random,36.55849867079171,0.7107330961097839,0.7153918288961995,0.2597631594322458,82.03216850395762,0.0,0.3644987130053956
07,hyperparam_draw,0.777834006683028,1009,switch_dr,random,0.777834006683028,0.7040253841452527,0.7153918288961995,0.2597631594322458,82.03216850395762,0.0,0.5963355497015905
07,hyperparam_draw,146.77136483015022,1009,switch_dr,random,146.77136483015022,0.7178873762278553,0.7153918288961995,0.2597631594322458,82.03216850395762,0.0,0.2597631594322458
07,hyperparam_draw,2.6335817918654096,1009,switch_dr,random,2.6335817918654096,0.716581046363709,0.7153918288961995,0.2597631594322458,82.03216850395762,0.0,0.7898437658270745
07,hyperparam_draw,1.3890632420155864,1009,switch_dr,random,1.3890632420155864,0.7130365187697655,0.7153918288961995,0.2597631594322458,82.03216850395762,0.0,0.8121233692761993
07,hyperparam_draw,32.34558884647132,1009,switch_dr,random,32.34558884647132,0.7107330961097839,0.7153918288961995,0.2597631594322458,82.03216850395762,0.0,0.3644987130053956
07,hyperparam_draw,2.8825143225419168,1009,switch_dr,random,2.8825143225419168,0.7159035333380747,0.7153918288961995,0.2597631594322458,82.03216850395762,0.0,0.7760914130362632
07,hyperparam_draw,13.943037033862153,1009,switch_dr,random,13.943037033862153,0.711625191484568,0.7153918288961995,0.2597631594322458,82.03216850395762,0.0,0.5240205828201104
07,hyperparam_draw,30.0600093404835,1009,switch_dr,random,30.0600093404835,0.7107330961097839,0.7153918288961995,0.2597631594322458,82.03216850395762,0.0,0.3644987130053956
07,hyperparam_draw,41.448640458880455,1009,switch_dr,random,41.448640458880455,0.7129135459362959,0.7153918288961995,0.2597631594322458,82.03216850395762,0.0,0.34678901253251077
07,hyperparam_draw,7.880613102788106,1009,switch_dr,random,7.880613102788106,0.7130400271137798,0.7153918288961995,0.2597631594322458,82.03216850395762,0.0,0.6019839394653269
07,hyperparam_draw,22.84014414904249,1009,switch_dr,random,22.84014414904249,0.7084925380715617,0.7153918288961995,0.2597631594322458,82.03216850395762,0.0,0.4186530593346989
07,hyperparam_draw,40.07711976993398,1009,switch_dr,random,40.07711976993398,0.7129135459362959,0.7153918288961995,0.2597631594322458,82.03216850395762,0.0,0.34678901253251077
07,hyperparam_draw,25.1071336843316,1009,switch_dr,random,25.1071336843316,0.7103396549724038,0.7153918288961995,0.2597631594322458,82.03216850395762,0.0,0.3807807999760802
07,hyperparam_draw,1.2792694036432668,1009,switch_dr,random,1.2792694036432668,0.7136737459496212,0.7153918288961995,0.2597631594322458,82.03216850395762,0.0,0.8046974396294404
07,hyperparam_draw,21.01811211460107,1009,switch_dr,random,21.01811211460107,0.7104510250455426,0.7153918288961995,0.2597631594322458,82.03216850395762,0.0,0.4255240207377355
07,hyperparam_draw,4.794920332536718,1009,switch_dr,random,4.794920332536718,0.7146984428994176,0.7153918288961995,0.2597631594322458,82.03216850395762,0.0,0.7029469203211782
07,hyperparam_draw,13.352469581848183,1009,switch_dr,random,13.352469581848183,0.7116582352523326,0.7153918288961995,0.2597631594322458,82.03216850395762,0.0,0.5284038506371442
07,hyperparam_draw,3.7325503137214464,1009,switch_dr,random,3.7325503137214464,0.7158328451970551,0.7153918288961995,0.2597631594322458,82.03216850395762,0.0,0.7396581530927178
07,hyperparam_draw,21.536438267677074,1009,switch_dr,random,21.536438267677074,0.7084925380715617,0.7153918288961995,0.2597631594322458,82.03216850395762,0.0,0.4186530593346989
07,hyperparam_draw,24.537857875264244,1009,switch_dr,random,24.537857875264244,0.7108482109574837,0.7153918288961995,0.2597631594322458,82.03216850395762,0.0,0.3884586046484572
07,hyperparam_draw,49.7738915697882,1009,switch_dr,random,49.7738915697882,0.7129135459362959,0.7153918288961995,0.2597631594322458,82.03216850395762,0.0,0.34678901253251077
07,hyperparam_draw,6.62708144202728,1009,switch_dr,random,6.62708144202728,0.7154744771099881,0.7153918288961995,0.2597631594322458,82.03216850395762,0.0,0.6372137640399859
07,hyperparam_draw,1.2321473033227075,1009,switch_dr,random,1.2321473033227075,0.712548596310874,0.7153918288961995,0.2597631594322458,82.03216850395762,0.0,0.7988353751164523
07,hyperparam_draw,71.98352840051992,1009,switch_dr,random,71.98352840051992,0.7152031441085114,0.7153918288961995,0.2597631594322458,82.03216850395762,0.0,0.31058583333822926
07,hyperparam_draw,1439.8168686453412,1009,dros,random,1439.8168686453412,0.7129286883710629,0.7153918288961995,0.2597631594322458,82.03216850395762,0.0,0.4161629634150435
07,hyperparam_draw,949.9527546418807,1009,dros,random,949.9527546418807,0.7124487335822131,0.7153918288961995,0.2597631594322458,82.03216850395762,0.0,0.44539824021038593
07,hyperparam_draw,8.978549228210762,1009,dros,random,8.978549228210762,0.7130440502835633,0.7153918288961995,0.2597631594322458,82.03216850395762,0.0,0.8834953023346871
07,hyperparam_draw,8778.032496748527,1009,dros,random,8778.032496748527,0.7157181377923654,0.7153918288961995,0.2597631594322458,82.03216850395762,0.0,0.32132058499591765
07,hyperparam_draw,32.827281607011315,1009,dros,random,32.827281607011315,0.7133028714114171,0.7153918288961995,0.2597631594322458,82.03216850395762,0.0,0.765971964889368
07,hyperparam_draw,25934.754982029823,1009,dros,random,25934.754982029823,0.7169276538372528,0.7153918288961995,0.2597631594322458,82.03216850395762,0.0,0.2869107428962021
07,hyperparam_draw,396.6241426030536,1009,dros,random,396.6241426030536,0.7119529807500234,0.7153918288961995,0.2597631594322458,82.03216850395762,0.0,0.5188358417099699
07,hyperparam_draw,37.68732132931362,1009,dros,random,37.68732132931362,0.7132322290952527,0.7153918288961995,0.2597631594322458,82.03216850395762,0.0,0.7522800975951621
07,hyperparam_draw,20059.860925478068,1009,dros,random,20059.860925478068,0.7167024528746432,0.7153918288961995,0.2597631594322458,82.03216850395762,0.0,0.2933024590422712
07,hyperparam_draw,7.460791530335785,1009,dros,random,7.460791530335785,0.7128164058750994,0.7153918288961995,0.2597631594322458,82.03216850395762,0.0,0.8977038267420457
07,hyperparam_draw,50.013868483980595,1009,dros,random,50.013868483980595,0.7130543967306133,0.7153918288961995,0.2597631594322458,82.03216850395762,0.0,0.7239194647117192
07,hyperparam_draw,2444.4860510764565,1009,dros,random,2444.4860510764565,0.7136981512578109,0.7153918288961995,0.2597631594322458,82.03216850395762,0.0,0.38378589494256005
07,hyperparam_draw,26841.02969315641,1009,dros,random,26841.02969315641,0.7169549599161043,0.7153918288961995,0.2597631594322458,82.03216850395762,0.0,0.28613599875471757
07,hyperparam_draw,12.625444583989806,1009,dros,random,12.625444583989806,0.7133184557286175,0.7153918288961995,0.2597631594322458,82.03216850395762,0.0,0.855281888437035
07,hyperparam_draw,23975.81518413992,1009,dros,random,23975.81518413992,0.7168627685415697,0.7153918288961995,0.2597631594322458,82.03216850395762,0.0,0.28875195364004513
07,hyperparam_draw,2889.827505736053,1009,dros,random,2889.827505736053,0.7139645888062823,0.7153918288961995,0.2597631594322458,82.03216850395762,0.0,0.37445752676133714
07,hyperparam_draw,6.609081625088619,1009,dros,random,6.609081625088619,0.7126350754658729,0.7153918288961995,0.2597631594322458,82.03216850395762,0.0,0.9065254910759537
07,hyperparam_draw,45.68517879839428,1009,dros,random,45.68517879839428,0.7131153884358084,0.7153918288961995,0.2597631594322458,82.03216850395762,0.0,0.733025707853333
07,hyperparam_draw,17.035704380271618,1009,dros,random,17.035704380271618,0.7134225228852218,0.7153918288961995,0.2597631594322458,82.03216850395762,0.0,0.8286309610899855
07,hyperparam_draw,29.761603793505266,1009,dros,random,29.761603793505266,0.7133450894126809,0.7153918288961995,0.2597631594322458,82.03216850395762,0.0,0.7756145942915585
07,hyperparam_draw,21862.11951941139,1009,dros,random,21862.11951941139,0.7167820818363808,0.7153918288961995,0.2597631594322458,82.03216850395762,0.0,0.2910419943652677
07,hyperparam_draw,52.57014293625857,1009,dros,random,52.57014293625857,0.7130194597782955,0.7153918288961995,0.2597631594322458,82.03216850395762,0.0,0.7188954495061567
07,hyperparam_draw,1152.6020601036398,1009,dros,random,1152.6020601036398,0.7126551732687633,0.7153918288961995,0.2597631594322458,82.03216850395762,0.0,0.43134195223259364
07,hyperparam_draw,3.08787230109206,1009,dros,random,3.08787230109206,0.7108647641487744,0.7153918288961995,0.2597631594322458,82.03216850395762,0.0,0.951758072500175
07,hyperparam_draw,31.58860354324502,1009,dros,random,31.58860354324502,0.7133202726047617,0.7153918288961995,0.2597631594322458,82.03216850395762,0.0,0.7697636984816115
07,hyperparam_draw,5.955710299888374,1009,dros,random,5.955710299888374,0.7124581460610545,0.7153918288961995,0.2597631594322458,82.03216850395762,0.0,0.9137775297024106
07,hyperparam_draw,2652.9749481793674,1009,dros,random,2652.9749481793674,0.7138275555340762,0.7153918288961995,0.2597631594322458,82.03216850395762,0.0,0.37917633320942234
07,hyperparam_draw,7.38510667284137,1009,dros,random,7.38510667284137,0.7128021577165387,0.7153918288961995,0.2597631594322458,82.03216850395762,0.0,0.8984609511094083
07,hyperparam_draw,1.084598981228737,1009,dros,random,1.084598981228737,0.7066844332990956,0.7153918288961995,0.2597631594322458,82.03216850395762,0.0,0.9799609015528009
07,hyperparam_draw,451.27763186811586,1009,dros,random,451.27763186811586,0.7119782312286952,0.7153918288961995,0.2597631594322458,82.03216850395762,0.0,0.5070666817357667
07,hyperparam_draw,937.2177331923735,1009,dros,random,937.2177331923735,0.7124355069092164,0.7153918288961995,0.2597631594322458,82.03216850395762,0.0,0.4464103455890643
07,hyperparam_draw,1107.7041965426627,1009,dros,random,1107.7041965426627,0.7126102464528135,0.7153918288961995,0.2597631594322458,82.03216850395762,0.0,0.43416304832936614
07,hyperparam_draw,3002.5110108259605,1009,dros,random,3002.5110108259605,0.7140263745163371,0.7153918288961995,0.2597631594322458,82.03216850395762,0.0,0.3723776926296152
07,hyperparam_draw,249.1693527024683,1009,dros,random,249.1693527024683,0.7119949639838031,0.7153918288961995,0.2597631594322458,82.03216850395762,0.0,0.5630012048083956
07,hyperparam_draw,5.299450943263671,1009,dros,random,5.299450943263671,0.7122357583940778,0.7153918288961995,0.2597631594322458,82.03216850395762,0.0,0.9215367952152302
07,hyperparam_draw,10690.462196053615,1009,dros,random,10690.462196053615,0.7159877253940317,0.7153918288961995,0.2597631594322458,82.03216850395762,0.0,0.3136220909610862
07,hyperparam_draw,8958.324079718479,1009,dros,random,8958.324079718479,0.7157468524059145,0.7153918288961995,0.2597631594322458,82.03216850395762,0.0,0.3204988900722421
07,hyperparam_draw,340.49795485140567,1009,dros,random,340.49795485140567,0.7119444640270916,0.7153918288961995,0.2597631594322458,82.03216850395762,0.0,0.5330587366369306
07,hyperparam_draw,13.049239331633212,1009,dros,random,13.049239331633212,0.713335824687248,0.7153918288961995,0.2597631594322458,82.03216850395762,0.0,0.8524228057240716
07,hyperparam_draw,239.51734880028442,1009,dros,random,239.51734880028442,0.7120073796733856,0.7153918288961995,0.2597631594322458,82.03216850395762,0.0,0.5668520153164393
07,hyperparam_draw,5.139577881965438,1009,dros,random,5.139577881965438,0.7121731435796087,0.7153918288961995,0.2597631594322458,82.03216850395762,0.0,0.923504804302877
07,hyperparam_draw,4.5013865763306,1009,dros,random,4.5013865763306,0.7118813766247747,0.7153918288961995,0.2597631594322458,82.03216850395762,0.0,0.9316855339824808
07,hyperparam_draw,2715.4914520237103,1009,dros,random,2715.4914520237103,0.7138647115054374,0.7153918288961995,0.2597631594322458,82.03216850395762,0.0,0.37788144365219944
07,hyperparam_draw,14691.974382255414,1009,dros,random,14691.974382255414,0.7163777905093008,0.7153918288961995,0.2597631594322458,82.03216850395762,0.0,0.3025237536257201
07,hyperparam_draw,1.236945881447514,1009,dros,random,1.236945881447514,0.7073013676382848,0.7153918288961995,0.2597631594322458,82.03216850395762,0.0,0.9787250764920417
07,hyperparam_draw,9.61238641718924,1009,dros,random,9.61238641718924,0.7131134744075189,0.7153918288961995,0.2597631594322458,82.03216850395762,0.0,0.8780524556938902
07,hyperparam_draw,5.543530895408636,1009,dros,random,5.543530895408636,0.712324567935653,0.7153918288961995,0.2597631594322458,82.03216850395762,0.0,0.9185921695111879
07,hyperparam_draw,27.339990208072024,1009,dros,random,27.339990208072024,0.7133756708582057,0.7153918288961995,0.2597631594322458,82.03216850395762,0.0,0.7838981119424907
07,hyperparam_draw,0.8189119789695419,1009,dros,random,0.8189119789695419,0.7053098990439707,0.7153918288961995,0.2597631594322458,82.03216850395762,0.0,0.9804484910721867
07,hyperparam_draw,1417.2202511223595,1009,dros,random,1417.2202511223595,0.7129080862571991,0.7153918288961995,0.2597631594322458,82.03216850395762,0.0,0.4172085094887635
07,hyperparam_draw,518.6393205961655,1009,dros,random,518.6393205961655,0.7120243237530741,0.7153918288961995,0.2597631594322458,82.03216850395762,0.0,0.49469410069156877
07,hyperparam_draw,4.426552744078457,1009,dros,random,4.426552744078457,0.7118420651862685,0.7153918288961995,0.2597631594322458,82.03216850395762,0.0,0.932680019084065
07,hyperparam_draw,12615.965060358807,1009,dros,random,12615.965060358807,0.7161981201496221,0.7153918288961995,0.2597631594322458,82.03216850395762,0.0,0.30763194866417387
07,hyperparam_draw,1640.2280076043887,1009,dros,random,1640.2280076043887,0.713104504008039,0.7153918288961995,0.2597631594322458,82.03216850395762,0.0,0.4077349800696519
07,hyperparam_draw,19537.69685881612,1009,dros,random,19537.69685881612,0.7166771776442283,0.7153918288961995,0.2597631594322458,82.03216850395762,0.0,0.29402004895298506
07,hyperparam_draw,4.633959114937352,1009,dros,random,4.633959114937352,0.7119481514095642,0.7153918288961995,0.2597631594322458,82.03216850395762,0.0,0.9299422217588548
07,hyperparam_draw,2.782411413586967,1009,dros,random,2.782411413586967,0.7105347967112823,0.7153918288961995,0.2597631594322458,82.03216850395762,0.0,0.9564249764799928
07,hyperparam_draw,2.747353971509445,1009,dros,random,2.747353971509445,0.7104931971438868,0.7153918288961995,0.2597631594322458,82.03216850395762,0.0,0.9569660132890847
07,hyperparam_draw,55.3656682016177,1009,dros,random,55.3656682016177,0.7129822576664976,0.7153918288961995,0.2597631594322458,82.03216850395762,0.0,0.7136677411410159
07,hyperparam_draw,59.957570030607336,1009,dros,random,59.957570030607336,0.7129235206372911,0.7153918288961995,0.2597631594322458,82.03216850395762,0.0,0.7056194131480593
07,hyperparam_draw,nan,1009,ips,fixed,nan,0.7131043726142529,0.7153918288961995,0.2597631594322458,82.03216850395762,0.0,0.2597631594322458
07,hyperparam_draw,nan,1009,snips,fixed,nan,0.7183868451062069,0.7153918288961995,0.2597631594322458,82.03216850395762,0.0,0.2597631594322458
07,hyperparam_draw,nan,1009,dr,fixed,nan,0.7178873762278553,0.7153918288961995,0.2597631594322458,82.03216850395762,0.0,0.2597631594322458
07,hyperparam_draw,7.263482960226582,1009,clipped_ips,slope,7.263482960226582,0.6970433085153626,0.7153918288961995,0.2597631594322458,82.03216850395762,0.0,0.5385573357215746
07,hyperparam_draw,1.5283058979665016,1009,switch_dr,slope,1.5283058979665016,0.7144820665900076,0.7153918288961995,0.2597631594322458,82.03216850395762,0.0,0.8176379946326573
07,hyperparam_draw,0.49145747536688067,1009,dros,slope,0.49145747536688067,0.7027301228604252,0.7153918288961995,0.2597631594322458,82.03216850395762,0.0,0.9744667474805697
07,hyperparam_draw,37.68505451821082,1010,clipped_ips,random,37.68505451821082,0.7258560549038292,0.7153918288961995,0.2679801652559299,76.07914554414698,0.0,0.32961209578295825
07,hyperparam_draw,29.267025152567026,1010,clipped_ips,random,29.267025152567026,0.7252003660449867,0.7153918288961995,0.2679801652559299,76.07914554414698,0.0,0.3475483683638531
07,hyperparam_draw,85.43356829452715,1010,clipped_ips,random,85.43356829452715,0.7262716845190766,0.7153918288961995,0.2679801652559299,76.07914554414698,0.0,0.2679801652559299
07,hyperparam_draw,0.9266787156036319,1010,clipped_ips,random,0.9266787156036319,0.5848497967507291,0.7153918288961995,0.2679801652559299,76.07914554414698,0.0,0.9444148523347314
07,hyperparam_draw,0.8577276844209064,1010,clipped_ips,random,0.8577276844209064,0.5716760307350264,0.7153918288961995,0.2679801652559299,76.07914554414698,0.0,0.955242752046855
07,hyperparam_draw,5.386054935860294,1010,clipped_ips,random,5.386054935860294,0.7067111405464594,0.7153918288961995,0.2679801652559299,76.07914554414698,0.0,0.5824833379330756
07,hyperparam_draw,32.96933617380673,1010,clipped_ips,random,32.96933617380673,0.7254887428114666,0.7153918288961995,0.2679801652559299,76.07914554414698,0.0,0.34001552865546814
07,hyperparam_draw,1.7980959248209896,1010,clipped_ips,random,1.7980959248209896,0.6551672944585518,0.7153918288961995,0.2679801652559299,76.07914554414698,0.0,0.822000155343098
07,hyperparam_draw,54.86499810167521,1010,clipped_ips,random,54.86499810167521,0.7266473274575943,0.7153918288961995,0.2679801652559299,76.07914554414698,0.0,0.2931293039146735
07,hyperparam_draw,0.7032880137842041,1010,clipped_ips,random,0.7032880137842041,0.5269844721016167,0.7153918288961995,0.2679801652559299,76.07914554414698,0.0,0.9786847468051457
07,hyperparam_draw,2.7601874849303303,1010,clipped_ips,random,2.7601874849303303,0.6811731416541901,0.7153918288961995,0.2679801652559299,76.07914554414698,0.0,0.727225575470061
07,hyperparam_draw,6.965608029418079,1010,clipped_ips,random,6.965608029418079,0.7136171301856017,0.7153918288961995,0.2679801652559299,76.07914554414698,0.0,0.5292974271533293
07,hyperparam_draw,55.92335577839128,1010,clipped_ips,random,55.92335577839128,0.7266494638483154,0.7153918288961995,0.2679801652559299,76.07914554414698,0.0,0.2912447402842499
07,hyperparam_draw,2.3463871939067884,1010,clipped_ips,random,2.3463871939067884,0.6722331474279231,0.7153918288961995,0.2679801652559299,76.07914554414698,0.0,0.7638469922398172
07,hyperparam_draw,6.160700504912864,1010,clipped_ips,random,6.160700504912864,0.7105992222900926,0.7153918288961995,0.2679801652559299,76.07914554414698,0.0,0.5543637841249449
07,hyperparam_draw,6.017390647660233,1010,clipped_ips,random,6.017390647660233,0.7099532086561934,0.7153918288961995,0.2679801652559299,76.07914554414698,0.0,0.5592344560873682
07,hyperparam_draw,2.671855077640064,1010,clipped_ips,random,2.671855077640064,0.6795115846282547,0.7153918288961995,0.2679801652559299,76.07914554414698,0.0,0.7345014502654884
07,hyperparam_draw,2.58768088323107,1010,clipped_ips,random,2.58768088323107,0.677801827961908,0.7153918288961995,0.2679801652559299,76.07914554414698,0.0,0.7416984185272261
07,hyperparam_draw,75.94665374747115,1010,clipped_ips,random,75.94665374747115,0.7262749027929578,0.7153918288961995,0.2679801652559299,76.07914554414698,0.0,0.2681175185724102
07,hyperparam_draw,4.9376215799562475,1010,clipped_ips,random,4.9376215799562475,0.7040751961631778,0.7153918288961995,0.2679801652559299,76.07914554414698,0.0,0.6007630842920428
07,hyperparam_draw,7.274491397628068,1010,clipped_ips,random,7.274491397628068,0.7145318821057199,0.7153918288961995,0.2679801652559299,76.07914554414698,0.0,0.5210587394201068
07,hyperparam_draw,17.354053471463498,1010,clipped_ips,random,17.354053471463498,0.7240899479942372,0.7153918288961995,0.2679801652559299,76.07914554414698,0.0,0.39285076049472306
07,hyperparam_draw,53.35977173209046,1010,clipped_ips,random,53.35977173209046,0.7266442890219882,0.7153918288961995,0.2679801652559299,76.07914554414698,0.0,0.295787046326068
07,hyperparam_draw,1.2125693089278167,1010,clipped_ips,random,1.2125693089278167,0.6201469050231783,0.7153918288961995,0.2679801652559299,76.07914554414698,0.0,0.9003013270905984
07,hyperparam_draw,1.7287040971156864,1010,clipped_ips,random,1.7287040971156864,0.6522417949875738,0.7153918288961995,0.2679801652559299,76.07914554414698,0.0,0.8304126847565636
07,hyperparam_draw,3.488889818017138,1010,clipped_ips,random,3.488889818017138,0.6916419784523252,0.7153918288961995,0.2679801652559299,76.07914554414698,0.0,0.6750836532104381
07,hyperparam_draw,54.26046864297074,1010,clipped_ips,random,54.26046864297074,0.7266461071601896,0.7153918288961995,0.2679801652559299,76.07914554414698,0.0,0.294200016221862
07,hyperparam_draw,25.20730037926197,1010,clipped_ips,random,25.20730037926197,0.7248467690106825,0.7153918288961995,0.2679801652559299,76.07914554414698,0.0,0.35666194918061417
07,hyperparam_draw,140.08609049079715,1010,clipped_ips,random,140.08609049079715,0.7262716845190766,0.7153918288961995,0.2679801652559299,76.07914554414698,0.0,0.2679801652559299
07,hyperparam_draw,26.48387992298288,1010,clipped_ips,random,26.48387992298288,0.7249640977954147,0.7153918288961995,0.2679801652559299,76.07914554414698,0.0,0.3536322761557659
07,hyperparam_draw,1.8628508882998926,1010,clipped_ips,random,1.8628508882998926,0.6576751997529675,0.7153918288961995,0.2679801652559299,76.07914554414698,0.0,0.8144184673094147
07,hyperparam_draw,30.146600411571892,1010,clipped_ips,random,30.146600411571892,0.7252688770554373,0.7153918288961995,0.2679801652559299,76.07914554414698,0.0,0.3458160814476531
07,hyperparam_draw,13.969809128228864,1010,clipped_ips,random,13.969809128228864,0.7229865819537171,0.7153918288961995,0.2679801652559299,76.07914554414698,0.0,0.4194265434914636
07,hyperparam_draw,13.714229984579683,1010,clipped_ips,random,13.714229984579683,0.7228407701077157,0.7153918288961995,0.2679801652559299,76.07914554414698,0.0,0.42182911793334604
07,hyperparam_draw,60.53174851490969,1010,clipped_ips,random,60.53174851490969,0.7266493364419478,0.7153918288961995,0.2679801652559299,76.07914554414698,0.0,0.283239020738677
07,hyperparam_draw,1.2455466573162526,1010,clipped_ips,random,1.2455466573162526,0.6229928972830561,0.7153918288961995,0.2679801652559299,76.07914554414698,0.0,0.8954379530022959
07,hyperparam_draw,65.36586455969476,1010,clipped_ips,random,65.36586455969476,0.7265319140067801,0.7153918288961995,0.2679801652559299,76.07914554414698,0.0,0.27870297871808886
07,hyperparam_draw,38.97101386391981,1010,clipped_ips,random,38.97101386391981,0.7259562195836232,0.7153918288961995,0.2679801652559299,76.07914554414698,0.0,0.32664459242526284
07,hyperparam_draw,115.14937702975303,1010,clipped_ips,random,115.14937702975303,0.7262716845190766,0.7153918288961995,0.2679801652559299,76.07914554414698,0.0,0.2679801652559299
07,hyperparam_draw,96.6825260754467,1010,clipped_ips,random,96.6825260754467,0.7262716845190766,0.7153918288961995,0.2679801652559299,76.07914554414698,0.0,0.2679801652559299
07,hyperparam_draw,21.60065763483354,1010,clipped_ips,random,21.60065763483354,0.724550195764171,0.7153918288961995,0.2679801652559299,76.07914554414698,0.0,0.37067141389125813
07,hyperparam_draw,1.8438998304258287,1010,clipped_ips,random,1.8438998304258287,0.656963603577676,0.7153918288961995,0.2679801652559299,76.07914554414698,0.0,0.8166197453443096
07,hyperparam_draw,34.547294536414995,1010,clipped_ips,random,34.547294536414995,0.7256116515913174,0.7153918288961995,0.2679801652559299,76.07914554414698,0.0,0.3366258401182795
07,hyperparam_draw,4.111080729445709,1010,clipped_ips,random,4.111080729445709,0.6979223242235401,0.7153918288961995,0.2679801652559299,76.07914554414698,0.0,0.6391912701407662
07,hyperparam_draw,42.08451635107346,1010,clipped_ips,random,42.08451635107346,0.726198733455235,0.7153918288961995,0.2679801652559299,76.07914554414698,0.0,0.31927135340189555
07,hyperparam_draw,17.460057902777308,1010,clipped_ips,random,17.460057902777308,0.7241036281877977,0.7153918288961995,0.2679801652559299,76.07914554414698,0.0,0.3922084865934234
07,hyperparam_draw,20.728095152939606,1010,clipped_ips,random,20.728095152939606,0.7244743438660453,0.7153918288961995,0.2679801652559299,76.07914554414698,0.0,0.37481972161985116
07,hyperparam_draw,46.55521831350365,1010,clipped_ips,random,46.55521831350365,0.726546960972703,0.7153918288961995,0.2679801652559299,76.07914554414698,0.0,0.3083163565255373
07,hyperparam_draw,79.13030862771897,1010,clipped_ips,random,79.13030862771897,0.7262716845190766,0.7153918288961995,0.2679801652559299,76.07914554414698,0.0,0.2679801652559299
07,hyperparam_draw,1.186709651321695,1010,clipped_ips,random,1.186709651321695,0.6177894482752528,0.7153918288961995,0.2679801652559299,76.07914554414698,0.0,0.9041515808687128
07,hyperparam_draw,1.7539501436486253,1010,clipped_ips,random,1.7539501436486253,0.6533297127312719,0.7153918288961995,0.2679801652559299,76.07914554414698,0.0,0.8273158980001719
07,hyperparam_draw,1.4229354916274213,1010,clipped_ips,random,1.4229354916274213,0.636011799189459,0.7153918288961995,0.2679801652559299,76.07914554414698,0.0,0.8702630549000125
07,hyperparam_draw,23.36636264068383,1010,clipped_ips,random,23.36636264068383,0.7247323287938067,0.7153918288961995,0.2679801652559299,76.07914554414698,0.0,0.36244757305117103
07,hyperparam_draw,31.98148047014164,1010,clipped_ips,random,31.98148047014164,0.7254117977271834,0.7153918288961995,0.2679801652559299,76.07914554414698,0.0,0.34208558394752664
07,hyperparam_draw,5.137102633537499,1010,clipped_ips,random,5.137102633537499,0.7053138364767999,0.7153918288961995,0.2679801652559299,76.07914554414698,0.0,0.5923377628053175
07,hyperparam_draw,1.2834725692946474,1010,clipped_ips,random,1.2834725692946474,0.62607793806733,0.7153918288961995,0.2679801652559299,76.07914554414698,0.0,0.8899096063683659
07,hyperparam_draw,4.856549110852296,1010,clipped_ips,random,4.856549110852296,0.7035401768027751,0.7153918288961995,0.2679801652559299,76.07914554414698,0.0,0.6043278053379075
07,hyperparam_draw,6.656005727393087,1010,clipped_ips,random,6.656005727393087,0.7125761656500954,0.7153918288961995,0.2679801652559299,76.07914554414698,0.0,0.5383756147859958
07,hyperparam_draw,0.8577840974601655,1010,clipped_ips,random,0.8577840974601655,0.571687955764594,0.7153918288961995,0.2679801652559299,76.07914554414698,0.0,0.9552339774191485
07,hyperparam_draw,9.50031320233421,1010,clipped_ips,random,9.50031320233421,0.7189671917641092,0.7153918288961995,0.2679801652559299,76.07914554414698,0.0,0.4746571616577242
07,hyperparam_draw,43.387940857329134,1010,switch_dr,random,43.387940857329134,0.7241666055895457,0.7153918288961995,0.2679801652559299,76.07914554414698,0.0,0.37554761212116555
07,hyperparam_draw,0.7570806949226851,1010,switch_dr,random,0.7570806949226851,0.7086373933561981,0.7153918288961995,0.2679801652559299,76.07914554414698,0.0,0.5735409889762616
07,hyperparam_draw,82.19824800587978,1010,switch_dr,random,82.19824800587978,0.7258798952911621,0.7153918288961995,0.2679801652559299,76.07914554414698,0.0,0.2679801652559299
07,hyperparam_draw,7.825568536104914,1010,switch_dr,random,7.825568536104914,0.7227172500968363,0.7153918288961995,0.2679801652559299,76.07914554414698,0.0,0.5926949047310084
07,hyperparam_draw,85.73889309855153,1010,switch_dr,random,85.73889309855153,0.7258798952911621,0.7153918288961995,0.2679801652559299,76.07914554414698,0.0,0.2679801652559299
07,hyperparam_draw,115.4457053467281,1010,switch_dr,random,115.4457053467281,0.7258798952911621,0.7153918288961995,0.2679801652559299,76.07914554414698,0.0,0.2679801652559299
07,hyperparam_draw,3.0984367959274532,1010,switch_dr,random,3.0984367959274532,0.7178192069138886,0.7153918288961995,0.2679801652559299,76.07914554414698,0.0,0.7615499473637316
07,hyperparam_draw,99.32214614298746,1010,switch_dr,random,99.32214614298746,0.7258798952911621,0.7153918288961995,0.2679801652559299,76.07914554414698,0.0,0.2679801652559299
07,hyperparam_draw,3.6708588307608268,1010,switch_dr,random,3.6708588307608268,0.7179446657550461,0.7153918288961995,0.2679801652559299,76.07914554414698,0.0,0.7349839771338419
07,hyperparam_draw,14.078121148074201,1010,switch_dr,random,14.078121148074201,0.7252894140544738,0.7153918288961995,0.2679801652559299,76.07914554414698,0.0,0.484939578589334
07,hyperparam_draw,8.714769038482048,1010,switch_dr,random,8.714769038482048,0.7252507937486188,0.7153918288961995,0.2679801652559299,76.07914554414698,0.0,0.5686964008473407
07,hyperparam_draw,5.341276442057211,1010,switch_dr,random,5.341276442057211,0.7194081477855069,0.7153918288961995,0.2679801652559299,76.07914554414698,0.0,0.6695720801070882
07,hyperparam_draw,28.68561186296535,1010,switch_dr,random,28.68561186296535,0.7241666055895457,0.7153918288961995,0.2679801652559299,76.07914554414698,0.0,0.37554761212116555
07,hyperparam_draw,3.603280710939814,1010,switch_dr,random,3.603280710939814,0.7180283247003416,0.7153918288961995,0.2679801652559299,76.07914554414698,0.0,0.739279573673121
07,hyperparam_draw,11.739706255042728,1010,switch_dr,random,11.739706255042728,0.7251051652168353,0.7153918288961995,0.2679801652559299,76.07914554414698,0.0,0.5146883491015509
07,hyperparam_draw,25.953591915391126,1010,switch_dr,random,25.953591915391126,0.7245760090444997,0.7153918288961995,0.2679801652559299,76.07914554414698,0.0,0.3850577213431105
07,hyperparam_draw,3.3015858512298863,1010,switch_dr,random,3.3015858512298863,0.7187829161378709,0.7153918288961995,0.2679801652559299,76.07914554414698,0.0,0.7510683397477456
07,hyperparam_draw,3.478949516185619,1010,switch_dr,random,3.478949516185619,0.7179033632503823,0.7153918288961995,0.2679801652559299,76.07914554414698,0.0,0.7424599881265748
07,hyperparam_draw,2.4881532795857306,1010,switch_dr,random,2.4881532795857306,0.7154262864105455,0.7153918288961995,0.2679801652559299,76.07914554414698,0.0,0.7905247982639847
07,hyperparam_draw,76.29222085950903,1010,switch_dr,random,76.29222085950903,0.7258798952911621,0.7153918288961995,0.2679801652559299,76.07914554414698,0.0,0.2679801652559299
07,hyperparam_draw,1.0170420869413472,1010,switch_dr,random,1.0170420869413472,0.7159075781040765,0.7153918288961995,0.2679801652559299,76.07914554414698,0.0,0.7528229065243484
07,hyperparam_draw,25.663771589559254,1010,switch_dr,random,25.663771589559254,0.7245760090444997,0.7153918288961995,0.2679801652559299,76.07914554414698,0.0,0.3850577213431105
07,hyperparam_draw,139.828382991379,1010,switch_dr,random,139.828382991379,0.7258798952911621,0.7153918288961995,0.2679801652559299,76.07914554414698,0.0,0.2679801652559299
07,hyperparam_draw,32.97835178880643,1010,switch_dr,random,32.97835178880643,0.7241666055895457,0.7153918288961995,0.2679801652559299,76.07914554414698,0.0,0.37554761212116555
07,hyperparam_draw,0.8790276671205666,1010,switch_dr,random,0.8790276671205666,0.7139765880134635,0.7153918288961995,0.2679801652559299,76.07914554414698,0.0,0.6915014323115257
07,hyperparam_draw,0.7113414568268869,1010,switch_dr,random,0.7113414568268869,0.705704460194415,0.7153918288961995,0.2679801652559299,76.07914554414698,0.0,0.5113150453279492
07,hyperparam_draw,32.4389973992394,1010,switch_dr,random,32.4389973992394,0.7241666055895457,0.7153918288961995,0.2679801652559299,76.07914554414698,0.0,0.37554761212116555
07,hyperparam_draw,83.04008588173635,1010,switch_dr,random,83.04008588173635,0.7258798952911621,0.7153918288961995,0.2679801652559299,76.07914554414698,0.0,0.2679801652559299
07,hyperparam_draw,18.298458926165594,1010,switch_dr,random,18.298458926165594,0.7270192467380121,0.7153918288961995,0.2679801652559299,76.07914554414698,0.0,0.43593827731903184
07,hyperparam_draw,105.46494705305466,1010,switch_dr,random,105.46494705305466,0.7258798952911621,0.7153918288961995,0.2679801652559299,76.07914554414698,0.0,0.2679801652559299
07,hyperparam_draw,55.27236782898909,1010,switch_dr,random,55.27236782898909,0.7272018278494552,0.7153918288961995,0.2679801652559299,76.07914554414698,0.0,0.3484171872931565
07,hyperparam_draw,63.499239290662565,1010,switch_dr,random,63.499239290662565,0.7284267579568167,0.7153918288961995,0.2679801652559299,76.07914554414698,0.0,0.3122649319327916
07,hyperparam_draw,34.64963199662209,1010,switch_dr,random,34.64963199662209,0.7241666055895457,0.7153918288961995,0.2679801652559299,76.07914554414698,0.0,0.37554761212116555
07,hyperparam_draw,32.531115873517564,1010,switch_dr,random,32.531115873517564,0.7241666055895457,0.7153918288961995,0.2679801652559299,76.07914554414698,0.0,0.37554761212116555
07,hyperparam_draw,10.276843833228094,1010,switch_dr,random,10.276843833228094,0.7235763456659119,0.7153918288961995,0.2679801652559299,76.07914554414698,0.0,0.5357845389843358
07,hyperparam_draw,15.034147013969987,1010,switch_dr,random,15.034147013969987,0.7270399781040086,0.7153918288961995,0.2679801652559299,76.07914554414698,0.0,0.4733196079024332
07,hyperparam_draw,15.92165124758044,1010,switch_dr,random,15.92165124758044,0.7269257718980101,0.7153918288961995,0.2679801652559299,76.07914554414698,0.0,0.46509450265765157
07,hyperparam_draw,1.7019340681750645,1010,switch_dr,random,1.7019340681750645,0.7174608643443761,0.7153918288961995,0.2679801652559299,76.07914554414698,0.0,0.8159442582472378
07,hyperparam_draw,56.74853007428767,1010,switch_dr,random,56.74853007428767,0.7272018278494552,0.7153918288961995,0.2679801652559299,76.07914554414698,0.0,0.3484171872931565
07,hyperparam_draw,2.07675911507672,1010,switch_dr,random,2.07675911507672,0.7176061244004169,0.7153918288961995,0.2679801652559299,76.07914554414698,0.0,0.8066812032940979
07,hyperparam_draw,5.410132187639045,1010,switch_dr,random,5.410132187639045,0.7192588342969524,0.7153918288961995,0.2679801652559299,76.07914554414698,0.0,0.6668279532738022
07,hyperparam_draw,2.009519122702135,1010,switch_dr,random,2.009519122702135,0.7174763361563168,0.7153918288961995,0.2679801652559299,76.07914554414698,0.0,0.8090214448883506
07,hyperparam_draw,28.914127929517182,1010,switch_dr,random,28.914127929517182,0.7241666055895457,0.7153918288961995,0.2679801652559299,76.07914554414698,0.0,0.37554761212116555
07,hyperparam_draw,2.404339089962331,1010,switch_dr,random,2.404339089962331,0.715951148540666,0.7153918288961995,0.2679801652559299,76.07914554414698,0.0,0.7944005889776293
07,hyperparam_draw,1.5822145855535363,1010,switch_dr,random,1.5822145855535363,0.7158970902062887,0.7153918288961995,0.2679801652559299,76.07914554414698,0.0,0.815962665531242
07,hyperparam_draw,118.21592470961328,1010,switch_dr,random,118.21592470961328,0.7258798952911621,0.7153918288961995,0.2679801652559299,76.07914554414698,0.0,0.2679801652559299
07,hyperparam_draw,2.516527750609452,1010,switch_dr,random,2.516527750609452,0.7157676359466235,0.7153918288961995,0.2679801652559299,76.07914554414698,0.0,0.7895329553585932
07,hyperparam_draw,2.112346078017266,1010,switch_dr,random,2.112346078017266,0.7169439974499997,0.7153918288961995,0.2679801652559299,76.07914554414698,0.0,0.8057806784339128
07,hyperparam_draw,83.91582127340892,1010,switch_dr,random,83.91582127340892,0.7258798952911621,0.7153918288961995,0.2679801652559299,76.07914554414698,0.0,0.2679801652559299
07,hyperparam_draw,3.4265091105542247,1010,switch_dr,random,3.4265091105542247,0.718240110551168,0.7153918288961995,0.2679801652559299,76.07914554414698,0.0,0.7459109359583523
07,hyperparam_draw,13.066858365840135,1010,switch_dr,random,13.066858365840135,0.7256178469519554,0.7153918288961995,0.2679801652559299,76.07914554414698,0.0,0.4883300834765783
07,hyperparam_draw,8.941594939028542,1010,switch_dr,random,8.941594939028542,0.725168471344778,0.7153918288961995,0.2679801652559299,76.07914554414698,0.0,0.5629784811724514
07,hyperparam_draw,0.76636886881293,1010,switch_dr,random,0.76636886881293,0.7087766562901668,0.7153918288961995,0.2679801652559299,76.07914554414698,0.0,0.5848560792414174
07,hyperparam_draw,11.008998994754359,1010,switch_dr,random,11.008998994754359,0.7237987655672249,0.7153918288961995,0.2679801652559299,76.07914554414698,0.0,0.5281303381447865
07,hyperparam_draw,20.656096549880516,1010,switch_dr,random,20.656096549880516,0.7270597204030813,0.7153918288961995,0.2679801652559299,76.07914554414698,0.0,0.4239073141868651
07,hyperparam_draw,0.7237197140805965,1010,switch_dr,random,0.7237197140805965,0.7068678761667299,0.7153918288961995,0.2679801652559299,76.07914554414698,0.0,0.5299818094538392
07,hyperparam_draw,2.080050975197391,1010,switch_dr,random,2.080050975197391,0.7176315858226898,0.7153918288961995,0.2679801652559299,76.07914554414698,0.0,0.8066037321161819
07,hyperparam_draw,134.14196116770208,1010,switch_dr,random,134.14196116770208,0.7258798952911621,0.7153918288961995,0.2679801652559299,76.07914554414698,0.0,0.2679801652559299
07,hyperparam_draw,1.7257200346408346,1010,switch_dr,random,1.7257200346408346,0.7176370904871019,0.7153918288961995,0.2679801652559299,76.07914554414698,0.0,0.8157142319700119
07,hyperparam_draw,0.8364888142069244,1010,switch_dr,random,0.8364888142069244,0.7129608150989046,0.7153918288961995,0.2679801652559299,76.07914554414698,0.0,0.6584252165968348
07,hyperparam_draw,3.765795881501937,1010,dros,random,3.765795881501937,0.7149501628439882,0.7153918288961995,0.2679801652559299,76.07914554414698,0.0,0.9413504883687192
07,hyperparam_draw,55.23189592009259,1010,dros,random,55.23189592009259,0.7217375048877454,0.7153918288961995,0.2679801652559299,76.07914554414698,0.0,0.7011624229702109
07,hyperparam_draw,8306.901387311962,1010,dros,random,8306.901387311962,0.7260152502536614,0.7153918288961995,0.2679801652559299,76.07914554414698,0.0,0.3283372334952093
07,hyperparam_draw,2.102493452353862,1010,dros,random,2.102493452353862,0.7128503689462021,0.7153918288961995,0.2679801652559299,76.07914554414698,0.0,0.9663611978516705
07,hyperparam_draw,1.4308530289603116,1010,dros,random,1.4308530289603116,0.7111768960363212,0.7153918288961995,0.2679801652559299,76.07914554414698,0.0,0.9756450396006385
07,hyperparam_draw,2.3943745708561908,1010,dros,random,2.3943745708561908,0.7133619072737467,0.7153918288961995,0.2679801652559299,76.07914554414698,0.0,0.9619170090197781
07,hyperparam_draw,166.25810353244296,1010,dros,random,166.25810353244296,0.7238577971363838,0.7153918288961995,0.2679801652559299,76.07914554414698,0.0,0.5856389003755234
07,hyperparam_draw,420.20870724139223,1010,dros,random,420.20870724139223,0.7249121323458269,0.7153918288961995,0.2679801652559299,76.07914554414698,0.0,0.5021589378246399
07,hyperparam_draw,31.38059759766823,1010,dros,random,31.38059759766823,0.7204244151423642,0.7153918288961995,0.2679801652559299,76.07914554414698,0.0,0.761767112395508
07,hyperparam_draw,253.16609925890185,1010,dros,random,253.16609925890185,0.724421219990137,0.7153918288961995,0.2679801652559299,76.07914554414698,0.0,0.5457206752363938
07,hyperparam_draw,20980.32325675361,1010,dros,random,20980.32325675361,0.726001813271867,0.7153918288961995,0.2679801652559299,76.07914554414698,0.0,0.2977188276763931
07,hyperparam_draw,3649.594546239522,1010,dros,random,3649.594546239522,0.7258906183606001,0.7153918288961995,0.2679801652559299,76.07914554414698,0.0,0.3665539056973586
07,hyperparam_draw,3779.9460689668344,1010,dros,random,3779.9460689668344,0.7258993300478619,0.7153918288961995,0.2679801652559299,76.07914554414698,0.0,0.3647752824403824
07,hyperparam_draw,13.886509667496192,1010,dros,random,13.886509667496192,0.7184678807097077,0.7153918288961995,0.2679801652559299,76.07914554414698,0.0,0.8432769139777749
07,hyperparam_draw,36.57976363820314,1010,dros,random,36.57976363820314,0.7207871360432793,0.7153918288961995,0.2679801652559299,76.07914554414698,0.0,0.7455053945231848
07,hyperparam_draw,5818.008164814456,1010,dros,random,5818.008164814456,0.7259816893315034,0.7153918288961995,0.2679801652559299,76.07914554414698,0.0,0.34388301480376465
07,hyperparam_draw,13.026513007881269,1010,dros,random,13.026513007881269,0.7183125159661277,0.7153918288961995,0.2679801652559299,76.07914554414698,0.0,0.8491725473950639
07,hyperparam_draw,97.27537512573123,1010,dros,random,97.27537512573123,0.7229284033015562,0.7153918288961995,0.2679801652559299,76.07914554414698,0.0,0.640477897510844
07,hyperparam_draw,4319.107190099973,1010,dros,random,4319.107190099973,0.725929748107028,0.7153918288961995,0.2679801652559299,76.07914554414698,0.0,0.35811587176504844
07,hyperparam_draw,290.8789813917088,1010,dros,random,290.8789813917088,0.7245749814036954,0.7153918288961995,0.2679801652559299,76.07914554414698,0.0,0.533264691052675
07,hyperparam_draw,737.1325877376037,1010,dros,random,737.1325877376037,0.7252743559942645,0.7153918288961995,0.2679801652559299,76.07914554414698,0.0,0.46002301841889465
07,hyperparam_draw,42.38756011705844,1010,dros,random,42.38756011705844,0.7211320827528834,0.7153918288961995,0.2679801652559299,76.07914554414698,0.0,0.7297215912917592
07,hyperparam_draw,350.4065794678749,1010,dros,random,350.4065794678749,0.7247576584922067,0.7153918288961995,0.2679801652559299,76.07914554414698,0.0,0.5171715291617653
07,hyperparam_draw,5536.871864719635,1010,dros,random,5536.871864719635,0.7259746073143142,0.7153918288961995,0.2679801652559299,76.07914554414698,0.0,0.34618010642839797
07,hyperparam_draw,9288.15326362695,1010,dros,random,9288.15326362695,0.726020052906245,0.7153918288961995,0.2679801652559299,76.07914554414698,0.0,0.3238568710372317
07,hyperparam_draw,1409.2595947535913,1010,dros,random,1409.2595947535913,0.7255689590759482,0.7153918288961995,0.2679801652559299,76.07914554414698,0.0,0.4185970370890822
07,hyperparam_draw,14628.644606310554,1010,dros,random,14628.644606310554,0.7260184297970611,0.7153918288961995,0.2679801652559299,76.07914554414698,0.0,0.30783177251089244
07,hyperparam_draw,697.3801140272569,1010,dros,random,697.3801140272569,0.7252446118721619,0.7153918288961995,0.2679801652559299,76.07914554414698,0.0,0.4638987176999721
07,hyperparam_draw,0.49638693569959563,1010,dros,random,0.49638693569959563,0.7055554293433427,0.7153918288961995,0.2679801652559299,76.07914554414698,0.0,0.9730154676437083
07,hyperparam_draw,50.437020239857766,1010,dros,random,50.437020239857766,0.7215322862487141,0.7153918288961995,0.2679801652559299,76.07914554414698,0.0,0.7109773607464052
07,hyperparam_draw,3.2328005471239023,1010,dros,random,3.2328005471239023,0.7144462334326233,0.7153918288961995,0.2679801652559299,76.07914554414698,0.0,0.9491515589485012
07,hyperparam_draw,4.569095313804879,1010,dros,random,4.569095313804879,0.7155491010676032,0.7153918288961995,0.2679801652559299,76.07914554414698,0.0,0.930239480078944
07,hyperparam_draw,13.158134809597946,1010,dros,random,13.158134809597946,0.7183369855337618,0.7153918288961995,0.2679801652559299,76.07914554414698,0.0,0.8482513497914386
07,hyperparam_draw,3.7079050566042975,1010,dros,random,3.7079050566042975,0.7149003308325292,0.7153918288961995,0.2679801652559299,76.07914554414698,0.0,0.9421819042322755
07,hyperparam_draw,1.4907697539363798,1010,dros,random,1.4907697539363798,0.7113666591250057,0.7153918288961995,0.2679801652559299,76.07914554414698,0.0,0.9749302465559411
07,hyperparam_draw,1528.0733796504119,1010,dros,random,1528.0733796504119,0.7256012028862298,0.7153918288961995,0.2679801652559299,76.07914554414698,0.0,0.4138439934908016
07,hyperparam_draw,397.8062720771327,1010,dros,random,397.8062720771327,0.7248678516901335,0.7153918288961995,0.2679801652559299,76.07914554414698,0.0,0.5066142463867503
07,hyperparam_draw,2891.0618300678148,1010,dros,random,2891.0618300678148,0.725825868209864,0.7153918288961995,0.2679801652559299,76.07914554414698,0.0,0.3786133454854126
07,hyperparam_draw,6280.05046845227,1010,dros,random,6280.05046845227,0.7259914184440438,0.7153918288961995,0.2679801652559299,76.07914554414698,0.0,0.34039889932017203
07,hyperparam_draw,0.8429382572441592,1010,dros,random,0.8429382572441592,0.7085078798461497,0.7153918288961995,0.2679801652559299,76.07914554414698,0.0,0.9791673108127718
07,hyperparam_draw,11161.02887742362,1010,dros,random,11161.02887742362,0.7260230036432253,0.7153918288961995,0.2679801652559299,76.07914554414698,0.0,0.3169398588183097
07,hyperparam_draw,0.7202432687512101,1010,dros,random,0.7202432687512101,0.7076492970565839,0.7153918288961995,0.2679801652559299,76.07914554414698,0.0,0.9782725152504352
07,hyperparam_draw,9637.277053176602,1010,dros,random,9637.277053176602,0.7260211142579838,0.7153918288961995,0.2679801652559299,76.07914554414698,0.0,0.32242126471100496
07,hyperparam_draw,1187.834795665623,1010,dros,random,1187.834795665623,0.7254982525563155,0.7153918288961995,0.2679801652559299,76.07914554414698,0.0,0.4289031865686864
07,hyperparam_draw,7.031311271471253,1010,dros,random,7.031311271471253,0.7167590006294909,0.7153918288961995,0.2679801652559299,76.07914554414698,0.0,0.9008333728454266
07,hyperparam_draw,31.86342588222699,1010,dros,random,31.86342588222699,0.7204606757770187,0.7153918288961995,0.2679801652559299,76.07914554414698,0.0,0.7601563225168952
07,hyperparam_draw,2514.1698664651462,1010,dros,random,2514.1698664651462,0.7257818707981727,0.7153918288961995,0.2679801652559299,76.07914554414698,0.0,0.38604242574256226
07,hyperparam_draw,124.604724886386,1010,dros,random,124.604724886386,0.7233856562713058,0.7153918288961995,0.2679801652559299,76.07914554414698,0.0,0.6146875979385124
07,hyperparam_draw,4.057744455465268,1010,dros,random,4.057744455465268,0.7151863765527702,0.7153918288961995,0.2679801652559299,76.07914554414698,0.0,0.9372198706654009
07,hyperparam_draw,6.167127796801637,1010,dros,random,6.167127796801637,0.7164060608904332,0.7153918288961995,0.2679801652559299,76.07914554414698,0.0,0.9104241934267515
07,hyperparam_draw,3525.433899140511,1010,dros,random,3525.433899140511,0.7258817474269582,0.7153918288961995,0.2679801652559299,76.07914554414698,0.0,0.368318200000881
07,hyperparam_draw,61.487878640586956,1010,dros,random,61.487878640586956,0.7219758542279878,0.7153918288961995,0.2679801652559299,76.07914554414698,0.0,0.6895664710530165
07,hyperparam_draw,0.9103583429356222,1010,dros,random,0.9103583429356222,0.7089188092171068,0.7153918288961995,0.2679801652559299,76.07914554414698,0.0,0.9792933606686333
07,hyperparam_draw,372.00990934978665,1010,dros,random,372.00990934978665,0.7248109913639988,0.7153918288961995,0.2679801652559299,76.07914554414698,0.0,0.5121515520256412
07,hyperparam_draw,6746.776218266928,1010,dros,random,6746.776218266928,0.7259992491012355,0.7153918288961995,0.2679801652559299,76.07914554414698,0.0,0.3372005799794445
07,hyperparam_draw,519.443478638556,1010,dros,random,519.443478638556,0.7250666299021062,0.7153918288961995,0.2679801652559299,76.07914554414698,0.0,0.4855077974299347
07,hyperparam_draw,15.492385739354852,1010,dros,random,15.492385739354852,0.7187327092948906,0.7153918288961995,0.2679801652559299,76.07914554414698,0.0,0.832985575069265
07,hyperparam_draw,437.9391500349537,1010,dros,random,437.9391500349537,0.7249442912917007,0.7153918288961995,0.2679801652559299,76.07914554414698,0.0,0.4988395068884597
07,hyperparam_draw,242.15396982584397,1010,dros,random,242.15396982584397,0.7243686645137661,0.7153918288961995,0.2679801652559299,76.07914554414698,0.0,0.5497894219870832
07,hyperparam_draw,130.3903542159518,1010,dros,random,130.3903542159518,0.7234644298736904,0.7153918288961995,0.2679801652559299,76.07914554414698,0.0,0.6100385112907523
07,hyperparam_draw,nan,1010,ips,fixed,nan,0.7262716845190766,0.7153918288961995,0.2679801652559299,76.07914554414698,0.0,0.2679801652559299
07,hyperparam_draw,nan,1010,snips,fixed,nan,0.7255831221643838,0.7153918288961995,0.2679801652559299,76.07914554414698,0.0,0.2679801652559299
07,hyperparam_draw,nan,1010,dr,fixed,nan,0.7258798952911621,0.7153918288961995,0.2679801652559299,76.07914554414698,0.0,0.2679801652559299
07,hyperparam_draw,7.015428343694513,1010,clipped_ips,slope,7.015428343694513,0.7137669349050921,0.7153918288961995,0.2679801652559299,76.07914554414698,0.0,0.5279337392718912
07,hyperparam_draw,1.506376315033842,1010,switch_dr,slope,1.506376315033842,0.7159688033769767,0.7153918288961995,0.2679801652559299,76.07914554414698,0.0,0.8149348054271893
07,hyperparam_draw,2.2691696024949364,1010,dros,slope,2.2691696024949364,0.7131537802113885,0.7153918288961995,0.2679801652559299,76.07914554414698,0.0,0.9638330856284542
07,hyperparam_draw,11.359616972922568,1011,clipped_ips,random,11.359616972922568,0.7067647974185541,0.7153918288961995,0.3262600338849454,47.74475312446282,0.0,0.4531788030190005
07,hyperparam_draw,8.200374156160347,1011,clipped_ips,random,8.200374156160347,0.7035684962914913,0.7153918288961995,0.3262600338849454,47.74475312446282,0.0,0.5098204881223745
07,hyperparam_draw,14.732918707096,1011,clipped_ips,random,14.732918707096,0.7087480723181889,0.7153918288961995,0.3262600338849454,47.74475312446282,0.0,0.41352573962728495
07,hyperparam_draw,24.26418358927707,1011,clipped_ips,random,24.26418358927707,0.7110386630464073,0.7153918288961995,0.3262600338849454,47.74475312446282,0.0,0.3654819783288429
07,hyperparam_draw,33.12908946565176,1011,clipped_ips,random,33.12908946565176,0.7117095352241668,0.7153918288961995,0.3262600338849454,47.74475312446282,0.0,0.3409284851904083
07,hyperparam_draw,15.306415056208163,1011,clipped_ips,random,15.306415056208163,0.7090379213083732,0.7153918288961995,0.3262600338849454,47.74475312446282,0.0,0.4082395206207928
07,hyperparam_draw,46.57648952684092,1011,clipped_ips,random,46.57648952684092,0.7117967989135143,0.7153918288961995,0.3262600338849454,47.74475312446282,0.0,0.32736779632523066
07,hyperparam_draw,3.6733768743727806,1011,clipped_ips,random,3.6733768743727806,0.6884812697445442,0.7153918288961995,0.3262600338849454,47.74475312446282,0.0,0.6725036912650786
07,hyperparam_draw,11.405424932416926,1011,clipped_ips,random,11.405424932416926,0.7067979827761864,0.7153918288961995,0.3262600338849454,47.74475312446282,0.0,0.4525183309615105
07,hyperparam_draw,85.03351366751107,1011,clipped_ips,random,85.03351366751107,0.7117915004774813,0.7153918288961995,0.3262600338849454,47.74475312446282,0.0,0.3262600338849454
07,hyperparam_draw,7.045601419062828,1011,clipped_ips,random,7.045601419062828,0.7017066676974432,0.7153918288961995,0.3262600338849454,47.74475312446282,0.0,0.5379209029335715
07,hyperparam_draw,4.84555763103399,1011,clipped_ips,random,4.84555763103399,0.694995428941864,0.7153918288961995,0.3262600338849454,47.74475312446282,0.0,0.6139058920451963
07,hyperparam_draw,70.72593435441917,1011,clipped_ips,random,70.72593435441917,0.7117915004774813,0.7153918288961995,0.3262600338849454,47.74475312446282,0.0,0.3262600338849454
07,hyperparam_draw,1.33761731740424,1011,clipped_ips,random,1.33761731740424,0.6313445899668109,0.7153918288961995,0.3262600338849454,47.74475312446282,0.0,0.8822392953475608
07,hyperparam_draw,2.754028732518254,1011,clipped_ips,random,2.754028732518254,0.6787484228713655,0.7153918288961995,0.3262600338849454,47.74475312446282,0.0,0.7339443990090802
07,hyperparam_draw,11.995372587476114,1011,clipped_ips,random,11.995372587476114,0.707176933697176,0.7153918288961995,0.3262600338849454,47.74475312446282,0.0,0.44434365642283474
07,hyperparam_draw,10.828169006311798,1011,clipped_ips,random,10.828169006311798,0.7063753107304327,0.7153918288961995,0.3262600338849454,47.74475312446282,0.0,0.4608184488005377
07,hyperparam_draw,10.462325159351526,1011,clipped_ips,random,10.462325159351526,0.7060582297436145,0.7153918288961995,0.3262600338849454,47.74475312446282,0.0,0.46637651658034
07,hyperparam_draw,30.2453416258774,1011,clipped_ips,random,30.2453416258774,0.7115130747193827,0.7153918288961995,0.3262600338849454,47.74475312446282,0.0,0.346943844125208
07,hyperparam_draw,54.5967497026045,1011,clipped_ips,random,54.5967497026045,0.7117915004774813,0.7153918288961995,0.3262600338849454,47.74475312446282,0.0,0.3262600338849454
07,hyperparam_draw,0.9720905779881088,1011,clipped_ips,random,0.9720905779881088,0.5920708259332703,0.7153918288961995,0.3262600338849454,47.74475312446282,0.0,0.9379411098679633
07,hyperparam_draw,0.7250416915705798,1011,clipped_ips,random,0.7250416915705798,0.5336066179021347,0.7153918288961995,0.3262600338849454,47.74475312446282,0.0,0.9760672158451303
07,hyperparam_draw,5.18849916575597,1011,clipped_ips,random,5.18849916575597,0.6964385231453644,0.7153918288961995,0.3262600338849454,47.74475312446282,0.0,0.5993546425965541
07,hyperparam_draw,4.984912467524833,1011,clipped_ips,random,4.984912467524833,0.6956047197159214,0.7153918288961995,0.3262600338849454,47.74475312446282,0.0,0.6078689514399949
07,hyperparam_draw,33.043188339071705,1011,clipped_ips,random,33.043188339071705,0.711706129543046,0.7153918288961995,0.3262600338849454,47.74475312446282,0.0,0.34105020003840564
07,hyperparam_draw,50.64524782024496,1011,clipped_ips,random,50.64524782024496,0.7117915004774813,0.7153918288961995,0.3262600338849454,47.74475312446282,0.0,0.3262600338849454
07,hyperparam_draw,6.024738152717275,1011,clipped_ips,random,6.024738152717275,0.6992535190591982,0.7153918288961995,0.3262600338849454,47.74475312446282,0.0,0.5683908292978069
07,hyperparam_draw,10.269888647938894,1011,clipped_ips,random,10.269888647938894,0.7058811150029287,0.7153918288961995,0.3262600338849454,47.74475312446282,0.0,0.4694439018006395
07,hyperparam_draw,25.027611809956927,1011,clipped_ips,random,25.027611809956927,0.7111003699862289,0.7153918288961995,0.3262600338849454,47.74475312446282,0.0,0.3632216514447846
07,hyperparam_draw,12.697179975788709,1011,clipped_ips,random,12.697179975788709,0.7076212253737751,0.7153918288961995,0.3262600338849454,47.74475312446282,0.0,0.43574792887546976
07,hyperparam_draw,71.50607416416824,1011,clipped_ips,random,71.50607416416824,0.7117915004774813,0.7153918288961995,0.3262600338849454,47.74475312446282,0.0,0.3262600338849454
07,hyperparam_draw,0.9387223271155987,1011,clipped_ips,random,0.9387223271155987,0.586648451776514,0.7153918288961995,0.3262600338849454,47.74475312446282,0.0,0.9431860731334808
07,hyperparam_draw,0.8002843789109311,1011,clipped_ips,random,0.8002843789109311,0.5571031737656266,0.7153918288961995,0.3262600338849454,47.74475312446282,0.0,0.9647879139769214
07,hyperparam_draw,17.557464313122388,1011,clipped_ips,random,17.557464313122388,0.7098987846729826,0.7153918288961995,0.3262600338849454,47.74475312446282,0.0,0.39281519084249866
07,hyperparam_draw,27.910897003397498,1011,clipped_ips,random,27.910897003397498,0.7113334222904282,0.7153918288961995,0.3262600338849454,47.74475312446282,0.0,0.3542916646312776
07,hyperparam_draw,2.0123744486517294,1011,clipped_ips,random,2.0123744486517294,0.6632299266859903,0.7153918288961995,0.3262600338849454,47.74475312446282,0.0,0.8001934825736534
07,hyperparam_draw,3.274025558650895,1011,clipped_ips,random,3.274025558650895,0.6852742335235485,0.7153918288961995,0.3262600338849454,47.74475312446282,0.0,0.6964121367084032
07,hyperparam_draw,1.1883385415750642,1011,clipped_ips,random,1.1883385415750642,0.6184751513518129,0.7153918288961995,0.3262600338849454,47.74475312446282,0.0,0.9044744010411818
07,hyperparam_draw,12.729339533957253,1011,clipped_ips,random,12.729339533957253,0.7076412846989424,0.7153918288961995,0.3262600338849454,47.74475312446282,0.0,0.43537260747310885
07,hyperparam_draw,9.254771431834333,1011,clipped_ips,random,9.254771431834333,0.7049104822167558,0.7153918288961995,0.3262600338849454,47.74475312446282,0.0,0.4876455238293326
07,hyperparam_draw,10.381529918691873,1011,clipped_ips,random,10.381529918691873,0.7059833941706037,0.7153918288961995,0.3262600338849454,47.74475312446282,0.0,0.4676625115474859
07,hyperparam_draw,6.941687735063384,1011,clipped_ips,random,6.941687735063384,0.7015083459006229,0.7153918288961995,0.3262600338849454,47.74475312446282,0.0,0.5406054180595269
07,hyperparam_draw,9.274761684813658,1011,clipped_ips,random,9.274761684813658,0.7049324144827189,0.7153918288961995,0.3262600338849454,47.74475312446282,0.0,0.48725738385453876
07,hyperparam_draw,41.04155599929868,1011,clipped_ips,random,41.04155599929868,0.7118219015455763,0.7153918288961995,0.3262600338849454,47.74475312446282,0.0,0.33231412355840945
07,hyperparam_draw,27.407948958097684,1011,clipped_ips,random,27.407948958097684,0.7112927696345216,0.7153918288961995,0.3262600338849454,47.74475312446282,0.0,0.35589073478434163
07,hyperparam_draw,80.581608095712,1011,clipped_ips,random,80.581608095712,0.7117915004774813,0.7153918288961995,0.3262600338849454,47.74475312446282,0.0,0.3262600338849454
07,hyperparam_draw,2.2575823609287373,1011,clipped_ips,random,2.2575823609287373,0.6695262380478105,0.7153918288961995,0.3262600338849454,47.74475312446282,0.0,0.776243193224283
07,hyperparam_draw,58.158985292695455,1011,clipped_ips,random,58.158985292695455,0.7117915004774813,0.7153918288961995,0.3262600338849454,47.74475312446282,0.0,0.3262600338849454
07,hyperparam_draw,13.680506231170426,1011,clipped_ips,random,13.680506231170426,0.7081557126771658,0.7153918288961995,0.3262600338849454,47.74475312446282,0.0,0.4246146535495308
07,hyperparam_draw,41.72192980767488,1011,clipped_ips,random,41.72192980767488,0.7118188158403387,0.7153918288961995,0.3262600338849454,47.74475312446282,0.0,0.3317340636231755
07,hyperparam_draw,4.830567903932515,1011,clipped_ips,random,4.830567903932515,0.6949279926730045,0.7153918288961995,0.3262600338849454,47.74475312446282,0.0,0.614574070342711
07,hyperparam_draw,54.336352889912725,1011,clipped_ips,random,54.336352889912725,0.7117915004774813,0.7153918288961995,0.3262600338849454,47.74475312446282,0.0,0.3262600338849454
07,hyperparam_draw,2.9399869200192605,1011,clipped_ips,random,2.9399869200192605,0.6813726618567447,0.7153918288961995,0.3262600338849454,47.74475312446282,0.0,0.7198884955712669
07,hyperparam_draw,1.6733163149119061,1011,clipped_ips,random,1.6733163149119061,0.6508256512024102,0.7153918288961995,0.3262600338849454,47.74475312446282,0.0,0.838154632753618
07,hyperparam_draw,0.8856391749271713,1011,clipped_ips,random,0.8856391749271713,0.5768718564072642,0.7153918288961995,0.3262600338849454,47.74475312446282,0.0,0.9515196571379558
07,hyperparam_draw,1.5943216159450282,1011,clipped_ips,random,1.5943216159450282,0.647037873672216,0.7153918288961995,0.3262600338849454,47.74475312446282,0.0,0.8478636414389068
07,hyperparam_draw,54.866878835702344,1011,clipped_ips,random,54.866878835702344,0.7117915004774813,0.7153918288961995,0.3262600338849454,47.74475312446282,0.0,0.3262600338849454
07,hyperparam_draw,8.623781805950308,1011,clipped_ips,random,8.623781805950308,0.7041374199000198,0.7153918288961995,0.3262600338849454,47.74475312446282,0.0,0.5005329058072026
07,hyperparam_draw,1.0472738434523885,1011,clipped_ips,random,1.0472738434523885,0.6027147286554515,0.7153918288961995,0.3262600338849454,47.74475312446282,0.0,0.9262035106594115
07,hyperparam_draw,33.18159979313665,1011,clipped_ips,random,33.18159979313665,0.7117116170761527,0.7153918288961995,0.3262600338849454,47.74475312446282,0.0,0.3408539588365495
07,hyperparam_draw,4.555094080172122,1011,switch_dr,random,4.555094080172122,0.7176839468804711,0.7153918288961995,0.3262600338849454,47.74475312446282,0.0,0.7105838027019762
07,hyperparam_draw,0.7220128692315277,1011,switch_dr,random,0.7220128692315277,0.7075834868886847,0.7153918288961995,0.3262600338849454,47.74475312446282,0.0,0.516496618208098
07,hyperparam_draw,4.191411912629033,1011,switch_dr,random,4.191411912629033,0.7184986428677603,0.7153918288961995,0.3262600338849454,47.74475312446282,0.0,0.7195068861148604
07,hyperparam_draw,46.308171737469266,1011,switch_dr,random,46.308171737469266,0.7110218100996556,0.7153918288961995,0.3262600338849454,47.74475312446282,0.0,0.3492805173237796
07,hyperparam_draw,33.13563057600682,1011,switch_dr,random,33.13563057600682,0.7100921008637834,0.7153918288961995,0.3262600338849454,47.74475312446282,0.0,0.3639047577209444
07,hyperparam_draw,1.9211093328177524,1011,switch_dr,random,1.9211093328177524,0.7181831052244787,0.7153918288961995,0.3262600338849454,47.74475312446282,0.0,0.8108350951831438
07,hyperparam_draw,1.0724371395414092,1011,switch_dr,random,1.0724371395414092,0.7167600450962703,0.7153918288961995,0.3262600338849454,47.74475312446282,0.0,0.7643754984498499
07,hyperparam_draw,3.4434150143536484,1011,switch_dr,random,3.4434150143536484,0.7204858178043775,0.7153918288961995,0.3262600338849454,47.74475312446282,0.0,0.7456642382087574
07,hyperparam_draw,87.86982068164195,1011,switch_dr,random,87.86982068164195,0.7101418992945041,0.7153918288961995,0.3262600338849454,47.74475312446282,0.0,0.3262600338849454
07,hyperparam_draw,0.7622121306869768,1011,switch_dr,random,0.7622121306869768,0.7095141072944735,0.7153918288961995,0.3262600338849454,47.74475312446282,0.0,0.5710643673310559
07,hyperparam_draw,1.1362584927094201,1011,switch_dr,random,1.1362584927094201,0.716182735327208,0.7153918288961995,0.3262600338849454,47.74475312446282,0.0,0.7780895534130026
07,hyperparam_draw,1.130209478793073,1011,switch_dr,random,1.130209478793073,0.7162461287959571,0.7153918288961995,0.3262600338849454,47.74475312446282,0.0,0.7771476840352052
07,hyperparam_draw,41.340421018352984,1011,switch_dr,random,41.340421018352984,0.7110218100996556,0.7153918288961995,0.3262600338849454,47.74475312446282,0.0,0.3492805173237796
07,hyperparam_draw,9.842875530804221,1011,switch_dr,random,9.842875530804221,0.7137740312678164,0.7153918288961995,0.3262600338849454,47.74475312446282,0.0,0.5631144658174552
07,hyperparam_draw,0.9681759115313396,1011,switch_dr,random,0.9681759115313396,0.715434569528183,0.7153918288961995,0.3262600338849454,47.74475312446282,0.0,0.73000526294625
07,hyperparam_draw,25.52003990267891,1011,switch_dr,random,25.52003990267891,0.7109161669709144,0.7153918288961995,0.3262600338849454,47.74475312446282,0.0,0.4004333767293773
07,hyperparam_draw,1.4661450836173733,1011,switch_dr,random,1.4661450836173733,0.7160784136482855,0.7153918288961995,0.3262600338849454,47.74475312446282,0.0,0.8107555822306725
07,hyperparam_draw,11.359892217508852,1011,switch_dr,random,11.359892217508852,0.7125152384227808,0.7153918288961995,0.3262600338849454,47.74475312446282,0.0,0.5350697226560343
07,hyperparam_draw,5.0858062352510744,1011,switch_dr,random,5.0858062352510744,0.7163007196742583,0.7153918288961995,0.3262600338849454,47.74475312446282,0.0,0.6876847633213755
07,hyperparam_draw,1.1121720304671496,1011,switch_dr,random,1.1121720304671496,0.7165098805426378,0.7153918288961995,0.3262600338849454,47.74475312446282,0.0,0.7731668897983127
07,hyperparam_draw,30.02854129887289,1011,switch_dr,random,30.02854129887289,0.7110293332963356,0.7153918288961995,0.3262600338849454,47.74475312446282,0.0,0.3884375877563205
07,hyperparam_draw,23.983253573101514,1011,switch_dr,random,23.983253573101514,0.7109161669709144,0.7153918288961995,0.3262600338849454,47.74475312446282,0.0,0.4004333767293773
07,hyperparam_draw,6.598967104974202,1011,switch_dr,random,6.598967104974202,0.7150176843222856,0.7153918288961995,0.3262600338849454,47.74475312446282,0.0,0.6368219601262224
07,hyperparam_draw,50.99648512123714,1011,switch_dr,random,50.99648512123714,0.7101418992945041,0.7153918288961995,0.3262600338849454,47.74475312446282,0.0,0.3262600338849454
07,hyperparam_draw,80.78262616769277,1011,switch_dr,random,80.78262616769277,0.7101418992945041,0.7153918288961995,0.3262600338849454,47.74475312446282,0.0,0.3262600338849454
07,hyperparam_draw,53.96803169268869,1011,switch_dr,random,53.96803169268869,0.7101418992945041,0.7153918288961995,0.3262600338849454,47.74475312446282,0.0,0.3262600338849454
07,hyperparam_draw,15.361854122961148,1011,switch_dr,random,15.361854122961148,0.710370238957836,0.7153918288961995,0.3262600338849454,47.74475312446282,0.0,0.47354762847664045
07,hyperparam_draw,2.730890240758421,1011,switch_dr,random,2.730890240758421,0.7172582091030082,0.7153918288961995,0.3262600338849454,47.74475312446282,0.0,0.7813409283106283
07,hyperparam_draw,3.779801942357681,1011,switch_dr,random,3.779801942357681,0.719401250364583,0.7153918288961995,0.3262600338849454,47.74475312446282,0.0,0.7332220479785398
07,hyperparam_draw,6.126579420070353,1011,switch_dr,random,6.126579420070353,0.7145773864097287,0.7153918288961995,0.3262600338849454,47.74475312446282,0.0,0.65274471744102
07,hyperparam_draw,1.0313610399746,1011,switch_dr,random,1.0313610399746,0.715736062989831,0.7153918288961995,0.3262600338849454,47.74475312446282,0.0,0.753711203685353
07,hyperparam_draw,3.7761493929851855,1011,switch_dr,random,3.7761493929851855,0.7196117713474304,0.7153918288961995,0.3262600338849454,47.74475312446282,0.0,0.7336754575701766
07,hyperparam_draw,18.318497569900504,1011,switch_dr,random,18.318497569900504,0.7089299204488377,0.7153918288961995,0.3262600338849454,47.74475312446282,0.0,0.4373797343789188
07,hyperparam_draw,91.40174637556267,1011,switch_dr,random,91.40174637556267,0.7101418992945041,0.7153918288961995,0.3262600338849454,47.74475312446282,0.0,0.3262600338849454
07,hyperparam_draw,69.1286423951925,1011,switch_dr,random,69.1286423951925,0.7101418992945041,0.7153918288961995,0.3262600338849454,47.74475312446282,0.0,0.3262600338849454
07,hyperparam_draw,67.37845359323056,1011,switch_dr,random,67.37845359323056,0.7101418992945041,0.7153918288961995,0.3262600338849454,47.74475312446282,0.0,0.3262600338849454
07,hyperparam_draw,13.441941937936377,1011,switch_dr,random,13.441941937936377,0.7107375715587367,0.7153918288961995,0.3262600338849454,47.74475312446282,0.0,0.5026925546755352
07,hyperparam_draw,1.9054894761953218,1011,switch_dr,random,1.9054894761953218,0.7175577246053256,0.7153918288961995,0.3262600338849454,47.74475312446282,0.0,0.8114353685965985
07,hyperparam_draw,2.158594230620836,1011,switch_dr,random,2.158594230620836,0.718661239670039,0.7153918288961995,0.3262600338849454,47.74475312446282,0.0,0.8034160485132448
07,hyperparam_draw,1.4554973207154347,1011,switch_dr,random,1.4554973207154347,0.7156660639533828,0.7153918288961995,0.3262600338849454,47.74475312446282,0.0,0.8102502924994865
07,hyperparam_draw,50.1221804366172,1011,switch_dr,random,50.1221804366172,0.7101418992945041,0.7153918288961995,0.3262600338849454,47.74475312446282,0.0,0.3262600338849454
07,hyperparam_draw,1.789355592786391,1011,switch_dr,random,1.789355592786391,0.7176880252483924,0.7153918288961995,0.3262600338849454,47.74475312446282,0.0,0.8133993574628492
07,hyperparam_draw,3.637670447372428,1011,switch_dr,random,3.637670447372428,0.7202895990604214,0.7153918288961995,0.3262600338849454,47.74475312446282,0.0,0.7375707050401455
07,hyperparam_draw,28.376184583408953,1011,switch_dr,random,28.376184583408953,0.7109161669709144,0.7153918288961995,0.3262600338849454,47.74475312446282,0.0,0.4004333767293773
07,hyperparam_draw,2.5811910866431003,1011,switch_dr,random,2.5811910866431003,0.7186529772943342,0.7153918288961995,0.3262600338849454,47.74475312446282,0.0,0.7873576257411019
07,hyperparam_draw,17.553458536345723,1011,switch_dr,random,17.553458536345723,0.7092848206901992,0.7153918288961995,0.3262600338849454,47.74475312446282,0.0,0.4423111268913879
07,hyperparam_draw,5.574748888759843,1011,switch_dr,random,5.574748888759843,0.7160806367575926,0.7153918288961995,0.3262600338849454,47.74475312446282,0.0,0.6704467399077877
07,hyperparam_draw,1.4875592505646607,1011,switch_dr,random,1.4875592505646607,0.7161549114570885,0.7153918288961995,0.3262600338849454,47.74475312446282,0.0,0.8114106564858782
07,hyperparam_draw,6.822008439807791,1011,switch_dr,random,6.822008439807791,0.7157785721476662,0.7153918288961995,0.3262600338849454,47.74475312446282,0.0,0.6276694946755736
07,hyperparam_draw,39.06966271319085,1011,switch_dr,random,39.06966271319085,0.7110218100996556,0.7153918288961995,0.3262600338849454,47.74475312446282,0.0,0.3492805173237796
07,hyperparam_draw,1.1813553874553209,1011,switch_dr,random,1.1813553874553209,0.7169252557583482,0.7153918288961995,0.3262600338849454,47.74475312446282,0.0,0.7854467112398916
07,hyperparam_draw,29.75777873448424,1011,switch_dr,random,29.75777873448424,0.7109161669709144,0.7153918288961995,0.3262600338849454,47.74475312446282,0.0,0.4004333767293773
07,hyperparam_draw,8.219137783977715,1011,switch_dr,random,8.219137783977715,0.7143110022743031,0.7153918288961995,0.3262600338849454,47.74475312446282,0.0,0.5952244315952613
07,hyperparam_draw,2.2392831984099506,1011,switch_dr,random,2.2392831984099506,0.718896166857692,0.7153918288961995,0.3262600338849454,47.74475312446282,0.0,0.8006354776182758
07,hyperparam_draw,1.6348687879959154,1011,switch_dr,random,1.6348687879959154,0.715418323091473,0.7153918288961995,0.3262600338849454,47.74475312446282,0.0,0.8140802261568985
07,hyperparam_draw,38.83918362326193,1011,switch_dr,random,38.83918362326193,0.7110218100996556,0.7153918288961995,0.3262600338849454,47.74475312446282,0.0,0.3492805173237796
07,hyperparam_draw,85.23468967155993,1011,switch_dr,random,85.23468967155993,0.7101418992945041,0.7153918288961995,0.3262600338849454,47.74475312446282,0.0,0.3262600338849454
07,hyperparam_draw,1.9480464874232564,1011,switch_dr,random,1.9480464874232564,0.7175246983899377,0.7153918288961995,0.3262600338849454,47.74475312446282,0.0,0.8101209138434314
07,hyperparam_draw,9.284379346812404,1011,switch_dr,random,9.284379346812404,0.7135967404928745,0.7153918288961995,0.3262600338849454,47.74475312446282,0.0,0.5746954552667042
07,hyperparam_draw,50.9870609099128,1011,switch_dr,random,50.9870609099128,0.7101418992945041,0.7153918288961995,0.3262600338849454,47.74475312446282,0.0,0.3262600338849454
07,hyperparam_draw,2.0895301286036196,1011,dros,random,2.0895301286036196,0.7128133565125897,0.7153918288961995,0.3262600338849454,47.74475312446282,0.0,0.9666985946736463
07,hyperparam_draw,653.4102326835938,1011,dros,random,653.4102326835938,0.7112003007305787,0.7153918288961995,0.3262600338849454,47.74475312446282,0.0,0.47100547207017374
07,hyperparam_draw,700.6475643658728,1011,dros,random,700.6475643658728,0.7111543594716448,0.7153918288961995,0.3262600338849454,47.74475312446282,0.0,0.46576347048348027
07,hyperparam_draw,2.7834685563921835,1011,dros,random,2.7834685563921835,0.7137037798088551,0.7153918288961995,0.3262600338849454,47.74475312446282,0.0,0.9558673682766344
07,hyperparam_draw,2420.437073067239,1011,dros,random,2420.437073067239,0.7105950380500453,0.7153918288961995,0.3262600338849454,47.74475312446282,0.0,0.39142463925212817
07,hyperparam_draw,92.7107415048755,1011,dros,random,92.7107415048755,0.713448762042751,0.7153918288961995,0.3262600338849454,47.74475312446282,0.0,0.6548235664247388
07,hyperparam_draw,3122.0504134673793,1011,dros,random,3122.0504134673793,0.7105214635711748,0.7153918288961995,0.3262600338849454,47.74475312446282,0.0,0.38049750874785243
07,hyperparam_draw,135.5112175832441,1011,dros,random,135.5112175832441,0.712880548531839,0.7153918288961995,0.3262600338849454,47.74475312446282,0.0,0.6151395814391137
07,hyperparam_draw,43.91711955412882,1011,dros,random,43.91711955412882,0.7145748599422835,0.7153918288961995,0.3262600338849454,47.74475312446282,0.0,0.7334651660509277
07,hyperparam_draw,891.7380277180288,1011,dros,random,891.7380277180288,0.7110104344974916,0.7153918288961995,0.3262600338849454,47.74475312446282,0.0,0.4485181269933168
07,hyperparam_draw,3.56681558404562,1011,dros,random,3.56681558404562,0.7143348752280577,0.7153918288961995,0.3262600338849454,47.74475312446282,0.0,0.9440423769195988
07,hyperparam_draw,77.94285597219972,1011,dros,random,77.94285597219972,0.7137160278712678,0.7153918288961995,0.3262600338849454,47.74475312446282,0.0,0.6731460467543248
07,hyperparam_draw,475.476044984798,1011,dros,random,475.476044984798,0.7114371621325393,0.7153918288961995,0.3262600338849454,47.74475312446282,0.0,0.4962813764754309
07,hyperparam_draw,518.0520337812916,1011,dros,random,518.0520337812916,0.7113685578261338,0.7153918288961995,0.3262600338849454,47.74475312446282,0.0,0.48923871051821616
07,hyperparam_draw,0.5601142894015654,1011,dros,random,0.5601142894015654,0.706853281162847,0.7153918288961995,0.3262600338849454,47.74475312446282,0.0,0.9758298626885594
07,hyperparam_draw,138.33423406642999,1011,dros,random,138.33423406642999,0.7128508126662635,0.7153918288961995,0.3262600338849454,47.74475312446282,0.0,0.6130106686446463
07,hyperparam_draw,125.88386046135221,1011,dros,random,125.88386046135221,0.7129879799901929,0.7153918288961995,0.3262600338849454,47.74475312446282,0.0,0.6227763695644306
07,hyperparam_draw,3470.1000988069773,1011,dros,random,3470.1000988069773,0.7104937951751988,0.7153918288961995,0.3262600338849454,47.74475312446282,0.0,0.3763774287324074
07,hyperparam_draw,65.2252882414211,1011,dros,random,65.2252882414211,0.7139900485500066,0.7153918288961995,0.3262600338849454,47.74475312446282,0.0,0.6919715374679022
07,hyperparam_draw,555.0287269597252,1011,dros,random,555.0287269597252,0.7113159924086475,0.7153918288961995,0.3262600338849454,47.74475312446282,0.0,0.4836958824347689
07,hyperparam_draw,1.689886881925228,1011,dros,random,1.689886881925228,0.7120452305159554,0.7153918288961995,0.3262600338849454,47.74475312446282,0.0,0.9726688639501803
07,hyperparam_draw,1.33233624182932,1011,dros,random,1.33233624182932,0.7110806586599527,0.7153918288961995,0.3262600338849454,47.74475312446282,0.0,0.9772468250093037
07,hyperparam_draw,7548.133278369538,1011,dros,random,7548.133278369538,0.7103351091494399,0.7153918288961995,0.3262600338849454,47.74475312446282,0.0,0.35302290437730355
07,hyperparam_draw,44.4099933112151,1011,dros,random,44.4099933112151,0.7145591468014919,0.7153918288961995,0.3262600338849454,47.74475312446282,0.0,0.7323052547359317
07,hyperparam_draw,698.0379766445961,1011,dros,random,698.0379766445961,0.7111567641716555,0.7153918288961995,0.3262600338849454,47.74475312446282,0.0,0.4660408690926719
07,hyperparam_draw,4.85349981454378,1011,dros,random,4.85349981454378,0.7149408699602462,0.7153918288961995,0.3262600338849454,47.74475312446282,0.0,0.92639480508813
07,hyperparam_draw,1524.4416671336828,1011,dros,random,1524.4416671336828,0.7107579328432543,0.7153918288961995,0.3262600338849454,47.74475312446282,0.0,0.41500652982340563
07,hyperparam_draw,836.9802003901431,1011,dros,random,836.9802003901431,0.711046150953482,0.7153918288961995,0.3262600338849454,47.74475312446282,0.0,0.45291918169220663
07,hyperparam_draw,37.648999086488864,1011,dros,random,37.648999086488864,0.7147849405083898,0.7153918288961995,0.3262600338849454,47.74475312446282,0.0,0.7493783278927753
07,hyperparam_draw,9.407701834812633,1011,dros,random,9.407701834812633,0.7156089046096246,0.7153918288961995,0.3262600338849454,47.74475312446282,0.0,0.8788388746430082
07,hyperparam_draw,18.914767826611907,1011,dros,random,18.914767826611907,0.7154938855856068,0.7153918288961995,0.3262600338849454,47.74475312446282,0.0,0.817480712555245
07,hyperparam_draw,3.7162293989380526,1011,dros,random,3.7162293989380526,0.7144269110653348,0.7153918288961995,0.3262600338849454,47.74475312446282,0.0,0.9418752417232372
07,hyperparam_draw,4.716300163945049,1011,dros,random,4.716300163945049,0.7148926512606315,0.7153918288961995,0.3262600338849454,47.74475312446282,0.0,0.9281686866253996
07,hyperparam_draw,1.3367150172746354,1011,dros,random,1.3367150172746354,0.7110946824584935,0.7153918288961995,0.3262600338849454,47.74475312446282,0.0,0.9771988121639892
07,hyperparam_draw,7672.141327505187,1011,dros,random,7672.141327505187,0.7103325394563773,0.7153918288961995,0.3262600338849454,47.74475312446282,0.0,0.3526522461227921
07,hyperparam_draw,10.901537659255755,1011,dros,random,10.901537659255755,0.7156485110872187,0.7153918288961995,0.3262600338849454,47.74475312446282,0.0,0.866720815062562
07,hyperparam_draw,2165.097099600349,1011,dros,random,2165.097099600349,0.7106306068848178,0.7153918288961995,0.3262600338849454,47.74475312446282,0.0,0.3966661575479488
07,hyperparam_draw,30.72332329127116,1011,dros,random,30.72332329127116,0.7150388975515184,0.7153918288961995,0.3262600338849454,47.74475312446282,0.0,0.7700700527846029
07,hyperparam_draw,418.79712907606694,1011,dros,random,418.79712907606694,0.7115455087142927,0.7153918288961995,0.3262600338849454,47.74475312446282,0.0,0.5070005923820139
07,hyperparam_draw,29.38610421475341,1011,dros,random,29.38610421475341,0.7150902562588406,0.7153918288961995,0.3262600338849454,47.74475312446282,0.0,0.7745435419777422
07,hyperparam_draw,1911.5241123317578,1011,dros,random,1911.5241123317578,0.710672998244677,0.7153918288961995,0.3262600338849454,47.74475312446282,0.0,0.40285579770668206
07,hyperparam_draw,3.98154842844123,1011,dros,random,3.98154842844123,0.7145737016088688,0.7153918288961995,0.3262600338849454,47.74475312446282,0.0,0.938103358755716
07,hyperparam_draw,4.793474904873117,1011,dros,random,4.793474904873117,0.7149201484301868,0.7153918288961995,0.3262600338849454,47.74475312446282,0.0,0.9271678192801557
07,hyperparam_draw,2398.3380089005514,1011,dros,random,2398.3380089005514,0.7105978837506529,0.7153918288961995,0.3262600338849454,47.74475312446282,0.0,0.3918453081532823
07,hyperparam_draw,177.18483008504322,1011,dros,random,177.18483008504322,0.7125065876812179,0.7153918288961995,0.3262600338849454,47.74475312446282,0.0,0.5877706038173487
07,hyperparam_draw,3857.8582757583968,1011,dros,random,3857.8582757583968,0.7104676487202888,0.7153918288961995,0.3262600338849454,47.74475312446282,0.0,0.3724877581525552
07,hyperparam_draw,616.1426329560173,1011,dros,random,616.1426329560173,0.7112405654124547,0.7153918288961995,0.3262600338849454,47.74475312446282,0.0,0.47550251906170377
07,hyperparam_draw,2278.935714803195,1011,dros,random,2278.935714803195,0.710613989514808,0.7153918288961995,0.3262600338849454,47.74475312446282,0.0,0.39422206201760757
07,hyperparam_draw,195.26584658267467,1011,dros,random,195.26584658267467,0.7123787245344589,0.7153918288961995,0.3262600338849454,47.74475312446282,0.0,0.578051278461856
07,hyperparam_draw,4029.497015513008,1011,dros,random,4029.497015513008,0.7104573487166282,0.7153918288961995,0.3262600338849454,47.74475312446282,0.0,0.370957735312167
07,hyperparam_draw,9091.309007220367,1011,dros,random,9091.309007220367,0.7103074137188995,0.7153918288961995,0.3262600338849454,47.74475312446282,0.0,0.3490459555986139
07,hyperparam_draw,4683.742576713728,1011,dros,random,4683.742576713728,0.71042366921511,0.7153918288961995,0.3262600338849454,47.74475312446282,0.0,0.36596896703117876
07,hyperparam_draw,2.2333461890111854,1011,dros,random,2.2333461890111854,0.7130352997284499,0.7153918288961995,0.3262600338849454,47.74475312446282,0.0,0.9644644439763926
07,hyperparam_draw,4382.649393281769,1011,dros,random,4382.649393281769,0.7104381807018038,0.7153918288961995,0.3262600338849454,47.74475312446282,0.0,0.3681154039469749
07,hyperparam_draw,26.831755455080845,1011,dros,random,26.831755455080845,0.7151898276096894,0.7153918288961995,0.3262600338849454,47.74475312446282,0.0,0.7836148199125914
07,hyperparam_draw,6291.730123027667,1011,dros,random,6291.730123027667,0.710365787169853,0.7153918288961995,0.3262600338849454,47.74475312446282,0.0,0.35747208497261074
07,hyperparam_draw,319.36769561662663,1011,dros,random,319.36769561662663,0.7118054216643238,0.7153918288961995,0.3262600338849454,47.74475312446282,0.0,0.5310190408358634
07,hyperparam_draw,4087.7991230192924,1011,dros,random,4087.7991230192924,0.7104540052583255,0.7153918288961995,0.3262600338849454,47.74475312446282,0.0,0.37046144553402843
07,hyperparam_draw,2480.4489775431134,1011,dros,random,2480.4489775431134,0.7105875084946287,0.7153918288961995,0.3262600338849454,47.74475312446282,0.0,0.39031061937888856
07,hyperparam_draw,44.57764937260726,1011,dros,random,44.57764937260726,0.7145538280703344,0.7153918288961995,0.3262600338849454,47.74475312446282,0.0,0.7319134461289485
07,hyperparam_draw,nan,1011,ips,fixed,nan,0.7117915004774813,0.7153918288961995,0.3262600338849454,47.74475312446282,0.0,0.3262600338849454
07,hyperparam_draw,nan,1011,snips,fixed,nan,0.7139945505305351,0.7153918288961995,0.3262600338849454,47.74475312446282,0.0,0.3262600338849454
07,hyperparam_draw,nan,1011,dr,fixed,nan,0.7101418992945041,0.7153918288961995,0.3262600338849454,47.74475312446282,0.0,0.3262600338849454
07,hyperparam_draw,5.776937758414703,1011,clipped_ips,slope,5.776937758414703,0.6984844400639788,0.7153918288961995,0.3262600338849454,47.74475312446282,0.0,0.5771110041125025
07,hyperparam_draw,0.7046999147031772,1011,switch_dr,slope,0.7046999147031772,0.7071461415443336,0.7153918288961995,0.3262600338849454,47.74475312446282,0.0,0.48948595115931803
07,hyperparam_draw,0.4966019697826652,1011,dros,slope,0.4966019697826652,0.7062175124814201,0.7153918288961995,0.3262600338849454,47.74475312446282,0.0,0.9736337277510054
07,hyperparam_draw,69.11765302322355,1012,clipped_ips,random,69.11765302322355,0.7355455758250905,0.7153918288961995,0.24999459427114754,54.69427248407114,0.0,0.24999459427114754
07,hyperparam_draw,30.471627021591495,1012,clipped_ips,random,30.471627021591495,0.7318986292359229,0.7153918288961995,0.24999459427114754,54.69427248407114,0.0,0.31589284934698963
07,hyperparam_draw,1.2436325110744657,1012,clipped_ips,random,1.2436325110744657,0.6330932744932006,0.7153918288961995,0.24999459427114754,54.69427248407114,0.0,0.8978609112294658
07,hyperparam_draw,23.261784922898567,1012,clipped_ips,random,23.261784922898567,0.7307566190784215,0.7153918288961995,0.24999459427114754,54.69427248407114,0.0,0.3474997001411077
07,hyperparam_draw,1.2186182605640288,1012,clipped_ips,random,1.2186182605640288,0.6308544665380851,0.7153918288961995,0.24999459427114754,54.69427248407114,0.0,0.9015159762144934
07,hyperparam_draw,34.77029611966445,1012,clipped_ips,random,34.77029611966445,0.7324997934718883,0.7153918288961995,0.24999459427114754,54.69427248407114,0.0,0.3015108427364214
07,hyperparam_draw,2.42434865633405,1012,clipped_ips,random,2.42434865633405,0.683347061302478,0.7153918288961995,0.24999459427114754,54.69427248407114,0.0,0.7627245031364124
07,hyperparam_draw,54.318674855209885,1012,clipped_ips,random,54.318674855209885,0.7355087328200818,0.7153918288961995,0.24999459427114754,54.69427248407114,0.0,0.2502261850765141
07,hyperparam_draw,2.3333297601988305,1012,clipped_ips,random,2.3333297601988305,0.6812251558035585,0.7153918288961995,0.24999459427114754,54.69427248407114,0.0,0.7710209481893998
07,hyperparam_draw,49.32870132836526,1012,clipped_ips,random,49.32870132836526,0.7347001717241334,0.7153918288961995,0.24999459427114754,54.69427248407114,0.0,0.2573743661006371
07,hyperparam_draw,7.790475546131157,1012,clipped_ips,random,7.790475546131157,0.7189276705300903,0.7153918288961995,0.24999459427114754,54.69427248407114,0.0,0.5143676611073554
07,hyperparam_draw,3.178747503740428,1012,clipped_ips,random,3.178747503740428,0.6957906356844707,0.7153918288961995,0.24999459427114754,54.69427248407114,0.0,0.7037707608394848
07,hyperparam_draw,59.51800038970761,1012,clipped_ips,random,59.51800038970761,0.7355455758250905,0.7153918288961995,0.24999459427114754,54.69427248407114,0.0,0.24999459427114754
07,hyperparam_draw,8.262825398462923,1012,clipped_ips,random,8.262825398462923,0.7199860111408408,0.7153918288961995,0.24999459427114754,54.69427248407114,0.0,0.5030739450798004
07,hyperparam_draw,9.774084329980194,1012,clipped_ips,random,9.774084329980194,0.722599451886539,0.7153918288961995,0.24999459427114754,54.69427248407114,0.0,0.47354713164735357
07,hyperparam_draw,8.684048318587228,1012,clipped_ips,random,8.684048318587228,0.7208017242818231,0.7153918288961995,0.24999459427114754,54.69427248407114,0.0,0.4937513450950252
07,hyperparam_draw,31.656424837774455,1012,clipped_ips,random,31.656424837774455,0.7320643219323574,0.7153918288961995,0.24999459427114754,54.69427248407114,0.0,0.31199299942128217
07,hyperparam_draw,74.57814360006952,1012,clipped_ips,random,74.57814360006952,0.7355455758250905,0.7153918288961995,0.24999459427114754,54.69427248407114,0.0,0.24999459427114754
07,hyperparam_draw,12.468928018267539,1012,clipped_ips,random,12.468928018267539,0.7257340480483446,0.7153918288961995,0.24999459427114754,54.69427248407114,0.0,0.43546773802642263
07,hyperparam_draw,66.48393010679881,1012,clipped_ips,random,66.48393010679881,0.7355455758250905,0.7153918288961995,0.24999459427114754,54.69427248407114,0.0,0.24999459427114754
07,hyperparam_draw,3.2498687917901155,1012,clipped_ips,random,3.2498687917901155,0.6966018618984494,0.7153918288961995,0.24999459427114754,54.69427248407114,0.0,0.6990579603133112
07,hyperparam_draw,10.986718580441874,1012,clipped_ips,random,10.986718580441874,0.7242240465706213,0.7153918288961995,0.24999459427114754,54.69427248407114,0.0,0.45421456005984684
07,hyperparam_draw,89.02260678109694,1012,clipped_ips,random,89.02260678109694,0.7355455758250905,0.7153918288961995,0.24999459427114754,54.69427248407114,0.0,0.24999459427114754
07,hyperparam_draw,39.78854848245674,1012,clipped_ips,random,39.78854848245674,0.7332015906511391,0.7153918288961995,0.24999459427114754,54.69427248407114,0.0,0.2842026737761823
07,hyperparam_draw,1.063749573304618,1012,clipped_ips,random,1.063749573304618,0.6142162748566203,0.7153918288961995,0.24999459427114754,54.69427248407114,0.0,0.9247859440387636
07,hyperparam_draw,4.067716387612055,1012,clipped_ips,random,4.067716387612055,0.7041396805941871,0.7153918288961995,0.24999459427114754,54.69427248407114,0.0,0.6508628611455459
07,hyperparam_draw,16.893204577566127,1012,clipped_ips,random,16.893204577566127,0.7284288426236708,0.7153918288961995,0.24999459427114754,54.69427248407114,0.0,0.39269213431564515
07,hyperparam_draw,81.2759265816332,1012,clipped_ips,random,81.2759265816332,0.7355455758250905,0.7153918288961995,0.24999459427114754,54.69427248407114,0.0,0.24999459427114754
07,hyperparam_draw,9.107126609300588,1012,clipped_ips,random,9.107126609300588,0.7215439892443843,0.7153918288961995,0.24999459427114754,54.69427248407114,0.0,0.4853755130952809
07,hyperparam_draw,9.28595708635764,1012,clipped_ips,random,9.28595708635764,0.7218378762568446,0.7153918288961995,0.24999459427114754,54.69427248407114,0.0,0.4820523592334821
07,hyperparam_draw,4.504047950525114,1012,clipped_ips,random,4.504047950525114,0.7070351042829245,0.7153918288961995,0.24999459427114754,54.69427248407114,0.0,0.6286670191759494
07,hyperparam_draw,1.0006573071471776,1012,clipped_ips,random,1.0006573071471776,0.6056199397878677,0.7153918288961995,0.24999459427114754,54.69427248407114,0.0,0.9345322261523832
07,hyperparam_draw,1.1106127632277183,1012,clipped_ips,random,1.1106127632277183,0.619829416407434,0.7153918288961995,0.24999459427114754,54.69427248407114,0.0,0.917647388382819
07,hyperparam_draw,13.283467557610395,1012,clipped_ips,random,13.283467557610395,0.7263780673866077,0.7153918288961995,0.24999459427114754,54.69427248407114,0.0,0.42656936209642565
07,hyperparam_draw,2.0127066319323963,1012,clipped_ips,random,2.0127066319323963,0.672555448650412,0.7153918288961995,0.24999459427114754,54.69427248407114,0.0,0.8024184761666321
07,hyperparam_draw,38.24173895893081,1012,clipped_ips,random,38.24173895893081,0.7329852710079705,0.7153918288961995,0.24999459427114754,54.69427248407114,0.0,0.2895670354611183
07,hyperparam_draw,33.75777737255238,1012,clipped_ips,random,33.75777737255238,0.732358193817409,0.7153918288961995,0.24999459427114754,54.69427248407114,0.0,0.3049505308649208
07,hyperparam_draw,18.81872619074593,1012,clipped_ips,random,18.81872619074593,0.7293530655322618,0.7153918288961995,0.24999459427114754,54.69427248407114,0.0,0.375959875785916
07,hyperparam_draw,29.239921748887788,1012,clipped_ips,random,29.239921748887788,0.73171310744647,0.7153918288961995,0.24999459427114754,54.69427248407114,0.0,0.32035874133338393
07,hyperparam_draw,80.01947351577182,1012,clipped_ips,random,80.01947351577182,0.7355455758250905,0.7153918288961995,0.24999459427114754,54.69427248407114,0.0,0.24999459427114754
07,hyperparam_draw,0.9378008986765313,1012,clipped_ips,random,0.9378008986765313,0.5955874538416616,0.7153918288961995,0.24999459427114754,54.69427248407114,0.0,0.9442935168652259
07,hyperparam_draw,12.868409472114388,1012,clipped_ips,random,12.868409472114388,0.7260668471760567,0.7153918288961995,0.24999459427114754,54.69427248407114,0.0,0.4310152417550255
07,hyperparam_draw,1.9578200884404025,1012,clipped_ips,random,1.9578200884404025,0.6707802726232944,0.7153918288961995,0.24999459427114754,54.69427248407114,0.0,0.8082680945345156
07,hyperparam_draw,3.3462844892568087,1012,clipped_ips,random,3.3462844892568087,0.6976543528893567,0.7153918288961995,0.24999459427114754,54.69427248407114,0.0,0.6928582554718686
07,hyperparam_draw,3.581914804960475,1012,clipped_ips,random,3.581914804960475,0.7000370693782408,0.7153918288961995,0.24999459427114754,54.69427248407114,0.0,0.6783169841002769
07,hyperparam_draw,0.848417574666666,1012,clipped_ips,random,0.848417574666666,0.5777988001313454,0.7153918288961995,0.24999459427114754,54.69427248407114,0.0,0.9581119361946395
07,hyperparam_draw,39.48868785465229,1012,clipped_ips,random,39.48868785465229,0.73315965546583,0.7153918288961995,0.24999459427114754,54.69427248407114,0.0,0.285243483072396
07,hyperparam_draw,45.408671623595836,1012,clipped_ips,random,45.408671623595836,0.734118445026664,0.7153918288961995,0.24999459427114754,54.69427248407114,0.0,0.26640760485493675
07,hyperparam_draw,9.912734646253604,1012,clipped_ips,random,9.912734646253604,0.7228081641042119,0.7153918288961995,0.24999459427114754,54.69427248407114,0.0,0.47121552669562333
07,hyperparam_draw,21.681701627084692,1012,clipped_ips,random,21.681701627084692,0.7304644069828495,0.7153918288961995,0.24999459427114754,54.69427248407114,0.0,0.3555279847386434
07,hyperparam_draw,82.28663762729099,1012,clipped_ips,random,82.28663762729099,0.7355455758250905,0.7153918288961995,0.24999459427114754,54.69427248407114,0.0,0.24999459427114754
07,hyperparam_draw,24.78439766828324,1012,clipped_ips,random,24.78439766828324,0.7310119565691741,0.7153918288961995,0.24999459427114754,54.69427248407114,0.0,0.33987574118772707
07,hyperparam_draw,31.499316554498595,1012,clipped_ips,random,31.499316554498595,0.7320423505084295,0.7153918288961995,0.24999459427114754,54.69427248407114,0.0,0.312513377954444
07,hyperparam_draw,3.2194912736809327,1012,clipped_ips,random,3.2194912736809327,0.6962578600031095,0.7153918288961995,0.24999459427114754,54.69427248407114,0.0,0.7010577854396053
07,hyperparam_draw,4.255637935234847,1012,clipped_ips,random,4.255637935234847,0.705475457233566,0.7153918288961995,0.24999459427114754,54.69427248407114,0.0,0.6409367263745892
07,hyperparam_draw,2.178496844046345,1012,clipped_ips,random,2.178496844046345,0.6773321978164795,0.7153918288961995,0.24999459427114754,54.69427248407114,0.0,0.7857223281466756
07,hyperparam_draw,6.824736321360119,1012,clipped_ips,random,6.824736321360119,0.716452200889487,0.7153918288961995,0.24999459427114754,54.69427248407114,0.0,0.5410256141166223
07,hyperparam_draw,2.0724252068374556,1012,clipped_ips,random,2.0724252068374556,0.6743609597238638,0.7153918288961995,0.24999459427114754,54.69427248407114,0.0,0.796263266512883
07,hyperparam_draw,5.3757351314794555,1012,clipped_ips,random,5.3757351314794555,0.7112461112180636,0.7153918288961995,0.24999459427114754,54.69427248407114,0.0,0.5918048796818479
07,hyperparam_draw,100.08478163991391,1012,clipped_ips,random,100.08478163991391,0.7355455758250905,0.7153918288961995,0.24999459427114754,54.69427248407114,0.0,0.24999459427114754
07,hyperparam_draw,22.659832981049846,1012,switch_dr,random,22.659832981049846,0.7305417464758244,0.7153918288961995,0.24999459427114754,54.69427248407114,0.0,0.4092616039733857
07,hyperparam_draw,15.090770100041196,1012,switch_dr,random,15.090770100041196,0.7275672602709704,0.7153918288961995,0.24999459427114754,54.69427248407114,0.0,0.48056348998451076
07,hyperparam_draw,1.9344926073674018,1012,switch_dr,random,1.9344926073674018,0.7238672843561224,0.7153918288961995,0.24999459427114754,54.69427248407114,0.0,0.8146409276816117
07,hyperparam_draw,7.966438910169962,1012,switch_dr,random,7.966438910169962,0.7251483301830788,0.7153918288961995,0.24999459427114754,54.69427248407114,0.0,0.5999679802957301
07,hyperparam_draw,100.1748610641254,1012,switch_dr,random,100.1748610641254,0.7346039868339198,0.7153918288961995,0.24999459427114754,54.69427248407114,0.0,0.24999459427114754
07,hyperparam_draw,9.35576015510768,1012,switch_dr,random,9.35576015510768,0.7241770112629788,0.7153918288961995,0.24999459427114754,54.69427248407114,0.0,0.560728691797618
07,hyperparam_draw,37.014098407158514,1012,switch_dr,random,37.014098407158514,0.7295515445144104,0.7153918288961995,0.24999459427114754,54.69427248407114,0.0,0.36940580048104027
07,hyperparam_draw,16.826955576110556,1012,switch_dr,random,16.826955576110556,0.7275611814448424,0.7153918288961995,0.24999459427114754,54.69427248407114,0.0,0.4762749596044901
07,hyperparam_draw,26.70636625996422,1012,switch_dr,random,26.70636625996422,0.7299482174081711,0.7153918288961995,0.24999459427114754,54.69427248407114,0.0,0.4007438533344715
07,hyperparam_draw,7.226917894427075,1012,switch_dr,random,7.226917894427075,0.7266215484260906,0.7153918288961995,0.24999459427114754,54.69427248407114,0.0,0.621642582186962
07,hyperparam_draw,5.036571057849175,1012,switch_dr,random,5.036571057849175,0.7274042754625063,0.7153918288961995,0.24999459427114754,54.69427248407114,0.0,0.683809402558019
07,hyperparam_draw,4.053897737515718,1012,switch_dr,random,4.053897737515718,0.7268990351490084,0.7153918288961995,0.24999459427114754,54.69427248407114,0.0,0.7284197638906212
07,hyperparam_draw,6.66667178252887,1012,switch_dr,random,6.66667178252887,0.7271118342793371,0.7153918288961995,0.24999459427114754,54.69427248407114,0.0,0.6392861062794591
07,hyperparam_draw,1.32891347000083,1012,switch_dr,random,1.32891347000083,0.723100703071138,0.7153918288961995,0.24999459427114754,54.69427248407114,0.0,0.8076610957045924
07,hyperparam_draw,1.498454035410336,1012,switch_dr,random,1.498454035410336,0.724405437195813,0.7153918288961995,0.24999459427114754,54.69427248407114,0.0,0.816827083330479
07,hyperparam_draw,72.25874418374049,1012,switch_dr,random,72.25874418374049,0.7346039868339198,0.7153918288961995,0.24999459427114754,54.69427248407114,0.0,0.24999459427114754
07,hyperparam_draw,2.1274955687331794,1012,switch_dr,random,2.1274955687331794,0.7238663768187172,0.7153918288961995,0.24999459427114754,54.69427248407114,0.0,0.8080999678314883
07,hyperparam_draw,4.028474237246787,1012,switch_dr,random,4.028474237246787,0.7268222806141909,0.7153918288961995,0.24999459427114754,54.69427248407114,0.0,0.7295274492710235
07,hyperparam_draw,59.4682091049816,1012,switch_dr,random,59.4682091049816,0.7346039868339198,0.7153918288961995,0.24999459427114754,54.69427248407114,0.0,0.24999459427114754
07,hyperparam_draw,2.930281098928266,1012,switch_dr,random,2.930281098928266,0.7257521410860205,0.7153918288961995,0.24999459427114754,54.69427248407114,0.0,0.7738789691497514
07,hyperparam_draw,2.341371007659738,1012,switch_dr,random,2.341371007659738,0.7231737636207368,0.7153918288961995,0.24999459427114754,54.69427248407114,0.0,0.8009403981112462
07,hyperparam_draw,62.38064554955248,1012,switch_dr,random,62.38064554955248,0.7346039868339198,0.7153918288961995,0.24999459427114754,54.69427248407114,0.0,0.24999459427114754
07,hyperparam_draw,0.9022768927125991,1012,switch_dr,random,0.9022768927125991,0.7161547659978585,0.7153918288961995,0.24999459427114754,54.69427248407114,0.0,0.7021579730520083
07,hyperparam_draw,1.496545746712431,1012,switch_dr,random,1.496545746712431,0.7244246010988193,0.7153918288961995,0.24999459427114754,54.69427248407114,0.0,0.8167786093930965
07,hyperparam_draw,2.9837234926233265,1012,switch_dr,random,2.9837234926233265,0.7256763811362785,0.7153918288961995,0.24999459427114754,54.69427248407114,0.0,0.7712539412996565
07,hyperparam_draw,79.58228621975371,1012,switch_dr,random,79.58228621975371,0.7346039868339198,0.7153918288961995,0.24999459427114754,54.69427248407114,0.0,0.24999459427114754
07,hyperparam_draw,5.304361611708993,1012,switch_dr,random,5.304361611708993,0.7272716058892315,0.7153918288961995,0.24999459427114754,54.69427248407114,0.0,0.679384718479774
07,hyperparam_draw,30.710520314979153,1012,switch_dr,random,30.710520314979153,0.7295515445144104,0.7153918288961995,0.24999459427114754,54.69427248407114,0.0,0.36940580048104027
07,hyperparam_draw,42.81189253702351,1012,switch_dr,random,42.81189253702351,0.7272896148716299,0.7153918288961995,0.24999459427114754,54.69427248407114,0.0,0.3485727495870786
07,hyperparam_draw,1.7478281162725557,1012,switch_dr,random,1.7478281162725557,0.7241899172384019,0.7153918288961995,0.24999459427114754,54.69427248407114,0.0,0.8181946533353229
07,hyperparam_draw,81.54457384666632,1012,switch_dr,random,81.54457384666632,0.7346039868339198,0.7153918288961995,0.24999459427114754,54.69427248407114,0.0,0.24999459427114754
07,hyperparam_draw,2.169258467368632,1012,switch_dr,random,2.169258467368632,0.7238850911890412,0.7153918288961995,0.24999459427114754,54.69427248407114,0.0,0.8069255424862389
07,hyperparam_draw,5.913346694549882,1012,switch_dr,random,5.913346694549882,0.725992742515791,0.7153918288961995,0.24999459427114754,54.69427248407114,0.0,0.668006980138789
07,hyperparam_draw,5.779625352553989,1012,switch_dr,random,5.779625352553989,0.7267838025168325,0.7153918288961995,0.24999459427114754,54.69427248407114,0.0,0.6703382508699623
07,hyperparam_draw,10.360058763167537,1012,switch_dr,random,10.360058763167537,0.7252501807585026,0.7153918288961995,0.24999459427114754,54.69427248407114,0.0,0.5448417552220087
07,hyperparam_draw,1.7515969599279475,1012,switch_dr,random,1.7515969599279475,0.7240857510915083,0.7153918288961995,0.24999459427114754,54.69427248407114,0.0,0.8181489004555417
07,hyperparam_draw,20.483361120359852,1012,switch_dr,random,20.483361120359852,0.7278269545321356,0.7153918288961995,0.24999459427114754,54.69427248407114,0.0,0.4445944130078268
07,hyperparam_draw,30.464291739705327,1012,switch_dr,random,30.464291739705327,0.7295515445144104,0.7153918288961995,0.24999459427114754,54.69427248407114,0.0,0.36940580048104027
07,hyperparam_draw,9.605185081272683,1012,switch_dr,random,9.605185081272683,0.7245813433481496,0.7153918288961995,0.24999459427114754,54.69427248407114,0.0,0.5542801296263979
07,hyperparam_draw,4.48531375279524,1012,switch_dr,random,4.48531375279524,0.7278500892264049,0.7153918288961995,0.24999459427114754,54.69427248407114,0.0,0.7085478780288674
07,hyperparam_draw,102.32821154186999,1012,switch_dr,random,102.32821154186999,0.7346039868339198,0.7153918288961995,0.24999459427114754,54.69427248407114,0.0,0.24999459427114754
07,hyperparam_draw,6.587754701922291,1012,switch_dr,random,6.587754701922291,0.7271118342793371,0.7153918288961995,0.24999459427114754,54.69427248407114,0.0,0.6392861062794591
07,hyperparam_draw,9.76929908310952,1012,switch_dr,random,9.76929908310952,0.7245813433481496,0.7153918288961995,0.24999459427114754,54.69427248407114,0.0,0.5542801296263979
07,hyperparam_draw,0.8807582919324974,1012,switch_dr,random,0.8807582919324974,0.7158050703605268,0.7153918288961995,0.24999459427114754,54.69427248407114,0.0,0.6863639248637573
07,hyperparam_draw,3.6766567189730757,1012,switch_dr,random,3.6766567189730757,0.7257294917807146,0.7153918288961995,0.24999459427114754,54.69427248407114,0.0,0.7399162891388481
07,hyperparam_draw,14.077746198301169,1012,switch_dr,random,14.077746198301169,0.7269572013265401,0.7153918288961995,0.24999459427114754,54.69427248407114,0.0,0.48873652363699394
07,hyperparam_draw,3.933929285795259,1012,switch_dr,random,3.933929285795259,0.7262714485255484,0.7153918288961995,0.24999459427114754,54.69427248407114,0.0,0.7327720469989653
07,hyperparam_draw,1.2256962347407585,1012,switch_dr,random,1.2256962347407585,0.7214027129607558,0.7153918288961995,0.24999459427114754,54.69427248407114,0.0,0.7971136498529426
07,hyperparam_draw,1.3056256902413914,1012,switch_dr,random,1.3056256902413914,0.722502240104171,0.7153918288961995,0.24999459427114754,54.69427248407114,0.0,0.8056544106202206
07,hyperparam_draw,102.93795504662998,1012,switch_dr,random,102.93795504662998,0.7346039868339198,0.7153918288961995,0.24999459427114754,54.69427248407114,0.0,0.24999459427114754
07,hyperparam_draw,0.9328652146157671,1012,switch_dr,random,0.9328652146157671,0.7170750634920883,0.7153918288961995,0.24999459427114754,54.69427248407114,0.0,0.7184070076994186
07,hyperparam_draw,5.760244312478213,1012,switch_dr,random,5.760244312478213,0.7269545426586316,0.7153918288961995,0.24999459427114754,54.69427248407114,0.0,0.6714417388294822
07,hyperparam_draw,25.86388364665301,1012,switch_dr,random,25.86388364665301,0.7299482174081711,0.7153918288961995,0.24999459427114754,54.69427248407114,0.0,0.4007438533344715
07,hyperparam_draw,28.444636834139402,1012,switch_dr,random,28.444636834139402,0.7293775529150935,0.7153918288961995,0.24999459427114754,54.69427248407114,0.0,0.3803546627537805
07,hyperparam_draw,67.96662606248906,1012,switch_dr,random,67.96662606248906,0.7346039868339198,0.7153918288961995,0.24999459427114754,54.69427248407114,0.0,0.24999459427114754
07,hyperparam_draw,23.950135491897935,1012,switch_dr,random,23.950135491897935,0.7305417464758244,0.7153918288961995,0.24999459427114754,54.69427248407114,0.0,0.4092616039733857
07,hyperparam_draw,14.630015093598178,1012,switch_dr,random,14.630015093598178,0.7275805891295694,0.7153918288961995,0.24999459427114754,54.69427248407114,0.0,0.4846491362836532
07,hyperparam_draw,3.7942374331708817,1012,switch_dr,random,3.7942374331708817,0.7260501658516793,0.7153918288961995,0.24999459427114754,54.69427248407114,0.0,0.7367597740364098
07,hyperparam_draw,16.910978561676917,1012,switch_dr,random,16.910978561676917,0.7275611814448424,0.7153918288961995,0.24999459427114754,54.69427248407114,0.0,0.4762749596044901
07,hyperparam_draw,21.415422724832936,1012,switch_dr,random,21.415422724832936,0.7289178851116049,0.7153918288961995,0.24999459427114754,54.69427248407114,0.0,0.4304790856215945
07,hyperparam_draw,1136.2783665615314,1012,dros,random,1136.2783665615314,0.7299952013115721,0.7153918288961995,0.24999459427114754,54.69427248407114,0.0,0.4234304818193268
07,hyperparam_draw,16.499434344404285,1012,dros,random,16.499434344404285,0.7247231152375118,0.7153918288961995,0.24999459427114754,54.69427248407114,0.0,0.8321246602038634
07,hyperparam_draw,1.5924218368703635,1012,dros,random,1.5924218368703635,0.7163304163703883,0.7153918288961995,0.24999459427114754,54.69427248407114,0.0,0.9741661078031506
07,hyperparam_draw,4294.3802965458435,1012,dros,random,4294.3802965458435,0.7320917897854126,0.7153918288961995,0.24999459427114754,54.69427248407114,0.0,0.32931227760558307
07,hyperparam_draw,3.125858113616583,1012,dros,random,3.125858113616583,0.719818686927663,0.7153918288961995,0.24999459427114754,54.69427248407114,0.0,0.9515020032443561
07,hyperparam_draw,8680.924299805585,1012,dros,random,8680.924299805585,0.7330388856507069,0.7153918288961995,0.24999459427114754,54.69427248407114,0.0,0.2956849170286573
07,hyperparam_draw,9294.173784590937,1012,dros,random,9294.173784590937,0.7331169665869409,0.7153918288961995,0.24999459427114754,54.69427248407114,0.0,0.293129204173176
07,hyperparam_draw,0.6673806726560627,1012,dros,random,0.6673806726560627,0.7106721051496558,0.7153918288961995,0.24999459427114754,54.69427248407114,0.0,0.9781588346324662
07,hyperparam_draw,3.0367782070719924,1012,dros,random,3.0367782070719924,0.7196888141187803,0.7153918288961995,0.24999459427114754,54.69427248407114,0.0,0.9528214236984209
07,hyperparam_draw,113.43266884801554,1012,dros,random,113.43266884801554,0.7269349860795793,0.7153918288961995,0.24999459427114754,54.69427248407114,0.0,0.6346614622014901
07,hyperparam_draw,5099.633030180356,1012,dros,random,5099.633030180356,0.7323440845406882,0.7153918288961995,0.24999459427114754,54.69427248407114,0.0,0.31986242081238325
07,hyperparam_draw,13.098272088568315,1012,dros,random,13.098272088568315,0.72429411904915,0.7153918288961995,0.24999459427114754,54.69427248407114,0.0,0.8529238141361455
07,hyperparam_draw,2775.030821233539,1012,dros,random,2775.030821233539,0.731412739890425,0.7153918288961995,0.24999459427114754,54.69427248407114,0.0,0.35665017683759914
07,hyperparam_draw,31.508129538168536,1012,dros,random,31.508129538168536,0.7256423441740698,0.7153918288961995,0.24999459427114754,54.69427248407114,0.0,0.7690345808016141
07,hyperparam_draw,17.293689643582354,1012,dros,random,17.293689643582354,0.7248030225748392,0.7153918288961995,0.24999459427114754,54.69427248407114,0.0,0.8277634107357877
07,hyperparam_draw,23.62936307444516,1012,dros,random,23.62936307444516,0.7252773589584947,0.7153918288961995,0.24999459427114754,54.69427248407114,0.0,0.7978565491847353
07,hyperparam_draw,81.52976444962499,1012,dros,random,81.52976444962499,0.7266048146583596,0.7153918288961995,0.24999459427114754,54.69427248407114,0.0,0.6692760572818245
07,hyperparam_draw,151.31088924389448,1012,dros,random,151.31088924389448,0.7272451824330992,0.7153918288961995,0.24999459427114754,54.69427248407114,0.0,0.6051347192258534
07,hyperparam_draw,352.2246963041709,1012,dros,random,352.2246963041709,0.7282945182434127,0.7153918288961995,0.24999459427114754,54.69427248407114,0.0,0.5237731386623947
07,hyperparam_draw,147.95287090731424,1012,dros,random,147.95287090731424,0.7272201448445021,0.7153918288961995,0.24999459427114754,54.69427248407114,0.0,0.6074059846300597
07,hyperparam_draw,86.78662014829719,1012,dros,random,86.78662014829719,0.7266657240631225,0.7153918288961995,0.24999459427114754,54.69427248407114,0.0,0.6626823262549715
07,hyperparam_draw,301.4808665137011,1012,dros,random,301.4808665137011,0.7280871292281522,0.7153918288961995,0.24999459427114754,54.69427248407114,0.0,0.5381325297133485
07,hyperparam_draw,4.957625469227679,1012,dros,random,4.957625469227679,0.7216582830641679,0.7153918288961995,0.24999459427114754,54.69427248407114,0.0,0.9265080379411682
07,hyperparam_draw,102.83705398345413,1012,dros,random,102.83705398345413,0.726834553774082,0.7153918288961995,0.24999459427114754,54.69427248407114,0.0,0.6448710722282641
07,hyperparam_draw,23.61322896476623,1012,dros,random,23.61322896476623,0.7252764181553233,0.7153918288961995,0.24999459427114754,54.69427248407114,0.0,0.7979236527505241
07,hyperparam_draw,4177.152354323342,1012,dros,random,4177.152354323342,0.7320501725051994,0.7153918288961995,0.24999459427114754,54.69427248407114,0.0,0.3309069483813461
07,hyperparam_draw,7.389361563897968,1012,dros,random,7.389361563897968,0.7229237235478801,0.7153918288961995,0.24999459427114754,54.69427248407114,0.0,0.8993593220816878
07,hyperparam_draw,0.7900100043146282,1012,dros,random,0.7900100043146282,0.7118329720291403,0.7153918288961995,0.24999459427114754,54.69427248407114,0.0,0.97949650998713
07,hyperparam_draw,2.601767394061688,1012,dros,random,2.601767394061688,0.7189642288983659,0.7153918288961995,0.24999459427114754,54.69427248407114,0.0,0.9593591880899103
07,hyperparam_draw,242.67181271835452,1012,dros,random,242.67181271835452,0.7278076065505892,0.7153918288961995,0.24999459427114754,54.69427248407114,0.0,0.5586273045189556
07,hyperparam_draw,52.69386833385404,1012,dros,random,52.69386833385404,0.7261847720381297,0.7153918288961995,0.24999459427114754,54.69427248407114,0.0,0.7154993666833936
07,hyperparam_draw,76.22316890574632,1012,dros,random,76.22316890574632,0.7265397523136651,0.7153918288961995,0.24999459427114754,54.69427248407114,0.0,0.6763931948446743
07,hyperparam_draw,8735.798308987021,1012,dros,random,8735.798308987021,0.7330462063077348,0.7153918288961995,0.24999459427114754,54.69427248407114,0.0,0.2954439631426943
07,hyperparam_draw,488.37977797553015,1012,dros,random,488.37977797553015,0.7287463226486254,0.7153918288961995,0.24999459427114754,54.69427248407114,0.0,0.4944602727691502
07,hyperparam_draw,0.5907441571302178,1012,dros,random,0.5907441571302178,0.709826460259412,0.7153918288961995,0.24999459427114754,54.69427248407114,0.0,0.9766210421373431
07,hyperparam_draw,0.8966710440437614,1012,dros,random,0.8966710440437614,0.712691774147289,0.7153918288961995,0.24999459427114754,54.69427248407114,0.0,0.9798644630441262
07,hyperparam_draw,10972.698862396097,1012,dros,random,10972.698862396097,0.7332955234146301,0.7153918288961995,0.24999459427114754,54.69427248407114,0.0,0.2874015462733424
07,hyperparam_draw,2.934008306055858,1012,dros,random,2.934008306055858,0.7195318579232528,0.7153918288961995,0.24999459427114754,54.69427248407114,0.0,0.9543530444293301
07,hyperparam_draw,223.72382406348845,1012,dros,random,223.72382406348845,0.7277061172482366,0.7153918288961995,0.24999459427114754,54.69427248407114,0.0,0.5664478404606172
07,hyperparam_draw,41.05348612513243,1012,dros,random,41.05348612513243,0.7259339307334374,0.7153918288961995,0.24999459427114754,54.69427248407114,0.0,0.7417267778804703
07,hyperparam_draw,53.865149399371184,1012,dros,random,53.865149399371184,0.7262061814061676,0.7153918288961995,0.24999459427114754,54.69427248407114,0.0,0.7131756989201409
07,hyperparam_draw,1389.292421192278,1012,dros,random,1389.292421192278,0.7303083602565847,0.7153918288961995,0.24999459427114754,54.69427248407114,0.0,0.4074872973443872
07,hyperparam_draw,1285.2014139320427,1012,dros,random,1285.2014139320427,0.7301863841486667,0.7153918288961995,0.24999459427114754,54.69427248407114,0.0,0.41361431839376084
07,hyperparam_draw,2.776377895661038,1012,dros,random,2.776377895661038,0.7192748467017007,0.7153918288961995,0.24999459427114754,54.69427248407114,0.0,0.9567194132208738
07,hyperparam_draw,1.1158481362385357,1012,dros,random,1.1158481362385357,0.7141348348680687,0.7153918288961995,0.24999459427114754,54.69427248407114,0.0,0.979147890294853
07,hyperparam_draw,69.22138491715248,1012,dros,random,69.22138491715248,0.7264472522047495,0.7153918288961995,0.24999459427114754,54.69427248407114,0.0,0.6866005437172221
07,hyperparam_draw,52.098739148378655,1012,dros,random,52.098739148378655,0.7261736796822293,0.7153918288961995,0.24999459427114754,54.69427248407114,0.0,0.716699250508713
07,hyperparam_draw,1747.7142196931889,1012,dros,random,1747.7142196931889,0.7306719985049305,0.7153918288961995,0.24999459427114754,54.69427248407114,0.0,0.38983773507931735
07,hyperparam_draw,7.4403484830118325,1012,dros,random,7.4403484830118325,0.722943120070271,0.7153918288961995,0.24999459427114754,54.69427248407114,0.0,0.8988509301856269
07,hyperparam_draw,3.660391835797257,1012,dros,random,3.660391835797257,0.7204969256365773,0.7153918288961995,0.24999459427114754,54.69427248407114,0.0,0.9437710436962973
07,hyperparam_draw,6.227648234225655,1012,dros,random,6.227648234225655,0.7224157896266739,0.7153918288961995,0.24999459427114754,54.69427248407114,0.0,0.9115749563196172
07,hyperparam_draw,391.4188242713249,1012,dros,random,391.4188242713249,0.7284381392553245,0.7153918288961995,0.24999459427114754,54.69427248407114,0.0,0.514186770163786
07,hyperparam_draw,5.7687853729693925,1012,dros,random,5.7687853729693925,0.7221721148416964,0.7153918288961995,0.24999459427114754,54.69427248407114,0.0,0.9167642340902151
07,hyperparam_draw,0.5112340738789911,1012,dros,random,0.5112340738789911,0.7088244692114111,0.7153918288961995,0.24999459427114754,54.69427248407114,0.0,0.974222980972449
07,hyperparam_draw,477.86101940394894,1012,dros,random,477.86101940394894,0.7287156144048694,0.7153918288961995,0.24999459427114754,54.69427248407114,0.0,0.49637884540514404
07,hyperparam_draw,22.11496045984488,1012,dros,random,22.11496045984488,0.7251842802337417,0.7153918288961995,0.24999459427114754,54.69427248407114,0.0,0.8043318901090809
07,hyperparam_draw,26.773909871246076,1012,dros,random,26.773909871246076,0.7254431702740924,0.7153918288961995,0.24999459427114754,54.69427248407114,0.0,0.7854727324191646
07,hyperparam_draw,383.63131180891133,1012,dros,random,383.63131180891133,0.7284106101766503,0.7153918288961995,0.24999459427114754,54.69427248407114,0.0,0.5160033767551402
07,hyperparam_draw,193.26343991671493,1012,dros,random,193.26343991671493,0.7275282066429818,0.7153918288961995,0.24999459427114754,54.69427248407114,0.0,0.5807223864450982
07,hyperparam_draw,9.504161882943785,1012,dros,random,9.504161882943785,0.7235850002460629,0.7153918288961995,0.24999459427114754,54.69427248407114,0.0,0.879930187527636
07,hyperparam_draw,nan,1012,ips,fixed,nan,0.7355455758250905,0.7153918288961995,0.24999459427114754,54.69427248407114,0.0,0.24999459427114754
07,hyperparam_draw,nan,1012,snips,fixed,nan,0.7269040543657009,0.7153918288961995,0.24999459427114754,54.69427248407114,0.0,0.24999459427114754
07,hyperparam_draw,nan,1012,dr,fixed,nan,0.7346039868339198,0.7153918288961995,0.24999459427114754,54.69427248407114,0.0,0.24999459427114754
07,hyperparam_draw,6.119942393907831,1012,clipped_ips,slope,6.119942393907831,0.7142053678747279,0.7153918288961995,0.24999459427114754,54.69427248407114,0.0,0.5637503471943288
07,hyperparam_draw,1.447555015823558,1012,switch_dr,slope,1.447555015823558,0.7232964941789731,0.7153918288961995,0.24999459427114754,54.69427248407114,0.0,0.8151046493958717
07,hyperparam_draw,2.095415523835941,1012,dros,slope,2.095415523835941,0.7178645297411075,0.7153918288961995,0.24999459427114754,54.69427248407114,0.0,0.9670165844926034
07,hyperparam_draw,4.0526523846037525,1013,clipped_ips,random,4.0526523846037525,0.7010292760108747,0.7153918288961995,0.30676362324017903,47.27889521047989,0.0,0.6554918488420278
07,hyperparam_draw,86.87765517803517,1013,clipped_ips,random,86.87765517803517,0.725774894412529,0.7153918288961995,0.30676362324017903,47.27889521047989,0.0,0.30676362324017903
07,hyperparam_draw,3.946272995574213,1013,clipped_ips,random,3.946272995574213,0.7001877149949168,0.7153918288961995,0.30676362324017903,47.27889521047989,0.0,0.6608562990056484
07,hyperparam_draw,3.7795844026438106,1013,clipped_ips,random,3.7795844026438106,0.6987931972535409,0.7153918288961995,0.30676362324017903,47.27889521047989,0.0,0.669563032906312
07,hyperparam_draw,10.130942248449477,1013,clipped_ips,random,10.130942248449477,0.718023171098278,0.7153918288961995,0.30676362324017903,47.27889521047989,0.0,0.48867021003373357
07,hyperparam_draw,10.497232042039636,1013,clipped_ips,random,10.497232042039636,0.7183667760138566,0.7153918288961995,0.30676362324017903,47.27889521047989,0.0,0.4829546763473283
07,hyperparam_draw,1.2611384811680273,1013,clipped_ips,random,1.2611384811680273,0.6309467570389675,0.7153918288961995,0.30676362324017903,47.27889521047989,0.0,0.8946215294667703
07,hyperparam_draw,45.5732371240518,1013,clipped_ips,random,45.5732371240518,0.7256447977336781,0.7153918288961995,0.30676362324017903,47.27889521047989,0.0,0.3093743107672467
07,hyperparam_draw,36.05013762574883,1013,clipped_ips,random,36.05013762574883,0.7248864322364986,0.7153918288961995,0.30676362324017903,47.27889521047989,0.0,0.3267263511461212
07,hyperparam_draw,2.9703947653225904,1013,clipped_ips,random,2.9703947653225904,0.689856161339296,0.7153918288961995,0.30676362324017903,47.27889521047989,0.0,0.7190205301816399
07,hyperparam_draw,22.502422690905775,1013,clipped_ips,random,22.502422690905775,0.723661000358201,0.7153918288961995,0.30676362324017903,47.27889521047989,0.0,0.37777004725522534
07,hyperparam_draw,3.1488382949143348,1013,clipped_ips,random,3.1488382949143348,0.6922272118680386,0.7153918288961995,0.30676362324017903,47.27889521047989,0.0,0.7069830371072456
07,hyperparam_draw,3.1410650874476564,1013,clipped_ips,random,3.1410650874476564,0.6921284776958623,0.7153918288961995,0.30676362324017903,47.27889521047989,0.0,0.7074973359311789
07,hyperparam_draw,63.43435056045514,1013,clipped_ips,random,63.43435056045514,0.725774894412529,0.7153918288961995,0.30676362324017903,47.27889521047989,0.0,0.30676362324017903
07,hyperparam_draw,9.103677388853697,1013,clipped_ips,random,9.103677388853697,0.7168500888711745,0.7153918288961995,0.30676362324017903,47.27889521047989,0.0,0.5066201955745685
07,hyperparam_draw,4.866588826720797,1013,clipped_ips,random,4.866588826720797,0.7062644750479375,0.7153918288961995,0.30676362324017903,47.27889521047989,0.0,0.6195017784470501
07,hyperparam_draw,6.304080970780133,1013,clipped_ips,random,6.304080970780133,0.7118876692437245,0.7153918288961995,0.30676362324017903,47.27889521047989,0.0,0.569958715356655
07,hyperparam_draw,47.52135947959273,1013,clipped_ips,random,47.52135947959273,0.725774894412529,0.7153918288961995,0.30676362324017903,47.27889521047989,0.0,0.30676362324017903
07,hyperparam_draw,2.4415069864054684,1013,clipped_ips,random,2.4415069864054684,0.6809293899481291,0.7153918288961995,0.30676362324017903,47.27889521047989,0.0,0.7600309273398722
07,hyperparam_draw,1.4215549365939502,1013,clipped_ips,random,1.4215549365939502,0.6427240940127016,0.7153918288961995,0.30676362324017903,47.27889521047989,0.0,0.8723659908483505
07,hyperparam_draw,1.1965467474404612,1013,clipped_ips,random,1.1965467474404612,0.6251033439457272,0.7153918288961995,0.30676362324017903,47.27889521047989,0.0,0.9040009541202866
07,hyperparam_draw,1.2037018718064951,1013,clipped_ips,random,1.2037018718064951,0.6257933652847,0.7153918288961995,0.30676362324017903,47.27889521047989,0.0,0.9029432912817651
07,hyperparam_draw,0.9556970018049558,1013,clipped_ips,random,0.9556970018049558,0.5940299137668822,0.7153918288961995,0.30676362324017903,47.27889521047989,0.0,0.941009377207262
07,hyperparam_draw,60.08944119993434,1013,clipped_ips,random,60.08944119993434,0.725774894412529,0.7153918288961995,0.30676362324017903,47.27889521047989,0.0,0.30676362324017903
07,hyperparam_draw,4.325946553006049,1013,clipped_ips,random,4.325946553006049,0.7030416413740342,0.7153918288961995,0.30676362324017903,47.27889521047989,0.0,0.6423182663332799
07,hyperparam_draw,35.412191919896095,1013,clipped_ips,random,35.412191919896095,0.72484505648876,0.7153918288961995,0.30676362324017903,47.27889521047989,0.0,0.3285533096028666
07,hyperparam_draw,26.191465382565458,1013,clipped_ips,random,26.191465382565458,0.7241757497717414,0.7153918288961995,0.30676362324017903,47.27889521047989,0.0,0.36139181258088715
07,hyperparam_draw,1.5652932908829562,1013,clipped_ips,random,1.5652932908829562,0.6513272896939112,0.7153918288961995,0.30676362324017903,47.27889521047989,0.0,0.8531595638781587
07,hyperparam_draw,68.92381943170516,1013,clipped_ips,random,68.92381943170516,0.725774894412529,0.7153918288961995,0.30676362324017903,47.27889521047989,0.0,0.30676362324017903
07,hyperparam_draw,6.2054133556296325,1013,clipped_ips,random,6.2054133556296325,0.7116081889305975,0.7153918288961995,0.30676362324017903,47.27889521047989,0.0,0.5729469364892517
07,hyperparam_draw,91.17223145864901,1013,clipped_ips,random,91.17223145864901,0.725774894412529,0.7153918288961995,0.30676362324017903,47.27889521047989,0.0,0.30676362324017903
07,hyperparam_draw,7.340671607096203,1013,clipped_ips,random,7.340671607096203,0.7141926369071032,0.7153918288961995,0.30676362324017903,47.27889521047989,0.0,0.5420663138889132
07,hyperparam_draw,2.2520266395343986,1013,clipped_ips,random,2.2520266395343986,0.6766212301896155,0.7153918288961995,0.30676362324017903,47.27889521047989,0.0,0.7771567985960961
07,hyperparam_draw,3.7870083137519264,1013,clipped_ips,random,3.7870083137519264,0.698857645489129,0.7153918288961995,0.30676362324017903,47.27889521047989,0.0,0.6691657307254213
07,hyperparam_draw,48.72079775574033,1013,clipped_ips,random,48.72079775574033,0.725774894412529,0.7153918288961995,0.30676362324017903,47.27889521047989,0.0,0.30676362324017903
07,hyperparam_draw,2.4049057493205925,1013,clipped_ips,random,2.4049057493205925,0.6801552041472473,0.7153918288961995,0.30676362324017903,47.27889521047989,0.0,0.7631936654633127
07,hyperparam_draw,15.255741592363362,1013,clipped_ips,random,15.255741592363362,0.7214944997360515,0.7153918288961995,0.30676362324017903,47.27889521047989,0.0,0.42904346688304895
07,hyperparam_draw,1.5407103947347816,1013,clipped_ips,random,1.5407103947347816,0.649953182346541,0.7153918288961995,0.30676362324017903,47.27889521047989,0.0,0.8563945390158632
07,hyperparam_draw,0.7212968393004372,1013,clipped_ips,random,0.7212968393004372,0.5350599589373133,0.7153918288961995,0.30676362324017903,47.27889521047989,0.0,0.9770841797639161
07,hyperparam_draw,11.467475599982055,1013,clipped_ips,random,11.467475599982055,0.7191941629213424,0.7153918288961995,0.30676362324017903,47.27889521047989,0.0,0.4690188918859707
07,hyperparam_draw,15.691766070043657,1013,clipped_ips,random,15.691766070043657,0.721679650949028,0.7153918288961995,0.30676362324017903,47.27889521047989,0.0,0.4254977964804533
07,hyperparam_draw,2.765656268385974,1013,clipped_ips,random,2.765656268385974,0.6867898601351855,0.7153918288961995,0.30676362324017903,47.27889521047989,0.0,0.7340448176416435
07,hyperparam_draw,2.6228992617331897,1013,clipped_ips,random,2.6228992617331897,0.6844266765697034,0.7153918288961995,0.30676362324017903,47.27889521047989,0.0,0.7449893214193531
07,hyperparam_draw,0.7337393276010167,1013,clipped_ips,random,0.7337393276010167,0.5395412864547314,0.7153918288961995,0.30676362324017903,47.27889521047989,0.0,0.9752944896154124
07,hyperparam_draw,2.0417270956245823,1013,clipped_ips,random,2.0417270956245823,0.670701441634619,0.7153918288961995,0.30676362324017903,47.27889521047989,0.0,0.7979995507742614
07,hyperparam_draw,1.2063951801729387,1013,clipped_ips,random,1.2063951801729387,0.6260493351772931,0.7153918288961995,0.30676362324017903,47.27889521047989,0.0,0.9025468162058805
07,hyperparam_draw,2.124992254768909,1013,clipped_ips,random,2.124992254768909,0.6731796779561809,0.7153918288961995,0.30676362324017903,47.27889521047989,0.0,0.7895666071081784
07,hyperparam_draw,3.418698810953039,1013,clipped_ips,random,3.418698810953039,0.6953394797504941,0.7153918288961995,0.30676362324017903,47.27889521047989,0.0,0.690004432922857
07,hyperparam_draw,21.48391122967861,1013,clipped_ips,random,21.48391122967861,0.7234303086595532,0.7153918288961995,0.30676362324017903,47.27889521047989,0.0,0.3838651939418258
07,hyperparam_draw,3.14013423663457,1013,clipped_ips,random,3.14013423663457,0.6921166762587073,0.7153918288961995,0.30676362324017903,47.27889521047989,0.0,0.7075589980463014
07,hyperparam_draw,7.542016607776808,1013,clipped_ips,random,7.542016607776808,0.7145923124648074,0.7153918288961995,0.30676362324017903,47.27889521047989,0.0,0.5373056354763427
07,hyperparam_draw,1.7833392584559407,1013,clipped_ips,random,1.7833392584559407,0.6616317960136808,0.7153918288961995,0.30676362324017903,47.27889521047989,0.0,0.8261451482240042
07,hyperparam_draw,51.77812421026814,1013,clipped_ips,random,51.77812421026814,0.725774894412529,0.7153918288961995,0.30676362324017903,47.27889521047989,0.0,0.30676362324017903
07,hyperparam_draw,24.146493618285902,1013,clipped_ips,random,24.146493618285902,0.7239049745071098,0.7153918288961995,0.30676362324017903,47.27889521047989,0.0,0.3700484704082085
07,hyperparam_draw,0.9678717781361584,1013,clipped_ips,random,0.9678717781361584,0.5960620579730744,0.7153918288961995,0.30676362324017903,47.27889521047989,0.0,0.9391034278105314
07,hyperparam_draw,30.848941311576745,1013,clipped_ips,random,30.848941311576745,0.7244774651314665,0.7153918288961995,0.30676362324017903,47.27889521047989,0.0,0.3430885623065076
07,hyperparam_draw,2.0039622781225592,1013,clipped_ips,random,2.0039622781225592,0.6695278315160602,0.7153918288961995,0.30676362324017903,47.27889521047989,0.0,0.8018915073853828
07,hyperparam_draw,5.0156216607760795,1013,clipped_ips,random,5.0156216607760795,0.7070021872429618,0.7153918288961995,0.30676362324017903,47.27889521047989,0.0,0.6138095594427855
07,hyperparam_draw,13.581300931380747,1013,clipped_ips,random,13.581300931380747,0.7206540554978488,0.7153918288961995,0.30676362324017903,47.27889521047989,0.0,0.44398602261640446
07,hyperparam_draw,0.8168185533691449,1013,clipped_ips,random,0.8168185533691449,0.5647871203966787,0.7153918288961995,0.30676362324017903,47.27889521047989,0.0,0.962775493588457
07,hyperparam_draw,23.130567998482462,1013,switch_dr,random,23.130567998482462,0.7240006056918548,0.7153918288961995,0.30676362324017903,47.27889521047989,0.0,0.4321294242086218
07,hyperparam_draw,34.20933359294113,1013,switch_dr,random,34.20933359294113,0.7239827404319291,0.7153918288961995,0.30676362324017903,47.27889521047989,0.0,0.38371112879425723
07,hyperparam_draw,4.6426698455526045,1013,switch_dr,random,4.6426698455526045,0.7190397876545103,0.7153918288961995,0.30676362324017903,47.27889521047989,0.0,0.700786235248237
07,hyperparam_draw,2.3812306045206655,1013,switch_dr,random,2.3812306045206655,0.7207443728313733,0.7153918288961995,0.30676362324017903,47.27889521047989,0.0,0.795730354818183
07,hyperparam_draw,2.7143813126506533,1013,switch_dr,random,2.7143813126506533,0.721112944917671,0.7153918288961995,0.30676362324017903,47.27889521047989,0.0,0.7796520927486352
07,hyperparam_draw,2.1705975167159837,1013,switch_dr,random,2.1705975167159837,0.7198162974195865,0.7153918288961995,0.30676362324017903,47.27889521047989,0.0,0.804675795373285
07,hyperparam_draw,3.014870279927176,1013,switch_dr,random,3.014870279927176,0.7196187676955228,0.7153918288961995,0.30676362324017903,47.27889521047989,0.0,0.7667939080427255
07,hyperparam_draw,0.748849423284368,1013,switch_dr,random,0.748849423284368,0.7078605949008422,0.7153918288961995,0.30676362324017903,47.27889521047989,0.0,0.5537286407866244
07,hyperparam_draw,2.0860567747876457,1013,switch_dr,random,2.0860567747876457,0.7196576096579118,0.7153918288961995,0.30676362324017903,47.27889521047989,0.0,0.807214277829644
07,hyperparam_draw,17.53899571873725,1013,switch_dr,random,17.53899571873725,0.7248263716909036,0.7153918288961995,0.30676362324017903,47.27889521047989,0.0,0.47862666933579956
07,hyperparam_draw,10.20120708683206,1013,switch_dr,random,10.20120708683206,0.723602636959268,0.7153918288961995,0.30676362324017903,47.27889521047989,0.0,0.5649672981356699
07,hyperparam_draw,0.9938696510172811,1013,switch_dr,random,0.9938696510172811,0.7123249035177422,0.7153918288961995,0.30676362324017903,47.27889521047989,0.0,0.7411931351636435
07,hyperparam_draw,1.2710566115852335,1013,switch_dr,random,1.2710566115852335,0.718196638999731,0.7153918288961995,0.30676362324017903,47.27889521047989,0.0,0.8008179967459661
07,hyperparam_draw,2.6655461163950016,1013,switch_dr,random,2.6655461163950016,0.7216082470346914,0.7153918288961995,0.30676362324017903,47.27889521047989,0.0,0.7820560541428083
07,hyperparam_draw,17.808220260666697,1013,switch_dr,random,17.808220260666697,0.7248263716909036,0.7153918288961995,0.30676362324017903,47.27889521047989,0.0,0.47862666933579956
07,hyperparam_draw,23.29340440863663,1013,switch_dr,random,23.29340440863663,0.7240006056918548,0.7153918288961995,0.30676362324017903,47.27889521047989,0.0,0.4321294242086218
07,hyperparam_draw,7.534251020815566,1013,switch_dr,random,7.534251020815566,0.7235986371061695,0.7153918288961995,0.30676362324017903,47.27889521047989,0.0,0.6153540342527606
07,hyperparam_draw,35.34593969505363,1013,switch_dr,random,35.34593969505363,0.7239827404319291,0.7153918288961995,0.30676362324017903,47.27889521047989,0.0,0.38371112879425723
07,hyperparam_draw,12.203022751883749,1013,switch_dr,random,12.203022751883749,0.7234611744970361,0.7153918288961995,0.30676362324017903,47.27889521047989,0.0,0.5309089262897563
07,hyperparam_draw,1.8700468337820981,1013,switch_dr,random,1.8700468337820981,0.7207826682739484,0.7153918288961995,0.30676362324017903,47.27889521047989,0.0,0.8127832699131512
07,hyperparam_draw,1.5795917550249823,1013,switch_dr,random,1.5795917550249823,0.7200430013156196,0.7153918288961995,0.30676362324017903,47.27889521047989,0.0,0.8152108322952764
07,hyperparam_draw,5.35494367446325,1013,switch_dr,random,5.35494367446325,0.721049332518665,0.7153918288961995,0.30676362324017903,47.27889521047989,0.0,0.6777562822873108
07,hyperparam_draw,10.524708900519974,1013,switch_dr,random,10.524708900519974,0.7236264290627271,0.7153918288961995,0.30676362324017903,47.27889521047989,0.0,0.5594504184888832
07,hyperparam_draw,1.0407286623406475,1013,switch_dr,random,1.0407286623406475,0.7129968060136533,0.7153918288961995,0.30676362324017903,47.27889521047989,0.0,0.756025370778756
07,hyperparam_draw,5.9041286780863285,1013,switch_dr,random,5.9041286780863285,0.7217446632848254,0.7153918288961995,0.30676362324017903,47.27889521047989,0.0,0.6662606911574166
07,hyperparam_draw,53.802106132564035,1013,switch_dr,random,53.802106132564035,0.7250453769112122,0.7153918288961995,0.30676362324017903,47.27889521047989,0.0,0.30676362324017903
07,hyperparam_draw,23.75587790593558,1013,switch_dr,random,23.75587790593558,0.7232645150898107,0.7153918288961995,0.30676362324017903,47.27889521047989,0.0,0.4235112796449339
07,hyperparam_draw,54.51552152894068,1013,switch_dr,random,54.51552152894068,0.7250453769112122,0.7153918288961995,0.30676362324017903,47.27889521047989,0.0,0.30676362324017903
07,hyperparam_draw,2.1383345468014445,1013,switch_dr,random,2.1383345468014445,0.7196626239689285,0.7153918288961995,0.30676362324017903,47.27889521047989,0.0,0.8057750598327063
07,hyperparam_draw,26.409816797597983,1013,switch_dr,random,26.409816797597983,0.7251351249587801,0.7153918288961995,0.30676362324017903,47.27889521047989,0.0,0.4132715793674449
07,hyperparam_draw,54.33222219796422,1013,switch_dr,random,54.33222219796422,0.7250453769112122,0.7153918288961995,0.30676362324017903,47.27889521047989,0.0,0.30676362324017903
07,hyperparam_draw,4.425722037600347,1013,switch_dr,random,4.425722037600347,0.7182811449551275,0.7153918288961995,0.30676362324017903,47.27889521047989,0.0,0.7091317523100256
07,hyperparam_draw,2.104647392126122,1013,switch_dr,random,2.104647392126122,0.7198725665773051,0.7153918288961995,0.30676362324017903,47.27889521047989,0.0,0.806634627201777
07,hyperparam_draw,36.07743321186,1013,switch_dr,random,36.07743321186,0.7239827404319291,0.7153918288961995,0.30676362324017903,47.27889521047989,0.0,0.38371112879425723
07,hyperparam_draw,11.7708164693843,1013,switch_dr,random,11.7708164693843,0.7226992117511123,0.7153918288961995,0.30676362324017903,47.27889521047989,0.0,0.5443842039697447
07,hyperparam_draw,2.3691827318314265,1013,switch_dr,random,2.3691827318314265,0.7209491728249515,0.7153918288961995,0.30676362324017903,47.27889521047989,0.0,0.7961025234876455
07,hyperparam_draw,21.283288912315847,1013,switch_dr,random,21.283288912315847,0.7226970889292444,0.7153918288961995,0.30676362324017903,47.27889521047989,0.0,0.45830340274886733
07,hyperparam_draw,13.794955943992067,1013,switch_dr,random,13.794955943992067,0.7217638302919693,0.7153918288961995,0.30676362324017903,47.27889521047989,0.0,0.5116288165098554
07,hyperparam_draw,1.0742906409703457,1013,switch_dr,random,1.0742906409703457,0.7128050547233948,0.7153918288961995,0.30676362324017903,47.27889521047989,0.0,0.7650777643311697
07,hyperparam_draw,2.571225860929103,1013,switch_dr,random,2.571225860929103,0.7218009479007571,0.7153918288961995,0.30676362324017903,47.27889521047989,0.0,0.7872197183976514
07,hyperparam_draw,7.171980405599555,1013,switch_dr,random,7.171980405599555,0.7239656919883015,0.7153918288961995,0.30676362324017903,47.27889521047989,0.0,0.6248465767700334
07,hyperparam_draw,10.864471214088438,1013,switch_dr,random,10.864471214088438,0.7239236956396224,0.7153918288961995,0.30676362324017903,47.27889521047989,0.0,0.5565392931108663
07,hyperparam_draw,71.67865295434581,1013,switch_dr,random,71.67865295434581,0.7250453769112122,0.7153918288961995,0.30676362324017903,47.27889521047989,0.0,0.30676362324017903
07,hyperparam_draw,3.3041850438784333,1013,switch_dr,random,3.3041850438784333,0.7203575078128447,0.7153918288961995,0.30676362324017903,47.27889521047989,0.0,0.7541509610792159
07,hyperparam_draw,28.338897093696403,1013,switch_dr,random,28.338897093696403,0.7251351249587801,0.7153918288961995,0.30676362324017903,47.27889521047989,0.0,0.4132715793674449
07,hyperparam_draw,18.30575181973338,1013,switch_dr,random,18.30575181973338,0.7234126135493434,0.7153918288961995,0.30676362324017903,47.27889521047989,0.0,0.47218225501917543
07,hyperparam_draw,2.297942094515549,1013,switch_dr,random,2.297942094515549,0.7215004364763626,0.7153918288961995,0.30676362324017903,47.27889521047989,0.0,0.7993987401439097
07,hyperparam_draw,2.4967529135018824,1013,switch_dr,random,2.4967529135018824,0.7208309801121772,0.7153918288961995,0.30676362324017903,47.27889521047989,0.0,0.7898896923198928
07,hyperparam_draw,92.19151300436657,1013,switch_dr,random,92.19151300436657,0.7250453769112122,0.7153918288961995,0.30676362324017903,47.27889521047989,0.0,0.30676362324017903
07,hyperparam_draw,1.6387023256281896,1013,switch_dr,random,1.6387023256281896,0.7202063386518847,0.7153918288961995,0.30676362324017903,47.27889521047989,0.0,0.8157609086153581
07,hyperparam_draw,47.226394292135666,1013,switch_dr,random,47.226394292135666,0.7223870229266895,0.7153918288961995,0.30676362324017903,47.27889521047989,0.0,0.3265547494812469
07,hyperparam_draw,17.838504422981323,1013,switch_dr,random,17.838504422981323,0.7248263716909036,0.7153918288961995,0.30676362324017903,47.27889521047989,0.0,0.47862666933579956
07,hyperparam_draw,24.850746180128738,1013,switch_dr,random,24.850746180128738,0.7232645150898107,0.7153918288961995,0.30676362324017903,47.27889521047989,0.0,0.4235112796449339
07,hyperparam_draw,29.316946290262134,1013,switch_dr,random,29.316946290262134,0.7251351249587801,0.7153918288961995,0.30676362324017903,47.27889521047989,0.0,0.4132715793674449
07,hyperparam_draw,16.57739339680171,1013,switch_dr,random,16.57739339680171,0.7220938667075478,0.7153918288961995,0.30676362324017903,47.27889521047989,0.0,0.4905281440052394
07,hyperparam_draw,2.185929544060179,1013,switch_dr,random,2.185929544060179,0.7202561699717369,0.7153918288961995,0.30676362324017903,47.27889521047989,0.0,0.8039651738207139
07,hyperparam_draw,3.8667102375581672,1013,switch_dr,random,3.8667102375581672,0.7193556663579652,0.7153918288961995,0.30676362324017903,47.27889521047989,0.0,0.7311497215472529
07,hyperparam_draw,0.8202108382365554,1013,switch_dr,random,0.8202108382365554,0.7085224426058867,0.7153918288961995,0.30676362324017903,47.27889521047989,0.0,0.6317987777766216
07,hyperparam_draw,7.90623205731419,1013,switch_dr,random,7.90623205731419,0.72271919014993,0.7153918288961995,0.30676362324017903,47.27889521047989,0.0,0.6019918824376794
07,hyperparam_draw,14.604012772414668,1013,switch_dr,random,14.604012772414668,0.7219904999245549,0.7153918288961995,0.30676362324017903,47.27889521047989,0.0,0.4952138995029091
07,hyperparam_draw,75.0214208061559,1013,dros,random,75.0214208061559,0.7220241985045355,0.7153918288961995,0.30676362324017903,47.27889521047989,0.0,0.6834288904576084
07,hyperparam_draw,1.2920431018431215,1013,dros,random,1.2920431018431215,0.711373525388235,0.7153918288961995,0.30676362324017903,47.27889521047989,0.0,0.978493539283576
07,hyperparam_draw,6.792743165448515,1013,dros,random,6.792743165448515,0.7181313016942907,0.7153918288961995,0.30676362324017903,47.27889521047989,0.0,0.9040626676748703
07,hyperparam_draw,4423.157040179825,1013,dros,random,4423.157040179825,0.7244749963558126,0.7153918288961995,0.30676362324017903,47.27889521047989,0.0,0.3637860909213659
07,hyperparam_draw,1778.7307621001323,1013,dros,random,1778.7307621001323,0.7240743539186538,0.7153918288961995,0.30676362324017903,47.27889521047989,0.0,0.41409754152330724
07,hyperparam_draw,1422.9832791478161,1013,dros,random,1422.9832791478161,0.7239644773210697,0.7153918288961995,0.30676362324017903,47.27889521047989,0.0,0.4291909437808468
07,hyperparam_draw,1357.583168127497,1013,dros,random,1357.583168127497,0.7239408611122882,0.7153918288961995,0.30676362324017903,47.27889521047989,0.0,0.4324881480483252
07,hyperparam_draw,87.3018995202186,1013,dros,random,87.3018995202186,0.72216935294189,0.7153918288961995,0.30676362324017903,47.27889521047989,0.0,0.668610051134425
07,hyperparam_draw,2793.4621758314315,1013,dros,random,2793.4621758314315,0.7242841950352132,0.7153918288961995,0.30676362324017903,47.27889521047989,0.0,0.38670858614823767
07,hyperparam_draw,6687.197212223382,1013,dros,random,6687.197212223382,0.724620607394845,0.7153918288961995,0.30676362324017903,47.27889521047989,0.0,0.3476435222991842
07,hyperparam_draw,237.2193298233054,1013,dros,random,237.2193298233054,0.722944548447088,0.7153918288961995,0.30676362324017903,47.27889521047989,0.0,0.574448959769469
07,hyperparam_draw,933.1621893148681,1013,dros,random,933.1621893148681,0.7237473355406722,0.7153918288961995,0.30676362324017903,47.27889521047989,0.0,0.4600040725109984
07,hyperparam_draw,793.5328767473804,1013,dros,random,793.5328767473804,0.7236606735403042,0.7153918288961995,0.30676362324017903,47.27889521047989,0.0,0.47250422977431006
07,hyperparam_draw,214.2581790279631,1013,dros,random,214.2581790279631,0.7228763674179393,0.7153918288961995,0.30676362324017903,47.27889521047989,0.0,0.5836787997533861
07,hyperparam_draw,0.7502288458267226,1013,dros,random,0.7502288458267226,0.7082331506280104,0.7153918288961995,0.30676362324017903,47.27889521047989,0.0,0.9799621866708529
07,hyperparam_draw,2133.2445436033863,1013,dros,random,2133.2445436033863,0.724161037607044,0.7153918288961995,0.30676362324017903,47.27889521047989,0.0,0.4025303042895401
07,hyperparam_draw,51.818687949809465,1013,dros,random,51.818687949809465,0.7216300808271369,0.7153918288961995,0.30676362324017903,47.27889521047989,0.0,0.7198595787913575
07,hyperparam_draw,282.92343667178494,1013,dros,random,282.92343667178494,0.7230587835911715,0.7153918288961995,0.30676362324017903,47.27889521047989,0.0,0.5586962366040398
07,hyperparam_draw,4879.069397303963,1013,dros,random,4879.069397303963,0.7245119731212072,0.7153918288961995,0.30676362324017903,47.27889521047989,0.0,0.3595763545606783
07,hyperparam_draw,6.6876078872226765,1013,dros,random,6.6876078872226765,0.7180901362011092,0.7153918288961995,0.30676362324017903,47.27889521047989,0.0,0.9052013462008411
07,hyperparam_draw,1.4497583069062316,1013,dros,random,1.4497583069062316,0.7119984042823488,0.7153918288961995,0.30676362324017903,47.27889521047989,0.0,0.9767264875972024
07,hyperparam_draw,24.40488213899868,1013,dros,random,24.40488213899868,0.7206393096678917,0.7153918288961995,0.30676362324017903,47.27889521047989,0.0,0.7934260694536475
07,hyperparam_draw,1.0412797887889398,1013,dros,random,1.0412797887889398,0.7101579555951401,0.7153918288961995,0.30676362324017903,47.27889521047989,0.0,0.9804068560542317
07,hyperparam_draw,6.377265578237721,1013,dros,random,6.377265578237721,0.7179625611576782,0.7153918288961995,0.30676362324017903,47.27889521047989,0.0,0.9086282059414225
07,hyperparam_draw,13.875482229442646,1013,dros,random,13.875482229442646,0.7197024081674801,0.7153918288961995,0.30676362324017903,47.27889521047989,0.0,0.8457198453300545
07,hyperparam_draw,56.036271170651375,1013,dros,random,56.036271170651375,0.7217183215562479,0.7153918288961995,0.30676362324017903,47.27889521047989,0.0,0.7121393988120357
07,hyperparam_draw,227.61154711093175,1013,dros,random,227.61154711093175,0.7229170660460726,0.7153918288961995,0.30676362324017903,47.27889521047989,0.0,0.5781862721050937
07,hyperparam_draw,14.310655349603215,1013,dros,random,14.310655349603215,0.7197591331080258,0.7153918288961995,0.30676362324017903,47.27889521047989,0.0,0.842969850360805
07,hyperparam_draw,419.5878769932331,1013,dros,random,419.5878769932331,0.7233004197396786,0.7153918288961995,0.30676362324017903,47.27889521047989,0.0,0.5245102093878565
07,hyperparam_draw,39.99586161963905,1013,dros,random,39.99586161963905,0.7213186864559161,0.7153918288961995,0.30676362324017903,47.27889521047989,0.0,0.745385871727615
07,hyperparam_draw,5907.300717160347,1013,dros,random,5907.300717160347,0.7245797804370492,0.7153918288961995,0.30676362324017903,47.27889521047989,0.0,0.3520525957085026
07,hyperparam_draw,441.2761792652271,1013,dros,random,441.2761792652271,0.7233301638797426,0.7153918288961995,0.30676362324017903,47.27889521047989,0.0,0.5202455839781153
07,hyperparam_draw,28.492277479271944,1013,dros,random,28.492277479271944,0.7208647820960116,0.7153918288961995,0.30676362324017903,47.27889521047989,0.0,0.7785178292929593
07,hyperparam_draw,2.589852753241783,1013,dros,random,2.589852753241783,0.714816925706476,0.7153918288961995,0.30676362324017903,47.27889521047989,0.0,0.9598083789293396
07,hyperparam_draw,4.16025048015286,1013,dros,random,4.16025048015286,0.7166540233473742,0.7153918288961995,0.30676362324017903,47.27889521047989,0.0,0.9363642955770807
07,hyperparam_draw,278.0759551061157,1013,dros,random,278.0759551061157,0.7230477709658859,0.7153918288961995,0.30676362324017903,47.27889521047989,0.0,0.5602287730251705
07,hyperparam_draw,526.2687385693736,1013,dros,random,526.2687385693736,0.7234323256249304,0.7153918288961995,0.30676362324017903,47.27889521047989,0.0,0.5055374636560729
07,hyperparam_draw,191.46971747165128,1013,dros,random,191.46971747165128,0.7227989226786699,0.7153918288961995,0.30676362324017903,47.27889521047989,0.0,0.5939799389134909
07,hyperparam_draw,521.9997666692623,1013,dros,random,521.9997666692623,0.7234276608589405,0.7153918288961995,0.30676362324017903,47.27889521047989,0.0,0.506210725841418
07,hyperparam_draw,527.6660641005654,1013,dros,random,527.6660641005654,0.7234338430810477,0.7153918288961995,0.30676362324017903,47.27889521047989,0.0,0.5053184217902804
07,hyperparam_draw,100.7097328483694,1013,dros,random,100.7097328483694,0.7222981677956283,0.7153918288961995,0.30676362324017903,47.27889521047989,0.0,0.6547384601742944
07,hyperparam_draw,4.9057144261841845,1013,dros,random,4.9057144261841845,0.7171952546022579,0.7153918288961995,0.30676362324017903,47.27889521047989,0.0,0.9263485601179047
07,hyperparam_draw,68.4346541756209,1013,dros,random,68.4346541756209,0.7219317219702259,0.7153918288961995,0.30676362324017903,47.27889521047989,0.0,0.692450601209024
07,hyperparam_draw,1.2428003046225762,1013,dros,random,1.2428003046225762,0.7111586634907063,0.7153918288961995,0.30676362324017903,47.27889521047989,0.0,0.9789717582961893
07,hyperparam_draw,7.95760175117835,1013,dros,random,7.95760175117835,0.7185299941438548,0.7153918288961995,0.30676362324017903,47.27889521047989,0.0,0.8921411142549863
07,hyperparam_draw,3354.4358656968234,1013,dros,random,3354.4358656968234,0.7243633875347293,0.7153918288961995,0.30676362324017903,47.27889521047989,0.0,0.3769523036177429
07,hyperparam_draw,899.2687691909049,1013,dros,random,899.2687691909049,0.7237277172567872,0.7153918288961995,0.30676362324017903,47.27889521047989,0.0,0.4628279962589835
07,hyperparam_draw,240.18258928197983,1013,dros,random,240.18258928197983,0.7229527472454353,0.7153918288961995,0.30676362324017903,47.27889521047989,0.0,0.5733297833338994
07,hyperparam_draw,33.38317963687986,1013,dros,random,33.38317963687986,0.72108345044914,0.7153918288961995,0.30676362324017903,47.27889521047989,0.0,0.7631060960303091
07,hyperparam_draw,556.7162578396363,1013,dros,random,556.7162578396363,0.7234643866264279,0.7153918288961995,0.30676362324017903,47.27889521047989,0.0,0.500906771146921
07,hyperparam_draw,2549.8475098045183,1013,dros,random,2549.8475098045183,0.7242433179591301,0.7153918288961995,0.30676362324017903,47.27889521047989,0.0,0.3918749704236693
07,hyperparam_draw,114.38863821381672,1013,dros,random,114.38863821381672,0.7224069511582797,0.7153918288961995,0.30676362324017903,47.27889521047989,0.0,0.6424667229375682
07,hyperparam_draw,1121.8242613374791,1013,dros,random,1121.8242613374791,0.7238435772401752,0.7153918288961995,0.30676362324017903,47.27889521047989,0.0,0.4462269590826087
07,hyperparam_draw,89.83275309952407,1013,dros,random,89.83275309952407,0.7221957203994391,0.7153918288961995,0.30676362324017903,47.27889521047989,0.0,0.6658273859156316
07,hyperparam_draw,871.1999958013752,1013,dros,random,871.1999958013752,0.7237108261892539,0.7153918288961995,0.30676362324017903,47.27889521047989,0.0,0.4652624671589605
07,hyperparam_draw,11.543628053073762,1013,dros,random,11.543628053073762,0.7193481790094878,0.7153918288961995,0.30676362324017903,47.27889521047989,0.0,0.8617682278520699
07,hyperparam_draw,54.965930615792786,1013,dros,random,54.965930615792786,0.7216968218347669,0.7153918288961995,0.30676362324017903,47.27889521047989,0.0,0.71404190106933
07,hyperparam_draw,0.5432921688754534,1013,dros,random,0.5432921688754534,0.7063068645841195,0.7153918288961995,0.30676362324017903,47.27889521047989,0.0,0.9759155590062857
07,hyperparam_draw,7821.468995027333,1013,dros,random,7821.468995027333,0.7246685635747351,0.7153918288961995,0.30676362324017903,47.27889521047989,0.0,0.34257876368794743
07,hyperparam_draw,244.8712565395945,1013,dros,random,244.8712565395945,0.7229654679253518,0.7153918288961995,0.30676362324017903,47.27889521047989,0.0,0.5715896218676605
07,hyperparam_draw,nan,1013,ips,fixed,nan,0.725774894412529,0.7153918288961995,0.30676362324017903,47.27889521047989,0.0,0.30676362324017903
07,hyperparam_draw,nan,1013,snips,fixed,nan,0.730829474587819,0.7153918288961995,0.30676362324017903,47.27889521047989,0.0,0.30676362324017903
07,hyperparam_draw,nan,1013,dr,fixed,nan,0.7250453769112122,0.7153918288961995,0.30676362324017903,47.27889521047989,0.0,0.30676362324017903
07,hyperparam_draw,5.752796595421784,1013,clipped_ips,slope,5.752796595421784,0.7100786969248567,0.7153918288961995,0.30676362324017903,47.27889521047989,0.0,0.5877964276278199
07,hyperparam_draw,1.418959076766931,1013,switch_dr,slope,1.418959076766931,0.7196155820516559,0.7153918288961995,0.30676362324017903,47.27889521047989,0.0,0.8114000182948273
07,hyperparam_draw,2.013444861539261,1013,dros,slope,2.013444861539261,0.7136672016582126,0.7153918288961995,0.30676362324017903,47.27889521047989,0.0,0.968789056877083
07,hyperparam_draw,95.98726608565431,1014,clipped_ips,random,95.98726608565431,0.6976719312672339,0.7153918288961995,0.2488485945644813,60.02490834439146,0.0,0.2488485945644813
07,hyperparam_draw,1.1614159157495754,1014,clipped_ips,random,1.1614159157495754,0.6130796125646196,0.7153918288961995,0.2488485945644813,60.02490834439146,0.0,0.908490299478608
07,hyperparam_draw,8.655459956939028,1014,clipped_ips,random,8.655459956939028,0.6981629238366622,0.7153918288961995,0.2488485945644813,60.02490834439146,0.0,0.49345016685869114
07,hyperparam_draw,0.9900503915426702,1014,clipped_ips,random,0.9900503915426702,0.5921223899818228,0.7153918288961995,0.2488485945644813,60.02490834439146,0.0,0.935243022787154
07,hyperparam_draw,113.71132934745025,1014,clipped_ips,random,113.71132934745025,0.6976719312672339,0.7153918288961995,0.2488485945644813,60.02490834439146,0.0,0.2488485945644813
07,hyperparam_draw,31.27964800676338,1014,clipped_ips,random,31.27964800676338,0.6994671123301721,0.7153918288961995,0.2488485945644813,60.02490834439146,0.0,0.2996756930519253
07,hyperparam_draw,93.13550563322696,1014,clipped_ips,random,93.13550563322696,0.6976719312672339,0.7153918288961995,0.2488485945644813,60.02490834439146,0.0,0.2488485945644813
07,hyperparam_draw,68.02471007842529,1014,clipped_ips,random,68.02471007842529,0.6976719312672339,0.7153918288961995,0.2488485945644813,60.02490834439146,0.0,0.2488485945644813
07,hyperparam_draw,4.095895157542355,1014,clipped_ips,random,4.095895157542355,0.6852052159129697,0.7153918288961995,0.2488485945644813,60.02490834439146,0.0,0.6508664797802408
07,hyperparam_draw,2.9221104441284025,1014,clipped_ips,random,2.9221104441284025,0.6753913558948405,0.7153918288961995,0.2488485945644813,60.02490834439146,0.0,0.7228418508750505
07,hyperparam_draw,3.0860236702979473,1014,clipped_ips,random,3.0860236702979473,0.6771578705333146,0.7153918288961995,0.2488485945644813,60.02490834439146,0.0,0.7115369419698947
07,hyperparam_draw,5.269315542942371,1014,clipped_ips,random,5.269315542942371,0.6908177148101243,0.7153918288961995,0.2488485945644813,60.02490834439146,0.0,0.5968308652401056
07,hyperparam_draw,22.641815326870294,1014,clipped_ips,random,22.641815326870294,0.7006719715346282,0.7153918288961995,0.2488485945644813,60.02490834439146,0.0,0.33646212640100437
07,hyperparam_draw,16.965428187182717,1014,clipped_ips,random,16.965428187182717,0.7007608317082898,0.7153918288961995,0.2488485945644813,60.02490834439146,0.0,0.38288802941606326
07,hyperparam_draw,2.9608522698142,1014,clipped_ips,random,2.9608522698142,0.6758286433683757,0.7153918288961995,0.2488485945644813,60.02490834439146,0.0,0.7201195601942798
07,hyperparam_draw,101.0732419802617,1014,clipped_ips,random,101.0732419802617,0.6976719312672339,0.7153918288961995,0.2488485945644813,60.02490834439146,0.0,0.2488485945644813
07,hyperparam_draw,17.535324622860273,1014,clipped_ips,random,17.535324622860273,0.7007680884486976,0.7153918288961995,0.2488485945644813,60.02490834439146,0.0,0.3781604452786125
07,hyperparam_draw,44.53776764996632,1014,clipped_ips,random,44.53776764996632,0.6980486073482947,0.7153918288961995,0.2488485945644813,60.02490834439146,0.0,0.2691152906093355
07,hyperparam_draw,1.1573293161752556,1014,clipped_ips,random,1.1573293161752556,0.6126655697185379,0.7153918288961995,0.2488485945644813,60.02490834439146,0.0,0.9091146618353039
07,hyperparam_draw,1.3859561762961214,1014,clipped_ips,random,1.3859561762961214,0.6312318579885011,0.7153918288961995,0.2488485945644813,60.02490834439146,0.0,0.8759459972305526
07,hyperparam_draw,53.98573672168558,1014,clipped_ips,random,53.98573672168558,0.6971632760786397,0.7153918288961995,0.2488485945644813,60.02490834439146,0.0,0.2527708727014273
07,hyperparam_draw,63.552638535274696,1014,clipped_ips,random,63.552638535274696,0.6976719312672339,0.7153918288961995,0.2488485945644813,60.02490834439146,0.0,0.2488485945644813
07,hyperparam_draw,34.47889167164568,1014,clipped_ips,random,34.47889167164568,0.6991159136175548,0.7153918288961995,0.2488485945644813,60.02490834439146,0.0,0.28994435458653817
07,hyperparam_draw,2.8274086887020005,1014,clipped_ips,random,2.8274086887020005,0.6742908012592228,0.7153918288961995,0.2488485945644813,60.02490834439146,0.0,0.7295890138594535
07,hyperparam_draw,42.78632321974408,1014,clipped_ips,random,42.78632321974408,0.6982321375932966,0.7153918288961995,0.2488485945644813,60.02490834439146,0.0,0.27213011488320626
07,hyperparam_draw,4.997418286748476,1014,clipped_ips,random,4.997418286748476,0.6897330723614544,0.7153918288961995,0.2488485945644813,60.02490834439146,0.0,0.6084790906532729
07,hyperparam_draw,64.28390744342632,1014,clipped_ips,random,64.28390744342632,0.6976719312672339,0.7153918288961995,0.2488485945644813,60.02490834439146,0.0,0.2488485945644813
07,hyperparam_draw,1.7749312550502103,1014,clipped_ips,random,1.7749312550502103,0.6508712600025923,0.7153918288961995,0.2488485945644813,60.02490834439146,0.0,0.8266088527535167
07,hyperparam_draw,4.200822904886492,1014,clipped_ips,random,4.200822904886492,0.6858237297841324,0.7153918288961995,0.2488485945644813,60.02490834439146,0.0,0.6455134319694379
07,hyperparam_draw,16.836774630318395,1014,clipped_ips,random,16.836774630318395,0.7007684766622151,0.7153918288961995,0.2488485945644813,60.02490834439146,0.0,0.3840041338140995
07,hyperparam_draw,0.9343432856104215,1014,clipped_ips,random,0.9343432856104215,0.5833113455740977,0.7153918288961995,0.2488485945644813,60.02490834439146,0.0,0.9440207468734134
07,hyperparam_draw,1.9975456533438773,1014,clipped_ips,random,1.9975456533438773,0.6583761314531459,0.7153918288961995,0.2488485945644813,60.02490834439146,0.0,0.8018960031428601
07,hyperparam_draw,1.8645763496437646,1014,clipped_ips,random,1.8645763496437646,0.6541197956758726,0.7153918288961995,0.2488485945644813,60.02490834439146,0.0,0.8163359903961206
07,hyperparam_draw,10.457008873624952,1014,clipped_ips,random,10.457008873624952,0.6996373922596353,0.7153918288961995,0.2488485945644813,60.02490834439146,0.0,0.4588153483907155
07,hyperparam_draw,1.9398607002461874,1014,clipped_ips,random,1.9398607002461874,0.6566252676146973,0.7153918288961995,0.2488485945644813,60.02490834439146,0.0,0.8080194319557338
07,hyperparam_draw,24.00076791626624,1014,clipped_ips,random,24.00076791626624,0.7005078951846799,0.7153918288961995,0.2488485945644813,60.02490834439146,0.0,0.3276501236110292
07,hyperparam_draw,5.86199870387333,1014,clipped_ips,random,5.86199870387333,0.69283009472557,0.7153918288961995,0.2488485945644813,60.02490834439146,0.0,0.5736181946122483
07,hyperparam_draw,20.10077434809716,1014,clipped_ips,random,20.10077434809716,0.7008030001704191,0.7153918288961995,0.2488485945644813,60.02490834439146,0.0,0.35651000200098304
07,hyperparam_draw,6.409311663897325,1014,clipped_ips,random,6.409311663897325,0.6944045336730934,0.7153918288961995,0.2488485945644813,60.02490834439146,0.0,0.5547300563472619
07,hyperparam_draw,64.77850651093462,1014,clipped_ips,random,64.77850651093462,0.6976719312672339,0.7153918288961995,0.2488485945644813,60.02490834439146,0.0,0.2488485945644813
07,hyperparam_draw,2.137349180996859,1014,clipped_ips,random,2.137349180996859,0.6621628356491951,0.7153918288961995,0.2488485945644813,60.02490834439146,0.0,0.7877509949201301
07,hyperparam_draw,9.010233346385096,1014,clipped_ips,random,9.010233346385096,0.6985150870023364,0.7153918288961995,0.2488485945644813,60.02490834439146,0.0,0.4856415374764033
07,hyperparam_draw,0.9148320322515113,1014,clipped_ips,random,0.9148320322515113,0.5798986215403271,0.7153918288961995,0.2488485945644813,60.02490834439146,0.0,0.9470902196966282
07,hyperparam_draw,4.115310225478572,1014,clipped_ips,random,4.115310225478572,0.685321513091833,0.7153918288961995,0.2488485945644813,60.02490834439146,0.0,0.64986846872206
07,hyperparam_draw,1.9568170401983793,1014,clipped_ips,random,1.9568170401983793,0.6571545674096295,0.7153918288961995,0.2488485945644813,60.02490834439146,0.0,0.8061991256808668
07,hyperparam_draw,33.7999588662475,1014,clipped_ips,random,33.7999588662475,0.6991904438353769,0.7153918288961995,0.2488485945644813,60.02490834439146,0.0,0.29203660181804564
07,hyperparam_draw,1.3838589062768905,1014,clipped_ips,random,1.3838589062768905,0.6310928327073416,0.7153918288961995,0.2488485945644813,60.02490834439146,0.0,0.8762352388889765
07,hyperparam_draw,36.83053496382847,1014,clipped_ips,random,36.83053496382847,0.6988425212751231,0.7153918288961995,0.2488485945644813,60.02490834439146,0.0,0.2834090694944304
07,hyperparam_draw,3.077376173264579,1014,clipped_ips,random,3.077376173264579,0.6770695108302185,0.7153918288961995,0.2488485945644813,60.02490834439146,0.0,0.7121201791179855
07,hyperparam_draw,1.024652467758607,1014,clipped_ips,random,1.024652467758607,0.5970122934784314,0.7153918288961995,0.2488485945644813,60.02490834439146,0.0,0.9297856384110758
07,hyperparam_draw,47.347894983128334,1014,clipped_ips,random,47.347894983128334,0.6977541399081392,0.7153918288961995,0.2488485945644813,60.02490834439146,0.0,0.2641650867031259
07,hyperparam_draw,33.09745777483679,1014,clipped_ips,random,33.09745777483679,0.6992675612746091,0.7153918288961995,0.2488485945644813,60.02490834439146,0.0,0.294187375674555
07,hyperparam_draw,21.488625669102866,1014,clipped_ips,random,21.488625669102866,0.7007447827985761,0.7153918288961995,0.2488485945644813,60.02490834439146,0.0,0.3452002304055053
07,hyperparam_draw,90.90101476909817,1014,clipped_ips,random,90.90101476909817,0.6976719312672339,0.7153918288961995,0.2488485945644813,60.02490834439146,0.0,0.2488485945644813
07,hyperparam_draw,43.54576236869733,1014,clipped_ips,random,43.54576236869733,0.6981525575331665,0.7153918288961995,0.2488485945644813,60.02490834439146,0.0,0.2708300839888194
07,hyperparam_draw,3.5783136024827913,1014,clipped_ips,random,3.5783136024827913,0.68155856626891,0.7153918288961995,0.2488485945644813,60.02490834439146,0.0,0.6798062836995502
07,hyperparam_draw,0.9428662934686083,1014,clipped_ips,random,0.9428662934686083,0.584744487786977,0.7153918288961995,0.2488485945644813,60.02490834439146,0.0,0.9426779957273542
07,hyperparam_draw,5.021078495001986,1014,clipped_ips,random,5.021078495001986,0.6898318358367437,0.7153918288961995,0.2488485945644813,60.02490834439146,0.0,0.6074525022247584
07,hyperparam_draw,14.47625936668876,1014,clipped_ips,random,14.47625936668876,0.7008510968242788,0.7153918288961995,0.2488485945644813,60.02490834439146,0.0,0.4050100279696773
07,hyperparam_draw,21.942999211047212,1014,clipped_ips,random,21.942999211047212,0.7007202068151986,0.7153918288961995,0.2488485945644813,60.02490834439146,0.0,0.3415320336881761
07,hyperparam_draw,1.6991121767621225,1014,switch_dr,random,1.6991121767621225,0.7164967794545526,0.7153918288961995,0.2488485945644813,60.02490834439146,0.0,0.81593568215256
07,hyperparam_draw,7.825795319780306,1014,switch_dr,random,7.825795319780306,0.7121078599251578,0.7153918288961995,0.2488485945644813,60.02490834439146,0.0,0.6138130685973843
07,hyperparam_draw,44.66357659446597,1014,switch_dr,random,44.66357659446597,0.7021282413137651,0.7153918288961995,0.2488485945644813,60.02490834439146,0.0,0.3108541170921605
07,hyperparam_draw,3.820814319060515,1014,switch_dr,random,3.820814319060515,0.7139368759678972,0.7153918288961995,0.2488485945644813,60.02490834439146,0.0,0.7373097020665399
07,hyperparam_draw,116.40531524925487,1014,switch_dr,random,116.40531524925487,0.6951117322920874,0.7153918288961995,0.2488485945644813,60.02490834439146,0.0,0.2488485945644813
07,hyperparam_draw,43.5411470273927,1014,switch_dr,random,43.5411470273927,0.7021282413137651,0.7153918288961995,0.2488485945644813,60.02490834439146,0.0,0.3108541170921605
07,hyperparam_draw,0.9705466004306004,1014,switch_dr,random,0.9705466004306004,0.7120283786746351,0.7153918288961995,0.2488485945644813,60.02490834439146,0.0,0.7330857141943634
07,hyperparam_draw,10.298163244887057,1014,switch_dr,random,10.298163244887057,0.7086142064733422,0.7153918288961995,0.2488485945644813,60.02490834439146,0.0,0.5501164166314295
07,hyperparam_draw,82.9853857362876,1014,switch_dr,random,82.9853857362876,0.6951117322920874,0.7153918288961995,0.2488485945644813,60.02490834439146,0.0,0.2488485945644813
07,hyperparam_draw,22.196366884924974,1014,switch_dr,random,22.196366884924974,0.7072857210947049,0.7153918288961995,0.2488485945644813,60.02490834439146,0.0,0.4325669853706192
07,hyperparam_draw,19.94578344907177,1014,switch_dr,random,19.94578344907177,0.7070255226985013,0.7153918288961995,0.2488485945644813,60.02490834439146,0.0,0.45664911628829696
07,hyperparam_draw,2.1956626153573424,1014,switch_dr,random,2.1956626153573424,0.716533401324563,0.7153918288961995,0.2488485945644813,60.02490834439146,0.0,0.8031239174306017
07,hyperparam_draw,0.8382998683356307,1014,switch_dr,random,0.8382998683356307,0.7093425629595903,0.7153918288961995,0.2488485945644813,60.02490834439146,0.0,0.6548070244817631
07,hyperparam_draw,1.8589134562464695,1014,switch_dr,random,1.8589134562464695,0.7172694352518618,0.7153918288961995,0.2488485945644813,60.02490834439146,0.0,0.8139160511632566
07,hyperparam_draw,15.316501163146821,1014,switch_dr,random,15.316501163146821,0.708444144501536,0.7153918288961995,0.2488485945644813,60.02490834439146,0.0,0.46633237411103917
07,hyperparam_draw,7.501005681242393,1014,switch_dr,random,7.501005681242393,0.7123193272635489,0.7153918288961995,0.2488485945644813,60.02490834439146,0.0,0.6172944063515236
07,hyperparam_draw,2.975949089904919,1014,switch_dr,random,2.975949089904919,0.7172498997843555,0.7153918288961995,0.2488485945644813,60.02490834439146,0.0,0.7699986034610999
07,hyperparam_draw,9.750541773556654,1014,switch_dr,random,9.750541773556654,0.7090527513350109,0.7153918288961995,0.2488485945644813,60.02490834439146,0.0,0.5597626747392639
07,hyperparam_draw,1.4095535187496364,1014,switch_dr,random,1.4095535187496364,0.7151222189551898,0.7153918288961995,0.2488485945644813,60.02490834439146,0.0,0.810499637482928
07,hyperparam_draw,1.3733888388303863,1014,switch_dr,random,1.3733888388303863,0.7155730685828405,0.7153918288961995,0.2488485945644813,60.02490834439146,0.0,0.8084549217708451
07,hyperparam_draw,41.14517777477581,1014,switch_dr,random,41.14517777477581,0.7021282413137651,0.7153918288961995,0.2488485945644813,60.02490834439146,0.0,0.3108541170921605
07,hyperparam_draw,0.8123378031907541,1014,switch_dr,random,0.8123378031907541,0.7086353009254219,0.7153918288961995,0.2488485945644813,60.02490834439146,0.0,0.629987376145162
07,hyperparam_draw,2.162164279743061,1014,switch_dr,random,2.162164279743061,0.7162913123028107,0.7153918288961995,0.2488485945644813,60.02490834439146,0.0,0.8042983778415915
07,hyperparam_draw,9.39718498433032,1014,switch_dr,random,9.39718498433032,0.7094487416007815,0.7153918288961995,0.2488485945644813,60.02490834439146,0.0,0.5644235148299572
07,hyperparam_draw,31.20280532626045,1014,switch_dr,random,31.20280532626045,0.7039970973982281,0.7153918288961995,0.2488485945644813,60.02490834439146,0.0,0.3495746868695641
07,hyperparam_draw,2.709502491299364,1014,switch_dr,random,2.709502491299364,0.7184343345725813,0.7153918288961995,0.2488485945644813,60.02490834439146,0.0,0.7798800519939434
07,hyperparam_draw,61.90298816865676,1014,switch_dr,random,61.90298816865676,0.6951117322920874,0.7153918288961995,0.2488485945644813,60.02490834439146,0.0,0.2488485945644813
07,hyperparam_draw,27.759064214170948,1014,switch_dr,random,27.759064214170948,0.7054163790391552,0.7153918288961995,0.2488485945644813,60.02490834439146,0.0,0.35968633513041603
07,hyperparam_draw,83.6087442385749,1014,switch_dr,random,83.6087442385749,0.6951117322920874,0.7153918288961995,0.2488485945644813,60.02490834439146,0.0,0.2488485945644813
07,hyperparam_draw,59.73706969319963,1014,switch_dr,random,59.73706969319963,0.6905642392046336,0.7153918288961995,0.2488485945644813,60.02490834439146,0.0,0.2694414818534054
07,hyperparam_draw,15.143556974933393,1014,switch_dr,random,15.143556974933393,0.708444144501536,0.7153918288961995,0.2488485945644813,60.02490834439146,0.0,0.46633237411103917
07,hyperparam_draw,15.407107048621393,1014,switch_dr,random,15.407107048621393,0.708444144501536,0.7153918288961995,0.2488485945644813,60.02490834439146,0.0,0.46633237411103917
07,hyperparam_draw,8.74146063227899,1014,switch_dr,random,8.74146063227899,0.7106764928218524,0.7153918288961995,0.2488485945644813,60.02490834439146,0.0,0.5882889327995132
07,hyperparam_draw,17.12538400035073,1014,switch_dr,random,17.12538400035073,0.7070255226985013,0.7153918288961995,0.2488485945644813,60.02490834439146,0.0,0.45664911628829696
07,hyperparam_draw,40.631526700855034,1014,switch_dr,random,40.631526700855034,0.7021282413137651,0.7153918288961995,0.2488485945644813,60.02490834439146,0.0,0.3108541170921605
07,hyperparam_draw,6.867877219884718,1014,switch_dr,random,6.867877219884718,0.7104049178082177,0.7153918288961995,0.2488485945644813,60.02490834439146,0.0,0.6342065310657842
07,hyperparam_draw,3.5906673996977494,1014,switch_dr,random,3.5906673996977494,0.7157909091946096,0.7153918288961995,0.2488485945644813,60.02490834439146,0.0,0.7473281049585518
07,hyperparam_draw,114.94892932971173,1014,switch_dr,random,114.94892932971173,0.6951117322920874,0.7153918288961995,0.2488485945644813,60.02490834439146,0.0,0.2488485945644813
07,hyperparam_draw,2.6498150639728215,1014,switch_dr,random,2.6498150639728215,0.7177867820073475,0.7153918288961995,0.2488485945644813,60.02490834439146,0.0,0.782293253210203
07,hyperparam_draw,0.928076321007112,1014,switch_dr,random,0.928076321007112,0.7114054024284688,0.7153918288961995,0.2488485945644813,60.02490834439146,0.0,0.714568742664709
07,hyperparam_draw,15.640792371670704,1014,switch_dr,random,15.640792371670704,0.708444144501536,0.7153918288961995,0.2488485945644813,60.02490834439146,0.0,0.46633237411103917
07,hyperparam_draw,2.3818618637008298,1014,switch_dr,random,2.3818618637008298,0.7172829293987731,0.7153918288961995,0.2488485945644813,60.02490834439146,0.0,0.7959651062896255
07,hyperparam_draw,112.4073932185893,1014,switch_dr,random,112.4073932185893,0.6951117322920874,0.7153918288961995,0.2488485945644813,60.02490834439146,0.0,0.2488485945644813
07,hyperparam_draw,59.11756277722112,1014,switch_dr,random,59.11756277722112,0.6905642392046336,0.7153918288961995,0.2488485945644813,60.02490834439146,0.0,0.2694414818534054
07,hyperparam_draw,8.702738381722849,1014,switch_dr,random,8.702738381722849,0.7108788728504004,0.7153918288961995,0.2488485945644813,60.02490834439146,0.0,0.5904024965900223
07,hyperparam_draw,1.131133817776779,1014,switch_dr,random,1.131133817776779,0.7138368686271029,0.7153918288961995,0.2488485945644813,60.02490834439146,0.0,0.7785300132806359
07,hyperparam_draw,8.092076098615497,1014,switch_dr,random,8.092076098615497,0.7119146151933886,0.7153918288961995,0.2488485945644813,60.02490834439146,0.0,0.6063734031303029
07,hyperparam_draw,39.37001285135389,1014,switch_dr,random,39.37001285135389,0.7021282413137651,0.7153918288961995,0.2488485945644813,60.02490834439146,0.0,0.3108541170921605
07,hyperparam_draw,36.67249138737177,1014,switch_dr,random,36.67249138737177,0.703802794500225,0.7153918288961995,0.2488485945644813,60.02490834439146,0.0,0.3369831071059713
07,hyperparam_draw,26.18886743752516,1014,switch_dr,random,26.18886743752516,0.7055045807347303,0.7153918288961995,0.2488485945644813,60.02490834439146,0.0,0.3680478126373584
07,hyperparam_draw,19.738809731570747,1014,switch_dr,random,19.738809731570747,0.7070255226985013,0.7153918288961995,0.2488485945644813,60.02490834439146,0.0,0.45664911628829696
07,hyperparam_draw,29.056335890975607,1014,switch_dr,random,29.056335890975607,0.7054163790391552,0.7153918288961995,0.2488485945644813,60.02490834439146,0.0,0.35968633513041603
07,hyperparam_draw,4.480858380382764,1014,switch_dr,random,4.480858380382764,0.7132110361389102,0.7153918288961995,0.2488485945644813,60.02490834439146,0.0,0.7105292941417382
07,hyperparam_draw,30.164048275102804,1014,switch_dr,random,30.164048275102804,0.7054163790391552,0.7153918288961995,0.2488485945644813,60.02490834439146,0.0,0.35968633513041603
07,hyperparam_draw,31.599826644216314,1014,switch_dr,random,31.599826644216314,0.7039970973982281,0.7153918288961995,0.2488485945644813,60.02490834439146,0.0,0.3495746868695641
07,hyperparam_draw,5.804000063748645,1014,switch_dr,random,5.804000063748645,0.7121149223592793,0.7153918288961995,0.2488485945644813,60.02490834439146,0.0,0.6684200809369004
07,hyperparam_draw,38.951053130421876,1014,switch_dr,random,38.951053130421876,0.7021282413137651,0.7153918288961995,0.2488485945644813,60.02490834439146,0.0,0.3108541170921605
07,hyperparam_draw,1.638745793822437,1014,switch_dr,random,1.638745793822437,0.7164414917983729,0.7153918288961995,0.2488485945644813,60.02490834439146,0.0,0.8160357844562826
07,hyperparam_draw,50.84599618446719,1014,switch_dr,random,50.84599618446719,0.7021282413137651,0.7153918288961995,0.2488485945644813,60.02490834439146,0.0,0.3108541170921605
07,hyperparam_draw,4.929365492891348,1014,switch_dr,random,4.929365492891348,0.7127931429558764,0.7153918288961995,0.2488485945644813,60.02490834439146,0.0,0.6971423546919586
07,hyperparam_draw,3.288424798342755,1014,dros,random,3.288424798342755,0.7120827875169321,0.7153918288961995,0.2488485945644813,60.02490834439146,0.0,0.9479444412365446
07,hyperparam_draw,187.20630927179948,1014,dros,random,187.20630927179948,0.7080314009494795,0.7153918288961995,0.2488485945644813,60.02490834439146,0.0,0.5835609010568237
07,hyperparam_draw,0.5674383847668223,1014,dros,random,0.5674383847668223,0.7051175891761072,0.7153918288961995,0.2488485945644813,60.02490834439146,0.0,0.9762079736052781
07,hyperparam_draw,0.7165496576531436,1014,dros,random,0.7165496576531436,0.7063124941790055,0.7153918288961995,0.2488485945644813,60.02490834439146,0.0,0.9790457077813806
07,hyperparam_draw,2.2342606606512008,1014,dros,random,2.2342606606512008,0.7110820577197569,0.7153918288961995,0.2488485945644813,60.02490834439146,0.0,0.9642748470907311
07,hyperparam_draw,76.72307427161559,1014,dros,random,76.72307427161559,0.7100278110824847,0.7153918288961995,0.2488485945644813,60.02490834439146,0.0,0.6776904129952012
07,hyperparam_draw,2391.547667638357,1014,dros,random,2391.547667638357,0.7004859108896856,0.7153918288961995,0.2488485945644813,60.02490834439146,0.0,0.3568318798767239
07,hyperparam_draw,3.114997724352282,1014,dros,random,3.114997724352282,0.7119643172169391,0.7153918288961995,0.2488485945644813,60.02490834439146,0.0,0.9505607316936981
07,hyperparam_draw,1.402149966360208,1014,dros,random,1.402149966360208,0.7094152878513499,0.7153918288961995,0.2488485945644813,60.02490834439146,0.0,0.9763837002395388
07,hyperparam_draw,2484.767223723263,1014,dros,random,2484.767223723263,0.7003678645822966,0.7153918288961995,0.2488485945644813,60.02490834439146,0.0,0.35428618543333057
07,hyperparam_draw,41.62428791347401,1014,dros,random,41.62428791347401,0.7112412372422591,0.7153918288961995,0.2488485945644813,60.02490834439146,0.0,0.741774640050629
07,hyperparam_draw,8786.625981032383,1014,dros,random,8786.625981032383,0.6972456527944612,0.7153918288961995,0.2488485945644813,60.02490834439146,0.0,0.29073905487309093
07,hyperparam_draw,310.4251352578143,1014,dros,random,310.4251352578143,0.7067606639215247,0.7153918288961995,0.2488485945644813,60.02490834439146,0.0,0.5322015941452561
07,hyperparam_draw,3.568415575890849,1014,dros,random,3.568415575890849,0.712247945892801,0.7153918288961995,0.2488485945644813,60.02490834439146,0.0,0.943805383916918
07,hyperparam_draw,62.123543793661355,1014,dros,random,62.123543793661355,0.710462575235439,0.7153918288961995,0.2488485945644813,60.02490834439146,0.0,0.7000404274244723
07,hyperparam_draw,51.57742942847817,1014,dros,random,51.57742942847817,0.7108326438979585,0.7153918288961995,0.2488485945644813,60.02490834439146,0.0,0.719570477138813
07,hyperparam_draw,244.1933485459419,1014,dros,random,244.1933485459419,0.7073789995517742,0.7153918288961995,0.2488485945644813,60.02490834439146,0.0,0.5563130440087447
07,hyperparam_draw,365.800731209926,1014,dros,random,365.800731209926,0.7063200447773874,0.7153918288961995,0.2488485945644813,60.02490834439146,0.0,0.5160085379865185
07,hyperparam_draw,55.719223320402186,1014,dros,random,55.719223320402186,0.7106806038086916,0.7153918288961995,0.2488485945644813,60.02490834439146,0.0,0.7114867363863953
07,hyperparam_draw,1.5011575950809812,1014,dros,random,1.5011575950809812,0.709688493107997,0.7153918288961995,0.2488485945644813,60.02490834439146,0.0,0.9751430962015817
07,hyperparam_draw,5805.962754603227,1014,dros,random,5805.962754603227,0.6980761324528563,0.7153918288961995,0.2488485945644813,60.02490834439146,0.0,0.3071482114394719
07,hyperparam_draw,51.46085685426093,1014,dros,random,51.46085685426093,0.7108370615939174,0.7153918288961995,0.2488485945644813,60.02490834439146,0.0,0.7198066833083581
07,hyperparam_draw,35.21344933483218,1014,dros,random,35.21344933483218,0.7115440645953457,0.7153918288961995,0.2488485945644813,60.02490834439146,0.0,0.7588031814269123
07,hyperparam_draw,2619.933893398612,1014,dros,random,2619.933893398612,0.7002059052205565,0.7153918288961995,0.2488485945644813,60.02490834439146,0.0,0.350817335620161
07,hyperparam_draw,21.926863595884765,1014,dros,random,21.926863595884765,0.712299312860176,0.7153918288961995,0.2488485945644813,60.02490834439146,0.0,0.8052203078369592
07,hyperparam_draw,14.603973366846635,1014,dros,random,14.603973366846635,0.7127752710419848,0.7153918288961995,0.2488485945644813,60.02490834439146,0.0,0.8423984723832127
07,hyperparam_draw,34.651199431185454,1014,dros,random,34.651199431185454,0.7115723659295143,0.7153918288961995,0.2488485945644813,60.02490834439146,0.0,0.7604263347421244
07,hyperparam_draw,8020.541205747735,1014,dros,random,8020.541205747735,0.6974111660077037,0.7153918288961995,0.2488485945644813,60.02490834439146,0.0,0.2939948144252143
07,hyperparam_draw,13902.661791245759,1014,dros,random,13902.661791245759,0.6965529215108419,0.7153918288961995,0.2488485945644813,60.02490834439146,0.0,0.2771558333191185
07,hyperparam_draw,9580.486850431993,1014,dros,random,9580.486850431993,0.6970975422289053,0.7153918288961995,0.2488485945644813,60.02490834439146,0.0,0.2878299721035851
07,hyperparam_draw,8.964013169513882,1014,dros,random,8.964013169513882,0.7130386284445215,0.7153918288961995,0.2488485945644813,60.02490834439146,0.0,0.8830354597885607
07,hyperparam_draw,0.7414618220071586,1014,dros,random,0.7414618220071586,0.7064843806428263,0.7153918288961995,0.2488485945644813,60.02490834439146,0.0,0.9793101384129419
07,hyperparam_draw,90.8970881868869,1014,dros,random,90.8970881868869,0.7096682369872992,0.7153918288961995,0.2488485945644813,60.02490834439146,0.0,0.6596697967710826
07,hyperparam_draw,3728.1073789846405,1014,dros,random,3728.1073789846405,0.6991837483177659,0.7153918288961995,0.2488485945644813,60.02490834439146,0.0,0.32947472733640176
07,hyperparam_draw,10.599481416992449,1014,dros,random,10.599481416992449,0.7129928815588037,0.7153918288961995,0.2488485945644813,60.02490834439146,0.0,0.8696322060052011
07,hyperparam_draw,4705.98625519638,1014,dros,random,4705.98625519638,0.6985741555980586,0.7153918288961995,0.2488485945644813,60.02490834439146,0.0,0.31710730895090544
07,hyperparam_draw,196.98494082147596,1014,dros,random,196.98494082147596,0.7079088209656086,0.7153918288961995,0.2488485945644813,60.02490834439146,0.0,0.57829945955303
07,hyperparam_draw,10225.003727099634,1014,dros,random,10225.003727099634,0.6969916126941754,0.7153918288961995,0.2488485945644813,60.02490834439146,0.0,0.28575146575039423
07,hyperparam_draw,13.320870707108158,1014,dros,random,13.320870707108158,0.7128537618737478,0.7153918288961995,0.2488485945644813,60.02490834439146,0.0,0.8504152506721661
07,hyperparam_draw,3009.2740728415097,1014,dros,random,3009.2740728415097,0.6997918824089421,0.7153918288961995,0.2488485945644813,60.02490834439146,0.0,0.34206588037833746
07,hyperparam_draw,1274.7461550809992,1014,dros,random,1274.7461550809992,0.702510939641628,0.7153918288961995,0.2488485945644813,60.02490834439146,0.0,0.40340301459730155
07,hyperparam_draw,1293.1224475783417,1014,dros,random,1293.1224475783417,0.7024641651394639,0.7153918288961995,0.2488485945644813,60.02490834439146,0.0,0.4022524159214103
07,hyperparam_draw,251.2349744203546,1014,dros,random,251.2349744203546,0.7073072726982093,0.7153918288961995,0.2488485945644813,60.02490834439146,0.0,0.5534310882398371
07,hyperparam_draw,7188.599475827316,1014,dros,random,7188.599475827316,0.6976226988351368,0.7153918288961995,0.2488485945644813,60.02490834439146,0.0,0.2981649230580147
07,hyperparam_draw,2.2473467373197202,1014,dros,random,2.2473467373197202,0.7110998448972282,0.7153918288961995,0.2488485945644813,60.02490834439146,0.0,0.9640695016210015
07,hyperparam_draw,23.639765171112852,1014,dros,random,23.639765171112852,0.7121916286131513,0.7153918288961995,0.2488485945644813,60.02490834439146,0.0,0.7980532049054092
07,hyperparam_draw,0.5196353160530461,1014,dros,random,0.5196353160530461,0.7046607873565598,0.7153918288961995,0.2488485945644813,60.02490834439146,0.0,0.9746983697155898
07,hyperparam_draw,542.0889688499622,1014,dros,random,542.0889688499622,0.7052018903015573,0.7153918288961995,0.2488485945644813,60.02490834439146,0.0,0.4783147132666105
07,hyperparam_draw,1550.3040653538246,1014,dros,random,1550.3040653538246,0.7018715472345528,0.7153918288961995,0.2488485945644813,60.02490834439146,0.0,0.3880185586472291
07,hyperparam_draw,1.1507357535153617,1014,dros,random,1.1507357535153617,0.7085738906221639,0.7153918288961995,0.2488485945644813,60.02490834439146,0.0,0.9789453956483867
07,hyperparam_draw,41.82213792799207,1014,dros,random,41.82213792799207,0.7112324338314548,0.7153918288961995,0.2488485945644813,60.02490834439146,0.0,0.7412878040639782
07,hyperparam_draw,5.282800955343314,1014,dros,random,5.282800955343314,0.7128176727747658,0.7153918288961995,0.2488485945644813,60.02490834439146,0.0,0.9208853130243084
07,hyperparam_draw,17.0407483388519,1014,dros,random,17.0407483388519,0.7126176980187252,0.7153918288961995,0.2488485945644813,60.02490834439146,0.0,0.8286056925446083
07,hyperparam_draw,100.67245782673726,1014,dros,random,100.67245782673726,0.7094472792014108,0.7153918288961995,0.2488485945644813,60.02490834439146,0.0,0.6488096566502884
07,hyperparam_draw,1.2590391752711514,1014,dros,random,1.2590391752711514,0.7089657594411225,0.7153918288961995,0.2488485945644813,60.02490834439146,0.0,0.9779687435937003
07,hyperparam_draw,11548.284843939584,1014,dros,random,11548.284843939584,0.6968060483864678,0.7153918288961995,0.2488485945644813,60.02490834439146,0.0,0.2821136799308757
07,hyperparam_draw,6.2506994445374096,1014,dros,random,6.2506994445374096,0.7129525852651072,0.7153918288961995,0.2488485945644813,60.02490834439146,0.0,0.9096374719966265
07,hyperparam_draw,11.615594029801832,1014,dros,random,11.615594029801832,0.712947229995909,0.7153918288961995,0.2488485945644813,60.02490834439146,0.0,0.8620592365775801
07,hyperparam_draw,23.117449501591665,1014,dros,random,23.117449501591665,0.7122241672458061,0.7153918288961995,0.2488485945644813,60.02490834439146,0.0,0.8001907692092017
07,hyperparam_draw,7159.136627997576,1014,dros,random,7159.136627997576,0.697630907097112,0.7153918288961995,0.2488485945644813,60.02490834439146,0.0,0.2983269722384439
07,hyperparam_draw,nan,1014,ips,fixed,nan,0.6976719312672339,0.7153918288961995,0.2488485945644813,60.02490834439146,0.0,0.2488485945644813
07,hyperparam_draw,nan,1014,snips,fixed,nan,0.6885814960705472,0.7153918288961995,0.2488485945644813,60.02490834439146,0.0,0.2488485945644813
07,hyperparam_draw,nan,1014,dr,fixed,nan,0.6951117322920874,0.7153918288961995,0.2488485945644813,60.02490834439146,0.0,0.2488485945644813
07,hyperparam_draw,3.0462582494333574,1014,clipped_ips,slope,3.0462582494333574,0.6767468899917262,0.7153918288961995,0.2488485945644813,60.02490834439146,0.0,0.7142334841396355
07,hyperparam_draw,0.7006946557420525,1014,switch_dr,slope,0.7006946557420525,0.7038448783586737,0.7153918288961995,0.2488485945644813,60.02490834439146,0.0,0.4899175349702541
07,hyperparam_draw,0.49097300058547344,1014,dros,slope,0.49097300058547344,0.7043656512630149,0.7153918288961995,0.2488485945644813,60.02490834439146,0.0,0.9736074140372444
07,hyperparam_draw,75.78142574362788,1015,clipped_ips,random,75.78142574362788,0.7128311924997263,0.7153918288961995,0.2200465536986198,108.18449179810814,0.0,0.2516130278195312
07,hyperparam_draw,3.3782910702788653,1015,clipped_ips,random,3.3782910702788653,0.6887784814571781,0.7153918288961995,0.2200465536986198,108.18449179810814,0.0,0.6923001703483784
07,hyperparam_draw,140.89497280239712,1015,clipped_ips,random,140.89497280239712,0.7103741483712164,0.7153918288961995,0.2200465536986198,108.18449179810814,0.0,0.2200465536986198
07,hyperparam_draw,1.3924885587772338,1015,clipped_ips,random,1.3924885587772338,0.6339546552791543,0.7153918288961995,0.2200465536986198,108.18449179810814,0.0,0.8765826870192795
07,hyperparam_draw,48.171096874644405,1015,clipped_ips,random,48.171096874644405,0.7154522212809469,0.7153918288961995,0.2200465536986198,108.18449179810814,0.0,0.3001993641483024
07,hyperparam_draw,2.119780733042059,1015,clipped_ips,random,2.119780733042059,0.6661001346079858,0.7153918288961995,0.2200465536986198,108.18449179810814,0.0,0.789695065014885
07,hyperparam_draw,0.8806771108317178,1015,clipped_ips,random,0.8806771108317178,0.5754760421647216,0.7153918288961995,0.2200465536986198,108.18449179810814,0.0,0.9528670377808995
07,hyperparam_draw,154.87364213412587,1015,clipped_ips,random,154.87364213412587,0.7103741483712164,0.7153918288961995,0.2200465536986198,108.18449179810814,0.0,0.2200465536986198
07,hyperparam_draw,58.33706095435203,1015,clipped_ips,random,58.33706095435203,0.7144829215874885,0.7153918288961995,0.2200465536986198,108.18449179810814,0.0,0.2827356399210807
07,hyperparam_draw,1.0854027318208275,1015,clipped_ips,random,1.0854027318208275,0.6068422087912728,0.7153918288961995,0.2200465536986198,108.18449179810814,0.0,0.9210508656721741
07,hyperparam_draw,179.04912214749103,1015,clipped_ips,random,179.04912214749103,0.7103741483712164,0.7153918288961995,0.2200465536986198,108.18449179810814,0.0,0.2200465536986198
07,hyperparam_draw,1.1110994364996114,1015,clipped_ips,random,1.1110994364996114,0.6097868312131661,0.7153918288961995,0.2200465536986198,108.18449179810814,0.0,0.9171312896935737
07,hyperparam_draw,25.91250023869629,1015,clipped_ips,random,25.91250023869629,0.7178937944347841,0.7153918288961995,0.2200465536986198,108.18449179810814,0.0,0.36188893325861066
07,hyperparam_draw,101.39932062277568,1015,clipped_ips,random,101.39932062277568,0.7108886510719563,0.7153918288961995,0.2200465536986198,108.18449179810814,0.0,0.22684337932714388
07,hyperparam_draw,1.9786847432251506,1015,clipped_ips,random,1.9786847432251506,0.6617944533580324,0.7153918288961995,0.2200465536986198,108.18449179810814,0.0,0.804339436404375
07,hyperparam_draw,3.3893772276356784,1015,clipped_ips,random,3.3893772276356784,0.6888940821023116,0.7153918288961995,0.2200465536986198,108.18449179810814,0.0,0.6916531175831944
07,hyperparam_draw,14.078558180860405,1015,clipped_ips,random,14.078558180860405,0.7178726460049595,0.7153918288961995,0.2200465536986198,108.18449179810814,0.0,0.43471186817381596
07,hyperparam_draw,35.977566257219834,1015,clipped_ips,random,35.977566257219834,0.7166379089326509,0.7153918288961995,0.2200465536986198,108.18449179810814,0.0,0.32453576798612693
07,hyperparam_draw,65.16345160803058,1015,clipped_ips,random,65.16345160803058,0.7138320420136322,0.7153918288961995,0.2200465536986198,108.18449179810814,0.0,0.27045204343665014
07,hyperparam_draw,0.91989445928559,1015,clipped_ips,random,0.91989445928559,0.58292227249551,0.7153918288961995,0.2200465536986198,108.18449179810814,0.0,0.9467502135320963
07,hyperparam_draw,1.6705776709324274,1015,clipped_ips,random,1.6705776709324274,0.6495271293062908,0.7153918288961995,0.2200465536986198,108.18449179810814,0.0,0.8402878762594373
07,hyperparam_draw,4.202318932817687,1015,clipped_ips,random,4.202318932817687,0.6967245989523478,0.7153918288961995,0.2200465536986198,108.18449179810814,0.0,0.6462153971858872
07,hyperparam_draw,11.300154243493994,1015,clipped_ips,random,11.300154243493994,0.716267652380864,0.7153918288961995,0.2200465536986198,108.18449179810814,0.0,0.46571281533044967
07,hyperparam_draw,2.3559033318934617,1015,clipped_ips,random,2.3559033318934617,0.6723197843481412,0.7153918288961995,0.2200465536986198,108.18449179810814,0.0,0.7669667203513901
07,hyperparam_draw,0.745353051173154,1015,clipped_ips,random,0.745353051173154,0.5404005458126496,0.7153918288961995,0.2200465536986198,108.18449179810814,0.0,0.973626693986943
07,hyperparam_draw,16.687570483923423,1015,clipped_ips,random,16.687570483923423,0.7184485171554983,0.7153918288961995,0.2200465536986198,108.18449179810814,0.0,0.4130453520908494
07,hyperparam_draw,2.1535769454919715,1015,clipped_ips,random,2.1535769454919715,0.6670592099775338,0.7153918288961995,0.2200465536986198,108.18449179810814,0.0,0.7863047867222495
07,hyperparam_draw,81.7307373124595,1015,clipped_ips,random,81.7307373124595,0.7123800709597368,0.7153918288961995,0.2200465536986198,108.18449179810814,0.0,0.24607611609973806
07,hyperparam_draw,16.82210886449049,1015,clipped_ips,random,16.82210886449049,0.7184648016077247,0.7153918288961995,0.2200465536986198,108.18449179810814,0.0,0.41214124265383834
07,hyperparam_draw,0.9165554789039502,1015,clipped_ips,random,0.9165554789039502,0.582322703513832,0.7153918288961995,0.2200465536986198,108.18449179810814,0.0,0.9472715039600489
07,hyperparam_draw,167.61451774443043,1015,clipped_ips,random,167.61451774443043,0.7103741483712164,0.7153918288961995,0.2200465536986198,108.18449179810814,0.0,0.2200465536986198
07,hyperparam_draw,18.863598510868812,1015,clipped_ips,random,18.863598510868812,0.7187001199268851,0.7153918288961995,0.2200465536986198,108.18449179810814,0.0,0.3981007967716431
07,hyperparam_draw,8.255589454277512,1015,clipped_ips,random,8.255589454277512,0.7124057432343291,0.7153918288961995,0.2200465536986198,108.18449179810814,0.0,0.5185000652862578
07,hyperparam_draw,207.7647926590584,1015,clipped_ips,random,207.7647926590584,0.7103741483712164,0.7153918288961995,0.2200465536986198,108.18449179810814,0.0,0.2200465536986198
07,hyperparam_draw,0.8404149001781647,1015,clipped_ips,random,0.8404149001781647,0.566713749166761,0.7153918288961995,0.2200465536986198,108.18449179810814,0.0,0.9591681578150143
07,hyperparam_draw,19.066151643161596,1015,clipped_ips,random,19.066151643161596,0.7187101204508144,0.7153918288961995,0.2200465536986198,108.18449179810814,0.0,0.3967718444034098
07,hyperparam_draw,12.437590184489123,1015,clipped_ips,random,12.437590184489123,0.717179207222842,0.7153918288961995,0.2200465536986198,108.18449179810814,0.0,0.4514946747173639
07,hyperparam_draw,1.8474573222822164,1015,clipped_ips,random,1.8474573222822164,0.6571164355946304,0.7153918288961995,0.2200465536986198,108.18449179810814,0.0,0.8190062960010798
07,hyperparam_draw,2.8313837439392566,1015,clipped_ips,random,2.8313837439392566,0.6816190425010987,0.7153918288961995,0.2200465536986198,108.18449179810814,0.0,0.7280606873088966
07,hyperparam_draw,2.2106623939857846,1015,clipped_ips,random,2.2106623939857846,0.6686194711854191,0.7153918288961995,0.2200465536986198,108.18449179810814,0.0,0.7807076800440397
07,hyperparam_draw,123.95179185690098,1015,clipped_ips,random,123.95179185690098,0.7103741483712164,0.7153918288961995,0.2200465536986198,108.18449179810814,0.0,0.2200465536986198
07,hyperparam_draw,203.41301482924683,1015,clipped_ips,random,203.41301482924683,0.7103741483712164,0.7153918288961995,0.2200465536986198,108.18449179810814,0.0,0.2200465536986198
07,hyperparam_draw,112.23120637726467,1015,clipped_ips,random,112.23120637726467,0.7103741483712164,0.7153918288961995,0.2200465536986198,108.18449179810814,0.0,0.2200465536986198
07,hyperparam_draw,167.57485011713177,1015,clipped_ips,random,167.57485011713177,0.7103741483712164,0.7153918288961995,0.2200465536986198,108.18449179810814,0.0,0.2200465536986198
07,hyperparam_draw,11.34115475897295,1015,clipped_ips,random,11.34115475897295,0.7163023598104871,0.7153918288961995,0.2200465536986198,108.18449179810814,0.0,0.4651579613072614
07,hyperparam_draw,213.35185135919144,1015,clipped_ips,random,213.35185135919144,0.7103741483712164,0.7153918288961995,0.2200465536986198,108.18449179810814,0.0,0.2200465536986198
07,hyperparam_draw,32.024987879640115,1015,clipped_ips,random,32.024987879640115,0.7170917776794437,0.7153918288961995,0.2200465536986198,108.18449179810814,0.0,0.3383483024548909
07,hyperparam_draw,1.1126113455678037,1015,clipped_ips,random,1.1126113455678037,0.6099541995923526,0.7153918288961995,0.2200465536986198,108.18449179810814,0.0,0.916902518534356
07,hyperparam_draw,5.455013526783285,1015,clipped_ips,random,5.455013526783285,0.7046113222154885,0.7153918288961995,0.2200465536986198,108.18449179810814,0.0,0.5921707799641374
07,hyperparam_draw,2.216512152140047,1015,clipped_ips,random,2.216512152140047,0.6687760648799796,0.7153918288961995,0.2200465536986198,108.18449179810814,0.0,0.7801423572222937
07,hyperparam_draw,2.6073397043158684,1015,clipped_ips,random,2.6073397043158684,0.6776811328964676,0.7153918288961995,0.2200465536986198,108.18449179810814,0.0,0.7452560593443538
07,hyperparam_draw,82.35044911892585,1015,clipped_ips,random,82.35044911892585,0.7123330797505443,0.7153918288961995,0.2200465536986198,108.18449179810814,0.0,0.24548944090283595
07,hyperparam_draw,4.695728387990854,1015,clipped_ips,random,4.695728387990854,0.7005257148030875,0.7153918288961995,0.2200465536986198,108.18449179810814,0.0,0.6222489715011345
07,hyperparam_draw,207.32645343092344,1015,clipped_ips,random,207.32645343092344,0.7103741483712164,0.7153918288961995,0.2200465536986198,108.18449179810814,0.0,0.2200465536986198
07,hyperparam_draw,121.95587070569087,1015,clipped_ips,random,121.95587070569087,0.7103741483712164,0.7153918288961995,0.2200465536986198,108.18449179810814,0.0,0.2200465536986198
07,hyperparam_draw,3.7236130939238814,1015,clipped_ips,random,3.7236130939238814,0.6922887618570336,0.7153918288961995,0.2200465536986198,108.18449179810814,0.0,0.6721687561240035
07,hyperparam_draw,0.8100979917302366,1015,clipped_ips,random,0.8100979917302366,0.5592956020980572,0.7153918288961995,0.2200465536986198,108.18449179810814,0.0,0.9638636558191139
07,hyperparam_draw,19.56766335825412,1015,clipped_ips,random,19.56766335825412,0.7187348812622162,0.7153918288961995,0.2200465536986198,108.18449179810814,0.0,0.39345639103367314
07,hyperparam_draw,1.205528048372401,1015,clipped_ips,random,1.205528048372401,0.6192971701773551,0.7153918288961995,0.2200465536986198,108.18449179810814,0.0,0.9030428329611204
07,hyperparam_draw,34.93778096453002,1015,clipped_ips,random,34.93778096453002,0.7167573059445871,0.7153918288961995,0.2200465536986198,108.18449179810814,0.0,0.3282152266811258
07,hyperparam_draw,2.0778989822805953,1015,switch_dr,random,2.0778989822805953,0.7151643803782526,0.7153918288961995,0.2200465536986198,108.18449179810814,0.0,0.8083844843213281
07,hyperparam_draw,1.314483181785008,1015,switch_dr,random,1.314483181785008,0.712292266923205,0.7153918288961995,0.2200465536986198,108.18449179810814,0.0,0.8074509136378035
07,hyperparam_draw,2.2474525904413305,1015,switch_dr,random,2.2474525904413305,0.7135967667638893,0.7153918288961995,0.2200465536986198,108.18449179810814,0.0,0.8025414742451034
07,hyperparam_draw,53.93242823434683,1015,switch_dr,random,53.93242823434683,0.7222964374691342,0.7153918288961995,0.2200465536986198,108.18449179810814,0.0,0.3430021183902629
07,hyperparam_draw,0.7448664093124602,1015,switch_dr,random,0.7448664093124602,0.7070377234124282,0.7153918288961995,0.2200465536986198,108.18449179810814,0.0,0.5539341737993506
07,hyperparam_draw,39.398054757709495,1015,switch_dr,random,39.398054757709495,0.7223037333700209,0.7153918288961995,0.2200465536986198,108.18449179810814,0.0,0.36152071154013793
07,hyperparam_draw,27.106990862800355,1015,switch_dr,random,27.106990862800355,0.7274578998431382,0.7153918288961995,0.2200465536986198,108.18449179810814,0.0,0.42319099379515235
07,hyperparam_draw,20.08183996299499,1015,switch_dr,random,20.08183996299499,0.726721712072846,0.7153918288961995,0.2200465536986198,108.18449179810814,0.0,0.448185404363965
07,hyperparam_draw,37.0659420944741,1015,switch_dr,random,37.0659420944741,0.724610922702903,0.7153918288961995,0.2200465536986198,108.18449179810814,0.0,0.39853241460658456
07,hyperparam_draw,10.07064378080263,1015,switch_dr,random,10.07064378080263,0.7213524114955101,0.7153918288961995,0.2200465536986198,108.18449179810814,0.0,0.5672156880787537
07,hyperparam_draw,70.6040617454256,1015,switch_dr,random,70.6040617454256,0.7222964374691342,0.7153918288961995,0.2200465536986198,108.18449179810814,0.0,0.3430021183902629
07,hyperparam_draw,4.786773375874013,1015,switch_dr,random,4.786773375874013,0.7153088591611027,0.7153918288961995,0.2200465536986198,108.18449179810814,0.0,0.6971039753101133
07,hyperparam_draw,30.812876180063633,1015,switch_dr,random,30.812876180063633,0.724610922702903,0.7153918288961995,0.2200465536986198,108.18449179810814,0.0,0.39853241460658456
07,hyperparam_draw,19.67349633936643,1015,switch_dr,random,19.67349633936643,0.7251622560805118,0.7153918288961995,0.2200465536986198,108.18449179810814,0.0,0.46226525591888323
07,hyperparam_draw,7.733744741144672,1015,switch_dr,random,7.733744741144672,0.7197627599189932,0.7153918288961995,0.2200465536986198,108.18449179810814,0.0,0.6099527783325639
07,hyperparam_draw,2.8869600532126016,1015,switch_dr,random,2.8869600532126016,0.7131681821558546,0.7153918288961995,0.2200465536986198,108.18449179810814,0.0,0.7728036180809822
07,hyperparam_draw,42.681479148257246,1015,switch_dr,random,42.681479148257246,0.7222964374691342,0.7153918288961995,0.2200465536986198,108.18449179810814,0.0,0.3430021183902629
07,hyperparam_draw,3.749033732906344,1015,switch_dr,random,3.749033732906344,0.7138545767608192,0.7153918288961995,0.2200465536986198,108.18449179810814,0.0,0.7410208214521845
07,hyperparam_draw,9.475137890946693,1015,switch_dr,random,9.475137890946693,0.7208800561729627,0.7153918288961995,0.2200465536986198,108.18449179810814,0.0,0.5723647543635351
07,hyperparam_draw,41.660983008842784,1015,switch_dr,random,41.660983008842784,0.7222964374691342,0.7153918288961995,0.2200465536986198,108.18449179810814,0.0,0.3430021183902629
07,hyperparam_draw,72.13231736021685,1015,switch_dr,random,72.13231736021685,0.7222964374691342,0.7153918288961995,0.2200465536986198,108.18449179810814,0.0,0.3430021183902629
07,hyperparam_draw,8.773255412070352,1015,switch_dr,random,8.773255412070352,0.7206001542807445,0.7153918288961995,0.2200465536986198,108.18449179810814,0.0,0.5851211671270561
07,hyperparam_draw,6.887999804629263,1015,switch_dr,random,6.887999804629263,0.7177226316923854,0.7153918288961995,0.2200465536986198,108.18449179810814,0.0,0.6229143000256306
07,hyperparam_draw,9.416556729166823,1015,switch_dr,random,9.416556729166823,0.7208800561729627,0.7153918288961995,0.2200465536986198,108.18449179810814,0.0,0.5723647543635351
07,hyperparam_draw,1.924364179050463,1015,switch_dr,random,1.924364179050463,0.7153932775201202,0.7153918288961995,0.2200465536986198,108.18449179810814,0.0,0.8134161339567032
07,hyperparam_draw,45.78188659257737,1015,switch_dr,random,45.78188659257737,0.7222964374691342,0.7153918288961995,0.2200465536986198,108.18449179810814,0.0,0.3430021183902629
07,hyperparam_draw,8.716548786888499,1015,switch_dr,random,8.716548786888499,0.7208874329755975,0.7153918288961995,0.2200465536986198,108.18449179810814,0.0,0.5892307129059785
07,hyperparam_draw,6.972110836793606,1015,switch_dr,random,6.972110836793606,0.7178913183198449,0.7153918288961995,0.2200465536986198,108.18449179810814,0.0,0.621546387501448
07,hyperparam_draw,126.10821345439955,1015,switch_dr,random,126.10821345439955,0.7114072306838493,0.7153918288961995,0.2200465536986198,108.18449179810814,0.0,0.2200465536986198
07,hyperparam_draw,13.398264916050135,1015,switch_dr,random,13.398264916050135,0.7246723886730965,0.7153918288961995,0.2200465536986198,108.18449179810814,0.0,0.5017053610177461
07,hyperparam_draw,3.2197229271833963,1015,switch_dr,random,3.2197229271833963,0.7147044812620702,0.7153918288961995,0.2200465536986198,108.18449179810814,0.0,0.7561588243385936
07,hyperparam_draw,10.688646257086013,1015,switch_dr,random,10.688646257086013,0.7213003712154796,0.7153918288961995,0.2200465536986198,108.18449179810814,0.0,0.5615766833967171
07,hyperparam_draw,15.24138727435489,1015,switch_dr,random,15.24138727435489,0.7235475497507629,0.7153918288961995,0.2200465536986198,108.18449179810814,0.0,0.49356094209658624
07,hyperparam_draw,17.316188611142984,1015,switch_dr,random,17.316188611142984,0.7243034775058705,0.7153918288961995,0.2200465536986198,108.18449179810814,0.0,0.46878033839778327
07,hyperparam_draw,1.5516532321802594,1015,switch_dr,random,1.5516532321802594,0.7140155297850207,0.7153918288961995,0.2200465536986198,108.18449179810814,0.0,0.8173705183855658
07,hyperparam_draw,2.0263702375330648,1015,switch_dr,random,2.0263702375330648,0.7153764783544734,0.7153918288961995,0.2200465536986198,108.18449179810814,0.0,0.8097397133507404
07,hyperparam_draw,3.0467994840767303,1015,switch_dr,random,3.0467994840767303,0.7134102790364673,0.7153918288961995,0.2200465536986198,108.18449179810814,0.0,0.7638594626257337
07,hyperparam_draw,154.13903557583845,1015,switch_dr,random,154.13903557583845,0.7114072306838493,0.7153918288961995,0.2200465536986198,108.18449179810814,0.0,0.2200465536986198
07,hyperparam_draw,12.223189856367107,1015,switch_dr,random,12.223189856367107,0.7211111801491091,0.7153918288961995,0.2200465536986198,108.18449179810814,0.0,0.527182139375248
07,hyperparam_draw,13.886977400339697,1015,switch_dr,random,13.886977400339697,0.724578715887982,0.7153918288961995,0.2200465536986198,108.18449179810814,0.0,0.4977818616182092
07,hyperparam_draw,1.9822860667083846,1015,switch_dr,random,1.9822860667083846,0.7158081533431797,0.7153918288961995,0.2200465536986198,108.18449179810814,0.0,0.8116539796296667
07,hyperparam_draw,2.0728735817940365,1015,switch_dr,random,2.0728735817940365,0.7151348591217523,0.7153918288961995,0.2200465536986198,108.18449179810814,0.0,0.8084569382345627
07,hyperparam_draw,38.42796770882975,1015,switch_dr,random,38.42796770882975,0.7223037333700209,0.7153918288961995,0.2200465536986198,108.18449179810814,0.0,0.36152071154013793
07,hyperparam_draw,17.517731901213484,1015,switch_dr,random,17.517731901213484,0.7243034775058705,0.7153918288961995,0.2200465536986198,108.18449179810814,0.0,0.46878033839778327
07,hyperparam_draw,22.068525679277865,1015,switch_dr,random,22.068525679277865,0.7272774082636453,0.7153918288961995,0.2200465536986198,108.18449179810814,0.0,0.4325173767877318
07,hyperparam_draw,24.3484786373954,1015,switch_dr,random,24.3484786373954,0.7274578998431382,0.7153918288961995,0.2200465536986198,108.18449179810814,0.0,0.42319099379515235
07,hyperparam_draw,3.715407608635915,1015,switch_dr,random,3.715407608635915,0.7138174051727276,0.7153918288961995,0.2200465536986198,108.18449179810814,0.0,0.7419426661308803
07,hyperparam_draw,26.428279258911907,1015,switch_dr,random,26.428279258911907,0.7274578998431382,0.7153918288961995,0.2200465536986198,108.18449179810814,0.0,0.42319099379515235
07,hyperparam_draw,3.93387498268765,1015,switch_dr,random,3.93387498268765,0.7127633000333127,0.7153918288961995,0.2200465536986198,108.18449179810814,0.0,0.7342126550324415
07,hyperparam_draw,98.90565287464406,1015,switch_dr,random,98.90565287464406,0.7202718729659867,0.7153918288961995,0.2200465536986198,108.18449179810814,0.0,0.28995431388335274
07,hyperparam_draw,8.5193464721177,1015,switch_dr,random,8.5193464721177,0.7205836804292992,0.7153918288961995,0.2200465536986198,108.18449179810814,0.0,0.5954075593680771
07,hyperparam_draw,40.57305716706673,1015,switch_dr,random,40.57305716706673,0.7223037333700209,0.7153918288961995,0.2200465536986198,108.18449179810814,0.0,0.36152071154013793
07,hyperparam_draw,15.449383772794532,1015,switch_dr,random,15.449383772794532,0.7245231950616833,0.7153918288961995,0.2200465536986198,108.18449179810814,0.0,0.48407075862382115
07,hyperparam_draw,10.73886326645737,1015,switch_dr,random,10.73886326645737,0.7213003712154796,0.7153918288961995,0.2200465536986198,108.18449179810814,0.0,0.5615766833967171
07,hyperparam_draw,27.97531655883022,1015,switch_dr,random,27.97531655883022,0.724984643586176,0.7153918288961995,0.2200465536986198,108.18449179810814,0.0,0.41105230766455253
07,hyperparam_draw,31.32393148499234,1015,switch_dr,random,31.32393148499234,0.724610922702903,0.7153918288961995,0.2200465536986198,108.18449179810814,0.0,0.39853241460658456
07,hyperparam_draw,22.43712132674683,1015,switch_dr,random,22.43712132674683,0.7272774082636453,0.7153918288961995,0.2200465536986198,108.18449179810814,0.0,0.4325173767877318
07,hyperparam_draw,1.4564217048294743,1015,switch_dr,random,1.4564217048294743,0.7126428128322212,0.7153918288961995,0.2200465536986198,108.18449179810814,0.0,0.8152194054407853
07,hyperparam_draw,1.0474318940941736,1015,switch_dr,random,1.0474318940941736,0.7129614758688992,0.7153918288961995,0.2200465536986198,108.18449179810814,0.0,0.7601603708555627
07,hyperparam_draw,1.2470337032393526,1015,switch_dr,random,1.2470337032393526,0.7129959607339381,0.7153918288961995,0.2200465536986198,108.18449179810814,0.0,0.8003508261326018
07,hyperparam_draw,45.218649882413025,1015,dros,random,45.218649882413025,0.718351490526233,0.7153918288961995,0.2200465536986198,108.18449179810814,0.0,0.7315378612924858
07,hyperparam_draw,23797.440442739025,1015,dros,random,23797.440442739025,0.7148548851972683,0.7153918288961995,0.2200465536986198,108.18449179810814,0.0,0.2724089610013501
07,hyperparam_draw,3.7630763274472208,1015,dros,random,3.7630763274472208,0.712354340196349,0.7153918288961995,0.2200465536986198,108.18449179810814,0.0,0.9423196870649233
07,hyperparam_draw,149.89709458437173,1015,dros,random,149.89709458437173,0.7210838153217014,0.7153918288961995,0.2200465536986198,108.18449179810814,0.0,0.6129943760367426
07,hyperparam_draw,19.269312701508213,1015,dros,random,19.269312701508213,0.7162770412798006,0.7153918288961995,0.2200465536986198,108.18449179810814,0.0,0.8156732139870416
07,hyperparam_draw,5.42959097716031,1015,dros,random,5.42959097716031,0.7133227002963722,0.7153918288961995,0.2200465536986198,108.18449179810814,0.0,0.9201826650152743
07,hyperparam_draw,18510.62753565354,1015,dros,random,18510.62753565354,0.7154868599586506,0.7153918288961995,0.2200465536986198,108.18449179810814,0.0,0.2830011232568336
07,hyperparam_draw,27.154456689514493,1015,dros,random,27.154456689514493,0.7170974724406407,0.7153918288961995,0.2200465536986198,108.18449179810814,0.0,0.7824952115440513
07,hyperparam_draw,13.857186771688653,1015,dros,random,13.857186771688653,0.7155111363188534,0.7153918288961995,0.2200465536986198,108.18449179810814,0.0,0.8461035500732894
07,hyperparam_draw,21155.6368415115,1015,dros,random,21155.6368415115,0.7151438729254053,0.7153918288961995,0.2200465536986198,108.18449179810814,0.0,0.27721364280955024
07,hyperparam_draw,38357.209691669625,1015,dros,random,38357.209691669625,0.7138267833989969,0.7153918288961995,0.2200465536986198,108.18449179810814,0.0,0.25583806824810684
07,hyperparam_draw,13.215157545000398,1015,dros,random,13.215157545000398,0.7154023495166071,0.7153918288961995,0.2200465536986198,108.18449179810814,0.0,0.8503333737775414
07,hyperparam_draw,1865.94264922855,1015,dros,random,1865.94264922855,0.7214534181896023,0.7153918288961995,0.2200465536986198,108.18449179810814,0.0,0.41382034383286537
07,hyperparam_draw,41.311608419841406,1015,dros,random,41.311608419841406,0.71812803117934,0.7153918288961995,0.2200465536986198,108.18449179810814,0.0,0.7406420935200552
07,hyperparam_draw,51.80989659728258,1015,dros,random,51.80989659728258,0.7186872154166994,0.7153918288961995,0.2200465536986198,108.18449179810814,0.0,0.7178122784723532
07,hyperparam_draw,28.86933431800795,1015,dros,random,28.86933431800795,0.7172464304325205,0.7153918288961995,0.2200465536986198,108.18449179810814,0.0,0.7764528599928064
07,hyperparam_draw,30014.63426455494,1015,dros,random,30014.63426455494,0.7143249001080696,0.7153918288961995,0.2200465536986198,108.18449179810814,0.0,0.26376536610336654
07,hyperparam_draw,1.9439777944275836,1015,dros,random,1.9439777944275836,0.7102418898258372,0.7153918288961995,0.2200465536986198,108.18449179810814,0.0,0.9698617416004035
07,hyperparam_draw,5334.319270180107,1015,dros,random,5334.319270180107,0.7190245793610767,0.7153918288961995,0.2200465536986198,108.18449179810814,0.0,0.3493922990484295
07,hyperparam_draw,1.016809252104219,1015,dros,random,1.016809252104219,0.707590194287555,0.7153918288961995,0.2200465536986198,108.18449179810814,0.0,0.9803583884350042
07,hyperparam_draw,6930.007300629579,1015,dros,random,6930.007300629579,0.7182838434446784,0.7153918288961995,0.2200465536986198,108.18449179810814,0.0,0.33417327155750015
07,hyperparam_draw,1.0376777672543178,1015,dros,random,1.0376777672543178,0.7076818295669915,0.7153918288961995,0.2200465536986198,108.18449179810814,0.0,0.9802748667503886
07,hyperparam_draw,31257.122551466964,1015,dros,random,31257.122551466964,0.7142380388011024,0.7153918288961995,0.2200465536986198,108.18449179810814,0.0,0.26236932576094607
07,hyperparam_draw,54.928938200245156,1015,dros,random,54.928938200245156,0.7188308319177369,0.7153918288961995,0.2200465536986198,108.18449179810814,0.0,0.711916079690697
07,hyperparam_draw,162.66731588855774,1015,dros,random,162.66731588855774,0.7212361936531075,0.7153918288961995,0.2200465536986198,108.18449179810814,0.0,0.6052864568889967
07,hyperparam_draw,33097.3566696297,1015,dros,random,33097.3566696297,0.7141185335874293,0.7153918288961995,0.2200465536986198,108.18449179810814,0.0,0.26045808098314555
07,hyperparam_draw,3.759534757180626,1015,dros,random,3.759534757180626,0.7123516979020268,0.7153918288961995,0.2200465536986198,108.18449179810814,0.0,0.942370587154911
07,hyperparam_draw,258.08118521027234,1015,dros,random,258.08118521027234,0.721956846535739,0.7153918288961995,0.2200465536986198,108.18449179810814,0.0,0.5632206505268914
07,hyperparam_draw,16817.099094692345,1015,dros,random,16817.099094692345,0.7157421210214023,0.7153918288961995,0.2200465536986198,108.18449179810814,0.0,0.2873692405925496
07,hyperparam_draw,493.52241152985204,1015,dros,random,493.52241152985204,0.722473131788935,0.7153918288961995,0.2200465536986198,108.18449179810814,0.0,0.5088317013929096
07,hyperparam_draw,26.48927984094728,1015,dros,random,26.48927984094728,0.7170373407534938,0.7153918288961995,0.2200465536986198,108.18449179810814,0.0,0.7849336531244343
07,hyperparam_draw,0.6215984971316872,1015,dros,random,0.6215984971316872,0.7052434395918996,0.7153918288961995,0.2200465536986198,108.18449179810814,0.0,0.9778999264582019
07,hyperparam_draw,57.5646334473447,1015,dros,random,57.5646334473447,0.7189455729196726,0.7153918288961995,0.2200465536986198,108.18449179810814,0.0,0.7071915960755375
07,hyperparam_draw,453.47980714614977,1015,dros,random,453.47980714614977,0.7224428140557101,0.7153918288961995,0.2200465536986198,108.18449179810814,0.0,0.5156066757770713
07,hyperparam_draw,41887.08209382315,1015,dros,random,41887.08209382315,0.7136639271300058,0.7153918288961995,0.2200465536986198,108.18449179810814,0.0,0.2532874996773755
07,hyperparam_draw,8.733811899657768,1015,dros,random,8.733811899657768,0.7144552363566721,0.7153918288961995,0.2200465536986198,108.18449179810814,0.0,0.8853108833014305
07,hyperparam_draw,69.45511607739333,1015,dros,random,69.45511607739333,0.7194001959486026,0.7153918288961995,0.2200465536986198,108.18449179810814,0.0,0.688311431671989
07,hyperparam_draw,10.320859574734591,1015,dros,random,10.320859574734591,0.7148378060977159,0.7153918288961995,0.2200465536986198,108.18449179810814,0.0,0.8716604505859974
07,hyperparam_draw,7050.302989783029,1015,dros,random,7050.302989783029,0.7182341682919232,0.7153918288961995,0.2200465536986198,108.18449179810814,0.0,0.3331865535640594
07,hyperparam_draw,7.539621770696533,1015,dros,random,7.539621770696533,0.7141141272040514,0.7153918288961995,0.2200465536986198,108.18449179810814,0.0,0.8967647916940902
07,hyperparam_draw,101.69884861998959,1015,dros,random,101.69884861998959,0.7202818288749003,0.7153918288961995,0.2200465536986198,108.18449179810814,0.0,0.6504382675168405
07,hyperparam_draw,16640.043408983,1015,dros,random,16640.043408983,0.7157706939777214,0.7153918288961995,0.2200465536986198,108.18449179810814,0.0,0.2878614752210094
07,hyperparam_draw,2813.1580250035204,1015,dros,random,2813.1580250035204,0.720636828626364,0.7153918288961995,0.2200465536986198,108.18449179810814,0.0,0.38793168807130285
07,hyperparam_draw,18.600876916674828,1015,dros,random,18.600876916674828,0.7161940324475081,0.7153918288961995,0.2200465536986198,108.18449179810814,0.0,0.8190094960345164
07,hyperparam_draw,40.3321068834604,1015,dros,random,40.3321068834604,0.7180686944147286,0.7153918288961995,0.2200465536986198,108.18449179810814,0.0,0.7430566697637294
07,hyperparam_draw,9150.579133963405,1015,dros,random,9150.579133963405,0.717474330203886,0.7153918288961995,0.2200465536986198,108.18449179810814,0.0,0.318516171276506
07,hyperparam_draw,1100.974782736919,1015,dros,random,1100.974782736919,0.722181655392735,0.7153918288961995,0.2200465536986198,108.18449179810814,0.0,0.4491480982488633
07,hyperparam_draw,10.206835411513213,1015,dros,random,10.206835411513213,0.7148124362059092,0.7153918288961995,0.2200465536986198,108.18449179810814,0.0,0.8725886908578614
07,hyperparam_draw,1.1296163195764992,1015,dros,random,1.1296163195764992,0.7080592594023699,0.7153918288961995,0.2200465536986198,108.18449179810814,0.0,0.9797583094184187
07,hyperparam_draw,8.491556408045716,1015,dros,random,8.491556408045716,0.714390375462131,0.7153918288961995,0.2200465536986198,108.18449179810814,0.0,0.8875448781880783
07,hyperparam_draw,366.26565715476437,1015,dros,random,366.26565715476437,0.7223153849279591,0.7153918288961995,0.2200465536986198,108.18449179810814,0.0,0.5331407716456587
07,hyperparam_draw,6638.072359023196,1015,dros,random,6638.072359023196,0.7184076564207719,0.7153918288961995,0.2200465536986198,108.18449179810814,0.0,0.33664936688014485
07,hyperparam_draw,9619.602417346303,1015,dros,random,9619.602417346303,0.7173281345203439,0.7153918288961995,0.2200465536986198,108.18449179810814,0.0,0.3157743997930816
07,hyperparam_draw,2.7668433606687985,1015,dros,random,2.7668433606687985,0.7114392890414334,0.7153918288961995,0.2200465536986198,108.18449179810814,0.0,0.9572156595180411
07,hyperparam_draw,3.992548856106011,1015,dros,random,3.992548856106011,0.7125186752819009,0.7153918288961995,0.2200465536986198,108.18449179810814,0.0,0.9390565706309155
07,hyperparam_draw,5.509238158277323,1015,dros,random,5.509238158277323,0.7133590250926751,0.7153918288961995,0.2200465536986198,108.18449179810814,0.0,0.9192120942780393
07,hyperparam_draw,4.325552651246623,1015,dros,random,4.325552651246623,0.712735765158062,0.7153918288961995,0.2200465536986198,108.18449179810814,0.0,0.9344448216545465
07,hyperparam_draw,1462.7138932589316,1015,dros,random,1462.7138932589316,0.7218379375526277,0.7153918288961995,0.2200465536986198,108.18449179810814,0.0,0.4297927346641411
07,hyperparam_draw,0.8763029885685905,1015,dros,random,0.8763029885685905,0.7069050048362171,0.7153918288961995,0.2200465536986198,108.18449179810814,0.0,0.9805072701216148
07,hyperparam_draw,38.645772509543555,1015,dros,random,38.645772509543555,0.7179631211399151,0.7153918288961995,0.2200465536986198,108.18449179810814,0.0,0.7473503809040823
07,hyperparam_draw,nan,1015,ips,fixed,nan,0.7103741483712164,0.7153918288961995,0.2200465536986198,108.18449179810814,0.0,0.2200465536986198
07,hyperparam_draw,nan,1015,snips,fixed,nan,0.7102185133546831,0.7153918288961995,0.2200465536986198,108.18449179810814,0.0,0.2200465536986198
07,hyperparam_draw,nan,1015,dr,fixed,nan,0.7114072306838493,0.7153918288961995,0.2200465536986198,108.18449179810814,0.0,0.2200465536986198
07,hyperparam_draw,3.6079676472249624,1015,clipped_ips,slope,3.6079676472249624,0.6911250241422983,0.7153918288961995,0.2200465536986198,108.18449179810814,0.0,0.67890292523252
07,hyperparam_draw,1.591021910380984,1015,switch_dr,slope,1.591021910380984,0.7137715431890785,0.7153918288961995,0.2200465536986198,108.18449179810814,0.0,0.81778940380846
07,hyperparam_draw,2.5313507193123557,1015,dros,slope,2.5313507193123557,0.7111533097807563,0.7153918288961995,0.2200465536986198,108.18449179810814,0.0,0.9608596834404232
07,hyperparam_draw,44.683527584857536,1016,clipped_ips,random,44.683527584857536,0.727898161192831,0.7153918288961995,0.32409499979146833,41.645412435329874,0.0,0.32409499979146833
07,hyperparam_draw,2.916415479965753,1016,clipped_ips,random,2.916415479965753,0.6901918149080745,0.7153918288961995,0.32409499979146833,41.645412435329874,0.0,0.7226033733942995
07,hyperparam_draw,0.9452011512173324,1016,clipped_ips,random,0.9452011512173324,0.5926416011844349,0.7153918288961995,0.32409499979146833,41.645412435329874,0.0,0.9428790523209282
07,hyperparam_draw,1.3984587275657252,1016,clipped_ips,random,1.3984587275657252,0.6419273094728779,0.7153918288961995,0.32409499979146833,41.645412435329874,0.0,0.8747497755290553
07,hyperparam_draw,27.680877270506027,1016,clipped_ips,random,27.680877270506027,0.7267669556433655,0.7153918288961995,0.32409499979146833,41.645412435329874,0.0,0.3441045817408861
07,hyperparam_draw,3.7202966806769058,1016,clipped_ips,random,3.7202966806769058,0.6978112105439721,0.7153918288961995,0.32409499979146833,41.645412435329874,0.0,0.6741305512451631
07,hyperparam_draw,1.345039148706008,1016,clipped_ips,random,1.345039148706008,0.6380362233498741,0.7153918288961995,0.32409499979146833,41.645412435329874,0.0,0.8822065008175416
07,hyperparam_draw,3.5986924918497256,1016,clipped_ips,random,3.5986924918497256,0.696885784699339,0.7153918288961995,0.32409499979146833,41.645412435329874,0.0,0.6805899214460458
07,hyperparam_draw,2.154574207683406,1016,clipped_ips,random,2.154574207683406,0.6753583528307958,0.7153918288961995,0.32409499979146833,41.645412435329874,0.0,0.7864979118714442
07,hyperparam_draw,13.372045197999126,1016,clipped_ips,random,13.372045197999126,0.7225347078614234,0.7153918288961995,0.32409499979146833,41.645412435329874,0.0,0.4326207650575224
07,hyperparam_draw,9.951082071151397,1016,clipped_ips,random,9.951082071151397,0.7181082249126218,0.7153918288961995,0.32409499979146833,41.645412435329874,0.0,0.4839127942107582
07,hyperparam_draw,18.39052789450834,1016,clipped_ips,random,18.39052789450834,0.7246693023178216,0.7153918288961995,0.32409499979146833,41.645412435329874,0.0,0.38537532208255565
07,hyperparam_draw,2.636475898667224,1016,clipped_ips,random,2.636475898667224,0.686040276892008,0.7153918288961995,0.32409499979146833,41.645412435329874,0.0,0.7434761053840155
07,hyperparam_draw,4.173441060390578,1016,clipped_ips,random,4.173441060390578,0.7008027376181581,0.7153918288961995,0.32409499979146833,41.645412435329874,0.0,0.652003034023501
07,hyperparam_draw,1.3309724010494963,1016,clipped_ips,random,1.3309724010494963,0.6369596980257851,0.7153918288961995,0.32409499979146833,41.645412435329874,0.0,0.8841937464828947
07,hyperparam_draw,26.561697119074342,1016,clipped_ips,random,26.561697119074342,0.7265592660560464,0.7153918288961995,0.32409499979146833,41.645412435329874,0.0,0.3479939190123619
07,hyperparam_draw,23.711940723348082,1016,clipped_ips,random,23.711940723348082,0.7260004253106954,0.7153918288961995,0.32409499979146833,41.645412435329874,0.0,0.3577487707429355
07,hyperparam_draw,30.392133442205065,1016,clipped_ips,random,30.392133442205065,0.7271110445317,0.7153918288961995,0.32409499979146833,41.645412435329874,0.0,0.3365500978519045
07,hyperparam_draw,0.990738522383606,1016,clipped_ips,random,0.990738522383606,0.5999109086401889,0.7153918288961995,0.32409499979146833,41.645412435329874,0.0,0.9357191555752538
07,hyperparam_draw,13.464558020548601,1016,clipped_ips,random,13.464558020548601,0.7226209784573608,0.7153918288961995,0.32409499979146833,41.645412435329874,0.0,0.43139341032323375
07,hyperparam_draw,5.168676882714457,1016,clipped_ips,random,5.168676882714457,0.7062541460003852,0.7153918288961995,0.32409499979146833,41.645412435329874,0.0,0.6077367698483271
07,hyperparam_draw,15.540475663464969,1016,clipped_ips,random,15.540475663464969,0.7238146568024675,0.7153918288961995,0.32409499979146833,41.645412435329874,0.0,0.4081215669781425
07,hyperparam_draw,3.5779965983864126,1016,clipped_ips,random,3.5779965983864126,0.696717714471748,0.7153918288961995,0.32409499979146833,41.645412435329874,0.0,0.6817289158311721
07,hyperparam_draw,14.462942370060633,1016,clipped_ips,random,14.462942370060633,0.7233623703588713,0.7153918288961995,0.32409499979146833,41.645412435329874,0.0,0.4195733764157348
07,hyperparam_draw,1.2591766258029002,1016,clipped_ips,random,1.2591766258029002,0.6310302882699752,0.7153918288961995,0.32409499979146833,41.645412435329874,0.0,0.8945143222202673
07,hyperparam_draw,19.47212877041642,1016,clipped_ips,random,19.47212877041642,0.7249663084999715,0.7153918288961995,0.32409499979146833,41.645412435329874,0.0,0.3780044492249356
07,hyperparam_draw,17.419740259087675,1016,clipped_ips,random,17.419740259087675,0.7243904335514294,0.7153918288961995,0.32409499979146833,41.645412435329874,0.0,0.3920508289444485
07,hyperparam_draw,34.10168830073633,1016,clipped_ips,random,34.10168830073633,0.7275237942185355,0.7153918288961995,0.32409499979146833,41.645412435329874,0.0,0.3313258096778758
07,hyperparam_draw,59.82660067598566,1016,clipped_ips,random,59.82660067598566,0.727898161192831,0.7153918288961995,0.32409499979146833,41.645412435329874,0.0,0.32409499979146833
07,hyperparam_draw,11.83379764033647,1016,clipped_ips,random,11.83379764033647,0.7210384696050318,0.7153918288961995,0.32409499979146833,41.645412435329874,0.0,0.4530683752821525
07,hyperparam_draw,5.645261928684531,1016,clipped_ips,random,5.645261928684531,0.7081316558970068,0.7153918288961995,0.32409499979146833,41.645412435329874,0.0,0.5900584628332219
07,hyperparam_draw,6.886719375971417,1016,clipped_ips,random,6.886719375971417,0.7117889551103708,0.7153918288961995,0.32409499979146833,41.645412435329874,0.0,0.5511437061106053
07,hyperparam_draw,23.523049782681507,1016,clipped_ips,random,23.523049782681507,0.7259633835641692,0.7153918288961995,0.32409499979146833,41.645412435329874,0.0,0.35837179804350827
07,hyperparam_draw,10.567054703376096,1016,clipped_ips,random,10.567054703376096,0.7191931507808427,0.7153918288961995,0.32409499979146833,41.645412435329874,0.0,0.47306436432093124
07,hyperparam_draw,1.3183782003193782,1016,clipped_ips,random,1.3183782003193782,0.6359784283399802,0.7153918288961995,0.32409499979146833,41.645412435329874,0.0,0.8859746165931806
07,hyperparam_draw,0.9542406616523654,1016,clipped_ips,random,0.9542406616523654,0.594154087959583,0.7153918288961995,0.32409499979146833,41.645412435329874,0.0,0.9414532668165392
07,hyperparam_draw,38.55092496633649,1016,clipped_ips,random,38.55092496633649,0.7278171788692872,0.7153918288961995,0.32409499979146833,41.645412435329874,0.0,0.3265625940860412
07,hyperparam_draw,8.948441078659718,1016,clipped_ips,random,8.948441078659718,0.7163115381055994,0.7153918288961995,0.32409499979146833,41.645412435329874,0.0,0.5019023943696549
07,hyperparam_draw,2.3335266160627866,1016,clipped_ips,random,2.3335266160627866,0.6799052638175715,0.7153918288961995,0.32409499979146833,41.645412435329874,0.0,0.7696841133938394
07,hyperparam_draw,2.090531821749065,1016,clipped_ips,random,2.090531821749065,0.6735085400160251,0.7153918288961995,0.32409499979146833,41.645412435329874,0.0,0.7928205551518881
07,hyperparam_draw,2.8119998261453336,1016,clipped_ips,random,2.8119998261453336,0.6887735191899855,0.7153918288961995,0.32409499979146833,41.645412435329874,0.0,0.7301272579306308
07,hyperparam_draw,1.8639031560137336,1016,clipped_ips,random,1.8639031560137336,0.6658773387548269,0.7153918288961995,0.32409499979146833,41.645412435329874,0.0,0.8169003244493157
07,hyperparam_draw,40.0207944795023,1016,clipped_ips,random,40.0207944795023,0.7278556451580265,0.7153918288961995,0.32409499979146833,41.645412435329874,0.0,0.3254111457564797
07,hyperparam_draw,43.52776331413753,1016,clipped_ips,random,43.52776331413753,0.727898161192831,0.7153918288961995,0.32409499979146833,41.645412435329874,0.0,0.32409499979146833
07,hyperparam_draw,3.3056182947963797,1016,clipped_ips,random,3.3056182947963797,0.6943195055273023,0.7153918288961995,0.32409499979146833,41.645412435329874,0.0,0.6974427776959479
07,hyperparam_draw,22.583320626415297,1016,clipped_ips,random,22.583320626415297,0.7257681695124412,0.7153918288961995,0.32409499979146833,41.645412435329874,0.0,0.3615945100663979
07,hyperparam_draw,1.5475670316383308,1016,clipped_ips,random,1.5475670316383308,0.6512643035592208,0.7153918288961995,0.32409499979146833,41.645412435329874,0.0,0.8549291215303622
07,hyperparam_draw,1.1699005502331514,1016,clipped_ips,random,1.1699005502331514,0.6223927388535034,0.7153918288961995,0.32409499979146833,41.645412435329874,0.0,0.9079309288024657
07,hyperparam_draw,18.825582905183996,1016,clipped_ips,random,18.825582905183996,0.7247892535070456,0.7153918288961995,0.32409499979146833,41.645412435329874,0.0,0.38238387096120274
07,hyperparam_draw,4.428234349610618,1016,clipped_ips,random,4.428234349610618,0.7023617707598815,0.7153918288961995,0.32409499979146833,41.645412435329874,0.0,0.6400713031867568
07,hyperparam_draw,19.550572799151674,1016,clipped_ips,random,19.550572799151674,0.7249875191213947,0.7153918288961995,0.32409499979146833,41.645412435329874,0.0,0.37749479893463583
07,hyperparam_draw,17.93463395730529,1016,clipped_ips,random,17.93463395730529,0.7245436055241159,0.7153918288961995,0.32409499979146833,41.645412435329874,0.0,0.38847991131210385
07,hyperparam_draw,3.041518090067853,1016,clipped_ips,random,3.041518090067853,0.6916411205645614,0.7153918288961995,0.32409499979146833,41.645412435329874,0.0,0.7141632619825895
07,hyperparam_draw,15.805072631675337,1016,clipped_ips,random,15.805072631675337,0.7238737116962345,0.7153918288961995,0.32409499979146833,41.645412435329874,0.0,0.4055617580813225
07,hyperparam_draw,10.133172321400968,1016,clipped_ips,random,10.133172321400968,0.7184313241252869,0.7153918288961995,0.32409499979146833,41.645412435329874,0.0,0.48065014053905614
07,hyperparam_draw,61.89416363861225,1016,clipped_ips,random,61.89416363861225,0.727898161192831,0.7153918288961995,0.32409499979146833,41.645412435329874,0.0,0.32409499979146833
07,hyperparam_draw,33.576598086979565,1016,clipped_ips,random,33.576598086979565,0.7274661621556037,0.7153918288961995,0.32409499979146833,41.645412435329874,0.0,0.3320519558465654
07,hyperparam_draw,11.563709053079412,1016,clipped_ips,random,11.563709053079412,0.7207422847945332,0.7153918288961995,0.32409499979146833,41.645412435329874,0.0,0.4567976792822027
07,hyperparam_draw,18.101307534540606,1016,clipped_ips,random,18.101307534540606,0.7245895599282969,0.7153918288961995,0.32409499979146833,41.645412435329874,0.0,0.38734864831881594
07,hyperparam_draw,5.240924382338134,1016,clipped_ips,random,5.240924382338134,0.7065761288948783,0.7153918288961995,0.32409499979146833,41.645412435329874,0.0,0.6049145063805081
07,hyperparam_draw,18.65210765890734,1016,switch_dr,random,18.65210765890734,0.7265824588835138,0.7153918288961995,0.32409499979146833,41.645412435329874,0.0,0.4508857170392774
07,hyperparam_draw,5.840522588329438,1016,switch_dr,random,5.840522588329438,0.7242456327965675,0.7153918288961995,0.32409499979146833,41.645412435329874,0.0,0.6671399950731315
07,hyperparam_draw,76.02343719150572,1016,switch_dr,random,76.02343719150572,0.7268839209579614,0.7153918288961995,0.32409499979146833,41.645412435329874,0.0,0.32409499979146833
07,hyperparam_draw,21.43454642648593,1016,switch_dr,random,21.43454642648593,0.7232981543487326,0.7153918288961995,0.32409499979146833,41.645412435329874,0.0,0.41067816467984214
07,hyperparam_draw,11.515443771128918,1016,switch_dr,random,11.515443771128918,0.7220944433674461,0.7153918288961995,0.32409499979146833,41.645412435329874,0.0,0.5441258499302848
07,hyperparam_draw,43.397536593236836,1016,switch_dr,random,43.397536593236836,0.7268839209579614,0.7153918288961995,0.32409499979146833,41.645412435329874,0.0,0.32409499979146833
07,hyperparam_draw,1.8971503386968531,1016,switch_dr,random,1.8971503386968531,0.7214987920715921,0.7153918288961995,0.32409499979146833,41.645412435329874,0.0,0.8130340060817759
07,hyperparam_draw,64.73097085990362,1016,switch_dr,random,64.73097085990362,0.7268839209579614,0.7153918288961995,0.32409499979146833,41.645412435329874,0.0,0.32409499979146833
07,hyperparam_draw,10.131933554091479,1016,switch_dr,random,10.131933554091479,0.7185338447604923,0.7153918288961995,0.32409499979146833,41.645412435329874,0.0,0.5719056005609056
07,hyperparam_draw,6.197558246631003,1016,switch_dr,random,6.197558246631003,0.7228835308141967,0.7153918288961995,0.32409499979146833,41.645412435329874,0.0,0.6556175335273533
07,hyperparam_draw,40.387412606507105,1016,switch_dr,random,40.387412606507105,0.7264593618264851,0.7153918288961995,0.32409499979146833,41.645412435329874,0.0,0.34085381583101904
07,hyperparam_draw,0.83397067601756,1016,switch_dr,random,0.83397067601756,0.7147548835002132,0.7153918288961995,0.32409499979146833,41.645412435329874,0.0,0.6512654214399054
07,hyperparam_draw,1.089035461869519,1016,switch_dr,random,1.089035461869519,0.7176463606388888,0.7153918288961995,0.32409499979146833,41.645412435329874,0.0,0.770357158687394
07,hyperparam_draw,4.89586474756092,1016,switch_dr,random,4.89586474756092,0.7217587466855507,0.7153918288961995,0.32409499979146833,41.645412435329874,0.0,0.7017332265249098
07,hyperparam_draw,10.0928587867714,1016,switch_dr,random,10.0928587867714,0.7185338447604923,0.7153918288961995,0.32409499979146833,41.645412435329874,0.0,0.5719056005609056
07,hyperparam_draw,2.2951966489947844,1016,switch_dr,random,2.2951966489947844,0.7230056826545527,0.7153918288961995,0.32409499979146833,41.645412435329874,0.0,0.799497814605364
07,hyperparam_draw,21.21770429318987,1016,switch_dr,random,21.21770429318987,0.725771964073418,0.7153918288961995,0.32409499979146833,41.645412435329874,0.0,0.43110225361887333
07,hyperparam_draw,3.9617890550957475,1016,switch_dr,random,3.9617890550957475,0.7236014957590396,0.7153918288961995,0.32409499979146833,41.645412435329874,0.0,0.7247805780268666
07,hyperparam_draw,2.5664210692736455,1016,switch_dr,random,2.5664210692736455,0.7253869205107419,0.7153918288961995,0.32409499979146833,41.645412435329874,0.0,0.7889604346541703
07,hyperparam_draw,14.303351561053598,1016,switch_dr,random,14.303351561053598,0.727633838230693,0.7153918288961995,0.32409499979146833,41.645412435329874,0.0,0.5016173119304836
07,hyperparam_draw,1.0294969663857902,1016,switch_dr,random,1.0294969663857902,0.7174671229868207,0.7153918288961995,0.32409499979146833,41.645412435329874,0.0,0.7530143566812151
07,hyperparam_draw,4.740129027655984,1016,switch_dr,random,4.740129027655984,0.7230988760188389,0.7153918288961995,0.32409499979146833,41.645412435329874,0.0,0.7080573334775808
07,hyperparam_draw,14.972980031742141,1016,switch_dr,random,14.972980031742141,0.727633838230693,0.7153918288961995,0.32409499979146833,41.645412435329874,0.0,0.5016173119304836
07,hyperparam_draw,13.651452483449802,1016,switch_dr,random,13.651452483449802,0.7238248789231183,0.7153918288961995,0.32409499979146833,41.645412435329874,0.0,0.5231761905288115
07,hyperparam_draw,3.4197247755991436,1016,switch_dr,random,3.4197247755991436,0.7253262161478633,0.7153918288961995,0.32409499979146833,41.645412435329874,0.0,0.7481062022774475
07,hyperparam_draw,12.8687206908235,1016,switch_dr,random,12.8687206908235,0.7236182350577733,0.7153918288961995,0.32409499979146833,41.645412435329874,0.0,0.5274782834278714
07,hyperparam_draw,12.663440539475529,1016,switch_dr,random,12.663440539475529,0.7231901056035257,0.7153918288961995,0.32409499979146833,41.645412435329874,0.0,0.5312528009769072
07,hyperparam_draw,3.1910727081146413,1016,switch_dr,random,3.1910727081146413,0.7270225407608101,0.7153918288961995,0.32409499979146833,41.645412435329874,0.0,0.7582742448075863
07,hyperparam_draw,0.966081502411541,1016,switch_dr,random,0.966081502411541,0.7173359883738064,0.7153918288961995,0.32409499979146833,41.645412435329874,0.0,0.7316818953308056
07,hyperparam_draw,60.26067598405455,1016,switch_dr,random,60.26067598405455,0.7268839209579614,0.7153918288961995,0.32409499979146833,41.645412435329874,0.0,0.32409499979146833
07,hyperparam_draw,33.62772560015514,1016,switch_dr,random,33.62772560015514,0.724160681862604,0.7153918288961995,0.32409499979146833,41.645412435329874,0.0,0.354611655415104
07,hyperparam_draw,24.39087055196858,1016,switch_dr,random,24.39087055196858,0.7243686688642336,0.7153918288961995,0.32409499979146833,41.645412435329874,0.0,0.3966984951235776
07,hyperparam_draw,3.8252587200813335,1016,switch_dr,random,3.8252587200813335,0.7241739499687796,0.7153918288961995,0.32409499979146833,41.645412435329874,0.0,0.730067752827935
07,hyperparam_draw,2.1026598288169764,1016,switch_dr,random,2.1026598288169764,0.7215419467197673,0.7153918288961995,0.32409499979146833,41.645412435329874,0.0,0.8064440804212237
07,hyperparam_draw,3.460865743187581,1016,switch_dr,random,3.460865743187581,0.7245422914949055,0.7153918288961995,0.32409499979146833,41.645412435329874,0.0,0.7448914049112485
07,hyperparam_draw,47.60792652171307,1016,switch_dr,random,47.60792652171307,0.7268839209579614,0.7153918288961995,0.32409499979146833,41.645412435329874,0.0,0.32409499979146833
07,hyperparam_draw,13.850447651751953,1016,switch_dr,random,13.850447651751953,0.7225485089858832,0.7153918288961995,0.32409499979146833,41.645412435329874,0.0,0.5188656316059882
07,hyperparam_draw,0.7345087669826583,1016,switch_dr,random,0.7345087669826583,0.7094446856545257,0.7153918288961995,0.32409499979146833,41.645412435329874,0.0,0.5357518758417745
07,hyperparam_draw,45.59159568675402,1016,switch_dr,random,45.59159568675402,0.7268839209579614,0.7153918288961995,0.32409499979146833,41.645412435329874,0.0,0.32409499979146833
07,hyperparam_draw,64.8701898856706,1016,switch_dr,random,64.8701898856706,0.7268839209579614,0.7153918288961995,0.32409499979146833,41.645412435329874,0.0,0.32409499979146833
07,hyperparam_draw,22.633982557882284,1016,switch_dr,random,22.633982557882284,0.7239040511543684,0.7153918288961995,0.32409499979146833,41.645412435329874,0.0,0.4037177283509578
07,hyperparam_draw,2.427802606821409,1016,switch_dr,random,2.427802606821409,0.7241876241255856,0.7153918288961995,0.32409499979146833,41.645412435329874,0.0,0.7953908939900256
07,hyperparam_draw,18.021602918185728,1016,switch_dr,random,18.021602918185728,0.7265824588835138,0.7153918288961995,0.32409499979146833,41.645412435329874,0.0,0.4508857170392774
07,hyperparam_draw,8.402357034740307,1016,switch_dr,random,8.402357034740307,0.7209840317873111,0.7153918288961995,0.32409499979146833,41.645412435329874,0.0,0.5977847005231522
07,hyperparam_draw,6.679682110268962,1016,switch_dr,random,6.679682110268962,0.7215069110889089,0.7153918288961995,0.32409499979146833,41.645412435329874,0.0,0.6452204427566258
07,hyperparam_draw,1.9626850553331148,1016,switch_dr,random,1.9626850553331148,0.721589033347123,0.7153918288961995,0.32409499979146833,41.645412435329874,0.0,0.8113273038548663
07,hyperparam_draw,26.94711148123005,1016,switch_dr,random,26.94711148123005,0.7243686688642336,0.7153918288961995,0.32409499979146833,41.645412435329874,0.0,0.3966984951235776
07,hyperparam_draw,8.435743307971522,1016,switch_dr,random,8.435743307971522,0.7208227973610533,0.7153918288961995,0.32409499979146833,41.645412435329874,0.0,0.5958073287147928
07,hyperparam_draw,17.660597981575126,1016,switch_dr,random,17.660597981575126,0.7265824588835138,0.7153918288961995,0.32409499979146833,41.645412435329874,0.0,0.4508857170392774
07,hyperparam_draw,69.64816422778536,1016,switch_dr,random,69.64816422778536,0.7268839209579614,0.7153918288961995,0.32409499979146833,41.645412435329874,0.0,0.32409499979146833
07,hyperparam_draw,4.781746521936127,1016,switch_dr,random,4.781746521936127,0.7223572457916698,0.7153918288961995,0.32409499979146833,41.645412435329874,0.0,0.7057168516887157
07,hyperparam_draw,5.353414709008973,1016,switch_dr,random,5.353414709008973,0.7227164885413073,0.7153918288961995,0.32409499979146833,41.645412435329874,0.0,0.6832279272063259
07,hyperparam_draw,0.9211565542684979,1016,switch_dr,random,0.9211565542684979,0.7168478807629051,0.7153918288961995,0.32409499979146833,41.645412435329874,0.0,0.7108277223393622
07,hyperparam_draw,3.142284296942102,1016,switch_dr,random,3.142284296942102,0.7267353290846195,0.7153918288961995,0.32409499979146833,41.645412435329874,0.0,0.7597603093713383
07,hyperparam_draw,2.639947083692753,1016,switch_dr,random,2.639947083692753,0.7262165218847844,0.7153918288961995,0.32409499979146833,41.645412435329874,0.0,0.784257856153466
07,hyperparam_draw,36.81333386701288,1016,switch_dr,random,36.81333386701288,0.7264593618264851,0.7153918288961995,0.32409499979146833,41.645412435329874,0.0,0.34085381583101904
07,hyperparam_draw,1.0821074275619846,1016,switch_dr,random,1.0821074275619846,0.7176990032425021,0.7153918288961995,0.32409499979146833,41.645412435329874,0.0,0.768633131174179
07,hyperparam_draw,3.6040038091571023,1016,switch_dr,random,3.6040038091571023,0.7246284449586589,0.7153918288961995,0.32409499979146833,41.645412435329874,0.0,0.740608569009139
07,hyperparam_draw,1.3725698278354077,1016,switch_dr,random,1.3725698278354077,0.719244447002132,0.7153918288961995,0.32409499979146833,41.645412435329874,0.0,0.8081226035455285
07,hyperparam_draw,2.8106413510706427,1016,switch_dr,random,2.8106413510706427,0.7250716269836469,0.7153918288961995,0.32409499979146833,41.645412435329874,0.0,0.7757266611319469
07,hyperparam_draw,78.32621775887219,1016,dros,random,78.32621775887219,0.7230365211293281,0.7153918288961995,0.32409499979146833,41.645412435329874,0.0,0.6798169954097748
07,hyperparam_draw,96.61792065126711,1016,dros,random,96.61792065126711,0.7232019877263786,0.7153918288961995,0.32409499979146833,41.645412435329874,0.0,0.6584055208679876
07,hyperparam_draw,4.5087711352273985,1016,dros,random,4.5087711352273985,0.7193479733441938,0.7153918288961995,0.32409499979146833,41.645412435329874,0.0,0.9312344395036418
07,hyperparam_draw,3.091142793853699,1016,dros,random,3.091142793853699,0.718034825694952,0.7153918288961995,0.32409499979146833,41.645412435329874,0.0,0.9517154429546126
07,hyperparam_draw,105.50974266831535,1016,dros,random,105.50974266831535,0.7232762834956691,0.7153918288961995,0.32409499979146833,41.645412435329874,0.0,0.6494027338557453
07,hyperparam_draw,26.10115121618725,1016,dros,random,26.10115121618725,0.7223277149961775,0.7153918288961995,0.32409499979146833,41.645412435329874,0.0,0.7885663866699525
07,hyperparam_draw,239.22823193475693,1016,dros,random,239.22823193475693,0.7240636989664747,0.7153918288961995,0.32409499979146833,41.645412435329874,0.0,0.5663212176449085
07,hyperparam_draw,2091.4065232904304,1016,dros,random,2091.4065232904304,0.7258944348325965,0.7153918288961995,0.32409499979146833,41.645412435329874,0.0,0.39390398312046787
07,hyperparam_draw,9.198947176308964,1016,dros,random,9.198947176308964,0.7211046390986237,0.7153918288961995,0.32409499979146833,41.645412435329874,0.0,0.8806909402966787
07,hyperparam_draw,13.731206744118321,1016,dros,random,13.731206744118321,0.7217220500753003,0.7153918288961995,0.32409499979146833,41.645412435329874,0.0,0.8472106533898632
07,hyperparam_draw,671.317729622295,1016,dros,random,671.317729622295,0.7250418988384074,0.7153918288961995,0.32409499979146833,41.645412435329874,0.0,0.47098170141686385
07,hyperparam_draw,459.8575745309071,1016,dros,random,459.8575745309071,0.7247038509484236,0.7153918288961995,0.32409499979146833,41.645412435329874,0.0,0.5038497375033857
07,hyperparam_draw,381.2280880790321,1016,dros,random,381.2280880790321,0.724526299825616,0.7153918288961995,0.32409499979146833,41.645412435329874,0.0,0.5211591243714477
07,hyperparam_draw,3.1897814108021176,1016,dros,random,3.1897814108021176,0.7181544284856192,0.7153918288961995,0.32409499979146833,41.645412435329874,0.0,0.9502035652755969
07,hyperparam_draw,0.5257063769577547,1016,dros,random,0.5257063769577547,0.7088316117563219,0.7153918288961995,0.32409499979146833,41.645412435329874,0.0,0.9753729569965374
07,hyperparam_draw,692.4943324862712,1016,dros,random,692.4943324862712,0.7250684264244668,0.7153918288961995,0.32409499979146833,41.645412435329874,0.0,0.46842241571959364
07,hyperparam_draw,28.082193111479302,1016,dros,random,28.082193111479302,0.7223778999097824,0.7153918288961995,0.32409499979146833,41.645412435329874,0.0,0.7815959067222659
07,hyperparam_draw,0.7188281274612953,1016,dros,random,0.7188281274612953,0.7106905057416141,0.7153918288961995,0.32409499979146833,41.645412435329874,0.0,0.9796355827723119
07,hyperparam_draw,250.53963938401486,1016,dros,random,250.53963938401486,0.7241103698248404,0.7153918288961995,0.32409499979146833,41.645412435329874,0.0,0.5617366504668847
07,hyperparam_draw,215.5061325794622,1016,dros,random,215.5061325794622,0.7239581457250308,0.7153918288961995,0.32409499979146833,41.645412435329874,0.0,0.5767489561288239
07,hyperparam_draw,2122.3177987030817,1016,dros,random,2122.3177987030817,0.7259037518088798,0.7153918288961995,0.32409499979146833,41.645412435329874,0.0,0.39314476941385657
07,hyperparam_draw,23.647788660215703,1016,dros,random,23.647788660215703,0.7222557727711179,0.7153918288961995,0.32409499979146833,41.645412435329874,0.0,0.7978895690905833
07,hyperparam_draw,507.25358879399937,1016,dros,random,507.25358879399937,0.7247941498310384,0.7153918288961995,0.32409499979146833,41.645412435329874,0.0,0.4950454876038809
07,hyperparam_draw,345.8223476085182,1016,dros,random,345.8223476085182,0.7244316614929922,0.7153918288961995,0.32409499979146833,41.645412435329874,0.0,0.5303786051340041
07,hyperparam_draw,10.16793544915534,1016,dros,random,10.16793544915534,0.7212811441118597,0.7153918288961995,0.32409499979146833,41.645412435329874,0.0,0.8726009382087107
07,hyperparam_draw,4185.183834179746,1016,dros,random,4185.183834179746,0.7262780006790538,0.7153918288961995,0.32409499979146833,41.645412435329874,0.0,0.36436535118999985
07,hyperparam_draw,1.8675109080348888,1016,dros,random,1.8675109080348888,0.7158668781425352,0.7153918288961995,0.32409499979146833,41.645412435329874,0.0,0.9708197717327637
07,hyperparam_draw,1961.9695124289917,1016,dros,random,1961.9695124289917,0.7258533031546897,0.7153918288961995,0.32409499979146833,41.645412435329874,0.0,0.39728076415893904
07,hyperparam_draw,238.50042769082333,1016,dros,random,238.50042769082333,0.7240606191874663,0.7153918288961995,0.32409499979146833,41.645412435329874,0.0,0.5666242342075649
07,hyperparam_draw,10.950357870977456,1016,dros,random,10.950357870977456,0.7214018572666848,0.7153918288961995,0.32409499979146833,41.645412435329874,0.0,0.8664852391272198
07,hyperparam_draw,20.09940378468891,1016,dros,random,20.09940378468891,0.7221238141129763,0.7153918288961995,0.32409499979146833,41.645412435329874,0.0,0.8130223477175816
07,hyperparam_draw,9.22248821229868,1016,dros,random,9.22248821229868,0.7211093410649646,0.7153918288961995,0.32409499979146833,41.645412435329874,0.0,0.8804870483018143
07,hyperparam_draw,6743.208641164967,1016,dros,random,6743.208641164967,0.7264710593705854,0.7153918288961995,0.32409499979146833,41.645412435329874,0.0,0.35076227635764784
07,hyperparam_draw,0.6633384805355943,1016,dros,random,0.6633384805355943,0.7102152547729814,0.7153918288961995,0.32409499979146833,41.645412435329874,0.0,0.9788378168951752
07,hyperparam_draw,838.8260077552112,1016,dros,random,838.8260077552112,0.725228148575428,0.7153918288961995,0.32409499979146833,41.645412435329874,0.0,0.45314144221102076
07,hyperparam_draw,13.30530084541951,1016,dros,random,13.30530084541951,0.7216815646713537,0.7153918288961995,0.32409499979146833,41.645412435329874,0.0,0.8499453414570315
07,hyperparam_draw,171.2390364995213,1016,dros,random,171.2390364995213,0.7237278571589796,0.7153918288961995,0.32409499979146833,41.645412435329874,0.0,0.5999586091005971
07,hyperparam_draw,833.4758404844712,1016,dros,random,833.4758404844712,0.725222927821762,0.7153918288961995,0.32409499979146833,41.645412435329874,0.0,0.4536367195952396
07,hyperparam_draw,50.64612407761487,1016,dros,random,50.64612407761487,0.7227411793011598,0.7153918288961995,0.32409499979146833,41.645412435329874,0.0,0.7238325347499028
07,hyperparam_draw,490.34932564202944,1016,dros,random,490.34932564202944,0.7247631575281513,0.7153918288961995,0.32409499979146833,41.645412435329874,0.0,0.49806670207147746
07,hyperparam_draw,808.3220181917972,1016,dros,random,808.3220181917972,0.725197819629924,0.7153918288961995,0.32409499979146833,41.645412435329874,0.0,0.4560231217528239
07,hyperparam_draw,1559.188421913067,1016,dros,random,1559.188421913067,0.7256981102705443,0.7153918288961995,0.32409499979146833,41.645412435329874,0.0,0.41038524307936003
07,hyperparam_draw,5301.498448995138,1016,dros,random,5301.498448995138,0.726380829284004,0.7153918288961995,0.32409499979146833,41.645412435329874,0.0,0.35702130200939375
07,hyperparam_draw,0.7167796443586112,1016,dros,random,0.7167796443586112,0.7106736707212968,0.7153918288961995,0.32409499979146833,41.645412435329874,0.0,0.9796109486357356
07,hyperparam_draw,58.871028833338926,1016,dros,random,58.871028833338926,0.7228368379190817,0.7153918288961995,0.32409499979146833,41.645412435329874,0.0,0.7087350403795305
07,hyperparam_draw,5.954136501758346,1016,dros,random,5.954136501758346,0.7201425298996237,0.7153918288961995,0.32409499979146833,41.645412435329874,0.0,0.9131694132094468
07,hyperparam_draw,2533.987020920688,1016,dros,random,2533.987020920688,0.7260124027342749,0.7153918288961995,0.32409499979146833,41.645412435329874,0.0,0.3844462723028287
07,hyperparam_draw,1.4770477298471523,1016,dros,random,1.4770477298471523,0.714707081469774,0.7153918288961995,0.32409499979146833,41.645412435329874,0.0,0.976287156412395
07,hyperparam_draw,1.5449804194679297,1016,dros,random,1.5449804194679297,0.7149362403566649,0.7153918288961995,0.32409499979146833,41.645412435329874,0.0,0.9754099267277708
07,hyperparam_draw,58.43372413312956,1016,dros,random,58.43372413312956,0.7228319678431516,0.7153918288961995,0.32409499979146833,41.645412435329874,0.0,0.7094857020068034
07,hyperparam_draw,30.540316210621903,1016,dros,random,30.540316210621903,0.7224328497367489,0.7153918288961995,0.32409499979146833,41.645412435329874,0.0,0.7735406434224503
07,hyperparam_draw,921.0641963004646,1016,dros,random,921.0641963004646,0.7253035995492809,0.7153918288961995,0.32409499979146833,41.645412435329874,0.0,0.4460225359507995
07,hyperparam_draw,0.5215330412309623,1016,dros,random,0.5215330412309623,0.708784191462311,0.7153918288961995,0.32409499979146833,41.645412435329874,0.0,0.9752256318076282
07,hyperparam_draw,2024.6596242206379,1016,dros,random,2024.6596242206379,0.725873666214253,0.7153918288961995,0.32409499979146833,41.645412435329874,0.0,0.39560391476187123
07,hyperparam_draw,3.9123856250670688,1016,dros,random,3.9123856250670688,0.7188862514994964,0.7153918288961995,0.32409499979146833,41.645412435329874,0.0,0.9395102642443891
07,hyperparam_draw,1.5815975142664775,1016,dros,random,1.5815975142664775,0.715054369842807,0.7153918288961995,0.32409499979146833,41.645412435329874,0.0,0.9749208599998134
07,hyperparam_draw,3.250197756189218,1016,dros,random,3.250197756189218,0.7182249816605512,0.7153918288961995,0.32409499979146833,41.645412435329874,0.0,0.9492832074802116
07,hyperparam_draw,284.62754941453136,1016,dros,random,284.62754941453136,0.7242387019570053,0.7153918288961995,0.32409499979146833,41.645412435329874,0.0,0.5491839052664602
07,hyperparam_draw,1.7702486552051624,1016,dros,random,1.7702486552051624,0.7156103310958287,0.7153918288961995,0.32409499979146833,41.645412435329874,0.0,0.9722606073352624
07,hyperparam_draw,22.18091074982658,1016,dros,random,22.18091074982658,0.7222060060850566,0.7153918288961995,0.32409499979146833,41.645412435329874,0.0,0.8038845667732296
07,hyperparam_draw,nan,1016,ips,fixed,nan,0.727898161192831,0.7153918288961995,0.32409499979146833,41.645412435329874,0.0,0.32409499979146833
07,hyperparam_draw,nan,1016,snips,fixed,nan,0.7338682774801961,0.7153918288961995,0.32409499979146833,41.645412435329874,0.0,0.32409499979146833
07,hyperparam_draw,nan,1016,dr,fixed,nan,0.7268839209579614,0.7153918288961995,0.32409499979146833,41.645412435329874,0.0,0.32409499979146833
07,hyperparam_draw,5.440159374885993,1016,clipped_ips,slope,5.440159374885993,0.7073877378576213,0.7153918288961995,0.32409499979146833,41.645412435329874,0.0,0.5974180990382418
07,hyperparam_draw,1.390333070065994,1016,switch_dr,slope,1.390333070065994,0.719572376804852,0.7153918288961995,0.32409499979146833,41.645412435329874,0.0,0.8094178482441584
07,hyperparam_draw,1.9330260457191324,1016,dros,slope,1.9330260457191324,0.7160296877875931,0.7153918288961995,0.32409499979146833,41.645412435329874,0.0,0.9698302728981669
07,hyperparam_draw,8.069783217197033,1017,clipped_ips,random,8.069783217197033,0.708173446459591,0.7153918288961995,0.2510601393099019,68.42923583618624,0.0,0.515490663535479
07,hyperparam_draw,1.726280305841556,1017,clipped_ips,random,1.726280305841556,0.6526082105228029,0.7153918288961995,0.2510601393099019,68.42923583618624,0.0,0.8324394379138804
07,hyperparam_draw,2.8221477808695226,1017,clipped_ips,random,2.8221477808695226,0.6801315893976438,0.7153918288961995,0.2510601393099019,68.42923583618624,0.0,0.7280321939688164
07,hyperparam_draw,42.065452662487445,1017,clipped_ips,random,42.065452662487445,0.7217791027938821,0.7153918288961995,0.2510601393099019,68.42923583618624,0.0,0.27881311807517284
07,hyperparam_draw,17.866783368674632,1017,clipped_ips,random,17.866783368674632,0.7178713539200797,0.7153918288961995,0.2510601393099019,68.42923583618624,0.0,0.3872051659241639
07,hyperparam_draw,1.4489299380111031,1017,clipped_ips,random,1.4489299380111031,0.6386015668084044,0.7153918288961995,0.2510601393099019,68.42923583618624,0.0,0.8669000173648256
07,hyperparam_draw,9.837562660864382,1017,clipped_ips,random,9.837562660864382,0.7113477844436633,0.7153918288961995,0.2510601393099019,68.42923583618624,0.0,0.4781139096408796
07,hyperparam_draw,35.216020595621245,1017,clipped_ips,random,35.216020595621245,0.7213638210116703,0.7153918288961995,0.2510601393099019,68.42923583618624,0.0,0.29723380660763815
07,hyperparam_draw,2.7474320559106666,1017,clipped_ips,random,2.7474320559106666,0.6789302153351234,0.7153918288961995,0.2510601393099019,68.42923583618624,0.0,0.7339245069550188
07,hyperparam_draw,3.185781235595226,1017,clipped_ips,random,3.185781235595226,0.6851225045863051,0.7153918288961995,0.2510601393099019,68.42923583618624,0.0,0.702025350042782
07,hyperparam_draw,1.135693400796848,1017,clipped_ips,random,1.135693400796848,0.6120164188461292,0.7153918288961995,0.2510601393099019,68.42923583618624,0.0,0.9124714050496645
07,hyperparam_draw,14.112610282139219,1017,clipped_ips,random,14.112610282139219,0.7153778281644457,0.7153918288961995,0.2510601393099019,68.42923583618624,0.0,0.42097810753473885
07,hyperparam_draw,19.928119297631877,1017,clipped_ips,random,19.928119297631877,0.718793584826053,0.7153918288961995,0.2510601393099019,68.42923583618624,0.0,0.37115217057211713
07,hyperparam_draw,2.77418575513705,1017,clipped_ips,random,2.77418575513705,0.679371156433925,0.7153918288961995,0.2510601393099019,68.42923583618624,0.0,0.7317900705171401
07,hyperparam_draw,2.2005404100464996,1017,clipped_ips,random,2.2005404100464996,0.6678660993579572,0.7153918288961995,0.2510601393099019,68.42923583618624,0.0,0.7821267636616409
07,hyperparam_draw,0.960778834423064,1017,clipped_ips,random,0.960778834423064,0.5885305973896199,0.7153918288961995,0.2510601393099019,68.42923583618624,0.0,0.9396170295394417
07,hyperparam_draw,8.269628779555466,1017,clipped_ips,random,8.269628779555466,0.7086127960964331,0.7153918288961995,0.2510601393099019,68.42923583618624,0.0,0.51040090666017
07,hyperparam_draw,2.3030031335781236,1017,clipped_ips,random,2.3030031335781236,0.6703012835725982,0.7153918288961995,0.2510601393099019,68.42923583618624,0.0,0.772361156737601
07,hyperparam_draw,1.35832055556677,1017,clipped_ips,random,1.35832055556677,0.6323318205216548,0.7153918288961995,0.2510601393099019,68.42923583618624,0.0,0.879473874098219
07,hyperparam_draw,1.6598392499459371,1017,clipped_ips,random,1.6598392499459371,0.6497679529150606,0.7153918288961995,0.2510601393099019,68.42923583618624,0.0,0.8402164978302086
07,hyperparam_draw,23.90336284042007,1017,clipped_ips,random,23.90336284042007,0.7201990836910593,0.7153918288961995,0.2510601393099019,68.42923583618624,0.0,0.3451242687698216
07,hyperparam_draw,18.146360831825433,1017,clipped_ips,random,18.146360831825433,0.7180045761783145,0.7153918288961995,0.2510601393099019,68.42923583618624,0.0,0.38494457017906725
07,hyperparam_draw,2.0685085629180144,1017,clipped_ips,random,2.0685085629180144,0.6643548272064514,0.7153918288961995,0.2510601393099019,68.42923583618624,0.0,0.795349132067913
07,hyperparam_draw,24.732244846474146,1017,clipped_ips,random,24.732244846474146,0.72037404124582,0.7153918288961995,0.2510601393099019,68.42923583618624,0.0,0.3408122664871149
07,hyperparam_draw,1.3128206245664624,1017,clipped_ips,random,1.3128206245664624,0.6287773811383555,0.7153918288961995,0.2510601393099019,68.42923583618624,0.0,0.8860038144336764
07,hyperparam_draw,1.385029395183239,1017,clipped_ips,random,1.385029395183239,0.6342916667796077,0.7153918288961995,0.2510601393099019,68.42923583618624,0.0,0.8757063978339964
07,hyperparam_draw,43.73313915182916,1017,clipped_ips,random,43.73313915182916,0.7218132271974053,0.7153918288961995,0.2510601393099019,68.42923583618624,0.0,0.2748390765629161
07,hyperparam_draw,42.751281732629415,1017,clipped_ips,random,42.751281732629415,0.7217931363116249,0.7153918288961995,0.2510601393099019,68.42923583618624,0.0,0.27718415604097324
07,hyperparam_draw,135.33562683307167,1017,clipped_ips,random,135.33562683307167,0.7209305478904471,0.7153918288961995,0.2510601393099019,68.42923583618624,0.0,0.2510601393099019
07,hyperparam_draw,1.0153810227321718,1017,clipped_ips,random,1.0153810227321718,0.5968784327800506,0.7153918288961995,0.2510601393099019,68.42923583618624,0.0,0.9310542409140764
07,hyperparam_draw,4.459912608827216,1017,clipped_ips,random,4.459912608827216,0.6952771756705246,0.7153918288961995,0.2510601393099019,68.42923583618624,0.0,0.6343456338477175
07,hyperparam_draw,17.59014688046407,1017,clipped_ips,random,17.59014688046407,0.7177395330742424,0.7153918288961995,0.2510601393099019,68.42923583618624,0.0,0.38943181506413305
07,hyperparam_draw,71.7320790238042,1017,clipped_ips,random,71.7320790238042,0.7209305478904471,0.7153918288961995,0.2510601393099019,68.42923583618624,0.0,0.2510601393099019
07,hyperparam_draw,7.253889543891395,1017,clipped_ips,random,7.253889543891395,0.7062173931045929,0.7153918288961995,0.2510601393099019,68.42923583618624,0.0,0.5375186004369175
07,hyperparam_draw,25.0925815061957,1017,clipped_ips,random,25.0925815061957,0.7204479030960574,0.7153918288961995,0.2510601393099019,68.42923583618624,0.0,0.3389580246066694
07,hyperparam_draw,21.79196647757943,1017,clipped_ips,random,21.79196647757943,0.7195354051391686,0.7153918288961995,0.2510601393099019,68.42923583618624,0.0,0.3578453799668577
07,hyperparam_draw,2.98099947912109,1017,clipped_ips,random,2.98099947912109,0.6824591561353385,0.7153918288961995,0.2510601393099019,68.42923583618624,0.0,0.716160933403607
07,hyperparam_draw,63.127645008544,1017,clipped_ips,random,63.127645008544,0.7210976184550291,0.7153918288961995,0.2510601393099019,68.42923583618624,0.0,0.2551857284677237
07,hyperparam_draw,37.56642875401894,1017,clipped_ips,random,37.56642875401894,0.7215702326102249,0.7153918288961995,0.2510601393099019,68.42923583618624,0.0,0.29027297152258424
07,hyperparam_draw,0.8357715821855667,1017,clipped_ips,random,0.8357715821855667,0.5638821745223831,0.7153918288961995,0.2510601393099019,68.42923583618624,0.0,0.95922035891554
07,hyperparam_draw,97.10877709737355,1017,clipped_ips,random,97.10877709737355,0.7209305478904471,0.7153918288961995,0.2510601393099019,68.42923583618624,0.0,0.2510601393099019
07,hyperparam_draw,6.293563165397276,1017,clipped_ips,random,6.293563165397276,0.7032799517967644,0.7153918288961995,0.2510601393099019,68.42923583618624,0.0,0.5663692711292475
07,hyperparam_draw,99.22127593301121,1017,clipped_ips,random,99.22127593301121,0.7209305478904471,0.7153918288961995,0.2510601393099019,68.42923583618624,0.0,0.2510601393099019
07,hyperparam_draw,0.8105970271647532,1017,clipped_ips,random,0.8105970271647532,0.5575779017966582,0.7153918288961995,0.2510601393099019,68.42923583618624,0.0,0.9631255349413977
07,hyperparam_draw,17.142362005131904,1017,clipped_ips,random,17.142362005131904,0.7175165327222199,0.7153918288961995,0.2510601393099019,68.42923583618624,0.0,0.3930536545396701
07,hyperparam_draw,1.0369152309643608,1017,clipped_ips,random,1.0369152309643608,0.5998815172475446,0.7153918288961995,0.2510601393099019,68.42923583618624,0.0,0.9276955928335128
07,hyperparam_draw,110.69962191280294,1017,clipped_ips,random,110.69962191280294,0.7209305478904471,0.7153918288961995,0.2510601393099019,68.42923583618624,0.0,0.2510601393099019
07,hyperparam_draw,3.4896587658801788,1017,clipped_ips,random,3.4896587658801788,0.6882693410027977,0.7153918288961995,0.2510601393099019,68.42923583618624,0.0,0.6832866084974898
07,hyperparam_draw,109.10611393217394,1017,clipped_ips,random,109.10611393217394,0.7209305478904471,0.7153918288961995,0.2510601393099019,68.42923583618624,0.0,0.2510601393099019
07,hyperparam_draw,6.7220031197654935,1017,clipped_ips,random,6.7220031197654935,0.7047019891426831,0.7153918288961995,0.2510601393099019,68.42923583618624,0.0,0.5530474356111252
07,hyperparam_draw,1.5464931618399116,1017,clipped_ips,random,1.5464931618399116,0.6442627224307669,0.7153918288961995,0.2510601393099019,68.42923583618624,0.0,0.8540940769849198
07,hyperparam_draw,7.5684653083091,1017,clipped_ips,random,7.5684653083091,0.707022963810087,0.7153918288961995,0.2510601393099019,68.42923583618624,0.0,0.5287538632505965
07,hyperparam_draw,1.0341972633520675,1017,clipped_ips,random,1.0341972633520675,0.599508826540005,0.7153918288961995,0.2510601393099019,68.42923583618624,0.0,0.9281198046803092
07,hyperparam_draw,15.386310739677763,1017,clipped_ips,random,15.386310739677763,0.7163773170548201,0.7153918288961995,0.2510601393099019,68.42923583618624,0.0,0.40869322753119364
07,hyperparam_draw,14.991727920117413,1017,clipped_ips,random,14.991727920117413,0.7160924804767165,0.7153918288961995,0.2510601393099019,68.42923583618624,0.0,0.41240140641558637
07,hyperparam_draw,18.059124984340553,1017,clipped_ips,random,18.059124984340553,0.7179630071746116,0.7153918288961995,0.2510601393099019,68.42923583618624,0.0,0.38565099119482255
07,hyperparam_draw,59.20647725388305,1017,clipped_ips,random,59.20647725388305,0.7212211873481954,0.7153918288961995,0.2510601393099019,68.42923583618624,0.0,0.25809402769025364
07,hyperparam_draw,16.041496811656312,1017,clipped_ips,random,16.041496811656312,0.7168258041232418,0.7153918288961995,0.2510601393099019,68.42923583618624,0.0,0.40272120880457996
07,hyperparam_draw,32.939258164818995,1017,clipped_ips,random,32.939258164818995,0.7211656397736708,0.7153918288961995,0.2510601393099019,68.42923583618624,0.0,0.304833303223561
07,hyperparam_draw,1.1760639727775635,1017,clipped_ips,random,1.1760639727775635,0.6163219395232565,0.7153918288961995,0.2510601393099019,68.42923583618624,0.0,0.9063153528308094
07,hyperparam_draw,8.44614216505222,1017,switch_dr,random,8.44614216505222,0.7137578981898458,0.7153918288961995,0.2510601393099019,68.42923583618624,0.0,0.6052491798469348
07,hyperparam_draw,4.976962035841559,1017,switch_dr,random,4.976962035841559,0.7143758530317541,0.7153918288961995,0.2510601393099019,68.42923583618624,0.0,0.6873225066974045
07,hyperparam_draw,33.14804740216673,1017,switch_dr,random,33.14804740216673,0.7179834736660231,0.7153918288961995,0.2510601393099019,68.42923583618624,0.0,0.3653883789465922
07,hyperparam_draw,113.7711002676154,1017,switch_dr,random,113.7711002676154,0.7180325183588501,0.7153918288961995,0.2510601393099019,68.42923583618624,0.0,0.2510601393099019
07,hyperparam_draw,95.13199434498354,1017,switch_dr,random,95.13199434498354,0.7180325183588501,0.7153918288961995,0.2510601393099019,68.42923583618624,0.0,0.2510601393099019
07,hyperparam_draw,74.08325916640851,1017,switch_dr,random,74.08325916640851,0.7180325183588501,0.7153918288961995,0.2510601393099019,68.42923583618624,0.0,0.2510601393099019
07,hyperparam_draw,2.066258918338579,1017,switch_dr,random,2.066258918338579,0.7178239282390327,0.7153918288961995,0.2510601393099019,68.42923583618624,0.0,0.808357818666653
07,hyperparam_draw,6.64179470369675,1017,switch_dr,random,6.64179470369675,0.7123645958833098,0.7153918288961995,0.2510601393099019,68.42923583618624,0.0,0.6471526552766342
07,hyperparam_draw,15.39888985950081,1017,switch_dr,random,15.39888985950081,0.7130495303695485,0.7153918288961995,0.2510601393099019,68.42923583618624,0.0,0.4803097939793897
07,hyperparam_draw,18.18894258731907,1017,switch_dr,random,18.18894258731907,0.7152619388613868,0.7153918288961995,0.2510601393099019,68.42923583618624,0.0,0.4644601068461956
07,hyperparam_draw,57.60566560391196,1017,switch_dr,random,57.60566560391196,0.7205876439068427,0.7153918288961995,0.2510601393099019,68.42923583618624,0.0,0.2800008557526512
07,hyperparam_draw,9.728357873260341,1017,switch_dr,random,9.728357873260341,0.7139315427156698,0.7153918288961995,0.2510601393099019,68.42923583618624,0.0,0.5612282422428456
07,hyperparam_draw,0.7420481912851506,1017,switch_dr,random,0.7420481912851506,0.7020708799676338,0.7153918288961995,0.2510601393099019,68.42923583618624,0.0,0.5456412137837606
07,hyperparam_draw,19.11830396532118,1017,switch_dr,random,19.11830396532118,0.7153929259768405,0.7153918288961995,0.2510601393099019,68.42923583618624,0.0,0.45847788345477536
07,hyperparam_draw,11.315525660407463,1017,switch_dr,random,11.315525660407463,0.7154023668320746,0.7153918288961995,0.2510601393099019,68.42923583618624,0.0,0.5368767785667697
07,hyperparam_draw,16.093854706944605,1017,switch_dr,random,16.093854706944605,0.7130495303695485,0.7153918288961995,0.2510601393099019,68.42923583618624,0.0,0.4803097939793897
07,hyperparam_draw,106.1175544348845,1017,switch_dr,random,106.1175544348845,0.7180325183588501,0.7153918288961995,0.2510601393099019,68.42923583618624,0.0,0.2510601393099019
07,hyperparam_draw,4.3103836533801285,1017,switch_dr,random,4.3103836533801285,0.7145043713941641,0.7153918288961995,0.2510601393099019,68.42923583618624,0.0,0.7102964750882848
07,hyperparam_draw,31.798678969081664,1017,switch_dr,random,31.798678969081664,0.7176941304758255,0.7153918288961995,0.2510601393099019,68.42923583618624,0.0,0.3784658950264087
07,hyperparam_draw,56.51950317641182,1017,switch_dr,random,56.51950317641182,0.7205876439068427,0.7153918288961995,0.2510601393099019,68.42923583618624,0.0,0.2800008557526512
07,hyperparam_draw,5.291511737236927,1017,switch_dr,random,5.291511737236927,0.7136727885588993,0.7153918288961995,0.2510601393099019,68.42923583618624,0.0,0.6813876082235821
07,hyperparam_draw,18.7648745541015,1017,switch_dr,random,18.7648745541015,0.7153929259768405,0.7153918288961995,0.2510601393099019,68.42923583618624,0.0,0.45847788345477536
07,hyperparam_draw,21.342900646643525,1017,switch_dr,random,21.342900646643525,0.7156453076502438,0.7153918288961995,0.2510601393099019,68.42923583618624,0.0,0.4436759969021659
07,hyperparam_draw,5.876396102022103,1017,switch_dr,random,5.876396102022103,0.7127458987940999,0.7153918288961995,0.2510601393099019,68.42923583618624,0.0,0.6634562236712983
07,hyperparam_draw,1.2617241707601747,1017,switch_dr,random,1.2617241707601747,0.7119234781443529,0.7153918288961995,0.2510601393099019,68.42923583618624,0.0,0.7967960169049879
07,hyperparam_draw,79.7197735433429,1017,switch_dr,random,79.7197735433429,0.7180325183588501,0.7153918288961995,0.2510601393099019,68.42923583618624,0.0,0.2510601393099019
07,hyperparam_draw,3.820327501498286,1017,switch_dr,random,3.820327501498286,0.7154834430633713,0.7153918288961995,0.2510601393099019,68.42923583618624,0.0,0.7290614128063858
07,hyperparam_draw,14.25097801167167,1017,switch_dr,random,14.25097801167167,0.7121907646950192,0.7153918288961995,0.2510601393099019,68.42923583618624,0.0,0.48925355597813475
07,hyperparam_draw,85.42942029134474,1017,switch_dr,random,85.42942029134474,0.7180325183588501,0.7153918288961995,0.2510601393099019,68.42923583618624,0.0,0.2510601393099019
07,hyperparam_draw,0.7391231274789806,1017,switch_dr,random,0.7391231274789806,0.7018241585288467,0.7153918288961995,0.2510601393099019,68.42923583618624,0.0,0.5423647038578977
07,hyperparam_draw,5.182540988686444,1017,switch_dr,random,5.182540988686444,0.7143647843587467,0.7153918288961995,0.2510601393099019,68.42923583618624,0.0,0.6831488467079154
07,hyperparam_draw,41.9787992994643,1017,switch_dr,random,41.9787992994643,0.7195206744052846,0.7153918288961995,0.2510601393099019,68.42923583618624,0.0,0.3350489189490969
07,hyperparam_draw,17.750753253947867,1017,switch_dr,random,17.750753253947867,0.7152619388613868,0.7153918288961995,0.2510601393099019,68.42923583618624,0.0,0.4644601068461956
07,hyperparam_draw,6.637385722987959,1017,switch_dr,random,6.637385722987959,0.7123645958833098,0.7153918288961995,0.2510601393099019,68.42923583618624,0.0,0.6471526552766342
07,hyperparam_draw,7.920321824050691,1017,switch_dr,random,7.920321824050691,0.7137917885914122,0.7153918288961995,0.2510601393099019,68.42923583618624,0.0,0.6195070300271732
07,hyperparam_draw,66.07992610299942,1017,switch_dr,random,66.07992610299942,0.7205876439068427,0.7153918288961995,0.2510601393099019,68.42923583618624,0.0,0.2800008557526512
07,hyperparam_draw,1.9579288662674987,1017,switch_dr,random,1.9579288662674987,0.7164024864940668,0.7153918288961995,0.2510601393099019,68.42923583618624,0.0,0.8113023566105044
07,hyperparam_draw,35.25865750090724,1017,switch_dr,random,35.25865750090724,0.7179834736660231,0.7153918288961995,0.2510601393099019,68.42923583618624,0.0,0.3653883789465922
07,hyperparam_draw,5.6938366098452,1017,switch_dr,random,5.6938366098452,0.7126396138799364,0.7153918288961995,0.2510601393099019,68.42923583618624,0.0,0.6677438912243995
07,hyperparam_draw,78.73075092778726,1017,switch_dr,random,78.73075092778726,0.7180325183588501,0.7153918288961995,0.2510601393099019,68.42923583618624,0.0,0.2510601393099019
07,hyperparam_draw,24.10234437403155,1017,switch_dr,random,24.10234437403155,0.7178734997295914,0.7153918288961995,0.2510601393099019,68.42923583618624,0.0,0.4108360422311066
07,hyperparam_draw,22.513211008742633,1017,switch_dr,random,22.513211008742633,0.7162910326481171,0.7153918288961995,0.2510601393099019,68.42923583618624,0.0,0.42823177863153633
07,hyperparam_draw,19.095010838106727,1017,switch_dr,random,19.095010838106727,0.7153929259768405,0.7153918288961995,0.2510601393099019,68.42923583618624,0.0,0.45847788345477536
07,hyperparam_draw,1.6942733038047915,1017,switch_dr,random,1.6942733038047915,0.7162656697433472,0.7153918288961995,0.2510601393099019,68.42923583618624,0.0,0.815194968690478
07,hyperparam_draw,9.338708918765535,1017,switch_dr,random,9.338708918765535,0.7120308611117181,0.7153918288961995,0.2510601393099019,68.42923583618624,0.0,0.5725359909412246
07,hyperparam_draw,0.8484357560256107,1017,switch_dr,random,0.8484357560256107,0.705859855344134,0.7153918288961995,0.2510601393099019,68.42923583618624,0.0,0.6597687254722412
07,hyperparam_draw,67.55294755897562,1017,switch_dr,random,67.55294755897562,0.7205876439068427,0.7153918288961995,0.2510601393099019,68.42923583618624,0.0,0.2800008557526512
07,hyperparam_draw,10.954004036141473,1017,switch_dr,random,10.954004036141473,0.7150629036494572,0.7153918288961995,0.2510601393099019,68.42923583618624,0.0,0.5455386521161742
07,hyperparam_draw,7.264726197862852,1017,switch_dr,random,7.264726197862852,0.7135200161854205,0.7153918288961995,0.2510601393099019,68.42923583618624,0.0,0.6353161610814182
07,hyperparam_draw,13.560403677461029,1017,switch_dr,random,13.560403677461029,0.7124399078059467,0.7153918288961995,0.2510601393099019,68.42923583618624,0.0,0.4968422721389373
07,hyperparam_draw,64.61660958711495,1017,switch_dr,random,64.61660958711495,0.7205876439068427,0.7153918288961995,0.2510601393099019,68.42923583618624,0.0,0.2800008557526512
07,hyperparam_draw,15.854596765856371,1017,switch_dr,random,15.854596765856371,0.7130495303695485,0.7153918288961995,0.2510601393099019,68.42923583618624,0.0,0.4803097939793897
07,hyperparam_draw,9.667154373503873,1017,switch_dr,random,9.667154373503873,0.7139315427156698,0.7153918288961995,0.2510601393099019,68.42923583618624,0.0,0.5612282422428456
07,hyperparam_draw,37.425413183582556,1017,switch_dr,random,37.425413183582556,0.7174419971426748,0.7153918288961995,0.2510601393099019,68.42923583618624,0.0,0.3509936710574129
07,hyperparam_draw,0.8955063847763997,1017,switch_dr,random,0.8955063847763997,0.7070176156672896,0.7153918288961995,0.2510601393099019,68.42923583618624,0.0,0.6935130876799438
07,hyperparam_draw,98.57652634256938,1017,switch_dr,random,98.57652634256938,0.7180325183588501,0.7153918288961995,0.2510601393099019,68.42923583618624,0.0,0.2510601393099019
07,hyperparam_draw,79.86258364157072,1017,switch_dr,random,79.86258364157072,0.7180325183588501,0.7153918288961995,0.2510601393099019,68.42923583618624,0.0,0.2510601393099019
07,hyperparam_draw,1.9978794541117642,1017,switch_dr,random,1.9978794541117642,0.7162045593758359,0.7153918288961995,0.2510601393099019,68.42923583618624,0.0,0.8103135421545923
07,hyperparam_draw,2.305405639014243,1017,switch_dr,random,2.305405639014243,0.7172551491702939,0.7153918288961995,0.2510601393099019,68.42923583618624,0.0,0.8000192329551982
07,hyperparam_draw,11.92910811759046,1017,switch_dr,random,11.92910811759046,0.7148899375950805,0.7153918288961995,0.2510601393099019,68.42923583618624,0.0,0.5308978410995728
07,hyperparam_draw,84.40944670457037,1017,dros,random,84.40944670457037,0.7147698753774147,0.7153918288961995,0.2510601393099019,68.42923583618624,0.0,0.6699024403640887
07,hyperparam_draw,16.583678222797396,1017,dros,random,16.583678222797396,0.71399220174997,0.7153918288961995,0.2510601393099019,68.42923583618624,0.0,0.8295621532749343
07,hyperparam_draw,1.0739654674208803,1017,dros,random,1.0739654674208803,0.7068583104795932,0.7153918288961995,0.2510601393099019,68.42923583618624,0.0,0.9795846543523515
07,hyperparam_draw,409.5715164560906,1017,dros,random,409.5715164560906,0.7163937441028534,0.7153918288961995,0.2510601393099019,68.42923583618624,0.0,0.5149663617160642
07,hyperparam_draw,4.251738487542862,1017,dros,random,4.251738487542862,0.7120615537456638,0.7153918288961995,0.2510601393099019,68.42923583618624,0.0,0.9341898219223571
07,hyperparam_draw,1370.8691340483779,1017,dros,random,1370.8691340483779,0.7178261671812282,0.7153918288961995,0.2510601393099019,68.42923583618624,0.0,0.4108128110842605
07,hyperparam_draw,4764.223508807756,1017,dros,random,4764.223508807756,0.7184362667999826,0.7153918288961995,0.2510601393099019,68.42923583618624,0.0,0.3265391547512777
07,hyperparam_draw,10516.513258287408,1017,dros,random,10516.513258287408,0.7183943685359168,0.7153918288961995,0.2510601393099019,68.42923583618624,0.0,0.29212879579213746
07,hyperparam_draw,49.19949024238922,1017,dros,random,49.19949024238922,0.7144739949652257,0.7153918288961995,0.2510601393099019,68.42923583618624,0.0,0.7246854582905882
07,hyperparam_draw,482.5568653819904,1017,dros,random,482.5568653819904,0.7166073039390464,0.7153918288961995,0.2510601393099019,68.42923583618624,0.0,0.5000128970483605
07,hyperparam_draw,11.944985016181038,1017,dros,random,11.944985016181038,0.713749403455794,0.7153918288961995,0.2510601393099019,68.42923583618624,0.0,0.8585164262786413
07,hyperparam_draw,8775.739875475141,1017,dros,random,8775.739875475141,0.7184189151364708,0.7153918288961995,0.2510601393099019,68.42923583618624,0.0,0.29863441754445474
07,hyperparam_draw,2.466304989315557,1017,dros,random,2.466304989315557,0.7103949007002688,0.7153918288961995,0.2510601393099019,68.42923583618624,0.0,0.9607889781756741
07,hyperparam_draw,2.023954656232084,1017,dros,random,2.023954656232084,0.7096508769556413,0.7153918288961995,0.2510601393099019,68.42923583618624,0.0,0.9677117159909289
07,hyperparam_draw,2434.8670011394474,1017,dros,random,2434.8670011394474,0.7182401563854411,0.7153918288961995,0.2510601393099019,68.42923583618624,0.0,0.36790471498241833
07,hyperparam_draw,368.6024575932325,1017,dros,random,368.6024575932325,0.7162576161991154,0.7153918288961995,0.2510601393099019,68.42923583618624,0.0,0.5247019902035772
07,hyperparam_draw,45.72060988275834,1017,dros,random,45.72060988275834,0.7144414750324445,0.7153918288961995,0.2510601393099019,68.42923583618624,0.0,0.7320461414068546
07,hyperparam_draw,0.659686611399765,1017,dros,random,0.659686611399765,0.7044518347921074,0.7153918288961995,0.2510601393099019,68.42923583618624,0.0,0.9783138818842572
07,hyperparam_draw,1328.8814330746102,1017,dros,random,1328.8814330746102,0.7177972575052294,0.7153918288961995,0.2510601393099019,68.42923583618624,0.0,0.41329089008077946
07,hyperparam_draw,230.18508900243555,1017,dros,random,230.18508900243555,0.7156810028202734,0.7153918288961995,0.2510601393099019,68.42923583618624,0.0,0.5693955672693015
07,hyperparam_draw,1029.3724193660137,1017,dros,random,1029.3724193660137,0.7175377277546556,0.7153918288961995,0.2510601393099019,68.42923583618624,0.0,0.4341205812673243
07,hyperparam_draw,1.314626777653196,1017,dros,random,1.314626777653196,0.7078059841559909,0.7153918288961995,0.2510601393099019,68.42923583618624,0.0,0.9775081476563293
07,hyperparam_draw,3.3462832067564374,1017,dros,random,3.3462832067564374,0.7113999470108083,0.7153918288961995,0.2510601393099019,68.42923583618624,0.0,0.9471994965994834
07,hyperparam_draw,3.937737364745063,1017,dros,random,3.937737364745063,0.7118618277424285,0.7153918288961995,0.2510601393099019,68.42923583618624,0.0,0.938572996882691
07,hyperparam_draw,1.5752620918546953,1017,dros,random,1.5752620918546953,0.7086125553565357,0.7153918288961995,0.2510601393099019,68.42923583618624,0.0,0.9742952727371385
07,hyperparam_draw,11857.165820008326,1017,dros,random,11857.165820008326,0.718375631675346,0.7153918288961995,0.2510601393099019,68.42923583618624,0.0,0.2882277499792156
07,hyperparam_draw,12302.41075846291,1017,dros,random,12302.41075846291,0.71836960186113,0.7153918288961995,0.2510601393099019,68.42923583618624,0.0,0.28709274059537865
07,hyperparam_draw,1.2322988719064305,1017,dros,random,1.2322988719064305,0.7075076242391419,0.7153918288961995,0.2510601393099019,68.42923583618624,0.0,0.9783450714606641
07,hyperparam_draw,32.598295895325954,1017,dros,random,32.598295895325954,0.714303883617092,0.7153918288961995,0.2510601393099019,68.42923583618624,0.0,0.7655735421731957
07,hyperparam_draw,1667.9705788290105,1017,dros,random,1667.9705788290105,0.7179936677690119,0.7153918288961995,0.2510601393099019,68.42923583618624,0.0,0.39551935157560697
07,hyperparam_draw,1.3693765462795906,1017,dros,random,1.3693765462795906,0.7079916672789598,0.7153918288961995,0.2510601393099019,68.42923583618624,0.0,0.9768958262835109
07,hyperparam_draw,2279.7727700478713,1017,dros,random,2279.7727700478713,0.7182046763138363,0.7153918288961995,0.2510601393099019,68.42923583618624,0.0,0.3725113093480515
07,hyperparam_draw,3185.3456042943826,1017,dros,random,3185.3456042943826,0.7183533237550562,0.7153918288961995,0.2510601393099019,68.42923583618624,0.0,0.35007006612699376
07,hyperparam_draw,14.172944260423455,1017,dros,random,14.172944260423455,0.7138876506680336,0.7153918288961995,0.2510601393099019,68.42923583618624,0.0,0.8436399758808846
07,hyperparam_draw,470.85738697002586,1017,dros,random,470.85738697002586,0.7165753015611714,0.7153918288961995,0.2510601393099019,68.42923583618624,0.0,0.5022358856191589
07,hyperparam_draw,104.18580852108198,1017,dros,random,104.18580852108198,0.7149195515267611,0.7153918288961995,0.2510601393099019,68.42923583618624,0.0,0.6484598597265322
07,hyperparam_draw,4.673272575794532,1017,dros,random,4.673272575794532,0.7122919573029898,0.7153918288961995,0.2510601393099019,68.42923583618624,0.0,0.9285199571327021
07,hyperparam_draw,579.6943344908013,1017,dros,random,579.6943344908013,0.7168453148842953,0.7153918288961995,0.2510601393099019,68.42923583618624,0.0,0.4835696597699776
07,hyperparam_draw,712.0162298476694,1017,dros,random,712.0162298476694,0.7171058156175965,0.7153918288961995,0.2510601393099019,68.42923583618624,0.0,0.46549491385176606
07,hyperparam_draw,0.7847989203107312,1017,dros,random,0.7847989203107312,0.705321231468014,0.7153918288961995,0.2510601393099019,68.42923583618624,0.0,0.9797406131885653
07,hyperparam_draw,2753.5288050152285,1017,dros,random,2753.5288050152285,0.7182981810556025,0.7153918288961995,0.2510601393099019,68.42923583618624,0.0,0.3595414139545764
07,hyperparam_draw,941.9757046774522,1017,dros,random,941.9757046774522,0.7174391734778093,0.7153918288961995,0.2510601393099019,68.42923583618624,0.0,0.44154169626563433
07,hyperparam_draw,6.609290463568164,1017,dros,random,6.609290463568164,0.7129943854247457,0.7153918288961995,0.2510601393099019,68.42923583618624,0.0,0.9053518883199471
07,hyperparam_draw,21.577626006925588,1017,dros,random,21.577626006925588,0.7141320004119043,0.7153918288961995,0.2510601393099019,68.42923583618624,0.0,0.8052207534237951
07,hyperparam_draw,9.263880967173353,1017,dros,random,9.263880967173353,0.7134845205392232,0.7153918288961995,0.2510601393099019,68.42923583618624,0.0,0.8796081701574785
07,hyperparam_draw,528.3111556971091,1017,dros,random,528.3111556971091,0.7167252275259804,0.7153918288961995,0.2510601393099019,68.42923583618624,0.0,0.4918540487425634
07,hyperparam_draw,1.7039218369051456,1017,dros,random,1.7039218369051456,0.7089484204220995,0.7153918288961995,0.2510601393099019,68.42923583618624,0.0,0.9724990506407184
07,hyperparam_draw,4774.81384633889,1017,dros,random,4774.81384633889,0.7184364731469711,0.7153918288961995,0.2510601393099019,68.42923583618624,0.0,0.3264205842455486
07,hyperparam_draw,4804.039202641139,1017,dros,random,4804.039202641139,0.7184370275781019,0.7153918288961995,0.2510601393099019,68.42923583618624,0.0,0.3260953790920889
07,hyperparam_draw,18.993459730106885,1017,dros,random,18.993459730106885,0.7140688290843975,0.7153918288961995,0.2510601393099019,68.42923583618624,0.0,0.817123895366033
07,hyperparam_draw,26.62193336974771,1017,dros,random,26.62193336974771,0.7142233365730074,0.7153918288961995,0.2510601393099019,68.42923583618624,0.0,0.7852327910391994
07,hyperparam_draw,4.236405548428667,1017,dros,random,4.236405548428667,0.7120524058729781,0.7153918288961995,0.2510601393099019,68.42923583618624,0.0,0.9344006655628591
07,hyperparam_draw,1297.4497678969606,1017,dros,random,1297.4497678969606,0.7177745917363906,0.7153918288961995,0.2510601393099019,68.42923583618624,0.0,0.4152070007017509
07,hyperparam_draw,1.2724985632468475,1017,dros,random,1.2724985632468475,0.7076563242471233,0.7153918288961995,0.2510601393099019,68.42923583618624,0.0,0.9779500831655656
07,hyperparam_draw,26.65444797813872,1017,dros,random,26.65444797813872,0.7142238359516859,0.7153918288961995,0.2510601393099019,68.42923583618624,0.0,0.7851153855302999
07,hyperparam_draw,1614.4104897649333,1017,dros,random,1614.4104897649333,0.71796761914444,0.7153918288961995,0.2510601393099019,68.42923583618624,0.0,0.398022044835999
07,hyperparam_draw,3978.1908682910744,1017,dros,random,3978.1908682910744,0.7184108361086945,0.7153918288961995,0.2510601393099019,68.42923583618624,0.0,0.3365833277125106
07,hyperparam_draw,3.8089341539385537,1017,dros,random,3.8089341539385537,0.7117716773966359,0.7153918288961995,0.2510601393099019,68.42923583618624,0.0,0.9404107691365332
07,hyperparam_draw,2606.1309999863556,1017,dros,random,2606.1309999863556,0.7182735474750555,0.7153918288961995,0.2510601393099019,68.42923583618624,0.0,0.3632421668807867
07,hyperparam_draw,2771.8626244142724,1017,dros,random,2771.8626244142724,0.7183010092552241,0.7153918288961995,0.2510601393099019,68.42923583618624,0.0,0.3590995199502647
07,hyperparam_draw,nan,1017,ips,fixed,nan,0.7209305478904471,0.7153918288961995,0.2510601393099019,68.42923583618624,0.0,0.2510601393099019
07,hyperparam_draw,nan,1017,snips,fixed,nan,0.7145242388737197,0.7153918288961995,0.2510601393099019,68.42923583618624,0.0,0.2510601393099019
07,hyperparam_draw,nan,1017,dr,fixed,nan,0.7180325183588501,0.7153918288961995,0.2510601393099019,68.42923583618624,0.0,0.2510601393099019
07,hyperparam_draw,6.727845719192038,1017,clipped_ips,slope,6.727845719192038,0.7047192490035804,0.7153918288961995,0.2510601393099019,68.42923583618624,0.0,0.5528736079269785
07,hyperparam_draw,1.4916886758245826,1017,switch_dr,slope,1.4916886758245826,0.7158569304524247,0.7153918288961995,0.2510601393099019,68.42923583618624,0.0,0.8118912821740729
07,hyperparam_draw,0.49335388736841496,1017,dros,slope,0.49335388736841496,0.7029988487782316,0.7153918288961995,0.2510601393099019,68.42923583618624,0.0,0.9737598172834343
07,hyperparam_draw,85.98339701402054,1018,clipped_ips,random,85.98339701402054,0.7167641833941689,0.7153918288961995,0.3218264778813261,51.59780448255051,0.0,0.3218264778813261
07,hyperparam_draw,6.268382337559128,1018,clipped_ips,random,6.268382337559128,0.7045746296686608,0.7153918288961995,0.3218264778813261,51.59780448255051,0.0,0.5616771602899276
07,hyperparam_draw,51.649211275967794,1018,clipped_ips,random,51.649211275967794,0.7167641833941689,0.7153918288961995,0.3218264778813261,51.59780448255051,0.0,0.3218264778813261
07,hyperparam_draw,29.838990088639182,1018,clipped_ips,random,29.838990088639182,0.7170579508913537,0.7153918288961995,0.3218264778813261,51.59780448255051,0.0,0.3536325304565444
07,hyperparam_draw,1.5960048504738373,1018,clipped_ips,random,1.5960048504738373,0.6447307008649984,0.7153918288961995,0.3218264778813261,51.59780448255051,0.0,0.8484935621267575
07,hyperparam_draw,8.638396935691864,1018,clipped_ips,random,8.638396935691864,0.7096033015904061,0.7153918288961995,0.3218264778813261,51.59780448255051,0.0,0.5057244409946846
07,hyperparam_draw,58.09980144055544,1018,clipped_ips,random,58.09980144055544,0.7167641833941689,0.7153918288961995,0.3218264778813261,51.59780448255051,0.0,0.3218264778813261
07,hyperparam_draw,7.0461136487676415,1018,clipped_ips,random,7.0461136487676415,0.7067879543606589,0.7153918288961995,0.3218264778813261,51.59780448255051,0.0,0.5398650321226206
07,hyperparam_draw,14.11467861627156,1018,clipped_ips,random,14.11467861627156,0.7137372473982119,0.7153918288961995,0.3218264778813261,51.59780448255051,0.0,0.4312183843510928
07,hyperparam_draw,35.21617952526875,1018,clipped_ips,random,35.21617952526875,0.7171408994560864,0.7153918288961995,0.3218264778813261,51.59780448255051,0.0,0.3410021712596841
07,hyperparam_draw,7.636160311212757,1018,clipped_ips,random,7.636160311212757,0.7080404557013641,0.7153918288961995,0.3218264778813261,51.59780448255051,0.0,0.5261140931082131
07,hyperparam_draw,4.534695365415554,1018,clipped_ips,random,4.534695365415554,0.6972260197379707,0.7153918288961995,0.3218264778813261,51.59780448255051,0.0,0.6254974820794045
07,hyperparam_draw,19.276165496240186,1018,clipped_ips,random,19.276165496240186,0.715249419368722,0.7153918288961995,0.3218264778813261,51.59780448255051,0.0,0.3921223599212104
07,hyperparam_draw,5.3273072128725305,1018,clipped_ips,random,5.3273072128725305,0.7012619691368467,0.7153918288961995,0.3218264778813261,51.59780448255051,0.0,0.5936166436058246
07,hyperparam_draw,0.9781307920401058,1018,clipped_ips,random,0.9781307920401058,0.5901361322558505,0.7153918288961995,0.3218264778813261,51.59780448255051,0.0,0.9373641932943169
07,hyperparam_draw,2.854036782112019,1018,clipped_ips,random,2.854036782112019,0.6810295409059763,0.7153918288961995,0.3218264778813261,51.59780448255051,0.0,0.7229726996971888
07,hyperparam_draw,3.0615579841839304,1018,clipped_ips,random,3.0615579841839304,0.6840082300562639,0.7153918288961995,0.3218264778813261,51.59780448255051,0.0,0.7076844641367035
07,hyperparam_draw,0.9637776875984773,1018,clipped_ips,random,0.9637776875984773,0.5879091540199882,0.7153918288961995,0.3218264778813261,51.59780448255051,0.0,0.9395966425885457
07,hyperparam_draw,5.801161489854201,1018,clipped_ips,random,5.801161489854201,0.7030053232038137,0.7153918288961995,0.3218264778813261,51.59780448255051,0.0,0.5768637500929341
07,hyperparam_draw,2.88193956134279,1018,clipped_ips,random,2.88193956134279,0.681454768332298,0.7153918288961995,0.3218264778813261,51.59780448255051,0.0,0.7208627562320717
07,hyperparam_draw,25.5224342252453,1018,clipped_ips,random,25.5224342252453,0.716666489917301,0.7153918288961995,0.3218264778813261,51.59780448255051,0.0,0.36594241290519197
07,hyperparam_draw,4.951671632203154,1018,clipped_ips,random,4.951671632203154,0.699515047806741,0.7153918288961995,0.3218264778813261,51.59780448255051,0.0,0.6080061844494847
07,hyperparam_draw,2.597557182695754,1018,clipped_ips,random,2.597557182695754,0.6767399662996052,0.7153918288961995,0.3218264778813261,51.59780448255051,0.0,0.7432829513132649
07,hyperparam_draw,69.24413662379116,1018,clipped_ips,random,69.24413662379116,0.7167641833941689,0.7153918288961995,0.3218264778813261,51.59780448255051,0.0,0.3218264778813261
07,hyperparam_draw,2.0490956151864554,1018,clipped_ips,random,2.0490956151864554,0.6633967406233071,0.7153918288961995,0.3218264778813261,51.59780448255051,0.0,0.7950474018716879
07,hyperparam_draw,1.580576766440753,1018,clipped_ips,random,1.580576766440753,0.6438996544372265,0.7153918288961995,0.3218264778813261,51.59780448255051,0.0,0.8504987514529899
07,hyperparam_draw,70.50329676927645,1018,clipped_ips,random,70.50329676927645,0.7167641833941689,0.7153918288961995,0.3218264778813261,51.59780448255051,0.0,0.3218264778813261
07,hyperparam_draw,69.66194916976525,1018,clipped_ips,random,69.66194916976525,0.7167641833941689,0.7153918288961995,0.3218264778813261,51.59780448255051,0.0,0.3218264778813261
07,hyperparam_draw,1.7816833961262446,1018,clipped_ips,random,1.7816833961262446,0.6535935094718958,0.7153918288961995,0.3218264778813261,51.59780448255051,0.0,0.825307314526313
07,hyperparam_draw,3.2237521501094335,1018,clipped_ips,random,3.2237521501094335,0.6860667022347176,0.7153918288961995,0.3218264778813261,51.59780448255051,0.0,0.6963948502701165
07,hyperparam_draw,1.3560383110774077,1018,clipped_ips,random,1.3560383110774077,0.6296507720001137,0.7153918288961995,0.3218264778813261,51.59780448255051,0.0,0.8811976704020924
07,hyperparam_draw,20.935994813629907,1018,clipped_ips,random,20.935994813629907,0.7156650266846712,0.7153918288961995,0.3218264778813261,51.59780448255051,0.0,0.38389109589911485
07,hyperparam_draw,75.47247113542252,1018,clipped_ips,random,75.47247113542252,0.7167641833941689,0.7153918288961995,0.3218264778813261,51.59780448255051,0.0,0.3218264778813261
07,hyperparam_draw,0.7328463141350972,1018,clipped_ips,random,0.7328463141350972,0.5337708725906505,0.7153918288961995,0.3218264778813261,51.59780448255051,0.0,0.9749869696399128
07,hyperparam_draw,5.85582012962875,1018,clipped_ips,random,5.85582012962875,0.7031938675971835,0.7153918288961995,0.3218264778813261,51.59780448255051,0.0,0.5750019769517694
07,hyperparam_draw,4.442432837293362,1018,clipped_ips,random,4.442432837293362,0.6966802345503138,0.7153918288961995,0.3218264778813261,51.59780448255051,0.0,0.6295292579767674
07,hyperparam_draw,5.998351966002388,1018,clipped_ips,random,5.998351966002388,0.7036873625080778,0.7153918288961995,0.3218264778813261,51.59780448255051,0.0,0.5702656370914531
07,hyperparam_draw,43.060667305502626,1018,clipped_ips,random,43.060667305502626,0.7169498390930982,0.7153918288961995,0.3218264778813261,51.59780448255051,0.0,0.33003609958729163
07,hyperparam_draw,2.334864134963058,1018,clipped_ips,random,2.334864134963058,0.6712662581456317,0.7153918288961995,0.3218264778813261,51.59780448255051,0.0,0.766281134996668
07,hyperparam_draw,13.6604095578612,1018,clipped_ips,random,13.6604095578612,0.713460279752211,0.7153918288961995,0.3218264778813261,51.59780448255051,0.0,0.4361844919434586
07,hyperparam_draw,1.6368933437761501,1018,clipped_ips,random,1.6368933437761501,0.6468534898219868,0.7153918288961995,0.3218264778813261,51.59780448255051,0.0,0.8432486448484784
07,hyperparam_draw,21.235669415083283,1018,clipped_ips,random,21.235669415083283,0.7157415779040172,0.7153918288961995,0.3218264778813261,51.59780448255051,0.0,0.38248560430787365
07,hyperparam_draw,10.4856108878446,1018,clipped_ips,random,10.4856108878446,0.7113628674722673,0.7153918288961995,0.3218264778813261,51.59780448255051,0.0,0.47576191635768345
07,hyperparam_draw,15.092145938610853,1018,clipped_ips,random,15.092145938610853,0.7142174872368838,0.7153918288961995,0.3218264778813261,51.59780448255051,0.0,0.4210889664530626
07,hyperparam_draw,1.0345220870434677,1018,clipped_ips,random,1.0345220870434677,0.5982175642029477,0.7153918288961995,0.3218264778813261,51.59780448255051,0.0,0.9285840581445034
07,hyperparam_draw,50.949374863370046,1018,clipped_ips,random,50.949374863370046,0.716778284684995,0.7153918288961995,0.3218264778813261,51.59780448255051,0.0,0.32248900216913406
07,hyperparam_draw,1.3236810905410576,1018,clipped_ips,random,1.3236810905410576,0.6272188225428008,0.7153918288961995,0.3218264778813261,51.59780448255051,0.0,0.8858025188011268
07,hyperparam_draw,0.8063194639081199,1018,clipped_ips,random,0.8063194639081199,0.5561657618898155,0.7153918288961995,0.3218264778813261,51.59780448255051,0.0,0.9639035654998926
07,hyperparam_draw,9.68095675571685,1018,clipped_ips,random,9.68095675571685,0.7106755495465955,0.7153918288961995,0.3218264778813261,51.59780448255051,0.0,0.48754295164112993
07,hyperparam_draw,2.7284109818000655,1018,clipped_ips,random,2.7284109818000655,0.6790274812619791,0.7153918288961995,0.3218264778813261,51.59780448255051,0.0,0.7327204059057405
07,hyperparam_draw,13.210655636276922,1018,clipped_ips,random,13.210655636276922,0.7131792916391896,0.7153918288961995,0.3218264778813261,51.59780448255051,0.0,0.4411420825198182
07,hyperparam_draw,1.5342345983738095,1018,clipped_ips,random,1.5342345983738095,0.6412856086663354,0.7153918288961995,0.3218264778813261,51.59780448255051,0.0,0.8566260377363042
07,hyperparam_draw,2.170851140062343,1018,clipped_ips,random,2.170851140062343,0.6669940339085085,0.7153918288961995,0.3218264778813261,51.59780448255051,0.0,0.7823754618834714
07,hyperparam_draw,1.5328501180261185,1018,clipped_ips,random,1.5328501180261185,0.6412044870952861,0.7153918288961995,0.3218264778813261,51.59780448255051,0.0,0.8568118026416663
07,hyperparam_draw,2.033676779441647,1018,clipped_ips,random,2.033676779441647,0.6629049402950226,0.7153918288961995,0.3218264778813261,51.59780448255051,0.0,0.7966960444266227
07,hyperparam_draw,0.8292166517878291,1018,clipped_ips,random,0.8292166517878291,0.5619127167895109,0.7153918288961995,0.3218264778813261,51.59780448255051,0.0,0.9603845298313881
07,hyperparam_draw,11.274903449079655,1018,clipped_ips,random,11.274903449079655,0.7119398631295104,0.7153918288961995,0.3218264778813261,51.59780448255051,0.0,0.46478776751216855
07,hyperparam_draw,0.9080635143165727,1018,clipped_ips,random,0.9080635143165727,0.5784247120602264,0.7153918288961995,0.3218264778813261,51.59780448255051,0.0,0.9482399934546515
07,hyperparam_draw,59.76662480973642,1018,clipped_ips,random,59.76662480973642,0.7167641833941689,0.7153918288961995,0.3218264778813261,51.59780448255051,0.0,0.3218264778813261
07,hyperparam_draw,60.6015279527172,1018,clipped_ips,random,60.6015279527172,0.7167641833941689,0.7153918288961995,0.3218264778813261,51.59780448255051,0.0,0.3218264778813261
07,hyperparam_draw,11.056950596836716,1018,switch_dr,random,11.056950596836716,0.7177418330295974,0.7153918288961995,0.3218264778813261,51.59780448255051,0.0,0.543621862031001
07,hyperparam_draw,17.53255579089757,1018,switch_dr,random,17.53255579089757,0.7181137954324579,0.7153918288961995,0.3218264778813261,51.59780448255051,0.0,0.46101321859132405
07,hyperparam_draw,9.55379490401418,1018,switch_dr,random,9.55379490401418,0.7181549825134058,0.7153918288961995,0.3218264778813261,51.59780448255051,0.0,0.5674125994488062
07,hyperparam_draw,61.51670774183419,1018,switch_dr,random,61.51670774183419,0.7172803423793098,0.7153918288961995,0.3218264778813261,51.59780448255051,0.0,0.3218264778813261
07,hyperparam_draw,1.21982844145501,1018,switch_dr,random,1.21982844145501,0.7105808072971058,0.7153918288961995,0.3218264778813261,51.59780448255051,0.0,0.798042656983269
07,hyperparam_draw,29.946582170540257,1018,switch_dr,random,29.946582170540257,0.7177676363684229,0.7153918288961995,0.3218264778813261,51.59780448255051,0.0,0.3965205561514867
07,hyperparam_draw,5.103848162430857,1018,switch_dr,random,5.103848162430857,0.7162603282138992,0.7153918288961995,0.3218264778813261,51.59780448255051,0.0,0.6800374610176662
07,hyperparam_draw,53.71918157937878,1018,switch_dr,random,53.71918157937878,0.7172803423793098,0.7153918288961995,0.3218264778813261,51.59780448255051,0.0,0.3218264778813261
07,hyperparam_draw,25.75743565484266,1018,switch_dr,random,25.75743565484266,0.7165147526235199,0.7153918288961995,0.3218264778813261,51.59780448255051,0.0,0.4065747307933997
07,hyperparam_draw,13.087906821448342,1018,switch_dr,random,13.087906821448342,0.7158132800114857,0.7153918288961995,0.3218264778813261,51.59780448255051,0.0,0.5138083503881674
07,hyperparam_draw,37.063403593544756,1018,switch_dr,random,37.063403593544756,0.7197566071942199,0.7153918288961995,0.3218264778813261,51.59780448255051,0.0,0.3680864675836426
07,hyperparam_draw,3.3657171151320915,1018,switch_dr,random,3.3657171151320915,0.717707182206452,0.7153918288961995,0.3218264778813261,51.59780448255051,0.0,0.7501654022479258
07,hyperparam_draw,12.615253429069782,1018,switch_dr,random,12.615253429069782,0.7161155718855121,0.7153918288961995,0.3218264778813261,51.59780448255051,0.0,0.5210554333051512
07,hyperparam_draw,32.434556008892095,1018,switch_dr,random,32.434556008892095,0.7195192053082011,0.7153918288961995,0.3218264778813261,51.59780448255051,0.0,0.3835960203505176
07,hyperparam_draw,62.5002104463021,1018,switch_dr,random,62.5002104463021,0.7172803423793098,0.7153918288961995,0.3218264778813261,51.59780448255051,0.0,0.3218264778813261
07,hyperparam_draw,8.848247056744526,1018,switch_dr,random,8.848247056744526,0.7182524263916312,0.7153918288961995,0.3218264778813261,51.59780448255051,0.0,0.5758749356714595
07,hyperparam_draw,6.532000313915547,1018,switch_dr,random,6.532000313915547,0.7162597814055441,0.7153918288961995,0.3218264778813261,51.59780448255051,0.0,0.6367067976142239
07,hyperparam_draw,3.5913307618599495,1018,switch_dr,random,3.5913307618599495,0.7152284939982027,0.7153918288961995,0.3218264778813261,51.59780448255051,0.0,0.738568748207519
07,hyperparam_draw,0.8680843090802454,1018,switch_dr,random,0.8680843090802454,0.7071376995605374,0.7153918288961995,0.3218264778813261,51.59780448255051,0.0,0.6828974932168551
07,hyperparam_draw,4.133941209131886,1018,switch_dr,random,4.133941209131886,0.7163977035131448,0.7153918288961995,0.3218264778813261,51.59780448255051,0.0,0.7133958329823203
07,hyperparam_draw,1.6201445205849077,1018,switch_dr,random,1.6201445205849077,0.7128642986802124,0.7153918288961995,0.3218264778813261,51.59780448255051,0.0,0.8169678625455129
07,hyperparam_draw,40.212376616596565,1018,switch_dr,random,40.212376616596565,0.7197566071942199,0.7153918288961995,0.3218264778813261,51.59780448255051,0.0,0.3680864675836426
07,hyperparam_draw,2.507820364068346,1018,switch_dr,random,2.507820364068346,0.7163982846884105,0.7153918288961995,0.3218264778813261,51.59780448255051,0.0,0.7874315029873405
07,hyperparam_draw,2.165009384944464,1018,switch_dr,random,2.165009384944464,0.7161305704902824,0.7153918288961995,0.3218264778813261,51.59780448255051,0.0,0.8046520659658775
07,hyperparam_draw,5.325035255401076,1018,switch_dr,random,5.325035255401076,0.7167500779484702,0.7153918288961995,0.3218264778813261,51.59780448255051,0.0,0.6708062697314146
07,hyperparam_draw,3.1420829929869583,1018,switch_dr,random,3.1420829929869583,0.7178597012088176,0.7153918288961995,0.3218264778813261,51.59780448255051,0.0,0.7610589167772589
07,hyperparam_draw,3.750266983139383,1018,switch_dr,random,3.750266983139383,0.715264060527532,0.7153918288961995,0.3218264778813261,51.59780448255051,0.0,0.7309453244307003
07,hyperparam_draw,0.9007229656532181,1018,switch_dr,random,0.9007229656532181,0.7076818859339106,0.7153918288961995,0.3218264778813261,51.59780448255051,0.0,0.705496190513255
07,hyperparam_draw,1.8580189126751845,1018,switch_dr,random,1.8580189126751845,0.7141588362036754,0.7153918288961995,0.3218264778813261,51.59780448255051,0.0,0.813985045808359
07,hyperparam_draw,0.9641513161986625,1018,switch_dr,random,0.9641513161986625,0.7088287861195419,0.7153918288961995,0.3218264778813261,51.59780448255051,0.0,0.7349675487326618
07,hyperparam_draw,2.67002341575991,1018,switch_dr,random,2.67002341575991,0.7175227700231448,0.7153918288961995,0.3218264778813261,51.59780448255051,0.0,0.7806848414462483
07,hyperparam_draw,5.356069207610333,1018,switch_dr,random,5.356069207610333,0.7167500779484702,0.7153918288961995,0.3218264778813261,51.59780448255051,0.0,0.6708062697314146
07,hyperparam_draw,6.644126905109695,1018,switch_dr,random,6.644126905109695,0.7160949434094402,0.7153918288961995,0.3218264778813261,51.59780448255051,0.0,0.6328577104269202
07,hyperparam_draw,66.33656195523314,1018,switch_dr,random,66.33656195523314,0.7172803423793098,0.7153918288961995,0.3218264778813261,51.59780448255051,0.0,0.3218264778813261
07,hyperparam_draw,68.87493560247451,1018,switch_dr,random,68.87493560247451,0.7172803423793098,0.7153918288961995,0.3218264778813261,51.59780448255051,0.0,0.3218264778813261
07,hyperparam_draw,0.7776816389071879,1018,switch_dr,random,0.7776816389071879,0.7045935883904721,0.7153918288961995,0.3218264778813261,51.59780448255051,0.0,0.5924692054272315
07,hyperparam_draw,4.550965999687986,1018,switch_dr,random,4.550965999687986,0.715650563032104,0.7153918288961995,0.3218264778813261,51.59780448255051,0.0,0.6957560796624448
07,hyperparam_draw,55.89207601140669,1018,switch_dr,random,55.89207601140669,0.7172803423793098,0.7153918288961995,0.3218264778813261,51.59780448255051,0.0,0.3218264778813261
07,hyperparam_draw,27.36337461041217,1018,switch_dr,random,27.36337461041217,0.7177676363684229,0.7153918288961995,0.3218264778813261,51.59780448255051,0.0,0.3965205561514867
07,hyperparam_draw,1.8227780611644493,1018,switch_dr,random,1.8227780611644493,0.7146134902502406,0.7153918288961995,0.3218264778813261,51.59780448255051,0.0,0.8147421170516785
07,hyperparam_draw,3.024603798917612,1018,switch_dr,random,3.024603798917612,0.7181203226906793,0.7153918288961995,0.3218264778813261,51.59780448255051,0.0,0.7653394953505585
07,hyperparam_draw,2.6314379472461953,1018,switch_dr,random,2.6314379472461953,0.7172433837147492,0.7153918288961995,0.3218264778813261,51.59780448255051,0.0,0.7816191068391208
07,hyperparam_draw,15.149506755139498,1018,switch_dr,random,15.149506755139498,0.7175140496724066,0.7153918288961995,0.3218264778813261,51.59780448255051,0.0,0.5004733986144386
07,hyperparam_draw,91.9878426655587,1018,switch_dr,random,91.9878426655587,0.7172803423793098,0.7153918288961995,0.3218264778813261,51.59780448255051,0.0,0.3218264778813261
07,hyperparam_draw,7.063021866443772,1018,switch_dr,random,7.063021866443772,0.7153869195822284,0.7153918288961995,0.3218264778813261,51.59780448255051,0.0,0.6169204720533465
07,hyperparam_draw,89.89898182281058,1018,switch_dr,random,89.89898182281058,0.7172803423793098,0.7153918288961995,0.3218264778813261,51.59780448255051,0.0,0.3218264778813261
07,hyperparam_draw,52.636534993915454,1018,switch_dr,random,52.636534993915454,0.7172803423793098,0.7153918288961995,0.3218264778813261,51.59780448255051,0.0,0.3218264778813261
07,hyperparam_draw,0.8401523375140697,1018,switch_dr,random,0.8401523375140697,0.7068687518696453,0.7153918288961995,0.3218264778813261,51.59780448255051,0.0,0.6582075407270195
07,hyperparam_draw,5.831483273564029,1018,switch_dr,random,5.831483273564029,0.7174402947705419,0.7153918288961995,0.3218264778813261,51.59780448255051,0.0,0.6590795821629849
07,hyperparam_draw,0.8573187882029514,1018,switch_dr,random,0.8573187882029514,0.7072130829728136,0.7153918288961995,0.3218264778813261,51.59780448255051,0.0,0.6733225100372591
07,hyperparam_draw,6.280726990494,1018,switch_dr,random,6.280726990494,0.7164617369723532,0.7153918288961995,0.3218264778813261,51.59780448255051,0.0,0.645584974893535
07,hyperparam_draw,59.51061427120543,1018,switch_dr,random,59.51061427120543,0.7172803423793098,0.7153918288961995,0.3218264778813261,51.59780448255051,0.0,0.3218264778813261
07,hyperparam_draw,7.275009732122322,1018,switch_dr,random,7.275009732122322,0.717210769466943,0.7153918288961995,0.3218264778813261,51.59780448255051,0.0,0.6069017200105492
07,hyperparam_draw,4.084968109507501,1018,switch_dr,random,4.084968109507501,0.7156197363866588,0.7153918288961995,0.3218264778813261,51.59780448255051,0.0,0.7160773326267815
07,hyperparam_draw,37.73410420633397,1018,switch_dr,random,37.73410420633397,0.7197566071942199,0.7153918288961995,0.3218264778813261,51.59780448255051,0.0,0.3680864675836426
07,hyperparam_draw,8.460898381237946,1018,switch_dr,random,8.460898381237946,0.7180668984599171,0.7153918288961995,0.3218264778813261,51.59780448255051,0.0,0.5777353174766885
07,hyperparam_draw,89.0750240478206,1018,switch_dr,random,89.0750240478206,0.7172803423793098,0.7153918288961995,0.3218264778813261,51.59780448255051,0.0,0.3218264778813261
07,hyperparam_draw,40.74897270386117,1018,switch_dr,random,40.74897270386117,0.7188687242035137,0.7153918288961995,0.3218264778813261,51.59780448255051,0.0,0.3490149223802975
07,hyperparam_draw,3.331274235000678,1018,switch_dr,random,3.331274235000678,0.7180040332771591,0.7153918288961995,0.3218264778813261,51.59780448255051,0.0,0.7519262864859022
07,hyperparam_draw,70.7026491388754,1018,switch_dr,random,70.7026491388754,0.7172803423793098,0.7153918288961995,0.3218264778813261,51.59780448255051,0.0,0.3218264778813261
07,hyperparam_draw,46.43244101776889,1018,dros,random,46.43244101776889,0.7162824657756359,0.7153918288961995,0.3218264778813261,51.59780448255051,0.0,0.7246944136224737
07,hyperparam_draw,201.28176338749373,1018,dros,random,201.28176338749373,0.7169500018402569,0.7153918288961995,0.3218264778813261,51.59780448255051,0.0,0.5793447514890092
07,hyperparam_draw,639.7230267148494,1018,dros,random,639.7230267148494,0.7173020846437956,0.7153918288961995,0.3218264778813261,51.59780448255051,0.0,0.4810020854148945
07,hyperparam_draw,24.12754125648066,1018,dros,random,24.12754125648066,0.7157094741942065,0.7153918288961995,0.3218264778813261,51.59780448255051,0.0,0.7910295437280355
07,hyperparam_draw,1.010063204563805,1018,dros,random,1.010063204563805,0.7063114100216412,0.7153918288961995,0.3218264778813261,51.59780448255051,0.0,0.979960794889389
07,hyperparam_draw,156.26190233913437,1018,dros,random,156.26190233913437,0.716868632188267,0.7153918288961995,0.3218264778813261,51.59780448255051,0.0,0.603258637839271
07,hyperparam_draw,28.41820636214982,1018,dros,random,28.41820636214982,0.7158773080375564,0.7153918288961995,0.3218264778813261,51.59780448255051,0.0,0.7746577605201929
07,hyperparam_draw,2.9776621244876202,1018,dros,random,2.9776621244876202,0.7109941441135577,0.7153918288961995,0.3218264778813261,51.59780448255051,0.0,0.9539294507981242
07,hyperparam_draw,5951.631451864457,1018,dros,random,5951.631451864457,0.7175178630487666,0.7153918288961995,0.3218264778813261,51.59780448255051,0.0,0.3609496335724692
07,hyperparam_draw,7224.42184372829,1018,dros,random,7224.42184372829,0.7174963738676868,0.7153918288961995,0.3218264778813261,51.59780448255051,0.0,0.3552713642436331
07,hyperparam_draw,480.14487796695033,1018,dros,random,480.14487796695033,0.7172140993485432,0.7153918288961995,0.3218264778813261,51.59780448255051,0.0,0.5034559837844184
07,hyperparam_draw,11.54480798961916,1018,dros,random,11.54480798961916,0.7146711644413337,0.7153918288961995,0.3218264778813261,51.59780448255051,0.0,0.8606746659945844
07,hyperparam_draw,2.9556292540172366,1018,dros,random,2.9556292540172366,0.7109666702680992,0.7153918288961995,0.3218264778813261,51.59780448255051,0.0,0.9542656541559974
07,hyperparam_draw,910.7685349304393,1018,dros,random,910.7685349304393,0.71740377180049,0.7153918288961995,0.3218264778813261,51.59780448255051,0.0,0.4553987171912985
07,hyperparam_draw,1435.8972561413009,1018,dros,random,1435.8972561413009,0.7175061061346115,0.7153918288961995,0.3218264778813261,51.59780448255051,0.0,0.4259114009293163
07,hyperparam_draw,581.1521455693552,1018,dros,random,581.1521455693552,0.7172728493933793,0.7153918288961995,0.3218264778813261,51.59780448255051,0.0,0.4883556263562945
07,hyperparam_draw,0.6606810868962392,1018,dros,random,0.6606810868962392,0.7042508735481121,0.7153918288961995,0.3218264778813261,51.59780448255051,0.0,0.9781316346325164
07,hyperparam_draw,2.9739756699420115,1018,dros,random,2.9739756699420115,0.7109895668694747,0.7153918288961995,0.3218264778813261,51.59780448255051,0.0,0.9539856786888198
07,hyperparam_draw,2.0135076086462083,1018,dros,random,2.0135076086462083,0.7094459600268105,0.7153918288961995,0.3218264778813261,51.59780448255051,0.0,0.9686789825349506
07,hyperparam_draw,8.391346978226688,1018,dros,random,8.391346978226688,0.7140376729153821,0.7153918288961995,0.3218264778813261,51.59780448255051,0.0,0.887614830035353
07,hyperparam_draw,3322.0542707374834,1018,dros,random,3322.0542707374834,0.7175620401022839,0.7153918288961995,0.3218264778813261,51.59780448255051,0.0,0.38252422930311986
07,hyperparam_draw,1269.465521459951,1018,dros,random,1269.465521459951,0.7174827876227269,0.7153918288961995,0.3218264778813261,51.59780448255051,0.0,0.4334903428393995
07,hyperparam_draw,9.86872724652151,1018,dros,random,9.86872724652151,0.7143757988645412,0.7153918288961995,0.3218264778813261,51.59780448255051,0.0,0.8742267959037574
07,hyperparam_draw,3578.9025289453853,1018,dros,random,3578.9025289453853,0.7175591058885774,0.7153918288961995,0.3218264778813261,51.59780448255051,0.0,0.37937911054977125
07,hyperparam_draw,0.9980166964585145,1018,dros,random,0.9980166964585145,0.7062538036111916,0.7153918288961995,0.3218264778813261,51.59780448255051,0.0,0.9799960547932111
07,hyperparam_draw,0.6303167377415,1018,dros,random,0.6303167377415,0.7040221759861838,0.7153918288961995,0.3218264778813261,51.59780448255051,0.0,0.9775600624149909
07,hyperparam_draw,6.2221454297342005,1018,dros,random,6.2221454297342005,0.7133200013376512,0.7153918288961995,0.3218264778813261,51.59780448255051,0.0,0.9104117250608271
07,hyperparam_draw,222.08929259329085,1018,dros,random,222.08929259329085,0.7169802443734704,0.7153918288961995,0.3218264778813261,51.59780448255051,0.0,0.570244972139657
07,hyperparam_draw,3.2848467263436234,1018,dros,random,3.2848467263436234,0.7113499972155729,0.7153918288961995,0.3218264778813261,51.59780448255051,0.0,0.9492839525867408
07,hyperparam_draw,10.633219461708132,1018,dros,random,10.633219461708132,0.7145200454061029,0.7153918288961995,0.3218264778813261,51.59780448255051,0.0,0.8678505096685305
07,hyperparam_draw,2465.107505734853,1018,dros,random,2465.107505734853,0.7175622401307337,0.7153918288961995,0.3218264778813261,51.59780448255051,0.0,0.3962877594085186
07,hyperparam_draw,747.6336383793033,1018,dros,random,747.6336383793033,0.717348439961822,0.7153918288961995,0.3218264778813261,51.59780448255051,0.0,0.4694192552321325
07,hyperparam_draw,23.47254968397851,1018,dros,random,23.47254968397851,0.7156793668755386,0.7153918288961995,0.3218264778813261,51.59780448255051,0.0,0.793759919074363
07,hyperparam_draw,78.2579117682047,1018,dros,random,78.2579117682047,0.7165897153184432,0.7153918288961995,0.3218264778813261,51.59780448255051,0.0,0.6714924141351561
07,hyperparam_draw,3.5336265019554514,1018,dros,random,3.5336265019554514,0.7116056255396588,0.7153918288961995,0.3218264778813261,51.59780448255051,0.0,0.945589774826954
07,hyperparam_draw,340.7391481122187,1018,dros,random,340.7391481122187,0.7171092617927778,0.7153918288961995,0.3218264778813261,51.59780448255051,0.0,0.5320916311591706
07,hyperparam_draw,6449.082081765703,1018,dros,random,6449.082081765703,0.7175091615014412,0.7153918288961995,0.3218264778813261,51.59780448255051,0.0,0.3585116546564953
07,hyperparam_draw,4.073092960150204,1018,dros,random,4.073092960150204,0.7120807668381229,0.7153918288961995,0.3218264778813261,51.59780448255051,0.0,0.9378254243231139
07,hyperparam_draw,0.5427733361513675,1018,dros,random,0.5427733361513675,0.703299591488302,0.7153918288961995,0.3218264778813261,51.59780448255051,0.0,0.9752995536233808
07,hyperparam_draw,117.4382681524961,1018,dros,random,117.4382681524961,0.7167663506801571,0.7153918288961995,0.3218264778813261,51.59780448255051,0.0,0.6309912299680972
07,hyperparam_draw,7.332535702525816,1018,dros,random,7.332535702525816,0.7137295720762561,0.7153918288961995,0.3218264778813261,51.59780448255051,0.0,0.898217322144239
07,hyperparam_draw,1447.7032305484765,1018,dros,random,1447.7032305484765,0.7175075249296377,0.7153918288961995,0.3218264778813261,51.59780448255051,0.0,0.42541834360352093
07,hyperparam_draw,217.2691542123795,1018,dros,random,217.2691542123795,0.7169735425325925,0.7153918288961995,0.3218264778813261,51.59780448255051,0.0,0.5722647972136153
07,hyperparam_draw,923.2849319214124,1018,dros,random,923.2849319214124,0.7174074093114945,0.7153918288961995,0.3218264778813261,51.59780448255051,0.0,0.45445632017332643
07,hyperparam_draw,59.61624206900033,1018,dros,random,59.61624206900033,0.7164428576627495,0.7153918288961995,0.3218264778813261,51.59780448255051,0.0,0.69913616447477
07,hyperparam_draw,24.208246382207875,1018,dros,random,24.208246382207875,0.7157130888305048,0.7153918288961995,0.3218264778813261,51.59780448255051,0.0,0.7906977769146517
07,hyperparam_draw,2.2099785116470305,1018,dros,random,2.2099785116470305,0.7098322753440065,0.7153918288961995,0.3218264778813261,51.59780448255051,0.0,0.9657204239284318
07,hyperparam_draw,1219.783619822361,1018,dros,random,1219.783619822361,0.7174744677827049,0.7153918288961995,0.3218264778813261,51.59780448255051,0.0,0.43601077359239626
07,hyperparam_draw,15.213592081772868,1018,dros,random,15.213592081772868,0.7151218177841674,0.7153918288961995,0.3218264778813261,51.59780448255051,0.0,0.8355988133166331
07,hyperparam_draw,4.968270023176343,1018,dros,random,4.968270023176343,0.7126949800433441,0.7153918288961995,0.3218264778813261,51.59780448255051,0.0,0.9257375020613967
07,hyperparam_draw,2818.102151267552,1018,dros,random,2818.102151267552,0.7175646079169815,0.7153918288961995,0.3218264778813261,51.59780448255051,0.0,0.38988358081609026
07,hyperparam_draw,233.91188800449018,1018,dros,random,233.91188800449018,0.7169960068823947,0.7153918288961995,0.3218264778813261,51.59780448255051,0.0,0.565494016465468
07,hyperparam_draw,10.699047209065734,1018,dros,random,10.699047209065734,0.7145316682452405,0.7153918288961995,0.3218264778813261,51.59780448255051,0.0,0.8673173111013184
07,hyperparam_draw,7105.763390269876,1018,dros,random,7105.763390269876,0.7174982656608788,0.7153918288961995,0.3218264778813261,51.59780448255051,0.0,0.3557291416215195
07,hyperparam_draw,25.650423535285103,1018,dros,random,25.650423535285103,0.7157744350685468,0.7153918288961995,0.3218264778813261,51.59780448255051,0.0,0.7849328675489369
07,hyperparam_draw,5446.224583026919,1018,dros,random,5446.224583026919,0.7175270169732837,0.7153918288961995,0.3218264778813261,51.59780448255051,0.0,0.363790132327739
07,hyperparam_draw,43.98125129170919,1018,dros,random,43.98125129170919,0.7162439839584747,0.7153918288961995,0.3218264778813261,51.59780448255051,0.0,0.730244358201928
07,hyperparam_draw,3.38898177552422,1018,dros,random,3.38898177552422,0.7114602232773328,0.7153918288961995,0.3218264778813261,51.59780448255051,0.0,0.9477295447209404
07,hyperparam_draw,0.9463193527597031,1018,dros,random,0.9463193527597031,0.7059976843255218,0.7153918288961995,0.3218264778813261,51.59780448255051,0.0,0.9800891944456321
07,hyperparam_draw,25.164572043323073,1018,dros,random,25.164572043323073,0.7157544295686024,0.7153918288961995,0.3218264778813261,51.59780448255051,0.0,0.7868411998786733
07,hyperparam_draw,nan,1018,ips,fixed,nan,0.7167641833941689,0.7153918288961995,0.3218264778813261,51.59780448255051,0.0,0.3218264778813261
07,hyperparam_draw,nan,1018,snips,fixed,nan,0.7242960971472475,0.7153918288961995,0.3218264778813261,51.59780448255051,0.0,0.3218264778813261
07,hyperparam_draw,nan,1018,dr,fixed,nan,0.7172803423793098,0.7153918288961995,0.3218264778813261,51.59780448255051,0.0,0.3218264778813261
07,hyperparam_draw,5.954186367584391,1018,clipped_ips,slope,5.954186367584391,0.7035364656289665,0.7153918288961995,0.3218264778813261,51.59780448255051,0.0,0.571707165727407
07,hyperparam_draw,1.4302205931783523,1018,switch_dr,slope,1.4302205931783523,0.7120630506968127,0.7153918288961995,0.3218264778813261,51.59780448255051,0.0,0.8132867058038546
07,hyperparam_draw,0.49134513116123063,1018,dros,slope,0.49134513116123063,0.7028240650889955,0.7153918288961995,0.3218264778813261,51.59780448255051,0.0,0.9734418126535195
07,hyperparam_draw,1.4439624784185574,1019,clipped_ips,random,1.4439624784185574,0.6465608826014669,0.7153918288961995,0.30858922867206345,45.169412104526344,0.0,0.8687068026029426
07,hyperparam_draw,35.52297797919026,1019,clipped_ips,random,35.52297797919026,0.7271707180078228,0.7153918288961995,0.30858922867206345,45.169412104526344,0.0,0.32391258397535255
07,hyperparam_draw,16.55520386623714,1019,clipped_ips,random,16.55520386623714,0.7230664248992265,0.7153918288961995,0.30858922867206345,45.169412104526344,0.0,0.4076211696788305
07,hyperparam_draw,43.39913610777569,1019,clipped_ips,random,43.39913610777569,0.7271090142312285,0.7153918288961995,0.30858922867206345,45.169412104526344,0.0,0.31001656040427994
07,hyperparam_draw,1.4304891899305832,1019,clipped_ips,random,1.4304891899305832,0.6457137998775805,0.7153918288961995,0.30858922867206345,45.169412104526344,0.0,0.8705397362093523
07,hyperparam_draw,14.668061155941897,1019,clipped_ips,random,14.668061155941897,0.7218619901200363,0.7153918288961995,0.30858922867206345,45.169412104526344,0.0,0.4270864154124921
07,hyperparam_draw,7.340537023054955,1019,clipped_ips,random,7.340537023054955,0.7129949607908332,0.7153918288961995,0.30858922867206345,45.169412104526344,0.0,0.5407578226685358
07,hyperparam_draw,30.372273443321237,1019,clipped_ips,random,30.372273443321237,0.7268861756463448,0.7153918288961995,0.30858922867206345,45.169412104526344,0.0,0.33526004278634614
07,hyperparam_draw,1.6640508736805573,1019,clipped_ips,random,1.6640508736805573,0.6583211568568922,0.7153918288961995,0.30858922867206345,45.169412104526344,0.0,0.8403197540179511
07,hyperparam_draw,8.74066289915184,1019,clipped_ips,random,8.74066289915184,0.7156299166437278,0.7153918288961995,0.30858922867206345,45.169412104526344,0.0,0.5110905683291127
07,hyperparam_draw,62.74629412940266,1019,clipped_ips,random,62.74629412940266,0.727040946198596,0.7153918288961995,0.30858922867206345,45.169412104526344,0.0,0.30858922867206345
07,hyperparam_draw,8.192664596331765,1019,clipped_ips,random,8.192664596331765,0.7147577883412211,0.7153918288961995,0.30858922867206345,45.169412104526344,0.0,0.5217684596333764
07,hyperparam_draw,2.30181803386378,1019,clipped_ips,random,2.30181803386378,0.6790106291999618,0.7153918288961995,0.30858922867206345,45.169412104526344,0.0,0.7712553774002239
07,hyperparam_draw,10.027749936359033,1019,clipped_ips,random,10.027749936359033,0.7175417387064869,0.7153918288961995,0.30858922867206345,45.169412104526344,0.0,0.4887520065083293
07,hyperparam_draw,0.771298039642039,1019,clipped_ips,random,0.771298039642039,0.5561938315372169,0.7153918288961995,0.30858922867206345,45.169412104526344,0.0,0.9696207748538723
07,hyperparam_draw,22.366470447069347,1019,clipped_ips,random,22.366470447069347,0.7252637551015984,0.7153918288961995,0.30858922867206345,45.169412104526344,0.0,0.3696944131830546
07,hyperparam_draw,0.8354993820586951,1019,clipped_ips,random,0.8354993820586951,0.5735967888820018,0.7153918288961995,0.30858922867206345,45.169412104526344,0.0,0.959780122973889
07,hyperparam_draw,3.60840786802383,1019,clipped_ips,random,3.60840786802383,0.6973579049922745,0.7153918288961995,0.30858922867206345,45.169412104526344,0.0,0.6787969707039005
07,hyperparam_draw,1.796889436530574,1019,clipped_ips,random,1.796889436530574,0.6638479269671445,0.7153918288961995,0.30858922867206345,45.169412104526344,0.0,0.8243635427040402
07,hyperparam_draw,1.7184760673472381,1019,clipped_ips,random,1.7184760673472381,0.6606934398798537,0.7153918288961995,0.30858922867206345,45.169412104526344,0.0,0.8337129800606279
07,hyperparam_draw,7.641713135960733,1019,clipped_ips,random,7.641713135960733,0.7136875255387677,0.7153918288961995,0.30858922867206345,45.169412104526344,0.0,0.5336723477546054
07,hyperparam_draw,1.2455646817876427,1019,clipped_ips,random,1.2455646817876427,0.6320618804711404,0.7153918288961995,0.30858922867206345,45.169412104526344,0.0,0.8966750910149227
07,hyperparam_draw,22.5621093145009,1019,clipped_ips,random,22.5621093145009,0.7253084871194332,0.7153918288961995,0.30858922867206345,45.169412104526344,0.0,0.368810534908911
07,hyperparam_draw,1.2778456473840274,1019,clipped_ips,random,1.2778456473840274,0.6347770193333213,0.7153918288961995,0.30858922867206345,45.169412104526344,0.0,0.8919776642366963
07,hyperparam_draw,1.5364183558942273,1019,clipped_ips,random,1.5364183558942273,0.6519990833717674,0.7153918288961995,0.30858922867206345,45.169412104526344,0.0,0.8563892097624832
07,hyperparam_draw,32.81448421190199,1019,clipped_ips,random,32.81448421190199,0.72709369107612,0.7153918288961995,0.30858922867206345,45.169412104526344,0.0,0.3294801232191252
07,hyperparam_draw,4.018340653783523,1019,clipped_ips,random,4.018340653783523,0.7003880462754833,0.7153918288961995,0.30858922867206345,45.169412104526344,0.0,0.6572066077935527
07,hyperparam_draw,43.36078896442314,1019,clipped_ips,random,43.36078896442314,0.7271104886988312,0.7153918288961995,0.30858922867206345,45.169412104526344,0.0,0.3100469526861928
07,hyperparam_draw,22.272289187932046,1019,clipped_ips,random,22.272289187932046,0.72524222094625,0.7153918288961995,0.30858922867206345,45.169412104526344,0.0,0.37011850991833256
07,hyperparam_draw,18.933684810500317,1019,clipped_ips,random,18.933684810500317,0.7241906765932469,0.7153918288961995,0.30858922867206345,45.169412104526344,0.0,0.38983485323403955
07,hyperparam_draw,2.943225660725196,1019,clipped_ips,random,2.943225660725196,0.690502222885028,0.7153918288961995,0.30858922867206345,45.169412104526344,0.0,0.7189816316226153
07,hyperparam_draw,0.9603161592703119,1019,clipped_ips,random,0.9603161592703119,0.5981757114998989,0.7153918288961995,0.30858922867206345,45.169412104526344,0.0,0.9403247665581497
07,hyperparam_draw,15.77473829734515,1019,clipped_ips,random,15.77473829734515,0.7226376630063868,0.7153918288961995,0.30858922867206345,45.169412104526344,0.0,0.41509698279101365
07,hyperparam_draw,43.06666578035179,1019,clipped_ips,random,43.06666578035179,0.7271217978882051,0.7153918288961995,0.30858922867206345,45.169412104526344,0.0,0.31027931060238595
07,hyperparam_draw,23.830561753711404,1019,clipped_ips,random,23.830561753711404,0.7255985135230731,0.7153918288961995,0.30858922867206345,45.169412104526344,0.0,0.3629901992422393
07,hyperparam_draw,1.87815997769622,1019,clipped_ips,random,1.87815997769622,0.6668845722354856,0.7153918288961995,0.30858922867206345,45.169412104526344,0.0,0.8148893871300434
07,hyperparam_draw,3.1732520849372032,1019,clipped_ips,random,3.1732520849372032,0.6932929504221205,0.7153918288961995,0.30858922867206345,45.169412104526344,0.0,0.7040085923338576
07,hyperparam_draw,2.156174596166251,1019,clipped_ips,random,2.156174596166251,0.675392041410898,0.7153918288961995,0.30858922867206345,45.169412104526344,0.0,0.785447805553467
07,hyperparam_draw,8.162619491854828,1019,clipped_ips,random,8.162619491854828,0.7147091799060492,0.7153918288961995,0.30858922867206345,45.169412104526344,0.0,0.5223755299104578
07,hyperparam_draw,2.9842263316068345,1019,clipped_ips,random,2.9842263316068345,0.691046209551902,0.7153918288961995,0.30858922867206345,45.169412104526344,0.0,0.716168720971301
07,hyperparam_draw,3.9551201325482905,1019,clipped_ips,random,3.9551201325482905,0.69996026333256,0.7153918288961995,0.30858922867206345,45.169412104526344,0.0,0.6604009164565798
07,hyperparam_draw,0.7260871993812579,1019,clipped_ips,random,0.7260871993812579,0.5411412555203341,0.7153918288961995,0.30858922867206345,45.169412104526344,0.0,0.9763102062693383
07,hyperparam_draw,1.8982472780162647,1019,clipped_ips,random,1.8982472780162647,0.6675866119217737,0.7153918288961995,0.30858922867206345,45.169412104526344,0.0,0.8126143417736685
07,hyperparam_draw,87.35177226250426,1019,clipped_ips,random,87.35177226250426,0.727040946198596,0.7153918288961995,0.30858922867206345,45.169412104526344,0.0,0.30858922867206345
07,hyperparam_draw,76.43710468173836,1019,clipped_ips,random,76.43710468173836,0.727040946198596,0.7153918288961995,0.30858922867206345,45.169412104526344,0.0,0.30858922867206345
07,hyperparam_draw,2.074384843012594,1019,clipped_ips,random,2.074384843012594,0.6731593290955152,0.7153918288961995,0.30858922867206345,45.169412104526344,0.0,0.793656414018196
07,hyperparam_draw,7.287064857498416,1019,clipped_ips,random,7.287064857498416,0.7128623203767694,0.7153918288961995,0.30858922867206345,45.169412104526344,0.0,0.5421034473282516
07,hyperparam_draw,8.697002957992572,1019,clipped_ips,random,8.697002957992572,0.7155601389672045,0.7153918288961995,0.30858922867206345,45.169412104526344,0.0,0.5119112069309784
07,hyperparam_draw,3.188026494588948,1019,clipped_ips,random,3.188026494588948,0.6934538488382664,0.7153918288961995,0.30858922867206345,45.169412104526344,0.0,0.7030990270282181
07,hyperparam_draw,7.395600567730742,1019,clipped_ips,random,7.395600567730742,0.713128743668145,0.7153918288961995,0.30858922867206345,45.169412104526344,0.0,0.5394038784072959
07,hyperparam_draw,0.9292146810764332,1019,clipped_ips,random,0.9292146810764332,0.5929304957616192,0.7153918288961995,0.30858922867206345,45.169412104526344,0.0,0.9451815822717216
07,hyperparam_draw,6.8987238966111,1019,clipped_ips,random,6.8987238966111,0.7118996828997955,0.7153918288961995,0.30858922867206345,45.169412104526344,0.0,0.552005926559977
07,hyperparam_draw,22.294302723170098,1019,clipped_ips,random,22.294302723170098,0.7252472542500297,0.7153918288961995,0.30858922867206345,45.169412104526344,0.0,0.3700194660120901
07,hyperparam_draw,1.0256577431072318,1019,clipped_ips,random,1.0256577431072318,0.6078532884413729,0.7153918288961995,0.30858922867206345,45.169412104526344,0.0,0.9301798507352387
07,hyperparam_draw,21.627277780799652,1019,clipped_ips,random,21.627277780799652,0.7250968419811313,0.7153918288961995,0.30858922867206345,45.169412104526344,0.0,0.3730774010697561
07,hyperparam_draw,46.04662918920243,1019,clipped_ips,random,46.04662918920243,0.727040946198596,0.7153918288961995,0.30858922867206345,45.169412104526344,0.0,0.30858922867206345
07,hyperparam_draw,24.06177833549345,1019,clipped_ips,random,24.06177833549345,0.7256513802381372,0.7153918288961995,0.30858922867206345,45.169412104526344,0.0,0.36191373919446357
07,hyperparam_draw,2.0282880483002406,1019,clipped_ips,random,2.0282880483002406,0.6718146859590223,0.7153918288961995,0.30858922867206345,45.169412104526344,0.0,0.7984282761635871
07,hyperparam_draw,4.430595333151944,1019,clipped_ips,random,4.430595333151944,0.7029016247462007,0.7153918288961995,0.30858922867206345,45.169412104526344,0.0,0.637805090102964
07,hyperparam_draw,1.3906415311483278,1019,clipped_ips,random,1.3906415311483278,0.6431175167140993,0.7153918288961995,0.30858922867206345,45.169412104526344,0.0,0.8760165751140212
07,hyperparam_draw,28.006519935000632,1019,switch_dr,random,28.006519935000632,0.726031830050021,0.7153918288961995,0.30858922867206345,45.169412104526344,0.0,0.4113389247711812
07,hyperparam_draw,7.193317954150691,1019,switch_dr,random,7.193317954150691,0.7224777123794254,0.7153918288961995,0.30858922867206345,45.169412104526344,0.0,0.6249391370988066
07,hyperparam_draw,3.211432597718835,1019,switch_dr,random,3.211432597718835,0.7262434199736962,0.7153918288961995,0.30858922867206345,45.169412104526344,0.0,0.7540071771089649
07,hyperparam_draw,9.522613709063283,1019,switch_dr,random,9.522613709063283,0.7217987454531993,0.7153918288961995,0.30858922867206345,45.169412104526344,0.0,0.5769333687922591
07,hyperparam_draw,11.606825866521401,1019,switch_dr,random,11.606825866521401,0.7231721841673276,0.7153918288961995,0.30858922867206345,45.169412104526344,0.0,0.5412299449716467
07,hyperparam_draw,3.9778887533177065,1019,switch_dr,random,3.9778887533177065,0.7274551318589512,0.7153918288961995,0.30858922867206345,45.169412104526344,0.0,0.7269642193517125
07,hyperparam_draw,6.940180849259911,1019,switch_dr,random,6.940180849259911,0.7232805485906691,0.7153918288961995,0.30858922867206345,45.169412104526344,0.0,0.629515247232156
07,hyperparam_draw,3.343713118692907,1019,switch_dr,random,3.343713118692907,0.7267166946205358,0.7153918288961995,0.30858922867206345,45.169412104526344,0.0,0.748906611936535
07,hyperparam_draw,2.2672562449296167,1019,switch_dr,random,2.2672562449296167,0.7272170304290478,0.7153918288961995,0.30858922867206345,45.169412104526344,0.0,0.8018769543628176
07,hyperparam_draw,8.970871018246866,1019,switch_dr,random,8.970871018246866,0.7223175017830777,0.7153918288961995,0.30858922867206345,45.169412104526344,0.0,0.5835268553535895
07,hyperparam_draw,18.30754105257143,1019,switch_dr,random,18.30754105257143,0.7239903385040843,0.7153918288961995,0.30858922867206345,45.169412104526344,0.0,0.46467137606234465
07,hyperparam_draw,21.881477471588116,1019,switch_dr,random,21.881477471588116,0.7257711770758165,0.7153918288961995,0.30858922867206345,45.169412104526344,0.0,0.42147592325155137
07,hyperparam_draw,36.39109690409501,1019,switch_dr,random,36.39109690409501,0.7296998975351145,0.7153918288961995,0.30858922867206345,45.169412104526344,0.0,0.36274179305075416
07,hyperparam_draw,86.46724512285758,1019,switch_dr,random,86.46724512285758,0.7287605737861678,0.7153918288961995,0.30858922867206345,45.169412104526344,0.0,0.30858922867206345
07,hyperparam_draw,17.30922884667552,1019,switch_dr,random,17.30922884667552,0.7239903385040843,0.7153918288961995,0.30858922867206345,45.169412104526344,0.0,0.46467137606234465
07,hyperparam_draw,2.212327182714079,1019,switch_dr,random,2.212327182714079,0.7278165061255699,0.7153918288961995,0.30858922867206345,45.169412104526344,0.0,0.8036066562301873
07,hyperparam_draw,0.884684986972902,1019,switch_dr,random,0.884684986972902,0.7145887395266243,0.7153918288961995,0.30858922867206345,45.169412104526344,0.0,0.6928982365963509
07,hyperparam_draw,1.6773840047285342,1019,switch_dr,random,1.6773840047285342,0.7268056158921599,0.7153918288961995,0.30858922867206345,45.169412104526344,0.0,0.8174976407871563
07,hyperparam_draw,1.446683809151365,1019,switch_dr,random,1.446683809151365,0.725019575817414,0.7153918288961995,0.30858922867206345,45.169412104526344,0.0,0.8140092644719829
07,hyperparam_draw,28.495936949226955,1019,switch_dr,random,28.495936949226955,0.7276452482325085,0.7153918288961995,0.30858922867206345,45.169412104526344,0.0,0.39940890868579687
07,hyperparam_draw,12.878611130110382,1019,switch_dr,random,12.878611130110382,0.7242767364307154,0.7153918288961995,0.30858922867206345,45.169412104526344,0.0,0.5270562893709502
07,hyperparam_draw,0.8074279019349576,1019,switch_dr,random,0.8074279019349576,0.711848765847771,0.7153918288961995,0.30858922867206345,45.169412104526344,0.0,0.6290747397212384
07,hyperparam_draw,5.965123521982663,1019,switch_dr,random,5.965123521982663,0.7249440336406427,0.7153918288961995,0.30858922867206345,45.169412104526344,0.0,0.6563162467117686
07,hyperparam_draw,6.629104313250327,1019,switch_dr,random,6.629104313250327,0.7235330087793908,0.7153918288961995,0.30858922867206345,45.169412104526344,0.0,0.634968242959503
07,hyperparam_draw,69.34300079730905,1019,switch_dr,random,69.34300079730905,0.7287605737861678,0.7153918288961995,0.30858922867206345,45.169412104526344,0.0,0.30858922867206345
07,hyperparam_draw,28.381636903391282,1019,switch_dr,random,28.381636903391282,0.726031830050021,0.7153918288961995,0.30858922867206345,45.169412104526344,0.0,0.4113389247711812
07,hyperparam_draw,13.73943268574252,1019,switch_dr,random,13.73943268574252,0.7236404034345019,0.7153918288961995,0.30858922867206345,45.169412104526344,0.0,0.5229680726724709
07,hyperparam_draw,2.3428915288333596,1019,switch_dr,random,2.3428915288333596,0.7268067751357941,0.7153918288961995,0.30858922867206345,45.169412104526344,0.0,0.7975478604787738
07,hyperparam_draw,0.9594667779216486,1019,switch_dr,random,0.9594667779216486,0.7184236541103187,0.7153918288961995,0.30858922867206345,45.169412104526344,0.0,0.7327466316533389
07,hyperparam_draw,7.086829426499088,1019,switch_dr,random,7.086829426499088,0.7232805485906691,0.7153918288961995,0.30858922867206345,45.169412104526344,0.0,0.629515247232156
07,hyperparam_draw,10.769832198840971,1019,switch_dr,random,10.769832198840971,0.7227565472697716,0.7153918288961995,0.30858922867206345,45.169412104526344,0.0,0.5607624838412688
07,hyperparam_draw,21.8622266055818,1019,switch_dr,random,21.8622266055818,0.7257711770758165,0.7153918288961995,0.30858922867206345,45.169412104526344,0.0,0.42147592325155137
07,hyperparam_draw,40.17420971462808,1019,switch_dr,random,40.17420971462808,0.7318903709535288,0.7153918288961995,0.30858922867206345,45.169412104526344,0.0,0.3454788233565956
07,hyperparam_draw,10.904261518765312,1019,switch_dr,random,10.904261518765312,0.7227565472697716,0.7153918288961995,0.30858922867206345,45.169412104526344,0.0,0.5607624838412688
07,hyperparam_draw,6.384773541218063,1019,switch_dr,random,6.384773541218063,0.723212125956475,0.7153918288961995,0.30858922867206345,45.169412104526344,0.0,0.6465943635140566
07,hyperparam_draw,2.668630650461936,1019,switch_dr,random,2.668630650461936,0.7269428955423707,0.7153918288961995,0.30858922867206345,45.169412104526344,0.0,0.7825348154543443
07,hyperparam_draw,4.579159515626855,1019,switch_dr,random,4.579159515626855,0.7267749837728528,0.7153918288961995,0.30858922867206345,45.169412104526344,0.0,0.7019835280548107
07,hyperparam_draw,0.8227370005905474,1019,switch_dr,random,0.8227370005905474,0.7117830596125394,0.7153918288961995,0.30858922867206345,45.169412104526344,0.0,0.6438811979168862
07,hyperparam_draw,14.6552739213904,1019,switch_dr,random,14.6552739213904,0.7230582760836366,0.7153918288961995,0.30858922867206345,45.169412104526344,0.0,0.5139872538385215
07,hyperparam_draw,41.04090876799006,1019,switch_dr,random,41.04090876799006,0.7318903709535288,0.7153918288961995,0.30858922867206345,45.169412104526344,0.0,0.3454788233565956
07,hyperparam_draw,47.11240364560371,1019,switch_dr,random,47.11240364560371,0.7287605737861678,0.7153918288961995,0.30858922867206345,45.169412104526344,0.0,0.30858922867206345
07,hyperparam_draw,1.3282731139477517,1019,switch_dr,random,1.3282731139477517,0.7258238114934338,0.7153918288961995,0.30858922867206345,45.169412104526344,0.0,0.8074068082853956
07,hyperparam_draw,21.67385058993107,1019,switch_dr,random,21.67385058993107,0.7266518540437884,0.7153918288961995,0.30858922867206345,45.169412104526344,0.0,0.42885917024701187
07,hyperparam_draw,0.7088049864427958,1019,switch_dr,random,0.7088049864427958,0.7072580547977754,0.7153918288961995,0.30858922867206345,45.169412104526344,0.0,0.5062514458177406
07,hyperparam_draw,18.769532534052438,1019,switch_dr,random,18.769532534052438,0.7239903385040843,0.7153918288961995,0.30858922867206345,45.169412104526344,0.0,0.46467137606234465
07,hyperparam_draw,17.17545627886798,1019,switch_dr,random,17.17545627886798,0.7229533112197848,0.7153918288961995,0.30858922867206345,45.169412104526344,0.0,0.47017935661566135
07,hyperparam_draw,15.393960875784492,1019,switch_dr,random,15.393960875784492,0.7230553621089717,0.7153918288961995,0.30858922867206345,45.169412104526344,0.0,0.5087121619926721
07,hyperparam_draw,17.528716724154375,1019,switch_dr,random,17.528716724154375,0.7239903385040843,0.7153918288961995,0.30858922867206345,45.169412104526344,0.0,0.46467137606234465
07,hyperparam_draw,27.035080780173423,1019,switch_dr,random,27.035080780173423,0.726031830050021,0.7153918288961995,0.30858922867206345,45.169412104526344,0.0,0.4113389247711812
07,hyperparam_draw,25.786424519872185,1019,switch_dr,random,25.786424519872185,0.726031830050021,0.7153918288961995,0.30858922867206345,45.169412104526344,0.0,0.4113389247711812
07,hyperparam_draw,19.265567308587382,1019,switch_dr,random,19.265567308587382,0.7239903385040843,0.7153918288961995,0.30858922867206345,45.169412104526344,0.0,0.46467137606234465
07,hyperparam_draw,56.213312580430035,1019,switch_dr,random,56.213312580430035,0.7287605737861678,0.7153918288961995,0.30858922867206345,45.169412104526344,0.0,0.30858922867206345
07,hyperparam_draw,1.044877335460467,1019,switch_dr,random,1.044877335460467,0.7197242530085254,0.7153918288961995,0.30858922867206345,45.169412104526344,0.0,0.763057915930182
07,hyperparam_draw,10.961023587442284,1019,switch_dr,random,10.961023587442284,0.7227565472697716,0.7153918288961995,0.30858922867206345,45.169412104526344,0.0,0.5607624838412688
07,hyperparam_draw,21.35093180957189,1019,switch_dr,random,21.35093180957189,0.7266518540437884,0.7153918288961995,0.30858922867206345,45.169412104526344,0.0,0.42885917024701187
07,hyperparam_draw,2.5310570443122047,1019,switch_dr,random,2.5310570443122047,0.7269681630853236,0.7153918288961995,0.30858922867206345,45.169412104526344,0.0,0.7894658203373417
07,hyperparam_draw,1.9382720755589156,1019,switch_dr,random,1.9382720755589156,0.7270221447503299,0.7153918288961995,0.30858922867206345,45.169412104526344,0.0,0.8129626021214382
07,hyperparam_draw,3.123765809578871,1019,switch_dr,random,3.123765809578871,0.7258124985207506,0.7153918288961995,0.30858922867206345,45.169412104526344,0.0,0.7566035267543312
07,hyperparam_draw,21.486099326631155,1019,switch_dr,random,21.486099326631155,0.7266518540437884,0.7153918288961995,0.30858922867206345,45.169412104526344,0.0,0.42885917024701187
07,hyperparam_draw,28.364009679656252,1019,switch_dr,random,28.364009679656252,0.726031830050021,0.7153918288961995,0.30858922867206345,45.169412104526344,0.0,0.4113389247711812
07,hyperparam_draw,7.355376591068795,1019,dros,random,7.355376591068795,0.7233993032336508,0.7153918288961995,0.30858922867206345,45.169412104526344,0.0,0.8978325811601157
07,hyperparam_draw,41.97338275991228,1019,dros,random,41.97338275991228,0.7247870691380837,0.7153918288961995,0.30858922867206345,45.169412104526344,0.0,0.7404613345931944
07,hyperparam_draw,0.7514497787263935,1019,dros,random,0.7514497787263935,0.7122910580494646,0.7153918288961995,0.30858922867206345,45.169412104526344,0.0,0.9801218293851318
07,hyperparam_draw,36.274887435691575,1019,dros,random,36.274887435691575,0.7247744547769794,0.7153918288961995,0.30858922867206345,45.169412104526344,0.0,0.7547487527311512
07,hyperparam_draw,4.806304819436286,1019,dros,random,4.806304819436286,0.7222840909921838,0.7153918288961995,0.30858922867206345,45.169412104526344,0.0,0.9275303362621442
07,hyperparam_draw,280.2897554108563,1019,dros,random,280.2897554108563,0.7256128221365457,0.7153918288961995,0.30858922867206345,45.169412104526344,0.0,0.5565244010300964
07,hyperparam_draw,29.979697858607036,1019,dros,random,29.979697858607036,0.7247480946911756,0.7153918288961995,0.30858922867206345,45.169412104526344,0.0,0.7732824840968291
07,hyperparam_draw,6.331584835461348,1019,dros,random,6.331584835461348,0.7230550250496337,0.7153918288961995,0.30858922867206345,45.169412104526344,0.0,0.9088944958116617
07,hyperparam_draw,1263.2043731201097,1019,dros,random,1263.2043731201097,0.7273811811297478,0.7153918288961995,0.30858922867206345,45.169412104526344,0.0,0.42971274802132703
07,hyperparam_draw,1.7843135761471858,1019,dros,random,1.7843135761471858,0.7178958156140554,0.7153918288961995,0.30858922867206345,45.169412104526344,0.0,0.972346453705964
07,hyperparam_draw,505.11437435022157,1019,dros,random,505.11437435022157,0.726279915719241,0.7153918288961995,0.30858922867206345,45.169412104526344,0.0,0.5033395168720141
07,hyperparam_draw,173.08672576233081,1019,dros,random,173.08672576233081,0.7251989190793817,0.7153918288961995,0.30858922867206345,45.169412104526344,0.0,0.6020103298788332
07,hyperparam_draw,9.515319770258955,1019,dros,random,9.515319770258955,0.7238783444391458,0.7153918288961995,0.30858922867206345,45.169412104526344,0.0,0.8775053578930482
07,hyperparam_draw,18.264677040134313,1019,dros,random,18.264677040134313,0.7245682579826163,0.7153918288961995,0.30858922867206345,45.169412104526344,0.0,0.8202915459466747
07,hyperparam_draw,524.6492272729403,1019,dros,random,524.6492272729403,0.726326468465956,0.7153918288961995,0.30858922867206345,45.169412104526344,0.0,0.5000366632286907
07,hyperparam_draw,450.4832146059276,1019,dros,random,450.4832146059276,0.7261411618945337,0.7153918288961995,0.30858922867206345,45.169412104526344,0.0,0.5134057941103616
07,hyperparam_draw,8.712385434789166,1019,dros,random,8.712385434789166,0.7237295205243515,0.7153918288961995,0.30858922867206345,45.169412104526344,0.0,0.8846401569335273
07,hyperparam_draw,7.564965189846229,1019,dros,random,7.564965189846229,0.7234582949751366,0.7153918288961995,0.30858922867206345,45.169412104526344,0.0,0.89569250378704
07,hyperparam_draw,24.590945144439836,1019,dros,random,24.590945144439836,0.7247003113459521,0.7153918288961995,0.30858922867206345,45.169412104526344,0.0,0.792324333485643
07,hyperparam_draw,194.03921919927882,1019,dros,random,194.03921919927882,0.725283441171509,0.7153918288961995,0.30858922867206345,45.169412104526344,0.0,0.5911098968168544
07,hyperparam_draw,47.35833824847614,1019,dros,random,47.35833824847614,0.7247954673727037,0.7153918288961995,0.30858922867206345,45.169412104526344,0.0,0.7285989495186539
07,hyperparam_draw,2.249175982745679,1019,dros,random,2.249175982745679,0.7191488276112742,0.7153918288961995,0.30858922867206345,45.169412104526344,0.0,0.9652679801528037
07,hyperparam_draw,26.18486127547442,1019,dros,random,26.18486127547442,0.7247182884945174,0.7153918288961995,0.30858922867206345,45.169412104526344,0.0,0.786318474690658
07,hyperparam_draw,1418.492343021193,1019,dros,random,1418.492343021193,0.7275039501086046,0.7153918288961995,0.30858922867206345,45.169412104526344,0.0,0.4215239163398517
07,hyperparam_draw,0.9229859894137147,1019,dros,random,0.9229859894137147,0.7137174782785867,0.7153918288961995,0.30858922867206345,45.169412104526344,0.0,0.9808358716265492
07,hyperparam_draw,1391.9729788256484,1019,dros,random,1391.9729788256484,0.7274843871573696,0.7153918288961995,0.30858922867206345,45.169412104526344,0.0,0.42283645198516834
07,hyperparam_draw,12.271449892756372,1019,dros,random,12.271449892756372,0.7242270038881926,0.7153918288961995,0.30858922867206345,45.169412104526344,0.0,0.8560244819870612
07,hyperparam_draw,569.3784303001609,1019,dros,random,569.3784303001609,0.7264275039451364,0.7153918288961995,0.30858922867206345,45.169412104526344,0.0,0.4929767071504173
07,hyperparam_draw,302.42985766023185,1019,dros,random,302.42985766023185,0.725690762517211,0.7153918288961995,0.30858922867206345,45.169412104526344,0.0,0.54948637879803
07,hyperparam_draw,957.4223570937506,1019,dros,random,957.4223570937506,0.7270657215336632,0.7153918288961995,0.30858922867206345,45.169412104526344,0.0,0.4504333461776702
07,hyperparam_draw,570.0204223757013,1019,dros,random,570.0204223757013,0.7264289004734418,0.7153918288961995,0.30858922867206345,45.169412104526344,0.0,0.49288007113518895
07,hyperparam_draw,306.85377812653184,1019,dros,random,306.85377812653184,0.7257059896543099,0.7153918288961995,0.30858922867206345,45.169412104526344,0.0,0.5481469968017404
07,hyperparam_draw,12.02388229501514,1019,dros,random,12.02388229501514,0.7242032043562923,0.7153918288961995,0.30858922867206345,45.169412104526344,0.0,0.8577902291418966
07,hyperparam_draw,13.202894420866249,1019,dros,random,13.202894420866249,0.7243069303634899,0.7153918288961995,0.30858922867206345,45.169412104526344,0.0,0.8496278071961262
07,hyperparam_draw,2.081354011067329,1019,dros,random,2.081354011067329,0.7187438242659551,0.7153918288961995,0.30858922867206345,45.169412104526344,0.0,0.9678779284594681
07,hyperparam_draw,988.9424862246054,1019,dros,random,988.9424862246054,0.7271039465562008,0.7153918288961995,0.30858922867206345,45.169412104526344,0.0,0.447933328342014
07,hyperparam_draw,981.2851434365763,1019,dros,random,981.2851434365763,0.7270948017818581,0.7153918288961995,0.30858922867206345,45.169412104526344,0.0,0.4485314568485879
07,hyperparam_draw,5742.453909194252,1019,dros,random,5742.453909194252,0.7284413097019496,0.7153918288961995,0.30858922867206345,45.169412104526344,0.0,0.3491502092548884
07,hyperparam_draw,115.0863239559446,1019,dros,random,115.0863239559446,0.7249705244340044,0.7153918288961995,0.30858922867206345,45.169412104526344,0.0,0.6414057843185272
07,hyperparam_draw,391.50421315251464,1019,dros,random,391.50421315251464,0.7259757405636361,0.7153918288961995,0.30858922867206345,45.169412104526344,0.0,0.5259411650940387
07,hyperparam_draw,74.38810628377695,1019,dros,random,74.38810628377695,0.7248436356150743,0.7153918288961995,0.30858922867206345,45.169412104526344,0.0,0.6841257934698644
07,hyperparam_draw,417.8695172638995,1019,dros,random,417.8695172638995,0.7260518203020789,0.7153918288961995,0.30858922867206345,45.169412104526344,0.0,0.5200938858877544
07,hyperparam_draw,41.35025539305806,1019,dros,random,41.35025539305806,0.7247859513314379,0.7153918288961995,0.30858922867206345,45.169412104526344,0.0,0.7419289171158097
07,hyperparam_draw,259.18939763788075,1019,dros,random,259.18939763788075,0.7255358698526945,0.7153918288961995,0.30858922867206345,45.169412104526344,0.0,0.5638131981866893
07,hyperparam_draw,0.9997864437452295,1019,dros,random,0.9997864437452295,0.7142612005717096,0.7153918288961995,0.30858922867206345,45.169412104526344,0.0,0.9807005613729401
07,hyperparam_draw,1033.1456418915382,1019,dros,random,1033.1456418915382,0.7271550412704071,0.7153918288961995,0.30858922867206345,45.169412104526344,0.0,0.4445901579040716
07,hyperparam_draw,412.01661594890305,1019,dros,random,412.01661594890305,0.7260352366710587,0.7153918288961995,0.30858922867206345,45.169412104526344,0.0,0.5213558012243142
07,hyperparam_draw,1.7023112060189487,1019,dros,random,1.7023112060189487,0.7176255680152688,0.7153918288961995,0.30858922867206345,45.169412104526344,0.0,0.9735217549136056
07,hyperparam_draw,761.1038743228223,1019,dros,random,761.1038743228223,0.726787690839801,0.7153918288961995,0.30858922867206345,45.169412104526344,0.0,0.4686849218417851
07,hyperparam_draw,1.4801961474588963,1019,dros,random,1.4801961474588963,0.7167935404492313,0.7153918288961995,0.30858922867206345,45.169412104526344,0.0,0.9764904397585719
07,hyperparam_draw,483.9310625981731,1019,dros,random,483.9310625981731,0.7262276570900844,0.7153918288961995,0.30858922867206345,45.169412104526344,0.0,0.5070894760339998
07,hyperparam_draw,0.8185114255371537,1019,dros,random,0.8185114255371537,0.712888069531815,0.7153918288961995,0.30858922867206345,45.169412104526344,0.0,0.9806004740540167
07,hyperparam_draw,9.801523439504024,1019,dros,random,9.801523439504024,0.7239249935966728,0.7153918288961995,0.30858922867206345,45.169412104526344,0.0,0.875068936108135
07,hyperparam_draw,310.2886321793585,1019,dros,random,310.2886321793585,0.7257177329780945,0.7153918288961995,0.30858922867206345,45.169412104526344,0.0,0.5471214296588818
07,hyperparam_draw,156.79265648100795,1019,dros,random,156.79265648100795,0.7251330335573409,0.7153918288961995,0.30858922867206345,45.169412104526344,0.0,0.6114916282173267
07,hyperparam_draw,270.8296746885001,1019,dros,random,270.8296746885001,0.7255786408787676,0.7153918288961995,0.30858922867206345,45.169412104526344,0.0,0.559716655992526
07,hyperparam_draw,3265.3586430527525,1019,dros,random,3265.3586430527525,0.7281815419416413,0.7153918288961995,0.30858922867206345,45.169412104526344,0.0,0.3722852734824247
07,hyperparam_draw,1.4700721216411987,1019,dros,random,1.4700721216411987,0.7167516313816935,0.7153918288961995,0.30858922867206345,45.169412104526344,0.0,0.9766160350620312
07,hyperparam_draw,370.09407687584485,1019,dros,random,370.09407687584485,0.7259112845987474,0.7153918288961995,0.30858922867206345,45.169412104526344,0.0,0.531020225366736
07,hyperparam_draw,288.66459841106877,1019,dros,random,288.66459841106877,0.7256426441463986,0.7153918288961995,0.30858922867206345,45.169412104526344,0.0,0.5537937633279899
07,hyperparam_draw,nan,1019,ips,fixed,nan,0.727040946198596,0.7153918288961995,0.30858922867206345,45.169412104526344,0.0,0.30858922867206345
07,hyperparam_draw,nan,1019,snips,fixed,nan,0.736185770715294,0.7153918288961995,0.30858922867206345,45.169412104526344,0.0,0.30858922867206345
07,hyperparam_draw,nan,1019,dr,fixed,nan,0.7287605737861678,0.7153918288961995,0.30858922867206345,45.169412104526344,0.0,0.30858922867206345
07,hyperparam_draw,5.609744949961544,1019,clipped_ips,slope,5.609744949961544,0.7080920876055756,0.7153918288961995,0.30858922867206345,45.169412104526344,0.0,0.5903993289518643
07,hyperparam_draw,1.3979043538727123,1019,switch_dr,slope,1.3979043538727123,0.7255181610739906,0.7153918288961995,0.30858922867206345,45.169412104526344,0.0,0.8118539763733108
07,hyperparam_draw,1.9541365825762849,1019,dros,slope,1.9541365825762849,0.7184034022268377,0.7153918288961995,0.30858922867206345,45.169412104526344,0.0,0.969823267010961
07,hyperparam_draw,0.9543714006123438,1020,clipped_ips,random,0.9543714006123438,0.587367351697289,0.7153918288961995,0.3000984835500694,53.02627902056333,0.0,0.9401184268567476
07,hyperparam_draw,31.980718577173253,1020,clipped_ips,random,31.980718577173253,0.7074403129914639,0.7153918288961995,0.3000984835500694,53.02627902056333,0.0,0.3213070795573953
07,hyperparam_draw,80.40092830686211,1020,clipped_ips,random,80.40092830686211,0.7088846809076771,0.7153918288961995,0.3000984835500694,53.02627902056333,0.0,0.3000984835500694
07,hyperparam_draw,82.80144216500378,1020,clipped_ips,random,82.80144216500378,0.7088846809076771,0.7153918288961995,0.3000984835500694,53.02627902056333,0.0,0.3000984835500694
07,hyperparam_draw,6.3973155930437615,1020,clipped_ips,random,6.3973155930437615,0.7043547841393963,0.7153918288961995,0.3000984835500694,53.02627902056333,0.0,0.5662334914247755
07,hyperparam_draw,2.626263695577151,1020,clipped_ips,random,2.626263695577151,0.6766049907818434,0.7153918288961995,0.3000984835500694,53.02627902056333,0.0,0.7448156115406985
07,hyperparam_draw,17.14678183676794,1020,clipped_ips,random,17.14678183676794,0.7080068025859785,0.7153918288961995,0.3000984835500694,53.02627902056333,0.0,0.41900128269384185
07,hyperparam_draw,1.7643557390004756,1020,clipped_ips,random,1.7643557390004756,0.6532654156438666,0.7153918288961995,0.3000984835500694,53.02627902056333,0.0,0.8269009172368819
07,hyperparam_draw,47.34498015269481,1020,clipped_ips,random,47.34498015269481,0.7084683494000849,0.7153918288961995,0.3000984835500694,53.02627902056333,0.0,0.3051331089671421
07,hyperparam_draw,1.957481655942853,1020,clipped_ips,random,1.957481655942853,0.6603789538074243,0.7153918288961995,0.3000984835500694,53.02627902056333,0.0,0.8059567753695923
07,hyperparam_draw,3.594899155361239,1020,clipped_ips,random,3.594899155361239,0.6899870554183791,0.7153918288961995,0.3000984835500694,53.02627902056333,0.0,0.678152783664123
07,hyperparam_draw,1.9475713762779985,1020,clipped_ips,random,1.9475713762779985,0.6600571461622596,0.7153918288961995,0.3000984835500694,53.02627902056333,0.0,0.8069799522816135
07,hyperparam_draw,6.6594261343145895,1020,clipped_ips,random,6.6594261343145895,0.7049009769044591,0.7153918288961995,0.3000984835500694,53.02627902056333,0.0,0.5597374241581095
07,hyperparam_draw,7.119981297688253,1020,clipped_ips,random,7.119981297688253,0.7055817866484826,0.7153918288961995,0.3000984835500694,53.02627902056333,0.0,0.5494357559674441
07,hyperparam_draw,36.91136668313039,1020,clipped_ips,random,36.91136668313039,0.707703851515851,0.7153918288961995,0.3000984835500694,53.02627902056333,0.0,0.31320773707475275
07,hyperparam_draw,20.450606038039645,1020,clipped_ips,random,20.450606038039645,0.7079695489428992,0.7153918288961995,0.3000984835500694,53.02627902056333,0.0,0.38875527569029367
07,hyperparam_draw,2.360949281378527,1020,clipped_ips,random,2.360949281378527,0.6711211297546477,0.7153918288961995,0.3000984835500694,53.02627902056333,0.0,0.7675949417609614
07,hyperparam_draw,11.699748155098966,1020,clipped_ips,random,11.699748155098966,0.7077703469037075,0.7153918288961995,0.3000984835500694,53.02627902056333,0.0,0.47728483416860273
07,hyperparam_draw,3.461165022182439,1020,clipped_ips,random,3.461165022182439,0.6886249058452093,0.7153918288961995,0.3000984835500694,53.02627902056333,0.0,0.6862542290298623
07,hyperparam_draw,13.659606715136661,1020,clipped_ips,random,13.659606715136661,0.707715884747896,0.7153918288961995,0.3000984835500694,53.02627902056333,0.0,0.4540634920199428
07,hyperparam_draw,12.131073342168827,1020,clipped_ips,random,12.131073342168827,0.7077879553227546,0.7153918288961995,0.3000984835500694,53.02627902056333,0.0,0.47184767417735146
07,hyperparam_draw,29.583535130682897,1020,clipped_ips,random,29.583535130682897,0.7076059592715086,0.7153918288961995,0.3000984835500694,53.02627902056333,0.0,0.32859856458522785
07,hyperparam_draw,17.751360095287627,1020,clipped_ips,random,17.751360095287627,0.7080447784092166,0.7153918288961995,0.3000984835500694,53.02627902056333,0.0,0.4130048014141612
07,hyperparam_draw,1.3951613364750104,1020,clipped_ips,random,1.3951613364750104,0.6336206415191445,0.7153918288961995,0.3000984835500694,53.02627902056333,0.0,0.8737407748296498
07,hyperparam_draw,1.784541014052084,1020,clipped_ips,random,1.784541014052084,0.6540965237872871,0.7153918288961995,0.3000984835500694,53.02627902056333,0.0,0.8245934333834107
07,hyperparam_draw,11.33866552374099,1020,clipped_ips,random,11.33866552374099,0.7077402130559082,0.7153918288961995,0.3000984835500694,53.02627902056333,0.0,0.4819788686675683
07,hyperparam_draw,3.272940925843347,1020,clipped_ips,random,3.272940925843347,0.6864837866065024,0.7153918288961995,0.3000984835500694,53.02627902056333,0.0,0.698142030682494
07,hyperparam_draw,7.243383480054243,1020,clipped_ips,random,7.243383480054243,0.7057352474955302,0.7153918288961995,0.3000984835500694,53.02627902056333,0.0,0.5467700935274403
07,hyperparam_draw,78.05651736718279,1020,clipped_ips,random,78.05651736718279,0.7088846809076771,0.7153918288961995,0.3000984835500694,53.02627902056333,0.0,0.3000984835500694
07,hyperparam_draw,7.1584128664825535,1020,clipped_ips,random,7.1584128664825535,0.7056297136106492,0.7153918288961995,0.3000984835500694,53.02627902056333,0.0,0.54860501652166
07,hyperparam_draw,6.3928811217846295,1020,clipped_ips,random,6.3928811217846295,0.704344384170506,0.7153918288961995,0.3000984835500694,53.02627902056333,0.0,0.5663500765858791
07,hyperparam_draw,0.8956272018391008,1020,clipped_ips,random,0.8956272018391008,0.5768585421885808,0.7153918288961995,0.3000984835500694,53.02627902056333,0.0,0.9494466333197692
07,hyperparam_draw,16.91387047569829,1020,clipped_ips,random,16.91387047569829,0.7079849521150271,0.7153918288961995,0.3000984835500694,53.02627902056333,0.0,0.4213429334376653
07,hyperparam_draw,0.7354390540568574,1020,clipped_ips,random,0.7354390540568574,0.5354250749257863,0.7153918288961995,0.3000984835500694,53.02627902056333,0.0,0.9743471295232945
07,hyperparam_draw,0.7357972256610164,1020,clipped_ips,random,0.7357972256610164,0.5355474448952525,0.7153918288961995,0.3000984835500694,53.02627902056333,0.0,0.9742943040224118
07,hyperparam_draw,17.116836488532734,1020,clipped_ips,random,17.116836488532734,0.7080039932770692,0.7153918288961995,0.3000984835500694,53.02627902056333,0.0,0.41930271765229815
07,hyperparam_draw,5.720797545947232,1020,clipped_ips,random,5.720797545947232,0.702422783067943,0.7153918288961995,0.3000984835500694,53.02627902056333,0.0,0.5860250493264787
07,hyperparam_draw,1.2533984151926982,1020,clipped_ips,random,1.2533984151926982,0.6226466039467805,0.7153918288961995,0.3000984835500694,53.02627902056333,0.0,0.8941429653736966
07,hyperparam_draw,1.146854177158549,1020,clipped_ips,random,1.146854177158549,0.612420082257314,0.7153918288961995,0.3000984835500694,53.02627902056333,0.0,0.9101613845875441
07,hyperparam_draw,1.7910293552838077,1020,clipped_ips,random,1.7910293552838077,0.6543604010378075,0.7153918288961995,0.3000984835500694,53.02627902056333,0.0,0.823855816691408
07,hyperparam_draw,29.035959041216625,1020,clipped_ips,random,29.035959041216625,0.7076241941034556,0.7153918288961995,0.3000984835500694,53.02627902056333,0.0,0.33064543579835637
07,hyperparam_draw,13.372832016925436,1020,clipped_ips,random,13.372832016925436,0.7077196509675101,0.7153918288961995,0.3000984835500694,53.02627902056333,0.0,0.4572336977387231
07,hyperparam_draw,4.088892082193904,1020,clipped_ips,random,4.088892082193904,0.6940486105537584,0.7153918288961995,0.3000984835500694,53.02627902056333,0.0,0.6513525105793468
07,hyperparam_draw,3.107050456685723,1020,clipped_ips,random,3.107050456685723,0.6843999912808831,0.7153918288961995,0.3000984835500694,53.02627902056333,0.0,0.7090347279555964
07,hyperparam_draw,1.7624393805039966,1020,clipped_ips,random,1.7624393805039966,0.6531856225940676,0.7153918288961995,0.3000984835500694,53.02627902056333,0.0,0.8271211619958106
07,hyperparam_draw,2.343966415843038,1020,clipped_ips,random,2.343966415843038,0.6707378938925632,0.7153918288961995,0.3000984835500694,53.02627902056333,0.0,0.7691032006070532
07,hyperparam_draw,17.76301338793587,1020,clipped_ips,random,17.76301338793587,0.7080447563669117,0.7153918288961995,0.3000984835500694,53.02627902056333,0.0,0.41289326000674703
07,hyperparam_draw,6.777465606123519,1020,clipped_ips,random,6.777465606123519,0.7050962063673405,0.7153918288961995,0.3000984835500694,53.02627902056333,0.0,0.5570135066319364
07,hyperparam_draw,5.247298443737894,1020,clipped_ips,random,5.247298443737894,0.7005287727411187,0.7153918288961995,0.3000984835500694,53.02627902056333,0.0,0.6025797731619448
07,hyperparam_draw,45.60817114240278,1020,clipped_ips,random,45.60817114240278,0.7083410742240254,0.7153918288961995,0.3000984835500694,53.02627902056333,0.0,0.30658351336400314
07,hyperparam_draw,85.55569788509577,1020,clipped_ips,random,85.55569788509577,0.7088846809076771,0.7153918288961995,0.3000984835500694,53.02627902056333,0.0,0.3000984835500694
07,hyperparam_draw,3.993103416998275,1020,clipped_ips,random,3.993103416998275,0.6933482993196446,0.7153918288961995,0.3000984835500694,53.02627902056333,0.0,0.6561739879567221
07,hyperparam_draw,4.419839919082314,1020,clipped_ips,random,4.419839919082314,0.6962668318454736,0.7153918288961995,0.3000984835500694,53.02627902056333,0.0,0.6357747139635758
07,hyperparam_draw,5.113715679507827,1020,clipped_ips,random,5.113715679507827,0.6999517752534796,0.7153918288961995,0.3000984835500694,53.02627902056333,0.0,0.6075174427991611
07,hyperparam_draw,34.34657987171647,1020,clipped_ips,random,34.34657987171647,0.7075187118728412,0.7153918288961995,0.3000984835500694,53.02627902056333,0.0,0.3166286993060141
07,hyperparam_draw,1.4714880657208458,1020,clipped_ips,random,1.4714880657208458,0.6385260104523186,0.7153918288961995,0.3000984835500694,53.02627902056333,0.0,0.8633248810308177
07,hyperparam_draw,3.7227155135878425,1020,clipped_ips,random,3.7227155135878425,0.6911819747861985,0.7153918288961995,0.3000984835500694,53.02627902056333,0.0,0.6706398809069436
07,hyperparam_draw,2.4215207845552262,1020,clipped_ips,random,2.4215207845552262,0.6724567373960102,0.7153918288961995,0.3000984835500694,53.02627902056333,0.0,0.7622339092742736
07,hyperparam_draw,45.670724492257854,1020,clipped_ips,random,45.670724492257854,0.7083456581987564,0.7153918288961995,0.3000984835500694,53.02627902056333,0.0,0.30653203327294043
07,hyperparam_draw,0.7255135418651961,1020,clipped_ips,random,0.7255135418651961,0.5319747785799056,0.7153918288961995,0.3000984835500694,53.02627902056333,0.0,0.9758023544238013
07,hyperparam_draw,36.2846800157726,1020,switch_dr,random,36.2846800157726,0.7073646227543192,0.7153918288961995,0.3000984835500694,53.02627902056333,0.0,0.33838018021247634
07,hyperparam_draw,8.813620941685647,1020,switch_dr,random,8.813620941685647,0.7194698343793532,0.7153918288961995,0.3000984835500694,53.02627902056333,0.0,0.5860566979734791
07,hyperparam_draw,1.129969668418601,1020,switch_dr,random,1.129969668418601,0.7130542834274824,0.7153918288961995,0.3000984835500694,53.02627902056333,0.0,0.7792063752714179
07,hyperparam_draw,78.48501535964209,1020,switch_dr,random,78.48501535964209,0.7100648425773735,0.7153918288961995,0.3000984835500694,53.02627902056333,0.0,0.3000984835500694
07,hyperparam_draw,14.325411132230814,1020,switch_dr,random,14.325411132230814,0.7168039798481168,0.7153918288961995,0.3000984835500694,53.02627902056333,0.0,0.5204250267581452
07,hyperparam_draw,0.7839123108742326,1020,switch_dr,random,0.7839123108742326,0.7072854105555335,0.7153918288961995,0.3000984835500694,53.02627902056333,0.0,0.6026533631224891
07,hyperparam_draw,48.26850182244984,1020,switch_dr,random,48.26850182244984,0.7066911828878966,0.7153918288961995,0.3000984835500694,53.02627902056333,0.0,0.3251482774050189
07,hyperparam_draw,26.270332685772114,1020,switch_dr,random,26.270332685772114,0.7162133100377602,0.7153918288961995,0.3000984835500694,53.02627902056333,0.0,0.41924872104931626
07,hyperparam_draw,3.8855999556569323,1020,switch_dr,random,3.8855999556569323,0.717713955248919,0.7153918288961995,0.3000984835500694,53.02627902056333,0.0,0.7282288604907684
07,hyperparam_draw,21.542664934371185,1020,switch_dr,random,21.542664934371185,0.7175317130789729,0.7153918288961995,0.3000984835500694,53.02627902056333,0.0,0.49191447224958856
07,hyperparam_draw,1.2362286624982584,1020,switch_dr,random,1.2362286624982584,0.7144166161868651,0.7153918288961995,0.3000984835500694,53.02627902056333,0.0,0.7954679085329543
07,hyperparam_draw,41.689471304718055,1020,switch_dr,random,41.689471304718055,0.7066911828878966,0.7153918288961995,0.3000984835500694,53.02627902056333,0.0,0.3251482774050189
07,hyperparam_draw,46.43213097285451,1020,switch_dr,random,46.43213097285451,0.7066911828878966,0.7153918288961995,0.3000984835500694,53.02627902056333,0.0,0.3251482774050189
07,hyperparam_draw,34.08795420596839,1020,switch_dr,random,34.08795420596839,0.7073646227543192,0.7153918288961995,0.3000984835500694,53.02627902056333,0.0,0.33838018021247634
07,hyperparam_draw,21.61510542891367,1020,switch_dr,random,21.61510542891367,0.7175317130789729,0.7153918288961995,0.3000984835500694,53.02627902056333,0.0,0.49191447224958856
07,hyperparam_draw,51.784506970478425,1020,switch_dr,random,51.784506970478425,0.7066911828878966,0.7153918288961995,0.3000984835500694,53.02627902056333,0.0,0.3251482774050189
07,hyperparam_draw,18.93708459908783,1020,switch_dr,random,18.93708459908783,0.7175187333737819,0.7153918288961995,0.3000984835500694,53.02627902056333,0.0,0.5003014259243762
07,hyperparam_draw,75.35125274519787,1020,switch_dr,random,75.35125274519787,0.7100648425773735,0.7153918288961995,0.3000984835500694,53.02627902056333,0.0,0.3000984835500694
07,hyperparam_draw,5.4261393133419435,1020,switch_dr,random,5.4261393133419435,0.71663766222497,0.7153918288961995,0.3000984835500694,53.02627902056333,0.0,0.6731644100265356
07,hyperparam_draw,2.379450774646134,1020,switch_dr,random,2.379450774646134,0.7148829326892425,0.7153918288961995,0.3000984835500694,53.02627902056333,0.0,0.7974833005326808
07,hyperparam_draw,2.5131857145352905,1020,switch_dr,random,2.5131857145352905,0.7152620179721463,0.7153918288961995,0.3000984835500694,53.02627902056333,0.0,0.793342507691328
07,hyperparam_draw,8.640609957639125,1020,switch_dr,random,8.640609957639125,0.7194698343793532,0.7153918288961995,0.3000984835500694,53.02627902056333,0.0,0.5860566979734791
07,hyperparam_draw,66.94009097551206,1020,switch_dr,random,66.94009097551206,0.7100648425773735,0.7153918288961995,0.3000984835500694,53.02627902056333,0.0,0.3000984835500694
07,hyperparam_draw,3.006881127871192,1020,switch_dr,random,3.006881127871192,0.7141426789884722,0.7153918288961995,0.3000984835500694,53.02627902056333,0.0,0.7695756937573923
07,hyperparam_draw,13.21918746725241,1020,switch_dr,random,13.21918746725241,0.7204074731383103,0.7153918288961995,0.3000984835500694,53.02627902056333,0.0,0.5386956406220808
07,hyperparam_draw,4.779110748125939,1020,switch_dr,random,4.779110748125939,0.7160070746000184,0.7153918288961995,0.3000984835500694,53.02627902056333,0.0,0.6957535070319777
07,hyperparam_draw,6.586456732912101,1020,switch_dr,random,6.586456732912101,0.7191774077785166,0.7153918288961995,0.3000984835500694,53.02627902056333,0.0,0.6269294265338828
07,hyperparam_draw,73.35992031424601,1020,switch_dr,random,73.35992031424601,0.7100648425773735,0.7153918288961995,0.3000984835500694,53.02627902056333,0.0,0.3000984835500694
07,hyperparam_draw,10.830881974540937,1020,switch_dr,random,10.830881974540937,0.7207975889227727,0.7153918288961995,0.3000984835500694,53.02627902056333,0.0,0.5566898934143787
07,hyperparam_draw,0.7505222782139563,1020,switch_dr,random,0.7505222782139563,0.7059912932548394,0.7153918288961995,0.3000984835500694,53.02627902056333,0.0,0.5663156415574387
07,hyperparam_draw,1.2459987331149494,1020,switch_dr,random,1.2459987331149494,0.7144774724009055,0.7153918288961995,0.3000984835500694,53.02627902056333,0.0,0.7961282090102836
07,hyperparam_draw,32.39411861661681,1020,switch_dr,random,32.39411861661681,0.7132808820919968,0.7153918288961995,0.3000984835500694,53.02627902056333,0.0,0.3747540040777205
07,hyperparam_draw,0.9610062193848466,1020,switch_dr,random,0.9610062193848466,0.7114160479684475,0.7153918288961995,0.3000984835500694,53.02627902056333,0.0,0.7287827540929599
07,hyperparam_draw,29.276633757456988,1020,switch_dr,random,29.276633757456988,0.7132024172725441,0.7153918288961995,0.3000984835500694,53.02627902056333,0.0,0.39779036214044483
07,hyperparam_draw,1.8575139491096222,1020,switch_dr,random,1.8575139491096222,0.7135639778735383,0.7153918288961995,0.3000984835500694,53.02627902056333,0.0,0.81279516477416
07,hyperparam_draw,1.2741450696797465,1020,switch_dr,random,1.2741450696797465,0.714168644243112,0.7153918288961995,0.3000984835500694,53.02627902056333,0.0,0.7989442370125042
07,hyperparam_draw,7.69565094082028,1020,switch_dr,random,7.69565094082028,0.718147150439805,0.7153918288961995,0.3000984835500694,53.02627902056333,0.0,0.5983846143238511
07,hyperparam_draw,29.724802387656634,1020,switch_dr,random,29.724802387656634,0.7132808820919968,0.7153918288961995,0.3000984835500694,53.02627902056333,0.0,0.3747540040777205
07,hyperparam_draw,46.146696965954305,1020,switch_dr,random,46.146696965954305,0.7066911828878966,0.7153918288961995,0.3000984835500694,53.02627902056333,0.0,0.3251482774050189
07,hyperparam_draw,2.0839756501688655,1020,switch_dr,random,2.0839756501688655,0.7153382979948383,0.7153918288961995,0.3000984835500694,53.02627902056333,0.0,0.8070952724495768
07,hyperparam_draw,3.7909743296519873,1020,switch_dr,random,3.7909743296519873,0.7189039758577178,0.7153918288961995,0.3000984835500694,53.02627902056333,0.0,0.7359239896827253
07,hyperparam_draw,17.950533922419016,1020,switch_dr,random,17.950533922419016,0.7176847528184411,0.7153918288961995,0.3000984835500694,53.02627902056333,0.0,0.5079547794730649
07,hyperparam_draw,3.144047889018116,1020,switch_dr,random,3.144047889018116,0.715749300976432,0.7153918288961995,0.3000984835500694,53.02627902056333,0.0,0.762793460133918
07,hyperparam_draw,2.2573039412839977,1020,switch_dr,random,2.2573039412839977,0.7151204606936185,0.7153918288961995,0.3000984835500694,53.02627902056333,0.0,0.8017011357226138
07,hyperparam_draw,101.40291870070317,1020,switch_dr,random,101.40291870070317,0.7100648425773735,0.7153918288961995,0.3000984835500694,53.02627902056333,0.0,0.3000984835500694
07,hyperparam_draw,11.18431547441109,1020,switch_dr,random,11.18431547441109,0.7207975889227727,0.7153918288961995,0.3000984835500694,53.02627902056333,0.0,0.5566898934143787
07,hyperparam_draw,82.20347987699606,1020,switch_dr,random,82.20347987699606,0.7100648425773735,0.7153918288961995,0.3000984835500694,53.02627902056333,0.0,0.3000984835500694
07,hyperparam_draw,1.930425804594124,1020,switch_dr,random,1.930425804594124,0.7148773847807613,0.7153918288961995,0.3000984835500694,53.02627902056333,0.0,0.8110490749634118
07,hyperparam_draw,0.7938122415518233,1020,switch_dr,random,0.7938122415518233,0.7076228630080716,0.7153918288961995,0.3000984835500694,53.02627902056333,0.0,0.6129209313678806
07,hyperparam_draw,8.274802824843421,1020,switch_dr,random,8.274802824843421,0.7199996314600252,0.7153918288961995,0.3000984835500694,53.02627902056333,0.0,0.5916908045881737
07,hyperparam_draw,30.633229801493172,1020,switch_dr,random,30.633229801493172,0.7132808820919968,0.7153918288961995,0.3000984835500694,53.02627902056333,0.0,0.3747540040777205
07,hyperparam_draw,82.17672427550627,1020,switch_dr,random,82.17672427550627,0.7100648425773735,0.7153918288961995,0.3000984835500694,53.02627902056333,0.0,0.3000984835500694
07,hyperparam_draw,7.184685884814702,1020,switch_dr,random,7.184685884814702,0.7204325743308315,0.7153918288961995,0.3000984835500694,53.02627902056333,0.0,0.6152301222829557
07,hyperparam_draw,83.12824590746362,1020,switch_dr,random,83.12824590746362,0.7100648425773735,0.7153918288961995,0.3000984835500694,53.02627902056333,0.0,0.3000984835500694
07,hyperparam_draw,22.289330794506164,1020,switch_dr,random,22.289330794506164,0.7175317130789729,0.7153918288961995,0.3000984835500694,53.02627902056333,0.0,0.49191447224958856
07,hyperparam_draw,15.800671169771704,1020,switch_dr,random,15.800671169771704,0.7165034646137185,0.7153918288961995,0.3000984835500694,53.02627902056333,0.0,0.5152550620181625
07,hyperparam_draw,5.099503388999275,1020,switch_dr,random,5.099503388999275,0.7169835677243737,0.7153918288961995,0.3000984835500694,53.02627902056333,0.0,0.6813126526776804
07,hyperparam_draw,53.679748412932355,1020,switch_dr,random,53.679748412932355,0.7100648425773735,0.7153918288961995,0.3000984835500694,53.02627902056333,0.0,0.3000984835500694
07,hyperparam_draw,4.720867745728258,1020,switch_dr,random,4.720867745728258,0.7159656164986745,0.7153918288961995,0.3000984835500694,53.02627902056333,0.0,0.6972278884239712
07,hyperparam_draw,16.741592941278583,1020,switch_dr,random,16.741592941278583,0.7165034646137185,0.7153918288961995,0.3000984835500694,53.02627902056333,0.0,0.5152550620181625
07,hyperparam_draw,13.240794899989499,1020,dros,random,13.240794899989499,0.7154717553843465,0.7153918288961995,0.3000984835500694,53.02627902056333,0.0,0.8485765262773298
07,hyperparam_draw,1350.4643502670117,1020,dros,random,1350.4643502670117,0.712292263325313,0.7153918288961995,0.3000984835500694,53.02627902056333,0.0,0.42987702908995534
07,hyperparam_draw,3839.0376639399283,1020,dros,random,3839.0376639399283,0.7107889127005464,0.7153918288961995,0.3000984835500694,53.02627902056333,0.0,0.362737905278898
07,hyperparam_draw,7709.964735749785,1020,dros,random,7709.964735749785,0.7103516695786692,0.7153918288961995,0.3000984835500694,53.02627902056333,0.0,0.33540798209443823
07,hyperparam_draw,12.123549344070648,1020,dros,random,12.123549344070648,0.7153255304807996,0.7153918288961995,0.3000984835500694,53.02627902056333,0.0,0.8563507213447974
07,hyperparam_draw,33.95546583872094,1020,dros,random,33.95546583872094,0.716648834246887,0.7153918288961995,0.3000984835500694,53.02627902056333,0.0,0.7593477816815329
07,hyperparam_draw,149.5671183047014,1020,dros,random,149.5671183047014,0.7165711454028122,0.7153918288961995,0.3000984835500694,53.02627902056333,0.0,0.6209995117206719
07,hyperparam_draw,138.52659953156174,1020,dros,random,138.52659953156174,0.7166475673204219,0.7153918288961995,0.3000984835500694,53.02627902056333,0.0,0.6277423377277004
07,hyperparam_draw,0.6472222122099163,1020,dros,random,0.6472222122099163,0.7058553795656046,0.7153918288961995,0.3000984835500694,53.02627902056333,0.0,0.9789422099374766
07,hyperparam_draw,2.7703203508141554,1020,dros,random,2.7703203508141554,0.7118307355530429,0.7153918288961995,0.3000984835500694,53.02627902056333,0.0,0.9563595449909559
07,hyperparam_draw,29.793237623714447,1020,dros,random,29.793237623714447,0.7165308830082753,0.7153918288961995,0.3000984835500694,53.02627902056333,0.0,0.7721055740105605
07,hyperparam_draw,8.441248149608008,1020,dros,random,8.441248149608008,0.714661198385297,0.7153918288961995,0.3000984835500694,53.02627902056333,0.0,0.8865648845990333
07,hyperparam_draw,0.8049135077462332,1020,dros,random,0.8049135077462332,0.7068836462897895,0.7153918288961995,0.3000984835500694,53.02627902056333,0.0,0.9806807449334703
07,hyperparam_draw,1.8999867436893236,1020,dros,random,1.8999867436893236,0.7105278399596969,0.7153918288961995,0.3000984835500694,53.02627902056333,0.0,0.9701392505987296
07,hyperparam_draw,15.643277366587895,1020,dros,random,15.643277366587895,0.7157321175760867,0.7153918288961995,0.3000984835500694,53.02627902056333,0.0,0.8334980233055197
07,hyperparam_draw,1424.9902886435586,1020,dros,random,1424.9902886435586,0.712188223632202,0.7153918288961995,0.3000984835500694,53.02627902056333,0.0,0.4256828390397177
07,hyperparam_draw,10.177606060135346,1020,dros,random,10.177606060135346,0.7150175209616711,0.7153918288961995,0.3000984835500694,53.02627902056333,0.0,0.8713195048741831
07,hyperparam_draw,1.2064586552376213,1020,dros,random,1.2064586552376213,0.7087038605499125,0.7153918288961995,0.3000984835500694,53.02627902056333,0.0,0.9793045496519368
07,hyperparam_draw,196.91695699869334,1020,dros,random,196.91695699869334,0.7162321659238527,0.7153918288961995,0.3000984835500694,53.02627902056333,0.0,0.5970119934003331
07,hyperparam_draw,2896.9294902966353,1020,dros,random,2896.9294902966353,0.7110824455230506,0.7153918288961995,0.3000984835500694,53.02627902056333,0.0,0.3776503163854461
07,hyperparam_draw,370.77966842589154,1020,dros,random,370.77966842589154,0.7151174475475454,0.7153918288961995,0.3000984835500694,53.02627902056333,0.0,0.5417958005215759
07,hyperparam_draw,7965.521738264411,1020,dros,random,7965.521738264411,0.710338980695863,0.7153918288961995,0.3000984835500694,53.02627902056333,0.0,0.33442786284195813
07,hyperparam_draw,2.1955213240114153,1020,dros,random,2.1955213240114153,0.7110505065143709,0.7153918288961995,0.3000984835500694,53.02627902056333,0.0,0.9655074069250262
07,hyperparam_draw,1.4712806405011254,1020,dros,random,1.4712806405011254,0.7095335053977486,0.7153918288961995,0.3000984835500694,53.02627902056333,0.0,0.9763079308721965
07,hyperparam_draw,4.044380598986358,1020,dros,random,4.044380598986358,0.7129476825586751,0.7153918288961995,0.3000984835500694,53.02627902056333,0.0,0.9372000650056842
07,hyperparam_draw,15.984729104391253,1020,dros,random,15.984729104391253,0.715764281845391,0.7153918288961995,0.3000984835500694,53.02627902056333,0.0,0.8315129339254501
07,hyperparam_draw,1.7237753572377985,1020,dros,random,1.7237753572377985,0.7101597468521506,0.7153918288961995,0.3000984835500694,53.02627902056333,0.0,0.9727934321022315
07,hyperparam_draw,754.0278530453496,1020,dros,random,754.0278530453496,0.7135436154034331,0.7153918288961995,0.3000984835500694,53.02627902056333,0.0,0.47883932878036656
07,hyperparam_draw,531.2638176022597,1020,dros,random,531.2638176022597,0.7143389047966757,0.7153918288961995,0.3000984835500694,53.02627902056333,0.0,0.5098881480163655
07,hyperparam_draw,1.4168495365959828,1020,dros,random,1.4168495365959828,0.7093796306652892,0.7153918288961995,0.3000984835500694,53.02627902056333,0.0,0.9769973397345895
07,hyperparam_draw,9417.18987499898,1020,dros,random,9417.18987499898,0.7102818378223448,0.7153918288961995,0.3000984835500694,53.02627902056333,0.0,0.32975981100101925
07,hyperparam_draw,8420.540549037025,1020,dros,random,8420.540549037025,0.7103185835019687,0.7153918288961995,0.3000984835500694,53.02627902056333,0.0,0.33281243571776836
07,hyperparam_draw,877.4693060211096,1020,dros,random,877.4693060211096,0.7132023557371774,0.7153918288961995,0.3000984835500694,53.02627902056333,0.0,0.4656291899405247
07,hyperparam_draw,29.36626911899551,1020,dros,random,29.36626911899551,0.7165168711272432,0.7153918288961995,0.3000984835500694,53.02627902056333,0.0,0.7735120204579106
07,hyperparam_draw,24.900414612932295,1020,dros,random,24.900414612932295,0.7163433625205113,0.7153918288961995,0.3000984835500694,53.02627902056333,0.0,0.7895299579744381
07,hyperparam_draw,6100.557966731569,1020,dros,random,6100.557966731569,0.7104602353673485,0.7153918288961995,0.3000984835500694,53.02627902056333,0.0,0.3431758474304034
07,hyperparam_draw,8.286988258586922,1020,dros,random,8.286988258586922,0.7146244971738634,0.7153918288961995,0.3000984835500694,53.02627902056333,0.0,0.8880219731533365
07,hyperparam_draw,3.414949534170691,1020,dros,random,3.414949534170691,0.712470699560813,0.7153918288961995,0.3000984835500694,53.02627902056333,0.0,0.94639930788525
07,hyperparam_draw,485.2898391526213,1020,dros,random,485.2898391526213,0.7145407930292087,0.7153918288961995,0.3000984835500694,53.02627902056333,0.0,0.5179450603399818
07,hyperparam_draw,285.6207246901838,1020,dros,random,285.6207246901838,0.7156262994324923,0.7153918288961995,0.3000984835500694,53.02627902056333,0.0,0.5646819152228103
07,hyperparam_draw,9.850212658696385,1020,dros,random,9.850212658696385,0.7149572882217777,0.7153918288961995,0.3000984835500694,53.02627902056333,0.0,0.874043508701965
07,hyperparam_draw,1518.678202774218,1020,dros,random,1518.678202774218,0.7120682068975925,0.7153918288961995,0.3000984835500694,53.02627902056333,0.0,0.420801259659433
07,hyperparam_draw,6.1657806081364415,1020,dros,random,6.1657806081364415,0.7139951116539479,0.7153918288961995,0.3000984835500694,53.02627902056333,0.0,0.9101442530257544
07,hyperparam_draw,107.08718000134472,1020,dros,random,107.08718000134472,0.716844282812605,0.7153918288961995,0.3000984835500694,53.02627902056333,0.0,0.6506572033770978
07,hyperparam_draw,7.99063240747264,1020,dros,random,7.99063240747264,0.7145511800165665,0.7153918288961995,0.3000984835500694,53.02627902056333,0.0,0.8908735507700878
07,hyperparam_draw,3.524244490523698,1020,dros,random,3.524244490523698,0.7125621946427749,0.7153918288961995,0.3000984835500694,53.02627902056333,0.0,0.9447621425263536
07,hyperparam_draw,62.32178584254942,1020,dros,random,62.32178584254942,0.7169582004875406,0.7153918288961995,0.3000984835500694,53.02627902056333,0.0,0.7006739028177139
07,hyperparam_draw,15.769470599218703,1020,dros,random,15.769470599218703,0.7157441275887894,0.7153918288961995,0.3000984835500694,53.02627902056333,0.0,0.8327601850329694
07,hyperparam_draw,1.1413673390158174,1020,dros,random,1.1413673390158174,0.7084637278643223,0.7153918288961995,0.3000984835500694,53.02627902056333,0.0,0.9798643368261694
07,hyperparam_draw,381.5750151244852,1020,dros,random,381.5750151244852,0.715058099465425,0.7153918288961995,0.3000984835500694,53.02627902056333,0.0,0.5392635289168684
07,hyperparam_draw,27.098168737248663,1020,dros,random,27.098168737248663,0.7164353582039364,0.7153918288961995,0.3000984835500694,53.02627902056333,0.0,0.7813317990950418
07,hyperparam_draw,0.5221409403813366,1020,dros,random,0.5221409403813366,0.7048311206527305,0.7153918288961995,0.3000984835500694,53.02627902056333,0.0,0.975706525847211
07,hyperparam_draw,278.8630264176701,1020,dros,random,278.8630264176701,0.7156698655632445,0.7153918288961995,0.3000984835500694,53.02627902056333,0.0,0.5667705082624156
07,hyperparam_draw,1006.6560668218323,1020,dros,random,1006.6560668218323,0.712900413182507,0.7153918288961995,0.3000984835500694,53.02627902056333,0.0,0.45389597846096497
07,hyperparam_draw,2481.9249504647723,1020,dros,random,2481.9249504647723,0.7112782962640788,0.7153918288961995,0.3000984835500694,53.02627902056333,0.0,0.3868603956257667
07,hyperparam_draw,172.7961443909316,1020,dros,random,172.7961443909316,0.7164056169801767,0.7153918288961995,0.3000984835500694,53.02627902056333,0.0,0.6083792727678233
07,hyperparam_draw,50.66520145455681,1020,dros,random,50.66520145455681,0.7169003169485371,0.7153918288961995,0.3000984835500694,53.02627902056333,0.0,0.7204649812171812
07,hyperparam_draw,14.936524527545224,1020,dros,random,14.936524527545224,0.7156620514143249,0.7153918288961995,0.3000984835500694,53.02627902056333,0.0,0.8377244249619885
07,hyperparam_draw,2409.1534431265004,1020,dros,random,2409.1534431265004,0.7113189166714767,0.7153918288961995,0.3000984835500694,53.02627902056333,0.0,0.38871637830168515
07,hyperparam_draw,11009.609838911634,1020,dros,random,11009.609838911634,0.7102390571596415,0.7153918288961995,0.3000984835500694,53.02627902056333,0.0,0.32591818347427537
07,hyperparam_draw,nan,1020,ips,fixed,nan,0.7088846809076771,0.7153918288961995,0.3000984835500694,53.02627902056333,0.0,0.3000984835500694
07,hyperparam_draw,nan,1020,snips,fixed,nan,0.7195957774835767,0.7153918288961995,0.3000984835500694,53.02627902056333,0.0,0.3000984835500694
07,hyperparam_draw,nan,1020,dr,fixed,nan,0.7100648425773735,0.7153918288961995,0.3000984835500694,53.02627902056333,0.0,0.3000984835500694
07,hyperparam_draw,2.9338705681512662,1020,clipped_ips,slope,2.9338705681512662,0.6819048176695717,0.7153918288961995,0.3000984835500694,53.02627902056333,0.0,0.7210960692793286
07,hyperparam_draw,0.698568295372548,1020,switch_dr,slope,0.698568295372548,0.7040026468248639,0.7153918288961995,0.3000984835500694,53.02627902056333,0.0,0.4898625304330639
07,hyperparam_draw,0.48799766329970756,1020,dros,slope,0.48799766329970756,0.70450909661593,0.7153918288961995,0.3000984835500694,53.02627902056333,0.0,0.9744031455701415
07,hyperparam_draw,7.426217571148572,1021,clipped_ips,random,7.426217571148572,0.7173394715395223,0.7153918288961995,0.3194613056645071,51.005554500468854,0.0,0.5246790436514575
07,hyperparam_draw,36.41524342012994,1021,clipped_ips,random,36.41524342012994,0.7239072988618442,0.7153918288961995,0.3194613056645071,51.005554500468854,0.0,0.34141612369972835
07,hyperparam_draw,36.317024079656015,1021,clipped_ips,random,36.317024079656015,0.7239040872572313,0.7153918288961995,0.3194613056645071,51.005554500468854,0.0,0.3415698323510251
07,hyperparam_draw,5.119580050317731,1021,clipped_ips,random,5.119580050317731,0.71000637776711,0.7153918288961995,0.3194613056645071,51.005554500468854,0.0,0.5991306156855981
07,hyperparam_draw,1.510459090008315,1021,clipped_ips,random,1.510459090008315,0.6496302510085286,0.7153918288961995,0.3194613056645071,51.005554500468854,0.0,0.8585394774328051
07,hyperparam_draw,24.392363994515687,1021,clipped_ips,random,24.392363994515687,0.7236615468836348,0.7153918288961995,0.3194613056645071,51.005554500468854,0.0,0.36113756867671726
07,hyperparam_draw,38.82045699872058,1021,clipped_ips,random,38.82045699872058,0.7239859452362429,0.7153918288961995,0.3194613056645071,51.005554500468854,0.0,0.33756097013152214
07,hyperparam_draw,6.693834405009584,1021,clipped_ips,random,6.693834405009584,0.7156485347671733,0.7153918288961995,0.3194613056645071,51.005554500468854,0.0,0.544468892637947
07,hyperparam_draw,22.8837721126949,1021,clipped_ips,random,22.8837721126949,0.7237162018926205,0.7153918288961995,0.3194613056645071,51.005554500468854,0.0,0.36533866212248645
07,hyperparam_draw,1.351103998943299,1021,clipped_ips,random,1.351103998943299,0.6389276996929362,0.7153918288961995,0.3194613056645071,51.005554500468854,0.0,0.8803410928533162
07,hyperparam_draw,1.6627865110936568,1021,clipped_ips,random,1.6627865110936568,0.6578476209278189,0.7153918288961995,0.3194613056645071,51.005554500468854,0.0,0.8390126698651856
07,hyperparam_draw,1.2630122483146422,1021,clipped_ips,random,1.2630122483146422,0.6316594546010074,0.7153918288961995,0.3194613056645071,51.005554500468854,0.0,0.8931049678347012
07,hyperparam_draw,5.3312031122434105,1021,clipped_ips,random,5.3312031122434105,0.7109459117621237,0.7153918288961995,0.3194613056645071,51.005554500468854,0.0,0.5907446828710967
07,hyperparam_draw,2.8365631467958248,1021,clipped_ips,random,2.8365631467958248,0.6903874331937064,0.7153918288961995,0.3194613056645071,51.005554500468854,0.0,0.7268104459641705
07,hyperparam_draw,37.045766255652524,1021,clipped_ips,random,37.045766255652524,0.7239279158812354,0.7153918288961995,0.3194613056645071,51.005554500468854,0.0,0.340422281580786
07,hyperparam_draw,87.07252689646273,1021,clipped_ips,random,87.07252689646273,0.7243198003921713,0.7153918288961995,0.3194613056645071,51.005554500468854,0.0,0.3194613056645071
07,hyperparam_draw,76.573091874985,1021,clipped_ips,random,76.573091874985,0.7243198003921713,0.7153918288961995,0.3194613056645071,51.005554500468854,0.0,0.3194613056645071
07,hyperparam_draw,0.8802339685945572,1021,clipped_ips,random,0.8802339685945572,0.5797316324936368,0.7153918288961995,0.3194613056645071,51.005554500468854,0.0,0.9524050708667748
07,hyperparam_draw,1.9806670679271068,1021,clipped_ips,random,1.9806670679271068,0.670697202900871,0.7153918288961995,0.3194613056645071,51.005554500468854,0.0,0.8027860039034604
07,hyperparam_draw,2.791521320371136,1021,clipped_ips,random,2.791521320371136,0.6896773068046969,0.7153918288961995,0.3194613056645071,51.005554500468854,0.0,0.7302387213392162
07,hyperparam_draw,0.7122806846969577,1021,clipped_ips,random,0.7122806846969577,0.5321826601057826,0.7153918288961995,0.3194613056645071,51.005554500468854,0.0,0.9779275592363372
07,hyperparam_draw,14.58054548578982,1021,clipped_ips,random,14.58054548578982,0.7237467670436205,0.7153918288961995,0.3194613056645071,51.005554500468854,0.0,0.41406929805983345
07,hyperparam_draw,6.094103751192006,1021,clipped_ips,random,6.094103751192006,0.7138542953626557,0.7153918288961995,0.3194613056645071,51.005554500468854,0.0,0.5628888376936995
07,hyperparam_draw,21.171669491793438,1021,clipped_ips,random,21.171669491793438,0.7237956597089243,0.7153918288961995,0.3194613056645071,51.005554500468854,0.0,0.37147328161019
07,hyperparam_draw,1.5796633077972115,1021,clipped_ips,random,1.5796633077972115,0.6535774778980864,0.7153918288961995,0.3194613056645071,51.005554500468854,0.0,0.8495109064891369
07,hyperparam_draw,1.1987684962120837,1021,clipped_ips,random,1.1987684962120837,0.6256088560446844,0.7153918288961995,0.3194613056645071,51.005554500468854,0.0,0.9026429186312477
07,hyperparam_draw,3.2787494472757204,1021,clipped_ips,random,3.2787494472757204,0.6964608562157221,0.7153918288961995,0.3194613056645071,51.005554500468854,0.0,0.6954956504162642
07,hyperparam_draw,12.538719892422538,1021,clipped_ips,random,12.538719892422538,0.7231843060631143,0.7153918288961995,0.3194613056645071,51.005554500468854,0.0,0.4341918991451618
07,hyperparam_draw,41.87931040511122,1021,clipped_ips,random,41.87931040511122,0.7240859645161818,0.7153918288961995,0.3194613056645071,51.005554500468854,0.0,0.33242248424058635
07,hyperparam_draw,19.592717787938582,1021,clipped_ips,random,19.592717787938582,0.723813488996814,0.7153918288961995,0.3194613056645071,51.005554500468854,0.0,0.37868429770249584
07,hyperparam_draw,1.663594551987376,1021,clipped_ips,random,1.663594551987376,0.6578874374852026,0.7153918288961995,0.3194613056645071,51.005554500468854,0.0,0.8389115901615587
07,hyperparam_draw,4.409278316335261,1021,clipped_ips,random,4.409278316335261,0.7062812502836847,0.7153918288961995,0.3194613056645071,51.005554500468854,0.0,0.6309140055518766
07,hyperparam_draw,7.714726766663927,1021,clipped_ips,random,7.714726766663927,0.7178580403951457,0.7153918288961995,0.3194613056645071,51.005554500468854,0.0,0.5177091586737166
07,hyperparam_draw,5.038501824017735,1021,clipped_ips,random,5.038501824017735,0.7096223824184301,0.7153918288961995,0.3194613056645071,51.005554500468854,0.0,0.6025438009983304
07,hyperparam_draw,27.312940366650487,1021,clipped_ips,random,27.312940366650487,0.723609669104468,0.7153918288961995,0.3194613056645071,51.005554500468854,0.0,0.3542480995852416
07,hyperparam_draw,3.53321658492085,1021,clipped_ips,random,3.53321658492085,0.6993061783013808,0.7153918288961995,0.3194613056645071,51.005554500468854,0.0,0.678854302824469
07,hyperparam_draw,11.119659836656703,1021,clipped_ips,random,11.119659836656703,0.7222088273843947,0.7153918288961995,0.3194613056645071,51.005554500468854,0.0,0.45345619193449366
07,hyperparam_draw,89.96154694595565,1021,clipped_ips,random,89.96154694595565,0.7243198003921713,0.7153918288961995,0.3194613056645071,51.005554500468854,0.0,0.3194613056645071
07,hyperparam_draw,13.55522945571035,1021,clipped_ips,random,13.55522945571035,0.7235990167499075,0.7153918288961995,0.3194613056645071,51.005554500468854,0.0,0.42363010683519814
07,hyperparam_draw,16.128759821662452,1021,clipped_ips,random,16.128759821662452,0.7237935189037973,0.7153918288961995,0.3194613056645071,51.005554500468854,0.0,0.40105961143765756
07,hyperparam_draw,3.0213807008186455,1021,clipped_ips,random,3.0213807008186455,0.6931056408532457,0.7153918288961995,0.3194613056645071,51.005554500468854,0.0,0.713348591987467
07,hyperparam_draw,5.077746027656429,1021,clipped_ips,random,5.077746027656429,0.7098101138132635,0.7153918288961995,0.3194613056645071,51.005554500468854,0.0,0.6008812843374765
07,hyperparam_draw,8.324005898801866,1021,clipped_ips,random,8.324005898801866,0.7189145009109791,0.7153918288961995,0.3194613056645071,51.005554500468854,0.0,0.5035605083582928
07,hyperparam_draw,4.5626887389655675,1021,clipped_ips,random,4.5626887389655675,0.7071664722554725,0.7153918288961995,0.3194613056645071,51.005554500468854,0.0,0.623668873850437
07,hyperparam_draw,83.96971582775701,1021,clipped_ips,random,83.96971582775701,0.7243198003921713,0.7153918288961995,0.3194613056645071,51.005554500468854,0.0,0.3194613056645071
07,hyperparam_draw,9.27503710825759,1021,clipped_ips,random,9.27503710825759,0.7203224148622503,0.7153918288961995,0.3194613056645071,51.005554500468854,0.0,0.48395288780921447
07,hyperparam_draw,0.9640064506875002,1021,clipped_ips,random,0.9640064506875002,0.5952389157521515,0.7153918288961995,0.3194613056645071,51.005554500468854,0.0,0.9392281046273345
07,hyperparam_draw,0.8477659825039601,1021,clipped_ips,random,0.8477659825039601,0.5725803879045593,0.7153918288961995,0.3194613056645071,51.005554500468854,0.0,0.9575046824955838
07,hyperparam_draw,7.089185615245846,1021,clipped_ips,random,7.089185615245846,0.7166073602445701,0.7153918288961995,0.3194613056645071,51.005554500468854,0.0,0.5334600071831457
07,hyperparam_draw,16.362193491917107,1021,clipped_ips,random,16.362193491917107,0.7237971858476303,0.7153918288961995,0.3194613056645071,51.005554500468854,0.0,0.39915902383106044
07,hyperparam_draw,8.845187108992224,1021,clipped_ips,random,8.845187108992224,0.7197236895618337,0.7153918288961995,0.3194613056645071,51.005554500468854,0.0,0.4921468631759457
07,hyperparam_draw,11.18882148244686,1021,clipped_ips,random,11.18882148244686,0.7222652568503822,0.7153918288961995,0.3194613056645071,51.005554500468854,0.0,0.4524077957235546
07,hyperparam_draw,49.66021830363896,1021,clipped_ips,random,49.66021830363896,0.7242978575864883,0.7153918288961995,0.3194613056645071,51.005554500468854,0.0,0.3207605639647211
07,hyperparam_draw,53.37739970835004,1021,clipped_ips,random,53.37739970835004,0.7243198003921713,0.7153918288961995,0.3194613056645071,51.005554500468854,0.0,0.3194613056645071
07,hyperparam_draw,0.8025782468356742,1021,clipped_ips,random,0.8025782468356742,0.5612983479973456,0.7153918288961995,0.3194613056645071,51.005554500468854,0.0,0.9645167369429833
07,hyperparam_draw,2.0494394706801553,1021,clipped_ips,random,2.0494394706801553,0.6728895608976414,0.7153918288961995,0.3194613056645071,51.005554500468854,0.0,0.7957307182970098
07,hyperparam_draw,9.822776662718574,1021,clipped_ips,random,9.822776662718574,0.7209824540635613,0.7153918288961995,0.3194613056645071,51.005554500468854,0.0,0.47433931670753793
07,hyperparam_draw,27.239930168197457,1021,clipped_ips,random,27.239930168197457,0.7236072817957262,0.7153918288961995,0.3194613056645071,51.005554500468854,0.0,0.35433839190452465
07,hyperparam_draw,12.111964192588218,1021,clipped_ips,random,12.111964192588218,0.7229495256897513,0.7153918288961995,0.3194613056645071,51.005554500468854,0.0,0.4392713983456821
07,hyperparam_draw,15.138546492337763,1021,clipped_ips,random,15.138546492337763,0.7237591681580948,0.7153918288961995,0.3194613056645071,51.005554500468854,0.0,0.4092214506649774
07,hyperparam_draw,15.359294713318299,1021,switch_dr,random,15.359294713318299,0.7262665161018864,0.7153918288961995,0.3194613056645071,51.005554500468854,0.0,0.47234718787976526
07,hyperparam_draw,45.44225378291988,1021,switch_dr,random,45.44225378291988,0.7184333154630786,0.7153918288961995,0.3194613056645071,51.005554500468854,0.0,0.37006835507240204
07,hyperparam_draw,2.12893479319936,1021,switch_dr,random,2.12893479319936,0.7199481169224697,0.7153918288961995,0.3194613056645071,51.005554500468854,0.0,0.8035660127629701
07,hyperparam_draw,49.361639491064366,1021,switch_dr,random,49.361639491064366,0.7184326885183933,0.7153918288961995,0.3194613056645071,51.005554500468854,0.0,0.34481739964813357
07,hyperparam_draw,7.162544801477543,1021,switch_dr,random,7.162544801477543,0.7247542944111613,0.7153918288961995,0.3194613056645071,51.005554500468854,0.0,0.6164914679810211
07,hyperparam_draw,6.2990193145792865,1021,switch_dr,random,6.2990193145792865,0.7242850972480579,0.7153918288961995,0.3194613056645071,51.005554500468854,0.0,0.6399796196450277
07,hyperparam_draw,66.78551107594048,1021,switch_dr,random,66.78551107594048,0.7183609959500505,0.7153918288961995,0.3194613056645071,51.005554500468854,0.0,0.3194613056645071
07,hyperparam_draw,58.394140209309995,1021,switch_dr,random,58.394140209309995,0.7183609959500505,0.7153918288961995,0.3194613056645071,51.005554500468854,0.0,0.3194613056645071
07,hyperparam_draw,14.327432423630071,1021,switch_dr,random,14.327432423630071,0.7263824607271371,0.7153918288961995,0.3194613056645071,51.005554500468854,0.0,0.4841036140004049
07,hyperparam_draw,34.313166737871484,1021,switch_dr,random,34.313166737871484,0.7184333154630786,0.7153918288961995,0.3194613056645071,51.005554500468854,0.0,0.37006835507240204
07,hyperparam_draw,32.75921802188112,1021,switch_dr,random,32.75921802188112,0.7184333154630786,0.7153918288961995,0.3194613056645071,51.005554500468854,0.0,0.37006835507240204
07,hyperparam_draw,0.9099653197257294,1021,switch_dr,random,0.9099653197257294,0.7124906605437032,0.7153918288961995,0.3194613056645071,51.005554500468854,0.0,0.7023314225827733
07,hyperparam_draw,23.881245232095946,1021,switch_dr,random,23.881245232095946,0.7221573354919522,0.7153918288961995,0.3194613056645071,51.005554500468854,0.0,0.3951906663683883
07,hyperparam_draw,1.0210462613335574,1021,switch_dr,random,1.0210462613335574,0.7137928759222192,0.7153918288961995,0.3194613056645071,51.005554500468854,0.0,0.7470725926579103
07,hyperparam_draw,7.249712073891363,1021,switch_dr,random,7.249712073891363,0.7252308251087516,0.7153918288961995,0.3194613056645071,51.005554500468854,0.0,0.6150125829296123
07,hyperparam_draw,7.970166040521561,1021,switch_dr,random,7.970166040521561,0.7256495417540078,0.7153918288961995,0.3194613056645071,51.005554500468854,0.0,0.5979584449765581
07,hyperparam_draw,2.5078089198266698,1021,switch_dr,random,2.5078089198266698,0.7219636807867849,0.7153918288961995,0.3194613056645071,51.005554500468854,0.0,0.7892705236191079
07,hyperparam_draw,18.305162984306207,1021,switch_dr,random,18.305162984306207,0.7257255614557562,0.7153918288961995,0.3194613056645071,51.005554500468854,0.0,0.4426191964608082
07,hyperparam_draw,2.4746199512281883,1021,switch_dr,random,2.4746199512281883,0.722292443034185,0.7153918288961995,0.3194613056645071,51.005554500468854,0.0,0.7903043933807655
07,hyperparam_draw,7.801309007157077,1021,switch_dr,random,7.801309007157077,0.7253531590679243,0.7153918288961995,0.3194613056645071,51.005554500468854,0.0,0.5996625342572447
07,hyperparam_draw,16.08301064672466,1021,switch_dr,random,16.08301064672466,0.7265880544101915,0.7153918288961995,0.3194613056645071,51.005554500468854,0.0,0.4679762111763937
07,hyperparam_draw,8.644636667409646,1021,switch_dr,random,8.644636667409646,0.725442503815516,0.7153918288961995,0.3194613056645071,51.005554500468854,0.0,0.5887125717249297
07,hyperparam_draw,4.11008197166138,1021,switch_dr,random,4.11008197166138,0.7262280224459097,0.7153918288961995,0.3194613056645071,51.005554500468854,0.0,0.71979222237085
07,hyperparam_draw,13.118854045047328,1021,switch_dr,random,13.118854045047328,0.7241714097041064,0.7153918288961995,0.3194613056645071,51.005554500468854,0.0,0.4946105251356624
07,hyperparam_draw,1.6255649001119261,1021,switch_dr,random,1.6255649001119261,0.7205139445289916,0.7153918288961995,0.3194613056645071,51.005554500468854,0.0,0.813351247030851
07,hyperparam_draw,17.262103265207436,1021,switch_dr,random,17.262103265207436,0.7254072542773059,0.7153918288961995,0.3194613056645071,51.005554500468854,0.0,0.45819579470872823
07,hyperparam_draw,51.41000524016217,1021,switch_dr,random,51.41000524016217,0.7183609959500505,0.7153918288961995,0.3194613056645071,51.005554500468854,0.0,0.3194613056645071
07,hyperparam_draw,24.984767731591166,1021,switch_dr,random,24.984767731591166,0.7221573354919522,0.7153918288961995,0.3194613056645071,51.005554500468854,0.0,0.3951906663683883
07,hyperparam_draw,31.801311090476528,1021,switch_dr,random,31.801311090476528,0.7184333154630786,0.7153918288961995,0.3194613056645071,51.005554500468854,0.0,0.37006835507240204
07,hyperparam_draw,0.7586571139619246,1021,switch_dr,random,0.7586571139619246,0.7080248909373927,0.7153918288961995,0.3194613056645071,51.005554500468854,0.0,0.5675116982000238
07,hyperparam_draw,0.9623203962950765,1021,switch_dr,random,0.9623203962950765,0.7130973306532269,0.7153918288961995,0.3194613056645071,51.005554500468854,0.0,0.7268865051835047
07,hyperparam_draw,5.0288502219529185,1021,switch_dr,random,5.0288502219529185,0.7259562400373816,0.7153918288961995,0.3194613056645071,51.005554500468854,0.0,0.6896076794854767
07,hyperparam_draw,25.05110961248865,1021,switch_dr,random,25.05110961248865,0.7221573354919522,0.7153918288961995,0.3194613056645071,51.005554500468854,0.0,0.3951906663683883
07,hyperparam_draw,9.793064978719928,1021,switch_dr,random,9.793064978719928,0.7237580776899158,0.7153918288961995,0.3194613056645071,51.005554500468854,0.0,0.5533947113079586
07,hyperparam_draw,16.237453137396145,1021,switch_dr,random,16.237453137396145,0.7265880544101915,0.7153918288961995,0.3194613056645071,51.005554500468854,0.0,0.4679762111763937
07,hyperparam_draw,64.23091778802821,1021,switch_dr,random,64.23091778802821,0.7183609959500505,0.7153918288961995,0.3194613056645071,51.005554500468854,0.0,0.3194613056645071
07,hyperparam_draw,19.001569758303592,1021,switch_dr,random,19.001569758303592,0.7238991019840225,0.7153918288961995,0.3194613056645071,51.005554500468854,0.0,0.42692990470034237
07,hyperparam_draw,0.9569203878441096,1021,switch_dr,random,0.9569203878441096,0.7125618062896167,0.7153918288961995,0.3194613056645071,51.005554500468854,0.0,0.7246650555418769
07,hyperparam_draw,14.242686665680145,1021,switch_dr,random,14.242686665680145,0.7263824607271371,0.7153918288961995,0.3194613056645071,51.005554500468854,0.0,0.4841036140004049
07,hyperparam_draw,1.1474500179911735,1021,switch_dr,random,1.1474500179911735,0.7147472614454133,0.7153918288961995,0.3194613056645071,51.005554500468854,0.0,0.7798307534594516
07,hyperparam_draw,60.68528262131198,1021,switch_dr,random,60.68528262131198,0.7183609959500505,0.7153918288961995,0.3194613056645071,51.005554500468854,0.0,0.3194613056645071
07,hyperparam_draw,6.309277585608359,1021,switch_dr,random,6.309277585608359,0.7242850972480579,0.7153918288961995,0.3194613056645071,51.005554500468854,0.0,0.6399796196450277
07,hyperparam_draw,101.0810605132622,1021,switch_dr,random,101.0810605132622,0.7183609959500505,0.7153918288961995,0.3194613056645071,51.005554500468854,0.0,0.3194613056645071
07,hyperparam_draw,8.261421624406644,1021,switch_dr,random,8.261421624406644,0.7249723483611138,0.7153918288961995,0.3194613056645071,51.005554500468854,0.0,0.596239822697618
07,hyperparam_draw,5.932463386074477,1021,switch_dr,random,5.932463386074477,0.7254664314830608,0.7153918288961995,0.3194613056645071,51.005554500468854,0.0,0.6594820554609464
07,hyperparam_draw,1.433964824807748,1021,switch_dr,random,1.433964824807748,0.7194612376185351,0.7153918288961995,0.3194613056645071,51.005554500468854,0.0,0.8091763828952062
07,hyperparam_draw,1.3833000076445594,1021,switch_dr,random,1.3833000076445594,0.7191204880387387,0.7153918288961995,0.3194613056645071,51.005554500468854,0.0,0.8061293067926438
07,hyperparam_draw,57.08830238582967,1021,switch_dr,random,57.08830238582967,0.7183609959500505,0.7153918288961995,0.3194613056645071,51.005554500468854,0.0,0.3194613056645071
07,hyperparam_draw,24.121650914456026,1021,switch_dr,random,24.121650914456026,0.7221573354919522,0.7153918288961995,0.3194613056645071,51.005554500468854,0.0,0.3951906663683883
07,hyperparam_draw,2.743894208155038,1021,switch_dr,random,2.743894208155038,0.72212852500871,0.7153918288961995,0.3194613056645071,51.005554500468854,0.0,0.7798029039558831
07,hyperparam_draw,56.70270491530588,1021,switch_dr,random,56.70270491530588,0.7183609959500505,0.7153918288961995,0.3194613056645071,51.005554500468854,0.0,0.3194613056645071
07,hyperparam_draw,43.41168498385733,1021,switch_dr,random,43.41168498385733,0.7184333154630786,0.7153918288961995,0.3194613056645071,51.005554500468854,0.0,0.37006835507240204
07,hyperparam_draw,1.9204402394725266,1021,switch_dr,random,1.9204402394725266,0.7205221583286194,0.7153918288961995,0.3194613056645071,51.005554500468854,0.0,0.8094846278160449
07,hyperparam_draw,8.863266993007617,1021,switch_dr,random,8.863266993007617,0.7252090814152132,0.7153918288961995,0.3194613056645071,51.005554500468854,0.0,0.5785819103171932
07,hyperparam_draw,11.693520191742255,1021,switch_dr,random,11.693520191742255,0.7241126971716659,0.7153918288961995,0.3194613056645071,51.005554500468854,0.0,0.5316629021266451
07,hyperparam_draw,10.380572298669636,1021,switch_dr,random,10.380572298669636,0.7250966766708641,0.7153918288961995,0.3194613056645071,51.005554500468854,0.0,0.5459187308568793
07,hyperparam_draw,2.082859704607335,1021,switch_dr,random,2.082859704607335,0.7204112854210938,0.7153918288961995,0.3194613056645071,51.005554500468854,0.0,0.8052213163272255
07,hyperparam_draw,0.9015414091656208,1021,switch_dr,random,0.9015414091656208,0.7120921507184849,0.7153918288961995,0.3194613056645071,51.005554500468854,0.0,0.6975124909776053
07,hyperparam_draw,34.88327674201155,1021,switch_dr,random,34.88327674201155,0.7184333154630786,0.7153918288961995,0.3194613056645071,51.005554500468854,0.0,0.37006835507240204
07,hyperparam_draw,52.007398295190335,1021,switch_dr,random,52.007398295190335,0.7183609959500505,0.7153918288961995,0.3194613056645071,51.005554500468854,0.0,0.3194613056645071
07,hyperparam_draw,159.75496033323768,1021,dros,random,159.75496033323768,0.7232997866068785,0.7153918288961995,0.3194613056645071,51.005554500468854,0.0,0.5951651707032983
07,hyperparam_draw,34.78995550874024,1021,dros,random,34.78995550874024,0.7233147584565496,0.7153918288961995,0.3194613056645071,51.005554500468854,0.0,0.7559592990833122
07,hyperparam_draw,3251.010423664994,1021,dros,random,3251.010423664994,0.7194067210750034,0.7153918288961995,0.3194613056645071,51.005554500468854,0.0,0.3779285396091813
07,hyperparam_draw,5935.504692392788,1021,dros,random,5935.504692392788,0.7189819124937478,0.7153918288961995,0.3194613056645071,51.005554500468854,0.0,0.35716048681036705
07,hyperparam_draw,2740.202924998097,1021,dros,random,2740.202924998097,0.7195636296662642,0.7153918288961995,0.3194613056645071,51.005554500468854,0.0,0.3850283355493797
07,hyperparam_draw,534.3691500418948,1021,dros,random,534.3691500418948,0.7218014528514669,0.7153918288961995,0.3194613056645071,51.005554500468854,0.0,0.48387824065557644
07,hyperparam_draw,2.3074135131871967,1021,dros,random,2.3074135131871967,0.715279425035706,0.7153918288961995,0.3194613056645071,51.005554500468854,0.0,0.9631964210631648
07,hyperparam_draw,2.980159080717203,1021,dros,random,2.980159080717203,0.7165605092128495,0.7153918288961995,0.3194613056645071,51.005554500468854,0.0,0.9527535918126594
07,hyperparam_draw,0.8989385761325205,1021,dros,random,0.8989385761325205,0.709753722463439,0.7153918288961995,0.3194613056645071,51.005554500468854,0.0,0.9797133782968164
07,hyperparam_draw,4.371844494170616,1021,dros,random,4.371844494170616,0.7182713311136577,0.7153918288961995,0.3194613056645071,51.005554500468854,0.0,0.9326811617477886
07,hyperparam_draw,8961.895099839427,1021,dros,random,8961.895099839427,0.718787115874652,0.7153918288961995,0.3194613056645071,51.005554500468854,0.0,0.346536255776078
07,hyperparam_draw,1.544408977314997,1021,dros,random,1.544408977314997,0.7130609197878353,0.7153918288961995,0.3194613056645071,51.005554500468854,0.0,0.9744930137331803
07,hyperparam_draw,53.46270400410807,1021,dros,random,53.46270400410807,0.7235709433608002,0.7153918288961995,0.3194613056645071,51.005554500468854,0.0,0.7108076222670863
07,hyperparam_draw,1391.3751195083041,1021,dros,random,1391.3751195083041,0.720356269443687,0.7153918288961995,0.3194613056645071,51.005554500468854,0.0,0.4187957866283954
07,hyperparam_draw,865.89883285938,1021,dros,random,865.89883285938,0.7210488403604007,0.7153918288961995,0.3194613056645071,51.005554500468854,0.0,0.44831350703060013
07,hyperparam_draw,121.07951669863844,1021,dros,random,121.07951669863844,0.7234825490983489,0.7153918288961995,0.3194613056645071,51.005554500468854,0.0,0.6238805864626951
07,hyperparam_draw,0.5215246074601011,1021,dros,random,0.5215246074601011,0.7062719041895128,0.7153918288961995,0.3194613056645071,51.005554500468854,0.0,0.9742216709193356
07,hyperparam_draw,342.7175015105867,1021,dros,random,342.7175015105867,0.722456620820556,0.7153918288961995,0.3194613056645071,51.005554500468854,0.0,0.521499804425536
07,hyperparam_draw,11.085617228506754,1021,dros,random,11.085617228506754,0.721382986887663,0.7153918288961995,0.3194613056645071,51.005554500468854,0.0,0.8650678199600775
07,hyperparam_draw,7.370319639509739,1021,dros,random,7.370319639509739,0.7201970367928376,0.7153918288961995,0.3194613056645071,51.005554500468854,0.0,0.897671115564472
07,hyperparam_draw,2.2842161167628245,1021,dros,random,2.2842161167628245,0.7152266196934409,0.7153918288961995,0.3194613056645071,51.005554500468854,0.0,0.9635578984740387
07,hyperparam_draw,32.86930798568981,1021,dros,random,32.86930798568981,0.7232633917441671,0.7153918288961995,0.3194613056645071,51.005554500468854,0.0,0.7618191079217824
07,hyperparam_draw,14.851603356111346,1021,dros,random,14.851603356111346,0.7220660934683779,0.7153918288961995,0.3194613056645071,51.005554500468854,0.0,0.8393355029277555
07,hyperparam_draw,1.7789602560294793,1021,dros,random,1.7789602560294793,0.7138693009183467,0.7153918288961995,0.3194613056645071,51.005554500468854,0.0,0.971237575293336
07,hyperparam_draw,5.292552532393607,1021,dros,random,5.292552532393607,0.71903004028163,0.7153918288961995,0.3194613056645071,51.005554500468854,0.0,0.9208292106133322
07,hyperparam_draw,4868.299742672144,1021,dros,random,4868.299742672144,0.7191013869556565,0.7153918288961995,0.3194613056645071,51.005554500468854,0.0,0.36328651781239424
07,hyperparam_draw,397.76217886363634,1021,dros,random,397.76217886363634,0.7222458580632019,0.7153918288961995,0.3194613056645071,51.005554500468854,0.0,0.5083880662680382
07,hyperparam_draw,0.9468275534530268,1021,dros,random,0.9468275534530268,0.710081942245766,0.7153918288961995,0.3194613056645071,51.005554500468854,0.0,0.9796993237479648
07,hyperparam_draw,85.64016738522882,1021,dros,random,85.64016738522882,0.7236055617241954,0.7153918288961995,0.3194613056645071,51.005554500468854,0.0,0.6605331105682987
07,hyperparam_draw,153.67514926744607,1021,dros,random,153.67514926744607,0.7233297056984934,0.7153918288961995,0.3194613056645071,51.005554500468854,0.0,0.5991385116899511
07,hyperparam_draw,5.974215100910803,1021,dros,random,5.974215100910803,0.7194785743779765,0.7153918288961995,0.3194613056645071,51.005554500468854,0.0,0.9127280261016429
07,hyperparam_draw,639.6367154796147,1021,dros,random,639.6367154796147,0.7215210451560727,0.7153918288961995,0.3194613056645071,51.005554500468854,0.0,0.46996525832740327
07,hyperparam_draw,2183.8301515815215,1021,dros,random,2183.8301515815215,0.7197989418986881,0.7153918288961995,0.3194613056645071,51.005554500468854,0.0,0.395311920104428
07,hyperparam_draw,1.9618059477761338,1021,dros,random,1.9618059477761338,0.7144118914824943,0.7153918288961995,0.3194613056645071,51.005554500468854,0.0,0.9685231206003567
07,hyperparam_draw,969.7722727976548,1021,dros,random,969.7722727976548,0.7208761741397753,0.7153918288961995,0.3194613056645071,51.005554500468854,0.0,0.44078550464365324
07,hyperparam_draw,148.65156377074493,1021,dros,random,148.65156377074493,0.7233542291428723,0.7153918288961995,0.3194613056645071,51.005554500468854,0.0,0.6025551249574354
07,hyperparam_draw,5.744278915378021,1021,dros,random,5.744278915378021,0.7193360105628741,0.7153918288961995,0.3194613056645071,51.005554500468854,0.0,0.9154008315601366
07,hyperparam_draw,149.20032102605055,1021,dros,random,149.20032102605055,0.7233515608356693,0.7153918288961995,0.3194613056645071,51.005554500468854,0.0,0.6021757568020705
07,hyperparam_draw,1.5399793588344022,1021,dros,random,1.5399793588344022,0.713044215114033,0.7153918288961995,0.3194613056645071,51.005554500468854,0.0,0.9745509513430884
07,hyperparam_draw,24.799692365381862,1021,dros,random,24.799692365381862,0.7229437522867376,0.7153918288961995,0.3194613056645071,51.005554500468854,0.0,0.7903576286098215
07,hyperparam_draw,7974.044349824596,1021,dros,random,7974.044349824596,0.7188357110303045,0.7153918288961995,0.3194613056645071,51.005554500468854,0.0,0.34926958314471557
07,hyperparam_draw,3.188017788717361,1021,dros,random,3.188017788717361,0.7168797915949304,0.7153918288961995,0.3194613056645071,51.005554500468854,0.0,0.9495972550604757
07,hyperparam_draw,528.4202489993816,1021,dros,random,528.4202489993816,0.7218187566257894,0.7153918288961995,0.3194613056645071,51.005554500468854,0.0,0.4847702834740653
07,hyperparam_draw,33.46457882836286,1021,dros,random,33.46457882836286,0.7232800875876139,0.7153918288961995,0.3194613056645071,51.005554500468854,0.0,0.7599705566889704
07,hyperparam_draw,0.7248732615474366,1021,dros,random,0.7248732615474366,0.7083797354305015,0.7153918288961995,0.3194613056645071,51.005554500468854,0.0,0.9787304252702131
07,hyperparam_draw,1.196630328743235,1021,dros,random,1.196630328743235,0.7115377772432853,0.7153918288961995,0.3194613056645071,51.005554500468854,0.0,0.9783694868102352
07,hyperparam_draw,3.8391232659159122,1021,dros,random,3.8391232659159122,0.7177195394031937,0.7153918288961995,0.3194613056645071,51.005554500468854,0.0,0.9400576539909933
07,hyperparam_draw,53.308072038558606,1021,dros,random,53.308072038558606,0.7235699643804275,0.7153918288961995,0.3194613056645071,51.005554500468854,0.0,0.7111155397899501
07,hyperparam_draw,335.72211469174124,1021,dros,random,335.72211469174124,0.7224848759858987,0.7153918288961995,0.3194613056645071,51.005554500468854,0.0,0.5233524951077627
07,hyperparam_draw,7.685208360756342,1021,dros,random,7.685208360756342,0.7203312932603056,0.7153918288961995,0.3194613056645071,51.005554500468854,0.0,0.8945251846916026
07,hyperparam_draw,39.59038692071083,1021,dros,random,39.59038692071083,0.7234160006446907,0.7153918288961995,0.3194613056645071,51.005554500468854,0.0,0.7425120931195411
07,hyperparam_draw,145.35812974907907,1021,dros,random,145.35812974907907,0.7233701807588411,0.7153918288961995,0.3194613056645071,51.005554500468854,0.0,0.6048648225037728
07,hyperparam_draw,251.39477579617363,1021,dros,random,251.39477579617363,0.7228527436864581,0.7153918288961995,0.3194613056645071,51.005554500468854,0.0,0.550225438731879
07,hyperparam_draw,0.743388866063259,1021,dros,random,0.743388866063259,0.7085414810700944,0.7153918288961995,0.3194613056645071,51.005554500468854,0.0,0.9789301304926028
07,hyperparam_draw,7709.191699825637,1021,dros,random,7709.191699825637,0.7188506862814024,0.7153918288961995,0.3194613056645071,51.005554500468854,0.0,0.3501001350377332
07,hyperparam_draw,21.490538483697822,1021,dros,random,21.490538483697822,0.7227381867845935,0.7153918288961995,0.3194613056645071,51.005554500468854,0.0,0.8044681050588709
07,hyperparam_draw,43.85532526176321,1021,dros,random,43.85532526176321,0.7234811093335032,0.7153918288961995,0.3194613056645071,51.005554500468854,0.0,0.7317749815288288
07,hyperparam_draw,45.59435828416025,1021,dros,random,45.59435828416025,0.7235024635034151,0.7153918288961995,0.3194613056645071,51.005554500468854,0.0,0.7276754102667113
07,hyperparam_draw,2179.0463064452797,1021,dros,random,2179.0463064452797,0.7198013671364122,0.7153918288961995,0.3194613056645071,51.005554500468854,0.0,0.39541616026395054
07,hyperparam_draw,4025.826125365506,1021,dros,random,4025.826125365506,0.7192341231623225,0.7153918288961995,0.3194613056645071,51.005554500468854,0.0,0.3698096546846633
07,hyperparam_draw,nan,1021,ips,fixed,nan,0.7243198003921713,0.7153918288961995,0.3194613056645071,51.005554500468854,0.0,0.3194613056645071
07,hyperparam_draw,nan,1021,snips,fixed,nan,0.7236346158216793,0.7153918288961995,0.3194613056645071,51.005554500468854,0.0,0.3194613056645071
07,hyperparam_draw,nan,1021,dr,fixed,nan,0.7183609959500505,0.7153918288961995,0.3194613056645071,51.005554500468854,0.0,0.3194613056645071
07,hyperparam_draw,5.935293733245147,1021,clipped_ips,slope,5.935293733245147,0.7133019104131223,0.7153918288961995,0.3194613056645071,51.005554500468854,0.0,0.5684187205079188
07,hyperparam_draw,1.4316590093820398,1021,switch_dr,slope,1.4316590093820398,0.7194221426303604,0.7153918288961995,0.3194613056645071,51.005554500468854,0.0,0.8090764237965059
07,hyperparam_draw,2.0496475191447634,1021,dros,slope,2.0496475191447634,0.7146501373914842,0.7153918288961995,0.3194613056645071,51.005554500468854,0.0,0.9671861154847776
07,hyperparam_draw,4.99773402400209,1022,clipped_ips,random,4.99773402400209,0.6996244703410929,0.7153918288961995,0.31847608421934154,43.92342253412666,0.0,0.5993050492663068
07,hyperparam_draw,73.7613252025958,1022,clipped_ips,random,73.7613252025958,0.7126186174089456,0.7153918288961995,0.31847608421934154,43.92342253412666,0.0,0.31847608421934154
07,hyperparam_draw,2.7292343437505866,1022,clipped_ips,random,2.7292343437505866,0.6787238278091332,0.7153918288961995,0.31847608421934154,43.92342253412666,0.0,0.7325872120169914
07,hyperparam_draw,0.9849123803976265,1022,clipped_ips,random,0.9849123803976265,0.59404531596865,0.7153918288961995,0.31847608421934154,43.92342253412666,0.0,0.9365403693969702
07,hyperparam_draw,28.574204287507584,1022,clipped_ips,random,28.574204287507584,0.7136394718399616,0.7153918288961995,0.31847608421934154,43.92342253412666,0.0,0.34380030870435757
07,hyperparam_draw,33.456283267319236,1022,clipped_ips,random,33.456283267319236,0.7132624452926704,0.7153918288961995,0.31847608421934154,43.92342253412666,0.0,0.33287412836776453
07,hyperparam_draw,82.2073443317235,1022,clipped_ips,random,82.2073443317235,0.7126186174089456,0.7153918288961995,0.31847608421934154,43.92342253412666,0.0,0.31847608421934154
07,hyperparam_draw,32.58263003100007,1022,clipped_ips,random,32.58263003100007,0.7133030966917864,0.7153918288961995,0.31847608421934154,43.92342253412666,0.0,0.3346083980883134
07,hyperparam_draw,30.408549566570468,1022,clipped_ips,random,30.408549566570468,0.7134495757628195,0.7153918288961995,0.31847608421934154,43.92342253412666,0.0,0.33929022242568774
07,hyperparam_draw,4.783697891189843,1022,clipped_ips,random,4.783697891189843,0.6985606407611276,0.7153918288961995,0.31847608421934154,43.92342253412666,0.0,0.6085714559913479
07,hyperparam_draw,6.714690662133334,1022,clipped_ips,random,6.714690662133334,0.7059206115650372,0.7153918288961995,0.31847608421934154,43.92342253412666,0.0,0.5383894749676996
07,hyperparam_draw,75.4998134013112,1022,clipped_ips,random,75.4998134013112,0.7126186174089456,0.7153918288961995,0.31847608421934154,43.92342253412666,0.0,0.31847608421934154
07,hyperparam_draw,28.892711177396585,1022,clipped_ips,random,28.892711177396585,0.7136064991986475,0.7153918288961995,0.31847608421934154,43.92342253412666,0.0,0.3430301944287596
07,hyperparam_draw,3.649157711611478,1022,clipped_ips,random,3.649157711611478,0.6900992816329348,0.7153918288961995,0.31847608421934154,43.92342253412666,0.0,0.6685070185875678
07,hyperparam_draw,31.831514356000515,1022,clipped_ips,random,31.831514356000515,0.7133380463741286,0.7153918288961995,0.31847608421934154,43.92342253412666,0.0,0.3360744711641514
07,hyperparam_draw,1.7784219421140302,1022,clipped_ips,random,1.7784219421140302,0.6541889124064167,0.7153918288961995,0.31847608421934154,43.92342253412666,0.0,0.8263443338627818
07,hyperparam_draw,10.855896945813809,1022,clipped_ips,random,10.855896945813809,0.7120473553973045,0.7153918288961995,0.31847608421934154,43.92342253412666,0.0,0.4498465770285278
07,hyperparam_draw,49.55438413744241,1022,clipped_ips,random,49.55438413744241,0.7126186174089456,0.7153918288961995,0.31847608421934154,43.92342253412666,0.0,0.31847608421934154
07,hyperparam_draw,10.410521240954019,1022,clipped_ips,random,10.410521240954019,0.7118056674875294,0.7153918288961995,0.31847608421934154,43.92342253412666,0.0,0.4565414517276381
07,hyperparam_draw,28.888113050534958,1022,clipped_ips,random,28.888113050534958,0.713606975208406,0.7153918288961995,0.31847608421934154,43.92342253412666,0.0,0.3430413522397165
07,hyperparam_draw,40.09237765659775,1022,clipped_ips,random,40.09237765659775,0.7129423953843574,0.7153918288961995,0.31847608421934154,43.92342253412666,0.0,0.32148205396738316
07,hyperparam_draw,2.7931456869335265,1022,clipped_ips,random,2.7931456869335265,0.679781179219749,0.7153918288961995,0.31847608421934154,43.92342253412666,0.0,0.7273580561879059
07,hyperparam_draw,5.161309908103139,1022,clipped_ips,random,5.161309908103139,0.7003840483933993,0.7153918288961995,0.31847608421934154,43.92342253412666,0.0,0.5925225248341581
07,hyperparam_draw,76.71091877103153,1022,clipped_ips,random,76.71091877103153,0.7126186174089456,0.7153918288961995,0.31847608421934154,43.92342253412666,0.0,0.31847608421934154
07,hyperparam_draw,4.696485293581458,1022,clipped_ips,random,4.696485293581458,0.6980961737736611,0.7153918288961995,0.31847608421934154,43.92342253412666,0.0,0.6124945537191175
07,hyperparam_draw,58.78254061813912,1022,clipped_ips,random,58.78254061813912,0.7126186174089456,0.7153918288961995,0.31847608421934154,43.92342253412666,0.0,0.31847608421934154
07,hyperparam_draw,3.12562587724623,1022,clipped_ips,random,3.12562587724623,0.6844822469505225,0.7153918288961995,0.31847608421934154,43.92342253412666,0.0,0.7023884019763642
07,hyperparam_draw,12.95970363846352,1022,clipped_ips,random,12.95970363846352,0.7128304109469573,0.7153918288961995,0.31847608421934154,43.92342253412666,0.0,0.42369199386429807
07,hyperparam_draw,3.743305730306967,1022,clipped_ips,random,3.743305730306967,0.6910126818787503,0.7153918288961995,0.31847608421934154,43.92342253412666,0.0,0.6627691546865004
07,hyperparam_draw,17.971830158398184,1022,clipped_ips,random,17.971830158398184,0.7139223970708876,0.7153918288961995,0.31847608421934154,43.92342253412666,0.0,0.38255300261037994
07,hyperparam_draw,3.3663107106850463,1022,clipped_ips,random,3.3663107106850463,0.6871904481376614,0.7153918288961995,0.31847608421934154,43.92342253412666,0.0,0.6863223217045828
07,hyperparam_draw,51.91505953149064,1022,clipped_ips,random,51.91505953149064,0.7126186174089456,0.7153918288961995,0.31847608421934154,43.92342253412666,0.0,0.31847608421934154
07,hyperparam_draw,3.8851047476444722,1022,clipped_ips,random,3.8851047476444722,0.6922985358832151,0.7153918288961995,0.31847608421934154,43.92342253412666,0.0,0.6544012839676538
07,hyperparam_draw,2.0617741122770465,1022,clipped_ips,random,2.0617741122770465,0.6637167126487853,0.7153918288961995,0.31847608421934154,43.92342253412666,0.0,0.7950335391931121
07,hyperparam_draw,2.0172737038365964,1022,clipped_ips,random,2.0172737038365964,0.6623695697508548,0.7153918288961995,0.31847608421934154,43.92342253412666,0.0,0.7997495597451305
07,hyperparam_draw,0.9878863891371673,1022,clipped_ips,random,0.9878863891371673,0.5944909310702873,0.7153918288961995,0.31847608421934154,43.92342253412666,0.0,0.9360732982032783
07,hyperparam_draw,15.210196136114524,1022,clipped_ips,random,15.210196136114524,0.7132603479841024,0.7153918288961995,0.31847608421934154,43.92342253412666,0.0,0.40170775769549727
07,hyperparam_draw,24.08960144449311,1022,clipped_ips,random,24.08960144449311,0.7140369242594876,0.7153918288961995,0.31847608421934154,43.92342253412666,0.0,0.35621853674816534
07,hyperparam_draw,3.5502442059984713,1022,clipped_ips,random,3.5502442059984713,0.6891003280171826,0.7153918288961995,0.31847608421934154,43.92342253412666,0.0,0.6746818242756635
07,hyperparam_draw,9.931067795224973,1022,clipped_ips,random,9.931067795224973,0.7114761315198094,0.7153918288961995,0.31847608421934154,43.92342253412666,0.0,0.4643322937748339
07,hyperparam_draw,6.687184161058353,1022,clipped_ips,random,6.687184161058353,0.7058413825262786,0.7153918288961995,0.31847608421934154,43.92342253412666,0.0,0.5392312870869459
07,hyperparam_draw,1.9298666768928303,1022,clipped_ips,random,1.9298666768928303,0.6595699747417346,0.7153918288961995,0.31847608421934154,43.92342253412666,0.0,0.8092368005329664
07,hyperparam_draw,2.953025648229486,1022,clipped_ips,random,2.953025648229486,0.6822343596373581,0.7153918288961995,0.31847608421934154,43.92342253412666,0.0,0.7147848715685061
07,hyperparam_draw,4.744933312945314,1022,clipped_ips,random,4.744933312945314,0.698356762772454,0.7153918288961995,0.31847608421934154,43.92342253412666,0.0,0.610296440034902
07,hyperparam_draw,56.29556154399368,1022,clipped_ips,random,56.29556154399368,0.7126186174089456,0.7153918288961995,0.31847608421934154,43.92342253412666,0.0,0.31847608421934154
07,hyperparam_draw,10.225152986411501,1022,clipped_ips,random,10.225152986411501,0.7116934500616947,0.7153918288961995,0.31847608421934154,43.92342253412666,0.0,0.4594602132265357
07,hyperparam_draw,26.06977332611992,1022,clipped_ips,random,26.06977332611992,0.7138826084034706,0.7153918288961995,0.31847608421934154,43.92342253412666,0.0,0.34982307339859664
07,hyperparam_draw,9.320086152392369,1022,clipped_ips,random,9.320086152392369,0.710954599700335,0.7153918288961995,0.31847608421934154,43.92342253412666,0.0,0.47520726385759254
07,hyperparam_draw,14.343484383973646,1022,clipped_ips,random,14.343484383973646,0.7131020326706157,0.7153918288961995,0.31847608421934154,43.92342253412666,0.0,0.40951835675707066
07,hyperparam_draw,2.74143173707336,1022,clipped_ips,random,2.74143173707336,0.6789296413188552,0.7153918288961995,0.31847608421934154,43.92342253412666,0.0,0.7315788483665984
07,hyperparam_draw,18.047436443818516,1022,clipped_ips,random,18.047436443818516,0.7139356746315936,0.7153918288961995,0.31847608421934154,43.92342253412666,0.0,0.3821296555167783
07,hyperparam_draw,16.267892660817264,1022,clipped_ips,random,16.267892660817264,0.7134841338198861,0.7153918288961995,0.31847608421934154,43.92342253412666,0.0,0.39325008861561517
07,hyperparam_draw,3.911430514967669,1022,clipped_ips,random,3.911430514967669,0.6925338996846166,0.7153918288961995,0.31847608421934154,43.92342253412666,0.0,0.6528675033987107
07,hyperparam_draw,24.139666963525205,1022,clipped_ips,random,24.139666963525205,0.7140327922011666,0.7153918288961995,0.31847608421934154,43.92342253412666,0.0,0.3560566399928945
07,hyperparam_draw,4.4310599876952255,1022,clipped_ips,random,4.4310599876952255,0.6965512610468865,0.7153918288961995,0.31847608421934154,43.92342253412666,0.0,0.6250453307500803
07,hyperparam_draw,1.747233252020378,1022,clipped_ips,random,1.747233252020378,0.6529671756217466,0.7153918288961995,0.31847608421934154,43.92342253412666,0.0,0.8300098196716155
07,hyperparam_draw,1.3105066301804413,1022,clipped_ips,random,1.3105066301804413,0.6286571531743986,0.7153918288961995,0.31847608421934154,43.92342253412666,0.0,0.8875428000762832
07,hyperparam_draw,20.542703632798737,1022,clipped_ips,random,20.542703632798737,0.7142287529247527,0.7153918288961995,0.31847608421934154,43.92342253412666,0.0,0.3687536655786435
07,hyperparam_draw,11.480418445606757,1022,clipped_ips,random,11.480418445606757,0.7123449210462494,0.7153918288961995,0.31847608421934154,43.92342253412666,0.0,0.44125965255054433
07,hyperparam_draw,30.831777232039343,1022,clipped_ips,random,30.831777232039343,0.7134057621611343,0.7153918288961995,0.31847608421934154,43.92342253412666,0.0,0.3382249292939619
07,hyperparam_draw,23.33141199648148,1022,switch_dr,random,23.33141199648148,0.7126481435009976,0.7153918288961995,0.31847608421934154,43.92342253412666,0.0,0.3948537329712367
07,hyperparam_draw,1.2225631397621914,1022,switch_dr,random,1.2225631397621914,0.716165829172275,0.7153918288961995,0.31847608421934154,43.92342253412666,0.0,0.7950678500933743
07,hyperparam_draw,13.23088329395087,1022,switch_dr,random,13.23088329395087,0.7165027356917494,0.7153918288961995,0.31847608421934154,43.92342253412666,0.0,0.49427183099572014
07,hyperparam_draw,56.72049813282171,1022,switch_dr,random,56.72049813282171,0.7051829615065197,0.7153918288961995,0.31847608421934154,43.92342253412666,0.0,0.31847608421934154
07,hyperparam_draw,3.5135677838998407,1022,switch_dr,random,3.5135677838998407,0.7163480168074897,0.7153918288961995,0.31847608421934154,43.92342253412666,0.0,0.7440119815461319
07,hyperparam_draw,9.120106294281909,1022,switch_dr,random,9.120106294281909,0.7171016631917932,0.7153918288961995,0.31847608421934154,43.92342253412666,0.0,0.5632891190896123
07,hyperparam_draw,0.9435944801705589,1022,switch_dr,random,0.9435944801705589,0.7132941077831237,0.7153918288961995,0.31847608421934154,43.92342253412666,0.0,0.7214360005611259
07,hyperparam_draw,0.8809349414436021,1022,switch_dr,random,0.8809349414436021,0.7127647997088534,0.7153918288961995,0.31847608421934154,43.92342253412666,0.0,0.6870897441191827
07,hyperparam_draw,9.759477107601084,1022,switch_dr,random,9.759477107601084,0.7181979396523265,0.7153918288961995,0.31847608421934154,43.92342253412666,0.0,0.5485284848752332
07,hyperparam_draw,1.3171766201664963,1022,switch_dr,random,1.3171766201664963,0.7167977086012505,0.7153918288961995,0.31847608421934154,43.92342253412666,0.0,0.8044072967251065
07,hyperparam_draw,63.11249911417929,1022,switch_dr,random,63.11249911417929,0.7051829615065197,0.7153918288961995,0.31847608421934154,43.92342253412666,0.0,0.31847608421934154
07,hyperparam_draw,9.437339718151891,1022,switch_dr,random,9.437339718151891,0.7173771747098655,0.7153918288961995,0.31847608421934154,43.92342253412666,0.0,0.5591511422718932
07,hyperparam_draw,87.34727266098503,1022,switch_dr,random,87.34727266098503,0.7051829615065197,0.7153918288961995,0.31847608421934154,43.92342253412666,0.0,0.31847608421934154
07,hyperparam_draw,79.36085584031538,1022,switch_dr,random,79.36085584031538,0.7051829615065197,0.7153918288961995,0.31847608421934154,43.92342253412666,0.0,0.31847608421934154
07,hyperparam_draw,0.9831334481815398,1022,switch_dr,random,0.9831334481815398,0.713968425717451,0.7153918288961995,0.31847608421934154,43.92342253412666,0.0,0.737151281616503
07,hyperparam_draw,7.716777986635998,1022,switch_dr,random,7.716777986635998,0.7146378992077815,0.7153918288961995,0.31847608421934154,43.92342253412666,0.0,0.6038700401125913
07,hyperparam_draw,59.344318234662396,1022,switch_dr,random,59.344318234662396,0.7051829615065197,0.7153918288961995,0.31847608421934154,43.92342253412666,0.0,0.31847608421934154
07,hyperparam_draw,0.8020796065026197,1022,switch_dr,random,0.8020796065026197,0.7087823764687596,0.7153918288961995,0.31847608421934154,43.92342253412666,0.0,0.6177948866966939
07,hyperparam_draw,2.0595697098994328,1022,switch_dr,random,2.0595697098994328,0.7171318123197956,0.7153918288961995,0.31847608421934154,43.92342253412666,0.0,0.8083098481607097
07,hyperparam_draw,1.3242124464482359,1022,switch_dr,random,1.3242124464482359,0.7165267627637575,0.7153918288961995,0.31847608421934154,43.92342253412666,0.0,0.8050137250159856
07,hyperparam_draw,0.8105762164429338,1022,switch_dr,random,0.8105762164429338,0.70928851331987,0.7153918288961995,0.31847608421934154,43.92342253412666,0.0,0.6271166866184182
07,hyperparam_draw,1.005507549147042,1022,switch_dr,random,1.005507549147042,0.7140794129652193,0.7153918288961995,0.31847608421934154,43.92342253412666,0.0,0.7452971070516764
07,hyperparam_draw,1.2004231480965573,1022,switch_dr,random,1.2004231480965573,0.7157079479559836,0.7153918288961995,0.31847608421934154,43.92342253412666,0.0,0.7924458445622069
07,hyperparam_draw,20.038116480792713,1022,switch_dr,random,20.038116480792713,0.7110070129086132,0.7153918288961995,0.31847608421934154,43.92342253412666,0.0,0.4250978874535872
07,hyperparam_draw,3.557988996215262,1022,switch_dr,random,3.557988996215262,0.7163169910620234,0.7153918288961995,0.31847608421934154,43.92342253412666,0.0,0.7436085082023017
07,hyperparam_draw,55.508291267287646,1022,switch_dr,random,55.508291267287646,0.7051829615065197,0.7153918288961995,0.31847608421934154,43.92342253412666,0.0,0.31847608421934154
07,hyperparam_draw,40.418146141367004,1022,switch_dr,random,40.418146141367004,0.7097669911237957,0.7153918288961995,0.31847608421934154,43.92342253412666,0.0,0.33605674212065745
07,hyperparam_draw,48.14988105516444,1022,switch_dr,random,48.14988105516444,0.7051829615065197,0.7153918288961995,0.31847608421934154,43.92342253412666,0.0,0.31847608421934154
07,hyperparam_draw,3.570367048866146,1022,switch_dr,random,3.570367048866146,0.7160051111119914,0.7153918288961995,0.31847608421934154,43.92342253412666,0.0,0.7431978155729192
07,hyperparam_draw,3.596560113131287,1022,switch_dr,random,3.596560113131287,0.7157482547937072,0.7153918288961995,0.31847608421934154,43.92342253412666,0.0,0.7419510325060369
07,hyperparam_draw,0.7562097048023165,1022,switch_dr,random,0.7562097048023165,0.7066304226121728,0.7153918288961995,0.31847608421934154,43.92342253412666,0.0,0.5610591798576069
07,hyperparam_draw,28.520312793932163,1022,switch_dr,random,28.520312793932163,0.7118058683881611,0.7153918288961995,0.31847608421934154,43.92342253412666,0.0,0.378180000251412
07,hyperparam_draw,19.569024975916733,1022,switch_dr,random,19.569024975916733,0.7110070129086132,0.7153918288961995,0.31847608421934154,43.92342253412666,0.0,0.4250978874535872
07,hyperparam_draw,4.034142511667228,1022,switch_dr,random,4.034142511667228,0.7153338307761369,0.7153918288961995,0.31847608421934154,43.92342253412666,0.0,0.7267993793668007
07,hyperparam_draw,0.7745500943387029,1022,switch_dr,random,0.7745500943387029,0.7076037530334777,0.7153918288961995,0.31847608421934154,43.92342253412666,0.0,0.5854718647467825
07,hyperparam_draw,9.673176236010805,1022,switch_dr,random,9.673176236010805,0.7181979396523265,0.7153918288961995,0.31847608421934154,43.92342253412666,0.0,0.5485284848752332
07,hyperparam_draw,82.93857081963827,1022,switch_dr,random,82.93857081963827,0.7051829615065197,0.7153918288961995,0.31847608421934154,43.92342253412666,0.0,0.31847608421934154
07,hyperparam_draw,80.97276422723093,1022,switch_dr,random,80.97276422723093,0.7051829615065197,0.7153918288961995,0.31847608421934154,43.92342253412666,0.0,0.31847608421934154
07,hyperparam_draw,1.0932101829279919,1022,switch_dr,random,1.0932101829279919,0.7156953687690684,0.7153918288961995,0.31847608421934154,43.92342253412666,0.0,0.7720275292558418
07,hyperparam_draw,19.757699096150844,1022,switch_dr,random,19.757699096150844,0.7110070129086132,0.7153918288961995,0.31847608421934154,43.92342253412666,0.0,0.4250978874535872
07,hyperparam_draw,28.65770464294797,1022,switch_dr,random,28.65770464294797,0.7118058683881611,0.7153918288961995,0.31847608421934154,43.92342253412666,0.0,0.378180000251412
07,hyperparam_draw,72.78573538191777,1022,switch_dr,random,72.78573538191777,0.7051829615065197,0.7153918288961995,0.31847608421934154,43.92342253412666,0.0,0.31847608421934154
07,hyperparam_draw,2.7209124819172827,1022,switch_dr,random,2.7209124819172827,0.7183600511213937,0.7153918288961995,0.31847608421934154,43.92342253412666,0.0,0.7811365984497366
07,hyperparam_draw,7.691816508910645,1022,switch_dr,random,7.691816508910645,0.7149102654806986,0.7153918288961995,0.31847608421934154,43.92342253412666,0.0,0.6055054876450986
07,hyperparam_draw,0.9569093793040819,1022,switch_dr,random,0.9569093793040819,0.7135690350313642,0.7153918288961995,0.31847608421934154,43.92342253412666,0.0,0.7274304639478587
07,hyperparam_draw,1.9914428285580432,1022,switch_dr,random,1.9914428285580432,0.7169216642784261,0.7153918288961995,0.31847608421934154,43.92342253412666,0.0,0.8102651195447188
07,hyperparam_draw,29.940723853831265,1022,switch_dr,random,29.940723853831265,0.7118058683881611,0.7153918288961995,0.31847608421934154,43.92342253412666,0.0,0.378180000251412
07,hyperparam_draw,4.912211637146517,1022,switch_dr,random,4.912211637146517,0.716673557607573,0.7153918288961995,0.31847608421934154,43.92342253412666,0.0,0.685527825161086
07,hyperparam_draw,1.4415728967269292,1022,switch_dr,random,1.4415728967269292,0.7169474349627715,0.7153918288961995,0.31847608421934154,43.92342253412666,0.0,0.8116435806685669
07,hyperparam_draw,1.02022572131308,1022,switch_dr,random,1.02022572131308,0.7139387676105533,0.7153918288961995,0.31847608421934154,43.92342253412666,0.0,0.7504686794066563
07,hyperparam_draw,69.53236078014439,1022,switch_dr,random,69.53236078014439,0.7051829615065197,0.7153918288961995,0.31847608421934154,43.92342253412666,0.0,0.31847608421934154
07,hyperparam_draw,3.7540116431216126,1022,switch_dr,random,3.7540116431216126,0.7159522756322393,0.7153918288961995,0.31847608421934154,43.92342253412666,0.0,0.7357320416974039
07,hyperparam_draw,1.0537596400400255,1022,switch_dr,random,1.0537596400400255,0.7153699363799989,0.7153918288961995,0.31847608421934154,43.92342253412666,0.0,0.761328090009241
07,hyperparam_draw,26.4739146810677,1022,switch_dr,random,26.4739146810677,0.7118058683881611,0.7153918288961995,0.31847608421934154,43.92342253412666,0.0,0.378180000251412
07,hyperparam_draw,6.957919716027878,1022,switch_dr,random,6.957919716027878,0.7149228787960484,0.7153918288961995,0.31847608421934154,43.92342253412666,0.0,0.6267339307451575
07,hyperparam_draw,11.541449690450628,1022,switch_dr,random,11.541449690450628,0.7164980116971823,0.7153918288961995,0.31847608421934154,43.92342253412666,0.0,0.5146096613898717
07,hyperparam_draw,1.6698377831666913,1022,switch_dr,random,1.6698377831666913,0.7192669913579781,0.7153918288961995,0.31847608421934154,43.92342253412666,0.0,0.81554945136021
07,hyperparam_draw,57.169622584040866,1022,switch_dr,random,57.169622584040866,0.7051829615065197,0.7153918288961995,0.31847608421934154,43.92342253412666,0.0,0.31847608421934154
07,hyperparam_draw,11.804686219863306,1022,switch_dr,random,11.804686219863306,0.7162704397495158,0.7153918288961995,0.31847608421934154,43.92342253412666,0.0,0.508994377910806
07,hyperparam_draw,15.926155991342934,1022,switch_dr,random,15.926155991342934,0.7114948952767265,0.7153918288961995,0.31847608421934154,43.92342253412666,0.0,0.45699275618086665
07,hyperparam_draw,61.631510138343224,1022,dros,random,61.631510138343224,0.7150615581351006,0.7153918288961995,0.31847608421934154,43.92342253412666,0.0,0.6919576610223233
07,hyperparam_draw,1153.419570422145,1022,dros,random,1153.419570422145,0.7096363286555082,0.7153918288961995,0.31847608421934154,43.92342253412666,0.0,0.4221759064408953
07,hyperparam_draw,695.2470974648182,1022,dros,random,695.2470974648182,0.7107621485809903,0.7153918288961995,0.31847608421934154,43.92342253412666,0.0,0.4568691645993413
07,hyperparam_draw,45.98791554870638,1022,dros,random,45.98791554870638,0.7153168026380488,0.7153918288961995,0.31847608421934154,43.92342253412666,0.0,0.723901096461441
07,hyperparam_draw,0.7264195789718838,1022,dros,random,0.7264195789718838,0.7077642030818049,0.7153918288961995,0.31847608421934154,43.92342253412666,0.0,0.9781267843298554
07,hyperparam_draw,193.8499409386418,1022,dros,random,193.8499409386418,0.7134323388436759,0.7153918288961995,0.31847608421934154,43.92342253412666,0.0,0.5696110025926078
07,hyperparam_draw,87.85272133713681,1022,dros,random,87.85272133713681,0.7146637520193705,0.7153918288961995,0.31847608421934154,43.92342253412666,0.0,0.653176530350982
07,hyperparam_draw,755.7328919286821,1022,dros,random,755.7328919286821,0.7105755876664774,0.7153918288961995,0.31847608421934154,43.92342253412666,0.0,0.4507458763261905
07,hyperparam_draw,24.726434862533445,1022,dros,random,24.726434862533445,0.7156423422038893,0.7153918288961995,0.31847608421934154,43.92342253412666,0.0,0.7895171642563584
07,hyperparam_draw,2.3951012915315544,1022,dros,random,2.3951012915315544,0.7128950183354508,0.7153918288961995,0.31847608421934154,43.92342253412666,0.0,0.9622566278727412
07,hyperparam_draw,58.94315437881602,1022,dros,random,58.94315437881602,0.7151046808070001,0.7153918288961995,0.31847608421934154,43.92342253412666,0.0,0.6968402228016614
07,hyperparam_draw,2058.1835159911934,1022,dros,random,2058.1835159911934,0.7084234468849723,0.7153918288961995,0.31847608421934154,43.92342253412666,0.0,0.389738910227623
07,hyperparam_draw,311.909393939674,1022,dros,random,311.909393939674,0.7125034494245623,0.7153918288961995,0.31847608421934154,43.92342253412666,0.0,0.5236926265391045
07,hyperparam_draw,16.039436348004507,1022,dros,random,16.039436348004507,0.715684534829409,0.7153918288961995,0.31847608421934154,43.92342253412666,0.0,0.8321894939216851
07,hyperparam_draw,1679.2837342111236,1022,dros,random,1679.2837342111236,0.708834209027783,0.7153918288961995,0.31847608421934154,43.92342253412666,0.0,0.4002528125617438
07,hyperparam_draw,4283.309034840031,1022,dros,random,4283.309034840031,0.7071533795308148,0.7153918288961995,0.31847608421934154,43.92342253412666,0.0,0.3596543477572575
07,hyperparam_draw,233.1313501869858,1022,dros,random,233.1313501869858,0.7130855296602915,0.7153918288961995,0.31847608421934154,43.92342253412666,0.0,0.5513103646295991
07,hyperparam_draw,10.206777452434725,1022,dros,random,10.206777452434725,0.7155282906438634,0.7153918288961995,0.31847608421934154,43.92342253412666,0.0,0.8727239374035788
07,hyperparam_draw,7307.214202650836,1022,dros,random,7307.214202650836,0.7064752159988299,0.7153918288961995,0.31847608421934154,43.92342253412666,0.0,0.34482267017072277
07,hyperparam_draw,0.5292738715775187,1022,dros,random,0.5292738715775187,0.7061405566493919,0.7153918288961995,0.31847608421934154,43.92342253412666,0.0,0.9738601195208408
07,hyperparam_draw,643.8298125124165,1022,dros,random,643.8298125124165,0.7109337493463458,0.7153918288961995,0.31847608421934154,43.92342253412666,0.0,0.4626502032842648
07,hyperparam_draw,6.421027657503625,1022,dros,random,6.421027657503625,0.7150920243617509,0.7153918288961995,0.31847608421934154,43.92342253412666,0.0,0.9088181668691466
07,hyperparam_draw,8.748341687709988,1022,dros,random,8.748341687709988,0.7154179181767752,0.7153918288961995,0.31847608421934154,43.92342253412666,0.0,0.8854050239950321
07,hyperparam_draw,0.5104923072247044,1022,dros,random,0.5104923072247044,0.7059545682322171,0.7153918288961995,0.31847608421934154,43.92342253412666,0.0,0.9731848631213891
07,hyperparam_draw,28.426601597891086,1022,dros,random,28.426601597891086,0.7155950100026754,0.7153918288961995,0.31847608421934154,43.92342253412666,0.0,0.7751404264732802
07,hyperparam_draw,173.01898908963085,1022,dros,random,173.01898908963085,0.7136360397121811,0.7153918288961995,0.31847608421934154,43.92342253412666,0.0,0.5811589458582725
07,hyperparam_draw,64.04636178441024,1022,dros,random,64.04636178441024,0.7150231628078695,0.7153918288961995,0.31847608421934154,43.92342253412666,0.0,0.6877480135362574
07,hyperparam_draw,283.70554358459714,1022,dros,random,283.70554358459714,0.7126971266229597,0.7153918288961995,0.31847608421934154,43.92342253412666,0.0,0.5325046049572781
07,hyperparam_draw,161.502352019504,1022,dros,random,161.502352019504,0.7137554637284682,0.7153918288961995,0.31847608421934154,43.92342253412666,0.0,0.5882479656903349
07,hyperparam_draw,42.738657235489185,1022,dros,random,42.738657235489185,0.7153704815092192,0.7153918288961995,0.31847608421934154,43.92342253412666,0.0,0.7318325420634729
07,hyperparam_draw,0.6825474276522967,1022,dros,random,0.6825474276522967,0.7074473040898291,0.7153918288961995,0.31847608421934154,43.92342253412666,0.0,0.9775343887814876
07,hyperparam_draw,14.259600747141183,1022,dros,random,14.259600747141183,0.7156656235314945,0.7153918288961995,0.31847608421934154,43.92342253412666,0.0,0.8431796680377376
07,hyperparam_draw,162.85388943830694,1022,dros,random,162.85388943830694,0.7137411809440168,0.7153918288961995,0.31847608421934154,43.92342253412666,0.0,0.5873867884764074
07,hyperparam_draw,0.5893111561283624,1022,dros,random,0.5893111561283624,0.7066939827355971,0.7153918288961995,0.31847608421934154,43.92342253412666,0.0,0.9756496493149976
07,hyperparam_draw,2462.6948573771706,1022,dros,random,2462.6948573771706,0.7080796089371022,0.7153918288961995,0.31847608421934154,43.92342253412666,0.0,0.3812570968285286
07,hyperparam_draw,5940.85290743661,1022,dros,random,5940.85290743661,0.7067126374879443,0.7153918288961995,0.31847608421934154,43.92342253412666,0.0,0.34992949628961845
07,hyperparam_draw,22.14113625052953,1022,dros,random,22.14113625052953,0.7156686485834063,0.7153918288961995,0.31847608421934154,43.92342253412666,0.0,0.8007046871952176
07,hyperparam_draw,91.62616418164,1022,dros,random,91.62616418164,0.714610039079342,0.7153918288961995,0.31847608421934154,43.92342253412666,0.0,0.6485985335668872
07,hyperparam_draw,5214.149417410493,1022,dros,random,5214.149417410493,0.706878682863856,0.7153918288961995,0.31847608421934154,43.92342253412666,0.0,0.3535549054109655
07,hyperparam_draw,71.96595362479106,1022,dros,random,71.96595362479106,0.7148996704016222,0.7153918288961995,0.31847608421934154,43.92342253412666,0.0,0.6749761658833139
07,hyperparam_draw,5222.424423151558,1022,dros,random,5222.424423151558,0.7068765874201807,0.7153918288961995,0.31847608421934154,43.92342253412666,0.0,0.3535088704902279
07,hyperparam_draw,693.3458218766516,1022,dros,random,693.3458218766516,0.7107682697591489,0.7153918288961995,0.31847608421934154,43.92342253412666,0.0,0.45707288156596615
07,hyperparam_draw,73.78087156160053,1022,dros,random,73.78087156160053,0.7148719141242454,0.7153918288961995,0.31847608421934154,43.92342253412666,0.0,0.6722489539749886
07,hyperparam_draw,2.807089211556443,1022,dros,random,2.807089211556443,0.7133813252486323,0.7153918288961995,0.31847608421934154,43.92342253412666,0.0,0.9560428285646437
07,hyperparam_draw,6071.399225400739,1022,dros,random,6071.399225400739,0.7066862210436174,0.7153918288961995,0.31847608421934154,43.92342253412666,0.0,0.34935686483931244
07,hyperparam_draw,1017.5169717130648,1022,dros,random,1017.5169717130648,0.7099125200905769,0.7153918288961995,0.31847608421934154,43.92342253412666,0.0,0.43021747508722374
07,hyperparam_draw,10.317827093987878,1022,dros,random,10.317827093987878,0.7155348489179933,0.7153918288961995,0.31847608421934154,43.92342253412666,0.0,0.8718104246852625
07,hyperparam_draw,105.0193157530907,1022,dros,random,105.0193157530907,0.71442633157688,0.7153918288961995,0.31847608421934154,43.92342253412666,0.0,0.6338155599486807
07,hyperparam_draw,9.477661986348767,1022,dros,random,9.477661986348767,0.7154792517420479,0.7153918288961995,0.31847608421934154,43.92342253412666,0.0,0.8788986428589355
07,hyperparam_draw,366.8143689168166,1022,dros,random,366.8143689168166,0.7121641721926166,0.7153918288961995,0.31847608421934154,43.92342253412666,0.0,0.50904229339771
07,hyperparam_draw,4855.2470045785485,1022,dros,random,4855.2470045785485,0.7069748984615396,0.7153918288961995,0.31847608421934154,43.92342253412666,0.0,0.35567661033504255
07,hyperparam_draw,0.560967621653064,1022,dros,random,0.560967621653064,0.7064401423343257,0.7153918288961995,0.31847608421934154,43.92342253412666,0.0,0.9748701778384531
07,hyperparam_draw,0.8256076217975077,1022,dros,random,0.8256076217975077,0.7084075029160679,0.7153918288961995,0.31847608421934154,43.92342253412666,0.0,0.9789376475304967
07,hyperparam_draw,1.8510847737947158,1022,dros,random,1.8510847737947158,0.7119944005134178,0.7153918288961995,0.31847608421934154,43.92342253412666,0.0,0.9702799015560684
07,hyperparam_draw,1.1897217957005999,1022,dros,random,1.1897217957005999,0.7101530784232836,0.7153918288961995,0.31847608421934154,43.92342253412666,0.0,0.978060206750386
07,hyperparam_draw,210.7461593187488,1022,dros,random,210.7461593187488,0.7132776329641819,0.7153918288961995,0.31847608421934154,43.92342253412666,0.0,0.5612514355910475
07,hyperparam_draw,3.607388271123128,1022,dros,random,3.607388271123128,0.7140425843689018,0.7153918288961995,0.31847608421934154,43.92342253412666,0.0,0.9442900826994277
07,hyperparam_draw,88.02379616234282,1022,dros,random,88.02379616234282,0.7146612978123446,0.7153918288961995,0.31847608421934154,43.92342253412666,0.0,0.6529645782754793
07,hyperparam_draw,492.5122526216837,1022,dros,random,492.5122526216837,0.711527414589212,0.7153918288961995,0.31847608421934154,43.92342253412666,0.0,0.4838615076274913
07,hyperparam_draw,3029.1844103046537,1022,dros,random,3029.1844103046537,0.7077078677874947,0.7153918288961995,0.31847608421934154,43.92342253412666,0.0,0.37238189974495256
07,hyperparam_draw,nan,1022,ips,fixed,nan,0.7126186174089456,0.7153918288961995,0.31847608421934154,43.92342253412666,0.0,0.31847608421934154
07,hyperparam_draw,nan,1022,snips,fixed,nan,0.7074924867435902,0.7153918288961995,0.31847608421934154,43.92342253412666,0.0,0.31847608421934154
07,hyperparam_draw,nan,1022,dr,fixed,nan,0.7051829615065197,0.7153918288961995,0.31847608421934154,43.92342253412666,0.0,0.31847608421934154
07,hyperparam_draw,5.575533510570245,1022,clipped_ips,slope,5.575533510570245,0.7021536570725462,0.7153918288961995,0.31847608421934154,43.92342253412666,0.0,0.5762939566436276
07,hyperparam_draw,1.4046449468169058,1022,switch_dr,slope,1.4046449468169058,0.7171800544247463,0.7153918288961995,0.31847608421934154,43.92342253412666,0.0,0.8100275593714242
07,hyperparam_draw,0.49706507896982666,1022,dros,slope,0.49706507896982666,0.7058174960535025,0.7153918288961995,0.31847608421934154,43.92342253412666,0.0,0.9726639008206707
07,hyperparam_draw,53.678479162546,1023,clipped_ips,random,53.678479162546,0.7209716692741709,0.7153918288961995,0.2957352542886972,53.28174233967153,0.0,0.2957352542886972
07,hyperparam_draw,1.7941296579830521,1023,clipped_ips,random,1.7941296579830521,0.6610016599520347,0.7153918288961995,0.2957352542886972,53.28174233967153,0.0,0.8245334445780971
07,hyperparam_draw,44.99678137500347,1023,clipped_ips,random,44.99678137500347,0.7204736371643345,0.7153918288961995,0.2957352542886972,53.28174233967153,0.0,0.3025489978798787
07,hyperparam_draw,4.823596556760531,1023,clipped_ips,random,4.823596556760531,0.7018257376429891,0.7153918288961995,0.2957352542886972,53.28174233967153,0.0,0.6183140585203081
07,hyperparam_draw,37.88915627820328,1023,clipped_ips,random,37.88915627820328,0.7199106319244652,0.7153918288961995,0.2957352542886972,53.28174233967153,0.0,0.3110995093823768
07,hyperparam_draw,72.95254673950807,1023,clipped_ips,random,72.95254673950807,0.7209716692741709,0.7153918288961995,0.2957352542886972,53.28174233967153,0.0,0.2957352542886972
07,hyperparam_draw,46.31367914890619,1023,clipped_ips,random,46.31367914890619,0.7205527995622714,0.7153918288961995,0.2957352542886972,53.28174233967153,0.0,0.30152721508857017
07,hyperparam_draw,11.439936183126221,1023,clipped_ips,random,11.439936183126221,0.7134087070870643,0.7153918288961995,0.2957352542886972,53.28174233967153,0.0,0.45681643760345275
07,hyperparam_draw,16.524341769662037,1023,clipped_ips,random,16.524341769662037,0.7152243978917333,0.7153918288961995,0.2957352542886972,53.28174233967153,0.0,0.40110964738326155
07,hyperparam_draw,0.7081971945194078,1023,clipped_ips,random,0.7081971945194078,0.5299796156631728,0.7153918288961995,0.2957352542886972,53.28174233967153,0.0,0.9789946324502449
07,hyperparam_draw,12.428766732767327,1023,clipped_ips,random,12.428766732767327,0.7140760244521681,0.7153918288961995,0.2957352542886972,53.28174233967153,0.0,0.44241865030478167
07,hyperparam_draw,2.9926906183531097,1023,clipped_ips,random,2.9926906183531097,0.6886497044139134,0.7153918288961995,0.2957352542886972,53.28174233967153,0.0,0.7167105212198399
07,hyperparam_draw,14.99353387984165,1023,clipped_ips,random,14.99353387984165,0.7149153473275003,0.7153918288961995,0.2957352542886972,53.28174233967153,0.0,0.41371748833410527
07,hyperparam_draw,2.5745323814985013,1023,clipped_ips,random,2.5745323814985013,0.6825197086538617,0.7153918288961995,0.2957352542886972,53.28174233967153,0.0,0.7482505977745313
07,hyperparam_draw,1.1783489888162535,1023,clipped_ips,random,1.1783489888162535,0.6215480987834757,0.7153918288961995,0.2957352542886972,53.28174233967153,0.0,0.9065343223802008
07,hyperparam_draw,102.98095860131545,1023,clipped_ips,random,102.98095860131545,0.7209716692741709,0.7153918288961995,0.2957352542886972,53.28174233967153,0.0,0.2957352542886972
07,hyperparam_draw,1.3234532946405002,1023,clipped_ips,random,1.3234532946405002,0.6344313457922548,0.7153918288961995,0.2957352542886972,53.28174233967153,0.0,0.8852394781536413
07,hyperparam_draw,4.909869215170719,1023,clipped_ips,random,4.909869215170719,0.7021906812271577,0.7153918288961995,0.2957352542886972,53.28174233967153,0.0,0.6147018091553185
07,hyperparam_draw,17.43917549772849,1023,clipped_ips,random,17.43917549772849,0.7154547736497502,0.7153918288961995,0.2957352542886972,53.28174233967153,0.0,0.393697341549416
07,hyperparam_draw,3.2409268424357025,1023,clipped_ips,random,3.2409268424357025,0.691383663810679,0.7153918288961995,0.2957352542886972,53.28174233967153,0.0,0.7001468974922458
07,hyperparam_draw,104.57912802089876,1023,clipped_ips,random,104.57912802089876,0.7209716692741709,0.7153918288961995,0.2957352542886972,53.28174233967153,0.0,0.2957352542886972
07,hyperparam_draw,40.95074441142677,1023,clipped_ips,random,40.95074441142677,0.7201801216382789,0.7153918288961995,0.2957352542886972,53.28174233967153,0.0,0.30684285347108153
07,hyperparam_draw,1.7188856225990772,1023,clipped_ips,random,1.7188856225990772,0.6578537350262639,0.7153918288961995,0.2957352542886972,53.28174233967153,0.0,0.8332526718942432
07,hyperparam_draw,6.147748467469786,1023,clipped_ips,random,6.147748467469786,0.706000511848568,0.7153918288961995,0.2957352542886972,53.28174233967153,0.0,0.5720621816753086
07,hyperparam_draw,24.576330651152823,1023,clipped_ips,random,24.576330651152823,0.7171767331099355,0.7153918288961995,0.2957352542886972,53.28174233967153,0.0,0.3496523366704819
07,hyperparam_draw,3.5132319386181177,1023,clipped_ips,random,3.5132319386181177,0.6938939683717331,0.7153918288961995,0.2957352542886972,53.28174233967153,0.0,0.6833357821659085
07,hyperparam_draw,36.37095532274871,1023,clipped_ips,random,36.37095532274871,0.7197769955490964,0.7153918288961995,0.2957352542886972,53.28174233967153,0.0,0.3131211188133892
07,hyperparam_draw,10.923562267010377,1023,clipped_ips,random,10.923562267010377,0.7130140743078437,0.7153918288961995,0.2957352542886972,53.28174233967153,0.0,0.4651864063725478
07,hyperparam_draw,36.28202198048688,1023,clipped_ips,random,36.28202198048688,0.719769167382827,0.7153918288961995,0.2957352542886972,53.28174233967153,0.0,0.3132376092605419
07,hyperparam_draw,3.45810993803654,1023,clipped_ips,random,3.45810993803654,0.693429656442624,0.7153918288961995,0.2957352542886972,53.28174233967153,0.0,0.686616522212372
07,hyperparam_draw,1.493792073081884,1023,clipped_ips,random,1.493792073081884,0.6462460059496469,0.7153918288961995,0.2957352542886972,53.28174233967153,0.0,0.8615938198620328
07,hyperparam_draw,100.6886729363633,1023,clipped_ips,random,100.6886729363633,0.7209716692741709,0.7153918288961995,0.2957352542886972,53.28174233967153,0.0,0.2957352542886972
07,hyperparam_draw,0.7844911582169098,1023,clipped_ips,random,0.7844911582169098,0.5552086235814778,0.7153918288961995,0.2957352542886972,53.28174233967153,0.0,0.9678261586932444
07,hyperparam_draw,27.975210738659484,1023,clipped_ips,random,27.975210738659484,0.7181278040301495,0.7153918288961995,0.2957352542886972,53.28174233967153,0.0,0.3352528682380158
07,hyperparam_draw,16.723658883360383,1023,clipped_ips,random,16.723658883360383,0.715274590434646,0.7153918288961995,0.2957352542886972,53.28174233967153,0.0,0.39950706866689817
07,hyperparam_draw,47.210282164698526,1023,clipped_ips,random,47.210282164698526,0.7206066968701216,0.7153918288961995,0.2957352542886972,53.28174233967153,0.0,0.3008177628925745
07,hyperparam_draw,0.7531048270953856,1023,clipped_ips,random,0.7531048270953856,0.5457041535277614,0.7153918288961995,0.2957352542886972,53.28174233967153,0.0,0.9725305552804011
07,hyperparam_draw,71.20128810577913,1023,clipped_ips,random,71.20128810577913,0.7209716692741709,0.7153918288961995,0.2957352542886972,53.28174233967153,0.0,0.2957352542886972
07,hyperparam_draw,2.082782660171515,1023,clipped_ips,random,2.082782660171515,0.6708912770623683,0.7153918288961995,0.2957352542886972,53.28174233967153,0.0,0.7935802874646737
07,hyperparam_draw,68.55221457731106,1023,clipped_ips,random,68.55221457731106,0.7209716692741709,0.7153918288961995,0.2957352542886972,53.28174233967153,0.0,0.2957352542886972
07,hyperparam_draw,100.56834845183573,1023,clipped_ips,random,100.56834845183573,0.7209716692741709,0.7153918288961995,0.2957352542886972,53.28174233967153,0.0,0.2957352542886972
07,hyperparam_draw,1.4325318293679792,1023,clipped_ips,random,1.4325318293679792,0.6423495873638402,0.7153918288961995,0.2957352542886972,53.28174233967153,0.0,0.8698621140143358
07,hyperparam_draw,4.6186035257901406,1023,clipped_ips,random,4.6186035257901406,0.7009088206588372,0.7153918288961995,0.2957352542886972,53.28174233967153,0.0,0.6270823342893309
07,hyperparam_draw,16.276370288801363,1023,clipped_ips,random,16.276370288801363,0.7151619530822372,0.7153918288961995,0.2957352542886972,53.28174233967153,0.0,0.403092802476016
07,hyperparam_draw,3.281064737114012,1023,clipped_ips,random,3.281064737114012,0.6917871359525738,0.7153918288961995,0.2957352542886972,53.28174233967153,0.0,0.6975783084024242
07,hyperparam_draw,93.48329690119752,1023,clipped_ips,random,93.48329690119752,0.7209716692741709,0.7153918288961995,0.2957352542886972,53.28174233967153,0.0,0.2957352542886972
07,hyperparam_draw,1.3356413269198981,1023,clipped_ips,random,1.3356413269198981,0.6353642771255464,0.7153918288961995,0.2957352542886972,53.28174233967153,0.0,0.8835079081261372
07,hyperparam_draw,7.433208493830167,1023,clipped_ips,random,7.433208493830167,0.7083211863312537,0.7153918288961995,0.2957352542886972,53.28174233967153,0.0,0.53779647796222
07,hyperparam_draw,57.31201815729531,1023,clipped_ips,random,57.31201815729531,0.7209716692741709,0.7153918288961995,0.2957352542886972,53.28174233967153,0.0,0.2957352542886972
07,hyperparam_draw,2.601238032731223,1023,clipped_ips,random,2.601238032731223,0.682985551471114,0.7153918288961995,0.2957352542886972,53.28174233967153,0.0,0.7460910943503023
07,hyperparam_draw,2.8949383782302616,1023,clipped_ips,random,2.8949383782302616,0.6874118402542215,0.7153918288961995,0.2957352542886972,53.28174233967153,0.0,0.7236779929576589
07,hyperparam_draw,24.90149249524481,1023,clipped_ips,random,24.90149249524481,0.7172706918482998,0.7153918288961995,0.2957352542886972,53.28174233967153,0.0,0.34806161114712547
07,hyperparam_draw,21.95462516400031,1023,clipped_ips,random,21.95462516400031,0.7165081259944109,0.7153918288961995,0.2957352542886972,53.28174233967153,0.0,0.36381618500004104
07,hyperparam_draw,9.517801490188448,1023,clipped_ips,random,9.517801490188448,0.711388353188146,0.7153918288961995,0.2957352542886972,53.28174233967153,0.0,0.49156052443648424
07,hyperparam_draw,16.47357659775034,1023,clipped_ips,random,16.47357659775034,0.715211614076925,0.7153918288961995,0.2957352542886972,53.28174233967153,0.0,0.40151662109993586
07,hyperparam_draw,20.61587514186491,1023,clipped_ips,random,20.61587514186491,0.716198587700191,0.7153918288961995,0.2957352542886972,53.28174233967153,0.0,0.3714194272408014
07,hyperparam_draw,0.9098494646114811,1023,clipped_ips,random,0.9098494646114811,0.5844708582734541,0.7153918288961995,0.2957352542886972,53.28174233967153,0.0,0.9482647859650278
07,hyperparam_draw,51.153013841102776,1023,clipped_ips,random,51.153013841102776,0.7208437054672281,0.7153918288961995,0.2957352542886972,53.28174233967153,0.0,0.2975706755933633
07,hyperparam_draw,4.186248901077714,1023,clipped_ips,random,4.186248901077714,0.6986365780449689,0.7153918288961995,0.2957352542886972,53.28174233967153,0.0,0.6469535833633627
07,hyperparam_draw,6.548138348958283,1023,clipped_ips,random,6.548138348958283,0.7068342305646007,0.7153918288961995,0.2957352542886972,53.28174233967153,0.0,0.5608026969620771
07,hyperparam_draw,1.5690805774617747,1023,switch_dr,random,1.5690805774617747,0.7187023043278624,0.7153918288961995,0.2957352542886972,53.28174233967153,0.0,0.8144655412149132
07,hyperparam_draw,12.031256309623465,1023,switch_dr,random,12.031256309623465,0.719739978196425,0.7153918288961995,0.2957352542886972,53.28174233967153,0.0,0.5372129805312509
07,hyperparam_draw,8.391156876471863,1023,switch_dr,random,8.391156876471863,0.7194916098620248,0.7153918288961995,0.2957352542886972,53.28174233967153,0.0,0.6033945619216179
07,hyperparam_draw,0.7100913001263238,1023,switch_dr,random,0.7100913001263238,0.7073544357488356,0.7153918288961995,0.2957352542886972,53.28174233967153,0.0,0.5065499390203883
07,hyperparam_draw,73.73774338426632,1023,switch_dr,random,73.73774338426632,0.7191212385564635,0.7153918288961995,0.2957352542886972,53.28174233967153,0.0,0.2957352542886972
07,hyperparam_draw,7.906357382781635,1023,switch_dr,random,7.906357382781635,0.7206316443794392,0.7153918288961995,0.2957352542886972,53.28174233967153,0.0,0.6171331981941522
07,hyperparam_draw,10.323664759721742,1023,switch_dr,random,10.323664759721742,0.7184538271399077,0.7153918288961995,0.2957352542886972,53.28174233967153,0.0,0.5751261298883902
07,hyperparam_draw,20.35912822195337,1023,switch_dr,random,20.35912822195337,0.7163593751519753,0.7153918288961995,0.2957352542886972,53.28174233967153,0.0,0.4316235498164436
07,hyperparam_draw,35.957648995240866,1023,switch_dr,random,35.957648995240866,0.7159300950685711,0.7153918288961995,0.2957352542886972,53.28174233967153,0.0,0.3366586194946478
07,hyperparam_draw,8.715352071893777,1023,switch_dr,random,8.715352071893777,0.7181673047000082,0.7153918288961995,0.2957352542886972,53.28174233967153,0.0,0.5973340159826633
07,hyperparam_draw,1.2535982643467574,1023,switch_dr,random,1.2535982643467574,0.716569285367405,0.7153918288961995,0.2957352542886972,53.28174233967153,0.0,0.7975923276841616
07,hyperparam_draw,83.32116576692103,1023,switch_dr,random,83.32116576692103,0.7191212385564635,0.7153918288961995,0.2957352542886972,53.28174233967153,0.0,0.2957352542886972
07,hyperparam_draw,1.414542752081061,1023,switch_dr,random,1.414542752081061,0.7169856339627891,0.7153918288961995,0.2957352542886972,53.28174233967153,0.0,0.8096217149733782
07,hyperparam_draw,5.453700136852298,1023,switch_dr,random,5.453700136852298,0.7220111121837991,0.7153918288961995,0.2957352542886972,53.28174233967153,0.0,0.6698535201430359
07,hyperparam_draw,18.4421234399565,1023,switch_dr,random,18.4421234399565,0.7175710938981521,0.7153918288961995,0.2957352542886972,53.28174233967153,0.0,0.4632461638272206
07,hyperparam_draw,44.35245630971411,1023,switch_dr,random,44.35245630971411,0.7165066683633011,0.7153918288961995,0.2957352542886972,53.28174233967153,0.0,0.31948052139889926
07,hyperparam_draw,40.69203024473573,1023,switch_dr,random,40.69203024473573,0.7159300950685711,0.7153918288961995,0.2957352542886972,53.28174233967153,0.0,0.3366586194946478
07,hyperparam_draw,21.443553827117235,1023,switch_dr,random,21.443553827117235,0.7163593751519753,0.7153918288961995,0.2957352542886972,53.28174233967153,0.0,0.4316235498164436
07,hyperparam_draw,1.6380097245962706,1023,switch_dr,random,1.6380097245962706,0.7192110150247127,0.7153918288961995,0.2957352542886972,53.28174233967153,0.0,0.8151729919614757
07,hyperparam_draw,3.3851372206787818,1023,switch_dr,random,3.3851372206787818,0.7249714819373144,0.7153918288961995,0.2957352542886972,53.28174233967153,0.0,0.750867966245841
07,hyperparam_draw,1.9253135802867754,1023,switch_dr,random,1.9253135802867754,0.7199420493604325,0.7153918288961995,0.2957352542886972,53.28174233967153,0.0,0.8115320243821262
07,hyperparam_draw,5.746207799913156,1023,switch_dr,random,5.746207799913156,0.7211947337246529,0.7153918288961995,0.2957352542886972,53.28174233967153,0.0,0.6611598527059843
07,hyperparam_draw,11.898500844109481,1023,switch_dr,random,11.898500844109481,0.7196241170363021,0.7153918288961995,0.2957352542886972,53.28174233967153,0.0,0.5406530391414921
07,hyperparam_draw,3.5806011693009694,1023,switch_dr,random,3.5806011693009694,0.7247562955161763,0.7153918288961995,0.2957352542886972,53.28174233967153,0.0,0.7433182276670093
07,hyperparam_draw,18.525709945740925,1023,switch_dr,random,18.525709945740925,0.7175710938981521,0.7153918288961995,0.2957352542886972,53.28174233967153,0.0,0.4632461638272206
07,hyperparam_draw,7.898043243858531,1023,switch_dr,random,7.898043243858531,0.7206316443794392,0.7153918288961995,0.2957352542886972,53.28174233967153,0.0,0.6171331981941522
07,hyperparam_draw,23.162938091825218,1023,switch_dr,random,23.162938091825218,0.7163593751519753,0.7153918288961995,0.2957352542886972,53.28174233967153,0.0,0.4316235498164436
07,hyperparam_draw,62.66913149796931,1023,switch_dr,random,62.66913149796931,0.7191212385564635,0.7153918288961995,0.2957352542886972,53.28174233967153,0.0,0.2957352542886972
07,hyperparam_draw,15.768231707206585,1023,switch_dr,random,15.768231707206585,0.7198978362286467,0.7153918288961995,0.2957352542886972,53.28174233967153,0.0,0.47429493343021106
07,hyperparam_draw,7.195463818945669,1023,switch_dr,random,7.195463818945669,0.7210356411963156,0.7153918288961995,0.2957352542886972,53.28174233967153,0.0,0.6221809330466709
07,hyperparam_draw,1.2519423575781543,1023,switch_dr,random,1.2519423575781543,0.7166655260005236,0.7153918288961995,0.2957352542886972,53.28174233967153,0.0,0.7972638868094603
07,hyperparam_draw,20.546364099779037,1023,switch_dr,random,20.546364099779037,0.7163593751519753,0.7153918288961995,0.2957352542886972,53.28174233967153,0.0,0.4316235498164436
07,hyperparam_draw,1.7179285836559408,1023,switch_dr,random,1.7179285836559408,0.7191608216629362,0.7153918288961995,0.2957352542886972,53.28174233967153,0.0,0.8150543387498275
07,hyperparam_draw,8.02490106996695,1023,switch_dr,random,8.02490106996695,0.7207385345148085,0.7153918288961995,0.2957352542886972,53.28174233967153,0.0,0.6152192668765752
07,hyperparam_draw,48.93510054414178,1023,switch_dr,random,48.93510054414178,0.7165066683633011,0.7153918288961995,0.2957352542886972,53.28174233967153,0.0,0.31948052139889926
07,hyperparam_draw,7.017071842453147,1023,switch_dr,random,7.017071842453147,0.7213637899109204,0.7153918288961995,0.2957352542886972,53.28174233967153,0.0,0.6280638621486186
07,hyperparam_draw,2.509652088591303,1023,switch_dr,random,2.509652088591303,0.7222429771820481,0.7153918288961995,0.2957352542886972,53.28174233967153,0.0,0.7901445397825794
07,hyperparam_draw,6.508064030236917,1023,switch_dr,random,6.508064030236917,0.7213051179405758,0.7153918288961995,0.2957352542886972,53.28174233967153,0.0,0.6404370392750243
07,hyperparam_draw,25.056895809653174,1023,switch_dr,random,25.056895809653174,0.7136425686955332,0.7153918288961995,0.2957352542886972,53.28174233967153,0.0,0.4145824091292382
07,hyperparam_draw,2.4851017318811515,1023,switch_dr,random,2.4851017318811515,0.7221870502900749,0.7153918288961995,0.2957352542886972,53.28174233967153,0.0,0.7910495858788796
07,hyperparam_draw,8.118775912328905,1023,switch_dr,random,8.118775912328905,0.7203633770731017,0.7153918288961995,0.2957352542886972,53.28174233967153,0.0,0.6132776649815821
07,hyperparam_draw,4.423696693360731,1023,switch_dr,random,4.423696693360731,0.7228343568231947,0.7153918288961995,0.2957352542886972,53.28174233967153,0.0,0.7089839939288037
07,hyperparam_draw,79.27220008068743,1023,switch_dr,random,79.27220008068743,0.7191212385564635,0.7153918288961995,0.2957352542886972,53.28174233967153,0.0,0.2957352542886972
07,hyperparam_draw,12.050831219726723,1023,switch_dr,random,12.050831219726723,0.719739978196425,0.7153918288961995,0.2957352542886972,53.28174233967153,0.0,0.5372129805312509
07,hyperparam_draw,13.625328503702237,1023,switch_dr,random,13.625328503702237,0.7211736299552878,0.7153918288961995,0.2957352542886972,53.28174233967153,0.0,0.5102538377686996
07,hyperparam_draw,28.771096711580668,1023,switch_dr,random,28.771096711580668,0.7132177205558732,0.7153918288961995,0.2957352542886972,53.28174233967153,0.0,0.3758034812103236
07,hyperparam_draw,2.1037646662373946,1023,switch_dr,random,2.1037646662373946,0.7201550091455916,0.7153918288961995,0.2957352542886972,53.28174233967153,0.0,0.8067912609916065
07,hyperparam_draw,6.40615110155941,1023,switch_dr,random,6.40615110155941,0.7215397613154335,0.7153918288961995,0.2957352542886972,53.28174233967153,0.0,0.6416785154745416
07,hyperparam_draw,23.30960578091003,1023,switch_dr,random,23.30960578091003,0.7151127773056345,0.7153918288961995,0.2957352542886972,53.28174233967153,0.0,0.42309696249074813
07,hyperparam_draw,5.4582463321974934,1023,switch_dr,random,5.4582463321974934,0.7220111121837991,0.7153918288961995,0.2957352542886972,53.28174233967153,0.0,0.6698535201430359
07,hyperparam_draw,4.137704171667197,1023,switch_dr,random,4.137704171667197,0.7241627998887007,0.7153918288961995,0.2957352542886972,53.28174233967153,0.0,0.7219301176990799
07,hyperparam_draw,102.13069317966723,1023,switch_dr,random,102.13069317966723,0.7191212385564635,0.7153918288961995,0.2957352542886972,53.28174233967153,0.0,0.2957352542886972
07,hyperparam_draw,8.028025556431881,1023,switch_dr,random,8.028025556431881,0.7207385345148085,0.7153918288961995,0.2957352542886972,53.28174233967153,0.0,0.6152192668765752
07,hyperparam_draw,2.565356793616714,1023,switch_dr,random,2.565356793616714,0.7233677891140203,0.7153918288961995,0.2957352542886972,53.28174233967153,0.0,0.7871204554132079
07,hyperparam_draw,7.564401645538268,1023,switch_dr,random,7.564401645538268,0.7208186982969652,0.7153918288961995,0.2957352542886972,53.28174233967153,0.0,0.6205914456449977
07,hyperparam_draw,2.940260750617294,1023,switch_dr,random,2.940260750617294,0.7249407383890281,0.7153918288961995,0.2957352542886972,53.28174233967153,0.0,0.7704079322989308
07,hyperparam_draw,3.1362558370896325,1023,switch_dr,random,3.1362558370896325,0.7251424547773186,0.7153918288961995,0.2957352542886972,53.28174233967153,0.0,0.7610674683648662
07,hyperparam_draw,57.59037602439255,1023,switch_dr,random,57.59037602439255,0.7191212385564635,0.7153918288961995,0.2957352542886972,53.28174233967153,0.0,0.2957352542886972
07,hyperparam_draw,3.4477306533384886,1023,switch_dr,random,3.4477306533384886,0.7250345635172157,0.7153918288961995,0.2957352542886972,53.28174233967153,0.0,0.7483331999633922
07,hyperparam_draw,22.627253189612976,1023,switch_dr,random,22.627253189612976,0.7163593751519753,0.7153918288961995,0.2957352542886972,53.28174233967153,0.0,0.4316235498164436
07,hyperparam_draw,116.13297246610271,1023,dros,random,116.13297246610271,0.7192941141871668,0.7153918288961995,0.2957352542886972,53.28174233967153,0.0,0.6389116872894822
07,hyperparam_draw,2660.102369455665,1023,dros,random,2660.102369455665,0.7176689761256789,0.7153918288961995,0.2957352542886972,53.28174233967153,0.0,0.37427937164943265
07,hyperparam_draw,7596.958555488379,1023,dros,random,7596.958555488379,0.7183065344401365,0.7153918288961995,0.2957352542886972,53.28174233967153,0.0,0.3306863177894886
07,hyperparam_draw,110.33390476771555,1023,dros,random,110.33390476771555,0.7193512442939192,0.7153918288961995,0.2957352542886972,53.28174233967153,0.0,0.6440656390763141
07,hyperparam_draw,9.168285728327264,1023,dros,random,9.168285728327264,0.7195037696149428,0.7153918288961995,0.2957352542886972,53.28174233967153,0.0,0.8807375105956274
07,hyperparam_draw,382.78812042973834,1023,dros,random,382.78812042973834,0.717973708965599,0.7153918288961995,0.2957352542886972,53.28174233967153,0.0,0.5219671457048843
07,hyperparam_draw,1100.7349634949637,1023,dros,random,1100.7349634949637,0.7174172955867731,0.7153918288961995,0.2957352542886972,53.28174233967153,0.0,0.4319674105360933
07,hyperparam_draw,203.24869436714826,1023,dros,random,203.24869436714826,0.7186499177420447,0.7153918288961995,0.2957352542886972,53.28174233967153,0.0,0.5829668981034342
07,hyperparam_draw,10.365693644487102,1023,dros,random,10.365693644487102,0.7197132112361794,0.7153918288961995,0.2957352542886972,53.28174233967153,0.0,0.8706947270045583
07,hyperparam_draw,24.685354092638118,1023,dros,random,24.685354092638118,0.7203766237514926,0.7153918288961995,0.2957352542886972,53.28174233967153,0.0,0.79242759355469
07,hyperparam_draw,11.40268297939995,1023,dros,random,11.40268297939995,0.7198546600451732,0.7153918288961995,0.2957352542886972,53.28174233967153,0.0,0.8626777670104094
07,hyperparam_draw,8250.034247689706,1023,dros,random,8250.034247689706,0.71835291483703,0.7153918288961995,0.2957352542886972,53.28174233967153,0.0,0.3283297445813947
07,hyperparam_draw,0.4935853916105345,1023,dros,random,0.4935853916105345,0.7065249741085545,0.7153918288961995,0.2957352542886972,53.28174233967153,0.0,0.9738881801814838
07,hyperparam_draw,0.7332325623545979,1023,dros,random,0.7332325623545979,0.7088589240116376,0.7153918288961995,0.2957352542886972,53.28174233967153,0.0,0.9795768320729954
07,hyperparam_draw,24.174689288783487,1023,dros,random,24.174689288783487,0.7203754891107885,0.7153918288961995,0.2957352542886972,53.28174233967153,0.0,0.7944223807044289
07,hyperparam_draw,505.5311693454396,1023,dros,random,505.5311693454396,0.7177379988214805,0.7153918288961995,0.2957352542886972,53.28174233967153,0.0,0.4965408367911426
07,hyperparam_draw,8.350156795922162,1023,dros,random,8.350156795922162,0.7193233303154876,0.7153918288961995,0.2957352542886972,53.28174233967153,0.0,0.8881581546480275
07,hyperparam_draw,1.8216210901736505,1023,dros,random,1.8216210901736505,0.7138811681620015,0.7153918288961995,0.2957352542886972,53.28174233967153,0.0,0.971395972353658
07,hyperparam_draw,4.06327327132227,1023,dros,random,4.06327327132227,0.7173179388698216,0.7153918288961995,0.2957352542886972,53.28174233967153,0.0,0.9373824457355837
07,hyperparam_draw,7360.117232821849,1023,dros,random,7360.117232821849,0.7182883377295208,0.7153918288961995,0.2957352542886972,53.28174233967153,0.0,0.33162849212830114
07,hyperparam_draw,0.931677933049095,1023,dros,random,0.931677933049095,0.7102541720374157,0.7153918288961995,0.2957352542886972,53.28174233967153,0.0,0.9804857711815106
07,hyperparam_draw,804.7638881707053,1023,dros,random,804.7638881707053,0.7174799164132806,0.7153918288961995,0.2957352542886972,53.28174233967153,0.0,0.45663712016862346
07,hyperparam_draw,5969.087219700343,1023,dros,random,5969.087219700343,0.7181633371755807,0.7153918288961995,0.2957352542886972,53.28174233967153,0.0,0.33840191993438695
07,hyperparam_draw,15.922542838660759,1023,dros,random,15.922542838660759,0.7202096399674245,0.7153918288961995,0.2957352542886972,53.28174233967153,0.0,0.8333164885439912
07,hyperparam_draw,4485.342460982632,1023,dros,random,4485.342460982632,0.7179842809299107,0.7153918288961995,0.2957352542886972,53.28174233967153,0.0,0.34925319674770283
07,hyperparam_draw,0.5191131116619607,1023,dros,random,0.5191131116619607,0.7068212415463899,0.7153918288961995,0.2957352542886972,53.28174233967153,0.0,0.9748740941105325
07,hyperparam_draw,2.4123228846225047,1023,dros,random,2.4123228846225047,0.7152151042173004,0.7153918288961995,0.2957352542886972,53.28174233967153,0.0,0.9622861933298623
07,hyperparam_draw,209.39783943525086,1023,dros,random,209.39783943525086,0.7186156652741682,0.7153918288961995,0.2957352542886972,53.28174233967153,0.0,0.5800232219477486
07,hyperparam_draw,32.79617646373998,1023,dros,random,32.79617646373998,0.7203339861423677,0.7153918288961995,0.2957352542886972,53.28174233967153,0.0,0.7649840865717739
07,hyperparam_draw,662.4628769174558,1023,dros,random,662.4628769174558,0.7175648743678448,0.7153918288961995,0.2957352542886972,53.28174233967153,0.0,0.4728990078401695
07,hyperparam_draw,75.48755681456393,1023,dros,random,75.48755681456393,0.719750052212043,0.7153918288961995,0.2957352542886972,53.28174233967153,0.0,0.682237443870692
07,hyperparam_draw,4.235510414642401,1023,dros,random,4.235510414642401,0.7174627161010817,0.7153918288961995,0.2957352542886972,53.28174233967153,0.0,0.9349802263727993
07,hyperparam_draw,1.4300303439881445,1023,dros,random,1.4300303439881445,0.7126345707004489,0.7153918288961995,0.2957352542886972,53.28174233967153,0.0,0.97672569503129
07,hyperparam_draw,9020.839600817246,1023,dros,random,9020.839600817246,0.7184014087391222,0.7153918288961995,0.2957352542886972,53.28174233967153,0.0,0.32593045102187285
07,hyperparam_draw,319.8907501799282,1023,dros,random,319.8907501799282,0.7181503219807873,0.7153918288961995,0.2957352542886972,53.28174233967153,0.0,0.5388818503519835
07,hyperparam_draw,3773.8600020587746,1023,dros,random,3773.8600020587746,0.71787545546297,0.7153918288961995,0.2957352542886972,53.28174233967153,0.0,0.35676687623643993
07,hyperparam_draw,17.359204063717385,1023,dros,random,17.359204063717385,0.7202677900441656,0.7153918288961995,0.2957352542886972,53.28174233967153,0.0,0.8254403245715697
07,hyperparam_draw,567.5307606465346,1023,dros,random,567.5307606465346,0.7176564951478851,0.7153918288961995,0.2957352542886972,53.28174233967153,0.0,0.48628445999681325
07,hyperparam_draw,10.366660723659196,1023,dros,random,10.366660723659196,0.7197133586455505,0.7153918288961995,0.2957352542886972,53.28174233967153,0.0,0.8706869724239423
07,hyperparam_draw,0.4948676086985704,1023,dros,random,0.4948676086985704,0.7065401937365972,0.7153918288961995,0.2957352542886972,53.28174233967153,0.0,0.9739406036680617
07,hyperparam_draw,121.46033265388735,1023,dros,random,121.46033265388735,0.7192436356602052,0.7153918288961995,0.2957352542886972,53.28174233967153,0.0,0.6344006080517978
07,hyperparam_draw,1.251890651716992,1023,dros,random,1.251890651716992,0.7119162716467723,0.7153918288961995,0.2957352542886972,53.28174233967153,0.0,0.9786603557618914
07,hyperparam_draw,3066.617418672277,1023,dros,random,3066.617418672277,0.7177493783834167,0.7153918288961995,0.2957352542886972,53.28174233967153,0.0,0.3667833059564362
07,hyperparam_draw,65.20876711944288,1023,dros,random,65.20876711944288,0.7198879414875751,0.7153918288961995,0.2957352542886972,53.28174233967153,0.0,0.6969134063610284
07,hyperparam_draw,71.05858652881234,1023,dros,random,71.05858652881234,0.719808325038808,0.7153918288961995,0.2957352542886972,53.28174233967153,0.0,0.6883044379821321
07,hyperparam_draw,2387.9987037234655,1023,dros,random,2387.9987037234655,0.7176127749640336,0.7153918288961995,0.2957352542886972,53.28174233967153,0.0,0.3803110726579189
07,hyperparam_draw,30.24884181594237,1023,dros,random,30.24884181594237,0.720356538274114,0.7153918288961995,0.2957352542886972,53.28174233967153,0.0,0.7728514240548524
07,hyperparam_draw,2.3136164809387925,1023,dros,random,2.3136164809387925,0.7150250044446006,0.7153918288961995,0.2957352542886972,53.28174233967153,0.0,0.9638380850955908
07,hyperparam_draw,17.493355937762903,1023,dros,random,17.493355937762903,0.7202723361420542,0.7153918288961995,0.2957352542886972,53.28174233967153,0.0,0.8247336173074564
07,hyperparam_draw,669.2183469582664,1023,dros,random,669.2183469582664,0.7175595931861083,0.7153918288961995,0.2957352542886972,53.28174233967153,0.0,0.47203473243123906
07,hyperparam_draw,1.7736438509133565,1023,dros,random,1.7736438509133565,0.7137478466537992,0.7153918288961995,0.2957352542886972,53.28174233967153,0.0,0.9720986714241965
07,hyperparam_draw,466.8617093675322,1023,dros,random,466.8617093675322,0.7178000284555958,0.7153918288961995,0.2957352542886972,53.28174233967153,0.0,0.5037094816973355
07,hyperparam_draw,12.983443796391093,1023,dros,random,12.983443796391093,0.720018100496029,0.7153918288961995,0.2957352542886972,53.28174233967153,0.0,0.8514840066354231
07,hyperparam_draw,508.5414138778023,1023,dros,random,508.5414138778023,0.7177335604661129,0.7153918288961995,0.2957352542886972,53.28174233967153,0.0,0.496009635367616
07,hyperparam_draw,23.347189321473643,1023,dros,random,23.347189321473643,0.7203721927119007,0.7153918288961995,0.2957352542886972,53.28174233967153,0.0,0.7977374377411667
07,hyperparam_draw,789.7115150198451,1023,dros,random,789.7115150198451,0.7174866293770947,0.7153918288961995,0.2957352542886972,53.28174233967153,0.0,0.4581852680594979
07,hyperparam_draw,251.23935492360792,1023,dros,random,251.23935492360792,0.7184095607404956,0.7153918288961995,0.2957352542886972,53.28174233967153,0.0,0.5621583211434272
07,hyperparam_draw,231.17441971910225,1023,dros,random,231.17441971910225,0.7185029172591554,0.7153918288961995,0.2957352542886972,53.28174233967153,0.0,0.5702920025474599
07,hyperparam_draw,5.506213607963837,1023,dros,random,5.506213607963837,0.7182961801028419,0.7153918288961995,0.2957352542886972,53.28174233967153,0.0,0.9184916443058903
07,hyperparam_draw,7.1607771383970995,1023,dros,random,7.1607771383970995,0.7189868502519862,0.7153918288961995,0.2957352542886972,53.28174233967153,0.0,0.8998954393020511
07,hyperparam_draw,nan,1023,ips,fixed,nan,0.7209716692741709,0.7153918288961995,0.2957352542886972,53.28174233967153,0.0,0.2957352542886972
07,hyperparam_draw,nan,1023,snips,fixed,nan,0.7219061785401235,0.7153918288961995,0.2957352542886972,53.28174233967153,0.0,0.2957352542886972
07,hyperparam_draw,nan,1023,dr,fixed,nan,0.7191212385564635,0.7153918288961995,0.2957352542886972,53.28174233967153,0.0,0.2957352542886972
07,hyperparam_draw,6.032034562710009,1023,clipped_ips,slope,6.032034562710009,0.7057168643542192,0.7153918288961995,0.2957352542886972,53.28174233967153,0.0,0.5754607676626919
07,hyperparam_draw,1.4351309321394516,1023,switch_dr,slope,1.4351309321394516,0.7170277197076032,0.7153918288961995,0.2957352542886972,53.28174233967153,0.0,0.810550577811565
07,hyperparam_draw,2.0596007923834514,1023,dros,slope,2.0596007923834514,0.7144802164409013,0.7153918288961995,0.2957352542886972,53.28174233967153,0.0,0.9677974092404041
07,hyperparam_draw,98.20017535700329,1024,clipped_ips,random,98.20017535700329,0.7176119807534774,0.7153918288961995,0.21205503897781422,67.57496208247287,0.0,0.21205503897781422
07,hyperparam_draw,83.45752157764913,1024,clipped_ips,random,83.45752157764913,0.7176119807534774,0.7153918288961995,0.21205503897781422,67.57496208247287,0.0,0.21205503897781422
07,hyperparam_draw,41.82965998158507,1024,clipped_ips,random,41.82965998158507,0.7169761394076888,0.7153918288961995,0.21205503897781422,67.57496208247287,0.0,0.24212524587885637
07,hyperparam_draw,13.435543991903797,1024,clipped_ips,random,13.435543991903797,0.7115307496632531,0.7153918288961995,0.21205503897781422,67.57496208247287,0.0,0.40707101797063794
07,hyperparam_draw,92.8752905092978,1024,clipped_ips,random,92.8752905092978,0.7176119807534774,0.7153918288961995,0.21205503897781422,67.57496208247287,0.0,0.21205503897781422
07,hyperparam_draw,3.959055309855143,1024,clipped_ips,random,3.959055309855143,0.6903591133437338,0.7153918288961995,0.21205503897781422,67.57496208247287,0.0,0.6541557359908562
07,hyperparam_draw,5.353701466815604,1024,clipped_ips,random,5.353701466815604,0.699012841313187,0.7153918288961995,0.21205503897781422,67.57496208247287,0.0,0.5882553357138418
07,hyperparam_draw,14.976383787374525,1024,clipped_ips,random,14.976383787374525,0.7126558981731729,0.7153918288961995,0.21205503897781422,67.57496208247287,0.0,0.3864955267472033
07,hyperparam_draw,14.325278542939419,1024,clipped_ips,random,14.325278542939419,0.7122030021343904,0.7153918288961995,0.21205503897781422,67.57496208247287,0.0,0.39490253810517234
07,hyperparam_draw,4.756596134803422,1024,clipped_ips,random,4.756596134803422,0.6958741838142614,0.7153918288961995,0.21205503897781422,67.57496208247287,0.0,0.6133314710278439
07,hyperparam_draw,1.459825508141365,1024,clipped_ips,random,1.459825508141365,0.6378587721817653,0.7153918288961995,0.21205503897781422,67.57496208247287,0.0,0.866042891000046
07,hyperparam_draw,82.32935359891232,1024,clipped_ips,random,82.32935359891232,0.7176119807534774,0.7153918288961995,0.21205503897781422,67.57496208247287,0.0,0.21205503897781422
07,hyperparam_draw,21.242552408420305,1024,clipped_ips,random,21.242552408420305,0.7149012927674552,0.7153918288961995,0.21205503897781422,67.57496208247287,0.0,0.32667716217695586
07,hyperparam_draw,15.538577126296017,1024,clipped_ips,random,15.538577126296017,0.7129765323263134,0.7153918288961995,0.21205503897781422,67.57496208247287,0.0,0.3800671890076269
07,hyperparam_draw,43.08217209917601,1024,clipped_ips,random,43.08217209917601,0.717053145873722,0.7153918288961995,0.21205503897781422,67.57496208247287,0.0,0.23978947059093733
07,hyperparam_draw,21.622370080513758,1024,clipped_ips,random,21.622370080513758,0.7149847556480209,0.7153918288961995,0.21205503897781422,67.57496208247287,0.0,0.32370885008550343
07,hyperparam_draw,109.97626340142307,1024,clipped_ips,random,109.97626340142307,0.7176119807534774,0.7153918288961995,0.21205503897781422,67.57496208247287,0.0,0.21205503897781422
07,hyperparam_draw,2.1514467019866053,1024,clipped_ips,random,2.1514467019866053,0.6647927286432862,0.7153918288961995,0.21205503897781422,67.57496208247287,0.0,0.7872270881725331
07,hyperparam_draw,62.71597270535871,1024,clipped_ips,random,62.71597270535871,0.7174669659642108,0.7153918288961995,0.21205503897781422,67.57496208247287,0.0,0.21592369763590655
07,hyperparam_draw,20.310560288553045,1024,clipped_ips,random,20.310560288553045,0.7146964925364394,0.7153918288961995,0.21205503897781422,67.57496208247287,0.0,0.33396327390950326
07,hyperparam_draw,20.166228342924725,1024,clipped_ips,random,20.166228342924725,0.7146647763714875,0.7153918288961995,0.21205503897781422,67.57496208247287,0.0,0.33509076245758523
07,hyperparam_draw,18.894028890112857,1024,clipped_ips,random,18.894028890112857,0.7143947341050599,0.7153918288961995,0.21205503897781422,67.57496208247287,0.0,0.34565581395860673
07,hyperparam_draw,90.97972786379007,1024,clipped_ips,random,90.97972786379007,0.7176119807534774,0.7153918288961995,0.21205503897781422,67.57496208247287,0.0,0.21205503897781422
07,hyperparam_draw,0.919386970393325,1024,clipped_ips,random,0.919386970393325,0.5818421137174536,0.7153918288961995,0.21205503897781422,67.57496208247287,0.0,0.9463822295090335
07,hyperparam_draw,11.606325572132265,1024,clipped_ips,random,11.606325572132265,0.7101621144764939,0.7153918288961995,0.21205503897781422,67.57496208247287,0.0,0.4356064247622613
07,hyperparam_draw,2.6367206892338464,1024,clipped_ips,random,2.6367206892338464,0.6748906257493485,0.7153918288961995,0.21205503897781422,67.57496208247287,0.0,0.7432301160465142
07,hyperparam_draw,78.87924171217156,1024,clipped_ips,random,78.87924171217156,0.7176119807534774,0.7153918288961995,0.21205503897781422,67.57496208247287,0.0,0.21205503897781422
07,hyperparam_draw,47.17352963413713,1024,clipped_ips,random,47.17352963413713,0.717172051916446,0.7153918288961995,0.21205503897781422,67.57496208247287,0.0,0.23399030803850024
07,hyperparam_draw,3.2594151926839974,1024,clipped_ips,random,3.2594151926839974,0.6834811654968116,0.7153918288961995,0.21205503897781422,67.57496208247287,0.0,0.6972529573155498
07,hyperparam_draw,1.303041087951672,1024,clipped_ips,random,1.303041087951672,0.6270572875011512,0.7153918288961995,0.21205503897781422,67.57496208247287,0.0,0.8877534577994822
07,hyperparam_draw,1.3637209468714362,1024,clipped_ips,random,1.3637209468714362,0.6315837273079672,0.7153918288961995,0.21205503897781422,67.57496208247287,0.0,0.8791518827365887
07,hyperparam_draw,56.94183908894692,1024,clipped_ips,random,56.94183908894692,0.7173590376533917,0.7153918288961995,0.21205503897781422,67.57496208247287,0.0,0.2217474820998601
07,hyperparam_draw,2.9904789362024213,1024,clipped_ips,random,2.9904789362024213,0.6801722591195405,0.7153918288961995,0.21205503897781422,67.57496208247287,0.0,0.715993218512785
07,hyperparam_draw,128.11640855671328,1024,clipped_ips,random,128.11640855671328,0.7176119807534774,0.7153918288961995,0.21205503897781422,67.57496208247287,0.0,0.21205503897781422
07,hyperparam_draw,2.0584149426986618,1024,clipped_ips,random,2.0584149426986618,0.6623702369525065,0.7153918288961995,0.21205503897781422,67.57496208247287,0.0,0.7964669595737065
07,hyperparam_draw,123.31512076964435,1024,clipped_ips,random,123.31512076964435,0.7176119807534774,0.7153918288961995,0.21205503897781422,67.57496208247287,0.0,0.21205503897781422
07,hyperparam_draw,13.25633148225589,1024,clipped_ips,random,13.25633148225589,0.7114036735164273,0.7153918288961995,0.21205503897781422,67.57496208247287,0.0,0.40965103178191775
07,hyperparam_draw,29.076548413552985,1024,clipped_ips,random,29.076548413552985,0.7167422728555732,0.7153918288961995,0.21205503897781422,67.57496208247287,0.0,0.27681267938382476
07,hyperparam_draw,1.3986579846457066,1024,clipped_ips,random,1.3986579846457066,0.6339877825600965,0.7153918288961995,0.21205503897781422,67.57496208247287,0.0,0.8743004651811087
07,hyperparam_draw,14.258574550668923,1024,clipped_ips,random,14.258574550668923,0.7121547768000989,0.7153918288961995,0.21205503897781422,67.57496208247287,0.0,0.3958022961691229
07,hyperparam_draw,130.49255888147403,1024,clipped_ips,random,130.49255888147403,0.7176119807534774,0.7153918288961995,0.21205503897781422,67.57496208247287,0.0,0.21205503897781422
07,hyperparam_draw,0.9417876087515018,1024,clipped_ips,random,0.9417876087515018,0.5857133013962058,0.7153918288961995,0.21205503897781422,67.57496208247287,0.0,0.9428676710195297
07,hyperparam_draw,12.528068914605027,1024,clipped_ips,random,12.528068914605027,0.7108771744005772,0.7153918288961995,0.21205503897781422,67.57496208247287,0.0,0.42091580035054466
07,hyperparam_draw,1.245613560556175,1024,clipped_ips,random,1.245613560556175,0.6222801169265955,0.7153918288961995,0.21205503897781422,67.57496208247287,0.0,0.8961591010798454
07,hyperparam_draw,4.488356364167238,1024,clipped_ips,random,4.488356364167238,0.694236077513042,0.7153918288961995,0.21205503897781422,67.57496208247287,0.0,0.6260221125394573
07,hyperparam_draw,125.30188766034595,1024,clipped_ips,random,125.30188766034595,0.7176119807534774,0.7153918288961995,0.21205503897781422,67.57496208247287,0.0,0.21205503897781422
07,hyperparam_draw,52.33108970977545,1024,clipped_ips,random,52.33108970977545,0.7172719137910987,0.7153918288961995,0.21205503897781422,67.57496208247287,0.0,0.2268483947524748
07,hyperparam_draw,2.375764701614505,1024,clipped_ips,random,2.375764701614505,0.669967741151224,0.7153918288961995,0.21205503897781422,67.57496208247287,0.0,0.765930058483643
07,hyperparam_draw,3.9718828106520765,1024,clipped_ips,random,3.9718828106520765,0.6904649241278245,0.7153918288961995,0.21205503897781422,67.57496208247287,0.0,0.6534262552766384
07,hyperparam_draw,0.7336898366620709,1024,clipped_ips,random,0.7336898366620709,0.5359385062796844,0.7153918288961995,0.21205503897781422,67.57496208247287,0.0,0.9749007699896627
07,hyperparam_draw,81.36767574059735,1024,clipped_ips,random,81.36767574059735,0.7176119807534774,0.7153918288961995,0.21205503897781422,67.57496208247287,0.0,0.21205503897781422
07,hyperparam_draw,8.732405580822688,1024,clipped_ips,random,8.732405580822688,0.7071845974034447,0.7153918288961995,0.21205503897781422,67.57496208247287,0.0,0.4897682804963853
07,hyperparam_draw,52.48060070183633,1024,clipped_ips,random,52.48060070183633,0.717274808657611,0.7153918288961995,0.21205503897781422,67.57496208247287,0.0,0.22663678402195675
07,hyperparam_draw,0.7544694923979686,1024,clipped_ips,random,0.7544694923979686,0.5427682627830412,0.7153918288961995,0.21205503897781422,67.57496208247287,0.0,0.9718307639822756
07,hyperparam_draw,28.347828121154393,1024,clipped_ips,random,28.347828121154393,0.7165953673525122,0.7153918288961995,0.21205503897781422,67.57496208247287,0.0,0.2801536721802577
07,hyperparam_draw,7.450418701731606,1024,clipped_ips,random,7.450418701731606,0.705272817098829,0.7153918288961995,0.21205503897781422,67.57496208247287,0.0,0.5206046755893251
07,hyperparam_draw,1.2059408945508736,1024,clipped_ips,random,1.2059408945508736,0.6187301178028686,0.7153918288961995,0.21205503897781422,67.57496208247287,0.0,0.9019922665798508
07,hyperparam_draw,79.20593646175429,1024,clipped_ips,random,79.20593646175429,0.7176119807534774,0.7153918288961995,0.21205503897781422,67.57496208247287,0.0,0.21205503897781422
07,hyperparam_draw,6.149776861810729,1024,clipped_ips,random,6.149776861810729,0.7019558267180124,0.7153918288961995,0.21205503897781422,67.57496208247287,0.0,0.5600921425499363
07,hyperparam_draw,2.9240312020960766,1024,clipped_ips,random,2.9240312020960766,0.6793043789113471,0.7153918288961995,0.21205503897781422,67.57496208247287,0.0,0.7207748907702828
07,hyperparam_draw,44.463165497397775,1024,switch_dr,random,44.463165497397775,0.7172801791042906,0.7153918288961995,0.21205503897781422,67.57496208247287,0.0,0.267728057870546
07,hyperparam_draw,18.65516158523376,1024,switch_dr,random,18.65516158523376,0.7214803610691571,0.7153918288961995,0.21205503897781422,67.57496208247287,0.0,0.44418585817574197
07,hyperparam_draw,6.521239898938623,1024,switch_dr,random,6.521239898938623,0.7209383315339679,0.7153918288961995,0.21205503897781422,67.57496208247287,0.0,0.6414117963412623
07,hyperparam_draw,73.02452389189692,1024,switch_dr,random,73.02452389189692,0.7167749488264878,0.7153918288961995,0.21205503897781422,67.57496208247287,0.0,0.21205503897781422
07,hyperparam_draw,50.99600479277428,1024,switch_dr,random,50.99600479277428,0.7172801791042906,0.7153918288961995,0.21205503897781422,67.57496208247287,0.0,0.267728057870546
07,hyperparam_draw,0.8258996346556937,1024,switch_dr,random,0.8258996346556937,0.7058137439046661,0.7153918288961995,0.21205503897781422,67.57496208247287,0.0,0.6511135551118916
07,hyperparam_draw,1.5247915595299881,1024,switch_dr,random,1.5247915595299881,0.7155410518573184,0.7153918288961995,0.21205503897781422,67.57496208247287,0.0,0.8172665993887526
07,hyperparam_draw,0.8252840368340975,1024,switch_dr,random,0.8252840368340975,0.7056559898185067,0.7153918288961995,0.21205503897781422,67.57496208247287,0.0,0.6505716105888549
07,hyperparam_draw,1.2666866697337849,1024,switch_dr,random,1.2666866697337849,0.7133132510882413,0.7153918288961995,0.21205503897781422,67.57496208247287,0.0,0.8019004976014015
07,hyperparam_draw,12.213148336507047,1024,switch_dr,random,12.213148336507047,0.7201163933432987,0.7153918288961995,0.21205503897781422,67.57496208247287,0.0,0.5328752815196266
07,hyperparam_draw,21.43428437684349,1024,switch_dr,random,21.43428437684349,0.7202301848883876,0.7153918288961995,0.21205503897781422,67.57496208247287,0.0,0.42579867332268484
07,hyperparam_draw,3.627143116616913,1024,switch_dr,random,3.627143116616913,0.7177444593331457,0.7153918288961995,0.21205503897781422,67.57496208247287,0.0,0.7454988997351388
07,hyperparam_draw,5.9141661452391405,1024,switch_dr,random,5.9141661452391405,0.7194010231428801,0.7153918288961995,0.21205503897781422,67.57496208247287,0.0,0.6576916068450988
07,hyperparam_draw,59.50429003599667,1024,switch_dr,random,59.50429003599667,0.7167892025380113,0.7153918288961995,0.21205503897781422,67.57496208247287,0.0,0.2513939290955014
07,hyperparam_draw,61.72752616437746,1024,switch_dr,random,61.72752616437746,0.7167892025380113,0.7153918288961995,0.21205503897781422,67.57496208247287,0.0,0.2513939290955014
07,hyperparam_draw,2.827007235185209,1024,switch_dr,random,2.827007235185209,0.7183292329638011,0.7153918288961995,0.21205503897781422,67.57496208247287,0.0,0.7785358725613639
07,hyperparam_draw,62.01233910257195,1024,switch_dr,random,62.01233910257195,0.7167892025380113,0.7153918288961995,0.21205503897781422,67.57496208247287,0.0,0.2513939290955014
07,hyperparam_draw,100.09453172041644,1024,switch_dr,random,100.09453172041644,0.7167749488264878,0.7153918288961995,0.21205503897781422,67.57496208247287,0.0,0.21205503897781422
07,hyperparam_draw,61.21273976834551,1024,switch_dr,random,61.21273976834551,0.7167892025380113,0.7153918288961995,0.21205503897781422,67.57496208247287,0.0,0.2513939290955014
07,hyperparam_draw,1.9521142830066247,1024,switch_dr,random,1.9521142830066247,0.7180904243289357,0.7153918288961995,0.21205503897781422,67.57496208247287,0.0,0.8135119001944422
07,hyperparam_draw,0.9718366677427848,1024,switch_dr,random,0.9718366677427848,0.7097806211369282,0.7153918288961995,0.21205503897781422,67.57496208247287,0.0,0.7385882365213722
07,hyperparam_draw,78.7900733131407,1024,switch_dr,random,78.7900733131407,0.7167749488264878,0.7153918288961995,0.21205503897781422,67.57496208247287,0.0,0.21205503897781422
07,hyperparam_draw,41.53878406761124,1024,switch_dr,random,41.53878406761124,0.7167675133498949,0.7153918288961995,0.21205503897781422,67.57496208247287,0.0,0.2919123960671369
07,hyperparam_draw,0.8982936580106131,1024,switch_dr,random,0.8982936580106131,0.7079412194575707,0.7153918288961995,0.21205503897781422,67.57496208247287,0.0,0.7037369713963327
07,hyperparam_draw,3.0418756690738507,1024,switch_dr,random,3.0418756690738507,0.7185364619791504,0.7153918288961995,0.21205503897781422,67.57496208247287,0.0,0.7682236545748007
07,hyperparam_draw,69.37765205329362,1024,switch_dr,random,69.37765205329362,0.7167749488264878,0.7153918288961995,0.21205503897781422,67.57496208247287,0.0,0.21205503897781422
07,hyperparam_draw,2.010316186568859,1024,switch_dr,random,2.010316186568859,0.718386225550931,0.7153918288961995,0.21205503897781422,67.57496208247287,0.0,0.8119487610809664
07,hyperparam_draw,5.764868555989537,1024,switch_dr,random,5.764868555989537,0.7194010231428801,0.7153918288961995,0.21205503897781422,67.57496208247287,0.0,0.6576916068450988
07,hyperparam_draw,0.814103403679934,1024,switch_dr,random,0.814103403679934,0.7050897654876155,0.7153918288961995,0.21205503897781422,67.57496208247287,0.0,0.6404201250703407
07,hyperparam_draw,4.729095181523852,1024,switch_dr,random,4.729095181523852,0.71680100333346,0.7153918288961995,0.21205503897781422,67.57496208247287,0.0,0.698924365814122
07,hyperparam_draw,7.072649624341755,1024,switch_dr,random,7.072649624341755,0.7220755693770649,0.7153918288961995,0.21205503897781422,67.57496208247287,0.0,0.6260999442185702
07,hyperparam_draw,12.332859856189117,1024,switch_dr,random,12.332859856189117,0.7208373367154793,0.7153918288961995,0.21205503897781422,67.57496208247287,0.0,0.5292470504671679
07,hyperparam_draw,2.1653011885754756,1024,switch_dr,random,2.1653011885754756,0.7196824506476552,0.7153918288961995,0.21205503897781422,67.57496208247287,0.0,0.806966263500462
07,hyperparam_draw,11.761601429213506,1024,switch_dr,random,11.761601429213506,0.7201163933432987,0.7153918288961995,0.21205503897781422,67.57496208247287,0.0,0.5328752815196266
07,hyperparam_draw,40.539510801079196,1024,switch_dr,random,40.539510801079196,0.7167675133498949,0.7153918288961995,0.21205503897781422,67.57496208247287,0.0,0.2919123960671369
07,hyperparam_draw,3.61474131463801,1024,switch_dr,random,3.61474131463801,0.7177444593331457,0.7153918288961995,0.21205503897781422,67.57496208247287,0.0,0.7454988997351388
07,hyperparam_draw,3.9988683660252735,1024,switch_dr,random,3.9988683660252735,0.7182534952062013,0.7153918288961995,0.21205503897781422,67.57496208247287,0.0,0.7317679695818371
07,hyperparam_draw,4.414652967341134,1024,switch_dr,random,4.414652967341134,0.7187085568288349,0.7153918288961995,0.21205503897781422,67.57496208247287,0.0,0.7131840095822728
07,hyperparam_draw,8.910309297751231,1024,switch_dr,random,8.910309297751231,0.7216680628622358,0.7153918288961995,0.21205503897781422,67.57496208247287,0.0,0.5781509160553422
07,hyperparam_draw,16.63686806958436,1024,switch_dr,random,16.63686806958436,0.7194318186671391,0.7153918288961995,0.21205503897781422,67.57496208247287,0.0,0.4729391096782436
07,hyperparam_draw,103.0830607399511,1024,switch_dr,random,103.0830607399511,0.7167749488264878,0.7153918288961995,0.21205503897781422,67.57496208247287,0.0,0.21205503897781422
07,hyperparam_draw,120.50454542751532,1024,switch_dr,random,120.50454542751532,0.7167749488264878,0.7153918288961995,0.21205503897781422,67.57496208247287,0.0,0.21205503897781422
07,hyperparam_draw,34.77496364974644,1024,switch_dr,random,34.77496364974644,0.7231555027033713,0.7153918288961995,0.21205503897781422,67.57496208247287,0.0,0.3124985952452437
07,hyperparam_draw,12.35623362331007,1024,switch_dr,random,12.35623362331007,0.7208373367154793,0.7153918288961995,0.21205503897781422,67.57496208247287,0.0,0.5292470504671679
07,hyperparam_draw,13.80354666819732,1024,switch_dr,random,13.80354666819732,0.7182395218694998,0.7153918288961995,0.21205503897781422,67.57496208247287,0.0,0.5091084913115104
07,hyperparam_draw,22.8326716305147,1024,switch_dr,random,22.8326716305147,0.7202301848883876,0.7153918288961995,0.21205503897781422,67.57496208247287,0.0,0.42579867332268484
07,hyperparam_draw,15.140748969461123,1024,switch_dr,random,15.140748969461123,0.7189125303825223,0.7153918288961995,0.21205503897781422,67.57496208247287,0.0,0.4820751682409736
07,hyperparam_draw,3.415704666132041,1024,switch_dr,random,3.415704666132041,0.7174559407537139,0.7153918288961995,0.21205503897781422,67.57496208247287,0.0,0.7537684978002479
07,hyperparam_draw,2.5081039077504177,1024,switch_dr,random,2.5081039077504177,0.7193400281789694,0.7153918288961995,0.21205503897781422,67.57496208247287,0.0,0.793636608893665
07,hyperparam_draw,6.483688199483693,1024,switch_dr,random,6.483688199483693,0.7205925349863438,0.7153918288961995,0.21205503897781422,67.57496208247287,0.0,0.644088190976991
07,hyperparam_draw,9.650178233989799,1024,switch_dr,random,9.650178233989799,0.7203853869080841,0.7153918288961995,0.21205503897781422,67.57496208247287,0.0,0.5665534301656041
07,hyperparam_draw,4.318177364958771,1024,switch_dr,random,4.318177364958771,0.7183524465690786,0.7153918288961995,0.21205503897781422,67.57496208247287,0.0,0.7178263552746815
07,hyperparam_draw,3.9066603678130805,1024,switch_dr,random,3.9066603678130805,0.7176651497332306,0.7153918288961995,0.21205503897781422,67.57496208247287,0.0,0.7350228555448849
07,hyperparam_draw,1.8090282102579733,1024,switch_dr,random,1.8090282102579733,0.7171080995429684,0.7153918288961995,0.21205503897781422,67.57496208247287,0.0,0.8167648731658084
07,hyperparam_draw,44.76073110419938,1024,switch_dr,random,44.76073110419938,0.7172801791042906,0.7153918288961995,0.21205503897781422,67.57496208247287,0.0,0.267728057870546
07,hyperparam_draw,1.6275423753887055,1024,switch_dr,random,1.6275423753887055,0.715447140678903,0.7153918288961995,0.21205503897781422,67.57496208247287,0.0,0.8184784916787645
07,hyperparam_draw,94.6981480544162,1024,switch_dr,random,94.6981480544162,0.7167749488264878,0.7153918288961995,0.21205503897781422,67.57496208247287,0.0,0.21205503897781422
07,hyperparam_draw,49.17051488080482,1024,switch_dr,random,49.17051488080482,0.7172801791042906,0.7153918288961995,0.21205503897781422,67.57496208247287,0.0,0.267728057870546
07,hyperparam_draw,7.316599877088201,1024,switch_dr,random,7.316599877088201,0.7221030205108397,0.7153918288961995,0.21205503897781422,67.57496208247287,0.0,0.6182253995716587
07,hyperparam_draw,14.139440692242097,1024,switch_dr,random,14.139440692242097,0.718786926707682,0.7153918288961995,0.21205503897781422,67.57496208247287,0.0,0.504872717151231
07,hyperparam_draw,5493.628068760558,1024,dros,random,5493.628068760558,0.7174009434838108,0.7153918288961995,0.21205503897781422,67.57496208247287,0.0,0.280212630979536
07,hyperparam_draw,1105.2891252377826,1024,dros,random,1105.2891252377826,0.7184614888442665,0.7153918288961995,0.21205503897781422,67.57496208247287,0.0,0.39819410927377746
07,hyperparam_draw,134.13080611191188,1024,dros,random,134.13080611191188,0.7193762873561107,0.7153918288961995,0.21205503897781422,67.57496208247287,0.0,0.6186976318997089
07,hyperparam_draw,70.55548967392858,1024,dros,random,70.55548967392858,0.7192009763052609,0.7153918288961995,0.21205503897781422,67.57496208247287,0.0,0.6862236973866411
07,hyperparam_draw,646.889922163841,1024,dros,random,646.889922163841,0.7188270078254038,0.7153918288961995,0.21205503897781422,67.57496208247287,0.0,0.45148884793820443
07,hyperparam_draw,13.388321531297727,1024,dros,random,13.388321531297727,0.7172204206555586,0.7153918288961995,0.21205503897781422,67.57496208247287,0.0,0.8499432740779381
07,hyperparam_draw,1910.5418188085673,1024,dros,random,1910.5418188085673,0.7180632434145328,0.7153918288961995,0.21205503897781422,67.57496208247287,0.0,0.3499214348896451
07,hyperparam_draw,10.813170340445968,1024,dros,random,10.813170340445968,0.7167804475453763,0.7153918288961995,0.21205503897781422,67.57496208247287,0.0,0.8681974400819101
07,hyperparam_draw,508.37665005082226,1024,dros,random,508.37665005082226,0.7189721561674911,0.7153918288961995,0.21205503897781422,67.57496208247287,0.0,0.4766820876462309
07,hyperparam_draw,7.2564570918309705,1024,dros,random,7.2564570918309705,0.7158018030690366,0.7153918288961995,0.21205503897781422,67.57496208247287,0.0,0.8994482094106306
07,hyperparam_draw,20.197515802309475,1024,dros,random,20.197515802309475,0.7179307862560698,0.7153918288961995,0.21205503897781422,67.57496208247287,0.0,0.8123622846212993
07,hyperparam_draw,29.61291997510403,1024,dros,random,29.61291997510403,0.7184540350174141,0.7153918288961995,0.21205503897781422,67.57496208247287,0.0,0.7751467891639767
07,hyperparam_draw,5649.639396471639,1024,dros,random,5649.639396471639,0.717387099533848,0.7153918288961995,0.21205503897781422,67.57496208247287,0.0,0.2788009613246087
07,hyperparam_draw,10899.046670524316,1024,dros,random,10899.046670524316,0.7171245144468583,0.7153918288961995,0.21205503897781422,67.57496208247287,0.0,0.25165070065937917
07,hyperparam_draw,1.2555862592688847,1024,dros,random,1.2555862592688847,0.7084145406679839,0.7153918288961995,0.21205503897781422,67.57496208247287,0.0,0.9776380108721218
07,hyperparam_draw,1.9868135780762,1024,dros,random,1.9868135780762,0.7108292058127914,0.7153918288961995,0.21205503897781422,67.57496208247287,0.0,0.9679036766874634
07,hyperparam_draw,1.627404991104199,1024,dros,random,1.627404991104199,0.7098128045760101,0.7153918288961995,0.21205503897781422,67.57496208247287,0.0,0.9731308919485675
07,hyperparam_draw,1.7726437168923808,1024,dros,random,1.7726437168923808,0.7102552072193902,0.7153918288961995,0.21205503897781422,67.57496208247287,0.0,0.9710784774755401
07,hyperparam_draw,1326.2260272573635,1024,dros,random,1326.2260272573635,0.7183292745120115,0.7153918288961995,0.21205503897781422,67.57496208247287,0.0,0.38130637423579405
07,hyperparam_draw,0.6026618755344083,1024,dros,random,0.6026618755344083,0.7042075313346237,0.7153918288961995,0.21205503897781422,67.57496208247287,0.0,0.9768986777906586
07,hyperparam_draw,24.562522105190748,1024,dros,random,24.562522105190748,0.7182137635929076,0.7153918288961995,0.21205503897781422,67.57496208247287,0.0,0.7935555356300618
07,hyperparam_draw,16.154817010745283,1024,dros,random,16.154817010745283,0.7175656376921976,0.7153918288961995,0.21205503897781422,67.57496208247287,0.0,0.8331392560973081
07,hyperparam_draw,60.60818027674982,1024,dros,random,60.60818027674982,0.7191136582498436,0.7153918288961995,0.21205503897781422,67.57496208247287,0.0,0.7020509656951363
07,hyperparam_draw,1615.9378492869992,1024,dros,random,1615.9378492869992,0.7181848184175363,0.7153918288961995,0.21205503897781422,67.57496208247287,0.0,0.36389036444692086
07,hyperparam_draw,3591.523463350987,1024,dros,random,3591.523463350987,0.7176374776102039,0.7153918288961995,0.21205503897781422,67.57496208247287,0.0,0.30437768875433446
07,hyperparam_draw,838.7835956617465,1024,dros,random,838.7835956617465,0.7186556007886115,0.7153918288961995,0.21205503897781422,67.57496208247287,0.0,0.4250615439435583
07,hyperparam_draw,100.76890864707617,1024,dros,random,100.76890864707617,0.7193354901629286,0.7153918288961995,0.21205503897781422,67.57496208247287,0.0,0.6488675213092291
07,hyperparam_draw,148.6324663559013,1024,dros,random,148.6324663559013,0.7193775420057059,0.7153918288961995,0.21205503897781422,67.57496208247287,0.0,0.6078260275658338
07,hyperparam_draw,12265.999187743933,1024,dros,random,12265.999187743933,0.7170891443753531,0.7153918288961995,0.21205503897781422,67.57496208247287,0.0,0.24789278959415528
07,hyperparam_draw,6910.696414648716,1024,dros,random,6910.696414648716,0.7172940236817381,0.7153918288961995,0.21205503897781422,67.57496208247287,0.0,0.26928039472626786
07,hyperparam_draw,2.287925429775657,1024,dros,random,2.287925429775657,0.7115116250937877,0.7153918288961995,0.21205503897781422,67.57496208247287,0.0,0.9632914084002813
07,hyperparam_draw,55.541363177566005,1024,dros,random,55.541363177566005,0.7190552035420296,0.7153918288961995,0.21205503897781422,67.57496208247287,0.0,0.7111084176178744
07,hyperparam_draw,13898.65245073583,1024,dros,random,13898.65245073583,0.7170552011988556,0.7153918288961995,0.21205503897781422,67.57496208247287,0.0,0.24425088828069574
07,hyperparam_draw,8.110025348056787,1024,dros,random,8.110025348056787,0.7160971435555952,0.7153918288961995,0.21205503897781422,67.57496208247287,0.0,0.8911376674803665
07,hyperparam_draw,15.144892046509142,1024,dros,random,15.144892046509142,0.7174511179502288,0.7153918288961995,0.21205503897781422,67.57496208247287,0.0,0.8389883262724676
07,hyperparam_draw,4065.0701608183704,1024,dros,random,4065.0701608183704,0.7175635927908126,0.7153918288961995,0.21205503897781422,67.57496208247287,0.0,0.2967984664748142
07,hyperparam_draw,128.4001099821328,1024,dros,random,128.4001099821328,0.7193736810554344,0.7153918288961995,0.21205503897781422,67.57496208247287,0.0,0.6233148834867659
07,hyperparam_draw,4219.57335170993,1024,dros,random,4219.57335170993,0.7175421111273859,0.7153918288961995,0.21205503897781422,67.57496208247287,0.0,0.294602976648878
07,hyperparam_draw,485.3283857708714,1024,dros,random,485.3283857708714,0.7189982839809611,0.7153918288961995,0.21205503897781422,67.57496208247287,0.0,0.4815856822987102
07,hyperparam_draw,1198.3700475044257,1024,dros,random,1198.3700475044257,0.7184030739755262,0.7153918288961995,0.21205503897781422,67.57496208247287,0.0,0.3906089650955634
07,hyperparam_draw,2.6744767244268703,1024,dros,random,2.6744767244268703,0.7122283931970387,0.7153918288961995,0.21205503897781422,67.57496208247287,0.0,0.957320980575007
07,hyperparam_draw,3230.8144897180337,1024,dros,random,3230.8144897180337,0.717703575675905,0.7153918288961995,0.21205503897781422,67.57496208247287,0.0,0.3112089826716677
07,hyperparam_draw,2.0376130407417405,1024,dros,random,2.0376130407417405,0.7109536104466986,0.7153918288961995,0.21205503897781422,67.57496208247287,0.0,0.967133846123838
07,hyperparam_draw,1680.2512812104892,1024,dros,random,1680.2512812104892,0.7181563519658452,0.7153918288961995,0.21205503897781422,67.57496208247287,0.0,0.36056803766213547
07,hyperparam_draw,133.5633502127469,1024,dros,random,133.5633502127469,0.7193760893829012,0.7153918288961995,0.21205503897781422,67.57496208247287,0.0,0.6191461194970694
07,hyperparam_draw,675.8579631218203,1024,dros,random,675.8579631218203,0.7187990782488326,0.7153918288961995,0.21205503897781422,67.57496208247287,0.0,0.44697033050539686
07,hyperparam_draw,1662.23155457055,1024,dros,random,1662.23155457055,0.7181642105656181,0.7153918288961995,0.21205503897781422,67.57496208247287,0.0,0.3614818999907378
07,hyperparam_draw,3.0561882977940575,1024,dros,random,3.0561882977940575,0.7128076417402102,0.7153918288961995,0.21205503897781422,67.57496208247287,0.0,0.9515119740219367
07,hyperparam_draw,15.963064331382016,1024,dros,random,15.963064331382016,0.7175447703902004,0.7153918288961995,0.21205503897781422,67.57496208247287,0.0,0.8342267559496113
07,hyperparam_draw,166.20246654458577,1024,dros,random,166.20246654458577,0.7193714423932643,0.7153918288961995,0.21205503897781422,67.57496208247287,0.0,0.5959686736077644
07,hyperparam_draw,1.9135413011889848,1024,dros,random,1.9135413011889848,0.7106422406968598,0.7153918288961995,0.21205503897781422,67.57496208247287,0.0,0.9690045184696037
07,hyperparam_draw,0.7478138802553327,1024,dros,random,0.7478138802553327,0.7054567948198804,0.7153918288961995,0.21205503897781422,67.57496208247287,0.0,0.9790713897838
07,hyperparam_draw,48.857921598620045,1024,dros,random,48.857921598620045,0.7189583266811226,0.7153918288961995,0.21205503897781422,67.57496208247287,0.0,0.7243544581157952
07,hyperparam_draw,0.7540221698135811,1024,dros,random,0.7540221698135811,0.7055047567036847,0.7153918288961995,0.21205503897781422,67.57496208247287,0.0,0.9791240478770636
07,hyperparam_draw,720.0912899260848,1024,dros,random,720.0912899260848,0.7187579159731924,0.7153918288961995,0.21205503897781422,67.57496208247287,0.0,0.44047253007170756
07,hyperparam_draw,4.825845784741896,1024,dros,random,4.825845784741896,0.7145507190671848,0.7153918288961995,0.21205503897781422,67.57496208247287,0.0,0.9269478120682699
07,hyperparam_draw,311.1951795059981,1024,dros,random,311.1951795059981,0.7192124608533214,0.7153918288961995,0.21205503897781422,67.57496208247287,0.0,0.5289902385622683
07,hyperparam_draw,1.1188525369264317,1024,dros,random,1.1188525369264317,0.7077705951614077,0.7153918288961995,0.21205503897781422,67.57496208247287,0.0,0.9788151823683789
07,hyperparam_draw,18213.386033380742,1024,dros,random,18213.386033380742,0.716992807288162,0.7153918288961995,0.21205503897781422,67.57496208247287,0.0,0.2374487193600394
07,hyperparam_draw,0.6990900865788647,1024,dros,random,0.6990900865788647,0.7050659679704016,0.7153918288961995,0.21205503897781422,67.57496208247287,0.0,0.9785563267581161
07,hyperparam_draw,nan,1024,ips,fixed,nan,0.7176119807534774,0.7153918288961995,0.21205503897781422,67.57496208247287,0.0,0.21205503897781422
07,hyperparam_draw,nan,1024,snips,fixed,nan,0.7003283647801662,0.7153918288961995,0.21205503897781422,67.57496208247287,0.0,0.21205503897781422
07,hyperparam_draw,nan,1024,dr,fixed,nan,0.7167749488264878,0.7153918288961995,0.21205503897781422,67.57496208247287,0.0,0.21205503897781422
07,hyperparam_draw,6.658401146277022,1024,clipped_ips,slope,6.658401146277022,0.7034602920378118,0.7153918288961995,0.21205503897781422,67.57496208247287,0.0,0.5434956549106279
07,hyperparam_draw,1.4779067456925539,1024,switch_dr,slope,1.4779067456925539,0.7155283483926339,0.7153918288961995,0.21205503897781422,67.57496208247287,0.0,0.8158006216983857
07,hyperparam_draw,2.184208348963555,1024,dros,slope,2.184208348963555,0.711290787427318,0.7153918288961995,0.21205503897781422,67.57496208247287,0.0,0.9648906729912272
07,hyperparam_draw,6.432620648800124,1025,clipped_ips,random,6.432620648800124,0.7044867711312549,0.7153918288961995,0.23783463893398385,66.76422932689125,0.0,0.5612857263810093
07,hyperparam_draw,11.202789815250961,1025,clipped_ips,random,11.202789815250961,0.7121613651625135,0.7153918288961995,0.23783463893398385,66.76422932689125,0.0,0.451865178229203
07,hyperparam_draw,17.053471871823223,1025,clipped_ips,random,17.053471871823223,0.7155319722622162,0.7153918288961995,0.23783463893398385,66.76422932689125,0.0,0.3784799817842638
07,hyperparam_draw,61.348613506194624,1025,clipped_ips,random,61.348613506194624,0.7210276504572994,0.7153918288961995,0.23783463893398385,66.76422932689125,0.0,0.24323602384033816
07,hyperparam_draw,11.982827782792887,1025,clipped_ips,random,11.982827782792887,0.7126423286869292,0.7153918288961995,0.23783463893398385,66.76422932689125,0.0,0.4398503111247268
07,hyperparam_draw,4.686074973797838,1025,clipped_ips,random,4.686074973797838,0.6978747051998362,0.7153918288961995,0.23783463893398385,66.76422932689125,0.0,0.6226804018331246
07,hyperparam_draw,48.67380209719218,1025,clipped_ips,random,48.67380209719218,0.7203992729710977,0.7153918288961995,0.23783463893398385,66.76422932689125,0.0,0.2601837170782079
07,hyperparam_draw,2.4167177606858075,1025,clipped_ips,random,2.4167177606858075,0.6755362489288009,0.7153918288961995,0.23783463893398385,66.76422932689125,0.0,0.7613514191076496
07,hyperparam_draw,1.3158355302593294,1025,clipped_ips,random,1.3158355302593294,0.6317334711881182,0.7153918288961995,0.23783463893398385,66.76422932689125,0.0,0.8864912053387232
07,hyperparam_draw,0.807283047941948,1025,clipped_ips,random,0.807283047941948,0.5581803276249284,0.7153918288961995,0.23783463893398385,66.76422932689125,0.0,0.964780631627404
07,hyperparam_draw,22.599830969258328,1025,clipped_ips,random,22.599830969258328,0.7171419503037525,0.7153918288961995,0.23783463893398385,66.76422932689125,0.0,0.3309308870176288
07,hyperparam_draw,106.1969506955034,1025,clipped_ips,random,106.1969506955034,0.7211138029324009,0.7153918288961995,0.23783463893398385,66.76422932689125,0.0,0.23783463893398385
07,hyperparam_draw,7.663576262144742,1025,clipped_ips,random,7.663576262144742,0.7073174095714446,0.7153918288961995,0.23783463893398385,66.76422932689125,0.0,0.5281071658093155
07,hyperparam_draw,8.125193742404907,1025,clipped_ips,random,8.125193742404907,0.7081888346167562,0.7153918288961995,0.23783463893398385,66.76422932689125,0.0,0.5165668656059468
07,hyperparam_draw,1.2154349932519712,1025,clipped_ips,random,1.2154349932519712,0.6229627631152038,0.7153918288961995,0.23783463893398385,66.76422932689125,0.0,0.9012331155107788
07,hyperparam_draw,22.817011047016,1025,clipped_ips,random,22.817011047016,0.7171932080846898,0.7153918288961995,0.23783463893398385,66.76422932689125,0.0,0.32960274399186107
07,hyperparam_draw,14.928529405387598,1025,clipped_ips,random,14.928529405387598,0.714371139851208,0.7153918288961995,0.23783463893398385,66.76422932689125,0.0,0.4025789044328859
07,hyperparam_draw,1.0134807307693914,1025,clipped_ips,random,1.0134807307693914,0.5990013640589553,0.7153918288961995,0.23783463893398385,66.76422932689125,0.0,0.932416533471094
07,hyperparam_draw,2.1114507274460044,1025,clipped_ips,random,2.1114507274460044,0.6686071866559998,0.7153918288961995,0.23783463893398385,66.76422932689125,0.0,0.7903108900475457
07,hyperparam_draw,8.733694056650103,1025,clipped_ips,random,8.733694056650103,0.7091774032414548,0.7153918288961995,0.23783463893398385,66.76422932689125,0.0,0.5020797217752103
07,hyperparam_draw,8.446393666689785,1025,clipped_ips,random,8.446393666689785,0.7087263982568193,0.7153918288961995,0.23783463893398385,66.76422932689125,0.0,0.5087209046216709
07,hyperparam_draw,19.156266596374486,1025,clipped_ips,random,19.156266596374486,0.716231877642626,0.7153918288961995,0.23783463893398385,66.76422932689125,0.0,0.3570824722373022
07,hyperparam_draw,4.164022490438935,1025,clipped_ips,random,4.164022490438935,0.6948007212770295,0.7153918288961995,0.23783463893398385,66.76422932689125,0.0,0.6467444843305747
07,hyperparam_draw,13.464563866331769,1025,clipped_ips,random,13.464563866331769,0.7135110043973513,0.7153918288961995,0.23783463893398385,66.76422932689125,0.0,0.4202578914769809
07,hyperparam_draw,96.24557953081408,1025,clipped_ips,random,96.24557953081408,0.7211138029324009,0.7153918288961995,0.23783463893398385,66.76422932689125,0.0,0.23783463893398385
07,hyperparam_draw,1.5027199354417238,1025,clipped_ips,random,1.5027199354417238,0.644317761824021,0.7153918288961995,0.23783463893398385,66.76422932689125,0.0,0.8609497617290244
07,hyperparam_draw,39.775133232598414,1025,clipped_ips,random,39.775133232598414,0.7197473843510356,0.7153918288961995,0.23783463893398385,66.76422932689125,0.0,0.2759699749670669
07,hyperparam_draw,1.013578438360744,1025,clipped_ips,random,1.013578438360744,0.5990156385985483,0.7153918288961995,0.23783463893398385,66.76422932689125,0.0,0.9324011698258371
07,hyperparam_draw,17.510818132915613,1025,clipped_ips,random,17.510818132915613,0.7157005184952459,0.7153918288961995,0.23783463893398385,66.76422932689125,0.0,0.3736549057524554
07,hyperparam_draw,94.32222320137674,1025,clipped_ips,random,94.32222320137674,0.7211138029324009,0.7153918288961995,0.23783463893398385,66.76422932689125,0.0,0.23783463893398385
07,hyperparam_draw,1.38412572986783,1025,clipped_ips,random,1.38412572986783,0.6368118674741771,0.7153918288961995,0.23783463893398385,66.76422932689125,0.0,0.876879248328104
07,hyperparam_draw,25.589552907482584,1025,clipped_ips,random,25.589552907482584,0.7177853654826831,0.7153918288961995,0.23783463893398385,66.76422932689125,0.0,0.3143807958562176
07,hyperparam_draw,2.9719243994705926,1025,clipped_ips,random,2.9719243994705926,0.6842471614623592,0.7153918288961995,0.23783463893398385,66.76422932689125,0.0,0.71740892341568
07,hyperparam_draw,8.169994643626964,1025,clipped_ips,random,8.169994643626964,0.7082679384609563,0.7153918288961995,0.23783463893398385,66.76422932689125,0.0,0.5154557785946957
07,hyperparam_draw,0.9814198824141954,1025,clipped_ips,random,0.9814198824141954,0.5941100949816945,0.7153918288961995,0.23783463893398385,66.76422932689125,0.0,0.9374656019024072
07,hyperparam_draw,51.53886640394962,1025,clipped_ips,random,51.53886640394962,0.7205549042012748,0.7153918288961995,0.23783463893398385,66.76422932689125,0.0,0.25533877252043874
07,hyperparam_draw,7.276187481256002,1025,clipped_ips,random,7.276187481256002,0.7065001259085953,0.7153918288961995,0.23783463893398385,66.76422932689125,0.0,0.5380444994449484
07,hyperparam_draw,16.73574353459702,1025,clipped_ips,random,16.73574353459702,0.7153631918293518,0.7153918288961995,0.23783463893398385,66.76422932689125,0.0,0.3820297132488022
07,hyperparam_draw,4.2856359845780485,1025,clipped_ips,random,4.2856359845780485,0.6955816543090844,0.7153918288961995,0.23783463893398385,66.76422932689125,0.0,0.6408639055243449
07,hyperparam_draw,1.4770541519991127,1025,clipped_ips,random,1.4770541519991127,0.6428100244566297,0.7153918288961995,0.23783463893398385,66.76422932689125,0.0,0.8643237275782878
07,hyperparam_draw,0.8265811394730326,1025,clipped_ips,random,0.8265811394730326,0.5631992828665838,0.7153918288961995,0.23783463893398385,66.76422932689125,0.0,0.9618017080046583
07,hyperparam_draw,7.644827715259132,1025,clipped_ips,random,7.644827715259132,0.7072798741483822,0.7153918288961995,0.23783463893398385,66.76422932689125,0.0,0.528578621565461
07,hyperparam_draw,99.00630499159031,1025,clipped_ips,random,99.00630499159031,0.7211138029324009,0.7153918288961995,0.23783463893398385,66.76422932689125,0.0,0.23783463893398385
07,hyperparam_draw,54.729854711026285,1025,clipped_ips,random,54.729854711026285,0.7207086826585036,0.7153918288961995,0.23783463893398385,66.76422932689125,0.0,0.25151483852706813
07,hyperparam_draw,5.77433107865742,1025,clipped_ips,random,5.77433107865742,0.7026356074234958,0.7153918288961995,0.23783463893398385,66.76422932689125,0.0,0.5813024322748742
07,hyperparam_draw,0.9719670537216972,1025,clipped_ips,random,0.9719670537216972,0.5925931804042842,0.7153918288961995,0.23783463893398385,66.76422932689125,0.0,0.9389518283937075
07,hyperparam_draw,4.591141183192073,1025,clipped_ips,random,4.591141183192073,0.6973708249143273,0.7153918288961995,0.23783463893398385,66.76422932689125,0.0,0.6268009770237667
07,hyperparam_draw,13.890753031144637,1025,clipped_ips,random,13.890753031144637,0.7137669611690397,0.7153918288961995,0.23783463893398385,66.76422932689125,0.0,0.41509576419112637
07,hyperparam_draw,31.28775706645674,1025,clipped_ips,random,31.28775706645674,0.7185934197877734,0.7153918288961995,0.23783463893398385,66.76422932689125,0.0,0.2938347283917067
07,hyperparam_draw,8.148334355985599,1025,clipped_ips,random,8.148334355985599,0.7082298611154738,0.7153918288961995,0.23783463893398385,66.76422932689125,0.0,0.5159908442151245
07,hyperparam_draw,3.986835204996623,1025,clipped_ips,random,3.986835204996623,0.6936402021519419,0.7153918288961995,0.23783463893398385,66.76422932689125,0.0,0.6555778313731259
07,hyperparam_draw,1.200182540266266,1025,clipped_ips,random,1.200182540266266,0.6214706648793148,0.7153918288961995,0.23783463893398385,66.76422932689125,0.0,0.9035289387390437
07,hyperparam_draw,1.3402476728699422,1025,clipped_ips,random,1.3402476728699422,0.6336202878122303,0.7153918288961995,0.23783463893398385,66.76422932689125,0.0,0.8830136064203172
07,hyperparam_draw,21.5462322176625,1025,clipped_ips,random,21.5462322176625,0.7168995607335844,0.7153918288961995,0.23783463893398385,66.76422932689125,0.0,0.3375409024962537
07,hyperparam_draw,77.91723226365018,1025,clipped_ips,random,77.91723226365018,0.7211138029324009,0.7153918288961995,0.23783463893398385,66.76422932689125,0.0,0.23783463893398385
07,hyperparam_draw,90.5822131355583,1025,clipped_ips,random,90.5822131355583,0.7211138029324009,0.7153918288961995,0.23783463893398385,66.76422932689125,0.0,0.23783463893398385
07,hyperparam_draw,3.205505164747505,1025,clipped_ips,random,3.205505164747505,0.6869925489392651,0.7153918288961995,0.23783463893398385,66.76422932689125,0.0,0.7013229757195125
07,hyperparam_draw,23.322650081611034,1025,clipped_ips,random,23.322650081611034,0.7173161930551393,0.7153918288961995,0.23783463893398385,66.76422932689125,0.0,0.32661772772438413
07,hyperparam_draw,1.4724180008613563,1025,clipped_ips,random,1.4724180008613563,0.6425320014318984,0.7153918288961995,0.23783463893398385,66.76422932689125,0.0,0.8649358008136767
07,hyperparam_draw,0.7268485732807055,1025,clipped_ips,random,0.7268485732807055,0.5332215988873129,0.7153918288961995,0.23783463893398385,66.76422932689125,0.0,0.9766902872950733
07,hyperparam_draw,0.7383443502726376,1025,switch_dr,random,0.7383443502726376,0.7033253490281616,0.7153918288961995,0.23783463893398385,66.76422932689125,0.0,0.5400207576175702
07,hyperparam_draw,56.33442715951696,1025,switch_dr,random,56.33442715951696,0.7125050001985384,0.7153918288961995,0.23783463893398385,66.76422932689125,0.0,0.28729010425147133
07,hyperparam_draw,7.289887067104278,1025,switch_dr,random,7.289887067104278,0.714200369154,0.7153918288961995,0.23783463893398385,66.76422932689125,0.0,0.6241269723417366
07,hyperparam_draw,2.5876798708149944,1025,switch_dr,random,2.5876798708149944,0.7192710685880939,0.7153918288961995,0.23783463893398385,66.76422932689125,0.0,0.7857373237705052
07,hyperparam_draw,7.374966014372876,1025,switch_dr,random,7.374966014372876,0.714200369154,0.7153918288961995,0.23783463893398385,66.76422932689125,0.0,0.6241269723417366
07,hyperparam_draw,2.725478162496722,1025,switch_dr,random,2.725478162496722,0.7193482505788675,0.7153918288961995,0.23783463893398385,66.76422932689125,0.0,0.7775068421457617
07,hyperparam_draw,89.87599535811746,1025,switch_dr,random,89.87599535811746,0.7143977058472725,0.7153918288961995,0.23783463893398385,66.76422932689125,0.0,0.23783463893398385
07,hyperparam_draw,86.01489018421385,1025,switch_dr,random,86.01489018421385,0.7143977058472725,0.7153918288961995,0.23783463893398385,66.76422932689125,0.0,0.23783463893398385
07,hyperparam_draw,12.431696544731011,1025,switch_dr,random,12.431696544731011,0.715712402218173,0.7153918288961995,0.23783463893398385,66.76422932689125,0.0,0.5224418251588698
07,hyperparam_draw,46.308431327885046,1025,switch_dr,random,46.308431327885046,0.7128300978761625,0.7153918288961995,0.23783463893398385,66.76422932689125,0.0,0.3068722614717487
07,hyperparam_draw,60.33576898094794,1025,switch_dr,random,60.33576898094794,0.7125050001985384,0.7153918288961995,0.23783463893398385,66.76422932689125,0.0,0.28729010425147133
07,hyperparam_draw,4.396797314394361,1025,switch_dr,random,4.396797314394361,0.7140425754945439,0.7153918288961995,0.23783463893398385,66.76422932689125,0.0,0.709773762029281
07,hyperparam_draw,19.454812800382555,1025,switch_dr,random,19.454812800382555,0.7157883021495274,0.7153918288961995,0.23783463893398385,66.76422932689125,0.0,0.4658874944952245
07,hyperparam_draw,1.7658478288614678,1025,switch_dr,random,1.7658478288614678,0.7183981046336951,0.7153918288961995,0.23783463893398385,66.76422932689125,0.0,0.8126736266520281
07,hyperparam_draw,1.407584367144886,1025,switch_dr,random,1.407584367144886,0.7157317260374821,0.7153918288961995,0.23783463893398385,66.76422932689125,0.0,0.8073744130436045
07,hyperparam_draw,7.584175884738385,1025,switch_dr,random,7.584175884738385,0.7144104590198065,0.7153918288961995,0.23783463893398385,66.76422932689125,0.0,0.617679345798657
07,hyperparam_draw,1.6762277833100323,1025,switch_dr,random,1.6762277833100323,0.71670328595409,0.7153918288961995,0.23783463893398385,66.76422932689125,0.0,0.8133139577530398
07,hyperparam_draw,39.429145979056514,1025,switch_dr,random,39.429145979056514,0.7099026991980097,0.7153918288961995,0.23783463893398385,66.76422932689125,0.0,0.32116623168011205
07,hyperparam_draw,4.2587920916392665,1025,switch_dr,random,4.2587920916392665,0.7141452387996327,0.7153918288961995,0.23783463893398385,66.76422932689125,0.0,0.7139307792417717
07,hyperparam_draw,1.439538825894678,1025,switch_dr,random,1.439538825894678,0.7163969491917401,0.7153918288961995,0.23783463893398385,66.76422932689125,0.0,0.8090714802879391
07,hyperparam_draw,1.8113766991082727,1025,switch_dr,random,1.8113766991082727,0.7187677501307139,0.7153918288961995,0.23783463893398385,66.76422932689125,0.0,0.8120318912271975
07,hyperparam_draw,3.7210471104101637,1025,switch_dr,random,3.7210471104101637,0.71723081284498,0.7153918288961995,0.23783463893398385,66.76422932689125,0.0,0.7362992107275118
07,hyperparam_draw,1.180525137837179,1025,switch_dr,random,1.180525137837179,0.7127637416267307,0.7153918288961995,0.23783463893398385,66.76422932689125,0.0,0.7831030415532644
07,hyperparam_draw,106.96806511474225,1025,switch_dr,random,106.96806511474225,0.7143977058472725,0.7153918288961995,0.23783463893398385,66.76422932689125,0.0,0.23783463893398385
07,hyperparam_draw,5.599685685149902,1025,switch_dr,random,5.599685685149902,0.7134992479073943,0.7153918288961995,0.23783463893398385,66.76422932689125,0.0,0.6657264699389746
07,hyperparam_draw,9.95601057089065,1025,switch_dr,random,9.95601057089065,0.7154982883798459,0.7153918288961995,0.23783463893398385,66.76422932689125,0.0,0.5860776465991762
07,hyperparam_draw,6.014344153552238,1025,switch_dr,random,6.014344153552238,0.7149348946736865,0.7153918288961995,0.23783463893398385,66.76422932689125,0.0,0.6496136304850328
07,hyperparam_draw,43.280662316430735,1025,switch_dr,random,43.280662316430735,0.7128300978761625,0.7153918288961995,0.23783463893398385,66.76422932689125,0.0,0.3068722614717487
07,hyperparam_draw,1.032862931105257,1025,switch_dr,random,1.032862931105257,0.7109796773140017,0.7153918288961995,0.23783463893398385,66.76422932689125,0.0,0.7489564017344925
07,hyperparam_draw,3.9533384780891687,1025,switch_dr,random,3.9533384780891687,0.7165024243125745,0.7153918288961995,0.23783463893398385,66.76422932689125,0.0,0.7247927498796152
07,hyperparam_draw,2.7956814938226713,1025,switch_dr,random,2.7956814938226713,0.7185756670554738,0.7153918288961995,0.23783463893398385,66.76422932689125,0.0,0.7753506336204953
07,hyperparam_draw,23.711346031859613,1025,switch_dr,random,23.711346031859613,0.7131452814625387,0.7153918288961995,0.23783463893398385,66.76422932689125,0.0,0.39689693184240726
07,hyperparam_draw,1.2616976331917784,1025,switch_dr,random,1.2616976331917784,0.7139443519512678,0.7153918288961995,0.23783463893398385,66.76422932689125,0.0,0.794272397801561
07,hyperparam_draw,127.9869002467986,1025,switch_dr,random,127.9869002467986,0.7143977058472725,0.7153918288961995,0.23783463893398385,66.76422932689125,0.0,0.23783463893398385
07,hyperparam_draw,0.7874070375878729,1025,switch_dr,random,0.7874070375878729,0.7042734667192698,0.7153918288961995,0.23783463893398385,66.76422932689125,0.0,0.5989878169468132
07,hyperparam_draw,1.0791510028582827,1025,switch_dr,random,1.0791510028582827,0.7109222923695668,0.7153918288961995,0.23783463893398385,66.76422932689125,0.0,0.7615062862773251
07,hyperparam_draw,15.939042319764875,1025,switch_dr,random,15.939042319764875,0.7136560803790432,0.7153918288961995,0.23783463893398385,66.76422932689125,0.0,0.4907316791053597
07,hyperparam_draw,1.474640657418154,1025,switch_dr,random,1.474640657418154,0.7162906791842322,0.7153918288961995,0.23783463893398385,66.76422932689125,0.0,0.8106670440344713
07,hyperparam_draw,2.916616419364416,1025,switch_dr,random,2.916616419364416,0.7182601447578386,0.7153918288961995,0.23783463893398385,66.76422932689125,0.0,0.7706809371298936
07,hyperparam_draw,30.716829035797875,1025,switch_dr,random,30.716829035797875,0.7106635167736257,0.7153918288961995,0.23783463893398385,66.76422932689125,0.0,0.339534480802576
07,hyperparam_draw,51.94730319878147,1025,switch_dr,random,51.94730319878147,0.7125050001985384,0.7153918288961995,0.23783463893398385,66.76422932689125,0.0,0.28729010425147133
07,hyperparam_draw,1.4188445226183515,1025,switch_dr,random,1.4188445226183515,0.7158467821647596,0.7153918288961995,0.23783463893398385,66.76422932689125,0.0,0.8080528869818683
07,hyperparam_draw,0.8517295318839595,1025,switch_dr,random,0.8517295318839595,0.7067352717936607,0.7153918288961995,0.23783463893398385,66.76422932689125,0.0,0.6562744972257527
07,hyperparam_draw,1.957401240918479,1025,switch_dr,random,1.957401240918479,0.7205425182947972,0.7153918288961995,0.23783463893398385,66.76422932689125,0.0,0.8087495275092229
07,hyperparam_draw,6.343949216646159,1025,switch_dr,random,6.343949216646159,0.7151491561380701,0.7153918288961995,0.23783463893398385,66.76422932689125,0.0,0.6417600972388204
07,hyperparam_draw,4.101108493559491,1025,switch_dr,random,4.101108493559491,0.7156369026252019,0.7153918288961995,0.23783463893398385,66.76422932689125,0.0,0.7182266675680065
07,hyperparam_draw,3.6963135124303066,1025,switch_dr,random,3.6963135124303066,0.7173049389855896,0.7153918288961995,0.23783463893398385,66.76422932689125,0.0,0.7371501014567846
07,hyperparam_draw,116.70258634891573,1025,switch_dr,random,116.70258634891573,0.7143977058472725,0.7153918288961995,0.23783463893398385,66.76422932689125,0.0,0.23783463893398385
07,hyperparam_draw,26.820319243234145,1025,switch_dr,random,26.820319243234145,0.7120727172799332,0.7153918288961995,0.23783463893398385,66.76422932689125,0.0,0.3654624128899823
07,hyperparam_draw,2.619565050979609,1025,switch_dr,random,2.619565050979609,0.7188584854911274,0.7153918288961995,0.23783463893398385,66.76422932689125,0.0,0.7838882821179367
07,hyperparam_draw,18.108016394907008,1025,switch_dr,random,18.108016394907008,0.7161324129619128,0.7153918288961995,0.23783463893398385,66.76422932689125,0.0,0.472794455310075
07,hyperparam_draw,25.882931224188084,1025,switch_dr,random,25.882931224188084,0.7141559344732136,0.7153918288961995,0.23783463893398385,66.76422932689125,0.0,0.3810320941309102
07,hyperparam_draw,4.487474967698646,1025,switch_dr,random,4.487474967698646,0.7138226870216319,0.7153918288961995,0.23783463893398385,66.76422932689125,0.0,0.7048114378379108
07,hyperparam_draw,1.883174529335437,1025,switch_dr,random,1.883174529335437,0.719817933421824,0.7153918288961995,0.23783463893398385,66.76422932689125,0.0,0.8105243204007145
07,hyperparam_draw,10.777765703261721,1025,switch_dr,random,10.777765703261721,0.7176415006314886,0.7153918288961995,0.23783463893398385,66.76422932689125,0.0,0.5660950410181729
07,hyperparam_draw,0.8242557515910675,1025,switch_dr,random,0.8242557515910675,0.7055756679577809,0.7153918288961995,0.23783463893398385,66.76422932689125,0.0,0.6343356875747632
07,hyperparam_draw,44.251284566274286,1025,switch_dr,random,44.251284566274286,0.7128300978761625,0.7153918288961995,0.23783463893398385,66.76422932689125,0.0,0.3068722614717487
07,hyperparam_draw,3.1066998425709973,1025,switch_dr,random,3.1066998425709973,0.7177291716582455,0.7153918288961995,0.23783463893398385,66.76422932689125,0.0,0.7622020386941558
07,hyperparam_draw,91.10992495697248,1025,switch_dr,random,91.10992495697248,0.7143977058472725,0.7153918288961995,0.23783463893398385,66.76422932689125,0.0,0.23783463893398385
07,hyperparam_draw,0.8451698552114959,1025,switch_dr,random,0.8451698552114959,0.7065274582137021,0.7153918288961995,0.23783463893398385,66.76422932689125,0.0,0.6516281311743017
07,hyperparam_draw,2505.122924248645,1025,dros,random,2505.122924248645,0.7133671589752656,0.7153918288961995,0.23783463893398385,66.76422932689125,0.0,0.35127558387257657
07,hyperparam_draw,1.3444346906867644,1025,dros,random,1.3444346906867644,0.7090221476218818,0.7153918288961995,0.23783463893398385,66.76422932689125,0.0,0.9772330563210251
07,hyperparam_draw,101.76113951940954,1025,dros,random,101.76113951940954,0.7147505491906296,0.7153918288961995,0.23783463893398385,66.76422932689125,0.0,0.6528208059780047
07,hyperparam_draw,376.99895431655415,1025,dros,random,376.99895431655415,0.7139386794087667,0.7153918288961995,0.23783463893398385,66.76422932689125,0.0,0.5176086335762381
07,hyperparam_draw,422.1672030780369,1025,dros,random,422.1672030780369,0.7138628533727838,0.7153918288961995,0.23783463893398385,66.76422932689125,0.0,0.5060224620893863
07,hyperparam_draw,73.38680093417933,1025,dros,random,73.38680093417933,0.7148965355470299,0.7153918288961995,0.23783463893398385,66.76422932689125,0.0,0.6858148952702466
07,hyperparam_draw,16334.451915560365,1025,dros,random,16334.451915560365,0.7140226272301593,0.7153918288961995,0.23783463893398385,66.76422932689125,0.0,0.2665919041128757
07,hyperparam_draw,11.477370946244765,1025,dros,random,11.477370946244765,0.7150522491492615,0.7153918288961995,0.23783463893398385,66.76422932689125,0.0,0.8619412675601754
07,hyperparam_draw,81.8448838700435,1025,dros,random,81.8448838700435,0.7148505981070361,0.7153918288961995,0.23783463893398385,66.76422932689125,0.0,0.6748519531208239
07,hyperparam_draw,5877.487800261314,1025,dros,random,5877.487800261314,0.7136486742918159,0.7153918288961995,0.23783463893398385,66.76422932689125,0.0,0.3027422817020717
07,hyperparam_draw,15.847568005386174,1025,dros,random,15.847568005386174,0.715183798426406,0.7153918288961995,0.23783463893398385,66.76422932689125,0.0,0.8336346431554191
07,hyperparam_draw,1.2195656303962377,1025,dros,random,1.2195656303962377,0.7085236265084001,0.7153918288961995,0.23783463893398385,66.76422932689125,0.0,0.9784405968476542
07,hyperparam_draw,4.2930522422569855,1025,dros,random,4.2930522422569855,0.7135581460174064,0.7153918288961995,0.23783463893398385,66.76422932689125,0.0,0.933973692368484
07,hyperparam_draw,4261.637416451073,1025,dros,random,4261.637416451073,0.7135239925565442,0.7153918288961995,0.23783463893398385,66.76422932689125,0.0,0.3190095869484276
07,hyperparam_draw,5.621293705978026,1025,dros,random,5.621293705978026,0.7141696151327364,0.7153918288961995,0.23783463893398385,66.76422932689125,0.0,0.9168941509569282
07,hyperparam_draw,4.9787947127243966,1025,dros,random,4.9787947127243966,0.7139152566930607,0.7153918288961995,0.23783463893398385,66.76422932689125,0.0,0.9248714584938758
07,hyperparam_draw,2.6862640831061073,1025,dros,random,2.6862640831061073,0.712082853765565,0.7153918288961995,0.23783463893398385,66.76422932689125,0.0,0.9577102619390689
07,hyperparam_draw,4.852021557280483,1025,dros,random,4.852021557280483,0.713856820100206,0.7153918288961995,0.23783463893398385,66.76422932689125,0.0,0.926507155449636
07,hyperparam_draw,33.624039300452836,1025,dros,random,33.624039300452836,0.7151495538776321,0.7153918288961995,0.23783463893398385,66.76422932689125,0.0,0.762862922819284
07,hyperparam_draw,3.8201698697434217,1025,dros,random,3.8201698697434217,0.7132400919327682,0.7153918288961995,0.23783463893398385,66.76422932689125,0.0,0.9406220055834276
07,hyperparam_draw,105.76923774526286,1025,dros,random,105.76923774526286,0.714731597088637,0.7153918288961995,0.23783463893398385,66.76422932689125,0.0,0.6488933577257227
07,hyperparam_draw,346.8918623058081,1025,dros,random,346.8918623058081,0.7139953261378708,0.7153918288961995,0.23783463893398385,66.76422932689125,0.0,0.5261813219521795
07,hyperparam_draw,0.7569984048291793,1025,dros,random,0.7569984048291793,0.7059406783686429,0.7153918288961995,0.23783463893398385,66.76422932689125,0.0,0.9790713367763708
07,hyperparam_draw,615.8945170807189,1025,dros,random,615.8945170807189,0.7136298884226816,0.7153918288961995,0.23783463893398385,66.76422932689125,0.0,0.4682443958378356
07,hyperparam_draw,57.933388642163926,1025,dros,random,57.933388642163926,0.7149872083608669,0.7153918288961995,0.23783463893398385,66.76422932689125,0.0,0.7094190511248498
07,hyperparam_draw,972.1107207093836,1025,dros,random,972.1107207093836,0.7134223973919835,0.7153918288961995,0.23783463893398385,66.76422932689125,0.0,0.42546986650395646
07,hyperparam_draw,18.93719555028599,1025,dros,random,18.93719555028599,0.71520908366184,0.7153918288961995,0.23783463893398385,66.76422932689125,0.0,0.8173689662692053
07,hyperparam_draw,42.12113356178174,1025,dros,random,42.12113356178174,0.7150907927113673,0.7153918288961995,0.23783463893398385,66.76422932689125,0.0,0.7408886937349073
07,hyperparam_draw,27.95305055169183,1025,dros,random,27.95305055169183,0.7151859377634808,0.7153918288961995,0.23783463893398385,66.76422932689125,0.0,0.780671354380482
07,hyperparam_draw,3.16608508232212,1025,dros,random,3.16608508232212,0.7126596011704367,0.7153918288961995,0.23783463893398385,66.76422932689125,0.0,0.95030705089407
07,hyperparam_draw,3.3363521461171817,1025,dros,random,3.3363521461171817,0.7128300164490067,0.7153918288961995,0.23783463893398385,66.76422932689125,0.0,0.9477346024794085
07,hyperparam_draw,0.9246670795444069,1025,dros,random,0.9246670795444069,0.7070467955455314,0.7153918288961995,0.23783463893398385,66.76422932689125,0.0,0.979844735515733
07,hyperparam_draw,1017.1430297200576,1025,dros,random,1017.1430297200576,0.7134077420959832,0.7153918288961995,0.23783463893398385,66.76422932689125,0.0,0.42144794514200723
07,hyperparam_draw,2521.401844753608,1025,dros,random,2521.401844753608,0.7133684602124172,0.7153918288961995,0.23783463893398385,66.76422932689125,0.0,0.35084163698049015
07,hyperparam_draw,66.0976917850844,1025,dros,random,66.0976917850844,0.7149381174012338,0.7153918288961995,0.23783463893398385,66.76422932689125,0.0,0.6962846393298195
07,hyperparam_draw,4894.978725648568,1025,dros,random,4894.978725648568,0.7135763718134188,0.7153918288961995,0.23783463893398385,66.76422932689125,0.0,0.31169872370944857
07,hyperparam_draw,8.667272436443756,1025,dros,random,8.667272436443756,0.7148180960518485,0.7153918288961995,0.23783463893398385,66.76422932689125,0.0,0.885020751414513
07,hyperparam_draw,0.794719786362041,1025,dros,random,0.794719786362041,0.7062114582189366,0.7153918288961995,0.23783463893398385,66.76422932689125,0.0,0.9793916404703322
07,hyperparam_draw,24.737965675924297,1025,dros,random,24.737965675924297,0.7152023436729062,0.7153918288961995,0.23783463893398385,66.76422932689125,0.0,0.7923258314944914
07,hyperparam_draw,1.8216346841495072,1025,dros,random,1.8216346841495072,0.7104798179367604,0.7153918288961995,0.23783463893398385,66.76422932689125,0.0,0.9710277035551816
07,hyperparam_draw,36.618125989576605,1025,dros,random,36.618125989576605,0.715128934005978,0.7153918288961995,0.23783463893398385,66.76422932689125,0.0,0.7545729772283117
07,hyperparam_draw,1982.9586217433302,1025,dros,random,1982.9586217433302,0.7133336377995021,0.7153918288961995,0.23783463893398385,66.76422932689125,0.0,0.3676107550531721
07,hyperparam_draw,3635.634303639084,1025,dros,random,3635.634303639084,0.7134682853592977,0.7153918288961995,0.23783463893398385,66.76422932689125,0.0,0.3279528722459056
07,hyperparam_draw,306.2436408465022,1025,dros,random,306.2436408465022,0.7140807806539291,0.7153918288961995,0.23783463893398385,66.76422932689125,0.0,0.5390767522958478
07,hyperparam_draw,3717.5521156079994,1025,dros,random,3717.5521156079994,0.7134757477805604,0.7153918288961995,0.23783463893398385,66.76422932689125,0.0,0.3266624010435532
07,hyperparam_draw,0.9335273738006414,1025,dros,random,0.9335273738006414,0.7070988847676074,0.7153918288961995,0.23783463893398385,66.76422932689125,0.0,0.9798450325140535
07,hyperparam_draw,2.0763969243769966,1025,dros,random,2.0763969243769966,0.7110557093523064,0.7153918288961995,0.23783463893398385,66.76422932689125,0.0,0.967208899097228
07,hyperparam_draw,0.757364163074447,1025,dros,random,0.757364163074447,0.705943372687104,0.7153918288961995,0.23783463893398385,66.76422932689125,0.0,0.9790749262495758
07,hyperparam_draw,5.829709731173746,1025,dros,random,5.829709731173746,0.714239385595698,0.7153918288961995,0.23783463893398385,66.76422932689125,0.0,0.9144138877583444
07,hyperparam_draw,73.58894263727298,1025,dros,random,73.58894263727298,0.7148954099558958,0.7153918288961995,0.23783463893398385,66.76422932689125,0.0,0.6855390211887157
07,hyperparam_draw,3203.497536150984,1025,dros,random,3203.497536150984,0.7134285364360592,0.7153918288961995,0.23783463893398385,66.76422932689125,0.0,0.33550563052321575
07,hyperparam_draw,4.163282887140217,1025,dros,random,4.163282887140217,0.7134776596506767,0.7153918288961995,0.23783463893398385,66.76422932689125,0.0,0.9357676596553854
07,hyperparam_draw,1393.8705444764819,1025,dros,random,1393.8705444764819,0.7133395023751408,0.7153918288961995,0.23783463893398385,66.76422932689125,0.0,0.3947316935460006
07,hyperparam_draw,2.0956220650836754,1025,dros,random,2.0956220650836754,0.7110949454398641,0.7153918288961995,0.23783463893398385,66.76422932689125,0.0,0.966914173352681
07,hyperparam_draw,84.45881027355065,1025,dros,random,84.45881027355065,0.7148368539526312,0.7153918288961995,0.23783463893398385,66.76422932689125,0.0,0.6716836149733442
07,hyperparam_draw,43.39929114303082,1025,dros,random,43.39929114303082,0.7150820236789672,0.7153918288961995,0.23783463893398385,66.76422932689125,0.0,0.7379552573096383
07,hyperparam_draw,40.39730083139341,1025,dros,random,40.39730083139341,0.7151026945286572,0.7153918288961995,0.23783463893398385,66.76422932689125,0.0,0.7449825219750377
07,hyperparam_draw,3.1013903437380956,1025,dros,random,3.1013903437380956,0.7125906402269271,0.7153918288961995,0.23783463893398385,66.76422932689125,0.0,0.951292989746552
07,hyperparam_draw,69.45916929722368,1025,dros,random,69.45916929722368,0.7149186951812895,0.7153918288961995,0.23783463893398385,66.76422932689125,0.0,0.6913252973196758
07,hyperparam_draw,8674.465007602237,1025,dros,random,8674.465007602237,0.7138035993954854,0.7153918288961995,0.23783463893398385,66.76422932689125,0.0,0.28628081567472907
07,hyperparam_draw,nan,1025,ips,fixed,nan,0.7211138029324009,0.7153918288961995,0.23783463893398385,66.76422932689125,0.0,0.23783463893398385
07,hyperparam_draw,nan,1025,snips,fixed,nan,0.7012925973022208,0.7153918288961995,0.23783463893398385,66.76422932689125,0.0,0.23783463893398385
07,hyperparam_draw,nan,1025,dr,fixed,nan,0.7143977058472725,0.7153918288961995,0.23783463893398385,66.76422932689125,0.0,0.23783463893398385
07,hyperparam_draw,3.154842826197023,1025,clipped_ips,slope,3.154842826197023,0.6864360202839364,0.7153918288961995,0.23783463893398385,66.76422932689125,0.0,0.7047116576977623
07,hyperparam_draw,1.4916210582952298,1025,switch_dr,slope,1.4916210582952298,0.7164221068414677,0.7153918288961995,0.23783463893398385,66.76422932689125,0.0,0.8111778987361062
07,hyperparam_draw,0.49736883460649584,1025,dros,slope,0.49736883460649584,0.7035920962652054,0.7153918288961995,0.23783463893398385,66.76422932689125,0.0,0.9730757703380026
07,hyperparam_draw,132.84726114484462,1026,clipped_ips,random,132.84726114484462,0.7095972753033246,0.7153918288961995,0.22128062497015158,75.20647366664929,0.0,0.22128062497015158
07,hyperparam_draw,91.73573068176519,1026,clipped_ips,random,91.73573068176519,0.7095972753033246,0.7153918288961995,0.22128062497015158,75.20647366664929,0.0,0.22128062497015158
07,hyperparam_draw,5.743376878477495,1026,clipped_ips,random,5.743376878477495,0.6995237130225125,0.7153918288961995,0.22128062497015158,75.20647366664929,0.0,0.5936056564777779
07,hyperparam_draw,5.933410276742632,1026,clipped_ips,random,5.933410276742632,0.6999666804838846,0.7153918288961995,0.22128062497015158,75.20647366664929,0.0,0.5874527398433215
07,hyperparam_draw,3.359677206333164,1026,clipped_ips,random,3.359677206333164,0.6878380230146354,0.7153918288961995,0.22128062497015158,75.20647366664929,0.0,0.6977060462567973
07,hyperparam_draw,82.0165671371468,1026,clipped_ips,random,82.0165671371468,0.7095972753033246,0.7153918288961995,0.22128062497015158,75.20647366664929,0.0,0.22128062497015158
07,hyperparam_draw,29.512971186592303,1026,clipped_ips,random,29.512971186592303,0.7081574335510963,0.7153918288961995,0.22128062497015158,75.20647366664929,0.0,0.3135664871036687
07,hyperparam_draw,2.5678203536429303,1026,clipped_ips,random,2.5678203536429303,0.677056486393109,0.7153918288961995,0.22128062497015158,75.20647366664929,0.0,0.7527338430086894
07,hyperparam_draw,1.2675841919435622,1026,clipped_ips,random,1.2675841919435622,0.6256739126028387,0.7153918288961995,0.22128062497015158,75.20647366664929,0.0,0.893397463660539
07,hyperparam_draw,39.36220498245547,1026,clipped_ips,random,39.36220498245547,0.7077548455433227,0.7153918288961995,0.22128062497015158,75.20647366664929,0.0,0.2747431000600123
07,hyperparam_draw,2.5997523418707758,1026,clipped_ips,random,2.5997523418707758,0.6776552504704557,0.7153918288961995,0.22128062497015158,75.20647366664929,0.0,0.7501544029090627
07,hyperparam_draw,80.17537134131742,1026,clipped_ips,random,80.17537134131742,0.7095972753033246,0.7153918288961995,0.22128062497015158,75.20647366664929,0.0,0.22128062497015158
07,hyperparam_draw,14.07778143382506,1026,clipped_ips,random,14.07778143382506,0.7060488408304259,0.7153918288961995,0.22128062497015158,75.20647366664929,0.0,0.43011927847808357
07,hyperparam_draw,7.6175490432308335,1026,clipped_ips,random,7.6175490432308335,0.7025259127027477,0.7153918288961995,0.22128062497015158,75.20647366664929,0.0,0.5417736684678753
07,hyperparam_draw,72.82838900241296,1026,clipped_ips,random,72.82838900241296,0.7094767498108413,0.7153918288961995,0.22128062497015158,75.20647366664929,0.0,0.22354359222744455
07,hyperparam_draw,12.013145982974873,1026,clipped_ips,random,12.013145982974873,0.7053230419294491,0.7153918288961995,0.22128062497015158,75.20647366664929,0.0,0.4577498997560527
07,hyperparam_draw,0.7211265806980092,1026,clipped_ips,random,0.7211265806980092,0.5319005742678232,0.7153918288961995,0.22128062497015158,75.20647366664929,0.0,0.976973071887638
07,hyperparam_draw,4.021483608062406,1026,clipped_ips,random,4.021483608062406,0.692967046835413,0.7153918288961995,0.22128062497015158,75.20647366664929,0.0,0.6617545772211991
07,hyperparam_draw,91.45672864508091,1026,clipped_ips,random,91.45672864508091,0.7095972753033246,0.7153918288961995,0.22128062497015158,75.20647366664929,0.0,0.22128062497015158
07,hyperparam_draw,56.56186961625348,1026,clipped_ips,random,56.56186961625348,0.7085006945425465,0.7153918288961995,0.22128062497015158,75.20647366664929,0.0,0.2452378195023356
07,hyperparam_draw,67.45629670932743,1026,clipped_ips,random,67.45629670932743,0.7091544031022459,0.7153918288961995,0.22128062497015158,75.20647366664929,0.0,0.23086561859160193
07,hyperparam_draw,141.48613770908764,1026,clipped_ips,random,141.48613770908764,0.7095972753033246,0.7153918288961995,0.22128062497015158,75.20647366664929,0.0,0.22128062497015158
07,hyperparam_draw,53.48429702540004,1026,clipped_ips,random,53.48429702540004,0.7083160280586138,0.7153918288961995,0.22128062497015158,75.20647366664929,0.0,0.24911267790646735
07,hyperparam_draw,4.896335466605617,1026,clipped_ips,random,4.896335466605617,0.6971246995526748,0.7153918288961995,0.22128062497015158,75.20647366664929,0.0,0.6235326175213349
07,hyperparam_draw,3.436354199749406,1026,clipped_ips,random,3.436354199749406,0.6885760056902678,0.7153918288961995,0.22128062497015158,75.20647366664929,0.0,0.6931629150753164
07,hyperparam_draw,147.691941333192,1026,clipped_ips,random,147.691941333192,0.7095972753033246,0.7153918288961995,0.22128062497015158,75.20647366664929,0.0,0.22128062497015158
07,hyperparam_draw,112.71663105635194,1026,clipped_ips,random,112.71663105635194,0.7095972753033246,0.7153918288961995,0.22128062497015158,75.20647366664929,0.0,0.22128062497015158
07,hyperparam_draw,12.548637796821446,1026,clipped_ips,random,12.548637796821446,0.7055337972355649,0.7153918288961995,0.22128062497015158,75.20647366664929,0.0,0.4497373101639591
07,hyperparam_draw,23.65477462517383,1026,clipped_ips,random,23.65477462517383,0.7079441110575068,0.7153918288961995,0.22128062497015158,75.20647366664929,0.0,0.34704496816437624
07,hyperparam_draw,4.778857003406084,1026,clipped_ips,random,4.778857003406084,0.6967037472015277,0.7153918288961995,0.22128062497015158,75.20647366664929,0.0,0.6281615465475704
07,hyperparam_draw,2.033292941651026,1026,clipped_ips,random,2.033292941651026,0.6638280271267717,0.7153918288961995,0.22128062497015158,75.20647366664929,0.0,0.801201582245805
07,hyperparam_draw,8.70430246199113,1026,clipped_ips,random,8.70430246199113,0.703510985882117,0.7153918288961995,0.22128062497015158,75.20647366664929,0.0,0.5177488527578222
07,hyperparam_draw,27.288534244604016,1026,clipped_ips,random,27.288534244604016,0.7081994988128334,0.7153918288961995,0.22128062497015158,75.20647366664929,0.0,0.3254972475246108
07,hyperparam_draw,5.951552766464092,1026,clipped_ips,random,5.951552766464092,0.700006493918761,0.7153918288961995,0.22128062497015158,75.20647366664929,0.0,0.5868923216732055
07,hyperparam_draw,1.238446008916296,1026,clipped_ips,random,1.238446008916296,0.6231920694049388,0.7153918288961995,0.22128062497015158,75.20647366664929,0.0,0.8975569763587143
07,hyperparam_draw,71.9034526541972,1026,clipped_ips,random,71.9034526541972,0.709421249984844,0.7153918288961995,0.22128062497015158,75.20647366664929,0.0,0.22481045576377356
07,hyperparam_draw,3.159877842254105,1026,clipped_ips,random,3.159877842254105,0.6857176292859852,0.7153918288961995,0.22128062497015158,75.20647366664929,0.0,0.7101148387401186
07,hyperparam_draw,11.37956877529227,1026,clipped_ips,random,11.37956877529227,0.7050407654543654,0.7153918288961995,0.22128062497015158,75.20647366664929,0.0,0.4680245251666657
07,hyperparam_draw,0.7962897182104733,1026,clipped_ips,random,0.7962897182104733,0.5555936511502676,0.7153918288961995,0.22128062497015158,75.20647366664929,0.0,0.9657663871853678
07,hyperparam_draw,7.929949764596469,1026,clipped_ips,random,7.929949764596469,0.7028775689455102,0.7153918288961995,0.22128062497015158,75.20647366664929,0.0,0.5345301079766337
07,hyperparam_draw,0.7066433132572563,1026,clipped_ips,random,0.7066433132572563,0.5265277356192418,0.7153918288961995,0.22128062497015158,75.20647366664929,0.0,0.9790248467662226
07,hyperparam_draw,5.133216606693042,1026,clipped_ips,random,5.133216606693042,0.6978824284167016,0.7153918288961995,0.22128062497015158,75.20647366664929,0.0,0.6147636824976087
07,hyperparam_draw,21.72452307699052,1026,clipped_ips,random,21.72452307699052,0.7078056777126572,0.7153918288961995,0.22128062497015158,75.20647366664929,0.0,0.36000970603717103
07,hyperparam_draw,44.597939260272206,1026,clipped_ips,random,44.597939260272206,0.7078420369680407,0.7153918288961995,0.22128062497015158,75.20647366664929,0.0,0.2629495168671413
07,hyperparam_draw,38.57710722003974,1026,clipped_ips,random,38.57710722003974,0.7077660987877685,0.7153918288961995,0.22128062497015158,75.20647366664929,0.0,0.276828403945608
07,hyperparam_draw,4.443238139502519,1026,clipped_ips,random,4.443238139502519,0.6952099509044761,0.7153918288961995,0.22128062497015158,75.20647366664929,0.0,0.6422764042723776
07,hyperparam_draw,90.8145653743832,1026,clipped_ips,random,90.8145653743832,0.7095972753033246,0.7153918288961995,0.22128062497015158,75.20647366664929,0.0,0.22128062497015158
07,hyperparam_draw,5.625761045609252,1026,clipped_ips,random,5.625761045609252,0.6992238730040632,0.7153918288961995,0.22128062497015158,75.20647366664929,0.0,0.5975223036856414
07,hyperparam_draw,50.17488825794373,1026,clipped_ips,random,50.17488825794373,0.7081174504904363,0.7153918288961995,0.22128062497015158,75.20647366664929,0.0,0.2531553644258895
07,hyperparam_draw,24.874738616957817,1026,clipped_ips,random,24.874738616957817,0.7080251418339487,0.7153918288961995,0.22128062497015158,75.20647366664929,0.0,0.33964988347090413
07,hyperparam_draw,41.12305786980903,1026,clipped_ips,random,41.12305786980903,0.7077841692759304,0.7153918288961995,0.22128062497015158,75.20647366664929,0.0,0.27083160748501994
07,hyperparam_draw,1.2661466174912237,1026,clipped_ips,random,1.2661466174912237,0.6255542962620401,0.7153918288961995,0.22128062497015158,75.20647366664929,0.0,0.8936023942230404
07,hyperparam_draw,7.901144457785847,1026,clipped_ips,random,7.901144457785847,0.7028490015348735,0.7153918288961995,0.22128062497015158,75.20647366664929,0.0,0.5351791084928695
07,hyperparam_draw,1.4966792172060375,1026,clipped_ips,random,1.4966792172060375,0.6411840215561629,0.7153918288961995,0.22128062497015158,75.20647366664929,0.0,0.8625029929381495
07,hyperparam_draw,2.484270844006771,1026,clipped_ips,random,2.484270844006771,0.6753839476518518,0.7153918288961995,0.22128062497015158,75.20647366664929,0.0,0.75966430180885
07,hyperparam_draw,1.7896749830315828,1026,clipped_ips,random,1.7896749830315828,0.6552273910881649,0.7153918288961995,0.22128062497015158,75.20647366664929,0.0,0.827155396854276
07,hyperparam_draw,15.497945749517852,1026,clipped_ips,random,15.497945749517852,0.7065100880805839,0.7153918288961995,0.22128062497015158,75.20647366664929,0.0,0.41437205694689194
07,hyperparam_draw,1.315263009343417,1026,clipped_ips,random,1.315263009343417,0.6294514678573754,0.7153918288961995,0.22128062497015158,75.20647366664929,0.0,0.8866806577981897
07,hyperparam_draw,9.91905900911416,1026,clipped_ips,random,9.91905900911416,0.7043146481825636,0.7153918288961995,0.22128062497015158,75.20647366664929,0.0,0.4937324468972332
07,hyperparam_draw,46.19737044204597,1026,clipped_ips,random,46.19737044204597,0.7079124766533806,0.7153918288961995,0.22128062497015158,75.20647366664929,0.0,0.2599999863126247
07,hyperparam_draw,122.82547690085582,1026,switch_dr,random,122.82547690085582,0.7128731203641692,0.7153918288961995,0.22128062497015158,75.20647366664929,0.0,0.22128062497015158
07,hyperparam_draw,23.761663403811912,1026,switch_dr,random,23.761663403811912,0.716473963987268,0.7153918288961995,0.22128062497015158,75.20647366664929,0.0,0.4329354431520683
07,hyperparam_draw,0.7740135992891077,1026,switch_dr,random,0.7740135992891077,0.705191026248607,0.7153918288961995,0.22128062497015158,75.20647366664929,0.0,0.5942667119562165
07,hyperparam_draw,19.99527051828813,1026,switch_dr,random,19.99527051828813,0.7166947472445431,0.7153918288961995,0.22128062497015158,75.20647366664929,0.0,0.45947085118010544
07,hyperparam_draw,33.27277887374633,1026,switch_dr,random,33.27277887374633,0.7201350769352343,0.7153918288961995,0.22128062497015158,75.20647366664929,0.0,0.3951491298350279
07,hyperparam_draw,0.7469045894733097,1026,switch_dr,random,0.7469045894733097,0.7047293890564416,0.7153918288961995,0.22128062497015158,75.20647366664929,0.0,0.5563271034994259
07,hyperparam_draw,0.7178076772601786,1026,switch_dr,random,0.7178076772601786,0.7035831811335805,0.7153918288961995,0.22128062497015158,75.20647366664929,0.0,0.5184691859412482
07,hyperparam_draw,34.01679143937494,1026,switch_dr,random,34.01679143937494,0.7186747860276876,0.7153918288961995,0.22128062497015158,75.20647366664929,0.0,0.37972657753379435
07,hyperparam_draw,3.5339651650201866,1026,switch_dr,random,3.5339651650201866,0.7194159946762091,0.7153918288961995,0.22128062497015158,75.20647366664929,0.0,0.7491419589304691
07,hyperparam_draw,0.9344924386178693,1026,switch_dr,random,0.9344924386178693,0.7109358203238009,0.7153918288961995,0.22128062497015158,75.20647366664929,0.0,0.7173655227702589
07,hyperparam_draw,6.420860959400044,1026,switch_dr,random,6.420860959400044,0.7210883917582991,0.7153918288961995,0.22128062497015158,75.20647366664929,0.0,0.6520123941684707
07,hyperparam_draw,2.9485250163536794,1026,switch_dr,random,2.9485250163536794,0.7176054189417792,0.7153918288961995,0.22128062497015158,75.20647366664929,0.0,0.7744637530317987
07,hyperparam_draw,74.70893005107018,1026,switch_dr,random,74.70893005107018,0.7100968756691821,0.7153918288961995,0.22128062497015158,75.20647366664929,0.0,0.2492299830559579
07,hyperparam_draw,18.46789457796723,1026,switch_dr,random,18.46789457796723,0.7143557728820976,0.7153918288961995,0.22128062497015158,75.20647366664929,0.0,0.4807908756072612
07,hyperparam_draw,31.254956719861,1026,switch_dr,random,31.254956719861,0.7174646189113605,0.7153918288961995,0.22128062497015158,75.20647366664929,0.0,0.4112917777606296
07,hyperparam_draw,33.31594992743372,1026,switch_dr,random,33.31594992743372,0.7186747860276876,0.7153918288961995,0.22128062497015158,75.20647366664929,0.0,0.37972657753379435
07,hyperparam_draw,41.298469060457876,1026,switch_dr,random,41.298469060457876,0.7126205409294576,0.7153918288961995,0.22128062497015158,75.20647366664929,0.0,0.32199858576110757
07,hyperparam_draw,31.002753709011863,1026,switch_dr,random,31.002753709011863,0.7174646189113605,0.7153918288961995,0.22128062497015158,75.20647366664929,0.0,0.4112917777606296
07,hyperparam_draw,81.00107941811217,1026,switch_dr,random,81.00107941811217,0.7128731203641692,0.7153918288961995,0.22128062497015158,75.20647366664929,0.0,0.22128062497015158
07,hyperparam_draw,1.1696237590458611,1026,switch_dr,random,1.1696237590458611,0.7115017565697324,0.7153918288961995,0.22128062497015158,75.20647366664929,0.0,0.7889108007697924
07,hyperparam_draw,113.12898662881646,1026,switch_dr,random,113.12898662881646,0.7128731203641692,0.7153918288961995,0.22128062497015158,75.20647366664929,0.0,0.22128062497015158
07,hyperparam_draw,51.949838271892965,1026,switch_dr,random,51.949838271892965,0.7096216063624317,0.7153918288961995,0.22128062497015158,75.20647366664929,0.0,0.2848194229811628
07,hyperparam_draw,1.664962848020082,1026,switch_dr,random,1.664962848020082,0.7124970516866767,0.7153918288961995,0.22128062497015158,75.20647366664929,0.0,0.81961343009002
07,hyperparam_draw,6.007774309873073,1026,switch_dr,random,6.007774309873073,0.7214531292258892,0.7153918288961995,0.22128062497015158,75.20647366664929,0.0,0.6593302797130386
07,hyperparam_draw,33.226372246501874,1026,switch_dr,random,33.226372246501874,0.7201350769352343,0.7153918288961995,0.22128062497015158,75.20647366664929,0.0,0.3951491298350279
07,hyperparam_draw,21.314015619149703,1026,switch_dr,random,21.314015619149703,0.7166947472445431,0.7153918288961995,0.22128062497015158,75.20647366664929,0.0,0.45947085118010544
07,hyperparam_draw,8.832814153685941,1026,switch_dr,random,8.832814153685941,0.7195184988470196,0.7153918288961995,0.22128062497015158,75.20647366664929,0.0,0.6028185592817987
07,hyperparam_draw,10.595953323764622,1026,switch_dr,random,10.595953323764622,0.7197743842082088,0.7153918288961995,0.22128062497015158,75.20647366664929,0.0,0.5753694047569547
07,hyperparam_draw,8.459846383986514,1026,switch_dr,random,8.459846383986514,0.7203205038927811,0.7153918288961995,0.22128062497015158,75.20647366664929,0.0,0.6097112651222167
07,hyperparam_draw,45.07214107530807,1026,switch_dr,random,45.07214107530807,0.7107577407641457,0.7153918288961995,0.22128062497015158,75.20647366664929,0.0,0.30416653026649554
07,hyperparam_draw,1.6254223592620525,1026,switch_dr,random,1.6254223592620525,0.7123930319315566,0.7153918288961995,0.22128062497015158,75.20647366664929,0.0,0.8195645994458458
07,hyperparam_draw,16.894093314383884,1026,switch_dr,random,16.894093314383884,0.7139580708116625,0.7153918288961995,0.22128062497015158,75.20647366664929,0.0,0.48683195628835413
07,hyperparam_draw,1.4784785557274946,1026,switch_dr,random,1.4784785557274946,0.714241551436594,0.7153918288961995,0.22128062497015158,75.20647366664929,0.0,0.8172153634548577
07,hyperparam_draw,29.233353418438615,1026,switch_dr,random,29.233353418438615,0.7174646189113605,0.7153918288961995,0.22128062497015158,75.20647366664929,0.0,0.4112917777606296
07,hyperparam_draw,4.3920684136735,1026,switch_dr,random,4.3920684136735,0.7207834425163714,0.7153918288961995,0.22128062497015158,75.20647366664929,0.0,0.7148542020225153
07,hyperparam_draw,11.880426071759304,1026,switch_dr,random,11.880426071759304,0.7193069019255286,0.7153918288961995,0.22128062497015158,75.20647366664929,0.0,0.5606503276366318
07,hyperparam_draw,12.110922377651923,1026,switch_dr,random,12.110922377651923,0.7186538769042776,0.7153918288961995,0.22128062497015158,75.20647366664929,0.0,0.5528855773671542
07,hyperparam_draw,28.072784684011086,1026,switch_dr,random,28.072784684011086,0.7174646189113605,0.7153918288961995,0.22128062497015158,75.20647366664929,0.0,0.4112917777606296
07,hyperparam_draw,3.8271081586704168,1026,switch_dr,random,3.8271081586704168,0.7207823036944762,0.7153918288961995,0.22128062497015158,75.20647366664929,0.0,0.7369397615262943
07,hyperparam_draw,8.98541546762574,1026,switch_dr,random,8.98541546762574,0.7195184988470196,0.7153918288961995,0.22128062497015158,75.20647366664929,0.0,0.6028185592817987
07,hyperparam_draw,1.4272125353029372,1026,switch_dr,random,1.4272125353029372,0.7142407760974993,0.7153918288961995,0.22128062497015158,75.20647366664929,0.0,0.8150933706213798
07,hyperparam_draw,19.286460703848572,1026,switch_dr,random,19.286460703848572,0.7160172555672365,0.7153918288961995,0.22128062497015158,75.20647366664929,0.0,0.46671550188533567
07,hyperparam_draw,37.15023793513952,1026,switch_dr,random,37.15023793513952,0.7149231001811456,0.7153918288961995,0.22128062497015158,75.20647366664929,0.0,0.3370045789788018
07,hyperparam_draw,1.0916680613085274,1026,switch_dr,random,1.0916680613085274,0.7121007053770285,0.7153918288961995,0.22128062497015158,75.20647366664929,0.0,0.7729034333438676
07,hyperparam_draw,143.55189944660708,1026,switch_dr,random,143.55189944660708,0.7128731203641692,0.7153918288961995,0.22128062497015158,75.20647366664929,0.0,0.22128062497015158
07,hyperparam_draw,73.52004142847252,1026,switch_dr,random,73.52004142847252,0.7096216063624317,0.7153918288961995,0.22128062497015158,75.20647366664929,0.0,0.2848194229811628
07,hyperparam_draw,67.76617974799673,1026,switch_dr,random,67.76617974799673,0.7096216063624317,0.7153918288961995,0.22128062497015158,75.20647366664929,0.0,0.2848194229811628
07,hyperparam_draw,35.50126797840221,1026,switch_dr,random,35.50126797840221,0.7161319320295477,0.7153918288961995,0.22128062497015158,75.20647366664929,0.0,0.35074795417975246
07,hyperparam_draw,83.20504534568698,1026,switch_dr,random,83.20504534568698,0.7128731203641692,0.7153918288961995,0.22128062497015158,75.20647366664929,0.0,0.22128062497015158
07,hyperparam_draw,5.19797824382706,1026,switch_dr,random,5.19797824382706,0.7214754115420053,0.7153918288961995,0.22128062497015158,75.20647366664929,0.0,0.6877446868104483
07,hyperparam_draw,4.004761436591162,1026,switch_dr,random,4.004761436591162,0.7211168152695321,0.7153918288961995,0.22128062497015158,75.20647366664929,0.0,0.727386570505973
07,hyperparam_draw,36.81959147699588,1026,switch_dr,random,36.81959147699588,0.7149231001811456,0.7153918288961995,0.22128062497015158,75.20647366664929,0.0,0.3370045789788018
07,hyperparam_draw,30.41891914229072,1026,switch_dr,random,30.41891914229072,0.7174646189113605,0.7153918288961995,0.22128062497015158,75.20647366664929,0.0,0.4112917777606296
07,hyperparam_draw,6.030307836809143,1026,switch_dr,random,6.030307836809143,0.7213106439125545,0.7153918288961995,0.22128062497015158,75.20647366664929,0.0,0.6581766791810666
07,hyperparam_draw,0.800606583097364,1026,switch_dr,random,0.800606583097364,0.7060027509414939,0.7153918288961995,0.22128062497015158,75.20647366664929,0.0,0.6217871165397709
07,hyperparam_draw,98.20892473196733,1026,switch_dr,random,98.20892473196733,0.7128731203641692,0.7153918288961995,0.22128062497015158,75.20647366664929,0.0,0.22128062497015158
07,hyperparam_draw,6.235363922349236,1026,switch_dr,random,6.235363922349236,0.7214483899489896,0.7153918288961995,0.22128062497015158,75.20647366664929,0.0,0.6545609728037832
07,hyperparam_draw,1.7243186131719601,1026,switch_dr,random,1.7243186131719601,0.711852020850461,0.7153918288961995,0.22128062497015158,75.20647366664929,0.0,0.8192794773419338
07,hyperparam_draw,133.49773947195496,1026,switch_dr,random,133.49773947195496,0.7128731203641692,0.7153918288961995,0.22128062497015158,75.20647366664929,0.0,0.22128062497015158
07,hyperparam_draw,0.7239186142152255,1026,switch_dr,random,0.7239186142152255,0.7035268982297473,0.7153918288961995,0.22128062497015158,75.20647366664929,0.0,0.5277127047920851
07,hyperparam_draw,1764.216303025878,1026,dros,random,1764.216303025878,0.7141127156041069,0.7153918288961995,0.22128062497015158,75.20647366664929,0.0,0.39436179025450385
07,hyperparam_draw,5.636596475316495,1026,dros,random,5.636596475316495,0.714243255981501,0.7153918288961995,0.22128062497015158,75.20647366664929,0.0,0.9172358981365821
07,hyperparam_draw,17135.53503084838,1026,dros,random,17135.53503084838,0.7127612277945649,0.7153918288961995,0.22128062497015158,75.20647366664929,0.0,0.2586379423883987
07,hyperparam_draw,832.7759312850031,1026,dros,random,832.7759312850031,0.7151833454574913,0.7153918288961995,0.22128062497015158,75.20647366664929,0.0,0.46186971972864566
07,hyperparam_draw,0.5915549915857466,1026,dros,random,0.5915549915857466,0.7045089412372643,0.7153918288961995,0.22128062497015158,75.20647366664929,0.0,0.9783160869546186
07,hyperparam_draw,1.4994117000344802,1026,dros,random,1.4994117000344802,0.70908715237037,0.7153918288961995,0.22128062497015158,75.20647366664929,0.0,0.9761609186330285
07,hyperparam_draw,13997.024115891127,1026,dros,random,13997.024115891127,0.7127700071979709,0.7153918288961995,0.22128062497015158,75.20647366664929,0.0,0.26550860267246734
07,hyperparam_draw,1.6045537390472018,1026,dros,random,1.6045537390472018,0.7093940801476573,0.7153918288961995,0.22128062497015158,75.20647366664929,0.0,0.9747217538413961
07,hyperparam_draw,12.895298847145249,1026,dros,random,12.895298847145249,0.7165120647241595,0.7153918288961995,0.22128062497015158,75.20647366664929,0.0,0.8537611204245029
07,hyperparam_draw,209.32879963587985,1026,dros,random,209.32879963587985,0.7170990999760934,0.7153918288961995,0.22128062497015158,75.20647366664929,0.0,0.5933740761885341
07,hyperparam_draw,81.95698250531693,1026,dros,random,81.95698250531693,0.7179616533739557,0.7153918288961995,0.22128062497015158,75.20647366664929,0.0,0.6830097071744868
07,hyperparam_draw,19.196427933751377,1026,dros,random,19.196427933751377,0.7172709586768448,0.7153918288961995,0.22128062497015158,75.20647366664929,0.0,0.8188996621808229
07,hyperparam_draw,422.2008165453204,1026,dros,random,422.2008165453204,0.7161701199324907,0.7153918288961995,0.22128062497015158,75.20647366664929,0.0,0.5261905894426411
07,hyperparam_draw,201.70614944480405,1026,dros,random,201.70614944480405,0.7171437562330459,0.7153918288961995,0.22128062497015158,75.20647366664929,0.0,0.5969288102962161
07,hyperparam_draw,14079.115095017469,1026,dros,random,14079.115095017469,0.7127696077119815,0.7153918288961995,0.22128062497015158,75.20647366664929,0.0,0.26529655896845483
07,hyperparam_draw,4079.4071714010547,1026,dros,random,4079.4071714010547,0.7132193673338391,0.7153918288961995,0.22128062497015158,75.20647366664929,0.0,0.3296944662676481
07,hyperparam_draw,0.5276462780657092,1026,dros,random,0.5276462780657092,0.7039211663304797,0.7153918288961995,0.22128062497015158,75.20647366664929,0.0,0.9765105294865094
07,hyperparam_draw,11.901133234003469,1026,dros,random,11.901133234003469,0.7163306023197014,0.7153918288961995,0.22128062497015158,75.20647366664929,0.0,0.86052395645001
07,hyperparam_draw,2.5566725833494677,1026,dros,random,2.5566725833494677,0.7113780771851629,0.7153918288961995,0.22128062497015158,75.20647366664929,0.0,0.9600187281999297
07,hyperparam_draw,12.102953241179385,1026,dros,random,12.102953241179385,0.7163693900645672,0.7153918288961995,0.22128062497015158,75.20647366664929,0.0,0.8591151572415736
07,hyperparam_draw,0.7107528334795472,1026,dros,random,0.7107528334795472,0.705449911879614,0.7153918288961995,0.22128062497015158,75.20647366664929,0.0,0.9803539368763504
07,hyperparam_draw,11.960476431407686,1026,dros,random,11.960476431407686,0.7163421165877231,0.7153918288961995,0.22128062497015158,75.20647366664929,0.0,0.8601077392780362
07,hyperparam_draw,16406.45782956226,1026,dros,random,16406.45782956226,0.712762311558524,0.7153918288961995,0.22128062497015158,75.20647366664929,0.0,0.2600351223324287
07,hyperparam_draw,9.536380283385903,1026,dros,random,9.536380283385903,0.7157836869280432,0.7153918288961995,0.22128062497015158,75.20647366664929,0.0,0.8786106588792565
07,hyperparam_draw,60.27783939737744,1026,dros,random,60.27783939737744,0.7180671591734531,0.7153918288961995,0.22128062497015158,75.20647366664929,0.0,0.7122243438427387
07,hyperparam_draw,12893.70806939995,1026,dros,random,12893.70806939995,0.712776680562362,0.7153918288961995,0.22128062497015158,75.20647366664929,0.0,0.26857288164621834
07,hyperparam_draw,13471.125759042834,1026,dros,random,13471.125759042834,0.7127728669671002,0.7153918288961995,0.22128062497015158,75.20647366664929,0.0,0.2669175496885354
07,hyperparam_draw,7.713870452898224,1026,dros,random,7.713870452898224,0.7152010156947536,0.7153918288961995,0.22128062497015158,75.20647366664929,0.0,0.8949954871797985
07,hyperparam_draw,12224.81173852517,1026,dros,random,12224.81173852517,0.7127821513627185,0.7153918288961995,0.22128062497015158,75.20647366664929,0.0,0.2706491609406592
07,hyperparam_draw,435.71586462041563,1026,dros,random,435.71586462041563,0.7161256459367983,0.7153918288961995,0.22128062497015158,75.20647366664929,0.0,0.5231815536443745
07,hyperparam_draw,9.923462957730813,1026,dros,random,9.923462957730813,0.7158867197620883,0.7153918288961995,0.22128062497015158,75.20647366664929,0.0,0.8754304756725607
07,hyperparam_draw,10.837193799234607,1026,dros,random,10.837193799234607,0.7161074291917191,0.7153918288961995,0.22128062497015158,75.20647366664929,0.0,0.868280804782542
07,hyperparam_draw,47.81196512866714,1026,dros,random,47.81196512866714,0.7180664321390611,0.7153918288961995,0.22128062497015158,75.20647366664929,0.0,0.7341778612410335
07,hyperparam_draw,2.103282196920065,1026,dros,random,2.103282196920065,0.7105737106532931,0.7153918288961995,0.22128062497015158,75.20647366664929,0.0,0.967191947902436
07,hyperparam_draw,91.92644860238727,1026,dros,random,91.92644860238727,0.7178947694470311,0.7153918288961995,0.22128062497015158,75.20647366664929,0.0,0.6720706853991236
07,hyperparam_draw,1.510232232350161,1026,dros,random,1.510232232350161,0.7091199313222789,0.7153918288961995,0.22128062497015158,75.20647366664929,0.0,0.9760167392532779
07,hyperparam_draw,64.65783258758815,1026,dros,random,64.65783258758815,0.7180532075260316,0.7153918288961995,0.22128062497015158,75.20647366664929,0.0,0.7055631439663897
07,hyperparam_draw,4698.930716579654,1026,dros,random,4698.930716579654,0.7131185313852567,0.7153918288961995,0.22128062497015158,75.20647366664929,0.0,0.32034488429789654
07,hyperparam_draw,15.962155276966756,1026,dros,random,15.962155276966756,0.7169490062676271,0.7153918288961995,0.22128062497015158,75.20647366664929,0.0,0.8353114674664813
07,hyperparam_draw,839.6820796471571,1026,dros,random,839.6820796471571,0.7151711505835741,0.7153918288961995,0.22128062497015158,75.20647366664929,0.0,0.4610990589996439
07,hyperparam_draw,449.062375588151,1026,dros,random,449.062375588151,0.716082899272829,0.7153918288961995,0.22128062497015158,75.20647366664929,0.0,0.5203016000708174
07,hyperparam_draw,36.70326377327338,1026,dros,random,36.70326377327338,0.7179708649620726,0.7153918288961995,0.22128062497015158,75.20647366664929,0.0,0.7591009055436696
07,hyperparam_draw,18565.398819904065,1026,dros,random,18565.398819904065,0.7127602006845698,0.7153918288961995,0.22128062497015158,75.20647366664929,0.0,0.2561725202969665
07,hyperparam_draw,0.5567925573483026,1026,dros,random,0.5567925573483026,0.7041975469167734,0.7153918288961995,0.22128062497015158,75.20647366664929,0.0,0.9774085611831873
07,hyperparam_draw,0.8319878452743831,1026,dros,random,0.8319878452743831,0.7062485464260482,0.7153918288961995,0.22128062497015158,75.20647366664929,0.0,0.9811918744591716
07,hyperparam_draw,5775.861970470296,1026,dros,random,5775.861970470296,0.7129980968477337,0.7153918288961995,0.22128062497015158,75.20647366664929,0.0,0.30760479828241116
07,hyperparam_draw,168.1098965220368,1026,dros,random,168.1098965220368,0.7173537154546497,0.7153918288961995,0.22128062497015158,75.20647366664929,0.0,0.6143823218189391
07,hyperparam_draw,1.9767857617785702,1026,dros,random,1.9767857617785702,0.7103099619799974,0.7153918288961995,0.22128062497015158,75.20647366664929,0.0,0.9691679154112693
07,hyperparam_draw,1060.2087914359938,1026,dros,random,1060.2087914359938,0.7148279782492157,0.7153918288961995,0.22128062497015158,75.20647366664929,0.0,0.43953296112749374
07,hyperparam_draw,1674.0807107010558,1026,dros,random,1674.0807107010558,0.7141824820985558,0.7153918288961995,0.22128062497015158,75.20647366664929,0.0,0.3988535699493373
07,hyperparam_draw,123.04084133280807,1026,dros,random,123.04084133280807,0.7176684773698074,0.7153918288961995,0.22128062497015158,75.20647366664929,0.0,0.6442417056028823
07,hyperparam_draw,21204.076721747206,1026,dros,random,21204.076721747206,0.7127608460963596,0.7153918288961995,0.22128062497015158,75.20647366664929,0.0,0.2523876461396022
07,hyperparam_draw,554.0007587596108,1026,dros,random,554.0007587596108,0.7157814752417483,0.7153918288961995,0.22128062497015158,75.20647366664929,0.0,0.5003015504623641
07,hyperparam_draw,299.6009601852272,1026,dros,random,299.6009601852272,0.7166412320124995,0.7153918288961995,0.22128062497015158,75.20647366664929,0.0,0.5590130950312004
07,hyperparam_draw,491.5579413952805,1026,dros,random,491.5579413952805,0.7159539096184645,0.7153918288961995,0.22128062497015158,75.20647366664929,0.0,0.511679785386902
07,hyperparam_draw,44.24798337776301,1026,dros,random,44.24798337776301,0.7180492663729058,0.7153918288961995,0.22128062497015158,75.20647366664929,0.0,0.7414972368942929
07,hyperparam_draw,8.919757819940534,1026,dros,random,8.919757819940534,0.7156060369988718,0.7153918288961995,0.22128062497015158,75.20647366664929,0.0,0.8838805227700687
07,hyperparam_draw,708.2087396657773,1026,dros,random,708.2087396657773,0.7154223675887937,0.7153918288961995,0.22128062497015158,75.20647366664929,0.0,0.4770639942918217
07,hyperparam_draw,114.4557623048963,1026,dros,random,114.4557623048963,0.7177314895438393,0.7153918288961995,0.22128062497015158,75.20647366664929,0.0,0.6511522208357954
07,hyperparam_draw,20782.583561712905,1026,dros,random,20782.583561712905,0.7127605846378786,0.7153918288961995,0.22128062497015158,75.20647366664929,0.0,0.2529359125135556
07,hyperparam_draw,nan,1026,ips,fixed,nan,0.7095972753033246,0.7153918288961995,0.22128062497015158,75.20647366664929,0.0,0.22128062497015158
07,hyperparam_draw,nan,1026,snips,fixed,nan,0.7104663352807222,0.7153918288961995,0.22128062497015158,75.20647366664929,0.0,0.22128062497015158
07,hyperparam_draw,nan,1026,dr,fixed,nan,0.7128731203641692,0.7153918288961995,0.22128062497015158,75.20647366664929,0.0,0.22128062497015158
07,hyperparam_draw,3.2432004885439873,1026,clipped_ips,slope,3.2432004885439873,0.6866389768167422,0.7153918288961995,0.22128062497015158,75.20647366664929,0.0,0.7048294077019741
07,hyperparam_draw,1.5056066069076368,1026,switch_dr,slope,1.5056066069076368,0.714043467824042,0.7153918288961995,0.22128062497015158,75.20647366664929,0.0,0.8179871344431706
07,hyperparam_draw,2.2668512547639272,1026,dros,slope,2.2668512547639272,0.7108869153385259,0.7153918288961995,0.22128062497015158,75.20647366664929,0.0,0.9646100725528799
07,hyperparam_draw,16.836519578238285,1027,clipped_ips,random,16.836519578238285,0.7148458671381439,0.7153918288961995,0.31311306301965786,40.77817322661705,0.0,0.37739240575020094
07,hyperparam_draw,53.63415902274453,1027,clipped_ips,random,53.63415902274453,0.7175826239814118,0.7153918288961995,0.31311306301965786,40.77817322661705,0.0,0.31311306301965786
07,hyperparam_draw,6.571312452167558,1027,clipped_ips,random,6.571312452167558,0.7046044265985821,0.7153918288961995,0.31311306301965786,40.77817322661705,0.0,0.543503680849001
07,hyperparam_draw,1.2400619219081048,1027,clipped_ips,random,1.2400619219081048,0.6239187123958927,0.7153918288961995,0.31311306301965786,40.77817322661705,0.0,0.8969682816631843
07,hyperparam_draw,10.230448962922182,1027,clipped_ips,random,10.230448962922182,0.7108238153764117,0.7153918288961995,0.31311306301965786,40.77817322661705,0.0,0.4536086924520949
07,hyperparam_draw,1.7838491205508624,1027,clipped_ips,random,1.7838491205508624,0.6566788991656642,0.7153918288961995,0.31311306301965786,40.77817322661705,0.0,0.8239584949098311
07,hyperparam_draw,22.60196257430497,1027,clipped_ips,random,22.60196257430497,0.7165656977336793,0.7153918288961995,0.31311306301965786,40.77817322661705,0.0,0.3460822259075413
07,hyperparam_draw,29.679460247586558,1027,clipped_ips,random,29.679460247586558,0.7167374843803199,0.7153918288961995,0.31311306301965786,40.77817322661705,0.0,0.331899463977316
07,hyperparam_draw,4.3175263330680425,1027,clipped_ips,random,4.3175263330680425,0.6960252937829786,0.7153918288961995,0.31311306301965786,40.77817322661705,0.0,0.6304813109327392
07,hyperparam_draw,1.4161349890482795,1027,clipped_ips,random,1.4161349890482795,0.6376988530139189,0.7153918288961995,0.31311306301965786,40.77817322661705,0.0,0.8717349799324505
07,hyperparam_draw,15.291003567622413,1027,clipped_ips,random,15.291003567622413,0.7141621218722967,0.7153918288961995,0.31311306301965786,40.77817322661705,0.0,0.3888105145571508
07,hyperparam_draw,3.289529058310189,1027,clipped_ips,random,3.289529058310189,0.6878297762469714,0.7153918288961995,0.31311306301965786,40.77817322661705,0.0,0.6892175816022642
07,hyperparam_draw,2.127754603277633,1027,clipped_ips,random,2.127754603277633,0.6678426685971345,0.7153918288961995,0.31311306301965786,40.77817322661705,0.0,0.7856643144243077
07,hyperparam_draw,30.306958670536744,1027,clipped_ips,random,30.306958670536744,0.7167894655981872,0.7153918288961995,0.31311306301965786,40.77817322661705,0.0,0.33082175225438015
07,hyperparam_draw,3.837135961378715,1027,clipped_ips,random,3.837135961378715,0.6928150616708301,0.7153918288961995,0.31311306301965786,40.77817322661705,0.0,0.6558244057777728
07,hyperparam_draw,4.561611460498198,1027,clipped_ips,random,4.561611460498198,0.6973082505321838,0.7153918288961995,0.31311306301965786,40.77817322661705,0.0,0.6189856474704708
07,hyperparam_draw,1.803591508701029,1027,clipped_ips,random,1.803591508701029,0.6574388961794906,0.7153918288961995,0.31311306301965786,40.77817322661705,0.0,0.8216035223201785
07,hyperparam_draw,26.92522352884858,1027,clipped_ips,random,26.92522352884858,0.7166227510208764,0.7153918288961995,0.31311306301965786,40.77817322661705,0.0,0.337218500105115
07,hyperparam_draw,70.11695205859048,1027,clipped_ips,random,70.11695205859048,0.7175826239814118,0.7153918288961995,0.31311306301965786,40.77817322661705,0.0,0.31311306301965786
07,hyperparam_draw,50.1651172695415,1027,clipped_ips,random,50.1651172695415,0.7175826239814118,0.7153918288961995,0.31311306301965786,40.77817322661705,0.0,0.31311306301965786
07,hyperparam_draw,2.8313688395321193,1027,clipped_ips,random,2.8313688395321193,0.6819218529753694,0.7153918288961995,0.31311306301965786,40.77817322661705,0.0,0.7222411995545295
07,hyperparam_draw,5.490190307004864,1027,clipped_ips,random,5.490190307004864,0.7011296799362062,0.7153918288961995,0.31311306301965786,40.77817322661705,0.0,0.5814030115840284
07,hyperparam_draw,13.594010570737561,1027,clipped_ips,random,13.594010570737561,0.7131204987205487,0.7153918288961995,0.31311306301965786,40.77817322661705,0.0,0.4047397220411591
07,hyperparam_draw,2.303371800167223,1027,clipped_ips,random,2.303371800167223,0.6722056258758591,0.7153918288961995,0.31311306301965786,40.77817322661705,0.0,0.7680332056143758
07,hyperparam_draw,10.771920390226134,1027,clipped_ips,random,10.771920390226134,0.7112510314030316,0.7153918288961995,0.31311306301965786,40.77817322661705,0.0,0.443922537745365
07,hyperparam_draw,52.6148801616446,1027,clipped_ips,random,52.6148801616446,0.7175826239814118,0.7153918288961995,0.31311306301965786,40.77817322661705,0.0,0.31311306301965786
07,hyperparam_draw,5.719797888924253,1027,clipped_ips,random,5.719797888924253,0.7019392989422195,0.7153918288961995,0.31311306301965786,40.77817322661705,0.0,0.5730438880499489
07,hyperparam_draw,4.58314425298851,1027,clipped_ips,random,4.58314425298851,0.6974152242555313,0.7153918288961995,0.31311306301965786,40.77817322661705,0.0,0.6180007558936707
07,hyperparam_draw,0.9275132604692862,1027,clipped_ips,random,0.9275132604692862,0.5839792369358933,0.7153918288961995,0.31311306301965786,40.77817322661705,0.0,0.9453898062294948
07,hyperparam_draw,9.56938028398393,1027,clipped_ips,random,9.56938028398393,0.7102287494256354,0.7153918288961995,0.31311306301965786,40.77817322661705,0.0,0.4665001071206228
07,hyperparam_draw,10.927373004116232,1027,clipped_ips,random,10.927373004116232,0.7113585942072339,0.7153918288961995,0.31311306301965786,40.77817322661705,0.0,0.44118181244385807
07,hyperparam_draw,6.645550817849461,1027,clipped_ips,random,6.645550817849461,0.7048173194394927,0.7153918288961995,0.31311306301965786,40.77817322661705,0.0,0.5410862188019305
07,hyperparam_draw,5.175286039109844,1027,clipped_ips,random,5.175286039109844,0.6999468587423008,0.7153918288961995,0.31311306301965786,40.77817322661705,0.0,0.5930925799710114
07,hyperparam_draw,61.71955447208939,1027,clipped_ips,random,61.71955447208939,0.7175826239814118,0.7153918288961995,0.31311306301965786,40.77817322661705,0.0,0.31311306301965786
07,hyperparam_draw,6.204651329797412,1027,clipped_ips,random,6.204651329797412,0.7034957750726691,0.7153918288961995,0.31311306301965786,40.77817322661705,0.0,0.5560351968335631
07,hyperparam_draw,1.4221837418136438,1027,clipped_ips,random,1.4221837418136438,0.6381024935380788,0.7153918288961995,0.31311306301965786,40.77817322661705,0.0,0.8708930855180202
07,hyperparam_draw,7.884080969220763,1027,clipped_ips,random,7.884080969220763,0.7077755478061164,0.7153918288961995,0.31311306301965786,40.77817322661705,0.0,0.5052298937847401
07,hyperparam_draw,1.5379488366121978,1027,clipped_ips,random,1.5379488366121978,0.6451551164526919,0.7153918288961995,0.31311306301965786,40.77817322661705,0.0,0.8551419657583347
07,hyperparam_draw,1.2297225866052242,1027,clipped_ips,random,1.2297225866052242,0.6229790402805846,0.7153918288961995,0.31311306301965786,40.77817322661705,0.0,0.8984866676394088
07,hyperparam_draw,21.934920495298243,1027,clipped_ips,random,21.934920495298243,0.7164900327862419,0.7153918288961995,0.31311306301965786,40.77817322661705,0.0,0.34823545835468556
07,hyperparam_draw,4.179261011464878,1027,clipped_ips,random,4.179261011464878,0.6952320597658889,0.7153918288961995,0.31311306301965786,40.77817322661705,0.0,0.6373762191027755
07,hyperparam_draw,72.56568429310296,1027,clipped_ips,random,72.56568429310296,0.7175826239814118,0.7153918288961995,0.31311306301965786,40.77817322661705,0.0,0.31311306301965786
07,hyperparam_draw,2.7939061184444065,1027,clipped_ips,random,2.7939061184444065,0.6813622220624066,0.7153918288961995,0.31311306301965786,40.77817322661705,0.0,0.725121317473683
07,hyperparam_draw,3.790230477658803,1027,clipped_ips,random,3.790230477658803,0.6924385303928144,0.7153918288961995,0.31311306301965786,40.77817322661705,0.0,0.6584846818787629
07,hyperparam_draw,8.534996135853309,1027,clipped_ips,random,8.534996135853309,0.7089401337555485,0.7153918288961995,0.31311306301965786,40.77817322661705,0.0,0.4890370089678293
07,hyperparam_draw,1.9261135422698468,1027,clipped_ips,random,1.9261135422698468,0.6617823116155512,0.7153918288961995,0.31311306301965786,40.77817322661705,0.0,0.807418684910813
07,hyperparam_draw,3.3128384389942065,1027,clipped_ips,random,3.3128384389942065,0.6880817673927658,0.7153918288961995,0.31311306301965786,40.77817322661705,0.0,0.6876573083961758
07,hyperparam_draw,50.954359792716986,1027,clipped_ips,random,50.954359792716986,0.7175826239814118,0.7153918288961995,0.31311306301965786,40.77817322661705,0.0,0.31311306301965786
07,hyperparam_draw,1.401658280595058,1027,clipped_ips,random,1.401658280595058,0.6367131940405645,0.7153918288961995,0.31311306301965786,40.77817322661705,0.0,0.8737591684383594
07,hyperparam_draw,15.737766225620861,1027,clipped_ips,random,15.737766225620861,0.714342983903915,0.7153918288961995,0.31311306301965786,40.77817322661705,0.0,0.38520492432032233
07,hyperparam_draw,6.915306750798643,1027,clipped_ips,random,6.915306750798643,0.7055569546805597,0.7153918288961995,0.31311306301965786,40.77817322661705,0.0,0.5326510621088384
07,hyperparam_draw,2.396120734179713,1027,clipped_ips,random,2.396120734179713,0.6742504460296297,0.7153918288961995,0.31311306301965786,40.77817322661705,0.0,0.7591322549916859
07,hyperparam_draw,0.9990269025061301,1027,clipped_ips,random,0.9990269025061301,0.5956986971029158,0.7153918288961995,0.31311306301965786,40.77817322661705,0.0,0.9341309986085918
07,hyperparam_draw,22.243238948237384,1027,clipped_ips,random,22.243238948237384,0.7165344611765418,0.7153918288961995,0.31311306301965786,40.77817322661705,0.0,0.3471461662315722
07,hyperparam_draw,6.5175989372421474,1027,clipped_ips,random,6.5175989372421474,0.7044491821025389,0.7153918288961995,0.31311306301965786,40.77817322661705,0.0,0.5452945061718301
07,hyperparam_draw,16.548164716986363,1027,clipped_ips,random,16.548164716986363,0.7147164200529719,0.7153918288961995,0.31311306301965786,40.77817322661705,0.0,0.3793396256487883
07,hyperparam_draw,8.32466666835276,1027,clipped_ips,random,8.32466666835276,0.7086099881790862,0.7153918288961995,0.31311306301965786,40.77817322661705,0.0,0.49399944985064387
07,hyperparam_draw,4.8434709505880615,1027,clipped_ips,random,4.8434709505880615,0.6985975734439034,0.7153918288961995,0.31311306301965786,40.77817322661705,0.0,0.6066662992805939
07,hyperparam_draw,39.431358231261854,1027,clipped_ips,random,39.431358231261854,0.7175039390501297,0.7153918288961995,0.31311306301965786,40.77817322661705,0.0,0.3140877701704173
07,hyperparam_draw,17.918704595642673,1027,clipped_ips,random,17.918704595642673,0.7152982166744801,0.7153918288961995,0.31311306301965786,40.77817322661705,0.0,0.37011119709262963
07,hyperparam_draw,8.674897285607278,1027,switch_dr,random,8.674897285607278,0.7143228106931548,0.7153918288961995,0.31311306301965786,40.77817322661705,0.0,0.5805251983301125
07,hyperparam_draw,36.0661030050998,1027,switch_dr,random,36.0661030050998,0.708080191258543,0.7153918288961995,0.31311306301965786,40.77817322661705,0.0,0.35637750664684315
07,hyperparam_draw,2.0461656104115074,1027,switch_dr,random,2.0461656104115074,0.720091505481054,0.7153918288961995,0.31311306301965786,40.77817322661705,0.0,0.8046518616169346
07,hyperparam_draw,4.523316832456617,1027,switch_dr,random,4.523316832456617,0.7182664227202333,0.7153918288961995,0.31311306301965786,40.77817322661705,0.0,0.6958293624190813
07,hyperparam_draw,2.1473163437491043,1027,switch_dr,random,2.1473163437491043,0.7196476019577085,0.7153918288961995,0.31311306301965786,40.77817322661705,0.0,0.8014946779971974
07,hyperparam_draw,61.717040194374455,1027,switch_dr,random,61.717040194374455,0.7101306208469306,0.7153918288961995,0.31311306301965786,40.77817322661705,0.0,0.31311306301965786
07,hyperparam_draw,10.265794774039811,1027,switch_dr,random,10.265794774039811,0.7147000890209875,0.7153918288961995,0.31311306301965786,40.77817322661705,0.0,0.5469055525262456
07,hyperparam_draw,57.77881966618462,1027,switch_dr,random,57.77881966618462,0.7101306208469306,0.7153918288961995,0.31311306301965786,40.77817322661705,0.0,0.31311306301965786
07,hyperparam_draw,1.9014794248249132,1027,switch_dr,random,1.9014794248249132,0.7210519265126512,0.7153918288961995,0.31311306301965786,40.77817322661705,0.0,0.8087977240059022
07,hyperparam_draw,11.868894485677787,1027,switch_dr,random,11.868894485677787,0.7112502752313771,0.7153918288961995,0.31311306301965786,40.77817322661705,0.0,0.5102932108062288
07,hyperparam_draw,7.9472981786968715,1027,switch_dr,random,7.9472981786968715,0.712693014770088,0.7153918288961995,0.31311306301965786,40.77817322661705,0.0,0.6079560882142592
07,hyperparam_draw,31.204563969702914,1027,switch_dr,random,31.204563969702914,0.708080191258543,0.7153918288961995,0.31311306301965786,40.77817322661705,0.0,0.35637750664684315
07,hyperparam_draw,6.498701571463084,1027,switch_dr,random,6.498701571463084,0.7145781808931468,0.7153918288961995,0.31311306301965786,40.77817322661705,0.0,0.6466247868323579
07,hyperparam_draw,70.06011324795008,1027,switch_dr,random,70.06011324795008,0.7101306208469306,0.7153918288961995,0.31311306301965786,40.77817322661705,0.0,0.31311306301965786
07,hyperparam_draw,2.0764888675743234,1027,switch_dr,random,2.0764888675743234,0.720422033588082,0.7153918288961995,0.31311306301965786,40.77817322661705,0.0,0.8036538994021424
07,hyperparam_draw,43.07913908049258,1027,switch_dr,random,43.07913908049258,0.7101306208469306,0.7153918288961995,0.31311306301965786,40.77817322661705,0.0,0.31311306301965786
07,hyperparam_draw,12.493736782062626,1027,switch_dr,random,12.493736782062626,0.7120227388597603,0.7153918288961995,0.31311306301965786,40.77817322661705,0.0,0.4987218441524863
07,hyperparam_draw,58.80964098870573,1027,switch_dr,random,58.80964098870573,0.7101306208469306,0.7153918288961995,0.31311306301965786,40.77817322661705,0.0,0.31311306301965786
07,hyperparam_draw,72.8824254095658,1027,switch_dr,random,72.8824254095658,0.7101306208469306,0.7153918288961995,0.31311306301965786,40.77817322661705,0.0,0.31311306301965786
07,hyperparam_draw,1.778293633284553,1027,switch_dr,random,1.778293633284553,0.7213639361143436,0.7153918288961995,0.31311306301965786,40.77817322661705,0.0,0.8113086407425584
07,hyperparam_draw,28.398788036140942,1027,switch_dr,random,28.398788036140942,0.7109203513850222,0.7153918288961995,0.31311306301965786,40.77817322661705,0.0,0.3647041261545837
07,hyperparam_draw,14.166605312884483,1027,switch_dr,random,14.166605312884483,0.7078110748383271,0.7153918288961995,0.31311306301965786,40.77817322661705,0.0,0.4669740676707922
07,hyperparam_draw,1.090487853704586,1027,switch_dr,random,1.090487853704586,0.7125501126849338,0.7153918288961995,0.31311306301965786,40.77817322661705,0.0,0.7658545942113995
07,hyperparam_draw,11.532633150639722,1027,switch_dr,random,11.532633150639722,0.7147797052591459,0.7153918288961995,0.31311306301965786,40.77817322661705,0.0,0.5217792092584346
07,hyperparam_draw,64.77085122506881,1027,switch_dr,random,64.77085122506881,0.7101306208469306,0.7153918288961995,0.31311306301965786,40.77817322661705,0.0,0.31311306301965786
07,hyperparam_draw,3.148241024237897,1027,switch_dr,random,3.148241024237897,0.7178990421344208,0.7153918288961995,0.31311306301965786,40.77817322661705,0.0,0.7572493504200438
07,hyperparam_draw,36.327861895086514,1027,switch_dr,random,36.327861895086514,0.708080191258543,0.7153918288961995,0.31311306301965786,40.77817322661705,0.0,0.35637750664684315
07,hyperparam_draw,1.6447230205605312,1027,switch_dr,random,1.6447230205605312,0.7199832654495114,0.7153918288961995,0.31311306301965786,40.77817322661705,0.0,0.8121644113070808
07,hyperparam_draw,2.3454556289437978,1027,switch_dr,random,2.3454556289437978,0.7211590327566983,0.7153918288961995,0.31311306301965786,40.77817322661705,0.0,0.7941732440242427
07,hyperparam_draw,0.8536332473347634,1027,switch_dr,random,0.8536332473347634,0.7086405454149067,0.7153918288961995,0.31311306301965786,40.77817322661705,0.0,0.6605642499365731
07,hyperparam_draw,7.036021564432688,1027,switch_dr,random,7.036021564432688,0.7138473661292185,0.7153918288961995,0.31311306301965786,40.77817322661705,0.0,0.6265311722308242
07,hyperparam_draw,3.953559516954345,1027,switch_dr,random,3.953559516954345,0.71760172952852,0.7153918288961995,0.31311306301965786,40.77817322661705,0.0,0.7226818979674927
07,hyperparam_draw,50.82669284751375,1027,switch_dr,random,50.82669284751375,0.7101306208469306,0.7153918288961995,0.31311306301965786,40.77817322661705,0.0,0.31311306301965786
07,hyperparam_draw,2.5159001094793214,1027,switch_dr,random,2.5159001094793214,0.7204786407137806,0.7153918288961995,0.31311306301965786,40.77817322661705,0.0,0.786816960540479
07,hyperparam_draw,3.41679374427376,1027,switch_dr,random,3.41679374427376,0.7181957594952942,0.7153918288961995,0.31311306301965786,40.77817322661705,0.0,0.7434693380377263
07,hyperparam_draw,1.3354508567513412,1027,switch_dr,random,1.3354508567513412,0.7141801247945068,0.7153918288961995,0.31311306301965786,40.77817322661705,0.0,0.8022246891166749
07,hyperparam_draw,36.93345858025122,1027,switch_dr,random,36.93345858025122,0.708080191258543,0.7153918288961995,0.31311306301965786,40.77817322661705,0.0,0.35637750664684315
07,hyperparam_draw,5.105743599799316,1027,switch_dr,random,5.105743599799316,0.7163344022658169,0.7153918288961995,0.31311306301965786,40.77817322661705,0.0,0.6763481716047601
07,hyperparam_draw,81.050608908322,1027,switch_dr,random,81.050608908322,0.7101306208469306,0.7153918288961995,0.31311306301965786,40.77817322661705,0.0,0.31311306301965786
07,hyperparam_draw,15.996456993230538,1027,switch_dr,random,15.996456993230538,0.7080988889167681,0.7153918288961995,0.31311306301965786,40.77817322661705,0.0,0.4457833164230211
07,hyperparam_draw,73.2282671433278,1027,switch_dr,random,73.2282671433278,0.7101306208469306,0.7153918288961995,0.31311306301965786,40.77817322661705,0.0,0.31311306301965786
07,hyperparam_draw,10.848833407538834,1027,switch_dr,random,10.848833407538834,0.7153011472072068,0.7153918288961995,0.31311306301965786,40.77817322661705,0.0,0.5418132908844662
07,hyperparam_draw,0.9291432671601977,1027,switch_dr,random,0.9291432671601977,0.7094719959747255,0.7153918288961995,0.31311306301965786,40.77817322661705,0.0,0.7101865267143357
07,hyperparam_draw,3.0702427808940107,1027,switch_dr,random,3.0702427808940107,0.7177910526010456,0.7153918288961995,0.31311306301965786,40.77817322661705,0.0,0.7606211188361168
07,hyperparam_draw,1.269335592496617,1027,switch_dr,random,1.269335592496617,0.7132255790702613,0.7153918288961995,0.31311306301965786,40.77817322661705,0.0,0.7969908187344485
07,hyperparam_draw,16.147062496573284,1027,switch_dr,random,16.147062496573284,0.706877022282179,0.7153918288961995,0.31311306301965786,40.77817322661705,0.0,0.43812642946138114
07,hyperparam_draw,14.270229683727592,1027,switch_dr,random,14.270229683727592,0.7078110748383271,0.7153918288961995,0.31311306301965786,40.77817322661705,0.0,0.4669740676707922
07,hyperparam_draw,10.593805951779098,1027,switch_dr,random,10.593805951779098,0.7145648400164011,0.7153918288961995,0.31311306301965786,40.77817322661705,0.0,0.5444435182266527
07,hyperparam_draw,73.40509090821557,1027,switch_dr,random,73.40509090821557,0.7101306208469306,0.7153918288961995,0.31311306301965786,40.77817322661705,0.0,0.31311306301965786
07,hyperparam_draw,32.570149925575215,1027,switch_dr,random,32.570149925575215,0.708080191258543,0.7153918288961995,0.31311306301965786,40.77817322661705,0.0,0.35637750664684315
07,hyperparam_draw,50.098168312860146,1027,switch_dr,random,50.098168312860146,0.7101306208469306,0.7153918288961995,0.31311306301965786,40.77817322661705,0.0,0.31311306301965786
07,hyperparam_draw,33.77890617698695,1027,switch_dr,random,33.77890617698695,0.708080191258543,0.7153918288961995,0.31311306301965786,40.77817322661705,0.0,0.35637750664684315
07,hyperparam_draw,8.715829571099192,1027,switch_dr,random,8.715829571099192,0.7141310486684559,0.7153918288961995,0.31311306301965786,40.77817322661705,0.0,0.5786009189536323
07,hyperparam_draw,18.516841943333187,1027,switch_dr,random,18.516841943333187,0.7081323935455968,0.7153918288961995,0.31311306301965786,40.77817322661705,0.0,0.42981368669799513
07,hyperparam_draw,39.93192757809853,1027,switch_dr,random,39.93192757809853,0.7080894702702875,0.7153918288961995,0.31311306301965786,40.77817322661705,0.0,0.3270039589793719
07,hyperparam_draw,22.89546128388996,1027,switch_dr,random,22.89546128388996,0.7103024923236307,0.7153918288961995,0.31311306301965786,40.77817322661705,0.0,0.37027697227094736
07,hyperparam_draw,26.272595501370493,1027,switch_dr,random,26.272595501370493,0.7109203513850222,0.7153918288961995,0.31311306301965786,40.77817322661705,0.0,0.3647041261545837
07,hyperparam_draw,1.571444513074788,1027,switch_dr,random,1.571444513074788,0.7190490337893354,0.7153918288961995,0.31311306301965786,40.77817322661705,0.0,0.8117075533623687
07,hyperparam_draw,1.5603037612473873,1027,switch_dr,random,1.5603037612473873,0.7186705739128817,0.7153918288961995,0.31311306301965786,40.77817322661705,0.0,0.8115311812541095
07,hyperparam_draw,5.601562605087774,1027,switch_dr,random,5.601562605087774,0.7146642905427618,0.7153918288961995,0.31311306301965786,40.77817322661705,0.0,0.6617313500968367
07,hyperparam_draw,3972.9111703808458,1027,dros,random,3972.9111703808458,0.7099597463500928,0.7153918288961995,0.31311306301965786,40.77817322661705,0.0,0.352999830669091
07,hyperparam_draw,1.8700684306821809,1027,dros,random,1.8700684306821809,0.7118474182021384,0.7153918288961995,0.31311306301965786,40.77817322661705,0.0,0.9698062307665994
07,hyperparam_draw,2.380370183454323,1027,dros,random,2.380370183454323,0.7127738021014474,0.7153918288961995,0.31311306301965786,40.77817322661705,0.0,0.9621482560000404
07,hyperparam_draw,1053.7267696137635,1027,dros,random,1053.7267696137635,0.7100938677674682,0.7153918288961995,0.31311306301965786,40.77817322661705,0.0,0.41716976572093606
07,hyperparam_draw,126.58692839270178,1027,dros,random,126.58692839270178,0.7124154542877523,0.7153918288961995,0.31311306301965786,40.77817322661705,0.0,0.6133105105955317
07,hyperparam_draw,53.548095485778155,1027,dros,random,53.548095485778155,0.7139263424186727,0.7153918288961995,0.31311306301965786,40.77817322661705,0.0,0.7080967812891581
07,hyperparam_draw,17.140738872157645,1027,dros,random,17.140738872157645,0.7153672845663702,0.7153918288961995,0.31311306301965786,40.77817322661705,0.0,0.8243480932687715
07,hyperparam_draw,3.513134051705339,1027,dros,random,3.513134051705339,0.7139953280040312,0.7153918288961995,0.31311306301965786,40.77817322661705,0.0,0.9449486812377087
07,hyperparam_draw,5100.708255638663,1027,dros,random,5100.708255638663,0.7099759546300524,0.7153918288961995,0.31311306301965786,40.77817322661705,0.0,0.34554612187265166
07,hyperparam_draw,5.0897362630598675,1027,dros,random,5.0897362630598675,0.7148194354399497,0.7153918288961995,0.31311306301965786,40.77817322661705,0.0,0.9233166274767424
07,hyperparam_draw,54.79495454976966,1027,dros,random,54.79495454976966,0.7138876374008588,0.7153918288961995,0.31311306301965786,40.77817322661705,0.0,0.7056078518717819
07,hyperparam_draw,15.863706888578465,1027,dros,random,15.863706888578465,0.7154139110199063,0.7153918288961995,0.31311306301965786,40.77817322661705,0.0,0.8316256213579146
07,hyperparam_draw,3983.4118836348102,1027,dros,random,3983.4118836348102,0.709959891887041,0.7153918288961995,0.31311306301965786,40.77817322661705,0.0,0.3529143586868617
07,hyperparam_draw,28.785607548185325,1027,dros,random,28.785607548185325,0.7148566907775029,0.7153918288961995,0.31311306301965786,40.77817322661705,0.0,0.7733353097598201
07,hyperparam_draw,6.666072101529446,1027,dros,random,6.666072101529446,0.7152099795042334,0.7153918288961995,0.31311306301965786,40.77817322661705,0.0,0.9046630628004848
07,hyperparam_draw,3524.8990444559004,1027,dros,random,3524.8990444559004,0.7099539350306575,0.7153918288961995,0.31311306301965786,40.77817322661705,0.0,0.35703195632968093
07,hyperparam_draw,88.25732547307136,1027,dros,random,88.25732547307136,0.7130537039770972,0.7153918288961995,0.31311306301965786,40.77817322661705,0.0,0.6533005048357463
07,hyperparam_draw,85.17959631537806,1027,dros,random,85.17959631537806,0.7131169923621988,0.7153918288961995,0.31311306301965786,40.77817322661705,0.0,0.6572322177867914
07,hyperparam_draw,1.7332842327646478,1027,dros,random,1.7332842327646478,0.7115317573793022,0.7153918288961995,0.31311306301965786,40.77817322661705,0.0,0.9717329004027846
07,hyperparam_draw,2418.086458362826,1027,dros,random,2418.086458362826,0.7099500146027032,0.7153918288961995,0.31311306301965786,40.77817322661705,0.0,0.3718580945502224
07,hyperparam_draw,176.2109973259832,1027,dros,random,176.2109973259832,0.7118595282401724,0.7153918288961995,0.31311306301965786,40.77817322661705,0.0,0.5770984507387703
07,hyperparam_draw,796.8601924844121,1027,dros,random,796.8601924844121,0.7102182743627629,0.7153918288961995,0.31311306301965786,40.77817322661705,0.0,0.43664818478835166
07,hyperparam_draw,1.451762721455141,1027,dros,random,1.451762721455141,0.7107552050753645,0.7153918288961995,0.31311306301965786,40.77817322661705,0.0,0.975327464098137
07,hyperparam_draw,2.2814447190154694,1027,dros,random,2.2814447190154694,0.7126196851226682,0.7153918288961995,0.31311306301965786,40.77817322661705,0.0,0.9636644718495392
07,hyperparam_draw,764.0432051053614,1027,dros,random,764.0432051053614,0.7102412673715709,0.7153918288961995,0.31311306301965786,40.77817322661705,0.0,0.4397717067702086
07,hyperparam_draw,1.0912342802625807,1027,dros,random,1.0912342802625807,0.7094047355995179,0.7153918288961995,0.31311306301965786,40.77817322661705,0.0,0.9784993410678833
07,hyperparam_draw,1.6820250064135782,1027,dros,random,1.6820250064135782,0.7114040588866516,0.7153918288961995,0.31311306301965786,40.77817322661705,0.0,0.9724303641713464
07,hyperparam_draw,2.0620829925313235,1027,dros,random,2.0620829925313235,0.7122371582702003,0.7153918288961995,0.31311306301965786,40.77817322661705,0.0,0.9669854403080405
07,hyperparam_draw,39.31949312096565,1027,dros,random,39.31949312096565,0.714420949425903,0.7153918288961995,0.31311306301965786,40.77817322661705,0.0,0.7410445196289293
07,hyperparam_draw,1.222298978652695,1027,dros,random,1.222298978652695,0.7099542022898124,0.7153918288961995,0.31311306301965786,40.77817322661705,0.0,0.9776206667532115
07,hyperparam_draw,19.467755902071442,1027,dros,random,19.467755902071442,0.7152721813459312,0.7153918288961995,0.31311306301965786,40.77817322661705,0.0,0.8121734206702742
07,hyperparam_draw,2078.1471703559173,1027,dros,random,2078.1471703559173,0.7099573095112461,0.7153918288961995,0.31311306301965786,40.77817322661705,0.0,0.3787806721121429
07,hyperparam_draw,86.96237142109594,1027,dros,random,86.96237142109594,0.7130800641253067,0.7153918288961995,0.31311306301965786,40.77817322661705,0.0,0.6549382009304076
07,hyperparam_draw,32.833204930290215,1027,dros,random,32.833204930290215,0.7146822811762262,0.7153918288961995,0.31311306301965786,40.77817322661705,0.0,0.7598425279425174
07,hyperparam_draw,3.0136200652274865,1027,dros,random,3.0136200652274865,0.7135564815541638,0.7153918288961995,0.31311306301965786,40.77817322661705,0.0,0.9524255064762281
07,hyperparam_draw,37.51443042768163,1027,dros,random,37.51443042768163,0.7144913231306333,0.7153918288961995,0.31311306301965786,40.77817322661705,0.0,0.7459776325136545
07,hyperparam_draw,3.4329892403683226,1027,dros,random,3.4329892403683226,0.7139329167645834,0.7153918288961995,0.31311306301965786,40.77817322661705,0.0,0.9461306439910386
07,hyperparam_draw,17.9495384829729,1027,dros,random,17.9495384829729,0.7153354099558462,0.7153918288961995,0.31311306301965786,40.77817322661705,0.0,0.8199678142110833
07,hyperparam_draw,1131.867859586411,1027,dros,random,1131.867859586411,0.7100693682806979,0.7153918288961995,0.31311306301965786,40.77817322661705,0.0,0.4125361817371998
07,hyperparam_draw,1.1626963321802297,1027,dros,random,1.1626963321802297,0.7097139186379031,0.7153918288961995,0.31311306301965786,40.77817322661705,0.0,0.9780692453637823
07,hyperparam_draw,0.7649629837776477,1027,dros,random,0.7649629837776477,0.7076054941264416,0.7153918288961995,0.31311306301965786,40.77817322661705,0.0,0.9781327814951468
07,hyperparam_draw,339.0319554764491,1027,dros,random,339.0319554764491,0.7109394551025369,0.7153918288961995,0.31311306301965786,40.77817322661705,0.0,0.5097148321148182
07,hyperparam_draw,16.188082709846054,1027,dros,random,16.188082709846054,0.7154025765135241,0.7153918288961995,0.31311306301965786,40.77817322661705,0.0,0.8297326863584676
07,hyperparam_draw,16.48892662206474,1027,dros,random,16.48892662206474,0.7153917347731542,0.7153918288961995,0.31311306301965786,40.77817322661705,0.0,0.8280046758822122
07,hyperparam_draw,47.04545725107632,1027,dros,random,47.04545725107632,0.7141397434868206,0.7153918288961995,0.31311306301965786,40.77817322661705,0.0,0.7220134431508616
07,hyperparam_draw,66.3070100923824,1027,dros,random,66.3070100923824,0.7135599194233441,0.7153918288961995,0.31311306301965786,40.77817322661705,0.0,0.684836419353327
07,hyperparam_draw,36.73925117883126,1027,dros,random,36.73925117883126,0.7145221037232602,0.7153918288961995,0.31311306301965786,40.77817322661705,0.0,0.7481621341730172
07,hyperparam_draw,1015.0627633976994,1027,dros,random,1015.0627633976994,0.7101078036395095,0.7153918288961995,0.31311306301965786,40.77817322661705,0.0,0.4196481000122687
07,hyperparam_draw,3.4818407702944714,1027,dros,random,3.4818407702944714,0.7139712834655576,0.7153918288961995,0.31311306301965786,40.77817322661705,0.0,0.9454093176518592
07,hyperparam_draw,3540.3652463576086,1027,dros,random,3540.3652463576086,0.7099541180430268,0.7153918288961995,0.31311306301965786,40.77817322661705,0.0,0.35687889739053913
07,hyperparam_draw,498.21932939323216,1027,dros,random,498.21932939323216,0.7105459999122524,0.7153918288961995,0.31311306301965786,40.77817322661705,0.0,0.4743641338836956
07,hyperparam_draw,0.9496254312049204,1027,dros,random,0.9496254312049204,0.7087125398040843,0.7153918288961995,0.31311306301965786,40.77817322661705,0.0,0.9789069871251957
07,hyperparam_draw,3.696383037233725,1027,dros,random,3.696383037233725,0.714128268464193,0.7153918288961995,0.31311306301965786,40.77817322661705,0.0,0.9422743560276161
07,hyperparam_draw,260.6191759211647,1027,dros,random,260.6191759211647,0.7112740668587048,0.7153918288961995,0.31311306301965786,40.77817322661705,0.0,0.5358717836664514
07,hyperparam_draw,1.2310661447964315,1027,dros,random,1.2310661447964315,0.709988296257423,0.7153918288961995,0.31311306301965786,40.77817322661705,0.0,0.9775485863101656
07,hyperparam_draw,577.5414532746206,1027,dros,random,577.5414532746206,0.7104255330045752,0.7153918288961995,0.31311306301965786,40.77817322661705,0.0,0.46183357435816336
07,hyperparam_draw,1.381200726790778,1027,dros,random,1.381200726790778,0.7105276528729534,0.7153918288961995,0.31311306301965786,40.77817322661705,0.0,0.976111954720386
07,hyperparam_draw,58.37290525875291,1027,dros,random,58.37290525875291,0.7137802402258113,0.7153918288961995,0.31311306301965786,40.77817322661705,0.0,0.6987469325259144
07,hyperparam_draw,265.2467568169211,1027,dros,random,265.2467568169211,0.7112500864979043,0.7153918288961995,0.31311306301965786,40.77817322661705,0.0,0.5340772886751817
07,hyperparam_draw,32.40605214213731,1027,dros,random,32.40605214213731,0.7147003010110877,0.7153918288961995,0.31311306301965786,40.77817322661705,0.0,0.7611943274219968
07,hyperparam_draw,nan,1027,ips,fixed,nan,0.7175826239814118,0.7153918288961995,0.31311306301965786,40.77817322661705,0.0,0.31311306301965786
07,hyperparam_draw,nan,1027,snips,fixed,nan,0.7040869562767545,0.7153918288961995,0.31311306301965786,40.77817322661705,0.0,0.31311306301965786
07,hyperparam_draw,nan,1027,dr,fixed,nan,0.7101306208469306,0.7153918288961995,0.31311306301965786,40.77817322661705,0.0,0.31311306301965786
07,hyperparam_draw,5.388609876488129,1027,clipped_ips,slope,5.388609876488129,0.7007647184686088,0.7153918288961995,0.31311306301965786,40.77817322661705,0.0,0.5851127411999166
07,hyperparam_draw,1.3851162778079908,1027,switch_dr,slope,1.3851162778079908,0.7157959472195958,0.7153918288961995,0.31311306301965786,40.77817322661705,0.0,0.8054997103393785
07,hyperparam_draw,0.4931533146923524,1027,dros,slope,0.4931533146923524,0.7053180888631856,0.7153918288961995,0.31311306301965786,40.77817322661705,0.0,0.9717957794778181
07,hyperparam_draw,2.2702545275042203,1028,clipped_ips,random,2.2702545275042203,0.6735927406407016,0.7153918288961995,0.2658979806434841,41.853319339115366,0.0,0.7744546867696974
07,hyperparam_draw,2.134392374539251,1028,clipped_ips,random,2.134392374539251,0.6699073726545192,0.7153918288961995,0.2658979806434841,41.853319339115366,0.0,0.7880056962223136
07,hyperparam_draw,24.907607133681907,1028,clipped_ips,random,24.907607133681907,0.7219460408590657,0.7153918288961995,0.2658979806434841,41.853319339115366,0.0,0.3054083937009073
07,hyperparam_draw,1.7519107421403954,1028,clipped_ips,random,1.7519107421403954,0.6566413247903856,0.7153918288961995,0.2658979806434841,41.853319339115366,0.0,0.8297571711915492
07,hyperparam_draw,0.9151777434893351,1028,clipped_ips,random,0.9151777434893351,0.5848686805062461,0.7153918288961995,0.2658979806434841,41.853319339115366,0.0,0.9472387907287168
07,hyperparam_draw,36.10434566754415,1028,clipped_ips,random,36.10434566754415,0.7228639285831506,0.7153918288961995,0.2658979806434841,41.853319339115366,0.0,0.27112949111948703
07,hyperparam_draw,2.471448420542202,1028,clipped_ips,random,2.471448420542202,0.6783535867128961,0.7153918288961995,0.2658979806434841,41.853319339115366,0.0,0.755623029259013
07,hyperparam_draw,2.7256191329464206,1028,clipped_ips,random,2.7256191329464206,0.6833570199086507,0.7153918288961995,0.2658979806434841,41.853319339115366,0.0,0.7339664750088725
07,hyperparam_draw,27.370732492162418,1028,clipped_ips,random,27.370732492162418,0.7223548434701205,0.7153918288961995,0.2658979806434841,41.853319339115366,0.0,0.29267414337839986
07,hyperparam_draw,22.675779469514755,1028,clipped_ips,random,22.675779469514755,0.7217740430181584,0.7153918288961995,0.2658979806434841,41.853319339115366,0.0,0.32112896792013723
07,hyperparam_draw,51.46227062354124,1028,clipped_ips,random,51.46227062354124,0.72247267939516,0.7153918288961995,0.2658979806434841,41.853319339115366,0.0,0.2658979806434841
07,hyperparam_draw,1.0155921476493153,1028,clipped_ips,random,1.0155921476493153,0.6009453738527208,0.7153918288961995,0.2658979806434841,41.853319339115366,0.0,0.9314598989654818
07,hyperparam_draw,15.863376019128452,1028,clipped_ips,random,15.863376019128452,0.7205449156615952,0.7153918288961995,0.2658979806434841,41.853319339115366,0.0,0.3759761824098986
07,hyperparam_draw,1.3585000095652278,1028,clipped_ips,random,1.3585000095652278,0.6351244629444852,0.7153918288961995,0.2658979806434841,41.853319339115366,0.0,0.8802156483449018
07,hyperparam_draw,27.011286299202286,1028,clipped_ips,random,27.011286299202286,0.7223142338194821,0.7153918288961995,0.2658979806434841,41.853319339115366,0.0,0.29409170442750776
07,hyperparam_draw,1.4735080709079391,1028,clipped_ips,random,1.4735080709079391,0.6427746314937454,0.7153918288961995,0.2658979806434841,41.853319339115366,0.0,0.8644561329970247
07,hyperparam_draw,15.911795519934264,1028,clipped_ips,random,15.911795519934264,0.7205582270910976,0.7153918288961995,0.2658979806434841,41.853319339115366,0.0,0.37550280593024515
07,hyperparam_draw,1.502139209458587,1028,clipped_ips,random,1.502139209458587,0.6444620851305153,0.7153918288961995,0.2658979806434841,41.853319339115366,0.0,0.8606723099572793
07,hyperparam_draw,34.99010591681356,1028,clipped_ips,random,34.99010591681356,0.7228370154277336,0.7153918288961995,0.2658979806434841,41.853319339115366,0.0,0.2733789880349944
07,hyperparam_draw,10.028989230646662,1028,clipped_ips,random,10.028989230646662,0.7174428876286973,0.7153918288961995,0.2658979806434841,41.853319339115366,0.0,0.45589475756238196
07,hyperparam_draw,44.85240378618372,1028,clipped_ips,random,44.85240378618372,0.72247267939516,0.7153918288961995,0.2658979806434841,41.853319339115366,0.0,0.2658979806434841
07,hyperparam_draw,12.456749112088904,1028,clipped_ips,random,12.456749112088904,0.7191996046451039,0.7153918288961995,0.2658979806434841,41.853319339115366,0.0,0.41602402869921024
07,hyperparam_draw,4.739514800523379,1028,clipped_ips,random,4.739514800523379,0.7043578460371486,0.7153918288961995,0.2658979806434841,41.853319339115366,0.0,0.6095887352114647
07,hyperparam_draw,44.312087375526545,1028,clipped_ips,random,44.312087375526545,0.72247267939516,0.7153918288961995,0.2658979806434841,41.853319339115366,0.0,0.2658979806434841
07,hyperparam_draw,5.078566335472018,1028,clipped_ips,random,5.078566335472018,0.7060723383391294,0.7153918288961995,0.2658979806434841,41.853319339115366,0.0,0.5943725640045902
07,hyperparam_draw,30.314611736401357,1028,clipped_ips,random,30.314611736401357,0.7225767259931986,0.7153918288961995,0.2658979806434841,41.853319339115366,0.0,0.2843343425635691
07,hyperparam_draw,3.9122213758594886,1028,clipped_ips,random,3.9122213758594886,0.6985538512925785,0.7153918288961995,0.2658979806434841,41.853319339115366,0.0,0.6518847304981359
07,hyperparam_draw,11.214996896016325,1028,clipped_ips,random,11.214996896016325,0.7183973959468442,0.7153918288961995,0.2658979806434841,41.853319339115366,0.0,0.4351704342836595
07,hyperparam_draw,2.751295615042556,1028,clipped_ips,random,2.751295615042556,0.6837989579668309,0.7153918288961995,0.2658979806434841,41.853319339115366,0.0,0.7318873327971384
07,hyperparam_draw,29.25932863618508,1028,clipped_ips,random,29.25932863618508,0.7224927583800796,0.7153918288961995,0.2658979806434841,41.853319339115366,0.0,0.28693756621355276
07,hyperparam_draw,14.948414887707152,1028,clipped_ips,random,14.948414887707152,0.7202948222008461,0.7153918288961995,0.2658979806434841,41.853319339115366,0.0,0.38529840698380036
07,hyperparam_draw,2.1000024743263648,1028,clipped_ips,random,2.1000024743263648,0.6689102216849064,0.7153918288961995,0.2658979806434841,41.853319339115366,0.0,0.7915309697816194
07,hyperparam_draw,32.6290717288223,1028,clipped_ips,random,32.6290717288223,0.7227511204335035,0.7153918288961995,0.2658979806434841,41.853319339115366,0.0,0.27855824632238596
07,hyperparam_draw,0.8463551084086095,1028,clipped_ips,random,0.8463551084086095,0.5706716938615004,0.7153918288961995,0.2658979806434841,41.853319339115366,0.0,0.9581320583910354
07,hyperparam_draw,57.780531470624965,1028,clipped_ips,random,57.780531470624965,0.72247267939516,0.7153918288961995,0.2658979806434841,41.853319339115366,0.0,0.2658979806434841
07,hyperparam_draw,34.54509214500474,1028,clipped_ips,random,34.54509214500474,0.7228208257191914,0.7153918288961995,0.2658979806434841,41.853319339115366,0.0,0.2743692269515414
07,hyperparam_draw,29.74860899741241,1028,clipped_ips,random,29.74860899741241,0.722531689832758,0.7153918288961995,0.2658979806434841,41.853319339115366,0.0,0.2857368909988455
07,hyperparam_draw,71.60211565595021,1028,clipped_ips,random,71.60211565595021,0.72247267939516,0.7153918288961995,0.2658979806434841,41.853319339115366,0.0,0.2658979806434841
07,hyperparam_draw,4.643184532715173,1028,clipped_ips,random,4.643184532715173,0.7038163585302142,0.7153918288961995,0.2658979806434841,41.853319339115366,0.0,0.614086557359243
07,hyperparam_draw,26.766117374807152,1028,clipped_ips,random,26.766117374807152,0.7222625170453797,0.7153918288961995,0.2658979806434841,41.853319339115366,0.0,0.29515086243779187
07,hyperparam_draw,19.81581799851975,1028,clipped_ips,random,19.81581799851975,0.7215096198968337,0.7153918288961995,0.2658979806434841,41.853319339115366,0.0,0.34163875035517555
07,hyperparam_draw,1.052508489067541,1028,clipped_ips,random,1.052508489067541,0.6058342096193005,0.7153918288961995,0.2658979806434841,41.853319339115366,0.0,0.9257481218710185
07,hyperparam_draw,1.5286939577239398,1028,clipped_ips,random,1.5286939577239398,0.6459518622342615,0.7153918288961995,0.2658979806434841,41.853319339115366,0.0,0.8572276047572115
07,hyperparam_draw,2.4393037370187733,1028,clipped_ips,random,2.4393037370187733,0.6776319395616761,0.7153918288961995,0.2658979806434841,41.853319339115366,0.0,0.7585581211829157
07,hyperparam_draw,1.4122843335494204,1028,clipped_ips,random,1.4122843335494204,0.6388800595927182,0.7153918288961995,0.2658979806434841,41.853319339115366,0.0,0.8727320643629606
07,hyperparam_draw,16.025956659439387,1028,clipped_ips,random,16.025956659439387,0.7205896121309091,0.7153918288961995,0.2658979806434841,41.853319339115366,0.0,0.3743855913350279
07,hyperparam_draw,40.12235810712767,1028,clipped_ips,random,40.12235810712767,0.7226151411510744,0.7153918288961995,0.2658979806434841,41.853319339115366,0.0,0.2667671059753133
07,hyperparam_draw,3.6538941605437465,1028,clipped_ips,random,3.6538941605437465,0.6960475287816069,0.7153918288961995,0.2658979806434841,41.853319339115366,0.0,0.6673564200180444
07,hyperparam_draw,19.447325995836238,1028,clipped_ips,random,19.447325995836238,0.7214467610087819,0.7153918288961995,0.2658979806434841,41.853319339115366,0.0,0.344597933624486
07,hyperparam_draw,24.92332667387609,1028,clipped_ips,random,24.92332667387609,0.7219473819899935,0.7153918288961995,0.2658979806434841,41.853319339115366,0.0,0.3053039565631993
07,hyperparam_draw,1.929869466971399,1028,clipped_ips,random,1.929869466971399,0.6634697263040051,0.7153918288961995,0.2658979806434841,41.853319339115366,0.0,0.8095898001129772
07,hyperparam_draw,1.9412360781500093,1028,clipped_ips,random,1.9412360781500093,0.663867811779538,0.7153918288961995,0.2658979806434841,41.853319339115366,0.0,0.8083448401458928
07,hyperparam_draw,1.6712170300876723,1028,clipped_ips,random,1.6712170300876723,0.6531057760855133,0.7153918288961995,0.2658979806434841,41.853319339115366,0.0,0.8393824846155125
07,hyperparam_draw,33.74398195156255,1028,clipped_ips,random,33.74398195156255,0.7227916811367904,0.7153918288961995,0.2658979806434841,41.853319339115366,0.0,0.27613589814249956
07,hyperparam_draw,4.743243152822783,1028,clipped_ips,random,4.743243152822783,0.7043787516766441,0.7153918288961995,0.2658979806434841,41.853319339115366,0.0,0.6094146360794178
07,hyperparam_draw,0.9061773535284656,1028,clipped_ips,random,0.9061773535284656,0.5831830213227671,0.7153918288961995,0.2658979806434841,41.853319339115366,0.0,0.9486663611290124
07,hyperparam_draw,39.017892017145,1028,clipped_ips,random,39.017892017145,0.7227105494678162,0.7153918288961995,0.2658979806434841,41.853319339115366,0.0,0.26760652922053496
07,hyperparam_draw,13.103273507538956,1028,clipped_ips,random,13.103273507538956,0.7195129180572359,0.7153918288961995,0.2658979806434841,41.853319339115366,0.0,0.407424361614572
07,hyperparam_draw,1.2891251724325428,1028,clipped_ips,random,1.2891251724325428,0.6297991940835221,0.7153918288961995,0.2658979806434841,41.853319339115366,0.0,0.8901233024485568
07,hyperparam_draw,15.001774959204834,1028,clipped_ips,random,15.001774959204834,0.7203100722152113,0.7153918288961995,0.2658979806434841,41.853319339115366,0.0,0.3847234829881181
07,hyperparam_draw,24.670741312541413,1028,switch_dr,random,24.670741312541413,0.7225275637486052,0.7153918288961995,0.2658979806434841,41.853319339115366,0.0,0.4169686005302424
07,hyperparam_draw,38.97488356208721,1028,switch_dr,random,38.97488356208721,0.7202777808680505,0.7153918288961995,0.2658979806434841,41.853319339115366,0.0,0.2857415554621564
07,hyperparam_draw,79.7441359149802,1028,switch_dr,random,79.7441359149802,0.7157376404738482,0.7153918288961995,0.2658979806434841,41.853319339115366,0.0,0.2658979806434841
07,hyperparam_draw,37.790521789552145,1028,switch_dr,random,37.790521789552145,0.7202777808680505,0.7153918288961995,0.2658979806434841,41.853319339115366,0.0,0.2857415554621564
07,hyperparam_draw,42.78418827727162,1028,switch_dr,random,42.78418827727162,0.7157376404738482,0.7153918288961995,0.2658979806434841,41.853319339115366,0.0,0.2658979806434841
07,hyperparam_draw,6.760093029888784,1028,switch_dr,random,6.760093029888784,0.7243934713518418,0.7153918288961995,0.2658979806434841,41.853319339115366,0.0,0.6218105120674753
07,hyperparam_draw,14.87983864090944,1028,switch_dr,random,14.87983864090944,0.7232454807998061,0.7153918288961995,0.2658979806434841,41.853319339115366,0.0,0.4755573415996063
07,hyperparam_draw,1.0921921832763744,1028,switch_dr,random,1.0921921832763744,0.7164541934170227,0.7153918288961995,0.2658979806434841,41.853319339115366,0.0,0.7737592979421913
07,hyperparam_draw,1.2105605993862099,1028,switch_dr,random,1.2105605993862099,0.7166921772855633,0.7153918288961995,0.2658979806434841,41.853319339115366,0.0,0.7928717023069873
07,hyperparam_draw,2.639952653611512,1028,switch_dr,random,2.639952653611512,0.7186464394172424,0.7153918288961995,0.2658979806434841,41.853319339115366,0.0,0.7850929669733232
07,hyperparam_draw,2.56098231499057,1028,switch_dr,random,2.56098231499057,0.719222209384711,0.7153918288961995,0.2658979806434841,41.853319339115366,0.0,0.7888849448094607
07,hyperparam_draw,33.51683525223371,1028,switch_dr,random,33.51683525223371,0.7177621993549888,0.7153918288961995,0.2658979806434841,41.853319339115366,0.0,0.31439315352864394
07,hyperparam_draw,0.8138399640953464,1028,switch_dr,random,0.8138399640953464,0.7101224970317831,0.7153918288961995,0.2658979806434841,41.853319339115366,0.0,0.6319601460739734
07,hyperparam_draw,1.2120449372945858,1028,switch_dr,random,1.2120449372945858,0.7165446794073489,0.7153918288961995,0.2658979806434841,41.853319339115366,0.0,0.7930479938342802
07,hyperparam_draw,1.056868575008083,1028,switch_dr,random,1.056868575008083,0.7160099776797612,0.7153918288961995,0.2658979806434841,41.853319339115366,0.0,0.7651979340550517
07,hyperparam_draw,82.2368095652316,1028,switch_dr,random,82.2368095652316,0.7157376404738482,0.7153918288961995,0.2658979806434841,41.853319339115366,0.0,0.2658979806434841
07,hyperparam_draw,13.219734394373395,1028,switch_dr,random,13.219734394373395,0.7228636787155006,0.7153918288961995,0.2658979806434841,41.853319339115366,0.0,0.49442312017763435
07,hyperparam_draw,17.404816358310367,1028,switch_dr,random,17.404816358310367,0.7205353526952432,0.7153918288961995,0.2658979806434841,41.853319339115366,0.0,0.45033660710298506
07,hyperparam_draw,0.831135827022468,1028,switch_dr,random,0.831135827022468,0.7107140631719056,0.7153918288961995,0.2658979806434841,41.853319339115366,0.0,0.6476785424881618
07,hyperparam_draw,19.882079866238787,1028,switch_dr,random,19.882079866238787,0.7219795280508876,0.7153918288961995,0.2658979806434841,41.853319339115366,0.0,0.42903495960359916
07,hyperparam_draw,1.8524559061671522,1028,switch_dr,random,1.8524559061671522,0.7179098885119816,0.7153918288961995,0.2658979806434841,41.853319339115366,0.0,0.8147880816080422
07,hyperparam_draw,50.9069282825385,1028,switch_dr,random,50.9069282825385,0.7157376404738482,0.7153918288961995,0.2658979806434841,41.853319339115366,0.0,0.2658979806434841
07,hyperparam_draw,4.030263468912713,1028,switch_dr,random,4.030263468912713,0.7207928708520311,0.7153918288961995,0.2658979806434841,41.853319339115366,0.0,0.7236407192375764
07,hyperparam_draw,2.2111713665506247,1028,switch_dr,random,2.2111713665506247,0.7191273083308184,0.7153918288961995,0.2658979806434841,41.853319339115366,0.0,0.8047069988413236
07,hyperparam_draw,28.85643740277011,1028,switch_dr,random,28.85643740277011,0.7168963306185082,0.7153918288961995,0.2658979806434841,41.853319339115366,0.0,0.3229152701251555
07,hyperparam_draw,5.479803234611699,1028,switch_dr,random,5.479803234611699,0.7246840287006413,0.7153918288961995,0.2658979806434841,41.853319339115366,0.0,0.6671392953155034
07,hyperparam_draw,6.824442163463199,1028,switch_dr,random,6.824442163463199,0.7243934713518418,0.7153918288961995,0.2658979806434841,41.853319339115366,0.0,0.6218105120674753
07,hyperparam_draw,1.92547739930005,1028,switch_dr,random,1.92547739930005,0.7180658732408719,0.7153918288961995,0.2658979806434841,41.853319339115366,0.0,0.8129909325020286
07,hyperparam_draw,8.883633077715468,1028,switch_dr,random,8.883633077715468,0.7217280842548662,0.7153918288961995,0.2658979806434841,41.853319339115366,0.0,0.5741774860894572
07,hyperparam_draw,22.657541991715902,1028,switch_dr,random,22.657541991715902,0.7225275637486052,0.7153918288961995,0.2658979806434841,41.853319339115366,0.0,0.4169686005302424
07,hyperparam_draw,19.46202841781063,1028,switch_dr,random,19.46202841781063,0.7218240864133973,0.7153918288961995,0.2658979806434841,41.853319339115366,0.0,0.43503662839226054
07,hyperparam_draw,0.8783324972920943,1028,switch_dr,random,0.8783324972920943,0.7124159927535284,0.7153918288961995,0.2658979806434841,41.853319339115366,0.0,0.6831183318077516
07,hyperparam_draw,60.6976233020832,1028,switch_dr,random,60.6976233020832,0.7157376404738482,0.7153918288961995,0.2658979806434841,41.853319339115366,0.0,0.2658979806434841
07,hyperparam_draw,46.34587890853362,1028,switch_dr,random,46.34587890853362,0.7157376404738482,0.7153918288961995,0.2658979806434841,41.853319339115366,0.0,0.2658979806434841
07,hyperparam_draw,3.072704677803901,1028,switch_dr,random,3.072704677803901,0.7199676021382124,0.7153918288961995,0.2658979806434841,41.853319339115366,0.0,0.767681005676752
07,hyperparam_draw,1.958637412674498,1028,switch_dr,random,1.958637412674498,0.7181842912491924,0.7153918288961995,0.2658979806434841,41.853319339115366,0.0,0.8121582658040439
07,hyperparam_draw,8.058337699427684,1028,switch_dr,random,8.058337699427684,0.7226272706612893,0.7153918288961995,0.2658979806434841,41.853319339115366,0.0,0.5961080371237255
07,hyperparam_draw,3.5748056933736376,1028,switch_dr,random,3.5748056933736376,0.7203314070633224,0.7153918288961995,0.2658979806434841,41.853319339115366,0.0,0.747259061842636
07,hyperparam_draw,7.109592511620454,1028,switch_dr,random,7.109592511620454,0.7233504020249455,0.7153918288961995,0.2658979806434841,41.853319339115366,0.0,0.6137196892851708
07,hyperparam_draw,20.059627388076777,1028,switch_dr,random,20.059627388076777,0.721694236922207,0.7153918288961995,0.2658979806434841,41.853319339115366,0.0,0.4230820824554249
07,hyperparam_draw,1.266962164851243,1028,switch_dr,random,1.266962164851243,0.7158932170331794,0.7153918288961995,0.2658979806434841,41.853319339115366,0.0,0.799863380444831
07,hyperparam_draw,3.584127145989215,1028,switch_dr,random,3.584127145989215,0.7200621060609572,0.7153918288961995,0.2658979806434841,41.853319339115366,0.0,0.7468262030592537
07,hyperparam_draw,3.070326097321266,1028,switch_dr,random,3.070326097321266,0.7199676021382124,0.7153918288961995,0.2658979806434841,41.853319339115366,0.0,0.767681005676752
07,hyperparam_draw,4.347797547337444,1028,switch_dr,random,4.347797547337444,0.7232382515114626,0.7153918288961995,0.2658979806434841,41.853319339115366,0.0,0.7074877990825684
07,hyperparam_draw,1.2796482092120338,1028,switch_dr,random,1.2796482092120338,0.7154862662791741,0.7153918288961995,0.2658979806434841,41.853319339115366,0.0,0.8011110084344703
07,hyperparam_draw,30.590454778470008,1028,switch_dr,random,30.590454778470008,0.7168963306185082,0.7153918288961995,0.2658979806434841,41.853319339115366,0.0,0.3229152701251555
07,hyperparam_draw,56.02386255986212,1028,switch_dr,random,56.02386255986212,0.7157376404738482,0.7153918288961995,0.2658979806434841,41.853319339115366,0.0,0.2658979806434841
07,hyperparam_draw,4.230362450192342,1028,switch_dr,random,4.230362450192342,0.722203188539062,0.7153918288961995,0.2658979806434841,41.853319339115366,0.0,0.7135024152350711
07,hyperparam_draw,36.061761961450586,1028,switch_dr,random,36.061761961450586,0.7178186106579164,0.7153918288961995,0.2658979806434841,41.853319339115366,0.0,0.3046542370686614
07,hyperparam_draw,15.994303952870647,1028,switch_dr,random,15.994303952870647,0.7222734535018136,0.7153918288961995,0.2658979806434841,41.853319339115366,0.0,0.4591833601398882
07,hyperparam_draw,27.93275189229985,1028,switch_dr,random,27.93275189229985,0.7179539322254285,0.7153918288961995,0.2658979806434841,41.853319339115366,0.0,0.3368161810079403
07,hyperparam_draw,8.949982505549226,1028,switch_dr,random,8.949982505549226,0.7229811242341339,0.7153918288961995,0.2658979806434841,41.853319339115366,0.0,0.5681756590005553
07,hyperparam_draw,20.834644170153336,1028,switch_dr,random,20.834644170153336,0.7225275637486052,0.7153918288961995,0.2658979806434841,41.853319339115366,0.0,0.4169686005302424
07,hyperparam_draw,8.579867622867642,1028,switch_dr,random,8.579867622867642,0.7218518932029572,0.7153918288961995,0.2658979806434841,41.853319339115366,0.0,0.5762002170594253
07,hyperparam_draw,1.155183842875811,1028,switch_dr,random,1.155183842875811,0.7174516954964264,0.7153918288961995,0.2658979806434841,41.853319339115366,0.0,0.7844169066463496
07,hyperparam_draw,0.8076778216119967,1028,switch_dr,random,0.8076778216119967,0.7097245621423125,0.7153918288961995,0.2658979806434841,41.853319339115366,0.0,0.6267790913711513
07,hyperparam_draw,1.6223830442429517,1028,switch_dr,random,1.6223830442429517,0.7185836295103062,0.7153918288961995,0.2658979806434841,41.853319339115366,0.0,0.8166248364499307
07,hyperparam_draw,15.589424801524563,1028,switch_dr,random,15.589424801524563,0.7222734535018136,0.7153918288961995,0.2658979806434841,41.853319339115366,0.0,0.4591833601398882
07,hyperparam_draw,10.752460695489988,1028,switch_dr,random,10.752460695489988,0.7246578626924827,0.7153918288961995,0.2658979806434841,41.853319339115366,0.0,0.5376328613387155
07,hyperparam_draw,2.2609979877171917,1028,switch_dr,random,2.2609979877171917,0.719746396190395,0.7153918288961995,0.2658979806434841,41.853319339115366,0.0,0.802261935717
07,hyperparam_draw,1.2852255569707247,1028,dros,random,1.2852255569707247,0.7112678149884655,0.7153918288961995,0.2658979806434841,41.853319339115366,0.0,0.9769064733115783
07,hyperparam_draw,516.0304541619196,1028,dros,random,516.0304541619196,0.7199945928597868,0.7153918288961995,0.2658979806434841,41.853319339115366,0.0,0.4670283606184424
07,hyperparam_draw,817.8515332529041,1028,dros,random,817.8515332529041,0.7192721367961722,0.7153918288961995,0.2658979806434841,41.853319339115366,0.0,0.42269885408260743
07,hyperparam_draw,911.3516149412818,1028,dros,random,911.3516149412818,0.7190995089011666,0.7153918288961995,0.2658979806434841,41.853319339115366,0.0,0.4129241777067128
07,hyperparam_draw,1.2674279441848648,1028,dros,random,1.2674279441848648,0.7111919824528735,0.7153918288961995,0.2658979806434841,41.853319339115366,0.0,0.9770770584768259
07,hyperparam_draw,2.638708796490059,1028,dros,random,2.638708796490059,0.7147760553619241,0.7153918288961995,0.2658979806434841,41.853319339115366,0.0,0.9580198564346148
07,hyperparam_draw,7.975093649842794,1028,dros,random,7.975093649842794,0.7186066312279626,0.7153918288961995,0.2658979806434841,41.853319339115366,0.0,0.8927290244753975
07,hyperparam_draw,80.44998158636314,1028,dros,random,80.44998158636314,0.7216734865020182,0.7153918288961995,0.2658979806434841,41.853319339115366,0.0,0.6656400451087702
07,hyperparam_draw,3.0196938698080125,1028,dros,random,3.0196938698080125,0.7153408395957023,0.7153918288961995,0.2658979806434841,41.853319339115366,0.0,0.9523045528721915
07,hyperparam_draw,7.259979096571432,1028,dros,random,7.259979096571432,0.7183467465643396,0.7153918288961995,0.2658979806434841,41.853319339115366,0.0,0.8997900874032846
07,hyperparam_draw,94.35788257095642,1028,dros,random,94.35788257095642,0.7216525481802694,0.7153918288961995,0.2658979806434841,41.853319339115366,0.0,0.6482103704895443
07,hyperparam_draw,4.486593217530635,1028,dros,random,4.486593217530635,0.716834329516099,0.7153918288961995,0.2658979806434841,41.853319339115366,0.0,0.9317659737923856
07,hyperparam_draw,295.2684299850203,1028,dros,random,295.2684299850203,0.7207740236993,0.7153918288961995,0.2658979806434841,41.853319339115366,0.0,0.5247503582196943
07,hyperparam_draw,23.133780882735095,1028,dros,random,23.133780882735095,0.7208139926782079,0.7153918288961995,0.2658979806434841,41.853319339115366,0.0,0.7976499414696605
07,hyperparam_draw,679.9831176141773,1028,dros,random,679.9831176141773,0.71956573571324,0.7153918288961995,0.2658979806434841,41.853319339115366,0.0,0.43998570670596165
07,hyperparam_draw,1.4055993337068786,1028,dros,random,1.4055993337068786,0.7117481804822854,0.7153918288961995,0.2658979806434841,41.853319339115366,0.0,0.9756346639285921
07,hyperparam_draw,87.147723348673,1028,dros,random,87.147723348673,0.721666477372125,0.7153918288961995,0.2658979806434841,41.853319339115366,0.0,0.6569015155450435
07,hyperparam_draw,337.334565551978,1028,dros,random,337.334565551978,0.7206029608395482,0.7153918288961995,0.2658979806434841,41.853319339115366,0.0,0.5107146127319903
07,hyperparam_draw,730.2655195437359,1028,dros,random,730.2655195437359,0.7194525976849507,0.7153918288961995,0.2658979806434841,41.853319339115366,0.0,0.43321935346311047
07,hyperparam_draw,2.4790540860799393,1028,dros,random,2.4790540860799393,0.7145046995669013,0.7153918288961995,0.2658979806434841,41.853319339115366,0.0,0.9604370944179995
07,hyperparam_draw,1376.5317125172942,1028,dros,random,1376.5317125172942,0.7184544655450004,0.7153918288961995,0.2658979806434841,41.853319339115366,0.0,0.37860275124769066
07,hyperparam_draw,5.720215406883939,1028,dros,random,5.720215406883939,0.7176367022434249,0.7153918288961995,0.2658979806434841,41.853319339115366,0.0,0.9165358123172395
07,hyperparam_draw,3529.684875967732,1028,dros,random,3529.684875967732,0.7172079521629594,0.7153918288961995,0.2658979806434841,41.853319339115366,0.0,0.3208271079587513
07,hyperparam_draw,2634.8470192206205,1028,dros,random,2634.8470192206205,0.7175491781440427,0.7153918288961995,0.2658979806434841,41.853319339115366,0.0,0.33558703868694206
07,hyperparam_draw,5495.0118697375765,1028,dros,random,5495.0118697375765,0.7167808192147107,0.7153918288961995,0.2658979806434841,41.853319339115366,0.0,0.3034400996437518
07,hyperparam_draw,472.1384383405048,1028,dros,random,472.1384383405048,0.7201282463373003,0.7153918288961995,0.2658979806434841,41.853319339115366,0.0,0.4759919600220757
07,hyperparam_draw,6.946705631939103,1028,dros,random,6.946705631939103,0.7182208969124307,0.7153918288961995,0.2658979806434841,41.853319339115366,0.0,0.9030173809164411
07,hyperparam_draw,28.167307217585563,1028,dros,random,28.167307217585563,0.7210742593094027,0.7153918288961995,0.2658979806434841,41.853319339115366,0.0,0.7777405580801695
07,hyperparam_draw,25.353748705645046,1028,dros,random,25.353748705645046,0.7209409660839573,0.7153918288961995,0.2658979806434841,41.853319339115366,0.0,0.7884496281593846
07,hyperparam_draw,150.15616381233002,1028,dros,random,150.15616381233002,0.721438835175565,0.7153918288961995,0.2658979806434841,41.853319339115366,0.0,0.5974869144878228
07,hyperparam_draw,6265.2790221649175,1028,dros,random,6265.2790221649175,0.7166746614431605,0.7153918288961995,0.2658979806434841,41.853319339115366,0.0,0.2993041201266491
07,hyperparam_draw,40.4750032348827,1028,dros,random,40.4750032348827,0.7214303838592323,0.7153918288961995,0.2658979806434841,41.853319339115366,0.0,0.739880890360807
07,hyperparam_draw,0.5344948608719432,1028,dros,random,0.5344948608719432,0.7061276125722309,0.7153918288961995,0.2658979806434841,41.853319339115366,0.0,0.9740234584732338
07,hyperparam_draw,0.733453478255288,1028,dros,random,0.733453478255288,0.7080417684732208,0.7153918288961995,0.2658979806434841,41.853319339115366,0.0,0.9780973928388322
07,hyperparam_draw,0.9458687941568877,1028,dros,random,0.9458687941568877,0.7095439323998584,0.7153918288961995,0.2658979806434841,41.853319339115366,0.0,0.9789719416935299
07,hyperparam_draw,3.5005859779007737,1028,dros,random,3.5005859779007737,0.7159263867260603,0.7153918288961995,0.2658979806434841,41.853319339115366,0.0,0.9452835340417957
07,hyperparam_draw,1.7867835892690445,1028,dros,random,1.7867835892690445,0.7129766102926395,0.7153918288961995,0.2658979806434841,41.853319339115366,0.0,0.9707106413633637
07,hyperparam_draw,1577.053186266392,1028,dros,random,1577.053186266392,0.7182507837332025,0.7153918288961995,0.2658979806434841,41.853319339115366,0.0,0.36842294645315404
07,hyperparam_draw,8.559727252950644,1028,dros,random,8.559727252950644,0.7187951174367653,0.7153918288961995,0.2658979806434841,41.853319339115366,0.0,0.8872476646519877
07,hyperparam_draw,179.8168762211464,1028,dros,random,179.8168762211464,0.7212991213040354,0.7153918288961995,0.2658979806434841,41.853319339115366,0.0,0.5779182808387358
07,hyperparam_draw,137.86750965768084,1028,dros,random,137.86750965768084,0.7214943799411874,0.7153918288961995,0.2658979806434841,41.853319339115366,0.0,0.6067853247341252
07,hyperparam_draw,946.9053758744126,1028,dros,random,946.9053758744126,0.7190385940451215,0.7153918288961995,0.2658979806434841,41.853319339115366,0.0,0.4095384278827952
07,hyperparam_draw,77.93813068028709,1028,dros,random,77.93813068028709,0.7216742961753739,0.7153918288961995,0.2658979806434841,41.853319339115366,0.0,0.6691040404760975
07,hyperparam_draw,21.097469253109175,1028,dros,random,21.097469253109175,0.7206761251178343,0.7153918288961995,0.2658979806434841,41.853319339115366,0.0,0.8067737501071384
07,hyperparam_draw,4.589157647964033,1028,dros,random,4.589157647964033,0.716912499642568,0.7153918288961995,0.2658979806434841,41.853319339115366,0.0,0.9304304012610922
07,hyperparam_draw,1.025941401109585,1028,dros,random,1.025941401109585,0.7100116209485997,0.7153918288961995,0.2658979806434841,41.853319339115366,0.0,0.9787647808877642
07,hyperparam_draw,106.05107571437296,1028,dros,random,106.05107571437296,0.721619724554578,0.7153918288961995,0.2658979806434841,41.853319339115366,0.0,0.6354354350772076
07,hyperparam_draw,3440.663821294999,1028,dros,random,3440.663821294999,0.7172359092304095,0.7153918288961995,0.2658979806434841,41.853319339115366,0.0,0.32200715609616826
07,hyperparam_draw,2911.042336900213,1028,dros,random,2911.042336900213,0.7174276721083637,0.7153918288961995,0.2658979806434841,41.853319339115366,0.0,0.3302418070824809
07,hyperparam_draw,388.5165250148217,1028,dros,random,388.5165250148217,0.7204102421343869,0.7153918288961995,0.2658979806434841,41.853319339115366,0.0,0.49598607085168844
07,hyperparam_draw,159.14920613249393,1028,dros,random,159.14920613249393,0.7213970233830644,0.7153918288961995,0.2658979806434841,41.853319339115366,0.0,0.5911624758862747
07,hyperparam_draw,40.18747128809399,1028,dros,random,40.18747128809399,0.7214249200328363,0.7153918288961995,0.2658979806434841,41.853319339115366,0.0,0.7406374856528921
07,hyperparam_draw,4471.80143663383,1028,dros,random,4471.80143663383,0.7169662146742091,0.7153918288961995,0.2658979806434841,41.853319339115366,0.0,0.3108394580844839
07,hyperparam_draw,452.5049928915308,1028,dros,random,452.5049928915308,0.7201910780456823,0.7153918288961995,0.2658979806434841,41.853319339115366,0.0,0.48031110202862165
07,hyperparam_draw,38.329247649026364,1028,dros,random,38.329247649026364,0.7213870741502865,0.7153918288961995,0.2658979806434841,41.853319339115366,0.0,0.745650979002928
07,hyperparam_draw,289.7590681677441,1028,dros,random,289.7590681677441,0.7207973022523461,0.7153918288961995,0.2658979806434841,41.853319339115366,0.0,0.5267453761472146
07,hyperparam_draw,1547.0029619959944,1028,dros,random,1547.0029619959944,0.7182792250493103,0.7153918288961995,0.2658979806434841,41.853319339115366,0.0,0.3698264471345002
07,hyperparam_draw,0.9013579231811987,1028,dros,random,0.9013579231811987,0.7092633621911231,0.7153918288961995,0.2658979806434841,41.853319339115366,0.0,0.9789814320439979
07,hyperparam_draw,484.1746165048792,1028,dros,random,484.1746165048792,0.7200906813869526,0.7153918288961995,0.2658979806434841,41.853319339115366,0.0,0.4734428497700586
07,hyperparam_draw,5.087199591658714,1028,dros,random,5.087199591658714,0.7172595935915319,0.7153918288961995,0.2658979806434841,41.853319339115366,0.0,0.9241281752389261
07,hyperparam_draw,nan,1028,ips,fixed,nan,0.72247267939516,0.7153918288961995,0.2658979806434841,41.853319339115366,0.0,0.2658979806434841
07,hyperparam_draw,nan,1028,snips,fixed,nan,0.7052026070853328,0.7153918288961995,0.2658979806434841,41.853319339115366,0.0,0.2658979806434841
07,hyperparam_draw,nan,1028,dr,fixed,nan,0.7157376404738482,0.7153918288961995,0.2658979806434841,41.853319339115366,0.0,0.2658979806434841
07,hyperparam_draw,5.434075703513421,1028,clipped_ips,slope,5.434075703513421,0.7075517317792979,0.7153918288961995,0.2658979806434841,41.853319339115366,0.0,0.5797801834872283
07,hyperparam_draw,1.3845497808133513,1028,switch_dr,slope,1.3845497808133513,0.7164469903592285,0.7153918288961995,0.2658979806434841,41.853319339115366,0.0,0.8093442122216377
07,hyperparam_draw,1.9169780955502993,1028,dros,slope,1.9169780955502993,0.7133195377216697,0.7153918288961995,0.2658979806434841,41.853319339115366,0.0,0.9688484568311484
07,hyperparam_draw,3.8878388087144655,1029,clipped_ips,random,3.8878388087144655,0.6871759118442388,0.7153918288961995,0.19348333885126914,73.36412592789256,0.0,0.6565416663205473
07,hyperparam_draw,3.5445541823955464,1029,clipped_ips,random,3.5445541823955464,0.6844251168102438,0.7153918288961995,0.19348333885126914,73.36412592789256,0.0,0.6770803868133018
07,hyperparam_draw,5.988165611190507,1029,clipped_ips,random,5.988165611190507,0.6967416057725928,0.7153918288961995,0.19348333885126914,73.36412592789256,0.0,0.5616711704461813
07,hyperparam_draw,4.353068574643573,1029,clipped_ips,random,4.353068574643573,0.690219889021318,0.7153918288961995,0.19348333885126914,73.36412592789256,0.0,0.6310992860569616
07,hyperparam_draw,6.037282248540418,1029,clipped_ips,random,6.037282248540418,0.696866047102119,0.7153918288961995,0.19348333885126914,73.36412592789256,0.0,0.5599024225575555
07,hyperparam_draw,8.291735663115698,1029,clipped_ips,random,8.291735663115698,0.7006034309963479,0.7153918288961995,0.19348333885126914,73.36412592789256,0.0,0.49360158831485285
07,hyperparam_draw,2.761125226115638,1029,clipped_ips,random,2.761125226115638,0.6751433199410839,0.7153918288961995,0.19348333885126914,73.36412592789256,0.0,0.732848913048015
07,hyperparam_draw,1.126663131171706,1029,clipped_ips,random,1.126663131171706,0.608809144890795,0.7153918288961995,0.19348333885126914,73.36412592789256,0.0,0.9145692590087692
07,hyperparam_draw,5.449160361155396,1029,clipped_ips,random,5.449160361155396,0.6950990591878946,0.7153918288961995,0.19348333885126914,73.36412592789256,0.0,0.5821510236128679
07,hyperparam_draw,2.95395780250127,1029,clipped_ips,random,2.95395780250127,0.6779209295438318,0.7153918288961995,0.19348333885126914,73.36412592789256,0.0,0.7176108390104663
07,hyperparam_draw,8.222164615837837,1029,clipped_ips,random,8.222164615837837,0.7005182989202587,0.7153918288961995,0.19348333885126914,73.36412592789256,0.0,0.4953771230029056
07,hyperparam_draw,43.15899289927079,1029,clipped_ips,random,43.15899289927079,0.7074078095446225,0.7153918288961995,0.19348333885126914,73.36412592789256,0.0,0.23258004064816004
07,hyperparam_draw,17.860647758260274,1029,clipped_ips,random,17.860647758260274,0.704797090054273,0.7153918288961995,0.19348333885126914,73.36412592789256,0.0,0.35018669789359763
07,hyperparam_draw,1.5062503947943298,1029,clipped_ips,random,1.5062503947943298,0.6382908767847416,0.7153918288961995,0.19348333885126914,73.36412592789256,0.0,0.8605117202442075
07,hyperparam_draw,143.89680048474492,1029,clipped_ips,random,143.89680048474492,0.7091251851455067,0.7153918288961995,0.19348333885126914,73.36412592789256,0.0,0.19348333885126914
07,hyperparam_draw,1.0020548359050712,1029,clipped_ips,random,1.0020548359050712,0.5935117621479289,0.7153918288961995,0.19348333885126914,73.36412592789256,0.0,0.9338518469320565
07,hyperparam_draw,26.428384526351888,1029,clipped_ips,random,26.428384526351888,0.7057552835490687,0.7153918288961995,0.19348333885126914,73.36412592789256,0.0,0.29144697585570645
07,hyperparam_draw,61.32799531510433,1029,clipped_ips,random,61.32799531510433,0.7088171610234069,0.7153918288961995,0.19348333885126914,73.36412592789256,0.0,0.2030599936953824
07,hyperparam_draw,5.279582366308444,1029,clipped_ips,random,5.279582366308444,0.6944901818927525,0.7153918288961995,0.19348333885126914,73.36412592789256,0.0,0.5890382802275878
07,hyperparam_draw,24.137073535724948,1029,clipped_ips,random,24.137073535724948,0.7058152682034515,0.7153918288961995,0.19348333885126914,73.36412592789256,0.0,0.30467439333924706
07,hyperparam_draw,143.50557920096907,1029,clipped_ips,random,143.50557920096907,0.7091251851455067,0.7153918288961995,0.19348333885126914,73.36412592789256,0.0,0.19348333885126914
07,hyperparam_draw,2.846585416824377,1029,clipped_ips,random,2.846585416824377,0.6764233415742051,0.7153918288961995,0.19348333885126914,73.36412592789256,0.0,0.725968806686247
07,hyperparam_draw,4.22054679438152,1029,clipped_ips,random,4.22054679438152,0.689445004700673,0.7153918288961995,0.19348333885126914,73.36412592789256,0.0,0.6379031075537053
07,hyperparam_draw,1.2122423776063358,1029,clipped_ips,random,1.2122423776063358,0.6171561576155342,0.7153918288961995,0.19348333885126914,73.36412592789256,0.0,0.9016802875291196
07,hyperparam_draw,1.3581799134978922,1029,clipped_ips,random,1.3581799134978922,0.6288018954579581,0.7153918288961995,0.19348333885126914,73.36412592789256,0.0,0.8806998062644917
07,hyperparam_draw,2.397187212873041,1029,clipped_ips,random,2.397187212873041,0.6686013992019141,0.7153918288961995,0.19348333885126914,73.36412592789256,0.0,0.7641246661651387
07,hyperparam_draw,1.3487745536493225,1029,clipped_ips,random,1.3487745536493225,0.6281339944460282,0.7153918288961995,0.19348333885126914,73.36412592789256,0.0,0.8820160678698948
07,hyperparam_draw,1.605624689270289,1029,clipped_ips,random,1.605624689270289,0.6436115582833284,0.7153918288961995,0.19348333885126914,73.36412592789256,0.0,0.8477102859620907
07,hyperparam_draw,1.1301095000154158,1029,clipped_ips,random,1.1301095000154158,0.6091754048403781,0.7153918288961995,0.19348333885126914,73.36412592789256,0.0,0.9140422055467458
07,hyperparam_draw,1.284693717515829,1029,clipped_ips,random,1.284693717515829,0.6233159455446967,0.7153918288961995,0.19348333885126914,73.36412592789256,0.0,0.8910817248194717
07,hyperparam_draw,1.5490559378694417,1029,clipped_ips,random,1.5490559378694417,0.6406784039177633,0.7153918288961995,0.19348333885126914,73.36412592789256,0.0,0.8549221195730091
07,hyperparam_draw,36.359503635974086,1029,clipped_ips,random,36.359503635974086,0.7065809694883072,0.7153918288961995,0.19348333885126914,73.36412592789256,0.0,0.25204211916757846
07,hyperparam_draw,1.1340409882693374,1029,clipped_ips,random,1.1340409882693374,0.6095891426656149,0.7153918288961995,0.19348333885126914,73.36412592789256,0.0,0.9134435807067665
07,hyperparam_draw,2.9797995028219493,1029,clipped_ips,random,2.9797995028219493,0.6782669445270958,0.7153918288961995,0.19348333885126914,73.36412592789256,0.0,0.7156368871631185
07,hyperparam_draw,1.14591859428369,1029,clipped_ips,random,1.14591859428369,0.6108201298732265,0.7153918288961995,0.19348333885126914,73.36412592789256,0.0,0.9116365089767638
07,hyperparam_draw,19.32413538510344,1029,clipped_ips,random,19.32413538510344,0.7051672511293197,0.7153918288961995,0.19348333885126914,73.36412592789256,0.0,0.33824461175035886
07,hyperparam_draw,7.515198704502744,1029,clipped_ips,random,7.515198704502744,0.6996103360405321,0.7153918288961995,0.19348333885126914,73.36412592789256,0.0,0.5138590747990929
07,hyperparam_draw,69.09341038466641,1029,clipped_ips,random,69.09341038466641,0.709092238470865,0.7153918288961995,0.19348333885126914,73.36412592789256,0.0,0.19545281405062184
07,hyperparam_draw,31.137560097192193,1029,clipped_ips,random,31.137560097192193,0.7058894883689258,0.7153918288961995,0.19348333885126914,73.36412592789256,0.0,0.26884142455427723
07,hyperparam_draw,2.626528265114873,1029,clipped_ips,random,2.626528265114873,0.6729242226575524,0.7153918288961995,0.19348333885126914,73.36412592789256,0.0,0.7440590596967891
07,hyperparam_draw,7.08133551607415,1029,clipped_ips,random,7.08133551607415,0.6989101686604159,0.7153918288961995,0.19348333885126914,73.36412592789256,0.0,0.5263434880566239
07,hyperparam_draw,1.874010059529313,1029,clipped_ips,random,1.874010059529313,0.6547632450536441,0.7153918288961995,0.19348333885126914,73.36412592789256,0.0,0.8158190360474502
07,hyperparam_draw,94.9228630665741,1029,clipped_ips,random,94.9228630665741,0.7091251851455067,0.7153918288961995,0.19348333885126914,73.36412592789256,0.0,0.19348333885126914
07,hyperparam_draw,118.48488000966007,1029,clipped_ips,random,118.48488000966007,0.7091251851455067,0.7153918288961995,0.19348333885126914,73.36412592789256,0.0,0.19348333885126914
07,hyperparam_draw,3.8501849780640587,1029,clipped_ips,random,3.8501849780640587,0.686896465794104,0.7153918288961995,0.19348333885126914,73.36412592789256,0.0,0.6587284783155121
07,hyperparam_draw,28.799797382511308,1029,clipped_ips,random,28.799797382511308,0.7057473336100315,0.7153918288961995,0.19348333885126914,73.36412592789256,0.0,0.27890980909394225
07,hyperparam_draw,3.19231686007197,1029,clipped_ips,random,3.19231686007197,0.6809062158872407,0.7153918288961995,0.19348333885126914,73.36412592789256,0.0,0.7001684401673689
07,hyperparam_draw,93.52134317472623,1029,clipped_ips,random,93.52134317472623,0.7091251851455067,0.7153918288961995,0.19348333885126914,73.36412592789256,0.0,0.19348333885126914
07,hyperparam_draw,8.447772496044326,1029,clipped_ips,random,8.447772496044326,0.7007876584163912,0.7153918288961995,0.19348333885126914,73.36412592789256,0.0,0.48966949619292593
07,hyperparam_draw,15.460759969071097,1029,clipped_ips,random,15.460759969071097,0.7041497875312592,0.7153918288961995,0.19348333885126914,73.36412592789256,0.0,0.3734918356903657
07,hyperparam_draw,3.6609308368742317,1029,clipped_ips,random,3.6609308368742317,0.6854307962693963,0.7153918288961995,0.19348333885126914,73.36412592789256,0.0,0.6699499623336467
07,hyperparam_draw,79.13078251608258,1029,clipped_ips,random,79.13078251608258,0.7091251851455067,0.7153918288961995,0.19348333885126914,73.36412592789256,0.0,0.19348333885126914
07,hyperparam_draw,3.988456354676594,1029,clipped_ips,random,3.988456354676594,0.6879142329604133,0.7153918288961995,0.19348333885126914,73.36412592789256,0.0,0.650686159356183
07,hyperparam_draw,63.349248273948525,1029,clipped_ips,random,63.349248273948525,0.7089195675312568,0.7153918288961995,0.19348333885126914,73.36412592789256,0.0,0.20043894843128401
07,hyperparam_draw,1.6437107315560249,1029,clipped_ips,random,1.6437107315560249,0.645453490403656,0.7153918288961995,0.19348333885126914,73.36412592789256,0.0,0.8429578070019239
07,hyperparam_draw,6.310448129140385,1029,clipped_ips,random,6.310448129140385,0.6975294244977008,0.7153918288961995,0.19348333885126914,73.36412592789256,0.0,0.5503101170838987
07,hyperparam_draw,11.24374711233255,1029,clipped_ips,random,11.24374711233255,0.7026741760381292,0.7153918288961995,0.19348333885126914,73.36412592789256,0.0,0.4307394236275747
07,hyperparam_draw,1.2112606117376543,1029,clipped_ips,random,1.2112606117376543,0.6170669750610286,0.7153918288961995,0.19348333885126914,73.36412592789256,0.0,0.9018262202412135
07,hyperparam_draw,1.209658912684507,1029,clipped_ips,random,1.209658912684507,0.6169211634318961,0.7153918288961995,0.19348333885126914,73.36412592789256,0.0,0.9020646099457735
07,hyperparam_draw,11.532717909830598,1029,clipped_ips,random,11.532717909830598,0.7027903949683205,0.7153918288961995,0.19348333885126914,73.36412592789256,0.0,0.42570552577005155
07,hyperparam_draw,37.288427886644726,1029,switch_dr,random,37.288427886644726,0.7023755830756162,0.7153918288961995,0.19348333885126914,73.36412592789256,0.0,0.3187790874653224
07,hyperparam_draw,96.24966337964945,1029,switch_dr,random,96.24966337964945,0.7053919333173717,0.7153918288961995,0.19348333885126914,73.36412592789256,0.0,0.19348333885126914
07,hyperparam_draw,12.93205368257458,1029,switch_dr,random,12.93205368257458,0.712930261559882,0.7153918288961995,0.19348333885126914,73.36412592789256,0.0,0.4978317000716408
07,hyperparam_draw,5.894726057648904,1029,switch_dr,random,5.894726057648904,0.7169546044747288,0.7153918288961995,0.19348333885126914,73.36412592789256,0.0,0.6615793992740361
07,hyperparam_draw,3.4560970727315534,1029,switch_dr,random,3.4560970727315534,0.7170023674076471,0.7153918288961995,0.19348333885126914,73.36412592789256,0.0,0.7496847572826298
07,hyperparam_draw,50.09148869015308,1029,switch_dr,random,50.09148869015308,0.7036880716038776,0.7153918288961995,0.19348333885126914,73.36412592789256,0.0,0.24889870705384964
07,hyperparam_draw,2.7774562654754327,1029,switch_dr,random,2.7774562654754327,0.7172928764229473,0.7153918288961995,0.19348333885126914,73.36412592789256,0.0,0.7831199878329306
07,hyperparam_draw,83.8632284924934,1029,switch_dr,random,83.8632284924934,0.7053919333173717,0.7153918288961995,0.19348333885126914,73.36412592789256,0.0,0.19348333885126914
07,hyperparam_draw,1.520723551306714,1029,switch_dr,random,1.520723551306714,0.7118103865100499,0.7153918288961995,0.19348333885126914,73.36412592789256,0.0,0.8164944759118469
07,hyperparam_draw,33.156035008954056,1029,switch_dr,random,33.156035008954056,0.7023755830756162,0.7153918288961995,0.19348333885126914,73.36412592789256,0.0,0.3187790874653224
07,hyperparam_draw,8.507349979327334,1029,switch_dr,random,8.507349979327334,0.7165272374015831,0.7153918288961995,0.19348333885126914,73.36412592789256,0.0,0.5950327452265107
07,hyperparam_draw,17.13130963480533,1029,switch_dr,random,17.13130963480533,0.7092011036423861,0.7153918288961995,0.19348333885126914,73.36412592789256,0.0,0.4430346562559938
07,hyperparam_draw,21.21279461330532,1029,switch_dr,random,21.21279461330532,0.7076011065463748,0.7153918288961995,0.19348333885126914,73.36412592789256,0.0,0.415486224585502
07,hyperparam_draw,2.9702776438764484,1029,switch_dr,random,2.9702776438764484,0.7177885017946816,0.7153918288961995,0.19348333885126914,73.36412592789256,0.0,0.7740455982447616
07,hyperparam_draw,1.4216457677711376,1029,switch_dr,random,1.4216457677711376,0.7121836493526328,0.7153918288961995,0.19348333885126914,73.36412592789256,0.0,0.8131431162433123
07,hyperparam_draw,72.23422682370725,1029,switch_dr,random,72.23422682370725,0.7055986601708443,0.7153918288961995,0.19348333885126914,73.36412592789256,0.0,0.21109900900525086
07,hyperparam_draw,27.190818639188816,1029,switch_dr,random,27.190818639188816,0.711059420774286,0.7153918288961995,0.19348333885126914,73.36412592789256,0.0,0.38250929352176966
07,hyperparam_draw,15.371400429730613,1029,switch_dr,random,15.371400429730613,0.7112470859744968,0.7153918288961995,0.19348333885126914,73.36412592789256,0.0,0.46603097294221996
07,hyperparam_draw,141.33657279178374,1029,switch_dr,random,141.33657279178374,0.7053919333173717,0.7153918288961995,0.19348333885126914,73.36412592789256,0.0,0.19348333885126914
07,hyperparam_draw,7.656925167945188,1029,switch_dr,random,7.656925167945188,0.7166409933232776,0.7153918288961995,0.19348333885126914,73.36412592789256,0.0,0.6060507934485375
07,hyperparam_draw,0.889392464836071,1029,switch_dr,random,0.889392464836071,0.7102207365604138,0.7153918288961995,0.19348333885126914,73.36412592789256,0.0,0.6955862511728634
07,hyperparam_draw,29.802214487971245,1029,switch_dr,random,29.802214487971245,0.7066103560467448,0.7153918288961995,0.19348333885126914,73.36412592789256,0.0,0.3554714428483007
07,hyperparam_draw,26.871137926613937,1029,switch_dr,random,26.871137926613937,0.711059420774286,0.7153918288961995,0.19348333885126914,73.36412592789256,0.0,0.38250929352176966
07,hyperparam_draw,4.763223978958862,1029,switch_dr,random,4.763223978958862,0.7175557613517953,0.7153918288961995,0.19348333885126914,73.36412592789256,0.0,0.6958201488261518
07,hyperparam_draw,6.8915784218091325,1029,switch_dr,random,6.8915784218091325,0.7179138695884516,0.7153918288961995,0.19348333885126914,73.36412592789256,0.0,0.6282037880238593
07,hyperparam_draw,74.95447151935424,1029,switch_dr,random,74.95447151935424,0.7053919333173717,0.7153918288961995,0.19348333885126914,73.36412592789256,0.0,0.19348333885126914
07,hyperparam_draw,11.922739542811469,1029,switch_dr,random,11.922739542811469,0.7145719919070297,0.7153918288961995,0.19348333885126914,73.36412592789256,0.0,0.5166248881353583
07,hyperparam_draw,6.0995636489865435,1029,switch_dr,random,6.0995636489865435,0.7182793937765037,0.7153918288961995,0.19348333885126914,73.36412592789256,0.0,0.6546904073170082
07,hyperparam_draw,70.93728295664208,1029,switch_dr,random,70.93728295664208,0.7055986601708443,0.7153918288961995,0.19348333885126914,73.36412592789256,0.0,0.21109900900525086
07,hyperparam_draw,4.821122452791606,1029,switch_dr,random,4.821122452791606,0.717330469838775,0.7153918288961995,0.19348333885126914,73.36412592789256,0.0,0.6897593933304724
07,hyperparam_draw,1.2079548297139053,1029,switch_dr,random,1.2079548297139053,0.7132767391932092,0.7153918288961995,0.19348333885126914,73.36412592789256,0.0,0.7944585917422022
07,hyperparam_draw,53.42210360849285,1029,switch_dr,random,53.42210360849285,0.7036880716038776,0.7153918288961995,0.19348333885126914,73.36412592789256,0.0,0.24889870705384964
07,hyperparam_draw,0.774053943079444,1029,switch_dr,random,0.774053943079444,0.7072681468035145,0.7153918288961995,0.19348333885126914,73.36412592789256,0.0,0.5927836322016063
07,hyperparam_draw,2.6300782829683764,1029,switch_dr,random,2.6300782829683764,0.7168375812574269,0.7153918288961995,0.19348333885126914,73.36412592789256,0.0,0.7890792022323305
07,hyperparam_draw,4.326602029810893,1029,switch_dr,random,4.326602029810893,0.717725629102637,0.7153918288961995,0.19348333885126914,73.36412592789256,0.0,0.7132458346626452
07,hyperparam_draw,0.7723477542275745,1029,switch_dr,random,0.7723477542275745,0.7070753616542282,0.7153918288961995,0.19348333885126914,73.36412592789256,0.0,0.5903760848857027
07,hyperparam_draw,5.787006075388105,1029,switch_dr,random,5.787006075388105,0.7169546044747288,0.7153918288961995,0.19348333885126914,73.36412592789256,0.0,0.6615793992740361
07,hyperparam_draw,6.684811660161842,1029,switch_dr,random,6.684811660161842,0.718584528337639,0.7153918288961995,0.19348333885126914,73.36412592789256,0.0,0.63101454781787
07,hyperparam_draw,54.256995633392684,1029,switch_dr,random,54.256995633392684,0.7036880716038776,0.7153918288961995,0.19348333885126914,73.36412592789256,0.0,0.24889870705384964
07,hyperparam_draw,2.1935010677146094,1029,switch_dr,random,2.1935010677146094,0.7147951367997392,0.7153918288961995,0.19348333885126914,73.36412592789256,0.0,0.8037567297676683
07,hyperparam_draw,137.21433690845373,1029,switch_dr,random,137.21433690845373,0.7053919333173717,0.7153918288961995,0.19348333885126914,73.36412592789256,0.0,0.19348333885126914
07,hyperparam_draw,0.7044123455750043,1029,switch_dr,random,0.7044123455750043,0.7056474220545852,0.7153918288961995,0.19348333885126914,73.36412592789256,0.0,0.4962058603877796
07,hyperparam_draw,12.575783903885357,1029,switch_dr,random,12.575783903885357,0.7136519564449462,0.7153918288961995,0.19348333885126914,73.36412592789256,0.0,0.5010393470584494
07,hyperparam_draw,72.53608484184755,1029,switch_dr,random,72.53608484184755,0.7055986601708443,0.7153918288961995,0.19348333885126914,73.36412592789256,0.0,0.21109900900525086
07,hyperparam_draw,120.82820172829621,1029,switch_dr,random,120.82820172829621,0.7053919333173717,0.7153918288961995,0.19348333885126914,73.36412592789256,0.0,0.19348333885126914
07,hyperparam_draw,89.49532855896139,1029,switch_dr,random,89.49532855896139,0.7053919333173717,0.7153918288961995,0.19348333885126914,73.36412592789256,0.0,0.19348333885126914
07,hyperparam_draw,74.10895514385626,1029,switch_dr,random,74.10895514385626,0.7053919333173717,0.7153918288961995,0.19348333885126914,73.36412592789256,0.0,0.19348333885126914
07,hyperparam_draw,138.2762093915936,1029,switch_dr,random,138.2762093915936,0.7053919333173717,0.7153918288961995,0.19348333885126914,73.36412592789256,0.0,0.19348333885126914
07,hyperparam_draw,32.62760260499888,1029,switch_dr,random,32.62760260499888,0.702560140507179,0.7153918288961995,0.19348333885126914,73.36412592789256,0.0,0.32797837269768565
07,hyperparam_draw,4.159440302387469,1029,switch_dr,random,4.159440302387469,0.7177528919040846,0.7153918288961995,0.19348333885126914,73.36412592789256,0.0,0.7241056259349439
07,hyperparam_draw,6.999472853842448,1029,switch_dr,random,6.999472853842448,0.7176101383166988,0.7153918288961995,0.19348333885126914,73.36412592789256,0.0,0.626732240403119
07,hyperparam_draw,9.3701781067169,1029,switch_dr,random,9.3701781067169,0.7181740628415944,0.7153918288961995,0.19348333885126914,73.36412592789256,0.0,0.5733606703702587
07,hyperparam_draw,76.58732259826384,1029,switch_dr,random,76.58732259826384,0.7053919333173717,0.7153918288961995,0.19348333885126914,73.36412592789256,0.0,0.19348333885126914
07,hyperparam_draw,20.535849088238,1029,switch_dr,random,20.535849088238,0.7076599683626231,0.7153918288961995,0.19348333885126914,73.36412592789256,0.0,0.4287064083758864
07,hyperparam_draw,3.25562683041372,1029,switch_dr,random,3.25562683041372,0.7179431272952915,0.7153918288961995,0.19348333885126914,73.36412592789256,0.0,0.7582829959667984
07,hyperparam_draw,6.408822741231266,1029,switch_dr,random,6.408822741231266,0.7181602369679949,0.7153918288961995,0.19348333885126914,73.36412592789256,0.0,0.6399951636352617
07,hyperparam_draw,70.24926033571194,1029,switch_dr,random,70.24926033571194,0.7055986601708443,0.7153918288961995,0.19348333885126914,73.36412592789256,0.0,0.21109900900525086
07,hyperparam_draw,11.435253373367651,1029,switch_dr,random,11.435253373367651,0.7158717492006227,0.7153918288961995,0.19348333885126914,73.36412592789256,0.0,0.5322586579129307
07,hyperparam_draw,2.0076807445870655,1029,switch_dr,random,2.0076807445870655,0.715819752260238,0.7153918288961995,0.19348333885126914,73.36412592789256,0.0,0.811110018679658
07,hyperparam_draw,2.0061024232427545,1029,switch_dr,random,2.0061024232427545,0.715723639593407,0.7153918288961995,0.19348333885126914,73.36412592789256,0.0,0.8111701113027021
07,hyperparam_draw,9719.492375411673,1029,dros,random,9719.492375411673,0.7053157652534898,0.7153918288961995,0.19348333885126914,73.36412592789256,0.0,0.24457840753660134
07,hyperparam_draw,30.624163358394682,1029,dros,random,30.624163358394682,0.7150466247984527,0.7153918288961995,0.19348333885126914,73.36412592789256,0.0,0.771690434171743
07,hyperparam_draw,639.6179399362236,1029,dros,random,639.6179399362236,0.7085506817081767,0.7153918288961995,0.19348333885126914,73.36412592789256,0.0,0.4481102483081956
07,hyperparam_draw,8.31113125217476,1029,dros,random,8.31113125217476,0.714301038993023,0.7153918288961995,0.19348333885126914,73.36412592789256,0.0,0.8896844691546325
07,hyperparam_draw,0.9201507452515068,1029,dros,random,0.9201507452515068,0.707163309481129,0.7153918288961995,0.19348333885126914,73.36412592789256,0.0,0.9792051487607337
07,hyperparam_draw,0.7743324144307797,1029,dros,random,0.7743324144307797,0.7063397075552148,0.7153918288961995,0.19348333885126914,73.36412592789256,0.0,0.9787494314705425
07,hyperparam_draw,52.94224318939927,1029,dros,random,52.94224318939927,0.7145615445838719,0.7153918288961995,0.19348333885126914,73.36412592789256,0.0,0.714749362870619
07,hyperparam_draw,9973.036673364928,1029,dros,random,9973.036673364928,0.7053134963468443,0.7153918288961995,0.19348333885126914,73.36412592789256,0.0,0.2435204495422921
07,hyperparam_draw,1.4731692724012975,1029,dros,random,1.4731692724012975,0.709261500010291,0.7153918288961995,0.19348333885126914,73.36412592789256,0.0,0.9749053482187962
07,hyperparam_draw,8.971942437031997,1029,dros,random,8.971942437031997,0.7144185452240133,0.7153918288961995,0.19348333885126914,73.36412592789256,0.0,0.8837425849264351
07,hyperparam_draw,59.44803986735246,1029,dros,random,59.44803986735246,0.7144005608410512,0.7153918288961995,0.19348333885126914,73.36412592789256,0.0,0.702364934848995
07,hyperparam_draw,1055.2752178840983,1029,dros,random,1055.2752178840983,0.7073777987685598,0.7153918288961995,0.19348333885126914,73.36412592789256,0.0,0.3998751243034617
07,hyperparam_draw,51.50069596949471,1029,dros,random,51.50069596949471,0.7145969738879518,0.7153918288961995,0.19348333885126914,73.36412592789256,0.0,0.7176850046961883
07,hyperparam_draw,12.261889299142197,1029,dros,random,12.261889299142197,0.7148036933990695,0.7153918288961995,0.19348333885126914,73.36412592789256,0.0,0.8580061272588724
07,hyperparam_draw,8432.118876478033,1029,dros,random,8432.118876478033,0.7053322589077224,0.7153918288961995,0.19348333885126914,73.36412592789256,0.0,0.25073405130286797
07,hyperparam_draw,148.21398406980828,1029,dros,random,148.21398406980828,0.7125263333360773,0.7153918288961995,0.19348333885126914,73.36412592789256,0.0,0.6027269738381135
07,hyperparam_draw,35.9509302264189,1029,dros,random,35.9509302264189,0.7149526568827056,0.7153918288961995,0.19348333885126914,73.36412592789256,0.0,0.7553172694833746
07,hyperparam_draw,2507.805217070014,1029,dros,random,2507.805217070014,0.705985758462599,0.7153918288961995,0.19348333885126914,73.36412592789256,0.0,0.3256656733806427
07,hyperparam_draw,11.903209620842597,1029,dros,random,11.903209620842597,0.714773654968769,0.7153918288961995,0.19348333885126914,73.36412592789256,0.0,0.8605481549068505
07,hyperparam_draw,28.11208657241462,1029,dros,random,28.11208657241462,0.7150801791173219,0.7153918288961995,0.19348333885126914,73.36412592789256,0.0,0.7803053673280824
07,hyperparam_draw,1.219227056926917,1029,dros,random,1.219227056926917,0.7084482943276315,0.7153918288961995,0.19348333885126914,73.36412592789256,0.0,0.9776353780153691
07,hyperparam_draw,16685.308872823214,1029,dros,random,16685.308872823214,0.7052999364187048,0.7153918288961995,0.19348333885126914,73.36412592789256,0.0,0.22584585080621195
07,hyperparam_draw,4724.57205717515,1029,dros,random,4724.57205717515,0.7055003622491558,0.7153918288961995,0.19348333885126914,73.36412592789256,0.0,0.2815980837420185
07,hyperparam_draw,0.7682835210609005,1029,dros,random,0.7682835210609005,0.7063017623641215,0.7153918288961995,0.19348333885126914,73.36412592789256,0.0,0.978704134954323
07,hyperparam_draw,8122.898950437719,1029,dros,random,8122.898950437719,0.7053378385119423,0.7153918288961995,0.19348333885126914,73.36412592789256,0.0,0.2524434570660598
07,hyperparam_draw,3984.5417766968844,1029,dros,random,3984.5417766968844,0.7055933067855934,0.7153918288961995,0.19348333885126914,73.36412592789256,0.0,0.29243917604464564
07,hyperparam_draw,7.909469365821719,1029,dros,random,7.909469365821719,0.714220115693274,0.7153918288961995,0.19348333885126914,73.36412592789256,0.0,0.8934507418820622
07,hyperparam_draw,46.692705438455555,1029,dros,random,46.692705438455555,0.7147135385915226,0.7153918288961995,0.19348333885126914,73.36412592789256,0.0,0.728059126586885
07,hyperparam_draw,3.8425116647206354,1029,dros,random,3.8425116647206354,0.7126120349208976,0.7153918288961995,0.19348333885126914,73.36412592789256,0.0,0.9402789258798825
07,hyperparam_draw,5.964209983552893,1029,dros,random,5.964209983552893,0.7136865997690758,0.7153918288961995,0.19348333885126914,73.36412592789256,0.0,0.9136302103429607
07,hyperparam_draw,2489.647615494887,1029,dros,random,2489.647615494887,0.7059937549688159,0.7153918288961995,0.19348333885126914,73.36412592789256,0.0,0.3262278900810756
07,hyperparam_draw,125.03118115446006,1029,dros,random,125.03118115446006,0.7129442611511381,0.7153918288961995,0.19348333885126914,73.36412592789256,0.0,0.6213958266557579
07,hyperparam_draw,57.4635473966697,1029,dros,random,57.4635473966697,0.7144497485883534,0.7153918288961995,0.19348333885126914,73.36412592789256,0.0,0.7060023687361202
07,hyperparam_draw,197.1782280272133,1029,dros,random,197.1782280272133,0.7117774009910098,0.7153918288961995,0.19348333885126914,73.36412592789256,0.0,0.5715121342184856
07,hyperparam_draw,24.5274647656408,1029,dros,random,24.5274647656408,0.7151096721375434,0.7153918288961995,0.19348333885126914,73.36412592789256,0.0,0.7938392132261292
07,hyperparam_draw,13.903466066208765,1029,dros,random,13.903466066208765,0.7149154893965698,0.7153918288961995,0.19348333885126914,73.36412592789256,0.0,0.8470404402444095
07,hyperparam_draw,76.2595791009467,1029,dros,random,76.2595791009467,0.7139901571759348,0.7153918288961995,0.19348333885126914,73.36412592789256,0.0,0.6754755469462234
07,hyperparam_draw,16.682537205467234,1029,dros,random,16.682537205467234,0.7150334303420094,0.7153918288961995,0.19348333885126914,73.36412592789256,0.0,0.8305752210497458
07,hyperparam_draw,174.09508969993516,1029,dros,random,174.09508969993516,0.7121102589966006,0.7153918288961995,0.19348333885126914,73.36412592789256,0.0,0.585099375828468
07,hyperparam_draw,247.73979434678745,1029,dros,random,247.73979434678745,0.7111495875615317,0.7153918288961995,0.19348333885126914,73.36412592789256,0.0,0.546773489175106
07,hyperparam_draw,860.4887876453498,1029,dros,random,860.4887876453498,0.7078286441288695,0.7153918288961995,0.19348333885126914,73.36412592789256,0.0,0.4191440641944089
07,hyperparam_draw,1.158247650751374,1029,dros,random,1.158247650751374,0.7082203174491236,0.7153918288961995,0.19348333885126914,73.36412592789256,0.0,0.9781413580544022
07,hyperparam_draw,1.712358927640741,1029,dros,random,1.712358927640741,0.7098750583165436,0.7153918288961995,0.19348333885126914,73.36412592789256,0.0,0.9717560687450135
07,hyperparam_draw,72.06014295874375,1029,dros,random,72.06014295874375,0.714090974802115,0.7153918288961995,0.19348333885126914,73.36412592789256,0.0,0.6816202564501209
07,hyperparam_draw,11568.154879509591,1029,dros,random,11568.154879509591,0.7053040433353979,0.7153918288961995,0.19348333885126914,73.36412592789256,0.0,0.2377606042714919
07,hyperparam_draw,17.282192132765626,1029,dros,random,17.282192132765626,0.7150502167960846,0.7153918288961995,0.19348333885126914,73.36412592789256,0.0,0.8273124110925526
07,hyperparam_draw,19.045222191302244,1029,dros,random,19.045222191302244,0.7150862036779541,0.7153918288961995,0.19348333885126914,73.36412592789256,0.0,0.818224256329644
07,hyperparam_draw,670.7043391952128,1029,dros,random,670.7043391952128,0.7084305228760824,0.7153918288961995,0.19348333885126914,73.36412592789256,0.0,0.4434051394530934
07,hyperparam_draw,1204.5683414700957,1029,dros,random,1204.5683414700957,0.707108509996992,0.7153918288961995,0.19348333885126914,73.36412592789256,0.0,0.38769717524946407
07,hyperparam_draw,2071.19636103553,1029,dros,random,2071.19636103553,0.7062167716007305,0.7153918288961995,0.19348333885126914,73.36412592789256,0.0,0.3408469441103098
07,hyperparam_draw,47.21980527012975,1029,dros,random,47.21980527012975,0.7147009221157118,0.7153918288961995,0.19348333885126914,73.36412592789256,0.0,0.7268748490414335
07,hyperparam_draw,15.855918492402704,1029,dros,random,15.855918492402704,0.7150058113584313,0.7153918288961995,0.19348333885126914,73.36412592789256,0.0,0.8352307236134948
07,hyperparam_draw,7103.84931203592,1029,dros,random,7103.84931203592,0.7053628171570636,0.7153918288961995,0.19348333885126914,73.36412592789256,0.0,0.2588932890849813
07,hyperparam_draw,191.25485820406047,1029,dros,random,191.25485820406047,0.7118597008402304,0.7153918288961995,0.19348333885126914,73.36412592789256,0.0,0.5748356118164264
07,hyperparam_draw,3638.461618485003,1029,dros,random,3638.461618485003,0.7056532780625199,0.7153918288961995,0.19348333885126914,73.36412592789256,0.0,0.2985370576343993
07,hyperparam_draw,57.83837883553727,1029,dros,random,57.83837883553727,0.7144404583700763,0.7153918288961995,0.19348333885126914,73.36412592789256,0.0,0.7053063951063767
07,hyperparam_draw,2572.0850695351005,1029,dros,random,2572.0850695351005,0.7059583792192665,0.7153918288961995,0.19348333885126914,73.36412592789256,0.0,0.32371682372584415
07,hyperparam_draw,74.38807500211954,1029,dros,random,74.38807500211954,0.7140349097370058,0.7153918288961995,0.19348333885126914,73.36412592789256,0.0,0.6781729380693742
07,hyperparam_draw,128.84209113327938,1029,dros,random,128.84209113327938,0.7128723273993373,0.7153918288961995,0.19348333885126914,73.36412592789256,0.0,0.618099494806144
07,hyperparam_draw,24.505623756043402,1029,dros,random,24.505623756043402,0.7151097677411214,0.7153918288961995,0.19348333885126914,73.36412592789256,0.0,0.7939267672673819
07,hyperparam_draw,nan,1029,ips,fixed,nan,0.7091251851455067,0.7153918288961995,0.19348333885126914,73.36412592789256,0.0,0.19348333885126914
07,hyperparam_draw,nan,1029,snips,fixed,nan,0.6820451631039508,0.7153918288961995,0.19348333885126914,73.36412592789256,0.0,0.19348333885126914
07,hyperparam_draw,nan,1029,dr,fixed,nan,0.7053919333173717,0.7153918288961995,0.19348333885126914,73.36412592789256,0.0,0.19348333885126914
07,hyperparam_draw,3.2234943090330597,1029,clipped_ips,slope,3.2234943090330597,0.6812567982655743,0.7153918288961995,0.19348333885126914,73.36412592789256,0.0,0.6979918335098175
07,hyperparam_draw,0.6999260760037718,1029,switch_dr,slope,0.6999260760037718,0.7057522669092775,0.7153918288961995,0.19348333885126914,73.36412592789256,0.0,0.4899433760669178
07,hyperparam_draw,0.4898965118700377,1029,dros,slope,0.4898965118700377,0.7040838896476185,0.7153918288961995,0.19348333885126914,73.36412592789256,0.0,0.9728220270793793
