axis_id,knob_name,knob_value,seed,estimator,variant,hyperparam_value,estimate,v_true,ess_ratio_raw,max_weight_raw,support_proxy,ess_ratio_used
11,dataset,optdigits,1000,dm,q_good,nan,0.9361465190280246,0.9379271525435664,0.46685945176290966,2.9473965053949667,0.0,nan
11,dataset,optdigits,1000,ips,q_good,nan,0.9430474681214654,0.9379271525435664,0.46685945176290966,2.9473965053949667,0.0,0.46685945176290966
11,dataset,optdigits,1000,snips,q_good,nan,0.9406776123541316,0.9379271525435664,0.46685945176290966,2.9473965053949667,0.0,0.46685945176290966
11,dataset,optdigits,1000,clipped_ips,q_good,2.1945952696978264,0.9294996116085791,0.9379271525435664,0.46685945176290966,2.9473965053949667,0.0,0.46877631552499066
11,dataset,optdigits,1000,dr,q_good,nan,0.9400762591784779,0.9379271525435664,0.46685945176290966,2.9473965053949667,0.0,0.46685945176290966
11,dataset,optdigits,1000,switch_dr,q_good,2.278646299687768,0.9352491138445647,0.9379271525435664,0.46685945176290966,2.9473965053949667,0.0,0.41862654781933323
11,dataset,optdigits,1000,dros,q_good,4.816248397780075,0.9376504623445057,0.9379271525435664,0.46685945176290966,2.9473965053949667,0.0,0.49764209375255525
11,dataset,optdigits,1000,dm,q_degraded,nan,0.7774373440255047,0.9379271525435664,0.46685945176290966,2.9473965053949667,0.0,nan
11,dataset,optdigits,1000,ips,q_degraded,nan,0.9430474681214654,0.9379271525435664,0.46685945176290966,2.9473965053949667,0.0,0.46685945176290966
11,dataset,optdigits,1000,snips,q_degraded,nan,0.9406776123541316,0.9379271525435664,0.46685945176290966,2.9473965053949667,0.0,0.46685945176290966
11,dataset,optdigits,1000,clipped_ips,q_degraded,2.1945952696978264,0.9294996116085791,0.9379271525435664,0.46685945176290966,2.9473965053949667,0.0,0.46877631552499066
11,dataset,optdigits,1000,dr,q_degraded,nan,0.937877829694096,0.9379271525435664,0.46685945176290966,2.9473965053949667,0.0,0.46685945176290966
11,dataset,optdigits,1000,switch_dr,q_degraded,2.278646299687768,0.8933573204718095,0.9379271525435664,0.46685945176290966,2.9473965053949667,0.0,0.41862654781933323
11,dataset,optdigits,1000,dros,q_degraded,4.816248397780075,0.8545995085950879,0.9379271525435664,0.46685945176290966,2.9473965053949667,0.0,0.49764209375255525
11,dataset,optdigits,1001,dm,q_good,nan,0.9361465190280246,0.9379271525435664,0.4685057009723515,2.9231740892011335,0.0,nan
11,dataset,optdigits,1001,ips,q_good,nan,0.9430600150958222,0.9379271525435664,0.4685057009723515,2.9231740892011335,0.0,0.4685057009723515
11,dataset,optdigits,1001,snips,q_good,nan,0.9396188796301055,0.9379271525435664,0.4685057009723515,2.9231740892011335,0.0,0.4685057009723515
11,dataset,optdigits,1001,clipped_ips,q_good,2.1920632683510473,0.9309076299082736,0.9379271525435664,0.4685057009723515,2.9231740892011335,0.0,0.4702009210340273
11,dataset,optdigits,1001,dr,q_good,nan,0.9363770966973023,0.9379271525435664,0.4685057009723515,2.9231740892011335,0.0,0.4685057009723515
11,dataset,optdigits,1001,switch_dr,q_good,2.264422981073772,0.9353519226155791,0.9379271525435664,0.4685057009723515,2.9231740892011335,0.0,0.42006033369334983
11,dataset,optdigits,1001,dros,q_good,4.805141372453876,0.9358014466084101,0.9379271525435664,0.4685057009723515,2.9231740892011335,0.0,0.4994659794661473
11,dataset,optdigits,1001,dm,q_degraded,nan,0.7774373440255047,0.9379271525435664,0.4685057009723515,2.9231740892011335,0.0,nan
11,dataset,optdigits,1001,ips,q_degraded,nan,0.9430600150958222,0.9379271525435664,0.4685057009723515,2.9231740892011335,0.0,0.4685057009723515
11,dataset,optdigits,1001,snips,q_degraded,nan,0.9396188796301055,0.9379271525435664,0.4685057009723515,2.9231740892011335,0.0,0.4685057009723515
11,dataset,optdigits,1001,clipped_ips,q_degraded,2.1920632683510473,0.9309076299082736,0.9379271525435664,0.4685057009723515,2.9231740892011335,0.0,0.4702009210340273
11,dataset,optdigits,1001,dr,q_degraded,nan,0.9327122004016941,0.9379271525435664,0.4685057009723515,2.9231740892011335,0.0,0.4685057009723515
11,dataset,optdigits,1001,switch_dr,q_degraded,2.264422981073772,0.8967418164298155,0.9379271525435664,0.4685057009723515,2.9231740892011335,0.0,0.42006033369334983
11,dataset,optdigits,1001,dros,q_degraded,4.805141372453876,0.8525922431372953,0.9379271525435664,0.4685057009723515,2.9231740892011335,0.0,0.4994659794661473
11,dataset,optdigits,1002,dm,q_good,nan,0.9361465190280246,0.9379271525435664,0.4793587682436104,2.943664720640015,0.0,nan
11,dataset,optdigits,1002,ips,q_good,nan,0.9741599036917298,0.9379271525435664,0.4793587682436104,2.943664720640015,0.0,0.4793587682436104
11,dataset,optdigits,1002,snips,q_good,nan,0.9431920167441973,0.9379271525435664,0.4793587682436104,2.943664720640015,0.0,0.4793587682436104
11,dataset,optdigits,1002,clipped_ips,q_good,2.2019879740024417,0.9604982878134735,0.9379271525435664,0.4793587682436104,2.943664720640015,0.0,0.48131770007365093
11,dataset,optdigits,1002,dr,q_good,nan,0.9414629358427707,0.9379271525435664,0.4793587682436104,2.943664720640015,0.0,0.4793587682436104
11,dataset,optdigits,1002,switch_dr,q_good,2.2822371196585083,0.9365898656416117,0.9379271525435664,0.4793587682436104,2.943664720640015,0.0,0.4311643837676036
11,dataset,optdigits,1002,dros,q_good,4.848751037651378,0.938359401551143,0.9379271525435664,0.4793587682436104,2.943664720640015,0.0,0.5092333018820012
11,dataset,optdigits,1002,dm,q_degraded,nan,0.7774373440255047,0.9379271525435664,0.4793587682436104,2.943664720640015,0.0,nan
11,dataset,optdigits,1002,ips,q_degraded,nan,0.9741599036917298,0.9379271525435664,0.4793587682436104,2.943664720640015,0.0,0.4793587682436104
11,dataset,optdigits,1002,snips,q_degraded,nan,0.9431920167441973,0.9379271525435664,0.4793587682436104,2.943664720640015,0.0,0.4793587682436104
11,dataset,optdigits,1002,clipped_ips,q_degraded,2.2019879740024417,0.9604982878134735,0.9379271525435664,0.4793587682436104,2.943664720640015,0.0,0.48131770007365093
11,dataset,optdigits,1002,dr,q_degraded,nan,0.9459869180699249,0.9379271525435664,0.4793587682436104,2.943664720640015,0.0,0.4793587682436104
11,dataset,optdigits,1002,switch_dr,q_degraded,2.2822371196585083,0.9031170602244956,0.9379271525435664,0.4793587682436104,2.943664720640015,0.0,0.4311643837676036
11,dataset,optdigits,1002,dros,q_degraded,4.848751037651378,0.8588156905487514,0.9379271525435664,0.4793587682436104,2.943664720640015,0.0,0.5092333018820012
11,dataset,optdigits,1003,dm,q_good,nan,0.9361465190280246,0.9379271525435664,0.4688723207966127,2.9473965053949667,0.0,nan
11,dataset,optdigits,1003,ips,q_good,nan,0.9495449841546318,0.9379271525435664,0.4688723207966127,2.9473965053949667,0.0,0.4688723207966127
11,dataset,optdigits,1003,snips,q_good,nan,0.9431489733023998,0.9379271525435664,0.4688723207966127,2.9473965053949667,0.0,0.4688723207966127
11,dataset,optdigits,1003,clipped_ips,q_good,2.1970155342972126,0.9361778725238978,0.9379271525435664,0.4688723207966127,2.9473965053949667,0.0,0.47073432053195946
11,dataset,optdigits,1003,dr,q_good,nan,0.942167484768521,0.9379271525435664,0.4688723207966127,2.9473965053949667,0.0,0.4688723207966127
11,dataset,optdigits,1003,switch_dr,q_good,2.277181727571232,0.9376872701575899,0.9379271525435664,0.4688723207966127,2.9473965053949667,0.0,0.42058289623545936
11,dataset,optdigits,1003,dros,q_good,4.826877257943266,0.9389837470020564,0.9379271525435664,0.4688723207966127,2.9473965053949667,0.0,0.499906017917376
11,dataset,optdigits,1003,dm,q_degraded,nan,0.7774373440255047,0.9379271525435664,0.4688723207966127,2.9473965053949667,0.0,nan
11,dataset,optdigits,1003,ips,q_degraded,nan,0.9495449841546318,0.9379271525435664,0.4688723207966127,2.9473965053949667,0.0,0.4688723207966127
11,dataset,optdigits,1003,snips,q_degraded,nan,0.9431489733023998,0.9379271525435664,0.4688723207966127,2.9473965053949667,0.0,0.4688723207966127
11,dataset,optdigits,1003,clipped_ips,q_degraded,2.1970155342972126,0.9361778725238978,0.9379271525435664,0.4688723207966127,2.9473965053949667,0.0,0.47073432053195946
11,dataset,optdigits,1003,dr,q_degraded,nan,0.9438021683893878,0.9379271525435664,0.4688723207966127,2.9473965053949667,0.0,0.4688723207966127
11,dataset,optdigits,1003,switch_dr,q_degraded,2.277181727571232,0.9036787979220837,0.9379271525435664,0.4688723207966127,2.9473965053949667,0.0,0.42058289623545936
11,dataset,optdigits,1003,dros,q_degraded,4.826877257943266,0.8578169307152561,0.9379271525435664,0.4688723207966127,2.9473965053949667,0.0,0.499906017917376
11,dataset,optdigits,1004,dm,q_good,nan,0.9361465190280246,0.9379271525435664,0.470207380131429,2.9689447730650893,0.0,nan
11,dataset,optdigits,1004,ips,q_good,nan,0.9510534417072969,0.9379271525435664,0.470207380131429,2.9689447730650893,0.0,0.470207380131429
11,dataset,optdigits,1004,snips,q_good,nan,0.9378376483954614,0.9379271525435664,0.470207380131429,2.9689447730650893,0.0,0.470207380131429
11,dataset,optdigits,1004,clipped_ips,q_good,2.1978626443901823,0.9365037256280714,0.9379271525435664,0.470207380131429,2.9689447730650893,0.0,0.4724272784511153
11,dataset,optdigits,1004,dr,q_good,nan,0.9385993015007364,0.9379271525435664,0.470207380131429,2.9689447730650893,0.0,0.470207380131429
11,dataset,optdigits,1004,switch_dr,q_good,2.282568010238011,0.9345233542825144,0.9379271525435664,0.470207380131429,2.9689447730650893,0.0,0.42226084355114646
11,dataset,optdigits,1004,dros,q_good,4.830600203605805,0.9369085914491333,0.9379271525435664,0.470207380131429,2.9689447730650893,0.0,0.500415432110125
11,dataset,optdigits,1004,dm,q_degraded,nan,0.7774373440255047,0.9379271525435664,0.470207380131429,2.9689447730650893,0.0,nan
11,dataset,optdigits,1004,ips,q_degraded,nan,0.9510534417072969,0.9379271525435664,0.470207380131429,2.9689447730650893,0.0,0.470207380131429
11,dataset,optdigits,1004,snips,q_degraded,nan,0.9378376483954614,0.9379271525435664,0.470207380131429,2.9689447730650893,0.0,0.470207380131429
11,dataset,optdigits,1004,clipped_ips,q_degraded,2.1978626443901823,0.9365037256280714,0.9379271525435664,0.470207380131429,2.9689447730650893,0.0,0.4724272784511153
11,dataset,optdigits,1004,dr,q_degraded,nan,0.9377963205022737,0.9379271525435664,0.470207380131429,2.9689447730650893,0.0,0.470207380131429
11,dataset,optdigits,1004,switch_dr,q_degraded,2.282568010238011,0.896337815902622,0.9379271525435664,0.470207380131429,2.9689447730650893,0.0,0.42226084355114646
11,dataset,optdigits,1004,dros,q_degraded,4.830600203605805,0.8541329023858129,0.9379271525435664,0.470207380131429,2.9689447730650893,0.0,0.500415432110125
11,dataset,optdigits,1005,dm,q_good,nan,0.9361465190280246,0.9379271525435664,0.4573056926471177,2.920589601705972,0.0,nan
11,dataset,optdigits,1005,ips,q_good,nan,0.9202569261316611,0.9379271525435664,0.4573056926471177,2.920589601705972,0.0,0.4573056926471177
11,dataset,optdigits,1005,snips,q_good,nan,0.9375175754342495,0.9379271525435664,0.4573056926471177,2.920589601705972,0.0,0.4573056926471177
11,dataset,optdigits,1005,clipped_ips,q_good,2.197340721446503,0.906952567270123,0.9379271525435664,0.4573056926471177,2.920589601705972,0.0,0.4592590632087892
11,dataset,optdigits,1005,dr,q_good,nan,0.9370383290341354,0.9379271525435664,0.4573056926471177,2.920589601705972,0.0,0.4573056926471177
11,dataset,optdigits,1005,switch_dr,q_good,2.276351340431955,0.9357503260118526,0.9379271525435664,0.4573056926471177,2.920589601705972,0.0,0.40911649814240053
11,dataset,optdigits,1005,dros,q_good,4.828306246127038,0.9362589328735538,0.9379271525435664,0.4573056926471177,2.920589601705972,0.0,0.48900119788783586
11,dataset,optdigits,1005,dm,q_degraded,nan,0.7774373440255047,0.9379271525435664,0.4573056926471177,2.920589601705972,0.0,nan
11,dataset,optdigits,1005,ips,q_degraded,nan,0.9202569261316611,0.9379271525435664,0.4573056926471177,2.920589601705972,0.0,0.4573056926471177
11,dataset,optdigits,1005,snips,q_degraded,nan,0.9375175754342495,0.9379271525435664,0.4573056926471177,2.920589601705972,0.0,0.4573056926471177
11,dataset,optdigits,1005,clipped_ips,q_degraded,2.197340721446503,0.906952567270123,0.9379271525435664,0.4573056926471177,2.920589601705972,0.0,0.4592590632087892
11,dataset,optdigits,1005,dr,q_degraded,nan,0.9343941266220281,0.9379271525435664,0.4573056926471177,2.920589601705972,0.0,0.4573056926471177
11,dataset,optdigits,1005,switch_dr,q_degraded,2.276351340431955,0.8966840559295585,0.9379271525435664,0.4573056926471177,2.920589601705972,0.0,0.40911649814240053
11,dataset,optdigits,1005,dros,q_degraded,4.828306246127038,0.8532465919591474,0.9379271525435664,0.4573056926471177,2.920589601705972,0.0,0.48900119788783586
11,dataset,optdigits,1006,dm,q_good,nan,0.9361465190280246,0.9379271525435664,0.45851031582868884,2.9689447730650893,0.0,nan
11,dataset,optdigits,1006,ips,q_good,nan,0.9279443122645014,0.9379271525435664,0.45851031582868884,2.9689447730650893,0.0,0.45851031582868884
11,dataset,optdigits,1006,snips,q_good,nan,0.9417169414974826,0.9379271525435664,0.45851031582868884,2.9689447730650893,0.0,0.45851031582868884
11,dataset,optdigits,1006,clipped_ips,q_good,2.1960832759524096,0.9142703786182336,0.9379271525435664,0.45851031582868884,2.9689447730650893,0.0,0.46048690932750924
11,dataset,optdigits,1006,dr,q_good,nan,0.9418274914303414,0.9379271525435664,0.45851031582868884,2.9689447730650893,0.0,0.45851031582868884
11,dataset,optdigits,1006,switch_dr,q_good,2.2760717632892056,0.9376243975797413,0.9379271525435664,0.45851031582868884,2.9689447730650893,0.0,0.4103363602258867
11,dataset,optdigits,1006,dros,q_good,4.822781754917867,0.938722071408488,0.9379271525435664,0.45851031582868884,2.9689447730650893,0.0,0.48985686374721704
11,dataset,optdigits,1006,dm,q_degraded,nan,0.7774373440255047,0.9379271525435664,0.45851031582868884,2.9689447730650893,0.0,nan
11,dataset,optdigits,1006,ips,q_degraded,nan,0.9279443122645014,0.9379271525435664,0.45851031582868884,2.9689447730650893,0.0,0.45851031582868884
11,dataset,optdigits,1006,snips,q_degraded,nan,0.9417169414974826,0.9379271525435664,0.45851031582868884,2.9689447730650893,0.0,0.45851031582868884
11,dataset,optdigits,1006,clipped_ips,q_degraded,2.1960832759524096,0.9142703786182336,0.9379271525435664,0.45851031582868884,2.9689447730650893,0.0,0.46048690932750924
11,dataset,optdigits,1006,dr,q_degraded,nan,0.9369106007584271,0.9379271525435664,0.45851031582868884,2.9689447730650893,0.0,0.45851031582868884
11,dataset,optdigits,1006,switch_dr,q_degraded,2.2760717632892056,0.8995835216029872,0.9379271525435664,0.45851031582868884,2.9689447730650893,0.0,0.4103363602258867
11,dataset,optdigits,1006,dros,q_degraded,4.822781754917867,0.8544045381462562,0.9379271525435664,0.45851031582868884,2.9689447730650893,0.0,0.48985686374721704
11,dataset,optdigits,1007,dm,q_good,nan,0.9361465190280246,0.9379271525435664,0.47700512804192774,2.9473965053949667,0.0,nan
11,dataset,optdigits,1007,ips,q_good,nan,0.9649850392637453,0.9379271525435664,0.47700512804192774,2.9473965053949667,0.0,0.47700512804192774
11,dataset,optdigits,1007,snips,q_good,nan,0.941497802209958,0.9379271525435664,0.47700512804192774,2.9473965053949667,0.0,0.47700512804192774
11,dataset,optdigits,1007,clipped_ips,q_good,2.196562899181986,0.9521761850753575,0.9379271525435664,0.47700512804192774,2.9473965053949667,0.0,0.47877183922982325
11,dataset,optdigits,1007,dr,q_good,nan,0.9381926717526117,0.9379271525435664,0.47700512804192774,2.9473965053949667,0.0,0.47700512804192774
11,dataset,optdigits,1007,switch_dr,q_good,2.2814806436733814,0.9384331291217365,0.9379271525435664,0.47700512804192774,2.9473965053949667,0.0,0.42861059728032
11,dataset,optdigits,1007,dros,q_good,4.824888570062771,0.9372881897895413,0.9379271525435664,0.47700512804192774,2.9473965053949667,0.0,0.5072463073787453
11,dataset,optdigits,1007,dm,q_degraded,nan,0.7774373440255047,0.9379271525435664,0.47700512804192774,2.9473965053949667,0.0,nan
11,dataset,optdigits,1007,ips,q_degraded,nan,0.9649850392637453,0.9379271525435664,0.47700512804192774,2.9473965053949667,0.0,0.47700512804192774
11,dataset,optdigits,1007,snips,q_degraded,nan,0.941497802209958,0.9379271525435664,0.47700512804192774,2.9473965053949667,0.0,0.47700512804192774
11,dataset,optdigits,1007,clipped_ips,q_degraded,2.196562899181986,0.9521761850753575,0.9379271525435664,0.47700512804192774,2.9473965053949667,0.0,0.47877183922982325
11,dataset,optdigits,1007,dr,q_degraded,nan,0.9393050094966032,0.9379271525435664,0.47700512804192774,2.9473965053949667,0.0,0.47700512804192774
11,dataset,optdigits,1007,switch_dr,q_degraded,2.2814806436733814,0.9033783557821904,0.9379271525435664,0.47700512804192774,2.9473965053949667,0.0,0.42861059728032
11,dataset,optdigits,1007,dros,q_degraded,4.824888570062771,0.8562964410252134,0.9379271525435664,0.47700512804192774,2.9473965053949667,0.0,0.5072463073787453
11,dataset,optdigits,1008,dm,q_good,nan,0.9361465190280246,0.9379271525435664,0.47362486960440575,2.9689447730650893,0.0,nan
11,dataset,optdigits,1008,ips,q_good,nan,0.9571997762526799,0.9379271525435664,0.47362486960440575,2.9689447730650893,0.0,0.47362486960440575
11,dataset,optdigits,1008,snips,q_good,nan,0.9354916060681356,0.9379271525435664,0.47362486960440575,2.9689447730650893,0.0,0.47362486960440575
11,dataset,optdigits,1008,clipped_ips,q_good,2.199813370155193,0.9411764804630861,0.9379271525435664,0.47362486960440575,2.9689447730650893,0.0,0.47607661156260317
11,dataset,optdigits,1008,dr,q_good,nan,0.9377953505109443,0.9379271525435664,0.47362486960440575,2.9689447730650893,0.0,0.47362486960440575
11,dataset,optdigits,1008,switch_dr,q_good,2.310787228300367,0.9343655564739278,0.9379271525435664,0.47362486960440575,2.9689447730650893,0.0,0.42588999881093453
11,dataset,optdigits,1008,dros,q_good,4.839178863513548,0.9364736719844678,0.9379271525435664,0.47362486960440575,2.9689447730650893,0.0,0.5037941473891737
11,dataset,optdigits,1008,dm,q_degraded,nan,0.7774373440255047,0.9379271525435664,0.47362486960440575,2.9689447730650893,0.0,nan
11,dataset,optdigits,1008,ips,q_degraded,nan,0.9571997762526799,0.9379271525435664,0.47362486960440575,2.9689447730650893,0.0,0.47362486960440575
11,dataset,optdigits,1008,snips,q_degraded,nan,0.9354916060681356,0.9379271525435664,0.47362486960440575,2.9689447730650893,0.0,0.47362486960440575
11,dataset,optdigits,1008,clipped_ips,q_degraded,2.199813370155193,0.9411764804630861,0.9379271525435664,0.47362486960440575,2.9689447730650893,0.0,0.47607661156260317
11,dataset,optdigits,1008,dr,q_degraded,nan,0.9521171533828358,0.9379271525435664,0.47362486960440575,2.9689447730650893,0.0,0.47362486960440575
11,dataset,optdigits,1008,switch_dr,q_degraded,2.310787228300367,0.9078153977645602,0.9379271525435664,0.47362486960440575,2.9689447730650893,0.0,0.42588999881093453
11,dataset,optdigits,1008,dros,q_degraded,4.839178863513548,0.8608599805006116,0.9379271525435664,0.47362486960440575,2.9689447730650893,0.0,0.5037941473891737
11,dataset,optdigits,1009,dm,q_good,nan,0.9361465190280246,0.9379271525435664,0.469851007202491,2.904647880862521,0.0,nan
11,dataset,optdigits,1009,ips,q_good,nan,0.9505598607081679,0.9379271525435664,0.469851007202491,2.904647880862521,0.0,0.469851007202491
11,dataset,optdigits,1009,snips,q_good,nan,0.9367374557676429,0.9379271525435664,0.469851007202491,2.904647880862521,0.0,0.469851007202491
11,dataset,optdigits,1009,clipped_ips,q_good,2.2010458168068188,0.9357206729308999,0.9379271525435664,0.469851007202491,2.904647880862521,0.0,0.4720511453995874
11,dataset,optdigits,1009,dr,q_good,nan,0.9374825962040484,0.9379271525435664,0.469851007202491,2.904647880862521,0.0,0.469851007202491
11,dataset,optdigits,1009,switch_dr,q_good,2.3029010761532183,0.9359584185063523,0.9379271525435664,0.469851007202491,2.904647880862521,0.0,0.4218754484625356
11,dataset,optdigits,1009,dros,q_good,4.844602687682796,0.9367309169148882,0.9379271525435664,0.469851007202491,2.904647880862521,0.0,0.5001863451780507
11,dataset,optdigits,1009,dm,q_degraded,nan,0.7774373440255047,0.9379271525435664,0.469851007202491,2.904647880862521,0.0,nan
11,dataset,optdigits,1009,ips,q_degraded,nan,0.9505598607081679,0.9379271525435664,0.469851007202491,2.904647880862521,0.0,0.469851007202491
11,dataset,optdigits,1009,snips,q_degraded,nan,0.9367374557676429,0.9379271525435664,0.469851007202491,2.904647880862521,0.0,0.469851007202491
11,dataset,optdigits,1009,clipped_ips,q_degraded,2.2010458168068188,0.9357206729308999,0.9379271525435664,0.469851007202491,2.904647880862521,0.0,0.4720511453995874
11,dataset,optdigits,1009,dr,q_degraded,nan,0.9496275607310386,0.9379271525435664,0.469851007202491,2.904647880862521,0.0,0.469851007202491
11,dataset,optdigits,1009,switch_dr,q_degraded,2.3029010761532183,0.9045590630790639,0.9379271525435664,0.469851007202491,2.904647880862521,0.0,0.4218754484625356
11,dataset,optdigits,1009,dros,q_degraded,4.844602687682796,0.8603311534861932,0.9379271525435664,0.469851007202491,2.904647880862521,0.0,0.5001863451780507
11,dataset,optdigits,1010,dm,q_good,nan,0.9361465190280246,0.9379271525435664,0.46804141821454115,2.9689447730650893,0.0,nan
11,dataset,optdigits,1010,ips,q_good,nan,0.9455051646419863,0.9379271525435664,0.46804141821454115,2.9689447730650893,0.0,0.46804141821454115
11,dataset,optdigits,1010,snips,q_good,nan,0.9380011502616173,0.9379271525435664,0.46804141821454115,2.9689447730650893,0.0,0.46804141821454115
11,dataset,optdigits,1010,clipped_ips,q_good,2.2034877849864123,0.9323731489485811,0.9379271525435664,0.46804141821454115,2.9689447730650893,0.0,0.4700606039740563
11,dataset,optdigits,1010,dr,q_good,nan,0.936414082044683,0.9379271525435664,0.46804141821454115,2.9689447730650893,0.0,0.46804141821454115
11,dataset,optdigits,1010,switch_dr,q_good,2.2809609632893952,0.933853060335572,0.9379271525435664,0.46804141821454115,2.9689447730650893,0.0,0.4199185228137904
11,dataset,optdigits,1010,dros,q_good,4.855358418584325,0.9362483328927484,0.9379271525435664,0.46804141821454115,2.9689447730650893,0.0,0.49886781048801754
11,dataset,optdigits,1010,dm,q_degraded,nan,0.7774373440255047,0.9379271525435664,0.46804141821454115,2.9689447730650893,0.0,nan
11,dataset,optdigits,1010,ips,q_degraded,nan,0.9455051646419863,0.9379271525435664,0.46804141821454115,2.9689447730650893,0.0,0.46804141821454115
11,dataset,optdigits,1010,snips,q_degraded,nan,0.9380011502616173,0.9379271525435664,0.46804141821454115,2.9689447730650893,0.0,0.46804141821454115
11,dataset,optdigits,1010,clipped_ips,q_degraded,2.2034877849864123,0.9323731489485811,0.9379271525435664,0.46804141821454115,2.9689447730650893,0.0,0.4700606039740563
11,dataset,optdigits,1010,dr,q_degraded,nan,0.9459717472320204,0.9379271525435664,0.46804141821454115,2.9689447730650893,0.0,0.46804141821454115
11,dataset,optdigits,1010,switch_dr,q_degraded,2.2809609632893952,0.9034548179601347,0.9379271525435664,0.46804141821454115,2.9689447730650893,0.0,0.4199185228137904
11,dataset,optdigits,1010,dros,q_degraded,4.855358418584325,0.858918388480951,0.9379271525435664,0.46804141821454115,2.9689447730650893,0.0,0.49886781048801754
11,dataset,optdigits,1011,dm,q_good,nan,0.9361465190280246,0.9379271525435664,0.4738392998444169,2.9318445729977727,0.0,nan
11,dataset,optdigits,1011,ips,q_good,nan,0.9622711056983211,0.9379271525435664,0.4738392998444169,2.9318445729977727,0.0,0.4738392998444169
11,dataset,optdigits,1011,snips,q_good,nan,0.9423173174221429,0.9379271525435664,0.4738392998444169,2.9318445729977727,0.0,0.4738392998444169
11,dataset,optdigits,1011,clipped_ips,q_good,2.1986275411779186,0.9472479187447579,0.9379271525435664,0.4738392998444169,2.9318445729977727,0.0,0.4758851112234036
11,dataset,optdigits,1011,dr,q_good,nan,0.9402150613536345,0.9379271525435664,0.4738392998444169,2.9318445729977727,0.0,0.4738392998444169
11,dataset,optdigits,1011,switch_dr,q_good,2.2891283131734634,0.9352653802783877,0.9379271525435664,0.4738392998444169,2.9318445729977727,0.0,0.42571046284052505
11,dataset,optdigits,1011,dros,q_good,4.83396306482606,0.9374671419203898,0.9379271525435664,0.4738392998444169,2.9318445729977727,0.0,0.5043995817627932
11,dataset,optdigits,1011,dm,q_degraded,nan,0.7774373440255047,0.9379271525435664,0.4738392998444169,2.9318445729977727,0.0,nan
11,dataset,optdigits,1011,ips,q_degraded,nan,0.9622711056983211,0.9379271525435664,0.4738392998444169,2.9318445729977727,0.0,0.4738392998444169
11,dataset,optdigits,1011,snips,q_degraded,nan,0.9423173174221429,0.9379271525435664,0.4738392998444169,2.9318445729977727,0.0,0.4738392998444169
11,dataset,optdigits,1011,clipped_ips,q_degraded,2.1986275411779186,0.9472479187447579,0.9379271525435664,0.4738392998444169,2.9318445729977727,0.0,0.4758851112234036
11,dataset,optdigits,1011,dr,q_degraded,nan,0.9351235738333572,0.9379271525435664,0.4738392998444169,2.9318445729977727,0.0,0.4738392998444169
11,dataset,optdigits,1011,switch_dr,q_degraded,2.2891283131734634,0.8920629173153872,0.9379271525435664,0.4738392998444169,2.9318445729977727,0.0,0.42571046284052505
11,dataset,optdigits,1011,dros,q_degraded,4.83396306482606,0.8528182501528769,0.9379271525435664,0.4738392998444169,2.9318445729977727,0.0,0.5043995817627932
11,dataset,optdigits,1012,dm,q_good,nan,0.9361465190280246,0.9379271525435664,0.45757376846309816,2.9689447730650893,0.0,nan
11,dataset,optdigits,1012,ips,q_good,nan,0.9237548219315671,0.9379271525435664,0.45757376846309816,2.9689447730650893,0.0,0.45757376846309816
11,dataset,optdigits,1012,snips,q_good,nan,0.941088013943486,0.9379271525435664,0.45757376846309816,2.9689447730650893,0.0,0.45757376846309816
11,dataset,optdigits,1012,clipped_ips,q_good,2.1962773350911973,0.9109563046800818,0.9379271525435664,0.45757376846309816,2.9689447730650893,0.0,0.4594175835097068
11,dataset,optdigits,1012,dr,q_good,nan,0.9401433999285815,0.9379271525435664,0.45757376846309816,2.9689447730650893,0.0,0.45757376846309816
11,dataset,optdigits,1012,switch_dr,q_good,2.261307375388593,0.9358414141528539,0.9379271525435664,0.45757376846309816,2.9689447730650893,0.0,0.4092821286767261
11,dataset,optdigits,1012,dros,q_good,4.823634132635291,0.9377628406442985,0.9379271525435664,0.45757376846309816,2.9689447730650893,0.0,0.48887668669854034
11,dataset,optdigits,1012,dm,q_degraded,nan,0.7774373440255047,0.9379271525435664,0.45757376846309816,2.9689447730650893,0.0,nan
11,dataset,optdigits,1012,ips,q_degraded,nan,0.9237548219315671,0.9379271525435664,0.45757376846309816,2.9689447730650893,0.0,0.45757376846309816
11,dataset,optdigits,1012,snips,q_degraded,nan,0.941088013943486,0.9379271525435664,0.45757376846309816,2.9689447730650893,0.0,0.45757376846309816
11,dataset,optdigits,1012,clipped_ips,q_degraded,2.1962773350911973,0.9109563046800818,0.9379271525435664,0.45757376846309816,2.9689447730650893,0.0,0.4594175835097068
11,dataset,optdigits,1012,dr,q_degraded,nan,0.9438999219799812,0.9379271525435664,0.45757376846309816,2.9689447730650893,0.0,0.45757376846309816
11,dataset,optdigits,1012,switch_dr,q_degraded,2.261307375388593,0.9007816877526034,0.9379271525435664,0.45757376846309816,2.9689447730650893,0.0,0.4092821286767261
11,dataset,optdigits,1012,dros,q_degraded,4.823634132635291,0.8577141511087667,0.9379271525435664,0.45757376846309816,2.9689447730650893,0.0,0.48887668669854034
11,dataset,optdigits,1013,dm,q_good,nan,0.9361465190280246,0.9379271525435664,0.48358252431126775,2.9473965053949667,0.0,nan
11,dataset,optdigits,1013,ips,q_good,nan,0.9857051605823245,0.9379271525435664,0.48358252431126775,2.9473965053949667,0.0,0.48358252431126775
11,dataset,optdigits,1013,snips,q_good,nan,0.9438314434045922,0.9379271525435664,0.48358252431126775,2.9473965053949667,0.0,0.48358252431126775
11,dataset,optdigits,1013,clipped_ips,q_good,2.2030909597820703,0.9699684339757977,0.9379271525435664,0.48358252431126775,2.9473965053949667,0.0,0.4858106131081024
11,dataset,optdigits,1013,dr,q_good,nan,0.9417891641108561,0.9379271525435664,0.48358252431126775,2.9473965053949667,0.0,0.48358252431126775
11,dataset,optdigits,1013,switch_dr,q_good,2.2874567355751103,0.934643167017315,0.9379271525435664,0.48358252431126775,2.9473965053949667,0.0,0.43565460079539214
11,dataset,optdigits,1013,dros,q_good,4.853609777073483,0.9381760787780346,0.9379271525435664,0.48358252431126775,2.9473965053949667,0.0,0.513559446415769
11,dataset,optdigits,1013,dm,q_degraded,nan,0.7774373440255047,0.9379271525435664,0.48358252431126775,2.9473965053949667,0.0,nan
11,dataset,optdigits,1013,ips,q_degraded,nan,0.9857051605823245,0.9379271525435664,0.48358252431126775,2.9473965053949667,0.0,0.48358252431126775
11,dataset,optdigits,1013,snips,q_degraded,nan,0.9438314434045922,0.9379271525435664,0.48358252431126775,2.9473965053949667,0.0,0.48358252431126775
11,dataset,optdigits,1013,clipped_ips,q_degraded,2.2030909597820703,0.9699684339757977,0.9379271525435664,0.48358252431126775,2.9473965053949667,0.0,0.4858106131081024
11,dataset,optdigits,1013,dr,q_degraded,nan,0.9496926001863798,0.9379271525435664,0.48358252431126775,2.9473965053949667,0.0,0.48358252431126775
11,dataset,optdigits,1013,switch_dr,q_degraded,2.2874567355751103,0.9013718634065728,0.9379271525435664,0.48358252431126775,2.9473965053949667,0.0,0.43565460079539214
11,dataset,optdigits,1013,dros,q_degraded,4.853609777073483,0.8598833369353138,0.9379271525435664,0.48358252431126775,2.9473965053949667,0.0,0.513559446415769
11,dataset,optdigits,1014,dm,q_good,nan,0.9361465190280246,0.9379271525435664,0.4696173860252173,2.9473965053949667,0.0,nan
11,dataset,optdigits,1014,ips,q_good,nan,0.9453752168503249,0.9379271525435664,0.4696173860252173,2.9473965053949667,0.0,0.4696173860252173
11,dataset,optdigits,1014,snips,q_good,nan,0.9356875452319925,0.9379271525435664,0.4696173860252173,2.9473965053949667,0.0,0.4696173860252173
11,dataset,optdigits,1014,clipped_ips,q_good,2.1965365949913433,0.9321025773356211,0.9379271525435664,0.4696173860252173,2.9473965053949667,0.0,0.4717430100883823
11,dataset,optdigits,1014,dr,q_good,nan,0.9342778696083752,0.9379271525435664,0.4696173860252173,2.9473965053949667,0.0,0.4696173860252173
11,dataset,optdigits,1014,switch_dr,q_good,2.274025573047138,0.9357624950625668,0.9379271525435664,0.4696173860252173,2.9473965053949667,0.0,0.42159421715536377
11,dataset,optdigits,1014,dros,q_good,4.824773013136165,0.9352589090739613,0.9379271525435664,0.4696173860252173,2.9473965053949667,0.0,0.5007937637647697
11,dataset,optdigits,1014,dm,q_degraded,nan,0.7774373440255047,0.9379271525435664,0.4696173860252173,2.9473965053949667,0.0,nan
11,dataset,optdigits,1014,ips,q_degraded,nan,0.9453752168503249,0.9379271525435664,0.4696173860252173,2.9473965053949667,0.0,0.4696173860252173
11,dataset,optdigits,1014,snips,q_degraded,nan,0.9356875452319925,0.9379271525435664,0.4696173860252173,2.9473965053949667,0.0,0.4696173860252173
11,dataset,optdigits,1014,clipped_ips,q_degraded,2.1965365949913433,0.9321025773356211,0.9379271525435664,0.4696173860252173,2.9473965053949667,0.0,0.4717430100883823
11,dataset,optdigits,1014,dr,q_degraded,nan,0.9325954171168769,0.9379271525435664,0.4696173860252173,2.9473965053949667,0.0,0.4696173860252173
11,dataset,optdigits,1014,switch_dr,q_degraded,2.274025573047138,0.892436631478644,0.9379271525435664,0.4696173860252173,2.9473965053949667,0.0,0.42159421715536377
11,dataset,optdigits,1014,dros,q_degraded,4.824773013136165,0.8518583284367008,0.9379271525435664,0.4696173860252173,2.9473965053949667,0.0,0.5007937637647697
11,dataset,optdigits,1015,dm,q_good,nan,0.9361465190280246,0.9379271525435664,0.4631721900526784,2.9689447730650893,0.0,nan
11,dataset,optdigits,1015,ips,q_good,nan,0.9244408417904744,0.9379271525435664,0.4631721900526784,2.9689447730650893,0.0,0.4631721900526784
11,dataset,optdigits,1015,snips,q_good,nan,0.9282459773329277,0.9379271525435664,0.4631721900526784,2.9689447730650893,0.0,0.4631721900526784
11,dataset,optdigits,1015,clipped_ips,q_good,2.196443020716318,0.9115455056648056,0.9379271525435664,0.4631721900526784,2.9689447730650893,0.0,0.4652382319859334
11,dataset,optdigits,1015,dr,q_good,nan,0.9302046828853114,0.9379271525435664,0.4631721900526784,2.9689447730650893,0.0,0.4631721900526784
11,dataset,optdigits,1015,switch_dr,q_good,2.2760717632892056,0.932384100798505,0.9379271525435664,0.4631721900526784,2.9689447730650893,0.0,0.41509020434612426
11,dataset,optdigits,1015,dros,q_good,4.8243619432534235,0.932918577930621,0.9379271525435664,0.4631721900526784,2.9689447730650893,0.0,0.4942460659833582
11,dataset,optdigits,1015,dm,q_degraded,nan,0.7774373440255047,0.9379271525435664,0.4631721900526784,2.9689447730650893,0.0,nan
11,dataset,optdigits,1015,ips,q_degraded,nan,0.9244408417904744,0.9379271525435664,0.4631721900526784,2.9689447730650893,0.0,0.4631721900526784
11,dataset,optdigits,1015,snips,q_degraded,nan,0.9282459773329277,0.9379271525435664,0.4631721900526784,2.9689447730650893,0.0,0.4631721900526784
11,dataset,optdigits,1015,clipped_ips,q_degraded,2.196443020716318,0.9115455056648056,0.9379271525435664,0.4631721900526784,2.9689447730650893,0.0,0.4652382319859334
11,dataset,optdigits,1015,dr,q_degraded,nan,0.9349962126217488,0.9379271525435664,0.4631721900526784,2.9689447730650893,0.0,0.4631721900526784
11,dataset,optdigits,1015,switch_dr,q_degraded,2.2760717632892056,0.8956721726623903,0.9379271525435664,0.4631721900526784,2.9689447730650893,0.0,0.41509020434612426
11,dataset,optdigits,1015,dros,q_degraded,4.8243619432534235,0.8528419036810768,0.9379271525435664,0.4631721900526784,2.9689447730650893,0.0,0.4942460659833582
11,dataset,optdigits,1016,dm,q_good,nan,0.9361465190280246,0.9379271525435664,0.464003472108912,2.9347120643288975,0.0,nan
11,dataset,optdigits,1016,ips,q_good,nan,0.9280918932054962,0.9379271525435664,0.464003472108912,2.9347120643288975,0.0,0.464003472108912
11,dataset,optdigits,1016,snips,q_good,nan,0.9295695336714778,0.9379271525435664,0.464003472108912,2.9347120643288975,0.0,0.464003472108912
11,dataset,optdigits,1016,clipped_ips,q_good,2.1965566698290386,0.9149614579565662,0.9379271525435664,0.464003472108912,2.9347120643288975,0.0,0.46608102940415813
11,dataset,optdigits,1016,dr,q_good,nan,0.9306713231539273,0.9379271525435664,0.464003472108912,2.9347120643288975,0.0,0.464003472108912
11,dataset,optdigits,1016,switch_dr,q_good,2.2759921439575304,0.9321977241071716,0.9379271525435664,0.464003472108912,2.9347120643288975,0.0,0.4159241994473582
11,dataset,optdigits,1016,dros,q_good,4.824861203770436,0.9330632477847923,0.9379271525435664,0.464003472108912,2.9347120643288975,0.0,0.494777070123637
11,dataset,optdigits,1016,dm,q_degraded,nan,0.7774373440255047,0.9379271525435664,0.464003472108912,2.9347120643288975,0.0,nan
11,dataset,optdigits,1016,ips,q_degraded,nan,0.9280918932054962,0.9379271525435664,0.464003472108912,2.9347120643288975,0.0,0.464003472108912
11,dataset,optdigits,1016,snips,q_degraded,nan,0.9295695336714778,0.9379271525435664,0.464003472108912,2.9347120643288975,0.0,0.464003472108912
11,dataset,optdigits,1016,clipped_ips,q_degraded,2.1965566698290386,0.9149614579565662,0.9379271525435664,0.464003472108912,2.9347120643288975,0.0,0.46608102940415813
11,dataset,optdigits,1016,dr,q_degraded,nan,0.9237731212558593,0.9379271525435664,0.464003472108912,2.9347120643288975,0.0,0.464003472108912
11,dataset,optdigits,1016,switch_dr,q_degraded,2.2759921439575304,0.8864614774361226,0.9379271525435664,0.464003472108912,2.9347120643288975,0.0,0.4159241994473582
11,dataset,optdigits,1016,dros,q_degraded,4.824861203770436,0.8477043717268344,0.9379271525435664,0.464003472108912,2.9347120643288975,0.0,0.494777070123637
11,dataset,optdigits,1017,dm,q_good,nan,0.9361465190280246,0.9379271525435664,0.4783357898305745,2.920589601705972,0.0,nan
11,dataset,optdigits,1017,ips,q_good,nan,0.9689746566239652,0.9379271525435664,0.4783357898305745,2.920589601705972,0.0,0.4783357898305745
11,dataset,optdigits,1017,snips,q_good,nan,0.9403776845013677,0.9379271525435664,0.4783357898305745,2.920589601705972,0.0,0.4783357898305745
11,dataset,optdigits,1017,clipped_ips,q_good,2.197771178930454,0.9545293594742332,0.9379271525435664,0.4783357898305745,2.920589601705972,0.0,0.48032745260436716
11,dataset,optdigits,1017,dr,q_good,nan,0.9390682020819245,0.9379271525435664,0.4783357898305745,2.920589601705972,0.0,0.4783357898305745
11,dataset,optdigits,1017,switch_dr,q_good,2.2884365399121993,0.9333844036185445,0.9379271525435664,0.4783357898305745,2.920589601705972,0.0,0.4301514714437453
11,dataset,optdigits,1017,dros,q_good,4.830198154937357,0.937450004716867,0.9379271525435664,0.4783357898305745,2.920589601705972,0.0,0.5084868997045566
11,dataset,optdigits,1017,dm,q_degraded,nan,0.7774373440255047,0.9379271525435664,0.4783357898305745,2.920589601705972,0.0,nan
11,dataset,optdigits,1017,ips,q_degraded,nan,0.9689746566239652,0.9379271525435664,0.4783357898305745,2.920589601705972,0.0,0.4783357898305745
11,dataset,optdigits,1017,snips,q_degraded,nan,0.9403776845013677,0.9379271525435664,0.4783357898305745,2.920589601705972,0.0,0.4783357898305745
11,dataset,optdigits,1017,clipped_ips,q_degraded,2.197771178930454,0.9545293594742332,0.9379271525435664,0.4783357898305745,2.920589601705972,0.0,0.48032745260436716
11,dataset,optdigits,1017,dr,q_degraded,nan,0.9494267609073912,0.9379271525435664,0.4783357898305745,2.920589601705972,0.0,0.4783357898305745
11,dataset,optdigits,1017,switch_dr,q_degraded,2.2884365399121993,0.9062218081350232,0.9379271525435664,0.4783357898305745,2.920589601705972,0.0,0.4301514714437453
11,dataset,optdigits,1017,dros,q_degraded,4.830198154937357,0.8610570650212847,0.9379271525435664,0.4783357898305745,2.920589601705972,0.0,0.5084868997045566
11,dataset,optdigits,1018,dm,q_good,nan,0.9361465190280246,0.9379271525435664,0.45425077346501097,2.9689447730650893,0.0,nan
11,dataset,optdigits,1018,ips,q_good,nan,0.9182745430938465,0.9379271525435664,0.45425077346501097,2.9689447730650893,0.0,0.45425077346501097
11,dataset,optdigits,1018,snips,q_good,nan,0.9399335734611887,0.9379271525435664,0.45425077346501097,2.9689447730650893,0.0,0.45425077346501097
11,dataset,optdigits,1018,clipped_ips,q_good,2.196923135496979,0.9046086530489813,0.9379271525435664,0.45425077346501097,2.9689447730650893,0.0,0.4563401737322393
11,dataset,optdigits,1018,dr,q_good,nan,0.9407837198908552,0.9379271525435664,0.45425077346501097,2.9689447730650893,0.0,0.45425077346501097
11,dataset,optdigits,1018,switch_dr,q_good,2.2728490864862927,0.9375121490925775,0.9379271525435664,0.45425077346501097,2.9689447730650893,0.0,0.406189483969366
11,dataset,optdigits,1018,dros,q_good,4.826471263281877,0.9385334232635931,0.9379271525435664,0.45425077346501097,2.9689447730650893,0.0,0.48588213366176825
11,dataset,optdigits,1018,dm,q_degraded,nan,0.7774373440255047,0.9379271525435664,0.45425077346501097,2.9689447730650893,0.0,nan
11,dataset,optdigits,1018,ips,q_degraded,nan,0.9182745430938465,0.9379271525435664,0.45425077346501097,2.9689447730650893,0.0,0.45425077346501097
11,dataset,optdigits,1018,snips,q_degraded,nan,0.9399335734611887,0.9379271525435664,0.45425077346501097,2.9689447730650893,0.0,0.45425077346501097
11,dataset,optdigits,1018,clipped_ips,q_degraded,2.196923135496979,0.9046086530489813,0.9379271525435664,0.45425077346501097,2.9689447730650893,0.0,0.4563401737322393
11,dataset,optdigits,1018,dr,q_degraded,nan,0.9488609214413276,0.9379271525435664,0.45425077346501097,2.9689447730650893,0.0,0.45425077346501097
11,dataset,optdigits,1018,switch_dr,q_degraded,2.2728490864862927,0.9080678068193897,0.9379271525435664,0.45425077346501097,2.9689447730650893,0.0,0.406189483969366
11,dataset,optdigits,1018,dros,q_degraded,4.826471263281877,0.8607207294560631,0.9379271525435664,0.45425077346501097,2.9689447730650893,0.0,0.48588213366176825
11,dataset,optdigits,1019,dm,q_good,nan,0.9361465190280246,0.9379271525435664,0.4795199836295609,2.920589601705972,0.0,nan
11,dataset,optdigits,1019,ips,q_good,nan,0.9745248513437814,0.9379271525435664,0.4795199836295609,2.920589601705972,0.0,0.4795199836295609
11,dataset,optdigits,1019,snips,q_good,nan,0.9441450957381077,0.9379271525435664,0.4795199836295609,2.920589601705972,0.0,0.4795199836295609
11,dataset,optdigits,1019,clipped_ips,q_good,2.1969732147497774,0.9600968666773814,0.9379271525435664,0.4795199836295609,2.920589601705972,0.0,0.48148223453441036
11,dataset,optdigits,1019,dr,q_good,nan,0.9433816358468934,0.9379271525435664,0.4795199836295609,2.920589601705972,0.0,0.4795199836295609
11,dataset,optdigits,1019,switch_dr,q_good,2.2821839035579443,0.9364730950001773,0.9379271525435664,0.4795199836295609,2.920589601705972,0.0,0.4313180785940814
11,dataset,optdigits,1019,dros,q_good,4.826691306327971,0.9391597795569147,0.9379271525435664,0.4795199836295609,2.920589601705972,0.0,0.509318930844519
11,dataset,optdigits,1019,dm,q_degraded,nan,0.7774373440255047,0.9379271525435664,0.4795199836295609,2.920589601705972,0.0,nan
11,dataset,optdigits,1019,ips,q_degraded,nan,0.9745248513437814,0.9379271525435664,0.4795199836295609,2.920589601705972,0.0,0.4795199836295609
11,dataset,optdigits,1019,snips,q_degraded,nan,0.9441450957381077,0.9379271525435664,0.4795199836295609,2.920589601705972,0.0,0.4795199836295609
11,dataset,optdigits,1019,clipped_ips,q_degraded,2.1969732147497774,0.9600968666773814,0.9379271525435664,0.4795199836295609,2.920589601705972,0.0,0.48148223453441036
11,dataset,optdigits,1019,dr,q_degraded,nan,0.9473542689661174,0.9379271525435664,0.4795199836295609,2.920589601705972,0.0,0.4795199836295609
11,dataset,optdigits,1019,switch_dr,q_degraded,2.2821839035579443,0.9052293837528114,0.9379271525435664,0.4795199836295609,2.920589601705972,0.0,0.4313180785940814
11,dataset,optdigits,1019,dros,q_degraded,4.826691306327971,0.859423251828017,0.9379271525435664,0.4795199836295609,2.920589601705972,0.0,0.509318930844519
11,dataset,satimage,1000,dm,q_good,nan,0.826127357706313,0.817651173460869,0.5940576748235211,2.2560410281167456,0.0,nan
11,dataset,satimage,1000,ips,q_good,nan,0.8328357692664625,0.817651173460869,0.5940576748235211,2.2560410281167456,0.0,0.5940576748235211
11,dataset,satimage,1000,snips,q_good,nan,0.8259985458126937,0.817651173460869,0.5940576748235211,2.2560410281167456,0.0,0.5940576748235211
11,dataset,satimage,1000,clipped_ips,q_good,1.9291558672189921,0.8246658600100581,0.817651173460869,0.5940576748235211,2.2560410281167456,0.0,0.5974174079782281
11,dataset,satimage,1000,dr,q_good,nan,0.8215851388935309,0.817651173460869,0.5940576748235211,2.2560410281167456,0.0,0.5940576748235211
11,dataset,satimage,1000,switch_dr,q_good,2.0756345078419542,0.8324794003832325,0.817651173460869,0.5940576748235211,2.2560410281167456,0.0,0.5478958853189921
11,dataset,satimage,1000,dros,q_good,3.7216423600254616,0.8258328426662648,0.817651173460869,0.5940576748235211,2.2560410281167456,0.0,0.6408262682795279
11,dataset,satimage,1000,dm,q_degraded,nan,0.7915773063418523,0.817651173460869,0.5940576748235211,2.2560410281167456,0.0,nan
11,dataset,satimage,1000,ips,q_degraded,nan,0.8328357692664625,0.817651173460869,0.5940576748235211,2.2560410281167456,0.0,0.5940576748235211
11,dataset,satimage,1000,snips,q_degraded,nan,0.8259985458126937,0.817651173460869,0.5940576748235211,2.2560410281167456,0.0,0.5940576748235211
11,dataset,satimage,1000,clipped_ips,q_degraded,1.9291558672189921,0.8246658600100581,0.817651173460869,0.5940576748235211,2.2560410281167456,0.0,0.5974174079782281
11,dataset,satimage,1000,dr,q_degraded,nan,0.8190278895572966,0.817651173460869,0.5940576748235211,2.2560410281167456,0.0,0.5940576748235211
11,dataset,satimage,1000,switch_dr,q_degraded,2.0756345078419542,0.821127908300218,0.817651173460869,0.5940576748235211,2.2560410281167456,0.0,0.5478958853189921
11,dataset,satimage,1000,dros,q_degraded,3.7216423600254616,0.8069457322942301,0.817651173460869,0.5940576748235211,2.2560410281167456,0.0,0.6408262682795279
11,dataset,satimage,1001,dm,q_good,nan,0.826127357706313,0.817651173460869,0.5816905505343039,2.2430990372819726,0.0,nan
11,dataset,satimage,1001,ips,q_good,nan,0.8091597482925534,0.817651173460869,0.5816905505343039,2.2430990372819726,0.0,0.5816905505343039
11,dataset,satimage,1001,snips,q_good,nan,0.823013728044343,0.817651173460869,0.5816905505343039,2.2430990372819726,0.0,0.5816905505343039
11,dataset,satimage,1001,clipped_ips,q_good,1.9167172187141377,0.8004017335433503,0.817651173460869,0.5816905505343039,2.2430990372819726,0.0,0.5849462885845735
11,dataset,satimage,1001,dr,q_good,nan,0.823446228014004,0.817651173460869,0.5816905505343039,2.2430990372819726,0.0,0.5816905505343039
11,dataset,satimage,1001,switch_dr,q_good,2.050689213210856,0.8295104207164069,0.817651173460869,0.5816905505343039,2.2430990372819726,0.0,0.5354315896237152
11,dataset,satimage,1001,dros,q_good,3.6738048965152594,0.8260165036933452,0.817651173460869,0.5816905505343039,2.2430990372819726,0.0,0.6294504011990156
11,dataset,satimage,1001,dm,q_degraded,nan,0.7915773063418523,0.817651173460869,0.5816905505343039,2.2430990372819726,0.0,nan
11,dataset,satimage,1001,ips,q_degraded,nan,0.8091597482925534,0.817651173460869,0.5816905505343039,2.2430990372819726,0.0,0.5816905505343039
11,dataset,satimage,1001,snips,q_degraded,nan,0.823013728044343,0.817651173460869,0.5816905505343039,2.2430990372819726,0.0,0.5816905505343039
11,dataset,satimage,1001,clipped_ips,q_degraded,1.9167172187141377,0.8004017335433503,0.817651173460869,0.5816905505343039,2.2430990372819726,0.0,0.5849462885845735
11,dataset,satimage,1001,dr,q_degraded,nan,0.819325866908338,0.817651173460869,0.5816905505343039,2.2430990372819726,0.0,0.5816905505343039
11,dataset,satimage,1001,switch_dr,q_degraded,2.050689213210856,0.8181598530993351,0.817651173460869,0.5816905505343039,2.2430990372819726,0.0,0.5354315896237152
11,dataset,satimage,1001,dros,q_degraded,3.6738048965152594,0.8063324627518474,0.817651173460869,0.5816905505343039,2.2430990372819726,0.0,0.6294504011990156
11,dataset,satimage,1002,dm,q_good,nan,0.826127357706313,0.817651173460869,0.5879563753628414,2.2535072893101207,0.0,nan
11,dataset,satimage,1002,ips,q_good,nan,0.8198465853801451,0.817651173460869,0.5879563753628414,2.2535072893101207,0.0,0.5879563753628414
11,dataset,satimage,1002,snips,q_good,nan,0.8200828852643499,0.817651173460869,0.5879563753628414,2.2535072893101207,0.0,0.5879563753628414
11,dataset,satimage,1002,clipped_ips,q_good,1.9314094373368322,0.8117490877921392,0.817651173460869,0.5879563753628414,2.2535072893101207,0.0,0.5912002943173391
11,dataset,satimage,1002,dr,q_good,nan,0.8171849247542186,0.817651173460869,0.5879563753628414,2.2535072893101207,0.0,0.5879563753628414
11,dataset,satimage,1002,switch_dr,q_good,2.0645772488599223,0.8254328800894283,0.817651173460869,0.5879563753628414,2.2535072893101207,0.0,0.5417139894316526
11,dataset,satimage,1002,dros,q_good,3.7303424146337787,0.8234407781110453,0.817651173460869,0.5879563753628414,2.2535072893101207,0.0,0.6348891022320817
11,dataset,satimage,1002,dm,q_degraded,nan,0.7915773063418523,0.817651173460869,0.5879563753628414,2.2535072893101207,0.0,nan
11,dataset,satimage,1002,ips,q_degraded,nan,0.8198465853801451,0.817651173460869,0.5879563753628414,2.2535072893101207,0.0,0.5879563753628414
11,dataset,satimage,1002,snips,q_degraded,nan,0.8200828852643499,0.817651173460869,0.5879563753628414,2.2535072893101207,0.0,0.5879563753628414
11,dataset,satimage,1002,clipped_ips,q_degraded,1.9314094373368322,0.8117490877921392,0.817651173460869,0.5879563753628414,2.2535072893101207,0.0,0.5912002943173391
11,dataset,satimage,1002,dr,q_degraded,nan,0.8169830894815979,0.817651173460869,0.5879563753628414,2.2535072893101207,0.0,0.5879563753628414
11,dataset,satimage,1002,switch_dr,q_degraded,2.0645772488599223,0.8168657375652605,0.817651173460869,0.5879563753628414,2.2535072893101207,0.0,0.5417139894316526
11,dataset,satimage,1002,dros,q_degraded,3.7303424146337787,0.8058567025299657,0.817651173460869,0.5879563753628414,2.2535072893101207,0.0,0.6348891022320817
11,dataset,satimage,1003,dm,q_good,nan,0.826127357706313,0.817651173460869,0.5759301184686109,2.2560410281167456,0.0,nan
11,dataset,satimage,1003,ips,q_good,nan,0.7968760914492742,0.817651173460869,0.5759301184686109,2.2560410281167456,0.0,0.5759301184686109
11,dataset,satimage,1003,snips,q_good,nan,0.8137755325354266,0.817651173460869,0.5759301184686109,2.2560410281167456,0.0,0.5759301184686109
11,dataset,satimage,1003,clipped_ips,q_good,1.9364928473656418,0.7890679183160584,0.817651173460869,0.5759301184686109,2.2560410281167456,0.0,0.5791062127031429
11,dataset,satimage,1003,dr,q_good,nan,0.8158131707906714,0.817651173460869,0.5759301184686109,2.2560410281167456,0.0,0.5759301184686109
11,dataset,satimage,1003,switch_dr,q_good,2.067990982573042,0.8263632194800529,0.817651173460869,0.5759301184686109,2.2560410281167456,0.0,0.5296883327634233
11,dataset,satimage,1003,dros,q_good,3.750004547898291,0.8218428386808029,0.817651173460869,0.5759301184686109,2.2560410281167456,0.0,0.6228579467650059
11,dataset,satimage,1003,dm,q_degraded,nan,0.7915773063418523,0.817651173460869,0.5759301184686109,2.2560410281167456,0.0,nan
11,dataset,satimage,1003,ips,q_degraded,nan,0.7968760914492742,0.817651173460869,0.5759301184686109,2.2560410281167456,0.0,0.5759301184686109
11,dataset,satimage,1003,snips,q_degraded,nan,0.8137755325354266,0.817651173460869,0.5759301184686109,2.2560410281167456,0.0,0.5759301184686109
11,dataset,satimage,1003,clipped_ips,q_degraded,1.9364928473656418,0.7890679183160584,0.817651173460869,0.5759301184686109,2.2560410281167456,0.0,0.5791062127031429
11,dataset,satimage,1003,dr,q_degraded,nan,0.8142288578523331,0.817651173460869,0.5759301184686109,2.2560410281167456,0.0,0.5759301184686109
11,dataset,satimage,1003,switch_dr,q_degraded,2.067990982573042,0.8162621223070843,0.817651173460869,0.5759301184686109,2.2560410281167456,0.0,0.5296883327634233
11,dataset,satimage,1003,dros,q_degraded,3.750004547898291,0.8035223949152314,0.817651173460869,0.5759301184686109,2.2560410281167456,0.0,0.6228579467650059
11,dataset,satimage,1004,dm,q_good,nan,0.826127357706313,0.817651173460869,0.5908624600402368,2.2560410281167456,0.0,nan
11,dataset,satimage,1004,ips,q_good,nan,0.820270227613723,0.817651173460869,0.5908624600402368,2.2560410281167456,0.0,0.5908624600402368
11,dataset,satimage,1004,snips,q_good,nan,0.8160311437853637,0.817651173460869,0.5908624600402368,2.2560410281167456,0.0,0.5908624600402368
11,dataset,satimage,1004,clipped_ips,q_good,1.9363179021346872,0.8126367313272352,0.817651173460869,0.5908624600402368,2.2560410281167456,0.0,0.594026053517698
11,dataset,satimage,1004,dr,q_good,nan,0.8166495844019048,0.817651173460869,0.5908624600402368,2.2560410281167456,0.0,0.5908624600402368
11,dataset,satimage,1004,switch_dr,q_good,2.0644772008294043,0.8257536524639223,0.817651173460869,0.5908624600402368,2.2560410281167456,0.0,0.5446568205511971
11,dataset,satimage,1004,dros,q_good,3.749327018127276,0.823452544447241,0.817651173460869,0.5908624600402368,2.2560410281167456,0.0,0.636911576240951
11,dataset,satimage,1004,dm,q_degraded,nan,0.7915773063418523,0.817651173460869,0.5908624600402368,2.2560410281167456,0.0,nan
11,dataset,satimage,1004,ips,q_degraded,nan,0.820270227613723,0.817651173460869,0.5908624600402368,2.2560410281167456,0.0,0.5908624600402368
11,dataset,satimage,1004,snips,q_degraded,nan,0.8160311437853637,0.817651173460869,0.5908624600402368,2.2560410281167456,0.0,0.5908624600402368
11,dataset,satimage,1004,clipped_ips,q_degraded,1.9363179021346872,0.8126367313272352,0.817651173460869,0.5908624600402368,2.2560410281167456,0.0,0.594026053517698
11,dataset,satimage,1004,dr,q_degraded,nan,0.8167316121561072,0.817651173460869,0.5908624600402368,2.2560410281167456,0.0,0.5908624600402368
11,dataset,satimage,1004,switch_dr,q_degraded,2.0644772008294043,0.8181890357252795,0.817651173460869,0.5908624600402368,2.2560410281167456,0.0,0.5446568205511971
11,dataset,satimage,1004,dros,q_degraded,3.749327018127276,0.8060244381480273,0.817651173460869,0.5908624600402368,2.2560410281167456,0.0,0.636911576240951
11,dataset,satimage,1005,dm,q_good,nan,0.826127357706313,0.817651173460869,0.5800471118197366,2.2560410281167456,0.0,nan
11,dataset,satimage,1005,ips,q_good,nan,0.8026309525709769,0.817651173460869,0.5800471118197366,2.2560410281167456,0.0,0.5800471118197366
11,dataset,satimage,1005,snips,q_good,nan,0.8141013291591945,0.817651173460869,0.5800471118197366,2.2560410281167456,0.0,0.5800471118197366
11,dataset,satimage,1005,clipped_ips,q_good,1.9380936847390295,0.7949398102565998,0.817651173460869,0.5800471118197366,2.2560410281167456,0.0,0.5832276008710557
11,dataset,satimage,1005,dr,q_good,nan,0.8162535524957345,0.817651173460869,0.5800471118197366,2.2560410281167456,0.0,0.5800471118197366
11,dataset,satimage,1005,switch_dr,q_good,2.0797253279483554,0.8277923976922107,0.817651173460869,0.5800471118197366,2.2560410281167456,0.0,0.5338173326199794
11,dataset,satimage,1005,dros,q_good,3.7562071308253087,0.8220203206767013,0.817651173460869,0.5800471118197366,2.2560410281167456,0.0,0.6265221484586242
11,dataset,satimage,1005,dm,q_degraded,nan,0.7915773063418523,0.817651173460869,0.5800471118197366,2.2560410281167456,0.0,nan
11,dataset,satimage,1005,ips,q_degraded,nan,0.8026309525709769,0.817651173460869,0.5800471118197366,2.2560410281167456,0.0,0.5800471118197366
11,dataset,satimage,1005,snips,q_degraded,nan,0.8141013291591945,0.817651173460869,0.5800471118197366,2.2560410281167456,0.0,0.5800471118197366
11,dataset,satimage,1005,clipped_ips,q_degraded,1.9380936847390295,0.7949398102565998,0.817651173460869,0.5800471118197366,2.2560410281167456,0.0,0.5832276008710557
11,dataset,satimage,1005,dr,q_degraded,nan,0.8168648887161081,0.817651173460869,0.5800471118197366,2.2560410281167456,0.0,0.5800471118197366
11,dataset,satimage,1005,switch_dr,q_degraded,2.0797253279483554,0.8204906528304866,0.817651173460869,0.5800471118197366,2.2560410281167456,0.0,0.5338173326199794
11,dataset,satimage,1005,dros,q_degraded,3.7562071308253087,0.8050642919756672,0.817651173460869,0.5800471118197366,2.2560410281167456,0.0,0.6265221484586242
11,dataset,satimage,1006,dm,q_good,nan,0.826127357706313,0.817651173460869,0.5906575151498947,2.2430990372819726,0.0,nan
11,dataset,satimage,1006,ips,q_good,nan,0.8243911777443468,0.817651173460869,0.5906575151498947,2.2430990372819726,0.0,0.5906575151498947
11,dataset,satimage,1006,snips,q_good,nan,0.8198781537251333,0.817651173460869,0.5906575151498947,2.2430990372819726,0.0,0.5906575151498947
11,dataset,satimage,1006,clipped_ips,q_good,1.9375760636228994,0.8165062929538641,0.817651173460869,0.5906575151498947,2.2430990372819726,0.0,0.5938229820478406
11,dataset,satimage,1006,dr,q_good,nan,0.8201033477540904,0.817651173460869,0.5906575151498947,2.2430990372819726,0.0,0.5906575151498947
11,dataset,satimage,1006,switch_dr,q_good,2.0736888576187753,0.8310036196625703,0.817651173460869,0.5906575151498947,2.2430990372819726,0.0,0.5443413320887558
11,dataset,satimage,1006,dros,q_good,3.7542010023244097,0.8242256176767646,0.817651173460869,0.5906575151498947,2.2430990372819726,0.0,0.6367734872771452
11,dataset,satimage,1006,dm,q_degraded,nan,0.7915773063418523,0.817651173460869,0.5906575151498947,2.2430990372819726,0.0,nan
11,dataset,satimage,1006,ips,q_degraded,nan,0.8243911777443468,0.817651173460869,0.5906575151498947,2.2430990372819726,0.0,0.5906575151498947
11,dataset,satimage,1006,snips,q_degraded,nan,0.8198781537251333,0.817651173460869,0.5906575151498947,2.2430990372819726,0.0,0.5906575151498947
11,dataset,satimage,1006,clipped_ips,q_degraded,1.9375760636228994,0.8165062929538641,0.817651173460869,0.5906575151498947,2.2430990372819726,0.0,0.5938229820478406
11,dataset,satimage,1006,dr,q_degraded,nan,0.8192826315625444,0.817651173460869,0.5906575151498947,2.2430990372819726,0.0,0.5906575151498947
11,dataset,satimage,1006,switch_dr,q_degraded,2.0736888576187753,0.8220129260347849,0.817651173460869,0.5906575151498947,2.2430990372819726,0.0,0.5443413320887558
11,dataset,satimage,1006,dros,q_degraded,3.7542010023244097,0.8063119679915549,0.817651173460869,0.5906575151498947,2.2430990372819726,0.0,0.6367734872771452
11,dataset,satimage,1007,dm,q_good,nan,0.826127357706313,0.817651173460869,0.5796545809312412,2.2560410281167456,0.0,nan
11,dataset,satimage,1007,ips,q_good,nan,0.8042172056762787,0.817651173460869,0.5796545809312412,2.2560410281167456,0.0,0.5796545809312412
11,dataset,satimage,1007,snips,q_good,nan,0.8201190980440889,0.817651173460869,0.5796545809312412,2.2560410281167456,0.0,0.5796545809312412
11,dataset,satimage,1007,clipped_ips,q_good,1.9204347806006836,0.7958623864918348,0.817651173460869,0.5796545809312412,2.2560410281167456,0.0,0.582929937253199
11,dataset,satimage,1007,dr,q_good,nan,0.8202885728007896,0.817651173460869,0.5796545809312412,2.2560410281167456,0.0,0.5796545809312412
11,dataset,satimage,1007,switch_dr,q_good,2.054425166767397,0.828428428638346,0.817651173460869,0.5796545809312412,2.2560410281167456,0.0,0.53346625402309
11,dataset,satimage,1007,dros,q_good,3.688069746540796,0.8248482273180433,0.817651173460869,0.5796545809312412,2.2560410281167456,0.0,0.6273429410771596
11,dataset,satimage,1007,dm,q_degraded,nan,0.7915773063418523,0.817651173460869,0.5796545809312412,2.2560410281167456,0.0,nan
11,dataset,satimage,1007,ips,q_degraded,nan,0.8042172056762787,0.817651173460869,0.5796545809312412,2.2560410281167456,0.0,0.5796545809312412
11,dataset,satimage,1007,snips,q_degraded,nan,0.8201190980440889,0.817651173460869,0.5796545809312412,2.2560410281167456,0.0,0.5796545809312412
11,dataset,satimage,1007,clipped_ips,q_degraded,1.9204347806006836,0.7958623864918348,0.817651173460869,0.5796545809312412,2.2560410281167456,0.0,0.582929937253199
11,dataset,satimage,1007,dr,q_degraded,nan,0.8201715067600345,0.817651173460869,0.5796545809312412,2.2560410281167456,0.0,0.5796545809312412
11,dataset,satimage,1007,switch_dr,q_degraded,2.054425166767397,0.8205878276842347,0.817651173460869,0.5796545809312412,2.2560410281167456,0.0,0.53346625402309
11,dataset,satimage,1007,dros,q_degraded,3.688069746540796,0.8072635179722286,0.817651173460869,0.5796545809312412,2.2560410281167456,0.0,0.6273429410771596
11,dataset,satimage,1008,dm,q_good,nan,0.826127357706313,0.817651173460869,0.5843609322307369,2.2426494496547624,0.0,nan
11,dataset,satimage,1008,ips,q_good,nan,0.8199782569239477,0.817651173460869,0.5843609322307369,2.2426494496547624,0.0,0.5843609322307369
11,dataset,satimage,1008,snips,q_good,nan,0.8225240752447965,0.817651173460869,0.5843609322307369,2.2426494496547624,0.0,0.5843609322307369
11,dataset,satimage,1008,clipped_ips,q_good,1.9413122086984889,0.8113839567245887,0.817651173460869,0.5843609322307369,2.2426494496547624,0.0,0.5875936456185918
11,dataset,satimage,1008,dr,q_good,nan,0.8245036517173097,0.817651173460869,0.5843609322307369,2.2426494496547624,0.0,0.5843609322307369
11,dataset,satimage,1008,switch_dr,q_good,2.0870942762927527,0.8284366445536017,0.817651173460869,0.5843609322307369,2.2426494496547624,0.0,0.5381015523498054
11,dataset,satimage,1008,dros,q_good,3.768693091641805,0.8261168796970405,0.817651173460869,0.5843609322307369,2.2426494496547624,0.0,0.6299448186761524
11,dataset,satimage,1008,dm,q_degraded,nan,0.7915773063418523,0.817651173460869,0.5843609322307369,2.2426494496547624,0.0,nan
11,dataset,satimage,1008,ips,q_degraded,nan,0.8199782569239477,0.817651173460869,0.5843609322307369,2.2426494496547624,0.0,0.5843609322307369
11,dataset,satimage,1008,snips,q_degraded,nan,0.8225240752447965,0.817651173460869,0.5843609322307369,2.2426494496547624,0.0,0.5843609322307369
11,dataset,satimage,1008,clipped_ips,q_degraded,1.9413122086984889,0.8113839567245887,0.817651173460869,0.5843609322307369,2.2426494496547624,0.0,0.5875936456185918
11,dataset,satimage,1008,dr,q_degraded,nan,0.8244036081276478,0.817651173460869,0.5843609322307369,2.2426494496547624,0.0,0.5843609322307369
11,dataset,satimage,1008,switch_dr,q_degraded,2.0870942762927527,0.8210881568719,0.817651173460869,0.5843609322307369,2.2426494496547624,0.0,0.5381015523498054
11,dataset,satimage,1008,dros,q_degraded,3.768693091641805,0.8088460757125214,0.817651173460869,0.5843609322307369,2.2426494496547624,0.0,0.6299448186761524
11,dataset,satimage,1009,dm,q_good,nan,0.826127357706313,0.817651173460869,0.5973935723446914,2.2430990372819726,0.0,nan
11,dataset,satimage,1009,ips,q_good,nan,0.8358747116117199,0.817651173460869,0.5973935723446914,2.2430990372819726,0.0,0.5973935723446914
11,dataset,satimage,1009,snips,q_good,nan,0.8242698885097275,0.817651173460869,0.5973935723446914,2.2430990372819726,0.0,0.5973935723446914
11,dataset,satimage,1009,clipped_ips,q_good,1.9347284881962545,0.8272702234101434,0.817651173460869,0.5973935723446914,2.2430990372819726,0.0,0.6005679134159789
11,dataset,satimage,1009,dr,q_good,nan,0.8234391953086128,0.817651173460869,0.5973935723446914,2.2430990372819726,0.0,0.5973935723446914
11,dataset,satimage,1009,switch_dr,q_good,2.062808836002955,0.8255730792634494,0.817651173460869,0.5973935723446914,2.2430990372819726,0.0,0.55114858104385
11,dataset,satimage,1009,dros,q_good,3.7431743230381644,0.8253274649999579,0.817651173460869,0.5973935723446914,2.2430990372819726,0.0,0.6438635410817662
11,dataset,satimage,1009,dm,q_degraded,nan,0.7915773063418523,0.817651173460869,0.5973935723446914,2.2430990372819726,0.0,nan
11,dataset,satimage,1009,ips,q_degraded,nan,0.8358747116117199,0.817651173460869,0.5973935723446914,2.2430990372819726,0.0,0.5973935723446914
11,dataset,satimage,1009,snips,q_degraded,nan,0.8242698885097275,0.817651173460869,0.5973935723446914,2.2430990372819726,0.0,0.5973935723446914
11,dataset,satimage,1009,clipped_ips,q_degraded,1.9347284881962545,0.8272702234101434,0.817651173460869,0.5973935723446914,2.2430990372819726,0.0,0.6005679134159789
11,dataset,satimage,1009,dr,q_degraded,nan,0.8227180152904893,0.817651173460869,0.5973935723446914,2.2430990372819726,0.0,0.5973935723446914
11,dataset,satimage,1009,switch_dr,q_degraded,2.062808836002955,0.8153297295683749,0.817651173460869,0.5973935723446914,2.2430990372819726,0.0,0.55114858104385
11,dataset,satimage,1009,dros,q_degraded,3.7431743230381644,0.8074103136849483,0.817651173460869,0.5973935723446914,2.2430990372819726,0.0,0.6438635410817662
11,dataset,satimage,1010,dm,q_good,nan,0.826127357706313,0.817651173460869,0.586647553658815,2.2430990372819726,0.0,nan
11,dataset,satimage,1010,ips,q_good,nan,0.8290855349598533,0.817651173460869,0.586647553658815,2.2430990372819726,0.0,0.586647553658815
11,dataset,satimage,1010,snips,q_good,nan,0.8326164958673075,0.817651173460869,0.586647553658815,2.2430990372819726,0.0,0.586647553658815
11,dataset,satimage,1010,clipped_ips,q_good,1.9311707774824682,0.8202481192816875,0.817651173460869,0.586647553658815,2.2430990372819726,0.0,0.5897574645451359
11,dataset,satimage,1010,dr,q_good,nan,0.8324406719956602,0.817651173460869,0.586647553658815,2.2430990372819726,0.0,0.586647553658815
11,dataset,satimage,1010,switch_dr,q_good,2.0593022649559,0.8294079893734259,0.817651173460869,0.586647553658815,2.2430990372819726,0.0,0.5403409453582957
11,dataset,satimage,1010,dros,q_good,3.729420571802241,0.8299257704109777,0.817651173460869,0.586647553658815,2.2430990372819726,0.0,0.6329000568073611
11,dataset,satimage,1010,dm,q_degraded,nan,0.7915773063418523,0.817651173460869,0.586647553658815,2.2430990372819726,0.0,nan
11,dataset,satimage,1010,ips,q_degraded,nan,0.8290855349598533,0.817651173460869,0.586647553658815,2.2430990372819726,0.0,0.586647553658815
11,dataset,satimage,1010,snips,q_degraded,nan,0.8326164958673075,0.817651173460869,0.586647553658815,2.2430990372819726,0.0,0.586647553658815
11,dataset,satimage,1010,clipped_ips,q_degraded,1.9311707774824682,0.8202481192816875,0.817651173460869,0.586647553658815,2.2430990372819726,0.0,0.5897574645451359
11,dataset,satimage,1010,dr,q_degraded,nan,0.830396719419936,0.817651173460869,0.586647553658815,2.2430990372819726,0.0,0.586647553658815
11,dataset,satimage,1010,switch_dr,q_degraded,2.0593022649559,0.8200979993377201,0.817651173460869,0.586647553658815,2.2430990372819726,0.0,0.5403409453582957
11,dataset,satimage,1010,dros,q_degraded,3.729420571802241,0.8117190622255294,0.817651173460869,0.586647553658815,2.2430990372819726,0.0,0.6329000568073611
11,dataset,satimage,1011,dm,q_good,nan,0.826127357706313,0.817651173460869,0.6080019468605865,2.2426494496547624,0.0,nan
11,dataset,satimage,1011,ips,q_good,nan,0.8501715339807526,0.817651173460869,0.6080019468605865,2.2426494496547624,0.0,0.6080019468605865
11,dataset,satimage,1011,snips,q_good,nan,0.8217388402591767,0.817651173460869,0.6080019468605865,2.2426494496547624,0.0,0.6080019468605865
11,dataset,satimage,1011,clipped_ips,q_good,1.9415661138622613,0.8424022854070972,0.817651173460869,0.6080019468605865,2.2426494496547624,0.0,0.6111542219615276
11,dataset,satimage,1011,dr,q_good,nan,0.8171677849421018,0.817651173460869,0.6080019468605865,2.2426494496547624,0.0,0.6080019468605865
11,dataset,satimage,1011,switch_dr,q_good,2.0788176247042633,0.8273190877367742,0.817651173460869,0.6080019468605865,2.2426494496547624,0.0,0.5616972650076046
11,dataset,satimage,1011,dros,q_good,3.7696789744982033,0.8236043325057922,0.817651173460869,0.6080019468605865,2.2426494496547624,0.0,0.6533781867247085
11,dataset,satimage,1011,dm,q_degraded,nan,0.7915773063418523,0.817651173460869,0.6080019468605865,2.2426494496547624,0.0,nan
11,dataset,satimage,1011,ips,q_degraded,nan,0.8501715339807526,0.817651173460869,0.6080019468605865,2.2426494496547624,0.0,0.6080019468605865
11,dataset,satimage,1011,snips,q_degraded,nan,0.8217388402591767,0.817651173460869,0.6080019468605865,2.2426494496547624,0.0,0.6080019468605865
11,dataset,satimage,1011,clipped_ips,q_degraded,1.9415661138622613,0.8424022854070972,0.817651173460869,0.6080019468605865,2.2426494496547624,0.0,0.6111542219615276
11,dataset,satimage,1011,dr,q_degraded,nan,0.8196957689273479,0.817651173460869,0.6080019468605865,2.2426494496547624,0.0,0.6080019468605865
11,dataset,satimage,1011,switch_dr,q_degraded,2.0788176247042633,0.8212509427460131,0.817651173460869,0.6080019468605865,2.2426494496547624,0.0,0.5616972650076046
11,dataset,satimage,1011,dros,q_degraded,3.7696789744982033,0.8075443569724193,0.817651173460869,0.6080019468605865,2.2426494496547624,0.0,0.6533781867247085
11,dataset,satimage,1012,dm,q_good,nan,0.826127357706313,0.817651173460869,0.5823651391862553,2.2535072893101207,0.0,nan
11,dataset,satimage,1012,ips,q_good,nan,0.8081961572250443,0.817651173460869,0.5823651391862553,2.2535072893101207,0.0,0.5823651391862553
11,dataset,satimage,1012,snips,q_good,nan,0.8163732236479264,0.817651173460869,0.5823651391862553,2.2535072893101207,0.0,0.5823651391862553
11,dataset,satimage,1012,clipped_ips,q_good,1.9345406394876283,0.799878338549279,0.817651173460869,0.5823651391862553,2.2535072893101207,0.0,0.5856070235585121
11,dataset,satimage,1012,dr,q_good,nan,0.8160263109406186,0.817651173460869,0.5823651391862553,2.2535072893101207,0.0,0.5823651391862553
11,dataset,satimage,1012,switch_dr,q_good,2.067990982573042,0.8227069183957999,0.817651173460869,0.5823651391862553,2.2535072893101207,0.0,0.5361667582155556
11,dataset,satimage,1012,dros,q_good,3.742447485829202,0.8214880614808671,0.817651173460869,0.5823651391862553,2.2535072893101207,0.0,0.6290520980110073
11,dataset,satimage,1012,dm,q_degraded,nan,0.7915773063418523,0.817651173460869,0.5823651391862553,2.2535072893101207,0.0,nan
11,dataset,satimage,1012,ips,q_degraded,nan,0.8081961572250443,0.817651173460869,0.5823651391862553,2.2535072893101207,0.0,0.5823651391862553
11,dataset,satimage,1012,snips,q_degraded,nan,0.8163732236479264,0.817651173460869,0.5823651391862553,2.2535072893101207,0.0,0.5823651391862553
11,dataset,satimage,1012,clipped_ips,q_degraded,1.9345406394876283,0.799878338549279,0.817651173460869,0.5823651391862553,2.2535072893101207,0.0,0.5856070235585121
11,dataset,satimage,1012,dr,q_degraded,nan,0.8127157910244136,0.817651173460869,0.5823651391862553,2.2535072893101207,0.0,0.5823651391862553
11,dataset,satimage,1012,switch_dr,q_degraded,2.067990982573042,0.8108570811767563,0.817651173460869,0.5823651391862553,2.2535072893101207,0.0,0.5361667582155556
11,dataset,satimage,1012,dros,q_degraded,3.742447485829202,0.8022848903143484,0.817651173460869,0.5823651391862553,2.2535072893101207,0.0,0.6290520980110073
11,dataset,satimage,1013,dm,q_good,nan,0.826127357706313,0.817651173460869,0.5962606784809916,2.2430990372819726,0.0,nan
11,dataset,satimage,1013,ips,q_good,nan,0.8308309480605096,0.817651173460869,0.5962606784809916,2.2430990372819726,0.0,0.5962606784809916
11,dataset,satimage,1013,snips,q_good,nan,0.8188530526113097,0.817651173460869,0.5962606784809916,2.2430990372819726,0.0,0.5962606784809916
11,dataset,satimage,1013,clipped_ips,q_good,1.941823641915767,0.8229068888066605,0.817651173460869,0.5962606784809916,2.2430990372819726,0.0,0.5994561000243928
11,dataset,satimage,1013,dr,q_good,nan,0.8150454565473074,0.817651173460869,0.5962606784809916,2.2430990372819726,0.0,0.5962606784809916
11,dataset,satimage,1013,switch_dr,q_good,2.0818661714255224,0.8246367813678354,0.817651173460869,0.5962606784809916,2.2430990372819726,0.0,0.550011108216367
11,dataset,satimage,1013,dros,q_good,3.7706790563030133,0.8219647668985237,0.817651173460869,0.5962606784809916,2.2430990372819726,0.0,0.6425376500580002
11,dataset,satimage,1013,dm,q_degraded,nan,0.7915773063418523,0.817651173460869,0.5962606784809916,2.2430990372819726,0.0,nan
11,dataset,satimage,1013,ips,q_degraded,nan,0.8308309480605096,0.817651173460869,0.5962606784809916,2.2430990372819726,0.0,0.5962606784809916
11,dataset,satimage,1013,snips,q_degraded,nan,0.8188530526113097,0.817651173460869,0.5962606784809916,2.2430990372819726,0.0,0.5962606784809916
11,dataset,satimage,1013,clipped_ips,q_degraded,1.941823641915767,0.8229068888066605,0.817651173460869,0.5962606784809916,2.2430990372819726,0.0,0.5994561000243928
11,dataset,satimage,1013,dr,q_degraded,nan,0.8165709484411151,0.817651173460869,0.5962606784809916,2.2430990372819726,0.0,0.5962606784809916
11,dataset,satimage,1013,switch_dr,q_degraded,2.0818661714255224,0.8179571657733371,0.817651173460869,0.5962606784809916,2.2430990372819726,0.0,0.550011108216367
11,dataset,satimage,1013,dros,q_degraded,3.7706790563030133,0.8054060360515028,0.817651173460869,0.5962606784809916,2.2430990372819726,0.0,0.6425376500580002
11,dataset,satimage,1014,dm,q_good,nan,0.826127357706313,0.817651173460869,0.5948960604270552,2.2535072893101207,0.0,nan
11,dataset,satimage,1014,ips,q_good,nan,0.8258527849660958,0.817651173460869,0.5948960604270552,2.2535072893101207,0.0,0.5948960604270552
11,dataset,satimage,1014,snips,q_good,nan,0.8152506703424438,0.817651173460869,0.5948960604270552,2.2535072893101207,0.0,0.5948960604270552
11,dataset,satimage,1014,clipped_ips,q_good,1.9375760636228994,0.8171067484547501,0.817651173460869,0.5948960604270552,2.2535072893101207,0.0,0.5983430589321573
11,dataset,satimage,1014,dr,q_good,nan,0.8146165722999997,0.817651173460869,0.5948960604270552,2.2535072893101207,0.0,0.5948960604270552
11,dataset,satimage,1014,switch_dr,q_good,2.089170264153779,0.818789956934044,0.817651173460869,0.5948960604270552,2.2535072893101207,0.0,0.5487530521750731
11,dataset,satimage,1014,dros,q_good,3.7542010023244097,0.821600180128519,0.817651173460869,0.5948960604270552,2.2535072893101207,0.0,0.6407913747031508
11,dataset,satimage,1014,dm,q_degraded,nan,0.7915773063418523,0.817651173460869,0.5948960604270552,2.2535072893101207,0.0,nan
11,dataset,satimage,1014,ips,q_degraded,nan,0.8258527849660958,0.817651173460869,0.5948960604270552,2.2535072893101207,0.0,0.5948960604270552
11,dataset,satimage,1014,snips,q_degraded,nan,0.8152506703424438,0.817651173460869,0.5948960604270552,2.2535072893101207,0.0,0.5948960604270552
11,dataset,satimage,1014,clipped_ips,q_degraded,1.9375760636228994,0.8171067484547501,0.817651173460869,0.5948960604270552,2.2535072893101207,0.0,0.5983430589321573
11,dataset,satimage,1014,dr,q_degraded,nan,0.8145305731136899,0.817651173460869,0.5948960604270552,2.2535072893101207,0.0,0.5948960604270552
11,dataset,satimage,1014,switch_dr,q_degraded,2.089170264153779,0.8113598451180124,0.817651173460869,0.5948960604270552,2.2535072893101207,0.0,0.5487530521750731
11,dataset,satimage,1014,dros,q_degraded,3.7542010023244097,0.8042280925335176,0.817651173460869,0.5948960604270552,2.2535072893101207,0.0,0.6407913747031508
11,dataset,satimage,1015,dm,q_good,nan,0.826127357706313,0.817651173460869,0.6009210584272336,2.2426494496547624,0.0,nan
11,dataset,satimage,1015,ips,q_good,nan,0.8368982068897532,0.817651173460869,0.6009210584272336,2.2426494496547624,0.0,0.6009210584272336
11,dataset,satimage,1015,snips,q_good,nan,0.8202361024316656,0.817651173460869,0.6009210584272336,2.2426494496547624,0.0,0.6009210584272336
11,dataset,satimage,1015,clipped_ips,q_good,1.9322632388083876,0.8288762834156422,0.817651173460869,0.6009210584272336,2.2426494496547624,0.0,0.6040993814033307
11,dataset,satimage,1015,dr,q_good,nan,0.8154675930023962,0.817651173460869,0.6009210584272336,2.2426494496547624,0.0,0.6009210584272336
11,dataset,satimage,1015,switch_dr,q_good,2.061609716151088,0.8238432776217959,0.817651173460869,0.6009210584272336,2.2426494496547624,0.0,0.5546770379643065
11,dataset,satimage,1015,dros,q_good,3.7336412240502797,0.8217519330082402,0.817651173460869,0.6009210584272336,2.2426494496547624,0.0,0.647444048009517
11,dataset,satimage,1015,dm,q_degraded,nan,0.7915773063418523,0.817651173460869,0.6009210584272336,2.2426494496547624,0.0,nan
11,dataset,satimage,1015,ips,q_degraded,nan,0.8368982068897532,0.817651173460869,0.6009210584272336,2.2426494496547624,0.0,0.6009210584272336
11,dataset,satimage,1015,snips,q_degraded,nan,0.8202361024316656,0.817651173460869,0.6009210584272336,2.2426494496547624,0.0,0.6009210584272336
11,dataset,satimage,1015,clipped_ips,q_degraded,1.9322632388083876,0.8288762834156422,0.817651173460869,0.6009210584272336,2.2426494496547624,0.0,0.6040993814033307
11,dataset,satimage,1015,dr,q_degraded,nan,0.814317945838779,0.817651173460869,0.6009210584272336,2.2426494496547624,0.0,0.6009210584272336
11,dataset,satimage,1015,switch_dr,q_degraded,2.061609716151088,0.8148470943580483,0.817651173460869,0.6009210584272336,2.2426494496547624,0.0,0.5546770379643065
11,dataset,satimage,1015,dros,q_degraded,3.7336412240502797,0.8037765196091688,0.817651173460869,0.6009210584272336,2.2426494496547624,0.0,0.647444048009517
11,dataset,satimage,1016,dm,q_good,nan,0.826127357706313,0.817651173460869,0.5878956743685838,2.2560410281167456,0.0,nan
11,dataset,satimage,1016,ips,q_good,nan,0.814355279962731,0.817651173460869,0.5878956743685838,2.2560410281167456,0.0,0.5878956743685838
11,dataset,satimage,1016,snips,q_good,nan,0.8106261706857175,0.817651173460869,0.5878956743685838,2.2560410281167456,0.0,0.5878956743685838
11,dataset,satimage,1016,clipped_ips,q_good,1.9462415823407269,0.8064678864785632,0.817651173460869,0.5878956743685838,2.2560410281167456,0.0,0.5910652891238185
11,dataset,satimage,1016,dr,q_good,nan,0.8137896172345379,0.817651173460869,0.5878956743685838,2.2560410281167456,0.0,0.5878956743685838
11,dataset,satimage,1016,switch_dr,q_good,2.082244034528491,0.8226419306891626,0.817651173460869,0.5878956743685838,2.2560410281167456,0.0,0.5416265546322814
11,dataset,satimage,1016,dros,q_good,3.7878562968321363,0.820806110255994,0.817651173460869,0.5878956743685838,2.2560410281167456,0.0,0.6327921371199327
11,dataset,satimage,1016,dm,q_degraded,nan,0.7915773063418523,0.817651173460869,0.5878956743685838,2.2560410281167456,0.0,nan
11,dataset,satimage,1016,ips,q_degraded,nan,0.814355279962731,0.817651173460869,0.5878956743685838,2.2560410281167456,0.0,0.5878956743685838
11,dataset,satimage,1016,snips,q_degraded,nan,0.8106261706857175,0.817651173460869,0.5878956743685838,2.2560410281167456,0.0,0.5878956743685838
11,dataset,satimage,1016,clipped_ips,q_degraded,1.9462415823407269,0.8064678864785632,0.817651173460869,0.5878956743685838,2.2560410281167456,0.0,0.5910652891238185
11,dataset,satimage,1016,dr,q_degraded,nan,0.8121517975869998,0.817651173460869,0.5878956743685838,2.2560410281167456,0.0,0.5878956743685838
11,dataset,satimage,1016,switch_dr,q_degraded,2.082244034528491,0.8140183219898701,0.817651173460869,0.5878956743685838,2.2560410281167456,0.0,0.5416265546322814
11,dataset,satimage,1016,dros,q_degraded,3.7878562968321363,0.8024855026399723,0.817651173460869,0.5878956743685838,2.2560410281167456,0.0,0.6327921371199327
11,dataset,satimage,1017,dm,q_good,nan,0.826127357706313,0.817651173460869,0.5765195554813765,2.2328238303980936,0.0,nan
11,dataset,satimage,1017,ips,q_good,nan,0.7927696572028781,0.817651173460869,0.5765195554813765,2.2328238303980936,0.0,0.5765195554813765
11,dataset,satimage,1017,snips,q_good,nan,0.8146892738323106,0.817651173460869,0.5765195554813765,2.2328238303980936,0.0,0.5765195554813765
11,dataset,satimage,1017,clipped_ips,q_good,1.91572701062763,0.7844786539518936,0.817651173460869,0.5765195554813765,2.2328238303980936,0.0,0.5797493699858715
11,dataset,satimage,1017,dr,q_good,nan,0.8125664404849555,0.817651173460869,0.5765195554813765,2.2328238303980936,0.0,0.5765195554813765
11,dataset,satimage,1017,switch_dr,q_good,2.0535118287364926,0.8179731811026357,0.817651173460869,0.5765195554813765,2.2328238303980936,0.0,0.530270445754444
11,dataset,satimage,1017,dros,q_good,3.6700099792482757,0.8197408364470546,0.817651173460869,0.5765195554813765,2.2328238303980936,0.0,0.6257549198906716
11,dataset,satimage,1017,dm,q_degraded,nan,0.7915773063418523,0.817651173460869,0.5765195554813765,2.2328238303980936,0.0,nan
11,dataset,satimage,1017,ips,q_degraded,nan,0.7927696572028781,0.817651173460869,0.5765195554813765,2.2328238303980936,0.0,0.5765195554813765
11,dataset,satimage,1017,snips,q_degraded,nan,0.8146892738323106,0.817651173460869,0.5765195554813765,2.2328238303980936,0.0,0.5765195554813765
11,dataset,satimage,1017,clipped_ips,q_degraded,1.91572701062763,0.7844786539518936,0.817651173460869,0.5765195554813765,2.2328238303980936,0.0,0.5797493699858715
11,dataset,satimage,1017,dr,q_degraded,nan,0.807866868731733,0.817651173460869,0.5765195554813765,2.2328238303980936,0.0,0.5765195554813765
11,dataset,satimage,1017,switch_dr,q_degraded,2.0535118287364926,0.8064676115957624,0.817651173460869,0.5765195554813765,2.2328238303980936,0.0,0.530270445754444
11,dataset,satimage,1017,dros,q_degraded,3.6700099792482757,0.7997883408126581,0.817651173460869,0.5765195554813765,2.2328238303980936,0.0,0.6257549198906716
11,dataset,satimage,1018,dm,q_good,nan,0.826127357706313,0.817651173460869,0.5864076376407557,2.2152617572036797,0.0,nan
11,dataset,satimage,1018,ips,q_good,nan,0.8166006618047409,0.817651173460869,0.5864076376407557,2.2152617572036797,0.0,0.5864076376407557
11,dataset,satimage,1018,snips,q_good,nan,0.8186345590411654,0.817651173460869,0.5864076376407557,2.2152617572036797,0.0,0.5864076376407557
11,dataset,satimage,1018,clipped_ips,q_good,1.9341624510846562,0.8088750308194892,0.817651173460869,0.5864076376407557,2.2152617572036797,0.0,0.5896144158088237
11,dataset,satimage,1018,dr,q_good,nan,0.8181464512480576,0.817651173460869,0.5864076376407557,2.2152617572036797,0.0,0.5864076376407557
11,dataset,satimage,1018,switch_dr,q_good,2.0786262772993642,0.8302291425275,0.817651173460869,0.5864076376407557,2.2152617572036797,0.0,0.5401823802844489
11,dataset,satimage,1018,dros,q_good,3.7409843871858053,0.8238706016589603,0.817651173460869,0.5864076376407557,2.2152617572036797,0.0,0.6334679966174264
11,dataset,satimage,1018,dm,q_degraded,nan,0.7915773063418523,0.817651173460869,0.5864076376407557,2.2152617572036797,0.0,nan
11,dataset,satimage,1018,ips,q_degraded,nan,0.8166006618047409,0.817651173460869,0.5864076376407557,2.2152617572036797,0.0,0.5864076376407557
11,dataset,satimage,1018,snips,q_degraded,nan,0.8186345590411654,0.817651173460869,0.5864076376407557,2.2152617572036797,0.0,0.5864076376407557
11,dataset,satimage,1018,clipped_ips,q_degraded,1.9341624510846562,0.8088750308194892,0.817651173460869,0.5864076376407557,2.2152617572036797,0.0,0.5896144158088237
11,dataset,satimage,1018,dr,q_degraded,nan,0.8196265254083218,0.817651173460869,0.5864076376407557,2.2152617572036797,0.0,0.5864076376407557
11,dataset,satimage,1018,switch_dr,q_degraded,2.0786262772993642,0.8230322153305321,0.817651173460869,0.5864076376407557,2.2152617572036797,0.0,0.5401823802844489
11,dataset,satimage,1018,dros,q_degraded,3.7409843871858053,0.8071248298034539,0.817651173460869,0.5864076376407557,2.2152617572036797,0.0,0.6334679966174264
11,dataset,satimage,1019,dm,q_good,nan,0.826127357706313,0.817651173460869,0.5927579728543074,2.2535072893101207,0.0,nan
11,dataset,satimage,1019,ips,q_good,nan,0.8183490114993188,0.817651173460869,0.5927579728543074,2.2535072893101207,0.0,0.5927579728543074
11,dataset,satimage,1019,snips,q_good,nan,0.8093178223414089,0.817651173460869,0.5927579728543074,2.2535072893101207,0.0,0.5927579728543074
11,dataset,satimage,1019,clipped_ips,q_good,1.9454421557506991,0.8105470390346985,0.817651173460869,0.5927579728543074,2.2535072893101207,0.0,0.5958222303616179
11,dataset,satimage,1019,dr,q_good,nan,0.8098551658770305,0.817651173460869,0.5927579728543074,2.2535072893101207,0.0,0.5927579728543074
11,dataset,satimage,1019,switch_dr,q_good,2.0752479431509365,0.8173115210234725,0.817651173460869,0.5927579728543074,2.2535072893101207,0.0,0.5464231039533389
11,dataset,satimage,1019,dros,q_good,3.7847451813719273,0.8180307234269746,0.817651173460869,0.5927579728543074,2.2535072893101207,0.0,0.6378948620104873
11,dataset,satimage,1019,dm,q_degraded,nan,0.7915773063418523,0.817651173460869,0.5927579728543074,2.2535072893101207,0.0,nan
11,dataset,satimage,1019,ips,q_degraded,nan,0.8183490114993188,0.817651173460869,0.5927579728543074,2.2535072893101207,0.0,0.5927579728543074
11,dataset,satimage,1019,snips,q_degraded,nan,0.8093178223414089,0.817651173460869,0.5927579728543074,2.2535072893101207,0.0,0.5927579728543074
11,dataset,satimage,1019,clipped_ips,q_degraded,1.9454421557506991,0.8105470390346985,0.817651173460869,0.5927579728543074,2.2535072893101207,0.0,0.5958222303616179
11,dataset,satimage,1019,dr,q_degraded,nan,0.8135539624558095,0.817651173460869,0.5927579728543074,2.2535072893101207,0.0,0.5927579728543074
11,dataset,satimage,1019,switch_dr,q_degraded,2.0752479431509365,0.8115305873908047,0.817651173460869,0.5927579728543074,2.2535072893101207,0.0,0.5464231039533389
11,dataset,satimage,1019,dros,q_degraded,3.7847451813719273,0.8026823271049648,0.817651173460869,0.5927579728543074,2.2535072893101207,0.0,0.6378948620104873
11,dataset,pendigits,1000,dm,q_good,nan,0.8828081729683064,0.903319653688827,0.46026600691846886,2.9828663075167436,0.0,nan
11,dataset,pendigits,1000,ips,q_good,nan,0.9033178731943279,0.903319653688827,0.46026600691846886,2.9828663075167436,0.0,0.46026600691846886
11,dataset,pendigits,1000,snips,q_good,nan,0.8978512488109478,0.903319653688827,0.46026600691846886,2.9828663075167436,0.0,0.46026600691846886
11,dataset,pendigits,1000,clipped_ips,q_good,2.3034985728349184,0.8835980507249673,0.903319653688827,0.46026600691846886,2.9828663075167436,0.0,0.4640387723260599
11,dataset,pendigits,1000,dr,q_good,nan,0.8973401509227764,0.903319653688827,0.46026600691846886,2.9828663075167436,0.0,0.46026600691846886
11,dataset,pendigits,1000,switch_dr,q_good,2.4951742495430684,0.8918512558290961,0.903319653688827,0.46026600691846886,2.9828663075167436,0.0,0.41393578263818703
11,dataset,pendigits,1000,dros,q_good,5.306105675052506,0.8890244400290609,0.903319653688827,0.46026600691846886,2.9828663075167436,0.0,0.5030166638083593
11,dataset,pendigits,1000,dm,q_degraded,nan,0.6259306281786623,0.903319653688827,0.46026600691846886,2.9828663075167436,0.0,nan
11,dataset,pendigits,1000,ips,q_degraded,nan,0.9033178731943279,0.903319653688827,0.46026600691846886,2.9828663075167436,0.0,0.46026600691846886
11,dataset,pendigits,1000,snips,q_degraded,nan,0.8978512488109478,0.903319653688827,0.46026600691846886,2.9828663075167436,0.0,0.46026600691846886
11,dataset,pendigits,1000,clipped_ips,q_degraded,2.3034985728349184,0.8835980507249673,0.903319653688827,0.46026600691846886,2.9828663075167436,0.0,0.4640387723260599
11,dataset,pendigits,1000,dr,q_degraded,nan,0.900399100702028,0.903319653688827,0.46026600691846886,2.9828663075167436,0.0,0.46026600691846886
11,dataset,pendigits,1000,switch_dr,q_degraded,2.4951742495430684,0.8521166902443089,0.903319653688827,0.46026600691846886,2.9828663075167436,0.0,0.41393578263818703
11,dataset,pendigits,1000,dros,q_degraded,5.306105675052506,0.7610582265138803,0.903319653688827,0.46026600691846886,2.9828663075167436,0.0,0.5030166638083593
11,dataset,pendigits,1001,dm,q_good,nan,0.8828081729683064,0.903319653688827,0.46627514192412434,2.984942949144146,0.0,nan
11,dataset,pendigits,1001,ips,q_good,nan,0.927526429289163,0.903319653688827,0.46627514192412434,2.984942949144146,0.0,0.46627514192412434
11,dataset,pendigits,1001,snips,q_good,nan,0.9078234229188064,0.903319653688827,0.46627514192412434,2.984942949144146,0.0,0.46627514192412434
11,dataset,pendigits,1001,clipped_ips,q_good,2.30899373794019,0.9065410313047897,0.903319653688827,0.46627514192412434,2.984942949144146,0.0,0.47003070826507765
11,dataset,pendigits,1001,dr,q_good,nan,0.9060133817780311,0.903319653688827,0.46627514192412434,2.984942949144146,0.0,0.46627514192412434
11,dataset,pendigits,1001,switch_dr,q_good,2.5129207536316525,0.8926385809265628,0.903319653688827,0.46627514192412434,2.984942949144146,0.0,0.4199126982692821
11,dataset,pendigits,1001,dros,q_good,5.331452081847011,0.89306295167797,0.903319653688827,0.46627514192412434,2.984942949144146,0.0,0.5084847102019174
11,dataset,pendigits,1001,dm,q_degraded,nan,0.6259306281786623,0.903319653688827,0.46627514192412434,2.984942949144146,0.0,nan
11,dataset,pendigits,1001,ips,q_degraded,nan,0.927526429289163,0.903319653688827,0.46627514192412434,2.984942949144146,0.0,0.46627514192412434
11,dataset,pendigits,1001,snips,q_degraded,nan,0.9078234229188064,0.903319653688827,0.46627514192412434,2.984942949144146,0.0,0.46627514192412434
11,dataset,pendigits,1001,clipped_ips,q_degraded,2.30899373794019,0.9065410313047897,0.903319653688827,0.46627514192412434,2.984942949144146,0.0,0.47003070826507765
11,dataset,pendigits,1001,dr,q_degraded,nan,0.9107414608584427,0.903319653688827,0.46627514192412434,2.984942949144146,0.0,0.46627514192412434
11,dataset,pendigits,1001,switch_dr,q_degraded,2.5129207536316525,0.8534136324000202,0.903319653688827,0.46627514192412434,2.984942949144146,0.0,0.4199126982692821
11,dataset,pendigits,1001,dros,q_degraded,5.331452081847011,0.7661232679591377,0.903319653688827,0.46627514192412434,2.984942949144146,0.0,0.5084847102019174
11,dataset,pendigits,1002,dm,q_good,nan,0.8828081729683064,0.903319653688827,0.4562367194378898,2.9656074017123917,0.0,nan
11,dataset,pendigits,1002,ips,q_good,nan,0.9038442947934798,0.903319653688827,0.4562367194378898,2.9656074017123917,0.0,0.4562367194378898
11,dataset,pendigits,1002,snips,q_good,nan,0.9083554644492075,0.903319653688827,0.4562367194378898,2.9656074017123917,0.0,0.4562367194378898
11,dataset,pendigits,1002,clipped_ips,q_good,2.2941636649161765,0.8831080385198227,0.903319653688827,0.4562367194378898,2.9656074017123917,0.0,0.4600325968082278
11,dataset,pendigits,1002,dr,q_good,nan,0.9063922422753956,0.903319653688827,0.4562367194378898,2.9656074017123917,0.0,0.4562367194378898
11,dataset,pendigits,1002,switch_dr,q_good,2.4947099199761915,0.8936364825069654,0.903319653688827,0.4562367194378898,2.9656074017123917,0.0,0.40994417319949655
11,dataset,pendigits,1002,dros,q_good,5.263186921421623,0.8931600290921747,0.903319653688827,0.4562367194378898,2.9656074017123917,0.0,0.4999121534243305
11,dataset,pendigits,1002,dm,q_degraded,nan,0.6259306281786623,0.903319653688827,0.4562367194378898,2.9656074017123917,0.0,nan
11,dataset,pendigits,1002,ips,q_degraded,nan,0.9038442947934798,0.903319653688827,0.4562367194378898,2.9656074017123917,0.0,0.4562367194378898
11,dataset,pendigits,1002,snips,q_degraded,nan,0.9083554644492075,0.903319653688827,0.4562367194378898,2.9656074017123917,0.0,0.4562367194378898
11,dataset,pendigits,1002,clipped_ips,q_degraded,2.2941636649161765,0.8831080385198227,0.903319653688827,0.4562367194378898,2.9656074017123917,0.0,0.4600325968082278
11,dataset,pendigits,1002,dr,q_degraded,nan,0.8947904338488528,0.903319653688827,0.4562367194378898,2.9656074017123917,0.0,0.4562367194378898
11,dataset,pendigits,1002,switch_dr,q_degraded,2.4947099199761915,0.8419448942278,0.903319653688827,0.4562367194378898,2.9656074017123917,0.0,0.40994417319949655
11,dataset,pendigits,1002,dros,q_degraded,5.263186921421623,0.7575254802585402,0.903319653688827,0.4562367194378898,2.9656074017123917,0.0,0.4999121534243305
11,dataset,pendigits,1003,dm,q_good,nan,0.8828081729683064,0.903319653688827,0.4537946433139203,2.977670326399829,0.0,nan
11,dataset,pendigits,1003,ips,q_good,nan,0.8918795260482116,0.903319653688827,0.4537946433139203,2.977670326399829,0.0,0.4537946433139203
11,dataset,pendigits,1003,snips,q_good,nan,0.9035741537624592,0.903319653688827,0.4537946433139203,2.977670326399829,0.0,0.4537946433139203
11,dataset,pendigits,1003,clipped_ips,q_good,2.295929273642553,0.8725978104785292,0.903319653688827,0.4537946433139203,2.977670326399829,0.0,0.4573486251525611
11,dataset,pendigits,1003,dr,q_good,nan,0.9003567809862989,0.903319653688827,0.4537946433139203,2.977670326399829,0.0,0.4537946433139203
11,dataset,pendigits,1003,switch_dr,q_good,2.4772773833207684,0.8897271862044162,0.903319653688827,0.4537946433139203,2.977670326399829,0.0,0.40730499313794066
11,dataset,pendigits,1003,dros,q_good,5.2712912295688215,0.8902441682568366,0.903319653688827,0.4537946433139203,2.977670326399829,0.0,0.4977247936709153
11,dataset,pendigits,1003,dm,q_degraded,nan,0.6259306281786623,0.903319653688827,0.4537946433139203,2.977670326399829,0.0,nan
11,dataset,pendigits,1003,ips,q_degraded,nan,0.8918795260482116,0.903319653688827,0.4537946433139203,2.977670326399829,0.0,0.4537946433139203
11,dataset,pendigits,1003,snips,q_degraded,nan,0.9035741537624592,0.903319653688827,0.4537946433139203,2.977670326399829,0.0,0.4537946433139203
11,dataset,pendigits,1003,clipped_ips,q_degraded,2.295929273642553,0.8725978104785292,0.903319653688827,0.4537946433139203,2.977670326399829,0.0,0.4573486251525611
11,dataset,pendigits,1003,dr,q_degraded,nan,0.8956384646799259,0.903319653688827,0.4537946433139203,2.977670326399829,0.0,0.4537946433139203
11,dataset,pendigits,1003,switch_dr,q_degraded,2.4772773833207684,0.841543313698746,0.903319653688827,0.4537946433139203,2.977670326399829,0.0,0.40730499313794066
11,dataset,pendigits,1003,dros,q_degraded,5.2712912295688215,0.7580829720441811,0.903319653688827,0.4537946433139203,2.977670326399829,0.0,0.4977247936709153
11,dataset,pendigits,1004,dm,q_good,nan,0.8828081729683064,0.903319653688827,0.45590072520944874,2.984942949144146,0.0,nan
11,dataset,pendigits,1004,ips,q_good,nan,0.8947718756079573,0.903319653688827,0.45590072520944874,2.984942949144146,0.0,0.45590072520944874
11,dataset,pendigits,1004,snips,q_good,nan,0.8966010054693573,0.903319653688827,0.45590072520944874,2.984942949144146,0.0,0.45590072520944874
11,dataset,pendigits,1004,clipped_ips,q_good,2.3095669621578505,0.8754787699784663,0.903319653688827,0.45590072520944874,2.984942949144146,0.0,0.4596579584201942
11,dataset,pendigits,1004,dr,q_good,nan,0.8972069437046974,0.903319653688827,0.45590072520944874,2.984942949144146,0.0,0.45590072520944874
11,dataset,pendigits,1004,switch_dr,q_good,2.5067612301805062,0.8916616567960984,0.903319653688827,0.45590072520944874,2.984942949144146,0.0,0.409571455854519
11,dataset,pendigits,1004,dros,q_good,5.334099552691042,0.8892304025187607,0.903319653688827,0.45590072520944874,2.984942949144146,0.0,0.49820164396284494
11,dataset,pendigits,1004,dm,q_degraded,nan,0.6259306281786623,0.903319653688827,0.45590072520944874,2.984942949144146,0.0,nan
11,dataset,pendigits,1004,ips,q_degraded,nan,0.8947718756079573,0.903319653688827,0.45590072520944874,2.984942949144146,0.0,0.45590072520944874
11,dataset,pendigits,1004,snips,q_degraded,nan,0.8966010054693573,0.903319653688827,0.45590072520944874,2.984942949144146,0.0,0.45590072520944874
11,dataset,pendigits,1004,clipped_ips,q_degraded,2.3095669621578505,0.8754787699784663,0.903319653688827,0.45590072520944874,2.984942949144146,0.0,0.4596579584201942
11,dataset,pendigits,1004,dr,q_degraded,nan,0.9001967197137908,0.903319653688827,0.45590072520944874,2.984942949144146,0.0,0.45590072520944874
11,dataset,pendigits,1004,switch_dr,q_degraded,2.5067612301805062,0.8521939492556558,0.903319653688827,0.45590072520944874,2.984942949144146,0.0,0.409571455854519
11,dataset,pendigits,1004,dros,q_degraded,5.334099552691042,0.7614085155027372,0.903319653688827,0.45590072520944874,2.984942949144146,0.0,0.49820164396284494
11,dataset,pendigits,1005,dm,q_good,nan,0.8828081729683064,0.903319653688827,0.45699124161056986,2.9828663075167436,0.0,nan
11,dataset,pendigits,1005,ips,q_good,nan,0.8990394556735066,0.903319653688827,0.45699124161056986,2.9828663075167436,0.0,0.45699124161056986
11,dataset,pendigits,1005,snips,q_good,nan,0.8971052664631475,0.903319653688827,0.45699124161056986,2.9828663075167436,0.0,0.45699124161056986
11,dataset,pendigits,1005,clipped_ips,q_good,2.3095669621578505,0.878901315522479,0.903319653688827,0.45699124161056986,2.9828663075167436,0.0,0.46095693406775884
11,dataset,pendigits,1005,dr,q_good,nan,0.898696170894828,0.903319653688827,0.45699124161056986,2.9828663075167436,0.0,0.45699124161056986
11,dataset,pendigits,1005,switch_dr,q_good,2.507035522629582,0.8917349462930535,0.903319653688827,0.45699124161056986,2.9828663075167436,0.0,0.410851221417435
11,dataset,pendigits,1005,dros,q_good,5.334099552691042,0.8897145272480885,0.903319653688827,0.45699124161056986,2.9828663075167436,0.0,0.49951129522050963
11,dataset,pendigits,1005,dm,q_degraded,nan,0.6259306281786623,0.903319653688827,0.45699124161056986,2.9828663075167436,0.0,nan
11,dataset,pendigits,1005,ips,q_degraded,nan,0.8990394556735066,0.903319653688827,0.45699124161056986,2.9828663075167436,0.0,0.45699124161056986
11,dataset,pendigits,1005,snips,q_degraded,nan,0.8971052664631475,0.903319653688827,0.45699124161056986,2.9828663075167436,0.0,0.45699124161056986
11,dataset,pendigits,1005,clipped_ips,q_degraded,2.3095669621578505,0.878901315522479,0.903319653688827,0.45699124161056986,2.9828663075167436,0.0,0.46095693406775884
11,dataset,pendigits,1005,dr,q_degraded,nan,0.8961648851384912,0.903319653688827,0.45699124161056986,2.9828663075167436,0.0,0.45699124161056986
11,dataset,pendigits,1005,switch_dr,q_degraded,2.507035522629582,0.8467840926796445,0.903319653688827,0.45699124161056986,2.9828663075167436,0.0,0.410851221417435
11,dataset,pendigits,1005,dros,q_degraded,5.334099552691042,0.7588540049554557,0.903319653688827,0.45699124161056986,2.9828663075167436,0.0,0.49951129522050963
11,dataset,pendigits,1006,dm,q_good,nan,0.8828081729683064,0.903319653688827,0.46155712429008766,2.984942949144146,0.0,nan
11,dataset,pendigits,1006,ips,q_good,nan,0.9163310450855937,0.903319653688827,0.46155712429008766,2.984942949144146,0.0,0.46155712429008766
11,dataset,pendigits,1006,snips,q_good,nan,0.9053461196494469,0.903319653688827,0.46155712429008766,2.984942949144146,0.0,0.46155712429008766
11,dataset,pendigits,1006,clipped_ips,q_good,2.3124059960742107,0.8955117859110255,0.903319653688827,0.46155712429008766,2.984942949144146,0.0,0.4654986972484479
11,dataset,pendigits,1006,dr,q_good,nan,0.9034986746405238,0.903319653688827,0.46155712429008766,2.984942949144146,0.0,0.46155712429008766
11,dataset,pendigits,1006,switch_dr,q_good,2.5185146033023056,0.8937654770134216,0.903319653688827,0.46155712429008766,2.984942949144146,0.0,0.41538225407052304
11,dataset,pendigits,1006,dros,q_good,5.347221490679963,0.8923212156363711,0.903319653688827,0.46155712429008766,2.984942949144146,0.0,0.5044032253836191
11,dataset,pendigits,1006,dm,q_degraded,nan,0.6259306281786623,0.903319653688827,0.46155712429008766,2.984942949144146,0.0,nan
11,dataset,pendigits,1006,ips,q_degraded,nan,0.9163310450855937,0.903319653688827,0.46155712429008766,2.984942949144146,0.0,0.46155712429008766
11,dataset,pendigits,1006,snips,q_degraded,nan,0.9053461196494469,0.903319653688827,0.46155712429008766,2.984942949144146,0.0,0.46155712429008766
11,dataset,pendigits,1006,clipped_ips,q_degraded,2.3124059960742107,0.8955117859110255,0.903319653688827,0.46155712429008766,2.984942949144146,0.0,0.4654986972484479
11,dataset,pendigits,1006,dr,q_degraded,nan,0.8985456389479332,0.903319653688827,0.46155712429008766,2.984942949144146,0.0,0.46155712429008766
11,dataset,pendigits,1006,switch_dr,q_degraded,2.5185146033023056,0.8463144396756017,0.903319653688827,0.46155712429008766,2.984942949144146,0.0,0.41538225407052304
11,dataset,pendigits,1006,dros,q_degraded,5.347221490679963,0.7604660731154995,0.903319653688827,0.46155712429008766,2.984942949144146,0.0,0.5044032253836191
11,dataset,pendigits,1007,dm,q_good,nan,0.8828081729683064,0.903319653688827,0.4539463273495184,2.977670326399829,0.0,nan
11,dataset,pendigits,1007,ips,q_good,nan,0.8977938818255249,0.903319653688827,0.4539463273495184,2.977670326399829,0.0,0.4539463273495184
11,dataset,pendigits,1007,snips,q_good,nan,0.9056129760132993,0.903319653688827,0.4539463273495184,2.977670326399829,0.0,0.4539463273495184
11,dataset,pendigits,1007,clipped_ips,q_good,2.296467682397518,0.8772167938777612,0.903319653688827,0.4539463273495184,2.977670326399829,0.0,0.4577787187719202
11,dataset,pendigits,1007,dr,q_good,nan,0.9048862494082994,0.903319653688827,0.4539463273495184,2.977670326399829,0.0,0.4539463273495184
11,dataset,pendigits,1007,switch_dr,q_good,2.47994100569307,0.8935880271564146,0.903319653688827,0.4539463273495184,2.977670326399829,0.0,0.40770971081852486
11,dataset,pendigits,1007,dros,q_good,5.273763816296227,0.8926542574459558,0.903319653688827,0.4539463273495184,2.977670326399829,0.0,0.4970458831896773
11,dataset,pendigits,1007,dm,q_degraded,nan,0.6259306281786623,0.903319653688827,0.4539463273495184,2.977670326399829,0.0,nan
11,dataset,pendigits,1007,ips,q_degraded,nan,0.8977938818255249,0.903319653688827,0.4539463273495184,2.977670326399829,0.0,0.4539463273495184
11,dataset,pendigits,1007,snips,q_degraded,nan,0.9056129760132993,0.903319653688827,0.4539463273495184,2.977670326399829,0.0,0.4539463273495184
11,dataset,pendigits,1007,clipped_ips,q_degraded,2.296467682397518,0.8772167938777612,0.903319653688827,0.4539463273495184,2.977670326399829,0.0,0.4577787187719202
11,dataset,pendigits,1007,dr,q_degraded,nan,0.8972025451633909,0.903319653688827,0.4539463273495184,2.977670326399829,0.0,0.4539463273495184
11,dataset,pendigits,1007,switch_dr,q_degraded,2.47994100569307,0.8396896432625529,0.903319653688827,0.4539463273495184,2.977670326399829,0.0,0.40770971081852486
11,dataset,pendigits,1007,dros,q_degraded,5.273763816296227,0.7584528609766477,0.903319653688827,0.4539463273495184,2.977670326399829,0.0,0.4970458831896773
11,dataset,pendigits,1008,dm,q_good,nan,0.8828081729683064,0.903319653688827,0.4563613441394302,2.984942949144146,0.0,nan
11,dataset,pendigits,1008,ips,q_good,nan,0.8988333015397877,0.903319653688827,0.4563613441394302,2.984942949144146,0.0,0.4563613441394302
11,dataset,pendigits,1008,snips,q_good,nan,0.8980938078502306,0.903319653688827,0.4563613441394302,2.984942949144146,0.0,0.4563613441394302
11,dataset,pendigits,1008,clipped_ips,q_good,2.3177931385207593,0.8785926008648903,0.903319653688827,0.4563613441394302,2.984942949144146,0.0,0.46019791721226194
11,dataset,pendigits,1008,dr,q_good,nan,0.9001655269688799,0.903319653688827,0.4563613441394302,2.984942949144146,0.0,0.4563613441394302
11,dataset,pendigits,1008,switch_dr,q_good,2.525639852506659,0.8913793064798586,0.903319653688827,0.4563613441394302,2.984942949144146,0.0,0.41008677989693365
11,dataset,pendigits,1008,dros,q_good,5.3721650329739115,0.890439298404156,0.903319653688827,0.4563613441394302,2.984942949144146,0.0,0.4987892444447248
11,dataset,pendigits,1008,dm,q_degraded,nan,0.6259306281786623,0.903319653688827,0.4563613441394302,2.984942949144146,0.0,nan
11,dataset,pendigits,1008,ips,q_degraded,nan,0.8988333015397877,0.903319653688827,0.4563613441394302,2.984942949144146,0.0,0.4563613441394302
11,dataset,pendigits,1008,snips,q_degraded,nan,0.8980938078502306,0.903319653688827,0.4563613441394302,2.984942949144146,0.0,0.4563613441394302
11,dataset,pendigits,1008,clipped_ips,q_degraded,2.3177931385207593,0.8785926008648903,0.903319653688827,0.4563613441394302,2.984942949144146,0.0,0.46019791721226194
11,dataset,pendigits,1008,dr,q_degraded,nan,0.9015394325661138,0.903319653688827,0.4563613441394302,2.984942949144146,0.0,0.4563613441394302
11,dataset,pendigits,1008,switch_dr,q_degraded,2.525639852506659,0.8505713924262888,0.903319653688827,0.4563613441394302,2.984942949144146,0.0,0.41008677989693365
11,dataset,pendigits,1008,dros,q_degraded,5.3721650329739115,0.7619612211612874,0.903319653688827,0.4563613441394302,2.984942949144146,0.0,0.4987892444447248
11,dataset,pendigits,1009,dm,q_good,nan,0.8828081729683064,0.903319653688827,0.4648757617347878,2.975622719378864,0.0,nan
11,dataset,pendigits,1009,ips,q_good,nan,0.9157803850100478,0.903319653688827,0.4648757617347878,2.975622719378864,0.0,0.4648757617347878
11,dataset,pendigits,1009,snips,q_good,nan,0.8991710136525491,0.903319653688827,0.4648757617347878,2.975622719378864,0.0,0.4648757617347878
11,dataset,pendigits,1009,clipped_ips,q_good,2.3035495000636583,0.8951291005897127,0.903319653688827,0.4648757617347878,2.975622719378864,0.0,0.46884978394176396
11,dataset,pendigits,1009,dr,q_good,nan,0.8975393873016272,0.903319653688827,0.4648757617347878,2.975622719378864,0.0,0.4648757617347878
11,dataset,pendigits,1009,switch_dr,q_good,2.5151899932153796,0.890866863710462,0.903319653688827,0.4648757617347878,2.975622719378864,0.0,0.4187136754994776
11,dataset,pendigits,1009,dros,q_good,5.30634029924353,0.8888105644601146,0.903319653688827,0.4648757617347878,2.975622719378864,0.0,0.5075384621339495
11,dataset,pendigits,1009,dm,q_degraded,nan,0.6259306281786623,0.903319653688827,0.4648757617347878,2.975622719378864,0.0,nan
11,dataset,pendigits,1009,ips,q_degraded,nan,0.9157803850100478,0.903319653688827,0.4648757617347878,2.975622719378864,0.0,0.4648757617347878
11,dataset,pendigits,1009,snips,q_degraded,nan,0.8991710136525491,0.903319653688827,0.4648757617347878,2.975622719378864,0.0,0.4648757617347878
11,dataset,pendigits,1009,clipped_ips,q_degraded,2.3035495000636583,0.8951291005897127,0.903319653688827,0.4648757617347878,2.975622719378864,0.0,0.46884978394176396
11,dataset,pendigits,1009,dr,q_degraded,nan,0.910242159932213,0.903319653688827,0.4648757617347878,2.975622719378864,0.0,0.4648757617347878
11,dataset,pendigits,1009,switch_dr,q_degraded,2.5151899932153796,0.8634464363033743,0.903319653688827,0.4648757617347878,2.975622719378864,0.0,0.4187136754994776
11,dataset,pendigits,1009,dros,q_degraded,5.30634029924353,0.7658072884738559,0.903319653688827,0.4648757617347878,2.975622719378864,0.0,0.5075384621339495
11,dataset,pendigits,1010,dm,q_good,nan,0.8828081729683064,0.903319653688827,0.46176565918264134,2.984942949144146,0.0,nan
11,dataset,pendigits,1010,ips,q_good,nan,0.9197226388106903,0.903319653688827,0.46176565918264134,2.984942949144146,0.0,0.46176565918264134
11,dataset,pendigits,1010,snips,q_good,nan,0.9107740935351716,0.903319653688827,0.46176565918264134,2.984942949144146,0.0,0.46176565918264134
11,dataset,pendigits,1010,clipped_ips,q_good,2.3013129789748,0.8991188867017992,0.903319653688827,0.46176565918264134,2.984942949144146,0.0,0.4654463730463778
11,dataset,pendigits,1010,dr,q_good,nan,0.9079494707964486,0.903319653688827,0.46176565918264134,2.984942949144146,0.0,0.46176565918264134
11,dataset,pendigits,1010,switch_dr,q_good,2.4973371455954725,0.8936273762018059,0.903319653688827,0.46176565918264134,2.984942949144146,0.0,0.4153680666604473
11,dataset,pendigits,1010,dros,q_good,5.296041427197869,0.8942352905845622,0.903319653688827,0.46176565918264134,2.984942949144146,0.0,0.5042732192676692
11,dataset,pendigits,1010,dm,q_degraded,nan,0.6259306281786623,0.903319653688827,0.46176565918264134,2.984942949144146,0.0,nan
11,dataset,pendigits,1010,ips,q_degraded,nan,0.9197226388106903,0.903319653688827,0.46176565918264134,2.984942949144146,0.0,0.46176565918264134
11,dataset,pendigits,1010,snips,q_degraded,nan,0.9107740935351716,0.903319653688827,0.46176565918264134,2.984942949144146,0.0,0.46176565918264134
11,dataset,pendigits,1010,clipped_ips,q_degraded,2.3013129789748,0.8991188867017992,0.903319653688827,0.46176565918264134,2.984942949144146,0.0,0.4654463730463778
11,dataset,pendigits,1010,dr,q_degraded,nan,0.9016363373275733,0.903319653688827,0.46176565918264134,2.984942949144146,0.0,0.46176565918264134
11,dataset,pendigits,1010,switch_dr,q_degraded,2.4973371455954725,0.8443335146775306,0.903319653688827,0.46176565918264134,2.984942949144146,0.0,0.4153680666604473
11,dataset,pendigits,1010,dros,q_degraded,5.296041427197869,0.761344051031292,0.903319653688827,0.46176565918264134,2.984942949144146,0.0,0.5042732192676692
11,dataset,pendigits,1011,dm,q_good,nan,0.8828081729683064,0.903319653688827,0.4580929682057903,2.984942949144146,0.0,nan
11,dataset,pendigits,1011,ips,q_good,nan,0.9074856475152715,0.903319653688827,0.4580929682057903,2.984942949144146,0.0,0.4580929682057903
11,dataset,pendigits,1011,snips,q_good,nan,0.9068894968909844,0.903319653688827,0.4580929682057903,2.984942949144146,0.0,0.4580929682057903
11,dataset,pendigits,1011,clipped_ips,q_good,2.3013787587666563,0.8868030814554663,0.903319653688827,0.4580929682057903,2.984942949144146,0.0,0.46188156175891676
11,dataset,pendigits,1011,dr,q_good,nan,0.9051023147615762,0.903319653688827,0.4580929682057903,2.984942949144146,0.0,0.4580929682057903
11,dataset,pendigits,1011,switch_dr,q_good,2.4945399964414086,0.8933162759475253,0.903319653688827,0.4580929682057903,2.984942949144146,0.0,0.4118017474225551
11,dataset,pendigits,1011,dros,q_good,5.296344191302356,0.8926426660013926,0.903319653688827,0.4580929682057903,2.984942949144146,0.0,0.5013550025748481
11,dataset,pendigits,1011,dm,q_degraded,nan,0.6259306281786623,0.903319653688827,0.4580929682057903,2.984942949144146,0.0,nan
11,dataset,pendigits,1011,ips,q_degraded,nan,0.9074856475152715,0.903319653688827,0.4580929682057903,2.984942949144146,0.0,0.4580929682057903
11,dataset,pendigits,1011,snips,q_degraded,nan,0.9068894968909844,0.903319653688827,0.4580929682057903,2.984942949144146,0.0,0.4580929682057903
11,dataset,pendigits,1011,clipped_ips,q_degraded,2.3013787587666563,0.8868030814554663,0.903319653688827,0.4580929682057903,2.984942949144146,0.0,0.46188156175891676
11,dataset,pendigits,1011,dr,q_degraded,nan,0.9089630739578709,0.903319653688827,0.4580929682057903,2.984942949144146,0.0,0.4580929682057903
11,dataset,pendigits,1011,switch_dr,q_degraded,2.4945399964414086,0.8506021079445615,0.903319653688827,0.4580929682057903,2.984942949144146,0.0,0.4118017474225551
11,dataset,pendigits,1011,dros,q_degraded,5.296344191302356,0.7649160562526882,0.903319653688827,0.4580929682057903,2.984942949144146,0.0,0.5013550025748481
11,dataset,pendigits,1012,dm,q_good,nan,0.8828081729683064,0.903319653688827,0.4557086055086657,2.964400483528489,0.0,nan
11,dataset,pendigits,1012,ips,q_good,nan,0.9046839357884636,0.903319653688827,0.4557086055086657,2.964400483528489,0.0,0.4557086055086657
11,dataset,pendigits,1012,snips,q_good,nan,0.9064368055238787,0.903319653688827,0.4557086055086657,2.964400483528489,0.0,0.4557086055086657
11,dataset,pendigits,1012,clipped_ips,q_good,2.310147014525727,0.8842819206381918,0.903319653688827,0.4557086055086657,2.964400483528489,0.0,0.45941927255569665
11,dataset,pendigits,1012,dr,q_good,nan,0.905923269208197,0.903319653688827,0.4557086055086657,2.964400483528489,0.0,0.4557086055086657
11,dataset,pendigits,1012,switch_dr,q_good,2.497702939205433,0.8933650996772942,0.903319653688827,0.4557086055086657,2.964400483528489,0.0,0.4093268466137874
11,dataset,pendigits,1012,dros,q_good,5.336779228722129,0.8926504192241215,0.903319653688827,0.4557086055086657,2.964400483528489,0.0,0.49812844936674744
11,dataset,pendigits,1012,dm,q_degraded,nan,0.6259306281786623,0.903319653688827,0.4557086055086657,2.964400483528489,0.0,nan
11,dataset,pendigits,1012,ips,q_degraded,nan,0.9046839357884636,0.903319653688827,0.4557086055086657,2.964400483528489,0.0,0.4557086055086657
11,dataset,pendigits,1012,snips,q_degraded,nan,0.9064368055238787,0.903319653688827,0.4557086055086657,2.964400483528489,0.0,0.4557086055086657
11,dataset,pendigits,1012,clipped_ips,q_degraded,2.310147014525727,0.8842819206381918,0.903319653688827,0.4557086055086657,2.964400483528489,0.0,0.45941927255569665
11,dataset,pendigits,1012,dr,q_degraded,nan,0.9085020924436277,0.903319653688827,0.4557086055086657,2.964400483528489,0.0,0.4557086055086657
11,dataset,pendigits,1012,switch_dr,q_degraded,2.497702939205433,0.8515124301343072,0.903319653688827,0.4557086055086657,2.964400483528489,0.0,0.4093268466137874
11,dataset,pendigits,1012,dros,q_degraded,5.336779228722129,0.7645265158884673,0.903319653688827,0.4557086055086657,2.964400483528489,0.0,0.49812844936674744
11,dataset,pendigits,1013,dm,q_good,nan,0.8828081729683064,0.903319653688827,0.4507623193707539,2.984942949144146,0.0,nan
11,dataset,pendigits,1013,ips,q_good,nan,0.892627106589196,0.903319653688827,0.4507623193707539,2.984942949144146,0.0,0.4507623193707539
11,dataset,pendigits,1013,snips,q_good,nan,0.9062779096099172,0.903319653688827,0.4507623193707539,2.984942949144146,0.0,0.4507623193707539
11,dataset,pendigits,1013,clipped_ips,q_good,2.3083509585776474,0.8720494836893862,0.903319653688827,0.4507623193707539,2.984942949144146,0.0,0.4544846791344661
11,dataset,pendigits,1013,dr,q_good,nan,0.9056582562815881,0.903319653688827,0.4507623193707539,2.984942949144146,0.0,0.4507623193707539
11,dataset,pendigits,1013,switch_dr,q_good,2.498535899991484,0.8903627964469318,0.903319653688827,0.4507623193707539,2.984942949144146,0.0,0.40446846495906313
11,dataset,pendigits,1013,dros,q_good,5.328484147966344,0.8927086988602969,0.903319653688827,0.4507623193707539,2.984942949144146,0.0,0.49435770031130083
11,dataset,pendigits,1013,dm,q_degraded,nan,0.6259306281786623,0.903319653688827,0.4507623193707539,2.984942949144146,0.0,nan
11,dataset,pendigits,1013,ips,q_degraded,nan,0.892627106589196,0.903319653688827,0.4507623193707539,2.984942949144146,0.0,0.4507623193707539
11,dataset,pendigits,1013,snips,q_degraded,nan,0.9062779096099172,0.903319653688827,0.4507623193707539,2.984942949144146,0.0,0.4507623193707539
11,dataset,pendigits,1013,clipped_ips,q_degraded,2.3083509585776474,0.8720494836893862,0.903319653688827,0.4507623193707539,2.984942949144146,0.0,0.4544846791344661
11,dataset,pendigits,1013,dr,q_degraded,nan,0.9079519118433192,0.903319653688827,0.4507623193707539,2.984942949144146,0.0,0.4507623193707539
11,dataset,pendigits,1013,switch_dr,q_degraded,2.498535899991484,0.8466241127711511,0.903319653688827,0.4507623193707539,2.984942949144146,0.0,0.40446846495906313
11,dataset,pendigits,1013,dros,q_degraded,5.328484147966344,0.7641140385888113,0.903319653688827,0.4507623193707539,2.984942949144146,0.0,0.49435770031130083
11,dataset,pendigits,1014,dm,q_good,nan,0.8828081729683064,0.903319653688827,0.46568306613483557,2.984942949144146,0.0,nan
11,dataset,pendigits,1014,ips,q_good,nan,0.9273847331655161,0.903319653688827,0.46568306613483557,2.984942949144146,0.0,0.46568306613483557
11,dataset,pendigits,1014,snips,q_good,nan,0.906468212884488,0.903319653688827,0.46568306613483557,2.984942949144146,0.0,0.46568306613483557
11,dataset,pendigits,1014,clipped_ips,q_good,2.3303037508161917,0.9068724938754734,0.903319653688827,0.46568306613483557,2.984942949144146,0.0,0.46941369254072746
11,dataset,pendigits,1014,dr,q_good,nan,0.9067094785892945,0.903319653688827,0.46568306613483557,2.984942949144146,0.0,0.46568306613483557
11,dataset,pendigits,1014,switch_dr,q_good,2.53027059487241,0.8930781546156148,0.903319653688827,0.46568306613483557,2.984942949144146,0.0,0.41934175495192755
11,dataset,pendigits,1014,dros,q_good,5.430315571068012,0.8932748987882743,0.903319653688827,0.46568306613483557,2.984942949144146,0.0,0.5073222605443518
11,dataset,pendigits,1014,dm,q_degraded,nan,0.6259306281786623,0.903319653688827,0.46568306613483557,2.984942949144146,0.0,nan
11,dataset,pendigits,1014,ips,q_degraded,nan,0.9273847331655161,0.903319653688827,0.46568306613483557,2.984942949144146,0.0,0.46568306613483557
11,dataset,pendigits,1014,snips,q_degraded,nan,0.906468212884488,0.903319653688827,0.46568306613483557,2.984942949144146,0.0,0.46568306613483557
11,dataset,pendigits,1014,clipped_ips,q_degraded,2.3303037508161917,0.9068724938754734,0.903319653688827,0.46568306613483557,2.984942949144146,0.0,0.46941369254072746
11,dataset,pendigits,1014,dr,q_degraded,nan,0.918090050324166,0.903319653688827,0.46568306613483557,2.984942949144146,0.0,0.46568306613483557
11,dataset,pendigits,1014,switch_dr,q_degraded,2.53027059487241,0.8579613453084288,0.903319653688827,0.46568306613483557,2.984942949144146,0.0,0.41934175495192755
11,dataset,pendigits,1014,dros,q_degraded,5.430315571068012,0.7703480804614204,0.903319653688827,0.46568306613483557,2.984942949144146,0.0,0.5073222605443518
11,dataset,pendigits,1015,dm,q_good,nan,0.8828081729683064,0.903319653688827,0.44897843336918336,2.975622719378864,0.0,nan
11,dataset,pendigits,1015,ips,q_good,nan,0.8825383216987746,0.903319653688827,0.44897843336918336,2.975622719378864,0.0,0.44897843336918336
11,dataset,pendigits,1015,snips,q_good,nan,0.8990876011510675,0.903319653688827,0.44897843336918336,2.975622719378864,0.0,0.44897843336918336
11,dataset,pendigits,1015,clipped_ips,q_good,2.301102360734445,0.8620292898497803,0.903319653688827,0.44897843336918336,2.975622719378864,0.0,0.45288973083743694
11,dataset,pendigits,1015,dr,q_good,nan,0.8992663681020392,0.903319653688827,0.44897843336918336,2.975622719378864,0.0,0.44897843336918336
11,dataset,pendigits,1015,switch_dr,q_good,2.5020816429155506,0.8907697758262811,0.903319653688827,0.44897843336918336,2.975622719378864,0.0,0.4027688725003081
11,dataset,pendigits,1015,dros,q_good,5.295072074577637,0.8897907605466647,0.903319653688827,0.44897843336918336,2.975622719378864,0.0,0.49246504067746905
11,dataset,pendigits,1015,dm,q_degraded,nan,0.6259306281786623,0.903319653688827,0.44897843336918336,2.975622719378864,0.0,nan
11,dataset,pendigits,1015,ips,q_degraded,nan,0.8825383216987746,0.903319653688827,0.44897843336918336,2.975622719378864,0.0,0.44897843336918336
11,dataset,pendigits,1015,snips,q_degraded,nan,0.8990876011510675,0.903319653688827,0.44897843336918336,2.975622719378864,0.0,0.44897843336918336
11,dataset,pendigits,1015,clipped_ips,q_degraded,2.301102360734445,0.8620292898497803,0.903319653688827,0.44897843336918336,2.975622719378864,0.0,0.45288973083743694
11,dataset,pendigits,1015,dr,q_degraded,nan,0.8946857119087851,0.903319653688827,0.44897843336918336,2.975622719378864,0.0,0.44897843336918336
11,dataset,pendigits,1015,switch_dr,q_degraded,2.5020816429155506,0.8440566261336677,0.903319653688827,0.44897843336918336,2.975622719378864,0.0,0.4027688725003081
11,dataset,pendigits,1015,dros,q_degraded,5.295072074577637,0.7577401954150332,0.903319653688827,0.44897843336918336,2.975622719378864,0.0,0.49246504067746905
11,dataset,pendigits,1016,dm,q_good,nan,0.8828081729683064,0.903319653688827,0.45627945121292884,2.9828663075167436,0.0,nan
11,dataset,pendigits,1016,ips,q_good,nan,0.9017305724029162,0.903319653688827,0.45627945121292884,2.9828663075167436,0.0,0.45627945121292884
11,dataset,pendigits,1016,snips,q_good,nan,0.9028395055804604,0.903319653688827,0.45627945121292884,2.9828663075167436,0.0,0.45627945121292884
11,dataset,pendigits,1016,clipped_ips,q_good,2.3034088298519206,0.8816192806576272,0.903319653688827,0.45627945121292884,2.9828663075167436,0.0,0.4601211770414637
11,dataset,pendigits,1016,dr,q_good,nan,0.9022538002862439,0.903319653688827,0.45627945121292884,2.9828663075167436,0.0,0.45627945121292884
11,dataset,pendigits,1016,switch_dr,q_good,2.502158849523409,0.8938125725316551,0.903319653688827,0.45627945121292884,2.9828663075167436,0.0,0.4100199234930495
11,dataset,pendigits,1016,dros,q_good,5.305692237439795,0.891528059911075,0.903319653688827,0.45627945121292884,2.9828663075167436,0.0,0.49895899551420714
11,dataset,pendigits,1016,dm,q_degraded,nan,0.6259306281786623,0.903319653688827,0.45627945121292884,2.9828663075167436,0.0,nan
11,dataset,pendigits,1016,ips,q_degraded,nan,0.9017305724029162,0.903319653688827,0.45627945121292884,2.9828663075167436,0.0,0.45627945121292884
11,dataset,pendigits,1016,snips,q_degraded,nan,0.9028395055804604,0.903319653688827,0.45627945121292884,2.9828663075167436,0.0,0.45627945121292884
11,dataset,pendigits,1016,clipped_ips,q_degraded,2.3034088298519206,0.8816192806576272,0.903319653688827,0.45627945121292884,2.9828663075167436,0.0,0.4601211770414637
11,dataset,pendigits,1016,dr,q_degraded,nan,0.8982314730550265,0.903319653688827,0.45627945121292884,2.9828663075167436,0.0,0.45627945121292884
11,dataset,pendigits,1016,switch_dr,q_degraded,2.502158849523409,0.8448306204914046,0.903319653688827,0.45627945121292884,2.9828663075167436,0.0,0.4100199234930495
11,dataset,pendigits,1016,dros,q_degraded,5.305692237439795,0.7595744536158111,0.903319653688827,0.45627945121292884,2.9828663075167436,0.0,0.49895899551420714
11,dataset,pendigits,1017,dm,q_good,nan,0.8828081729683064,0.903319653688827,0.4618481450278839,2.9828663075167436,0.0,nan
11,dataset,pendigits,1017,ips,q_good,nan,0.9092162634806613,0.903319653688827,0.4618481450278839,2.9828663075167436,0.0,0.4618481450278839
11,dataset,pendigits,1017,snips,q_good,nan,0.9003618282760655,0.903319653688827,0.4618481450278839,2.9828663075167436,0.0,0.4618481450278839
11,dataset,pendigits,1017,clipped_ips,q_good,2.3034947909420618,0.8886510526693737,0.903319653688827,0.4618481450278839,2.9828663075167436,0.0,0.4657040132032136
11,dataset,pendigits,1017,dr,q_good,nan,0.8998241841939985,0.903319653688827,0.4618481450278839,2.9828663075167436,0.0,0.4618481450278839
11,dataset,pendigits,1017,switch_dr,q_good,2.4986434382812117,0.8892710174396887,0.903319653688827,0.4618481450278839,2.9828663075167436,0.0,0.4156087806173284
11,dataset,pendigits,1017,dros,q_good,5.306088251897213,0.8899465697544566,0.903319653688827,0.4618481450278839,2.9828663075167436,0.0,0.5045706123256408
11,dataset,pendigits,1017,dm,q_degraded,nan,0.6259306281786623,0.903319653688827,0.4618481450278839,2.9828663075167436,0.0,nan
11,dataset,pendigits,1017,ips,q_degraded,nan,0.9092162634806613,0.903319653688827,0.4618481450278839,2.9828663075167436,0.0,0.4618481450278839
11,dataset,pendigits,1017,snips,q_degraded,nan,0.9003618282760655,0.903319653688827,0.4618481450278839,2.9828663075167436,0.0,0.4618481450278839
11,dataset,pendigits,1017,clipped_ips,q_degraded,2.3034947909420618,0.8886510526693737,0.903319653688827,0.4618481450278839,2.9828663075167436,0.0,0.4657040132032136
11,dataset,pendigits,1017,dr,q_degraded,nan,0.8978500751180517,0.903319653688827,0.4618481450278839,2.9828663075167436,0.0,0.4618481450278839
11,dataset,pendigits,1017,switch_dr,q_degraded,2.4986434382812117,0.8418895238237725,0.903319653688827,0.4618481450278839,2.9828663075167436,0.0,0.4156087806173284
11,dataset,pendigits,1017,dros,q_degraded,5.306088251897213,0.7591553808690394,0.903319653688827,0.4618481450278839,2.9828663075167436,0.0,0.5045706123256408
11,dataset,pendigits,1018,dm,q_good,nan,0.8828081729683064,0.903319653688827,0.45428573156576685,2.9594144002904845,0.0,nan
11,dataset,pendigits,1018,ips,q_good,nan,0.899306847186619,0.903319653688827,0.45428573156576685,2.9594144002904845,0.0,0.45428573156576685
11,dataset,pendigits,1018,snips,q_good,nan,0.9058274798149473,0.903319653688827,0.45428573156576685,2.9594144002904845,0.0,0.45428573156576685
11,dataset,pendigits,1018,clipped_ips,q_good,2.3120566646271605,0.8794395516812838,0.903319653688827,0.45428573156576685,2.9594144002904845,0.0,0.45793613826049046
11,dataset,pendigits,1018,dr,q_good,nan,0.9065984091112564,0.903319653688827,0.45428573156576685,2.9594144002904845,0.0,0.45428573156576685
11,dataset,pendigits,1018,switch_dr,q_good,2.4858386747910135,0.8921547906360159,0.903319653688827,0.45428573156576685,2.9594144002904845,0.0,0.40792883771908867
11,dataset,pendigits,1018,dros,q_good,5.34560602044687,0.8934614124791568,0.903319653688827,0.45428573156576685,2.9594144002904845,0.0,0.49684037828048444
11,dataset,pendigits,1018,dm,q_degraded,nan,0.6259306281786623,0.903319653688827,0.45428573156576685,2.9594144002904845,0.0,nan
11,dataset,pendigits,1018,ips,q_degraded,nan,0.899306847186619,0.903319653688827,0.45428573156576685,2.9594144002904845,0.0,0.45428573156576685
11,dataset,pendigits,1018,snips,q_degraded,nan,0.9058274798149473,0.903319653688827,0.45428573156576685,2.9594144002904845,0.0,0.45428573156576685
11,dataset,pendigits,1018,clipped_ips,q_degraded,2.3120566646271605,0.8794395516812838,0.903319653688827,0.45428573156576685,2.9594144002904845,0.0,0.45793613826049046
11,dataset,pendigits,1018,dr,q_degraded,nan,0.9057469240768389,0.903319653688827,0.45428573156576685,2.9594144002904845,0.0,0.45428573156576685
11,dataset,pendigits,1018,switch_dr,q_degraded,2.4858386747910135,0.8468897121533407,0.903319653688827,0.45428573156576685,2.9594144002904845,0.0,0.40792883771908867
11,dataset,pendigits,1018,dros,q_degraded,5.34560602044687,0.7636322060395732,0.903319653688827,0.45428573156576685,2.9594144002904845,0.0,0.49684037828048444
11,dataset,pendigits,1019,dm,q_good,nan,0.8828081729683064,0.903319653688827,0.4597591130611789,2.9587959932610604,0.0,nan
11,dataset,pendigits,1019,ips,q_good,nan,0.911927330107523,0.903319653688827,0.4597591130611789,2.9587959932610604,0.0,0.4597591130611789
11,dataset,pendigits,1019,snips,q_good,nan,0.9035602211452917,0.903319653688827,0.4597591130611789,2.9587959932610604,0.0,0.4597591130611789
11,dataset,pendigits,1019,clipped_ips,q_good,2.322247212876542,0.8914589027636909,0.903319653688827,0.4597591130611789,2.9587959932610604,0.0,0.46364325401592194
11,dataset,pendigits,1019,dr,q_good,nan,0.904221075257169,0.903319653688827,0.4597591130611789,2.9587959932610604,0.0,0.4597591130611789
11,dataset,pendigits,1019,switch_dr,q_good,2.5214183614914827,0.894860180548603,0.903319653688827,0.4597591130611789,2.9587959932610604,0.0,0.41353515916962863
11,dataset,pendigits,1019,dros,q_good,5.392832117712868,0.8924347029054597,0.903319653688827,0.4597591130611789,2.9587959932610604,0.0,0.5019909977491425
11,dataset,pendigits,1019,dm,q_degraded,nan,0.6259306281786623,0.903319653688827,0.4597591130611789,2.9587959932610604,0.0,nan
11,dataset,pendigits,1019,ips,q_degraded,nan,0.911927330107523,0.903319653688827,0.4597591130611789,2.9587959932610604,0.0,0.4597591130611789
11,dataset,pendigits,1019,snips,q_degraded,nan,0.9035602211452917,0.903319653688827,0.4597591130611789,2.9587959932610604,0.0,0.4597591130611789
11,dataset,pendigits,1019,clipped_ips,q_degraded,2.322247212876542,0.8914589027636909,0.903319653688827,0.4597591130611789,2.9587959932610604,0.0,0.46364325401592194
11,dataset,pendigits,1019,dr,q_degraded,nan,0.9079548490168293,0.903319653688827,0.4597591130611789,2.9587959932610604,0.0,0.4597591130611789
11,dataset,pendigits,1019,switch_dr,q_degraded,2.5214183614914827,0.8563121781574266,0.903319653688827,0.4597591130611789,2.9587959932610604,0.0,0.41353515916962863
11,dataset,pendigits,1019,dros,q_degraded,5.392832117712868,0.7655597801434975,0.903319653688827,0.4597591130611789,2.9587959932610604,0.0,0.5019909977491425
11,dataset,letter,1000,dm,q_good,nan,0.5408504030435781,0.5804641881009724,0.31130075866571155,5.207369850494417,0.0,nan
11,dataset,letter,1000,ips,q_good,nan,0.5893535892107923,0.5804641881009724,0.31130075866571155,5.207369850494417,0.0,0.31130075866571155
11,dataset,letter,1000,snips,q_good,nan,0.5837875444277995,0.5804641881009724,0.31130075866571155,5.207369850494417,0.0,0.31130075866571155
11,dataset,letter,1000,clipped_ips,q_good,4.288746661496994,0.5476048524957067,0.5804641881009724,0.31130075866571155,5.207369850494417,0.0,0.3265576060054176
11,dataset,letter,1000,dr,q_good,nan,0.5822403847907676,0.5804641881009724,0.31130075866571155,5.207369850494417,0.0,0.31130075866571155
11,dataset,letter,1000,switch_dr,q_good,4.7525702200025455,0.553204209420093,0.5804641881009724,0.31130075866571155,5.207369850494417,0.0,0.2859833890433419
11,dataset,letter,1000,dros,q_good,18.393347926501608,0.5575993443027526,0.5804641881009724,0.31130075866571155,5.207369850494417,0.0,0.47361197038713143
11,dataset,letter,1000,dm,q_degraded,nan,0.19355336429102163,0.5804641881009724,0.31130075866571155,5.207369850494417,0.0,nan
11,dataset,letter,1000,ips,q_degraded,nan,0.5893535892107923,0.5804641881009724,0.31130075866571155,5.207369850494417,0.0,0.31130075866571155
11,dataset,letter,1000,snips,q_degraded,nan,0.5837875444277995,0.5804641881009724,0.31130075866571155,5.207369850494417,0.0,0.31130075866571155
11,dataset,letter,1000,clipped_ips,q_degraded,4.288746661496994,0.5476048524957067,0.5804641881009724,0.31130075866571155,5.207369850494417,0.0,0.3265576060054176
11,dataset,letter,1000,dr,q_degraded,nan,0.5930124867189658,0.5804641881009724,0.31130075866571155,5.207369850494417,0.0,0.31130075866571155
11,dataset,letter,1000,switch_dr,q_degraded,4.7525702200025455,0.4235465488255644,0.5804641881009724,0.31130075866571155,5.207369850494417,0.0,0.2859833890433419
11,dataset,letter,1000,dros,q_degraded,18.393347926501608,0.37659595843435606,0.5804641881009724,0.31130075866571155,5.207369850494417,0.0,0.47361197038713143
11,dataset,letter,1001,dm,q_good,nan,0.5408504030435781,0.5804641881009724,0.3113377286600843,5.207369850494417,0.0,nan
11,dataset,letter,1001,ips,q_good,nan,0.5730261429330854,0.5804641881009724,0.3113377286600843,5.207369850494417,0.0,0.3113377286600843
11,dataset,letter,1001,snips,q_good,nan,0.5743665911087348,0.5804641881009724,0.3113377286600843,5.207369850494417,0.0,0.3113377286600843
11,dataset,letter,1001,clipped_ips,q_good,4.248065781144547,0.5316443081703225,0.5804641881009724,0.3113377286600843,5.207369850494417,0.0,0.327313892161333
11,dataset,letter,1001,dr,q_good,nan,0.5730509803443706,0.5804641881009724,0.3113377286600843,5.207369850494417,0.0,0.3113377286600843
11,dataset,letter,1001,switch_dr,q_good,4.718974387884263,0.5502162850748236,0.5804641881009724,0.3113377286600843,5.207369850494417,0.0,0.28707311163955485
11,dataset,letter,1001,dros,q_good,18.046062880931228,0.5534808039239371,0.5804641881009724,0.3113377286600843,5.207369850494417,0.0,0.4769563365132071
11,dataset,letter,1001,dm,q_degraded,nan,0.19355336429102163,0.5804641881009724,0.3113377286600843,5.207369850494417,0.0,nan
11,dataset,letter,1001,ips,q_degraded,nan,0.5730261429330854,0.5804641881009724,0.3113377286600843,5.207369850494417,0.0,0.3113377286600843
11,dataset,letter,1001,snips,q_degraded,nan,0.5743665911087348,0.5804641881009724,0.3113377286600843,5.207369850494417,0.0,0.3113377286600843
11,dataset,letter,1001,clipped_ips,q_degraded,4.248065781144547,0.5316443081703225,0.5804641881009724,0.3113377286600843,5.207369850494417,0.0,0.327313892161333
11,dataset,letter,1001,dr,q_degraded,nan,0.5729145365650399,0.5804641881009724,0.3113377286600843,5.207369850494417,0.0,0.3113377286600843
11,dataset,letter,1001,switch_dr,q_degraded,4.718974387884263,0.4127698103984768,0.5804641881009724,0.3113377286600843,5.207369850494417,0.0,0.28707311163955485
11,dataset,letter,1001,dros,q_degraded,18.046062880931228,0.36690578137306185,0.5804641881009724,0.3113377286600843,5.207369850494417,0.0,0.4769563365132071
11,dataset,letter,1002,dm,q_good,nan,0.5408504030435781,0.5804641881009724,0.31310045245228885,5.203042972707501,0.0,nan
11,dataset,letter,1002,ips,q_good,nan,0.5808581233786455,0.5804641881009724,0.31310045245228885,5.203042972707501,0.0,0.31310045245228885
11,dataset,letter,1002,snips,q_good,nan,0.5770960460802071,0.5804641881009724,0.31310045245228885,5.203042972707501,0.0,0.31310045245228885
11,dataset,letter,1002,clipped_ips,q_good,4.257426261222814,0.5405456586840299,0.5804641881009724,0.31310045245228885,5.203042972707501,0.0,0.3285712866287291
11,dataset,letter,1002,dr,q_good,nan,0.5732864666281853,0.5804641881009724,0.31310045245228885,5.203042972707501,0.0,0.31310045245228885
11,dataset,letter,1002,switch_dr,q_good,4.7255219674841245,0.5499353014163296,0.5804641881009724,0.31310045245228885,5.203042972707501,0.0,0.28828587374562953
11,dataset,letter,1002,dros,q_good,18.125678369749668,0.55442596237378,0.5804641881009724,0.31310045245228885,5.203042972707501,0.0,0.4764787847980082
11,dataset,letter,1002,dm,q_degraded,nan,0.19355336429102163,0.5804641881009724,0.31310045245228885,5.203042972707501,0.0,nan
11,dataset,letter,1002,ips,q_degraded,nan,0.5808581233786455,0.5804641881009724,0.31310045245228885,5.203042972707501,0.0,0.31310045245228885
11,dataset,letter,1002,snips,q_degraded,nan,0.5770960460802071,0.5804641881009724,0.31310045245228885,5.203042972707501,0.0,0.31310045245228885
11,dataset,letter,1002,clipped_ips,q_degraded,4.257426261222814,0.5405456586840299,0.5804641881009724,0.31310045245228885,5.203042972707501,0.0,0.3285712866287291
11,dataset,letter,1002,dr,q_degraded,nan,0.5793314980061978,0.5804641881009724,0.31310045245228885,5.203042972707501,0.0,0.31310045245228885
11,dataset,letter,1002,switch_dr,q_degraded,4.7255219674841245,0.4154756776855876,0.5804641881009724,0.31310045245228885,5.203042972707501,0.0,0.28828587374562953
11,dataset,letter,1002,dros,q_degraded,18.125678369749668,0.371622591278447,0.5804641881009724,0.31310045245228885,5.203042972707501,0.0,0.4764787847980082
11,dataset,letter,1003,dm,q_good,nan,0.5408504030435781,0.5804641881009724,0.3081291351023356,5.208414120668706,0.0,nan
11,dataset,letter,1003,ips,q_good,nan,0.5641912998302627,0.5804641881009724,0.3081291351023356,5.208414120668706,0.0,0.3081291351023356
11,dataset,letter,1003,snips,q_good,nan,0.5718842688605086,0.5804641881009724,0.3081291351023356,5.208414120668706,0.0,0.3081291351023356
11,dataset,letter,1003,clipped_ips,q_good,4.243605773488506,0.520119287432287,0.5804641881009724,0.3081291351023356,5.208414120668706,0.0,0.32510818159396565
11,dataset,letter,1003,dr,q_good,nan,0.5779391651307965,0.5804641881009724,0.3081291351023356,5.208414120668706,0.0,0.3081291351023356
11,dataset,letter,1003,switch_dr,q_good,4.756971369002282,0.5485095082135764,0.5804641881009724,0.3081291351023356,5.208414120668706,0.0,0.28495578108897957
11,dataset,letter,1003,dros,q_good,18.00818996078498,0.5549387614909035,0.5804641881009724,0.3081291351023356,5.208414120668706,0.0,0.47447557561964776
11,dataset,letter,1003,dm,q_degraded,nan,0.19355336429102163,0.5804641881009724,0.3081291351023356,5.208414120668706,0.0,nan
11,dataset,letter,1003,ips,q_degraded,nan,0.5641912998302627,0.5804641881009724,0.3081291351023356,5.208414120668706,0.0,0.3081291351023356
11,dataset,letter,1003,snips,q_degraded,nan,0.5718842688605086,0.5804641881009724,0.3081291351023356,5.208414120668706,0.0,0.3081291351023356
11,dataset,letter,1003,clipped_ips,q_degraded,4.243605773488506,0.520119287432287,0.5804641881009724,0.3081291351023356,5.208414120668706,0.0,0.32510818159396565
11,dataset,letter,1003,dr,q_degraded,nan,0.5677705334341158,0.5804641881009724,0.3081291351023356,5.208414120668706,0.0,0.3081291351023356
11,dataset,letter,1003,switch_dr,q_degraded,4.756971369002282,0.40124612367841983,0.5804641881009724,0.3081291351023356,5.208414120668706,0.0,0.28495578108897957
11,dataset,letter,1003,dros,q_degraded,18.00818996078498,0.36315359002393927,0.5804641881009724,0.3081291351023356,5.208414120668706,0.0,0.47447557561964776
11,dataset,letter,1004,dm,q_good,nan,0.5408504030435781,0.5804641881009724,0.3111178005847094,5.204976714554621,0.0,nan
11,dataset,letter,1004,ips,q_good,nan,0.5832267194754301,0.5804641881009724,0.3111178005847094,5.204976714554621,0.0,0.3111178005847094
11,dataset,letter,1004,snips,q_good,nan,0.5778987121755078,0.5804641881009724,0.3111178005847094,5.204976714554621,0.0,0.3111178005847094
11,dataset,letter,1004,clipped_ips,q_good,4.293334531192774,0.543620134874474,0.5804641881009724,0.3111178005847094,5.204976714554621,0.0,0.3260611168182855
11,dataset,letter,1004,dr,q_good,nan,0.5728221990620868,0.5804641881009724,0.3111178005847094,5.204976714554621,0.0,0.3111178005847094
11,dataset,letter,1004,switch_dr,q_good,4.760939864500503,0.5504603041930632,0.5804641881009724,0.3111178005847094,5.204976714554621,0.0,0.2855270106157758
11,dataset,letter,1004,dros,q_good,18.432721396732276,0.5537273934986929,0.5804641881009724,0.3111178005847094,5.204976714554621,0.0,0.4731878834651045
11,dataset,letter,1004,dm,q_degraded,nan,0.19355336429102163,0.5804641881009724,0.3111178005847094,5.204976714554621,0.0,nan
11,dataset,letter,1004,ips,q_degraded,nan,0.5832267194754301,0.5804641881009724,0.3111178005847094,5.204976714554621,0.0,0.3111178005847094
11,dataset,letter,1004,snips,q_degraded,nan,0.5778987121755078,0.5804641881009724,0.3111178005847094,5.204976714554621,0.0,0.3111178005847094
11,dataset,letter,1004,clipped_ips,q_degraded,4.293334531192774,0.543620134874474,0.5804641881009724,0.3111178005847094,5.204976714554621,0.0,0.3260611168182855
11,dataset,letter,1004,dr,q_degraded,nan,0.5773052387648197,0.5804641881009724,0.3111178005847094,5.204976714554621,0.0,0.3111178005847094
11,dataset,letter,1004,switch_dr,q_degraded,4.760939864500503,0.4176432071222822,0.5804641881009724,0.3111178005847094,5.204976714554621,0.0,0.2855270106157758
11,dataset,letter,1004,dros,q_degraded,18.432721396732276,0.3703223487421048,0.5804641881009724,0.3111178005847094,5.204976714554621,0.0,0.4731878834651045
11,dataset,letter,1005,dm,q_good,nan,0.5408504030435781,0.5804641881009724,0.3086206711629062,5.205753802811673,0.0,nan
11,dataset,letter,1005,ips,q_good,nan,0.557735013732516,0.5804641881009724,0.3086206711629062,5.205753802811673,0.0,0.3086206711629062
11,dataset,letter,1005,snips,q_good,nan,0.5680613285940919,0.5804641881009724,0.3086206711629062,5.205753802811673,0.0,0.3086206711629062
11,dataset,letter,1005,clipped_ips,q_good,4.250666257478461,0.515893698525025,0.5804641881009724,0.3086206711629062,5.205753802811673,0.0,0.3249693297171135
11,dataset,letter,1005,dr,q_good,nan,0.5762767557787409,0.5804641881009724,0.3086206711629062,5.205753802811673,0.0,0.3086206711629062
11,dataset,letter,1005,switch_dr,q_good,4.7158116638762815,0.5499266150479102,0.5804641881009724,0.3086206711629062,5.205753802811673,0.0,0.28579405187744095
11,dataset,letter,1005,dros,q_good,18.068163632465943,0.5545677959222473,0.5804641881009724,0.3086206711629062,5.205753802811673,0.0,0.47386237096323164
11,dataset,letter,1005,dm,q_degraded,nan,0.19355336429102163,0.5804641881009724,0.3086206711629062,5.205753802811673,0.0,nan
11,dataset,letter,1005,ips,q_degraded,nan,0.557735013732516,0.5804641881009724,0.3086206711629062,5.205753802811673,0.0,0.3086206711629062
11,dataset,letter,1005,snips,q_degraded,nan,0.5680613285940919,0.5804641881009724,0.3086206711629062,5.205753802811673,0.0,0.3086206711629062
11,dataset,letter,1005,clipped_ips,q_degraded,4.250666257478461,0.515893698525025,0.5804641881009724,0.3086206711629062,5.205753802811673,0.0,0.3249693297171135
11,dataset,letter,1005,dr,q_degraded,nan,0.576058995223597,0.5804641881009724,0.3086206711629062,5.205753802811673,0.0,0.3086206711629062
11,dataset,letter,1005,switch_dr,q_degraded,4.7158116638762815,0.405920444573892,0.5804641881009724,0.3086206711629062,5.205753802811673,0.0,0.28579405187744095
11,dataset,letter,1005,dros,q_degraded,18.068163632465943,0.367996613728908,0.5804641881009724,0.3086206711629062,5.205753802811673,0.0,0.47386237096323164
11,dataset,letter,1006,dm,q_good,nan,0.5408504030435781,0.5804641881009724,0.30793596381210864,5.208414120668706,0.0,nan
11,dataset,letter,1006,ips,q_good,nan,0.5576088191234116,0.5804641881009724,0.30793596381210864,5.208414120668706,0.0,0.30793596381210864
11,dataset,letter,1006,snips,q_good,nan,0.5704789065174685,0.5804641881009724,0.30793596381210864,5.208414120668706,0.0,0.30793596381210864
11,dataset,letter,1006,clipped_ips,q_good,4.236954649971233,0.5156776793171508,0.5804641881009724,0.30793596381210864,5.208414120668706,0.0,0.3245839594392436
11,dataset,letter,1006,dr,q_good,nan,0.5773785094037609,0.5804641881009724,0.30793596381210864,5.208414120668706,0.0,0.30793596381210864
11,dataset,letter,1006,switch_dr,q_good,4.709400483332006,0.55272119916187,0.5804641881009724,0.30793596381210864,5.208414120668706,0.0,0.28565788959936933
11,dataset,letter,1006,dros,q_good,17.951784705912853,0.5561855972124375,0.5804641881009724,0.30793596381210864,5.208414120668706,0.0,0.47447366004106206
11,dataset,letter,1006,dm,q_degraded,nan,0.19355336429102163,0.5804641881009724,0.30793596381210864,5.208414120668706,0.0,nan
11,dataset,letter,1006,ips,q_degraded,nan,0.5576088191234116,0.5804641881009724,0.30793596381210864,5.208414120668706,0.0,0.30793596381210864
11,dataset,letter,1006,snips,q_degraded,nan,0.5704789065174685,0.5804641881009724,0.30793596381210864,5.208414120668706,0.0,0.30793596381210864
11,dataset,letter,1006,clipped_ips,q_degraded,4.236954649971233,0.5156776793171508,0.5804641881009724,0.30793596381210864,5.208414120668706,0.0,0.3245839594392436
11,dataset,letter,1006,dr,q_degraded,nan,0.5661908755723016,0.5804641881009724,0.30793596381210864,5.208414120668706,0.0,0.30793596381210864
11,dataset,letter,1006,switch_dr,q_degraded,4.709400483332006,0.4022047079249734,0.5804641881009724,0.30793596381210864,5.208414120668706,0.0,0.28565788959936933
11,dataset,letter,1006,dros,q_degraded,17.951784705912853,0.3641503810141826,0.5804641881009724,0.30793596381210864,5.208414120668706,0.0,0.47447366004106206
11,dataset,letter,1007,dm,q_good,nan,0.5408504030435781,0.5804641881009724,0.3126016464438814,5.207065527593212,0.0,nan
11,dataset,letter,1007,ips,q_good,nan,0.5871936960458044,0.5804641881009724,0.3126016464438814,5.207065527593212,0.0,0.3126016464438814
11,dataset,letter,1007,snips,q_good,nan,0.5818717781537499,0.5804641881009724,0.3126016464438814,5.207065527593212,0.0,0.3126016464438814
11,dataset,letter,1007,clipped_ips,q_good,4.288165804480523,0.5468819620892715,0.5804641881009724,0.3126016464438814,5.207065527593212,0.0,0.32775246296177035
11,dataset,letter,1007,dr,q_good,nan,0.5810937029737578,0.5804641881009724,0.3126016464438814,5.207065527593212,0.0,0.3126016464438814
11,dataset,letter,1007,switch_dr,q_good,4.73981068433799,0.5549426435347572,0.5804641881009724,0.3126016464438814,5.207065527593212,0.0,0.2876976194696258
11,dataset,letter,1007,dros,q_good,18.388365966716094,0.5581431521628573,0.5804641881009724,0.3126016464438814,5.207065527593212,0.0,0.47424591027635027
11,dataset,letter,1007,dm,q_degraded,nan,0.19355336429102163,0.5804641881009724,0.3126016464438814,5.207065527593212,0.0,nan
11,dataset,letter,1007,ips,q_degraded,nan,0.5871936960458044,0.5804641881009724,0.3126016464438814,5.207065527593212,0.0,0.3126016464438814
11,dataset,letter,1007,snips,q_degraded,nan,0.5818717781537499,0.5804641881009724,0.3126016464438814,5.207065527593212,0.0,0.3126016464438814
11,dataset,letter,1007,clipped_ips,q_degraded,4.288165804480523,0.5468819620892715,0.5804641881009724,0.3126016464438814,5.207065527593212,0.0,0.32775246296177035
11,dataset,letter,1007,dr,q_degraded,nan,0.587141728818608,0.5804641881009724,0.3126016464438814,5.207065527593212,0.0,0.3126016464438814
11,dataset,letter,1007,switch_dr,q_degraded,4.73981068433799,0.4202321253855983,0.5804641881009724,0.3126016464438814,5.207065527593212,0.0,0.2876976194696258
11,dataset,letter,1007,dros,q_degraded,18.388365966716094,0.375682044681405,0.5804641881009724,0.3126016464438814,5.207065527593212,0.0,0.47424591027635027
11,dataset,letter,1008,dm,q_good,nan,0.5408504030435781,0.5804641881009724,0.309449533046091,5.203762824403086,0.0,nan
11,dataset,letter,1008,ips,q_good,nan,0.5810913721303448,0.5804641881009724,0.309449533046091,5.203762824403086,0.0,0.309449533046091
11,dataset,letter,1008,snips,q_good,nan,0.5812054119275323,0.5804641881009724,0.309449533046091,5.203762824403086,0.0,0.309449533046091
11,dataset,letter,1008,clipped_ips,q_good,4.273390733895141,0.5392187948450128,0.5804641881009724,0.309449533046091,5.203762824403086,0.0,0.3252073737926054
11,dataset,letter,1008,dr,q_good,nan,0.5792554085602593,0.5804641881009724,0.309449533046091,5.203762824403086,0.0,0.309449533046091
11,dataset,letter,1008,switch_dr,q_good,4.758368069107969,0.5536873813938852,0.5804641881009724,0.309449533046091,5.203762824403086,0.0,0.28487111933381004
11,dataset,letter,1008,dros,q_good,18.261868364540852,0.5573168160304682,0.5804641881009724,0.309449533046091,5.203762824403086,0.0,0.4740438244659714
11,dataset,letter,1008,dm,q_degraded,nan,0.19355336429102163,0.5804641881009724,0.309449533046091,5.203762824403086,0.0,nan
11,dataset,letter,1008,ips,q_degraded,nan,0.5810913721303448,0.5804641881009724,0.309449533046091,5.203762824403086,0.0,0.309449533046091
11,dataset,letter,1008,snips,q_degraded,nan,0.5812054119275323,0.5804641881009724,0.309449533046091,5.203762824403086,0.0,0.309449533046091
11,dataset,letter,1008,clipped_ips,q_degraded,4.273390733895141,0.5392187948450128,0.5804641881009724,0.309449533046091,5.203762824403086,0.0,0.3252073737926054
11,dataset,letter,1008,dr,q_degraded,nan,0.5819212876513739,0.5804641881009724,0.309449533046091,5.203762824403086,0.0,0.309449533046091
11,dataset,letter,1008,switch_dr,q_degraded,4.758368069107969,0.41796676923731635,0.5804641881009724,0.309449533046091,5.203762824403086,0.0,0.28487111933381004
11,dataset,letter,1008,dros,q_degraded,18.261868364540852,0.3721728850514102,0.5804641881009724,0.309449533046091,5.203762824403086,0.0,0.4740438244659714
11,dataset,letter,1009,dm,q_good,nan,0.5408504030435781,0.5804641881009724,0.3136668582958283,5.207369850494417,0.0,nan
11,dataset,letter,1009,ips,q_good,nan,0.5960610363401854,0.5804641881009724,0.3136668582958283,5.207369850494417,0.0,0.3136668582958283
11,dataset,letter,1009,snips,q_good,nan,0.586441603226623,0.5804641881009724,0.3136668582958283,5.207369850494417,0.0,0.3136668582958283
11,dataset,letter,1009,clipped_ips,q_good,4.291866732615871,0.5550140484312578,0.5804641881009724,0.3136668582958283,5.207369850494417,0.0,0.32878998015832
11,dataset,letter,1009,dr,q_good,nan,0.5806252897460149,0.5804641881009724,0.3136668582958283,5.207369850494417,0.0,0.3136668582958283
11,dataset,letter,1009,switch_dr,q_good,4.762214535223713,0.5521893534503765,0.5804641881009724,0.3136668582958283,5.207369850494417,0.0,0.28826522610003896
11,dataset,letter,1009,dros,q_good,18.42012005053483,0.5580953898590184,0.5804641881009724,0.3136668582958283,5.207369850494417,0.0,0.47587002715878896
11,dataset,letter,1009,dm,q_degraded,nan,0.19355336429102163,0.5804641881009724,0.3136668582958283,5.207369850494417,0.0,nan
11,dataset,letter,1009,ips,q_degraded,nan,0.5960610363401854,0.5804641881009724,0.3136668582958283,5.207369850494417,0.0,0.3136668582958283
11,dataset,letter,1009,snips,q_degraded,nan,0.586441603226623,0.5804641881009724,0.3136668582958283,5.207369850494417,0.0,0.3136668582958283
11,dataset,letter,1009,clipped_ips,q_degraded,4.291866732615871,0.5550140484312578,0.5804641881009724,0.3136668582958283,5.207369850494417,0.0,0.32878998015832
11,dataset,letter,1009,dr,q_degraded,nan,0.5895428345450956,0.5804641881009724,0.3136668582958283,5.207369850494417,0.0,0.3136668582958283
11,dataset,letter,1009,switch_dr,q_degraded,4.762214535223713,0.4220729858291301,0.5804641881009724,0.3136668582958283,5.207369850494417,0.0,0.28826522610003896
11,dataset,letter,1009,dros,q_degraded,18.42012005053483,0.37701564285345807,0.5804641881009724,0.3136668582958283,5.207369850494417,0.0,0.47587002715878896
11,dataset,letter,1010,dm,q_good,nan,0.5408504030435781,0.5804641881009724,0.3080246932540269,5.207065527593212,0.0,nan
11,dataset,letter,1010,ips,q_good,nan,0.5603473145124529,0.5804641881009724,0.3080246932540269,5.207065527593212,0.0,0.3080246932540269
11,dataset,letter,1010,snips,q_good,nan,0.5733176838276267,0.5804641881009724,0.3080246932540269,5.207065527593212,0.0,0.3080246932540269
11,dataset,letter,1010,clipped_ips,q_good,4.243538543820044,0.520021567631474,0.5804641881009724,0.3080246932540269,5.207065527593212,0.0,0.32415263653995946
11,dataset,letter,1010,dr,q_good,nan,0.5759563311562624,0.5804641881009724,0.3080246932540269,5.207065527593212,0.0,0.3080246932540269
11,dataset,letter,1010,switch_dr,q_good,4.692246310774244,0.5531241086646388,0.5804641881009724,0.3080246932540269,5.207065527593212,0.0,0.28535511275928355
11,dataset,letter,1010,dros,q_good,18.007619372886342,0.5552435697550927,0.5804641881009724,0.3080246932540269,5.207065527593212,0.0,0.47523182868539887
11,dataset,letter,1010,dm,q_degraded,nan,0.19355336429102163,0.5804641881009724,0.3080246932540269,5.207065527593212,0.0,nan
11,dataset,letter,1010,ips,q_degraded,nan,0.5603473145124529,0.5804641881009724,0.3080246932540269,5.207065527593212,0.0,0.3080246932540269
11,dataset,letter,1010,snips,q_degraded,nan,0.5733176838276267,0.5804641881009724,0.3080246932540269,5.207065527593212,0.0,0.3080246932540269
11,dataset,letter,1010,clipped_ips,q_degraded,4.243538543820044,0.520021567631474,0.5804641881009724,0.3080246932540269,5.207065527593212,0.0,0.32415263653995946
11,dataset,letter,1010,dr,q_degraded,nan,0.5669598144870946,0.5804641881009724,0.3080246932540269,5.207065527593212,0.0,0.3080246932540269
11,dataset,letter,1010,switch_dr,q_degraded,4.692246310774244,0.4079705190054057,0.5804641881009724,0.3080246932540269,5.207065527593212,0.0,0.28535511275928355
11,dataset,letter,1010,dros,q_degraded,18.007619372886342,0.3645332309927971,0.5804641881009724,0.3080246932540269,5.207065527593212,0.0,0.47523182868539887
11,dataset,letter,1011,dm,q_good,nan,0.5408504030435781,0.5804641881009724,0.31348995435795995,5.207369850494417,0.0,nan
11,dataset,letter,1011,ips,q_good,nan,0.5923034966815692,0.5804641881009724,0.31348995435795995,5.207369850494417,0.0,0.31348995435795995
11,dataset,letter,1011,snips,q_good,nan,0.5844224039581616,0.5804641881009724,0.31348995435795995,5.207369850494417,0.0,0.31348995435795995
11,dataset,letter,1011,clipped_ips,q_good,4.280370003864646,0.5509932017339891,0.5804641881009724,0.31348995435795995,5.207369850494417,0.0,0.32891210803970905
11,dataset,letter,1011,dr,q_good,nan,0.5825357562050146,0.5804641881009724,0.31348995435795995,5.207369850494417,0.0,0.31348995435795995
11,dataset,letter,1011,switch_dr,q_good,4.7638081077093934,0.5572517512722897,0.5804641881009724,0.31348995435795995,5.207369850494417,0.0,0.28840427849866335
11,dataset,letter,1011,dros,q_good,18.32156736998423,0.5584694219289716,0.5804641881009724,0.31348995435795995,5.207369850494417,0.0,0.47531713978283424
11,dataset,letter,1011,dm,q_degraded,nan,0.19355336429102163,0.5804641881009724,0.31348995435795995,5.207369850494417,0.0,nan
11,dataset,letter,1011,ips,q_degraded,nan,0.5923034966815692,0.5804641881009724,0.31348995435795995,5.207369850494417,0.0,0.31348995435795995
11,dataset,letter,1011,snips,q_degraded,nan,0.5844224039581616,0.5804641881009724,0.31348995435795995,5.207369850494417,0.0,0.31348995435795995
11,dataset,letter,1011,clipped_ips,q_degraded,4.280370003864646,0.5509932017339891,0.5804641881009724,0.31348995435795995,5.207369850494417,0.0,0.32891210803970905
11,dataset,letter,1011,dr,q_degraded,nan,0.5895603841319434,0.5804641881009724,0.31348995435795995,5.207369850494417,0.0,0.31348995435795995
11,dataset,letter,1011,switch_dr,q_degraded,4.7638081077093934,0.4248911259060839,0.5804641881009724,0.31348995435795995,5.207369850494417,0.0,0.28840427849866335
11,dataset,letter,1011,dros,q_degraded,18.32156736998423,0.37627846103777574,0.5804641881009724,0.31348995435795995,5.207369850494417,0.0,0.47531713978283424
11,dataset,letter,1012,dm,q_good,nan,0.5408504030435781,0.5804641881009724,0.30915025084584863,5.205608683661959,0.0,nan
11,dataset,letter,1012,ips,q_good,nan,0.5823008039594108,0.5804641881009724,0.30915025084584863,5.205608683661959,0.0,0.30915025084584863
11,dataset,letter,1012,snips,q_good,nan,0.5855398042329805,0.5804641881009724,0.30915025084584863,5.205608683661959,0.0,0.30915025084584863
11,dataset,letter,1012,clipped_ips,q_good,4.273660572282544,0.5415314121542368,0.5804641881009724,0.30915025084584863,5.205608683661959,0.0,0.3246617752849805
11,dataset,letter,1012,dr,q_good,nan,0.5853838542425654,0.5804641881009724,0.30915025084584863,5.205608683661959,0.0,0.30915025084584863
11,dataset,letter,1012,switch_dr,q_good,4.73062092200102,0.5605249113663705,0.5804641881009724,0.30915025084584863,5.205608683661959,0.0,0.28473865839196066
11,dataset,letter,1012,dros,q_good,18.26417468708236,0.5607377079989244,0.5804641881009724,0.30915025084584863,5.205608683661959,0.0,0.47359338528830613
11,dataset,letter,1012,dm,q_degraded,nan,0.19355336429102163,0.5804641881009724,0.30915025084584863,5.205608683661959,0.0,nan
11,dataset,letter,1012,ips,q_degraded,nan,0.5823008039594108,0.5804641881009724,0.30915025084584863,5.205608683661959,0.0,0.30915025084584863
11,dataset,letter,1012,snips,q_degraded,nan,0.5855398042329805,0.5804641881009724,0.30915025084584863,5.205608683661959,0.0,0.30915025084584863
11,dataset,letter,1012,clipped_ips,q_degraded,4.273660572282544,0.5415314121542368,0.5804641881009724,0.30915025084584863,5.205608683661959,0.0,0.3246617752849805
11,dataset,letter,1012,dr,q_degraded,nan,0.5839333644119418,0.5804641881009724,0.30915025084584863,5.205608683661959,0.0,0.30915025084584863
11,dataset,letter,1012,switch_dr,q_degraded,4.73062092200102,0.4219803033625724,0.5804641881009724,0.30915025084584863,5.205608683661959,0.0,0.28473865839196066
11,dataset,letter,1012,dros,q_degraded,18.26417468708236,0.37401952214446393,0.5804641881009724,0.30915025084584863,5.205608683661959,0.0,0.47359338528830613
11,dataset,letter,1013,dm,q_good,nan,0.5408504030435781,0.5804641881009724,0.3153014549929228,5.202434358030264,0.0,nan
11,dataset,letter,1013,ips,q_good,nan,0.6029376974576713,0.5804641881009724,0.3153014549929228,5.202434358030264,0.0,0.3153014549929228
11,dataset,letter,1013,snips,q_good,nan,0.5892208785261968,0.5804641881009724,0.3153014549929228,5.202434358030264,0.0,0.3153014549929228
11,dataset,letter,1013,clipped_ips,q_good,4.275160560677322,0.5612680929002412,0.5804641881009724,0.3153014549929228,5.202434358030264,0.0,0.33048955186186946
11,dataset,letter,1013,dr,q_good,nan,0.5824979049935582,0.5804641881009724,0.3153014549929228,5.202434358030264,0.0,0.3153014549929228
11,dataset,letter,1013,switch_dr,q_good,4.757850038422359,0.5562667164296105,0.5804641881009724,0.3153014549929228,5.202434358030264,0.0,0.2893989440341179
11,dataset,letter,1013,dros,q_good,18.276997819570834,0.5586813321208387,0.5804641881009724,0.3153014549929228,5.202434358030264,0.0,0.47688691169300274
11,dataset,letter,1013,dm,q_degraded,nan,0.19355336429102163,0.5804641881009724,0.3153014549929228,5.202434358030264,0.0,nan
11,dataset,letter,1013,ips,q_degraded,nan,0.6029376974576713,0.5804641881009724,0.3153014549929228,5.202434358030264,0.0,0.3153014549929228
11,dataset,letter,1013,snips,q_degraded,nan,0.5892208785261968,0.5804641881009724,0.3153014549929228,5.202434358030264,0.0,0.3153014549929228
11,dataset,letter,1013,clipped_ips,q_degraded,4.275160560677322,0.5612680929002412,0.5804641881009724,0.3153014549929228,5.202434358030264,0.0,0.33048955186186946
11,dataset,letter,1013,dr,q_degraded,nan,0.5988274755807232,0.5804641881009724,0.3153014549929228,5.202434358030264,0.0,0.3153014549929228
11,dataset,letter,1013,switch_dr,q_degraded,4.757850038422359,0.431488420141776,0.5804641881009724,0.3153014549929228,5.202434358030264,0.0,0.2893989440341179
11,dataset,letter,1013,dros,q_degraded,18.276997819570834,0.38077591778362796,0.5804641881009724,0.3153014549929228,5.202434358030264,0.0,0.47688691169300274
11,dataset,letter,1014,dm,q_good,nan,0.5408504030435781,0.5804641881009724,0.313230600393952,5.207369850494417,0.0,nan
11,dataset,letter,1014,ips,q_good,nan,0.5851479528164942,0.5804641881009724,0.313230600393952,5.207369850494417,0.0,0.313230600393952
11,dataset,letter,1014,snips,q_good,nan,0.5815895844546874,0.5804641881009724,0.313230600393952,5.207369850494417,0.0,0.313230600393952
11,dataset,letter,1014,clipped_ips,q_good,4.271736948470822,0.5441871998495199,0.5804641881009724,0.313230600393952,5.207369850494417,0.0,0.32875949751016137
11,dataset,letter,1014,dr,q_good,nan,0.5797065477662539,0.5804641881009724,0.313230600393952,5.207369850494417,0.0,0.313230600393952
11,dataset,letter,1014,switch_dr,q_good,4.725929571569062,0.5543078649183076,0.5804641881009724,0.313230600393952,5.207369850494417,0.0,0.2888842469491781
11,dataset,letter,1014,dros,q_good,18.247736556930807,0.5572783489077421,0.5804641881009724,0.313230600393952,5.207369850494417,0.0,0.47610021198596386
11,dataset,letter,1014,dm,q_degraded,nan,0.19355336429102163,0.5804641881009724,0.313230600393952,5.207369850494417,0.0,nan
11,dataset,letter,1014,ips,q_degraded,nan,0.5851479528164942,0.5804641881009724,0.313230600393952,5.207369850494417,0.0,0.313230600393952
11,dataset,letter,1014,snips,q_degraded,nan,0.5815895844546874,0.5804641881009724,0.313230600393952,5.207369850494417,0.0,0.313230600393952
11,dataset,letter,1014,clipped_ips,q_degraded,4.271736948470822,0.5441871998495199,0.5804641881009724,0.313230600393952,5.207369850494417,0.0,0.32875949751016137
11,dataset,letter,1014,dr,q_degraded,nan,0.5815499790910617,0.5804641881009724,0.313230600393952,5.207369850494417,0.0,0.313230600393952
11,dataset,letter,1014,switch_dr,q_degraded,4.725929571569062,0.41645220074044176,0.5804641881009724,0.313230600393952,5.207369850494417,0.0,0.2888842469491781
11,dataset,letter,1014,dros,q_degraded,18.247736556930807,0.3730097440492557,0.5804641881009724,0.313230600393952,5.207369850494417,0.0,0.47610021198596386
11,dataset,letter,1015,dm,q_good,nan,0.5408504030435781,0.5804641881009724,0.3138099432798176,5.208414120668706,0.0,nan
11,dataset,letter,1015,ips,q_good,nan,0.5932160153978403,0.5804641881009724,0.3138099432798176,5.208414120668706,0.0,0.3138099432798176
11,dataset,letter,1015,snips,q_good,nan,0.5889440726618018,0.5804641881009724,0.3138099432798176,5.208414120668706,0.0,0.3138099432798176
11,dataset,letter,1015,clipped_ips,q_good,4.262153513293177,0.5522391254464732,0.5804641881009724,0.3138099432798176,5.208414120668706,0.0,0.3291690012286873
11,dataset,letter,1015,dr,q_good,nan,0.5845668918613607,0.5804641881009724,0.3138099432798176,5.208414120668706,0.0,0.3138099432798176
11,dataset,letter,1015,switch_dr,q_good,4.714074036243605,0.5581246716078148,0.5804641881009724,0.3138099432798176,5.208414120668706,0.0,0.28901541411159515
11,dataset,letter,1015,dros,q_good,18.165952570877376,0.5604378643140805,0.5804641881009724,0.3138099432798176,5.208414120668706,0.0,0.47692186324795294
11,dataset,letter,1015,dm,q_degraded,nan,0.19355336429102163,0.5804641881009724,0.3138099432798176,5.208414120668706,0.0,nan
11,dataset,letter,1015,ips,q_degraded,nan,0.5932160153978403,0.5804641881009724,0.3138099432798176,5.208414120668706,0.0,0.3138099432798176
11,dataset,letter,1015,snips,q_degraded,nan,0.5889440726618018,0.5804641881009724,0.3138099432798176,5.208414120668706,0.0,0.3138099432798176
11,dataset,letter,1015,clipped_ips,q_degraded,4.262153513293177,0.5522391254464732,0.5804641881009724,0.3138099432798176,5.208414120668706,0.0,0.3291690012286873
11,dataset,letter,1015,dr,q_degraded,nan,0.5848054160344672,0.5804641881009724,0.3138099432798176,5.208414120668706,0.0,0.3138099432798176
11,dataset,letter,1015,switch_dr,q_degraded,4.714074036243605,0.4214660177909759,0.5804641881009724,0.3138099432798176,5.208414120668706,0.0,0.28901541411159515
11,dataset,letter,1015,dros,q_degraded,18.165952570877376,0.3750989216085853,0.5804641881009724,0.3138099432798176,5.208414120668706,0.0,0.47692186324795294
11,dataset,letter,1016,dm,q_good,nan,0.5408504030435781,0.5804641881009724,0.3118900790713388,5.205685154459841,0.0,nan
11,dataset,letter,1016,ips,q_good,nan,0.5784414799414099,0.5804641881009724,0.3118900790713388,5.205685154459841,0.0,0.3118900790713388
11,dataset,letter,1016,snips,q_good,nan,0.5805949145225431,0.5804641881009724,0.3118900790713388,5.205685154459841,0.0,0.3118900790713388
11,dataset,letter,1016,clipped_ips,q_good,4.262057320314295,0.5390371157652748,0.5804641881009724,0.3118900790713388,5.205685154459841,0.0,0.32683994111713033
11,dataset,letter,1016,dr,q_good,nan,0.5754648991256865,0.5804641881009724,0.3118900790713388,5.205685154459841,0.0,0.3118900790713388
11,dataset,letter,1016,switch_dr,q_good,4.67288151876899,0.5507886557890971,0.5804641881009724,0.3118900790713388,5.205685154459841,0.0,0.28752920323010844
11,dataset,letter,1016,dros,q_good,18.165132601644665,0.5546309638788789,0.5804641881009724,0.3118900790713388,5.205685154459841,0.0,0.47610527034832
11,dataset,letter,1016,dm,q_degraded,nan,0.19355336429102163,0.5804641881009724,0.3118900790713388,5.205685154459841,0.0,nan
11,dataset,letter,1016,ips,q_degraded,nan,0.5784414799414099,0.5804641881009724,0.3118900790713388,5.205685154459841,0.0,0.3118900790713388
11,dataset,letter,1016,snips,q_degraded,nan,0.5805949145225431,0.5804641881009724,0.3118900790713388,5.205685154459841,0.0,0.3118900790713388
11,dataset,letter,1016,clipped_ips,q_degraded,4.262057320314295,0.5390371157652748,0.5804641881009724,0.3118900790713388,5.205685154459841,0.0,0.32683994111713033
11,dataset,letter,1016,dr,q_degraded,nan,0.5689473177855836,0.5804641881009724,0.3118900790713388,5.205685154459841,0.0,0.3118900790713388
11,dataset,letter,1016,switch_dr,q_degraded,4.67288151876899,0.406935754032442,0.5804641881009724,0.3118900790713388,5.205685154459841,0.0,0.28752920323010844
11,dataset,letter,1016,dros,q_degraded,18.165132601644665,0.3659869941520504,0.5804641881009724,0.3118900790713388,5.205685154459841,0.0,0.47610527034832
11,dataset,letter,1017,dm,q_good,nan,0.5408504030435781,0.5804641881009724,0.3066903280421141,5.207065527593212,0.0,nan
11,dataset,letter,1017,ips,q_good,nan,0.5443659499055944,0.5804641881009724,0.3066903280421141,5.207065527593212,0.0,0.3066903280421141
11,dataset,letter,1017,snips,q_good,nan,0.559546209103751,0.5804641881009724,0.3066903280421141,5.207065527593212,0.0,0.3066903280421141
11,dataset,letter,1017,clipped_ips,q_good,4.241335692868274,0.5033157475454434,0.5804641881009724,0.3066903280421141,5.207065527593212,0.0,0.3234225369019727
11,dataset,letter,1017,dr,q_good,nan,0.5712794776221343,0.5804641881009724,0.3066903280421141,5.207065527593212,0.0,0.3066903280421141
11,dataset,letter,1017,switch_dr,q_good,4.720647856262481,0.5502427539884263,0.5804641881009724,0.3066903280421141,5.207065527593212,0.0,0.28458980184826543
11,dataset,letter,1017,dros,q_good,17.9889284595984,0.5522592247522409,0.5804641881009724,0.3066903280421141,5.207065527593212,0.0,0.4729907354175124
11,dataset,letter,1017,dm,q_degraded,nan,0.19355336429102163,0.5804641881009724,0.3066903280421141,5.207065527593212,0.0,nan
11,dataset,letter,1017,ips,q_degraded,nan,0.5443659499055944,0.5804641881009724,0.3066903280421141,5.207065527593212,0.0,0.3066903280421141
11,dataset,letter,1017,snips,q_degraded,nan,0.559546209103751,0.5804641881009724,0.3066903280421141,5.207065527593212,0.0,0.3066903280421141
11,dataset,letter,1017,clipped_ips,q_degraded,4.241335692868274,0.5033157475454434,0.5804641881009724,0.3066903280421141,5.207065527593212,0.0,0.3234225369019727
11,dataset,letter,1017,dr,q_degraded,nan,0.5574232122071479,0.5804641881009724,0.3066903280421141,5.207065527593212,0.0,0.3066903280421141
11,dataset,letter,1017,switch_dr,q_degraded,4.720647856262481,0.398177605180699,0.5804641881009724,0.3066903280421141,5.207065527593212,0.0,0.28458980184826543
11,dataset,letter,1017,dros,q_degraded,17.9889284595984,0.3588883336009479,0.5804641881009724,0.3066903280421141,5.207065527593212,0.0,0.4729907354175124
11,dataset,letter,1018,dm,q_good,nan,0.5408504030435781,0.5804641881009724,0.3104471905975136,5.207369850494417,0.0,nan
11,dataset,letter,1018,ips,q_good,nan,0.5741834289213245,0.5804641881009724,0.3104471905975136,5.207369850494417,0.0,0.3104471905975136
11,dataset,letter,1018,snips,q_good,nan,0.573553682232774,0.5804641881009724,0.3104471905975136,5.207369850494417,0.0,0.3104471905975136
11,dataset,letter,1018,clipped_ips,q_good,4.271627817635495,0.532682819671306,0.5804641881009724,0.3104471905975136,5.207369850494417,0.0,0.3263630258392867
11,dataset,letter,1018,dr,q_good,nan,0.5745228556262088,0.5804641881009724,0.3104471905975136,5.207369850494417,0.0,0.3104471905975136
11,dataset,letter,1018,switch_dr,q_good,4.75249942445621,0.5503288656527467,0.5804641881009724,0.3104471905975136,5.207369850494417,0.0,0.2862245213676314
11,dataset,letter,1018,dros,q_good,18.246804212397382,0.5540045730699479,0.5804641881009724,0.3104471905975136,5.207369850494417,0.0,0.4744585911596423
11,dataset,letter,1018,dm,q_degraded,nan,0.19355336429102163,0.5804641881009724,0.3104471905975136,5.207369850494417,0.0,nan
11,dataset,letter,1018,ips,q_degraded,nan,0.5741834289213245,0.5804641881009724,0.3104471905975136,5.207369850494417,0.0,0.3104471905975136
11,dataset,letter,1018,snips,q_degraded,nan,0.573553682232774,0.5804641881009724,0.3104471905975136,5.207369850494417,0.0,0.3104471905975136
11,dataset,letter,1018,clipped_ips,q_degraded,4.271627817635495,0.532682819671306,0.5804641881009724,0.3104471905975136,5.207369850494417,0.0,0.3263630258392867
11,dataset,letter,1018,dr,q_degraded,nan,0.5723383579139174,0.5804641881009724,0.3104471905975136,5.207369850494417,0.0,0.3104471905975136
11,dataset,letter,1018,switch_dr,q_degraded,4.75249942445621,0.4104014756625627,0.5804641881009724,0.3104471905975136,5.207369850494417,0.0,0.2862245213676314
11,dataset,letter,1018,dros,q_degraded,18.246804212397382,0.36713482467880043,0.5804641881009724,0.3104471905975136,5.207369850494417,0.0,0.4744585911596423
11,dataset,letter,1019,dm,q_good,nan,0.5408504030435781,0.5804641881009724,0.309198405416772,5.203718592634855,0.0,nan
11,dataset,letter,1019,ips,q_good,nan,0.5831736848020899,0.5804641881009724,0.309198405416772,5.203718592634855,0.0,0.309198405416772
11,dataset,letter,1019,snips,q_good,nan,0.5842260627123637,0.5804641881009724,0.309198405416772,5.203718592634855,0.0,0.309198405416772
11,dataset,letter,1019,clipped_ips,q_good,4.265013235971703,0.5396588290306574,0.5804641881009724,0.309198405416772,5.203718592634855,0.0,0.32537683373928794
11,dataset,letter,1019,dr,q_good,nan,0.5911488265457098,0.5804641881009724,0.309198405416772,5.203718592634855,0.0,0.309198405416772
11,dataset,letter,1019,switch_dr,q_good,4.769487376622363,0.5580641193538772,0.5804641881009724,0.309198405416772,5.203718592634855,0.0,0.2847350703251192
11,dataset,letter,1019,dros,q_good,18.19033790301382,0.5628450843799676,0.5804641881009724,0.309198405416772,5.203718592634855,0.0,0.472610426972566
11,dataset,letter,1019,dm,q_degraded,nan,0.19355336429102163,0.5804641881009724,0.309198405416772,5.203718592634855,0.0,nan
11,dataset,letter,1019,ips,q_degraded,nan,0.5831736848020899,0.5804641881009724,0.309198405416772,5.203718592634855,0.0,0.309198405416772
11,dataset,letter,1019,snips,q_degraded,nan,0.5842260627123637,0.5804641881009724,0.309198405416772,5.203718592634855,0.0,0.309198405416772
11,dataset,letter,1019,clipped_ips,q_degraded,4.265013235971703,0.5396588290306574,0.5804641881009724,0.309198405416772,5.203718592634855,0.0,0.32537683373928794
11,dataset,letter,1019,dr,q_degraded,nan,0.589573530174641,0.5804641881009724,0.309198405416772,5.203718592634855,0.0,0.309198405416772
11,dataset,letter,1019,switch_dr,q_degraded,4.769487376622363,0.4161254603762803,0.5804641881009724,0.309198405416772,5.203718592634855,0.0,0.2847350703251192
11,dataset,letter,1019,dros,q_degraded,18.19033790301382,0.3754179848367103,0.5804641881009724,0.309198405416772,5.203718592634855,0.0,0.472610426972566
