seed,gamma,candidate,lam,lo,hi
1000,0.5,3.0,1.0,0.7059622892682418,0.705962289268242
1000,0.5,3.0,1.0905077326652577,0.6637637929151773,0.7480734732240452
1000,0.5,3.0,1.189207115002721,0.6215057287954063,0.790066059341101
1000,0.5,3.0,1.2968395546510096,0.5792153244199315,0.8319253596913735
1000,0.5,3.0,1.4142135623730951,0.5369007009569029,0.8736168759451152
1000,0.5,3.0,1.5422108254079407,0.494594467798379,0.9150986932105053
1000,0.5,3.0,1.681792830507429,0.45232665544311473,0.956389812493956
1000,0.5,3.0,1.8340080864093424,0.4101700393808103,0.9974368850860074
1000,0.5,3.0,2.0,0.3681192969768899,1.0382161467901252
1000,0.5,3.0,2.1810154653305154,0.3262968996946725,1.078710829070156
1000,0.5,3.0,2.378414230005442,0.2847082540810469,1.1187885692022137
1000,0.5,3.0,2.5936791093020193,0.24340213325878166,1.1585418177454867
1000,0.5,3.0,2.82842712474619,0.20235835756122708,1.1978006627706907
1000,0.5,3.0,3.0844216508158815,0.1616675792343576,1.236669931743007
1000,0.5,3.0,3.363585661014858,0.12114093230573858,1.2752008482380535
1000,0.5,3.0,3.668016172818685,0.08083091210857381,1.3133284627758512
1000,0.5,3.0,4.0,0.04095206686738455,1.3511111397780795
1000,0.5,3.0,4.362030930661031,0.0014161390849862707,1.3885119804038215
1000,0.5,3.0,4.756828460010884,-0.037970011496040686,1.425381792407323
1000,0.5,3.0,5.187358218604039,-0.07710942384523327,1.4617048381620736
1000,0.5,3.0,5.656854249492381,-0.1159637135880591,1.4974367355471476
1000,0.5,3.0,6.168843301631764,-0.154468379392956,1.5326611115246038
1000,0.5,3.0,6.727171322029717,-0.1926563265352359,1.567515916604127
1000,0.5,3.0,7.336032345637371,-0.23039083733936316,1.6022254034907537
1000,0.5,3.0,8.0,-0.2677395357793517,1.6367554856490334
1000,0.5,5.0,1.0,0.7760492376744477,0.7760492376744479
1000,0.5,5.0,1.0905077326652577,0.7351794539922388,0.8168560777539328
1000,0.5,5.0,1.189207115002721,0.6942699694587147,0.8575756951500998
1000,0.5,5.0,1.2968395546510096,0.6533458491674032,0.8981626366924684
1000,0.5,5.0,1.4142135623730951,0.6124274210141866,0.9386105362058796
1000,0.5,5.0,1.5422108254079407,0.5715438255777547,0.9788828910180907
1000,0.5,5.0,1.681792830507429,0.5306705796206101,1.0189662850892613
1000,0.5,5.0,1.8340080864093424,0.48985303539718433,1.058827170043632
1000,0.5,5.0,2.0,0.44911481570253103,1.0984279129355834
1000,0.5,5.0,2.1810154653305154,0.4085379683252829,1.1376656666796288
1000,0.5,5.0,2.378414230005442,0.36811862113571814,1.1765718043559534
1000,0.5,5.0,2.5936791093020193,0.32797559207356214,1.2151251601971647
1000,0.5,5.0,2.82842712474619,0.28812879408242703,1.253341302180241
1000,0.5,5.0,3.0844216508158815,0.24866605705894668,1.2912420202387942
1000,0.5,5.0,3.363585661014858,0.2094935489045334,1.3288026622931153
1000,0.5,5.0,3.668016172818685,0.1707158958896828,1.3660624257447427
1000,0.5,5.0,4.0,0.13211641388421588,1.403003054179467
1000,0.5,5.0,4.362030930661031,0.09374948861916911,1.4394144230527457
1000,0.5,5.0,4.756828460010884,0.055816627898535504,1.4753188652751221
1000,0.5,5.0,5.187358218604039,0.018322490469559017,1.510696930732475
1000,0.5,5.0,5.656854249492381,-0.018854176347752088,1.5455671591895215
1000,0.5,5.0,6.168843301631764,-0.055970163726150324,1.5801993592936954
1000,0.5,5.0,6.727171322029717,-0.09266349081698509,1.6146034533147042
1000,0.5,5.0,7.336032345637371,-0.1292115920478369,1.6488914619174153
1000,0.5,5.0,8.0,-0.16541389597414893,1.6828125426008145
1001,0.5,3.0,1.0,0.7121587751071263,0.7121587751071264
1001,0.5,3.0,1.0905077326652577,0.6701958193317622,0.7540350456356435
1001,0.5,3.0,1.189207115002721,0.6281679553033753,0.7958057237224597
1001,0.5,3.0,1.2968395546510096,0.5860901015841902,0.8374220521394918
1001,0.5,3.0,1.4142135623730951,0.5440253320346087,0.8788335514711981
1001,0.5,3.0,1.5422108254079407,0.5019949784421553,0.9200256850564306
1001,0.5,3.0,1.681792830507429,0.4600758876884281,0.9610078958649018
1001,0.5,3.0,1.8340080864093424,0.4182861665208241,1.0017941529286518
1001,0.5,3.0,2.0,0.3766215616809895,1.0423853082073395
1001,0.5,3.0,2.1810154653305154,0.3351054438472071,1.0826405691943968
1001,0.5,3.0,2.378414230005442,0.29372882191033745,1.1226217225905228
1001,0.5,3.0,2.5936791093020193,0.2525812848098477,1.162331140528447
1001,0.5,3.0,2.82842712474619,0.21174141719326744,1.2017731454904934
1001,0.5,3.0,3.0844216508158815,0.17122406549114097,1.240811507355174
1001,0.5,3.0,3.363585661014858,0.13092044502156575,1.27941459903479
1001,0.5,3.0,3.668016172818685,0.09087125505686426,1.317713144228143
1001,0.5,3.0,4.0,0.051129616421545065,1.3556915891911052
1001,0.5,3.0,4.362030930661031,0.011611396658521964,1.3932491521880734
1001,0.5,3.0,4.756828460010884,-0.0278000296921757,1.430206054958153
1001,0.5,3.0,5.187358218604039,-0.06688274301677634,1.466920097958481
1001,0.5,3.0,5.656854249492381,-0.1058452109398215,1.5033866762618122
1001,0.5,3.0,6.168843301631764,-0.14457640695026508,1.5391941305488617
1001,0.5,3.0,6.727171322029717,-0.18309979079347052,1.5744997967536767
1001,0.5,3.0,7.336032345637371,-0.22143343916353914,1.6091385427200189
1001,0.5,3.0,8.0,-0.25934798802514225,1.6434049605693648
1001,0.5,5.0,1.0,0.7814686486082328,0.7814686486082328
1001,0.5,5.0,1.0905077326652577,0.7406832711070347,0.8221904331542609
1001,0.5,5.0,1.189207115002721,0.699860750319615,0.8627940561033347
1001,0.5,5.0,1.2968395546510096,0.6590148692403557,0.9032399670370294
1001,0.5,5.0,1.4142135623730951,0.6181649793405808,0.9435291785690414
1001,0.5,5.0,1.5422108254079407,0.5773434538521455,0.9836544803994812
1001,0.5,5.0,1.681792830507429,0.5366077088070701,1.02363225590921
1001,0.5,5.0,1.8340080864093424,0.4959829055437067,1.0633804809578185
1001,0.5,5.0,2.0,0.45555116602659906,1.1028687676799793
1001,0.5,5.0,2.1810154653305154,0.41532904541024157,1.1421118165396509
1001,0.5,5.0,2.378414230005442,0.37531093139809885,1.1811741271701894
1001,0.5,5.0,2.5936791093020193,0.3355391572128433,1.2199203839607837
1001,0.5,5.0,2.82842712474619,0.29594178357116036,1.2583020415870363
1001,0.5,5.0,3.0844216508158815,0.256655639075636,1.2963649932633239
1001,0.5,5.0,3.363585661014858,0.21776533203354767,1.3341615529286548
1001,0.5,5.0,3.668016172818685,0.1792789719071739,1.371750975532425
1001,0.5,5.0,4.0,0.14099384024867107,1.4088301770541047
1001,0.5,5.0,4.362030930661031,0.10288751562516256,1.4454642184625108
1001,0.5,5.0,4.756828460010884,0.06508756245862017,1.4820325387599995
1001,0.5,5.0,5.187358218604039,0.027391454750365897,1.5181665006798688
1001,0.5,5.0,5.656854249492381,-0.010185680148337702,1.5536000921160973
1001,0.5,5.0,6.168843301631764,-0.04749094588410522,1.58851222133042
1001,0.5,5.0,6.727171322029717,-0.0845720815164174,1.622895986808005
1001,0.5,5.0,7.336032345637371,-0.12177485467146969,1.65693950140065
1001,0.5,5.0,8.0,-0.15877492255336337,1.6908128857901472
1002,0.5,3.0,1.0,0.716256860814066,0.716256860814066
1002,0.5,3.0,1.0905077326652577,0.6740551392918308,0.7583625400527161
1002,0.5,3.0,1.189207115002721,0.6318047095787691,0.8003644382980225
1002,0.5,3.0,1.2968395546510096,0.5895418599676032,0.8422382940947549
1002,0.5,3.0,1.4142135623730951,0.5472621489390892,0.8839263018688975
1002,0.5,3.0,1.5422108254079407,0.505011949306697,0.9254245013591064
1002,0.5,3.0,1.681792830507429,0.46282691560416195,0.9667827449389604
1002,0.5,3.0,1.8340080864093424,0.42080427455234987,1.0078981913261884
1002,0.5,3.0,2.0,0.3789179863402268,1.0487793609216798
1002,0.5,3.0,2.1810154653305154,0.33709385267484426,1.0893980767870253
1002,0.5,3.0,2.378414230005442,0.29545271130259165,1.129771661689588
1002,0.5,3.0,2.5936791093020193,0.2538947747451166,1.1698492752052954
1002,0.5,3.0,2.82842712474619,0.2125678182692491,1.2096562766891186
1002,0.5,3.0,3.0844216508158815,0.17150906675659894,1.2491474783073997
1002,0.5,3.0,3.363585661014858,0.13080869222085656,1.2882116119805815
1002,0.5,3.0,3.668016172818685,0.0904534634240935,1.3268412437711126
1002,0.5,3.0,4.0,0.05042027830836978,1.365177880684778
1002,0.5,3.0,4.362030930661031,0.010789887761114971,1.4032725586103054
1002,0.5,3.0,4.756828460010884,-0.028422998118490653,1.44106035706413
1002,0.5,3.0,5.187358218604039,-0.06719908628314794,1.4784117399332504
1002,0.5,3.0,5.656854249492381,-0.1056138526787234,1.515562472512418
1002,0.5,3.0,6.168843301631764,-0.1437654914728629,1.5525086697564265
1002,0.5,3.0,6.727171322029717,-0.1818663670058155,1.5892887622200473
1002,0.5,3.0,7.336032345637371,-0.21974839909056706,1.6258003107952201
1002,0.5,3.0,8.0,-0.2570759610115469,1.6620664511423624
1002,0.5,5.0,1.0,0.7827675028437031,0.7827675028437032
1002,0.5,5.0,1.0905077326652577,0.7418240651277875,0.8236486837986517
1002,0.5,5.0,1.189207115002721,0.700822138098358,0.8644379559753614
1002,0.5,5.0,1.2968395546510096,0.6598078624000452,0.90509297556624
1002,0.5,5.0,1.4142135623730951,0.6188160660220315,0.9456360146541285
1002,0.5,5.0,1.5422108254079407,0.5778724529503394,0.9860639643572672
1002,0.5,5.0,1.681792830507429,0.5369567407552656,1.0263054069446242
1002,0.5,5.0,1.8340080864093424,0.49612846622063445,1.0663816514841717
1002,0.5,5.0,2.0,0.45546375472070133,1.1062389887162734
1002,0.5,5.0,2.1810154653305154,0.4150565730741283,1.1459087771222145
1002,0.5,5.0,2.378414230005442,0.3748178636564083,1.1853098745464143
1002,0.5,5.0,2.5936791093020193,0.3346694831801614,1.2245111551989636
1002,0.5,5.0,2.82842712474619,0.2948131664844069,1.263367507533874
1002,0.5,5.0,3.0844216508158815,0.2550411865166995,1.301835174855377
1002,0.5,5.0,3.363585661014858,0.2154706326555697,1.3400160939117662
1002,0.5,5.0,3.668016172818685,0.17621638224125533,1.3779883006534452
1002,0.5,5.0,4.0,0.1373772218166301,1.415686681395064
1002,0.5,5.0,4.362030930661031,0.09893540694187017,1.4530523376702424
1002,0.5,5.0,4.756828460010884,0.060809914825664294,1.4900800232910343
1002,0.5,5.0,5.187358218604039,0.023091386266012842,1.5269502183577646
1002,0.5,5.0,5.656854249492381,-0.01413271660614808,1.5637045761684814
1002,0.5,5.0,6.168843301631764,-0.050886315189196146,1.6002751424997472
1002,0.5,5.0,6.727171322029717,-0.08725085978339539,1.6365389057565642
1002,0.5,5.0,7.336032345637371,-0.12329088640214803,1.6726924394942797
1002,0.5,5.0,8.0,-0.15922535448510522,1.7082603995836991
1003,0.5,3.0,1.0,0.7049067995585979,0.7049067995585979
1003,0.5,3.0,1.0905077326652577,0.6625916949268704,0.7471388060008228
1003,0.5,3.0,1.189207115002721,0.6202208134733059,0.7892638223932134
1003,0.5,3.0,1.2968395546510096,0.577865071832843,0.8312587535100405
1003,0.5,3.0,1.4142135623730951,0.5355242782579988,0.873128227052555
1003,0.5,3.0,1.5422108254079407,0.4932704320511823,0.9148513517794501
1003,0.5,3.0,1.681792830507429,0.4511229362895516,0.9564204139085946
1003,0.5,3.0,1.8340080864093424,0.40901210023659984,0.9978093083872631
1003,0.5,3.0,2.0,0.3669245792703355,1.039004531993936
1003,0.5,3.0,2.1810154653305154,0.3249476551311009,1.080010101366453
1003,0.5,3.0,2.378414230005442,0.2831485672931019,1.12065816165928
1003,0.5,3.0,2.5936791093020193,0.2414912554961432,1.1610352732590994
1003,0.5,3.0,2.82842712474619,0.20000080556191818,1.2011459723649744
1003,0.5,3.0,3.0844216508158815,0.15872056872763343,1.2409017127951874
1003,0.5,3.0,3.363585661014858,0.11782163711431083,1.2802156289258475
1003,0.5,3.0,3.668016172818685,0.07738800061674092,1.319036934868987
1003,0.5,3.0,4.0,0.037309617567412405,1.3575140100651606
1003,0.5,3.0,4.362030930661031,-0.00238670693228652,1.395674828532239
1003,0.5,3.0,4.756828460010884,-0.041668002236283426,1.4335705659395621
1003,0.5,3.0,5.187358218604039,-0.08070904381340696,1.4715668385080245
1003,0.5,3.0,5.656854249492381,-0.119427321829534,1.5091989262248704
1003,0.5,3.0,6.168843301631764,-0.15774751970830755,1.5463879835552696
1003,0.5,3.0,6.727171322029717,-0.1955359816791183,1.583485442615104
1003,0.5,3.0,7.336032345637371,-0.23270536879479625,1.6201847618498082
1003,0.5,3.0,8.0,-0.2694037070140564,1.6564391179053255
1003,0.5,5.0,1.0,0.7729879643644367,0.7729879643644372
1003,0.5,5.0,1.0905077326652577,0.7318203086209457,0.8140814278991245
1003,0.5,5.0,1.189207115002721,0.6906141538690252,0.8550915178982761
1003,0.5,5.0,1.2968395546510096,0.6493844560433569,0.896006690601393
1003,0.5,5.0,1.4142135623730951,0.6081841845929319,0.9368271267184781
1003,0.5,5.0,1.5422108254079407,0.567103423787224,0.9775365533987271
1003,0.5,5.0,1.681792830507429,0.5260763611303111,1.0181050817717696
1003,0.5,5.0,1.8340080864093424,0.4852283401234995,1.0585454901141473
1003,0.5,5.0,2.0,0.44453296642961393,1.098792619084626
1003,0.5,5.0,2.1810154653305154,0.4038716552326446,1.1387655276366335
1003,0.5,5.0,2.378414230005442,0.3632677272965245,1.178572206156494
1003,0.5,5.0,2.5936791093020193,0.3228199396270541,1.2181389192592753
1003,0.5,5.0,2.82842712474619,0.2825652446085615,1.2573675917591531
1003,0.5,5.0,3.0844216508158815,0.24246381675027143,1.2962193000848612
1003,0.5,5.0,3.363585661014858,0.2025564705864679,1.334698347754408
1003,0.5,5.0,3.668016172818685,0.16283791954199447,1.3729091297571185
1003,0.5,5.0,4.0,0.12361152268184288,1.4108884322863489
1003,0.5,5.0,4.362030930661031,0.08497432069712832,1.4487531403366296
1003,0.5,5.0,4.756828460010884,0.04678384272190102,1.4866394843201285
1003,0.5,5.0,5.187358218604039,0.00890220182274869,1.5240646315472366
1003,0.5,5.0,5.656854249492381,-0.02848437412736162,1.5612044556025335
1003,0.5,5.0,6.168843301631764,-0.06558689262087411,1.5982760603279191
1003,0.5,5.0,6.727171322029717,-0.10225267039975097,1.634887335578527
1003,0.5,5.0,7.336032345637371,-0.13868487312462116,1.6709888400809323
1003,0.5,5.0,8.0,-0.17461762112377746,1.7065866784958408
1004,0.5,3.0,1.0,0.7065176728274282,0.7065176728274285
1004,0.5,3.0,1.0905077326652577,0.664334972680423,0.7486802446196233
1004,0.5,3.0,1.189207115002721,0.6221710747336091,0.7907663846871542
1004,0.5,3.0,1.2968395546510096,0.5800710587472436,0.8327378179591665
1004,0.5,3.0,1.4142135623730951,0.5380164398048883,0.874562388710628
1004,0.5,3.0,1.5422108254079407,0.4960482033561894,0.9162454910763438
1004,0.5,3.0,1.681792830507429,0.45413507640021994,0.9576935998471894
1004,0.5,3.0,1.8340080864093424,0.41232919445840915,0.9988940104005795
1004,0.5,3.0,2.0,0.37064639835494845,1.0398049416592636
1004,0.5,3.0,2.1810154653305154,0.3291316026040351,1.0804470705295541
1004,0.5,3.0,2.378414230005442,0.28777073755465915,1.1206788802993843
1004,0.5,3.0,2.5936791093020193,0.24648310586368616,1.160626471112366
1004,0.5,3.0,2.82842712474619,0.20539973176262186,1.200210461135756
1004,0.5,3.0,3.0844216508158815,0.16457927416952614,1.2394300329456294
1004,0.5,3.0,3.363585661014858,0.1239866093854768,1.2781703960590405
1004,0.5,3.0,3.668016172818685,0.08384268265916824,1.3164574239812725
1004,0.5,3.0,4.0,0.04409360372744272,1.3543593006636891
1004,0.5,3.0,4.362030930661031,0.004556762626169476,1.3919135436022072
1004,0.5,3.0,4.756828460010884,-0.03471773014702606,1.4290033014103165
1004,0.5,3.0,5.187358218604039,-0.07371949373925583,1.465527194959093
1004,0.5,3.0,5.656854249492381,-0.11238531785460029,1.501273137628079
1004,0.5,3.0,6.168843301631764,-0.15083447079059287,1.5365974699046299
1004,0.5,3.0,6.727171322029717,-0.18883956273129066,1.5715002455992972
1004,0.5,3.0,7.336032345637371,-0.22630907584296073,1.6062009275896034
1004,0.5,3.0,8.0,-0.26337588298847187,1.6404278409603275
1004,0.5,5.0,1.0,0.7754252480568322,0.7754252480568322
1004,0.5,5.0,1.0905077326652577,0.7344092426604976,0.816423486479092
1004,0.5,5.0,1.189207115002721,0.693429433638614,0.8573612379114339
1004,0.5,5.0,1.2968395546510096,0.652524551864118,0.898227213139137
1004,0.5,5.0,1.4142135623730951,0.6117498610573416,0.9389656932543565
1004,0.5,5.0,1.5422108254079407,0.5711183425874897,0.979534028919366
1004,0.5,5.0,1.681792830507429,0.5305669391076451,1.0198796603820843
1004,0.5,5.0,1.8340080864093424,0.4901606906427372,1.0600089142165463
1004,0.5,5.0,2.0,0.44988212539492817,1.0998671529402952
1004,0.5,5.0,2.1810154653305154,0.409790973856306,1.1394099954352226
1004,0.5,5.0,2.378414230005442,0.369858876863094,1.1786977751459233
1004,0.5,5.0,2.5936791093020193,0.3301049964210349,1.217688415291345
1004,0.5,5.0,2.82842712474619,0.29048188872639696,1.2562750307689479
1004,0.5,5.0,3.0844216508158815,0.2509034061702371,1.2944420174459768
1004,0.5,5.0,3.363585661014858,0.2115413389616339,1.3321472687801137
1004,0.5,5.0,3.668016172818685,0.17250224226911826,1.3695935487318978
1004,0.5,5.0,4.0,0.13370227587604425,1.406583079243387
1004,0.5,5.0,4.362030930661031,0.09534588451402691,1.443186193120631
1004,0.5,5.0,4.756828460010884,0.057520616342165876,1.479126963971266
1004,0.5,5.0,5.187358218604039,0.019872706734419106,1.5144332616395717
1004,0.5,5.0,5.656854249492381,-0.01752755037613686,1.549347333202941
1004,0.5,5.0,6.168843301631764,-0.054716740935742324,1.583976514307106
1004,0.5,5.0,6.727171322029717,-0.09164740650038083,1.6183130602577767
1004,0.5,5.0,7.336032345637371,-0.12840831291577476,1.6520214738181636
1004,0.5,5.0,8.0,-0.16475770025254835,1.6854687267674968
1005,0.5,3.0,1.0,0.7114270923130355,0.7114270923130356
1005,0.5,3.0,1.0905077326652577,0.6689692090332124,0.7538366877148773
1005,0.5,3.0,1.189207115002721,0.626511937210787,0.7961753790133199
1005,0.5,3.0,1.2968395546510096,0.5840973622794119,0.8383932735665778
1005,0.5,3.0,1.4142135623730951,0.5417409872304453,0.8804778503273158
1005,0.5,3.0,1.5422108254079407,0.4994560412838779,0.9223764499545167
1005,0.5,3.0,1.681792830507429,0.45726258301902883,0.9640467639893278
1005,0.5,3.0,1.8340080864093424,0.4152538680164519,1.0054240207838414
1005,0.5,3.0,2.0,0.37348905666737947,1.046561402143515
1005,0.5,3.0,2.1810154653305154,0.3318827960951605,1.0874327930710577
1005,0.5,3.0,2.378414230005442,0.2904753638305854,1.1279675419938338
1005,0.5,3.0,2.5936791093020193,0.24927718320912182,1.1682218067453147
1005,0.5,3.0,2.82842712474619,0.20816278826002574,1.2081190027996
1005,0.5,3.0,3.0844216508158815,0.1673195404596274,1.2477146165551676
1005,0.5,3.0,3.363585661014858,0.12678000346708146,1.286969839995817
1005,0.5,3.0,3.668016172818685,0.08656770581559113,1.325936517447143
1005,0.5,3.0,4.0,0.04657609110585795,1.3643641290670874
1005,0.5,3.0,4.362030930661031,0.0068585630141304536,1.402378644146381
1005,0.5,3.0,4.756828460010884,-0.03272844489045712,1.4397668852791274
1005,0.5,3.0,5.187358218604039,-0.07203810841967659,1.476514070223317
1005,0.5,3.0,5.656854249492381,-0.11075191616853068,1.5125889947219064
1005,0.5,3.0,6.168843301631764,-0.14912080826001559,1.5480759140208906
1005,0.5,3.0,6.727171322029717,-0.18716716636635838,1.5831747242204441
1005,0.5,3.0,7.336032345637371,-0.22492727190023756,1.6176674168026486
1005,0.5,3.0,8.0,-0.26213041003239873,1.652292491202894
1005,0.5,5.0,1.0,0.7830128979490547,0.7830128979490552
1005,0.5,5.0,1.0905077326652577,0.7417946808918136,0.824208450773106
1005,0.5,5.0,1.189207115002721,0.7005780127559121,0.8653385547014278
1005,0.5,5.0,1.2968395546510096,0.6593901244302237,0.9063762102471709
1005,0.5,5.0,1.4142135623730951,0.6183004704284724,0.9472691743534681
1005,0.5,5.0,1.5422108254079407,0.5773279316626236,0.9879550044890896
1005,0.5,5.0,1.681792830507429,0.5364954361198104,1.0284556150411597
1005,0.5,5.0,1.8340080864093424,0.4957974045758581,1.0687560275897563
1005,0.5,5.0,2.0,0.4552552661712894,1.1088214122464635
1005,0.5,5.0,2.1810154653305154,0.4149910509372329,1.1486512578007528
1005,0.5,5.0,2.378414230005442,0.37504496035802104,1.1881614691187035
1005,0.5,5.0,2.5936791093020193,0.33527756873906256,1.2274393283964142
1005,0.5,5.0,2.82842712474619,0.2957885993145801,1.2664092092081802
1005,0.5,5.0,3.0844216508158815,0.25654820301607517,1.305168986443846
1005,0.5,5.0,3.363585661014858,0.21741320244428033,1.3435711430660207
1005,0.5,5.0,3.668016172818685,0.1785970613343197,1.3814830370562776
1005,0.5,5.0,4.0,0.14013410242084703,1.418925982148357
1005,0.5,5.0,4.362030930661031,0.10209064380378716,1.4558079558304147
1005,0.5,5.0,4.756828460010884,0.06426658413484997,1.4920315105312336
1005,0.5,5.0,5.187358218604039,0.026775272393877246,1.5277243872689212
1005,0.5,5.0,5.656854249492381,-0.010526475281318216,1.5629195225029113
1005,0.5,5.0,6.168843301631764,-0.047706359009061464,1.5977033804833862
1005,0.5,5.0,6.727171322029717,-0.08440865649522958,1.6320900843415898
1005,0.5,5.0,7.336032345637371,-0.12062045552741067,1.6667785795689944
1005,0.5,5.0,8.0,-0.1565326525181058,1.7013235981851293
1006,0.5,3.0,1.0,0.7099992685804739,0.7099992685804742
1006,0.5,3.0,1.0905077326652577,0.667694506425105,0.7522943006520367
1006,0.5,3.0,1.189207115002721,0.6254106382002759,0.794554298545874
1006,0.5,3.0,1.2968395546510096,0.5831533855355151,0.8367695993787891
1006,0.5,3.0,1.4142135623730951,0.5409269371245266,0.8788884882018397
1006,0.5,3.0,1.5422108254079407,0.49876261216936224,0.9208405009660666
1006,0.5,3.0,1.681792830507429,0.4567048137361283,0.9626149535335383
1006,0.5,3.0,1.8340080864093424,0.41477467715901306,1.0041675855712633
1006,0.5,3.0,2.0,0.3730138179820348,1.045475750419327
1006,0.5,3.0,2.1810154653305154,0.3314069524256364,1.0864766451902392
1006,0.5,3.0,2.378414230005442,0.28996144910086313,1.1271211622749147
1006,0.5,3.0,2.5936791093020193,0.2487922602381086,1.1674715213718452
1006,0.5,3.0,2.82842712474619,0.2077973586474679,1.2073433017858568
1006,0.5,3.0,3.0844216508158815,0.16697369828791606,1.246900038618511
1006,0.5,3.0,3.363585661014858,0.1263633974715912,1.2862127555057565
1006,0.5,3.0,3.668016172818685,0.08612588001247487,1.325394277280187
1006,0.5,3.0,4.0,0.04620254256208644,1.3642049116618722
1006,0.5,3.0,4.362030930661031,0.006603923114281327,1.4026755108220967
1006,0.5,3.0,4.756828460010884,-0.03293499512781495,1.4407905892823842
1006,0.5,3.0,5.187358218604039,-0.07239493533887963,1.4786339426844382
1006,0.5,3.0,5.656854249492381,-0.11165268879959976,1.5160535581671906
1006,0.5,3.0,6.168843301631764,-0.15056853971058842,1.5529610435380419
1006,0.5,3.0,6.727171322029717,-0.18923654962846004,1.5896044689036688
1006,0.5,3.0,7.336032345637371,-0.22746594582515497,1.6259726444761284
1006,0.5,3.0,8.0,-0.2650837343536197,1.6620996008374862
1006,0.5,5.0,1.0,0.7786836536607235,0.7786836536607238
1006,0.5,5.0,1.0905077326652577,0.7375902415437784,0.8198016377696724
1006,0.5,5.0,1.189207115002721,0.6965395016172431,0.8609150720490525
1006,0.5,5.0,1.2968395546510096,0.6555532728142364,0.9019689404861182
1006,0.5,5.0,1.4142135623730951,0.6146528931174631,0.9429106192006006
1006,0.5,5.0,1.5422108254079407,0.5738055696422308,0.9837245426421571
1006,0.5,5.0,1.681792830507429,0.5330474389245239,1.0243518845481103
1006,0.5,5.0,1.8340080864093424,0.4924295005456361,1.0647634971150923
1006,0.5,5.0,2.0,0.4519827346815974,1.1049422431434024
1006,0.5,5.0,2.1810154653305154,0.41172364909820697,1.1448269251210008
1006,0.5,5.0,2.378414230005442,0.3717031892196561,1.184456634448458
1006,0.5,5.0,2.5936791093020193,0.33186629706663945,1.2236409439098184
1006,0.5,5.0,2.82842712474619,0.292231686310721,1.262636427276846
1006,0.5,5.0,3.0844216508158815,0.2529186724254547,1.3014361331874156
1006,0.5,5.0,3.363585661014858,0.21381085231877114,1.3400564523282825
1006,0.5,5.0,3.668016172818685,0.1748930858430749,1.3783812965298003
1006,0.5,5.0,4.0,0.13610497090899748,1.4163625048622097
1006,0.5,5.0,4.362030930661031,0.09773378940741978,1.4540513257069159
1006,0.5,5.0,4.756828460010884,0.05966670422385966,1.4914077316417194
1006,0.5,5.0,5.187358218604039,0.021913484757736017,1.5282899003504837
1006,0.5,5.0,5.656854249492381,-0.01568107218520241,1.5647139865173374
1006,0.5,5.0,6.168843301631764,-0.05347354657417053,1.600942187844811
1006,0.5,5.0,6.727171322029717,-0.09109879816816648,1.6368106182282713
1006,0.5,5.0,7.336032345637371,-0.1282956841253768,1.6725261638676394
1006,0.5,5.0,8.0,-0.16519525716426975,1.7077256760419026
1007,0.5,3.0,1.0,0.7084388548367804,0.7084388548367807
1007,0.5,3.0,1.0905077326652577,0.6665392739078541,0.7502769397570185
1007,0.5,3.0,1.189207115002721,0.6245847285427437,0.7920302581996265
1007,0.5,3.0,1.2968395546510096,0.5825682765895742,0.8336653855207113
1007,0.5,3.0,1.4142135623730951,0.5405222270796917,0.8751903691264576
1007,0.5,3.0,1.5422108254079407,0.4984978380921685,0.9165850778241915
1007,0.5,3.0,1.681792830507429,0.45643861199253405,0.9577866622945721
1007,0.5,3.0,1.8340080864093424,0.4143660296280605,0.9987870625236601
1007,0.5,3.0,2.0,0.3723608358051042,1.0395268956379575
1007,0.5,3.0,2.1810154653305154,0.33046019504717267,1.08006295149764
1007,0.5,3.0,2.378414230005442,0.28871138439138055,1.1203127027563702
1007,0.5,3.0,2.5936791093020193,0.24717615008029611,1.1603381869693363
1007,0.5,3.0,2.82842712474619,0.20583807759898895,1.2001360175927112
1007,0.5,3.0,3.0844216508158815,0.16465840788850855,1.2397339282548947
1007,0.5,3.0,3.363585661014858,0.12379851197692515,1.2790904032946766
1007,0.5,3.0,3.668016172818685,0.0832137631910665,1.3183501414149665
1007,0.5,3.0,4.0,0.04291477749807734,1.3573629359329011
1007,0.5,3.0,4.362030930661031,0.0027069504302554294,1.3961308649862585
1007,0.5,3.0,4.756828460010884,-0.03727911711592007,1.4344409027794842
1007,0.5,3.0,5.187358218604039,-0.07705865831212774,1.4721341166417845
1007,0.5,3.0,5.656854249492381,-0.1165046957924359,1.5092231001616618
1007,0.5,3.0,6.168843301631764,-0.15568719131328637,1.5458121497160882
1007,0.5,3.0,6.727171322029717,-0.19461912428304926,1.5819941003266407
1007,0.5,3.0,7.336032345637371,-0.23293934664980415,1.6174802161734843
1007,0.5,3.0,8.0,-0.2706401766663777,1.6527157748705676
1007,0.5,5.0,1.0,0.7773637802432913,0.7773637802432913
1007,0.5,5.0,1.0905077326652577,0.7367998147241435,0.8178947385328685
1007,0.5,5.0,1.189207115002721,0.6962254457151086,0.8583752412361952
1007,0.5,5.0,1.2968395546510096,0.6556632357500817,0.8988005624458948
1007,0.5,5.0,1.4142135623730951,0.6150988037569922,0.9391273556547997
1007,0.5,5.0,1.5422108254079407,0.5745272245375259,0.9793088923868442
1007,0.5,5.0,1.681792830507429,0.5340124296545308,1.0193365684915916
1007,0.5,5.0,1.8340080864093424,0.4935753752133713,1.0591970606575332
1007,0.5,5.0,2.0,0.4530916397836919,1.0988396971706265
1007,0.5,5.0,2.1810154653305154,0.4126069417602674,1.1382854709850236
1007,0.5,5.0,2.378414230005442,0.372193295182203,1.177540622003778
1007,0.5,5.0,2.5936791093020193,0.3319139418759199,1.2166350267889252
1007,0.5,5.0,2.82842712474619,0.29182674991420565,1.255567814832068
1007,0.5,5.0,3.0844216508158815,0.2519382328053271,1.2943754954997115
1007,0.5,5.0,3.363585661014858,0.2122128986375407,1.3331007236399266
1007,0.5,5.0,3.668016172818685,0.17261735060172417,1.37161543419864
1007,0.5,5.0,4.0,0.13331371581426463,1.4099047605586486
1007,0.5,5.0,4.362030930661031,0.09426845661156386,1.4476157284365587
1007,0.5,5.0,4.756828460010884,0.05542691321256724,1.484695322677816
1007,0.5,5.0,5.187358218604039,0.016611889697144878,1.5212850114845782
1007,0.5,5.0,5.656854249492381,-0.0220879635870224,1.5573879124713914
1007,0.5,5.0,6.168843301631764,-0.06081824585785845,1.5929900352864208
1007,0.5,5.0,6.727171322029717,-0.09915932319752861,1.6281193483440461
1007,0.5,5.0,7.336032345637371,-0.13731020278952819,1.6629591680105198
1007,0.5,5.0,8.0,-0.1753721283681936,1.69736140703454
1008,0.5,3.0,1.0,0.7136937611033696,0.7136937611033696
1008,0.5,3.0,1.0905077326652577,0.6716156894633635,0.7557187038582959
1008,0.5,3.0,1.189207115002721,0.6295001832420475,0.797671174498679
1008,0.5,3.0,1.2968395546510096,0.5873971252691206,0.8395336372540304
1008,0.5,3.0,1.4142135623730951,0.5453635866641482,0.8813074859444291
1008,0.5,3.0,1.5422108254079407,0.5033914152203541,0.9229324422701844
1008,0.5,3.0,1.681792830507429,0.46146381485565585,0.9643795490985396
1008,0.5,3.0,1.8340080864093424,0.41961185640363174,1.0056026409378647
1008,0.5,3.0,2.0,0.3779627277880188,1.0466214324386436
1008,0.5,3.0,2.1810154653305154,0.3364488832098257,1.0874078001916585
1008,0.5,3.0,2.378414230005442,0.29514856520961896,1.1279023480891166
1008,0.5,3.0,2.5936791093020193,0.2540668985088093,1.1681533561243418
1008,0.5,3.0,2.82842712474619,0.21315775951646584,1.208000861784344
1008,0.5,3.0,3.0844216508158815,0.17237830228268033,1.2475457946666135
1008,0.5,3.0,3.363585661014858,0.13176956556650624,1.2867125406965467
1008,0.5,3.0,3.668016172818685,0.09138643257095985,1.3256509248668238
1008,0.5,3.0,4.0,0.05131323539264737,1.3641437781835795
1008,0.5,3.0,4.362030930661031,0.011533395010122603,1.4025605473383655
1008,0.5,3.0,4.756828460010884,-0.028073521552548563,1.440778951887189
1008,0.5,3.0,5.187358218604039,-0.06722130366710681,1.4787278068750507
1008,0.5,3.0,5.656854249492381,-0.10594281144536319,1.5163540425587965
1008,0.5,3.0,6.168843301631764,-0.14434215856302043,1.5536378602272103
1008,0.5,3.0,6.727171322029717,-0.1821670908921497,1.5906845928226532
1008,0.5,3.0,7.336032345637371,-0.21929337611127048,1.6273330817530531
1008,0.5,3.0,8.0,-0.25619321761249136,1.6636222564899827
1008,0.5,5.0,1.0,0.7792770958958369,0.7792770958958372
1008,0.5,5.0,1.0905077326652577,0.7384016075933761,0.8201423534420017
1008,0.5,5.0,1.189207115002721,0.6975360071977966,0.860978334876991
1008,0.5,5.0,1.2968395546510096,0.6566828908421458,0.9017607344945113
1008,0.5,5.0,1.4142135623730951,0.6158826872875743,0.9424507055039858
1008,0.5,5.0,1.5422108254079407,0.5752075116757218,0.9829942126630917
1008,0.5,5.0,1.681792830507429,0.5346623395182144,1.0233794978610455
1008,0.5,5.0,1.8340080864093424,0.4942490673924248,1.0636098158531317
1008,0.5,5.0,2.0,0.45392379933963284,1.1036262930507206
1008,0.5,5.0,2.1810154653305154,0.4137493964051725,1.1434654010878387
1008,0.5,5.0,2.378414230005442,0.3738407961775627,1.183001312392819
1008,0.5,5.0,2.5936791093020193,0.33409340314947694,1.2222270782562181
1008,0.5,5.0,2.82842712474619,0.2946305597517032,1.2611343745622017
1008,0.5,5.0,3.0844216508158815,0.25541902154836865,1.299749473542793
1008,0.5,5.0,3.363585661014858,0.216372999119857,1.338113918654693
1008,0.5,5.0,3.668016172818685,0.17742802416321302,1.376159431205666
1008,0.5,5.0,4.0,0.13863701112290705,1.4141993162372077
1008,0.5,5.0,4.362030930661031,0.10014887503808836,1.452026202778228
1008,0.5,5.0,4.756828460010884,0.06189744973597549,1.4896466786994806
1008,0.5,5.0,5.187358218604039,0.02403086940494007,1.5269453410604494
1008,0.5,5.0,5.656854249492381,-0.013593597275502783,1.5639852332651611
1008,0.5,5.0,6.168843301631764,-0.05092983401255603,1.6007185885653585
1008,0.5,5.0,6.727171322029717,-0.08764958491184777,1.6369967769801201
1008,0.5,5.0,7.336032345637371,-0.12391144805154915,1.6728555475286675
1008,0.5,5.0,8.0,-0.15980161052762834,1.708317565660979
1009,0.5,3.0,1.0,0.7137257916991111,0.7137257916991113
1009,0.5,3.0,1.0905077326652577,0.6719069116135836,0.75549873908153
1009,0.5,3.0,1.189207115002721,0.630071839631233,0.7971940949719387
1009,0.5,3.0,1.2968395546510096,0.588242965721833,0.83877495133673
1009,0.5,3.0,1.4142135623730951,0.5464601451539719,0.8802021068083429
1009,0.5,3.0,1.5422108254079407,0.5047326789643211,0.9214214303537427
1009,0.5,3.0,1.681792830507429,0.46305484150709203,0.9624136394115697
1009,0.5,3.0,1.8340080864093424,0.42141256459326004,1.0031464818039606
1009,0.5,3.0,2.0,0.3798637115597903,1.0435961578034942
1009,0.5,3.0,2.1810154653305154,0.33846111282148805,1.0837035815328848
1009,0.5,3.0,2.378414230005442,0.2972980104485611,1.1234651689726198
1009,0.5,3.0,2.5936791093020193,0.25632232311925457,1.1629707144861496
1009,0.5,3.0,2.82842712474619,0.2155229301006827,1.2021655768935733
1009,0.5,3.0,3.0844216508158815,0.17493591129985367,1.241067007112273
1009,0.5,3.0,3.363585661014858,0.1345416331231216,1.2797725840764511
1009,0.5,3.0,3.668016172818685,0.09446172609140754,1.318186609818679
1009,0.5,3.0,4.0,0.054771086181645987,1.356141282205427
1009,0.5,3.0,4.362030930661031,0.015463142802864207,1.3936299561474128
1009,0.5,3.0,4.756828460010884,-0.02343386499524747,1.430922748356057
1009,0.5,3.0,5.187358218604039,-0.06186038654836994,1.4680358220912948
1009,0.5,3.0,5.656854249492381,-0.1000312783001356,1.5049815611534438
1009,0.5,3.0,6.168843301631764,-0.1379120479497263,1.541745937278839
1009,0.5,3.0,6.727171322029717,-0.17532728755239443,1.5779989634080742
1009,0.5,3.0,7.336032345637371,-0.2125027131448537,1.6137267194278806
1009,0.5,3.0,8.0,-0.2493346502478071,1.6490832734950793
1009,0.5,5.0,1.0,0.7831696329621027,0.7831696329621027
1009,0.5,5.0,1.0905077326652577,0.7426616397738773,0.8236467099578538
1009,0.5,5.0,1.189207115002721,0.7021585807362601,0.8640603111235962
1009,0.5,5.0,1.2968395546510096,0.6616842675564252,0.9043591324011666
1009,0.5,5.0,1.4142135623730951,0.6212815480010098,0.9444953487115515
1009,0.5,5.0,1.5422108254079407,0.58096457128612,0.9844684737438042
1009,0.5,5.0,1.681792830507429,0.5407884425968003,1.0242308635025612
1009,0.5,5.0,1.8340080864093424,0.5007404333170856,1.0637538882555009
1009,0.5,5.0,2.0,0.46079606943122603,1.102999770014216
1009,0.5,5.0,2.1810154653305154,0.42092444821174924,1.1419788163596607
1009,0.5,5.0,2.378414230005442,0.3812177305169959,1.1807169646512572
1009,0.5,5.0,2.5936791093020193,0.3417648533547731,1.2191869942955278
1009,0.5,5.0,2.82842712474619,0.30261067909640926,1.25739447379874
1009,0.5,5.0,3.0844216508158815,0.26369849433552667,1.2954933342852983
1009,0.5,5.0,3.363585661014858,0.2249741960189185,1.3332614856238763
1009,0.5,5.0,3.668016172818685,0.18641776404299765,1.3706020140336868
1009,0.5,5.0,4.0,0.14805138935010262,1.4076123175011923
1009,0.5,5.0,4.362030930661031,0.1099713116405096,1.444528683646798
1009,0.5,5.0,4.756828460010884,0.07234231449478899,1.4812506562098364
1009,0.5,5.0,5.187358218604039,0.03497378226581077,1.5178816798147359
1009,0.5,5.0,5.656854249492381,-0.0018420322293850996,1.554175122832239
1009,0.5,5.0,6.168843301631764,-0.038276807027806045,1.5898652471390837
1009,0.5,5.0,6.727171322029717,-0.07427556818655798,1.6250385364483395
1009,0.5,5.0,7.336032345637371,-0.11014800769823978,1.6600901475194363
1009,0.5,5.0,8.0,-0.14571213509522654,1.6948890110795336
1010,0.5,3.0,1.0,0.7126826475973833,0.7126826475973838
1010,0.5,3.0,1.0905077326652577,0.6703279213103691,0.7549022800071818
1010,0.5,3.0,1.189207115002721,0.6278757936976882,0.7969774785945734
1010,0.5,3.0,1.2968395546510096,0.5853605777504091,0.8388920961606806
1010,0.5,3.0,1.4142135623730951,0.5427739615646456,0.8806168766457981
1010,0.5,3.0,1.5422108254079407,0.5001812448725045,0.9221722983074674
1010,0.5,3.0,1.681792830507429,0.4575973047124901,0.9635659386246149
1010,0.5,3.0,1.8340080864093424,0.4150092884820569,1.0047681779017932
1010,0.5,3.0,2.0,0.3724638681405438,1.0457602622658844
1010,0.5,3.0,2.1810154653305154,0.33000133580727975,1.086521058142985
1010,0.5,3.0,2.378414230005442,0.2878268137729985,1.1269788416030306
1010,0.5,3.0,2.5936791093020193,0.24592339022838122,1.1670207110268003
1010,0.5,3.0,2.82842712474619,0.20431472223539304,1.2066902865847642
1010,0.5,3.0,3.0844216508158815,0.16301780201755664,1.2460030004297142
1010,0.5,3.0,3.363585661014858,0.12210904050813347,1.285022689084454
1010,0.5,3.0,3.668016172818685,0.08138231989143531,1.32374533712899
1010,0.5,3.0,4.0,0.04091154629300626,1.362118491065964
1010,0.5,3.0,4.362030930661031,0.0006246438906710804,1.4001825970204755
1010,0.5,3.0,4.756828460010884,-0.039458779238799785,1.4380237710494002
1010,0.5,3.0,5.187358218604039,-0.079326684531786,1.4754156994288343
1010,0.5,3.0,5.656854249492381,-0.11875563715616219,1.5122685210707123
1010,0.5,3.0,6.168843301631764,-0.15777533979364375,1.5486282754578693
1010,0.5,3.0,6.727171322029717,-0.19641948897252678,1.5846532824686212
1010,0.5,3.0,7.336032345637371,-0.2349533256911404,1.6201922066584087
1010,0.5,3.0,8.0,-0.27282177265297597,1.6553041872851497
1010,0.5,5.0,1.0,0.7812433783289071,0.7812433783289072
1010,0.5,5.0,1.0905077326652577,0.7401945031913096,0.8221850429576218
1010,0.5,5.0,1.189207115002721,0.6990438799518143,0.8630028049873981
1010,0.5,5.0,1.2968395546510096,0.6578366855692023,0.9036857564312353
1010,0.5,5.0,1.4142135623730951,0.6166148273728962,0.944258953304896
1010,0.5,5.0,1.5422108254079407,0.5753978200022343,0.9847046771527052
1010,0.5,5.0,1.681792830507429,0.534150697421504,1.024983255726072
1010,0.5,5.0,1.8340080864093424,0.49298646713502836,1.0651085577932136
1010,0.5,5.0,2.0,0.45187128633883594,1.1050677835799532
1010,0.5,5.0,2.1810154653305154,0.4107751429155951,1.1447269417139494
1010,0.5,5.0,2.378414230005442,0.3697958294316399,1.1840213294741937
1010,0.5,5.0,2.5936791093020193,0.32894247835259877,1.2230108485336422
1010,0.5,5.0,2.82842712474619,0.288456179896174,1.2617147200334446
1010,0.5,5.0,3.0844216508158815,0.24829358202432256,1.3002096169822897
1010,0.5,5.0,3.363585661014858,0.20843399348280908,1.3383771123984052
1010,0.5,5.0,3.668016172818685,0.1688987041085281,1.3762711801080332
1010,0.5,5.0,4.0,0.12979082719631815,1.413895772492775
1010,0.5,5.0,4.362030930661031,0.09095326532629086,1.4511798888288363
1010,0.5,5.0,4.756828460010884,0.05230516018638732,1.48807683852542
1010,0.5,5.0,5.187358218604039,0.01377637278940571,1.5243737499138998
1010,0.5,5.0,5.656854249492381,-0.02472236299490182,1.5602109810448228
1010,0.5,5.0,6.168843301631764,-0.06311950269783309,1.595672815605067
1010,0.5,5.0,6.727171322029717,-0.10121402343330903,1.6307129937133302
1010,0.5,5.0,7.336032345637371,-0.13897357447259664,1.6654298409824062
1010,0.5,5.0,8.0,-0.17615131122464706,1.6997267791299717
1011,0.5,3.0,1.0,0.705298460747427,0.7052984607474274
1011,0.5,3.0,1.0905077326652577,0.663361892020427,0.7471688253391832
1011,0.5,3.0,1.189207115002721,0.621367574906756,0.7889659544500012
1011,0.5,3.0,1.2968395546510096,0.5793530537199861,0.8306647303963338
1011,0.5,3.0,1.4142135623730951,0.5373302383219382,0.8722587875968048
1011,0.5,3.0,1.5422108254079407,0.4953545761937225,0.913741388330249
1011,0.5,3.0,1.681792830507429,0.4534666439263009,0.9551187046642202
1011,0.5,3.0,1.8340080864093424,0.411695555549378,0.9963878302296848
1011,0.5,3.0,2.0,0.3700210894253011,1.0374665436522357
1011,0.5,3.0,2.1810154653305154,0.32843733054053653,1.0783063266948587
1011,0.5,3.0,2.378414230005442,0.28701075870118337,1.1188590057674237
1011,0.5,3.0,2.5936791093020193,0.24576164930234864,1.1590864687380984
1011,0.5,3.0,2.82842712474619,0.20472370975088822,1.199043090470149
1011,0.5,3.0,3.0844216508158815,0.16390992095183385,1.2388772224461853
1011,0.5,3.0,3.363585661014858,0.12319717030325043,1.2785478702354023
1011,0.5,3.0,3.668016172818685,0.08263588716714299,1.317934709375549
1011,0.5,3.0,4.0,0.04241892440932942,1.3571564070229107
1011,0.5,3.0,4.362030930661031,0.002468538862952316,1.3960932375333086
1011,0.5,3.0,4.756828460010884,-0.037071290071714946,1.434719948676814
1011,0.5,3.0,5.187358218604039,-0.07616772401840995,1.4732281905841864
1011,0.5,3.0,5.656854249492381,-0.11481355331872346,1.5114913948378064
1011,0.5,3.0,6.168843301631764,-0.15311753064515718,1.5493306598405023
1011,0.5,3.0,6.727171322029717,-0.1910908593029875,1.5870052024619392
1011,0.5,3.0,7.336032345637371,-0.22864341880514044,1.6245306934455819
1011,0.5,3.0,8.0,-0.26557276165570787,1.6618915196554225
1011,0.5,5.0,1.0,0.7717809826476301,0.7717809826476303
1011,0.5,5.0,1.0905077326652577,0.7311062676530213,0.8124390418137095
1011,0.5,5.0,1.189207115002721,0.6904264880113795,0.853063212240092
1011,0.5,5.0,1.2968395546510096,0.6497240612033194,0.8936613762084408
1011,0.5,5.0,1.4142135623730951,0.6090315727155514,0.9342070592176424
1011,0.5,5.0,1.5422108254079407,0.5683852586940553,0.9747318586840029
1011,0.5,5.0,1.681792830507429,0.5278125630388256,1.0151968646203555
1011,0.5,5.0,1.8340080864093424,0.487351511386848,1.055538482923153
1011,0.5,5.0,2.0,0.4470341711335712,1.0956468642572748
1011,0.5,5.0,2.1810154653305154,0.4068682699788406,1.1355255823170987
1011,0.5,5.0,2.378414230005442,0.36681070288493184,1.1751848392137068
1011,0.5,5.0,2.5936791093020193,0.3268072045613367,1.2146667132159197
1011,0.5,5.0,2.82842712474619,0.28696454759704887,1.254021419710932
1011,0.5,5.0,3.0844216508158815,0.2473148473478068,1.2931977776366763
1011,0.5,5.0,3.363585661014858,0.2079332045049368,1.332133417447882
1011,0.5,5.0,3.668016172818685,0.1687890083140282,1.3708479424670112
1011,0.5,5.0,4.0,0.129669499868658,1.4093012594858443
1011,0.5,5.0,4.362030930661031,0.09064392718163884,1.4475473073495917
1011,0.5,5.0,4.756828460010884,0.051970224679448764,1.48568379462962
1011,0.5,5.0,5.187358218604039,0.013435688671242462,1.5235952809859425
1011,0.5,5.0,5.656854249492381,-0.02476080596457722,1.5611774811877581
1011,0.5,5.0,6.168843301631764,-0.062431561824213735,1.5986000382310954
1011,0.5,5.0,6.727171322029717,-0.09947720947641793,1.6359770332136891
1011,0.5,5.0,7.336032345637371,-0.13626474734401012,1.6729976050495934
1011,0.5,5.0,8.0,-0.17278349832876325,1.7093737838419887
1012,0.5,3.0,1.0,0.7026108610015742,0.7026108610015744
1012,0.5,3.0,1.0905077326652577,0.6607743158493921,0.7443600860092415
1012,0.5,3.0,1.189207115002721,0.6188640435279853,0.786005759558846
1012,0.5,3.0,1.2968395546510096,0.576909730224139,0.8275528250508779
1012,0.5,3.0,1.4142135623730951,0.5349465197983406,0.8689314264424358
1012,0.5,3.0,1.5422108254079407,0.49302055434104636,0.9101451398046152
1012,0.5,3.0,1.681792830507429,0.45113794717877226,0.9511301906409753
1012,0.5,3.0,1.8340080864093424,0.4093265462416161,0.991898054793493
1012,0.5,3.0,2.0,0.3675858469627579,1.0323843247608593
1012,0.5,3.0,2.1810154653305154,0.3259146386352915,1.0727238920399669
1012,0.5,3.0,2.378414230005442,0.28448363439674396,1.11289625910625
1012,0.5,3.0,2.5936791093020193,0.24327615325531207,1.1528257263411166
1012,0.5,3.0,2.82842712474619,0.202324030021616,1.1925704127004113
1012,0.5,3.0,3.0844216508158815,0.16183115111983992,1.2320755844817466
1012,0.5,3.0,3.363585661014858,0.1216950115664736,1.2713117743777589
1012,0.5,3.0,3.668016172818685,0.08177192206367374,1.3103253594485142
1012,0.5,3.0,4.0,0.04217969091367289,1.3491447851060074
1012,0.5,3.0,4.362030930661031,0.0028159064259841,1.3877021630550077
1012,0.5,3.0,4.756828460010884,-0.036558283336769436,1.4257177743141136
1012,0.5,3.0,5.187358218604039,-0.07574252312940678,1.4633115883197065
1012,0.5,3.0,5.656854249492381,-0.1147176441422421,1.5005707939125323
1012,0.5,3.0,6.168843301631764,-0.15334484105790955,1.5373749481210441
1012,0.5,3.0,6.727171322029717,-0.19146734420031025,1.5737954979940756
1012,0.5,3.0,7.336032345637371,-0.2291902411436951,1.6097354542777091
1012,0.5,3.0,8.0,-0.2664609455638814,1.6452366551006914
1012,0.5,5.0,1.0,0.7687962504169228,0.7687962504169228
1012,0.5,5.0,1.0905077326652577,0.7281426904824797,0.8093981027723739
1012,0.5,5.0,1.189207115002721,0.6874501977857568,0.8499279503990594
1012,0.5,5.0,1.2968395546510096,0.6467271416084615,0.8903442991726246
1012,0.5,5.0,1.4142135623730951,0.6059943687067599,0.9306225573736636
1012,0.5,5.0,1.5422108254079407,0.5652899365058622,0.9707303608391801
1012,0.5,5.0,1.681792830507429,0.5246602887332529,1.0106518008878753
1012,0.5,5.0,1.8340080864093424,0.4841274419680905,1.0503872709436353
1012,0.5,5.0,2.0,0.44368472377656054,1.0900275753521944
1012,0.5,5.0,2.1810154653305154,0.4033274792238302,1.12950840168826
1012,0.5,5.0,2.378414230005442,0.36307432507701526,1.168818062926917
1012,0.5,5.0,2.5936791093020193,0.32291174702110637,1.2079787241407782
1012,0.5,5.0,2.82842712474619,0.28308753393424707,1.2469003888047792
1012,0.5,5.0,3.0844216508158815,0.2435426439033337,1.2855643215153456
1012,0.5,5.0,3.363585661014858,0.20428485599080726,1.3240508225793175
1012,0.5,5.0,3.668016172818685,0.16559030030047514,1.3623799663389449
1012,0.5,5.0,4.0,0.12732333536038354,1.4003963442037353
1012,0.5,5.0,4.362030930661031,0.08926577389823338,1.4379175156277515
1012,0.5,5.0,4.756828460010884,0.05156377976018511,1.4749845956422258
1012,0.5,5.0,5.187358218604039,0.01415200438284719,1.511756890827844
1012,0.5,5.0,5.656854249492381,-0.02325275670843002,1.5480363134806938
1012,0.5,5.0,6.168843301631764,-0.06062594351145883,1.5840077715551546
1012,0.5,5.0,6.727171322029717,-0.09780335480277673,1.6195459790514128
1012,0.5,5.0,7.336032345637371,-0.13474416333851066,1.6546343385150821
1012,0.5,5.0,8.0,-0.1712132155958348,1.6891457873779676
1013,0.5,3.0,1.0,0.709734333838156,0.709734333838156
1013,0.5,3.0,1.0905077326652577,0.6679479166226452,0.7514229505004247
1013,0.5,3.0,1.189207115002721,0.6260837582346521,0.7929907550576507
1013,0.5,3.0,1.2968395546510096,0.5841517853519061,0.8344145105088553
1013,0.5,3.0,1.4142135623730951,0.5421913723128222,0.8756509140403668
1013,0.5,3.0,1.5422108254079407,0.5002542904167723,0.9167234670648643
1013,0.5,3.0,1.681792830507429,0.4583528931588561,0.9576871152401639
1013,0.5,3.0,1.8340080864093424,0.4164783030445297,0.9984209001070955
1013,0.5,3.0,2.0,0.3746580403274851,1.038963882959058
1013,0.5,3.0,2.1810154653305154,0.33287671193071344,1.079288648286101
1013,0.5,3.0,2.378414230005442,0.2912564598994921,1.1193642517939604
1013,0.5,3.0,2.5936791093020193,0.24992753533291154,1.1592396795048663
1013,0.5,3.0,2.82842712474619,0.20889046119195337,1.1988309567749846
1013,0.5,3.0,3.0844216508158815,0.16817922801763557,1.238114512362845
1013,0.5,3.0,3.363585661014858,0.12785816009033824,1.2769993199612335
1013,0.5,3.0,3.668016172818685,0.0881258682574577,1.3155301524449021
1013,0.5,3.0,4.0,0.04864302393911941,1.353757709806665
1013,0.5,3.0,4.362030930661031,0.009450971663879523,1.3915897864254214
1013,0.5,3.0,4.756828460010884,-0.029569395792085073,1.4290032374552442
1013,0.5,3.0,5.187358218604039,-0.06829072334748373,1.4660688647933626
1013,0.5,3.0,5.656854249492381,-0.10665780806975941,1.5027073943862304
1013,0.5,3.0,6.168843301631764,-0.14506721960095686,1.5389062188360974
1013,0.5,3.0,6.727171322029717,-0.1831837860343774,1.5744266131211504
1013,0.5,3.0,7.336032345637371,-0.22071064103785448,1.6094875029626907
1013,0.5,3.0,8.0,-0.25764034421089327,1.6438971640915931
1013,0.5,5.0,1.0,0.777763166707715,0.7777631667077154
1013,0.5,5.0,1.0905077326652577,0.7372745930698804,0.8181776391267024
1013,0.5,5.0,1.189207115002721,0.6967393713748389,0.8584842987347744
1013,0.5,5.0,1.2968395546510096,0.6561827818340639,0.8986606786279363
1013,0.5,5.0,1.4142135623730951,0.6155921652567968,0.9387610188662132
1013,0.5,5.0,1.5422108254079407,0.5749798996772796,0.9787431891070727
1013,0.5,5.0,1.681792830507429,0.5344111847086553,1.0185632578854469
1013,0.5,5.0,1.8340080864093424,0.4939237459073024,1.0582470285314065
1013,0.5,5.0,2.0,0.453523796825175,1.0977429947038615
1013,0.5,5.0,2.1810154653305154,0.41318610690766844,1.1370786023286543
1013,0.5,5.0,2.378414230005442,0.37296618289431,1.1762092459491973
1013,0.5,5.0,2.5936791093020193,0.3328115398074056,1.2150694734454348
1013,0.5,5.0,2.82842712474619,0.29288181915811434,1.2535733691437068
1013,0.5,5.0,3.0844216508158815,0.25328340713441005,1.2917818979116467
1013,0.5,5.0,3.363585661014858,0.214035746939966,1.3296802249453994
1013,0.5,5.0,3.668016172818685,0.1751584091549055,1.3672788018961641
1013,0.5,5.0,4.0,0.13666717387249713,1.4044692053651828
1013,0.5,5.0,4.362030930661031,0.09881563369622452,1.4413388638714089
1013,0.5,5.0,4.756828460010884,0.06130232917492169,1.4779256114727766
1013,0.5,5.0,5.187358218604039,0.024042096342252482,1.5140623405357705
1013,0.5,5.0,5.656854249492381,-0.013023185683201802,1.5497336220647282
1013,0.5,5.0,6.168843301631764,-0.0499780654403115,1.5847600991550428
1013,0.5,5.0,6.727171322029717,-0.08639965993037915,1.619411475747048
1013,0.5,5.0,7.336032345637371,-0.12278710822130363,1.6533176770802673
1013,0.5,5.0,8.0,-0.15923795182937173,1.6867132319736344
1014,0.5,3.0,1.0,0.7090162226021912,0.7090162226021912
1014,0.5,3.0,1.0905077326652577,0.6667485299068179,0.7511880497317532
1014,0.5,3.0,1.189207115002721,0.624410570856624,0.7932275207210585
1014,0.5,3.0,1.2968395546510096,0.5820426541307044,0.8351125134855775
1014,0.5,3.0,1.4142135623730951,0.5396918074411936,0.8768458877946964
1014,0.5,3.0,1.5422108254079407,0.49740895496561,0.9183930933931119
1014,0.5,3.0,1.681792830507429,0.4552170924857017,0.9596554035275924
1014,0.5,3.0,1.8340080864093424,0.41311756489638335,1.0006580653800516
1014,0.5,3.0,2.0,0.37113858685443096,1.0413929276953109
1014,0.5,3.0,2.1810154653305154,0.32929074913738937,1.0818545799258874
1014,0.5,3.0,2.378414230005442,0.28761614201018415,1.1221423854659824
1014,0.5,3.0,2.5936791093020193,0.24610781536053006,1.1621727950644456
1014,0.5,3.0,2.82842712474619,0.20477395675238544,1.2018513380133704
1014,0.5,3.0,3.0844216508158815,0.16369284796372024,1.2411923234245306
1014,0.5,3.0,3.363585661014858,0.12303612921279806,1.2802584526823366
1014,0.5,3.0,3.668016172818685,0.0826046765924594,1.3189029140375825
1014,0.5,3.0,4.0,0.04239981380077691,1.3571135957325247
1014,0.5,3.0,4.362030930661031,0.0026135866382259424,1.3949985492607766
1014,0.5,3.0,4.756828460010884,-0.03690938629397482,1.4324860863368822
1014,0.5,3.0,5.187358218604039,-0.07637308670258242,1.4695679818419467
1014,0.5,3.0,5.656854249492381,-0.11527748796026839,1.5061278222412897
1014,0.5,3.0,6.168843301631764,-0.15371054484900853,1.5422266208788868
1014,0.5,3.0,6.727171322029717,-0.19182087136650908,1.5780622103834456
1014,0.5,3.0,7.336032345637371,-0.22939085934062697,1.6134135612192058
1014,0.5,3.0,8.0,-0.26686166446520887,1.6485536149762305
1014,0.5,5.0,1.0,0.7780597902667371,0.7780597902667371
1014,0.5,5.0,1.0905077326652577,0.7370340037101449,0.8190001538090235
1014,0.5,5.0,1.189207115002721,0.695959380038172,0.8598411684503899
1014,0.5,5.0,1.2968395546510096,0.6548514374203329,0.9005869775844859
1014,0.5,5.0,1.4142135623730951,0.6137265545072156,0.9411573321825125
1014,0.5,5.0,1.5422108254079407,0.5726755021853753,0.981523582852116
1014,0.5,5.0,1.681792830507429,0.5317046952606537,1.0216927664278108
1014,0.5,5.0,1.8340080864093424,0.49090563710220614,1.0616200869472272
1014,0.5,5.0,2.0,0.4502112848858791,1.1013798611119097
1014,0.5,5.0,2.1810154653305154,0.40966184927574995,1.1410094140584761
1014,0.5,5.0,2.378414230005442,0.3692533159858511,1.1803526461147837
1014,0.5,5.0,2.5936791093020193,0.32902924066948186,1.2194084389536197
1014,0.5,5.0,2.82842712474619,0.2890430305691292,1.2581687243526645
1014,0.5,5.0,3.0844216508158815,0.24928044736891494,1.2966467720832564
1014,0.5,5.0,3.363585661014858,0.209736949436617,1.3346615893839082
1014,0.5,5.0,3.668016172818685,0.17047122651324004,1.372389520495704
1014,0.5,5.0,4.0,0.1316700811979452,1.4097526444243247
1014,0.5,5.0,4.362030930661031,0.09315663713853035,1.4467712738839995
1014,0.5,5.0,4.756828460010884,0.05493272191668679,1.4833640148852385
1014,0.5,5.0,5.187358218604039,0.01711769978481177,1.5195612730315202
1014,0.5,5.0,5.656854249492381,-0.020303298560616603,1.5552376819834541
1014,0.5,5.0,6.168843301631764,-0.05772160086580873,1.590634876552277
1014,0.5,5.0,6.727171322029717,-0.09479397086760537,1.6256044426816096
1014,0.5,5.0,7.336032345637371,-0.13129536162015076,1.6603924484446806
1014,0.5,5.0,8.0,-0.16739100011662897,1.694591279772987
1015,0.5,3.0,1.0,0.7140675142339199,0.7140675142339201
1015,0.5,3.0,1.0905077326652577,0.6722726211993684,0.7557676454523249
1015,0.5,3.0,1.189207115002721,0.630400579555855,0.7973356128360308
1015,0.5,3.0,1.2968395546510096,0.5884568348663103,0.8387517665692483
1015,0.5,3.0,1.4142135623730951,0.5465227305110693,0.8799488321031046
1015,0.5,3.0,1.5422108254079407,0.5046075571104237,0.920968472747064
1015,0.5,3.0,1.681792830507429,0.46271035470703675,0.9618229935255366
1015,0.5,3.0,1.8340080864093424,0.42080251516888745,1.0024565650471626
1015,0.5,3.0,2.0,0.3789352966627843,1.0428351862113279
1015,0.5,3.0,2.1810154653305154,0.3371198645953552,1.0829313474056053
1015,0.5,3.0,2.378414230005442,0.29542804107414444,1.1227261208549273
1015,0.5,3.0,2.5936791093020193,0.25403084382700286,1.162275847854222
1015,0.5,3.0,2.82842712474619,0.21275783510106175,1.2015927787197815
1015,0.5,3.0,3.0844216508158815,0.17162729882775632,1.240500597703027
1015,0.5,3.0,3.363585661014858,0.13066742904641332,1.2790672297644903
1015,0.5,3.0,3.668016172818685,0.08987226560568895,1.317420096552847
1015,0.5,3.0,4.0,0.04950908070915919,1.3554802620751465
1015,0.5,3.0,4.362030930661031,0.00949057437160276,1.3933164997056044
1015,0.5,3.0,4.756828460010884,-0.030369058681123804,1.4308617325751605
1015,0.5,3.0,5.187358218604039,-0.0698807390125699,1.4679913920296208
1015,0.5,3.0,5.656854249492381,-0.1090323078516627,1.5047486148134284
1015,0.5,3.0,6.168843301631764,-0.1480092256185765,1.5414192306027175
1015,0.5,3.0,6.727171322029717,-0.18692511043000687,1.5780319565358458
1015,0.5,3.0,7.336032345637371,-0.22551551419498392,1.6141343625450328
1015,0.5,3.0,8.0,-0.26368870004933426,1.649790929807594
1015,0.5,5.0,1.0,0.7819481688514616,0.7819481688514618
1015,0.5,5.0,1.0905077326652577,0.7413784128008467,0.8224372891770647
1015,0.5,5.0,1.189207115002721,0.7007643370735308,0.8628036588039456
1015,0.5,5.0,1.2968395546510096,0.6601220356060481,0.9030197922544166
1015,0.5,5.0,1.4142135623730951,0.6194527696045903,0.9431325079049153
1015,0.5,5.0,1.5422108254079407,0.5787683003951407,0.9831115120596345
1015,0.5,5.0,1.681792830507429,0.5381758603196937,1.0229149557688266
1015,0.5,5.0,1.8340080864093424,0.4976501340251214,1.0625385601727038
1015,0.5,5.0,2.0,0.4571613498460422,1.1019025436680003
1015,0.5,5.0,2.1810154653305154,0.4166834537963061,1.1410316927806021
1015,0.5,5.0,2.378414230005442,0.3763146110041777,1.179987506528797
1015,0.5,5.0,2.5936791093020193,0.33602644252071473,1.2186544048383128
1015,0.5,5.0,2.82842712474619,0.29590689522396985,1.2569807847747712
1015,0.5,5.0,3.0844216508158815,0.25616315873131906,1.2951134151512798
1015,0.5,5.0,3.363585661014858,0.21659407085969146,1.333044033807714
1015,0.5,5.0,3.668016172818685,0.1771587006083554,1.3707575822399063
1015,0.5,5.0,4.0,0.13797112881604962,1.4082380399128052
1015,0.5,5.0,4.362030930661031,0.09889283075385298,1.4454189605386867
1015,0.5,5.0,4.756828460010884,0.0602226134055641,1.4821488321006409
1015,0.5,5.0,5.187358218604039,0.021992896898484493,1.5185616020704544
1015,0.5,5.0,5.656854249492381,-0.016174034589913896,1.554955380644716
1015,0.5,5.0,6.168843301631764,-0.054142060852758134,1.591249292486348
1015,0.5,5.0,6.727171322029717,-0.0917247489182714,1.6269009835162165
1015,0.5,5.0,7.336032345637371,-0.12906708733592004,1.6622190322947519
1015,0.5,5.0,8.0,-0.16637372160447558,1.69727312491419
1016,0.5,3.0,1.0,0.7055405186458303,0.7055405186458306
1016,0.5,3.0,1.0905077326652577,0.6633719562903391,0.7476023366931261
1016,0.5,3.0,1.189207115002721,0.6211283618212249,0.7895180602324675
1016,0.5,3.0,1.2968395546510096,0.5788258414042716,0.831289880678753
1016,0.5,3.0,1.4142135623730951,0.5365097080185836,0.8728744368038317
1016,0.5,3.0,1.5422108254079407,0.4942111303817232,0.91425982337878
1016,0.5,3.0,1.681792830507429,0.4519705284872525,0.9554468178443957
1016,0.5,3.0,1.8340080864093424,0.40980013571563184,0.9963369416686805
1016,0.5,3.0,2.0,0.36776172947053487,1.0370118422074772
1016,0.5,3.0,2.1810154653305154,0.3258911254249929,1.0773511525618573
1016,0.5,3.0,2.378414230005442,0.2841960433011299,1.117340111980538
1016,0.5,3.0,2.5936791093020193,0.24263439980965418,1.156974391362722
1016,0.5,3.0,2.82842712474619,0.20130119446842692,1.1963423518409442
1016,0.5,3.0,3.0844216508158815,0.16016065631531856,1.2353883046909997
1016,0.5,3.0,3.363585661014858,0.11940543784492572,1.2739851977452883
1016,0.5,3.0,3.668016172818685,0.07900863106182733,1.3123123212904635
1016,0.5,3.0,4.0,0.038641337158583366,1.3502354291506764
1016,0.5,3.0,4.362030930661031,-0.0014893239363197588,1.387743852279875
1016,0.5,3.0,4.756828460010884,-0.041172893972019786,1.425094806631906
1016,0.5,3.0,5.187358218604039,-0.08033483510599465,1.4623204559806022
1016,0.5,3.0,5.656854249492381,-0.11894794419322251,1.4991074058611051
1016,0.5,3.0,6.168843301631764,-0.1571271049138917,1.535425451578147
1016,0.5,3.0,6.727171322029717,-0.19514134365990826,1.5715009093156909
1016,0.5,3.0,7.336032345637371,-0.2325841530661096,1.607279346567682
1016,0.5,3.0,8.0,-0.2693866718950864,1.6423901672499723
1016,0.5,5.0,1.0,0.7737492394276834,0.7737492394276838
1016,0.5,5.0,1.0905077326652577,0.7327870975002406,0.8146103729351816
1016,0.5,5.0,1.189207115002721,0.691753963213573,0.855358658588413
1016,0.5,5.0,1.2968395546510096,0.6506737428837795,0.8959558593439613
1016,0.5,5.0,1.4142135623730951,0.6095829192391349,0.9364229568178405
1016,0.5,5.0,1.5422108254079407,0.5684926876530558,0.9766917999984502
1016,0.5,5.0,1.681792830507429,0.5274490773468093,1.0167461525356916
1016,0.5,5.0,1.8340080864093424,0.48648238275420985,1.0565958087387382
1016,0.5,5.0,2.0,0.44562712621866457,1.0961299370152742
1016,0.5,5.0,2.1810154653305154,0.40489456655040845,1.1353737833308373
1016,0.5,5.0,2.378414230005442,0.36437927375609275,1.1743932240720505
1016,0.5,5.0,2.5936791093020193,0.32403811999893767,1.213106028313385
1016,0.5,5.0,2.82842712474619,0.2839068127757508,1.251472535536152
1016,0.5,5.0,3.0844216508158815,0.24390311954664912,1.2895381123624279
1016,0.5,5.0,3.363585661014858,0.20415353685642346,1.3273273436203625
1016,0.5,5.0,3.668016172818685,0.1645655544495999,1.3647797263445391
1016,0.5,5.0,4.0,0.12531833571336684,1.401954285841065
1016,0.5,5.0,4.362030930661031,0.08646233623111216,1.4390450433635904
1016,0.5,5.0,4.756828460010884,0.04763422897991656,1.4759302137177817
1016,0.5,5.0,5.187358218604039,0.00885753186428075,1.5123116473825131
1016,0.5,5.0,5.656854249492381,-0.029574455127280026,1.5482455075436807
1016,0.5,5.0,6.168843301631764,-0.06739713997804495,1.5841675791960261
1016,0.5,5.0,6.727171322029717,-0.10473755649438028,1.6195376595444975
1016,0.5,5.0,7.336032345637371,-0.14136965836931453,1.6542685678618967
1016,0.5,5.0,8.0,-0.1779393612459519,1.688526509096966
1017,0.5,3.0,1.0,0.7059915237541747,0.7059915237541747
1017,0.5,3.0,1.0905077326652577,0.6638464965610432,0.7480677801519262
1017,0.5,3.0,1.189207115002721,0.6216735339263639,0.7900468909781068
1017,0.5,3.0,1.2968395546510096,0.5795033999631172,0.8319042408634585
1017,0.5,3.0,1.4142135623730951,0.5374004012123748,0.8735988223259374
1017,0.5,3.0,1.5422108254079407,0.49536893809036314,0.9150932253896076
1017,0.5,3.0,1.681792830507429,0.45340905212773025,0.9564137007154729
1017,0.5,3.0,1.8340080864093424,0.4115866118757704,0.9974827763299051
1017,0.5,3.0,2.0,0.3698429537358011,1.038304910042647
1017,0.5,3.0,2.1810154653305154,0.3282420678910353,1.0788799739464816
1017,0.5,3.0,2.378414230005442,0.28686983265073734,1.1191972068638534
1017,0.5,3.0,2.5936791093020193,0.24559170820207304,1.1593260560272238
1017,0.5,3.0,2.82842712474619,0.20455604297731128,1.1991064281433195
1017,0.5,3.0,3.0844216508158815,0.1637893387352054,1.2385802967395327
1017,0.5,3.0,3.363585661014858,0.12317179718180836,1.2776488730182014
1017,0.5,3.0,3.668016172818685,0.08297417105754232,1.316142100787539
1017,0.5,3.0,4.0,0.04324371915175492,1.3541879844008005
1017,0.5,3.0,4.362030930661031,0.0037954013872173145,1.391769403511885
1017,0.5,3.0,4.756828460010884,-0.03536977310524094,1.4288928855817373
1017,0.5,3.0,5.187358218604039,-0.07425654409649297,1.4658120987248167
1017,0.5,3.0,5.656854249492381,-0.11301508671011201,1.502408723330949
1017,0.5,3.0,6.168843301631764,-0.15137367195580326,1.538582087057259
1017,0.5,3.0,6.727171322029717,-0.18948349236361797,1.574330291729479
1017,0.5,3.0,7.336032345637371,-0.22734296304392188,1.6095050891168021
1017,0.5,3.0,8.0,-0.2649325935232198,1.6439873442818334
1017,0.5,5.0,1.0,0.7730674549485789,0.7730674549485791
1017,0.5,5.0,1.0905077326652577,0.7321702490422259,0.8139214923746068
1017,0.5,5.0,1.189207115002721,0.6912542768990136,0.8547046323402757
1017,0.5,5.0,1.2968395546510096,0.6503726117486731,0.8953690091567781
1017,0.5,5.0,1.4142135623730951,0.6095583604772434,0.9358951459393408
1017,0.5,5.0,1.5422108254079407,0.56883863553779,0.9762580256855589
1017,0.5,5.0,1.681792830507429,0.5282859179025093,1.0164361209001807
1017,0.5,5.0,1.8340080864093424,0.4878452841347649,1.0564070290542382
1017,0.5,5.0,2.0,0.4475786035816917,1.0961840162459646
1017,0.5,5.0,2.1810154653305154,0.40748373451693987,1.1357782408029131
1017,0.5,5.0,2.378414230005442,0.36750816301909367,1.1752152265696683
1017,0.5,5.0,2.5936791093020193,0.3277341518309368,1.2143220383218396
1017,0.5,5.0,2.82842712474619,0.28827690112803755,1.253227095216189
1017,0.5,5.0,3.0844216508158815,0.24892426509675028,1.2916773770494432
1017,0.5,5.0,3.363585661014858,0.20983104909798925,1.3296459322083976
1017,0.5,5.0,3.668016172818685,0.17111482360894253,1.3672702850242668
1017,0.5,5.0,4.0,0.13254682685681296,1.4043270159826253
1017,0.5,5.0,4.362030930661031,0.09438213195839228,1.44101817916067
1017,0.5,5.0,4.756828460010884,0.056823263705642085,1.4775105892169653
1017,0.5,5.0,5.187358218604039,0.019531077609776935,1.513577136310792
1017,0.5,5.0,5.656854249492381,-0.01743932320053619,1.5492622665209568
1017,0.5,5.0,6.168843301631764,-0.05407157042322918,1.5844919879624122
1017,0.5,5.0,6.727171322029717,-0.09054246351715081,1.6191750187849498
1017,0.5,5.0,7.336032345637371,-0.12678060680776776,1.653089696283913
1017,0.5,5.0,8.0,-0.16281358417582012,1.6860483109482165
1018,0.5,3.0,1.0,0.705716431092755,0.7057164310927552
1018,0.5,3.0,1.0905077326652577,0.6636070379014268,0.7477188875186654
1018,0.5,3.0,1.189207115002721,0.6214334681958655,0.7895921795280056
1018,0.5,3.0,1.2968395546510096,0.5792414823087163,0.831321148698792
1018,0.5,3.0,1.4142135623730951,0.5370836499789737,0.8728909579980678
1018,0.5,3.0,1.5422108254079407,0.494994705004394,0.9142566498551247
1018,0.5,3.0,1.681792830507429,0.4529372606860029,0.9553947446787714
1018,0.5,3.0,1.8340080864093424,0.41098688172830755,0.9963294482862234
1018,0.5,3.0,2.0,0.3692172553697248,1.036986912846848
1018,0.5,3.0,2.1810154653305154,0.3275674902923261,1.0772772893872276
1018,0.5,3.0,2.378414230005442,0.285959958410678,1.1172100323655474
1018,0.5,3.0,2.5936791093020193,0.24459623136837694,1.1568458047162242
1018,0.5,3.0,2.82842712474619,0.20340789568473483,1.1961610486058658
1018,0.5,3.0,3.0844216508158815,0.16238463397798614,1.2351278616309884
1018,0.5,3.0,3.363585661014858,0.12162251775065278,1.2738674152634355
1018,0.5,3.0,3.668016172818685,0.08110879864734434,1.3123327521660855
1018,0.5,3.0,4.0,0.04096714695049891,1.3504970480528806
1018,0.5,3.0,4.362030930661031,0.0009636489194255241,1.3882839632946153
1018,0.5,3.0,4.756828460010884,-0.03881351753915462,1.425701779623932
1018,0.5,3.0,5.187358218604039,-0.07813639690315016,1.462717110943112
1018,0.5,3.0,5.656854249492381,-0.11704445203130329,1.4994085816806104
1018,0.5,3.0,6.168843301631764,-0.1555408716220926,1.5357324350276829
1018,0.5,3.0,6.727171322029717,-0.19378232873661846,1.5715737350156835
1018,0.5,3.0,7.336032345637371,-0.23168554599930782,1.6069175390556485
1018,0.5,3.0,8.0,-0.2690350523158779,1.6417914211718654
1018,0.5,5.0,1.0,0.7732631335171158,0.7732631335171161
1018,0.5,5.0,1.0905077326652577,0.7324215776513977,0.8140173832385258
1018,0.5,5.0,1.189207115002721,0.6915088347173616,0.854667055557204
1018,0.5,5.0,1.2968395546510096,0.6505639336235565,0.8951801867071705
1018,0.5,5.0,1.4142135623730951,0.6096372839412221,0.9355345779736255
1018,0.5,5.0,1.5422108254079407,0.568802601896199,0.9757175843482603
1018,0.5,5.0,1.681792830507429,0.5280801923989427,1.015709514531995
1018,0.5,5.0,1.8340080864093424,0.48747893978545387,1.0554210709144538
1018,0.5,5.0,2.0,0.4469507391790457,1.094803005372204
1018,0.5,5.0,2.1810154653305154,0.4066226062624619,1.1339368533250787
1018,0.5,5.0,2.378414230005442,0.36654825673753616,1.1727719010929776
1018,0.5,5.0,2.5936791093020193,0.32657996928855637,1.211323658252575
1018,0.5,5.0,2.82842712474619,0.28665483423424143,1.2495943490346255
1018,0.5,5.0,3.0844216508158815,0.24700010455741694,1.287685392713783
1018,0.5,5.0,3.363585661014858,0.20752846765718694,1.3255534422342394
1018,0.5,5.0,3.668016172818685,0.1681516514028492,1.3630982694502538
1018,0.5,5.0,4.0,0.129091585124601,1.4002622054188256
1018,0.5,5.0,4.362030930661031,0.090254101751318,1.437072434138208
1018,0.5,5.0,4.756828460010884,0.05186388010445539,1.4735554135949311
1018,0.5,5.0,5.187358218604039,0.013738869090640026,1.5097629162060138
1018,0.5,5.0,5.656854249492381,-0.024277122859330175,1.545678440842915
1018,0.5,5.0,6.168843301631764,-0.06180397319716954,1.5811188512739738
1018,0.5,5.0,6.727171322029717,-0.09892986593264069,1.616044183113818
1018,0.5,5.0,7.336032345637371,-0.13562390028231386,1.6505474400856455
1018,0.5,5.0,8.0,-0.17179978843140417,1.684768404864829
1019,0.5,3.0,1.0,0.7122370378369549,0.7122370378369549
1019,0.5,3.0,1.0905077326652577,0.669707152479908,0.7546426119883581
1019,0.5,3.0,1.189207115002721,0.6270939485694224,0.7968895592486878
1019,0.5,3.0,1.2968395546510096,0.5844435060903483,0.8389846429787734
1019,0.5,3.0,1.4142135623730951,0.5418126183688609,0.8808926422647967
1019,0.5,3.0,1.5422108254079407,0.49917835864971843,0.9225992239428928
1019,0.5,3.0,1.681792830507429,0.45658740146576204,0.9640792972914983
1019,0.5,3.0,1.8340080864093424,0.41405813109315953,1.0053056158393219
1019,0.5,3.0,2.0,0.3717269039131082,1.0462802011121608
1019,0.5,3.0,2.1810154653305154,0.32961511608466887,1.087012325134738
1019,0.5,3.0,2.378414230005442,0.28779824991659714,1.1274696485775832
1019,0.5,3.0,2.5936791093020193,0.24620971048761356,1.1675362446670623
1019,0.5,3.0,2.82842712474619,0.20480293870008504,1.2072765926051658
1019,0.5,3.0,3.0844216508158815,0.1635839836426151,1.2467004416470877
1019,0.5,3.0,3.363585661014858,0.12261315626856352,1.2858817488162182
1019,0.5,3.0,3.668016172818685,0.08180866707476055,1.32473025036515
1019,0.5,3.0,4.0,0.041420428470695304,1.3630342560378605
1019,0.5,3.0,4.362030930661031,0.0014616783794356763,1.4007459217280351
1019,0.5,3.0,4.756828460010884,-0.038321483708966195,1.4378814496436905
1019,0.5,3.0,5.187358218604039,-0.07763395070795705,1.4746198231430268
1019,0.5,3.0,5.656854249492381,-0.11661995262021127,1.510947599203175
1019,0.5,3.0,6.168843301631764,-0.15526281786399593,1.5469283675745162
1019,0.5,3.0,6.727171322029717,-0.1935001206652357,1.582465708709917
1019,0.5,3.0,7.336032345637371,-0.23117930079965204,1.6174648987352387
1019,0.5,3.0,8.0,-0.26829978756111716,1.6519121541534367
1019,0.5,5.0,1.0,0.7831701369682773,0.7831701369682773
1019,0.5,5.0,1.0905077326652577,0.7420331425134543,0.8241893312923425
1019,0.5,5.0,1.189207115002721,0.7008043863400223,0.8650900320756281
1019,0.5,5.0,1.2968395546510096,0.6595273219846137,0.9058533720028079
1019,0.5,5.0,1.4142135623730951,0.6182354620912228,0.9464672474977652
1019,0.5,5.0,1.5422108254079407,0.5769876548350027,0.98691452297963
1019,0.5,5.0,1.681792830507429,0.5358317009326089,1.0271538644316476
1019,0.5,5.0,1.8340080864093424,0.49472044993936437,1.0671939294824255
1019,0.5,5.0,2.0,0.4537111377657367,1.1070733010705627
1019,0.5,5.0,2.1810154653305154,0.4128068662098664,1.1466833406762234
1019,0.5,5.0,2.378414230005442,0.3721606520564573,1.1859376403854616
1019,0.5,5.0,2.5936791093020193,0.33177698649959,1.2249696237961238
1019,0.5,5.0,2.82842712474619,0.291773966180269,1.2637055624998035
1019,0.5,5.0,3.0844216508158815,0.25204794511101647,1.3021668873643486
1019,0.5,5.0,3.363585661014858,0.2125190359637528,1.3403281674990852
1019,0.5,5.0,3.668016172818685,0.17314160341555157,1.377938125965546
1019,0.5,5.0,4.0,0.13397224515364342,1.414963796630394
1019,0.5,5.0,4.362030930661031,0.09502681440817777,1.451456836058822
1019,0.5,5.0,4.756828460010884,0.05627842318055553,1.4876244641527152
1019,0.5,5.0,5.187358218604039,0.01815744810396591,1.5234550389914892
1019,0.5,5.0,5.656854249492381,-0.019714573190597728,1.5590002920840955
1019,0.5,5.0,6.168843301631764,-0.057452834458706865,1.5941214543700282
1019,0.5,5.0,6.727171322029717,-0.09473923103034516,1.6287425829663849
1019,0.5,5.0,7.336032345637371,-0.13176457539399403,1.6627201835593317
1019,0.5,5.0,8.0,-0.16856739528968387,1.69627683422304
1000,1.5,3.0,1.0,0.6866056015964572,0.6866056015964573
1000,1.5,3.0,1.0905077326652577,0.6226214878950763,0.7505900616009926
1000,1.5,3.0,1.189207115002721,0.5586459564335726,0.8145167385730263
1000,1.5,3.0,1.2968395546510096,0.49468881774863444,0.8783262328085615
1000,1.5,3.0,1.4142135623730951,0.43076191571330497,0.9420158692817701
1000,1.5,3.0,1.5422108254079407,0.3669934305230205,1.0056131944028337
1000,1.5,3.0,1.681792830507429,0.3034609891327113,1.0689324273218925
1000,1.5,3.0,1.8340080864093424,0.24018321352666724,1.1320845141613025
1000,1.5,3.0,2.0,0.1772579121110245,1.1949713404479443
1000,1.5,3.0,2.1810154653305154,0.1147445437151917,1.257467055503185
1000,1.5,3.0,2.378414230005442,0.052438706199802655,1.3196626199525858
1000,1.5,3.0,2.5936791093020193,-0.009485096090002454,1.3813553441610686
1000,1.5,3.0,2.82842712474619,-0.07088606519080866,1.4425484850584158
1000,1.5,3.0,3.0844216508158815,-0.13202051252056143,1.5031750344280417
1000,1.5,3.0,3.363585661014858,-0.19258067310397517,1.5632493397610212
1000,1.5,3.0,3.668016172818685,-0.2527467649885574,1.622735119418391
1000,1.5,3.0,4.0,-0.3123450041585709,1.6816750644717497
1000,1.5,3.0,4.362030930661031,-0.37133744540004876,1.739647541556586
1000,1.5,3.0,4.756828460010884,-0.43009145213589806,1.796950546454798
1000,1.5,3.0,5.187358218604039,-0.48841174449361574,1.8538681390285636
1000,1.5,3.0,5.656854249492381,-0.5462150005264104,1.9103026553914757
1000,1.5,3.0,6.168843301631764,-0.6036097444013595,1.9663278960277017
1000,1.5,3.0,6.727171322029717,-0.6603986692226527,2.0215477350594244
1000,1.5,3.0,7.336032345637371,-0.7160701370801532,2.076242781887926
1000,1.5,3.0,8.0,-0.7713533185887204,2.1305196610294095
1000,1.5,5.0,1.0,0.7420616273829777,0.7420616273829777
1000,1.5,5.0,1.0905077326652577,0.6786970368528401,0.8054401366330487
1000,1.5,5.0,1.189207115002721,0.6153896498644201,0.8687717167330289
1000,1.5,5.0,1.2968395546510096,0.5521147633266723,0.9320281780234129
1000,1.5,5.0,1.4142135623730951,0.4888827367156401,0.9952323662392722
1000,1.5,5.0,1.5422108254079407,0.42572119391891666,1.0582577897648813
1000,1.5,5.0,1.681792830507429,0.36280497242028126,1.1211061617893916
1000,1.5,5.0,1.8340080864093424,0.3002164624346808,1.1838046196665415
1000,1.5,5.0,2.0,0.23795650083721245,1.2461778775861891
1000,1.5,5.0,2.1810154653305154,0.17610727208417265,1.308323834133293
1000,1.5,5.0,2.378414230005442,0.11469358888417477,1.3700518584434886
1000,1.5,5.0,2.5936791093020193,0.05353705167975879,1.4312540795222846
1000,1.5,5.0,2.82842712474619,-0.007280968839055025,1.49194159664832
1000,1.5,5.0,3.0844216508158815,-0.0675389547389601,1.5520742920861863
1000,1.5,5.0,3.363585661014858,-0.12749084740988714,1.6116060234379934
1000,1.5,5.0,3.668016172818685,-0.18683809772644036,1.6706397093080143
1000,1.5,5.0,4.0,-0.24576291028077912,1.7287685366884376
1000,1.5,5.0,4.362030930661031,-0.30405394361868815,1.7861895753084691
1000,1.5,5.0,4.756828460010884,-0.3617259213907458,1.8433070706333
1000,1.5,5.0,5.187358218604039,-0.4189949907919699,1.8999879818368641
1000,1.5,5.0,5.656854249492381,-0.4758165578496142,1.9562893461171709
1000,1.5,5.0,6.168843301631764,-0.5318033642732967,2.0118112074166192
1000,1.5,5.0,6.727171322029717,-0.587548296540382,2.0668116281474016
1000,1.5,5.0,7.336032345637371,-0.6428059342244886,2.121402908802723
1000,1.5,5.0,8.0,-0.6971037761156964,2.1753252976775195
1001,1.5,3.0,1.0,0.6878412123634348,0.6878412123634348
1001,1.5,3.0,1.0905077326652577,0.6246976040740948,0.7509873311019613
1001,1.5,3.0,1.189207115002721,0.5615618556633795,0.8141362617861765
1001,1.5,3.0,1.2968395546510096,0.4984869743930171,0.8772912259087354
1001,1.5,3.0,1.4142135623730951,0.4354810323925094,0.9404195760752461
1001,1.5,3.0,1.5422108254079407,0.3725705870692288,1.0035264486537425
1001,1.5,3.0,1.681792830507429,0.30978679618049393,1.0665234856966375
1001,1.5,3.0,1.8340080864093424,0.24712823712318086,1.1293318705837412
1001,1.5,3.0,2.0,0.18463731624657947,1.19186433614838
1001,1.5,3.0,2.1810154653305154,0.12249539223319396,1.254005952631581
1001,1.5,3.0,2.378414230005442,0.06069740175646117,1.3159750337935088
1001,1.5,3.0,2.5936791093020193,-0.0006368607326629354,1.377587564989145
1001,1.5,3.0,2.82842712474619,-0.061516332224223765,1.4390351195284192
1001,1.5,3.0,3.0844216508158815,-0.12201878032909264,1.5003961790506184
1001,1.5,3.0,3.363585661014858,-0.18227288545453973,1.5613735308249088
1001,1.5,3.0,3.668016172818685,-0.2420180405986307,1.6219314827074511
1001,1.5,3.0,4.0,-0.3010841664481549,1.6818710676525774
1001,1.5,3.0,4.362030930661031,-0.35944210822033595,1.7414342127103861
1001,1.5,3.0,4.756828460010884,-0.4169394124771792,1.8004534005866046
1001,1.5,3.0,5.187358218604039,-0.4737404969974509,1.8586934009647307
1001,1.5,3.0,5.656854249492381,-0.5299314860894977,1.9165868063525469
1001,1.5,3.0,6.168843301631764,-0.5855522497182511,1.97374142784892
1001,1.5,3.0,6.727171322029717,-0.6408325819931563,2.0295590712835114
1001,1.5,3.0,7.336032345637371,-0.6954372652466575,2.0846876454495527
1001,1.5,3.0,8.0,-0.7496509856837237,2.1395316275559284
1001,1.5,5.0,1.0,0.7431814355326131,0.7431814355326131
1001,1.5,5.0,1.0905077326652577,0.6804878471629612,0.805917318438209
1001,1.5,5.0,1.189207115002721,0.6178281659784594,0.8687083286721148
1001,1.5,5.0,1.2968395546510096,0.5552323960531893,0.9315264317600744
1001,1.5,5.0,1.4142135623730951,0.49274689102256014,0.9943826647104957
1001,1.5,5.0,1.5422108254079407,0.43040201778399584,1.0572202338178218
1001,1.5,5.0,1.681792830507429,0.36822724837558135,1.1199115968474913
1001,1.5,5.0,1.8340080864093424,0.3062376317146463,1.1823947058105828
1001,1.5,5.0,2.0,0.24437830086179566,1.2445388203654824
1001,1.5,5.0,2.1810154653305154,0.18273193717076755,1.3066081226494695
1001,1.5,5.0,2.378414230005442,0.12154453978048128,1.3684177947372864
1001,1.5,5.0,2.5936791093020193,0.060719613576984355,1.4300278033459624
1001,1.5,5.0,2.82842712474619,0.00043657762012526375,1.4916218733153128
1001,1.5,5.0,3.0844216508158815,-0.05933192423352438,1.5528675021490792
1001,1.5,5.0,3.363585661014858,-0.11873250641238618,1.613747477411387
1001,1.5,5.0,3.668016172818685,-0.17797336306824094,1.6740094878645662
1001,1.5,5.0,4.0,-0.23675799517348264,1.7339364785720968
1001,1.5,5.0,4.362030930661031,-0.2947948801964577,1.7934108374415847
1001,1.5,5.0,4.756828460010884,-0.35206901322093803,1.8520327602510283
1001,1.5,5.0,5.187358218604039,-0.40839882581049863,1.9102920673243984
1001,1.5,5.0,5.656854249492381,-0.46391600780253117,1.9679036020406502
1001,1.5,5.0,6.168843301631764,-0.5188632625448266,2.024200292114739
1001,1.5,5.0,6.727171322029717,-0.5730857500970834,2.079769093450466
1001,1.5,5.0,7.336032345637371,-0.6269544269531448,2.13499046981048
1001,1.5,5.0,8.0,-0.6802441111185784,2.1902320208161337
1002,1.5,3.0,1.0,0.6927594579941114,0.6927594579941116
1002,1.5,3.0,1.0905077326652577,0.6291093789658124,0.7564056770722373
1002,1.5,3.0,1.189207115002721,0.5655078544521417,0.8200265463944565
1002,1.5,3.0,1.2968395546510096,0.501951042563882,0.8835673167920994
1002,1.5,3.0,1.4142135623730951,0.43845920689016255,0.9469859532678199
1002,1.5,3.0,1.5422108254079407,0.37507100228091034,1.0101965476304267
1002,1.5,3.0,1.681792830507429,0.3117499316019869,1.073145678942852
1002,1.5,3.0,1.8340080864093424,0.24851482613273757,1.1358508557826894
1002,1.5,3.0,2.0,0.18544794297449016,1.1982833349701958
1002,1.5,3.0,2.1810154653305154,0.12270056821890356,1.2605282334932892
1002,1.5,3.0,2.378414230005442,0.06036954838720714,1.3225992500921306
1002,1.5,3.0,2.5936791093020193,-0.0014693753891742347,1.3843226078035553
1002,1.5,3.0,2.82842712474619,-0.0629086879049315,1.4459017974891075
1002,1.5,3.0,3.0844216508158815,-0.123834198540437,1.5072208109133156
1002,1.5,3.0,3.363585661014858,-0.18415347103589022,1.5679751911197073
1002,1.5,3.0,3.668016172818685,-0.24391905514103207,1.6282030106333027
1002,1.5,3.0,4.0,-0.30325216259991244,1.6878649258077827
1002,1.5,3.0,4.362030930661031,-0.3622990647814417,1.747221893083006
1002,1.5,3.0,4.756828460010884,-0.42086205558772233,1.805948136541103
1002,1.5,3.0,5.187358218604039,-0.4793631626761513,1.8637840882396222
1002,1.5,3.0,5.656854249492381,-0.5375602291231585,1.9210397836871553
1002,1.5,3.0,6.168843301631764,-0.5949771932330624,1.9778150313399134
1002,1.5,3.0,6.727171322029717,-0.6521688610776064,2.034249499872608
1002,1.5,3.0,7.336032345637371,-0.7090543371475354,2.090197410962989
1002,1.5,3.0,8.0,-0.7650268802784538,2.1453716158334
1002,1.5,5.0,1.0,0.7441745166543786,0.7441745166543788
1002,1.5,5.0,1.0905077326652577,0.6810277968918327,0.807352839367465
1002,1.5,5.0,1.189207115002721,0.6179594310247178,0.8705220636657787
1002,1.5,5.0,1.2968395546510096,0.5550281906944061,0.9336442842369773
1002,1.5,5.0,1.4142135623730951,0.49217588680121965,0.9966353668722667
1002,1.5,5.0,1.5422108254079407,0.4294729388255668,1.0594052793247746
1002,1.5,5.0,1.681792830507429,0.3669482556545465,1.1219861828362987
1002,1.5,5.0,1.8340080864093424,0.30447780872278496,1.1843313750471278
1002,1.5,5.0,2.0,0.24209642715385649,1.246522071684695
1002,1.5,5.0,2.1810154653305154,0.17995011983684547,1.3086197958603296
1002,1.5,5.0,2.378414230005442,0.1181180767871437,1.3703805680686694
1002,1.5,5.0,2.5936791093020193,0.056823999079098846,1.431974963583775
1002,1.5,5.0,2.82842712474619,-0.0038953585374640457,1.493400116411127
1002,1.5,5.0,3.0844216508158815,-0.06419492026385966,1.554398396345659
1002,1.5,5.0,3.363585661014858,-0.12397313170461695,1.614839111310429
1002,1.5,5.0,3.668016172818685,-0.18309606883529606,1.6747377381761996
1002,1.5,5.0,4.0,-0.24159673629639206,1.7342926547628288
1002,1.5,5.0,4.362030930661031,-0.29964973423217883,1.7934031974231535
1002,1.5,5.0,4.756828460010884,-0.3574585703906793,1.8517199832934848
1002,1.5,5.0,5.187358218604039,-0.4146919662709831,1.9094623970277973
1002,1.5,5.0,5.656854249492381,-0.4717693064722189,1.9667581339181042
1002,1.5,5.0,6.168843301631764,-0.5286231732735385,2.023695938858478
1002,1.5,5.0,6.727171322029717,-0.5847233245168324,2.080132075610202
1002,1.5,5.0,7.336032345637371,-0.6404140821058353,2.1357034001787683
1002,1.5,5.0,8.0,-0.6957990849874055,2.190098371370778
1003,1.5,3.0,1.0,0.678293574083921,0.678293574083921
1003,1.5,3.0,1.0905077326652577,0.6145495124091979,0.7420502320470675
1003,1.5,3.0,1.189207115002721,0.550884518831012,0.8058165244429306
1003,1.5,3.0,1.2968395546510096,0.4873546844144595,0.8695727382436388
1003,1.5,3.0,1.4142135623730951,0.4240321458885586,0.9332524901939064
1003,1.5,3.0,1.5422108254079407,0.36088220718167163,0.9968298144833155
1003,1.5,3.0,1.681792830507429,0.2979504439344646,1.0603515472319354
1003,1.5,3.0,1.8340080864093424,0.2352954321150107,1.1237589477030918
1003,1.5,3.0,2.0,0.17292698062717887,1.1870030229795907
1003,1.5,3.0,2.1810154653305154,0.11084326751568067,1.2499353448199713
1003,1.5,3.0,2.378414230005442,0.04906461873911136,1.3125450274122574
1003,1.5,3.0,2.5936791093020193,-0.012403094125054765,1.3749636259141957
1003,1.5,3.0,2.82842712474619,-0.07353290531485573,1.437113420514913
1003,1.5,3.0,3.0844216508158815,-0.13425020424726805,1.4990556404769237
1003,1.5,3.0,3.363585661014858,-0.19444130173125848,1.5606317108838106
1003,1.5,3.0,3.668016172818685,-0.2538409742254209,1.622172756040657
1003,1.5,3.0,4.0,-0.3127752842424759,1.683000060920775
1003,1.5,3.0,4.362030930661031,-0.3711212659113323,1.743325443354267
1003,1.5,3.0,4.756828460010884,-0.42892731448839816,1.8029103226036587
1003,1.5,3.0,5.187358218604039,-0.4861207201299792,1.8618198077850683
1003,1.5,3.0,5.656854249492381,-0.5427848205063772,1.9200385857387363
1003,1.5,3.0,6.168843301631764,-0.5990020006812947,1.9775813235545658
1003,1.5,3.0,6.727171322029717,-0.6545113015724626,2.0344556778288894
1003,1.5,3.0,7.336032345637371,-0.7094539406915774,2.0909532175184573
1003,1.5,3.0,8.0,-0.7642134890112329,2.1468147027478013
1003,1.5,5.0,1.0,0.731858799142142,0.7318587991421425
1003,1.5,5.0,1.0905077326652577,0.6686927948126662,0.7950645684539164
1003,1.5,5.0,1.189207115002721,0.6055951661137399,0.8583034673166585
1003,1.5,5.0,1.2968395546510096,0.5426344936302747,0.9215251144701644
1003,1.5,5.0,1.4142135623730951,0.4798685868220876,0.9847115971714603
1003,1.5,5.0,1.5422108254079407,0.4173500697349553,1.0478810502452711
1003,1.5,5.0,1.681792830507429,0.3550390062693401,1.1110132679734335
1003,1.5,5.0,1.8340080864093424,0.2930035616420532,1.1740999188118781
1003,1.5,5.0,2.0,0.23126742807666661,1.2370174511297676
1003,1.5,5.0,2.1810154653305154,0.16982965430253058,1.2997090090545957
1003,1.5,5.0,2.378414230005442,0.10861552151963204,1.3622419629024558
1003,1.5,5.0,2.5936791093020193,0.04766841735426546,1.4246244001543331
1003,1.5,5.0,2.82842712474619,-0.013018194963495459,1.48676161787861
1003,1.5,5.0,3.0844216508158815,-0.0734358558031138,1.548577302678007
1003,1.5,5.0,3.363585661014858,-0.13332681414257466,1.610436603905899
1003,1.5,5.0,3.668016172818685,-0.1926196342142018,1.671740796901606
1003,1.5,5.0,4.0,-0.25090086128552946,1.732566350169901
1003,1.5,5.0,4.362030930661031,-0.3086617050993053,1.7928800699936391
1003,1.5,5.0,4.756828460010884,-0.365758490708148,1.8525027590464815
1003,1.5,5.0,5.187358218604039,-0.42231533395352383,1.9116092488456033
1003,1.5,5.0,5.656854249492381,-0.4782440948446816,1.9700337001234307
1003,1.5,5.0,6.168843301631764,-0.533479588718632,2.0277900577418744
1003,1.5,5.0,6.727171322029717,-0.5883382182366059,2.0851697328117207
1003,1.5,5.0,7.336032345637371,-0.6426247753600582,2.141860032624063
1003,1.5,5.0,8.0,-0.6963022523796472,2.197207969549455
1004,1.5,3.0,1.0,0.6831379022452181,0.6831379022452185
1004,1.5,3.0,1.0905077326652577,0.6198151898193197,0.7465332585246166
1004,1.5,3.0,1.189207115002721,0.5565540537848062,0.809982277416059
1004,1.5,3.0,1.2968395546510096,0.49338200718841535,0.8734038990230569
1004,1.5,3.0,1.4142135623730951,0.4303405873262187,0.9367736976045427
1004,1.5,3.0,1.5422108254079407,0.3674823952230128,1.000037907844744
1004,1.5,3.0,1.681792830507429,0.30475025029704916,1.0631571489623697
1004,1.5,3.0,1.8340080864093424,0.24219553792726295,1.1260168605273926
1004,1.5,3.0,2.0,0.17989475108685943,1.1884940109502862
1004,1.5,3.0,2.1810154653305154,0.11791039345735192,1.250514177753754
1004,1.5,3.0,2.378414230005442,0.056058969054773845,1.3121256592478183
1004,1.5,3.0,2.5936791093020193,-0.0052553559248173535,1.3731320381671497
1004,1.5,3.0,2.82842712474619,-0.06622364842493819,1.4337782306283227
1004,1.5,3.0,3.0844216508158815,-0.12682376190688152,1.4940212649283837
1004,1.5,3.0,3.363585661014858,-0.1871738739045448,1.5538028232272902
1004,1.5,3.0,3.668016172818685,-0.24699760222592912,1.6133704041639616
1004,1.5,3.0,4.0,-0.30623165177461453,1.6726869651401968
1004,1.5,3.0,4.362030930661031,-0.3647637550341245,1.7314045887346148
1004,1.5,3.0,4.756828460010884,-0.42275033883427793,1.789185991095038
1004,1.5,3.0,5.187358218604039,-0.4803081798316048,1.8465832552327714
1004,1.5,3.0,5.656854249492381,-0.5371713148358722,1.9040464497863543
1004,1.5,3.0,6.168843301631764,-0.5934618611841006,1.9613394306107104
1004,1.5,3.0,6.727171322029717,-0.6492540128073877,2.0182139799138943
1004,1.5,3.0,7.336032345637371,-0.7050770464601399,2.074056240774491
1004,1.5,3.0,8.0,-0.7607187462304151,2.129742444908587
1004,1.5,5.0,1.0,0.7358013713538066,0.7358013713538066
1004,1.5,5.0,1.0905077326652577,0.6730103237148563,0.7987321912648365
1004,1.5,5.0,1.189207115002721,0.6103493822463962,0.8617216637907548
1004,1.5,5.0,1.2968395546510096,0.5478210015075061,0.9247221497913146
1004,1.5,5.0,1.4142135623730951,0.48547956933816416,0.9876863210558433
1004,1.5,5.0,1.5422108254079407,0.42332889512997585,1.050587343373044
1004,1.5,5.0,1.681792830507429,0.361429154130854,1.1133395792809673
1004,1.5,5.0,1.8340080864093424,0.2996850539807084,1.1758192418500057
1004,1.5,5.0,2.0,0.23819665254292244,1.2379080117831447
1004,1.5,5.0,2.1810154653305154,0.17705036071228752,1.2996126206838823
1004,1.5,5.0,2.378414230005442,0.11627973090981371,1.3607783821153008
1004,1.5,5.0,2.5936791093020193,0.05565220595385911,1.4215490870434024
1004,1.5,5.0,2.82842712474619,-0.004351534317618468,1.481969957327764
1004,1.5,5.0,3.0844216508158815,-0.06390596566883779,1.5419482661280024
1004,1.5,5.0,3.363585661014858,-0.12307671935491572,1.6018190891188895
1004,1.5,5.0,3.668016172818685,-0.1820522765338212,1.6615358990474376
1004,1.5,5.0,4.0,-0.24044415067839828,1.720730693708616
1004,1.5,5.0,4.362030930661031,-0.2982774889453285,1.7789550298534118
1004,1.5,5.0,4.756828460010884,-0.3553714173580765,1.836642651907628
1004,1.5,5.0,5.187358218604039,-0.411643493968865,1.8945108273335225
1004,1.5,5.0,5.656854249492381,-0.46756863456388464,1.9520988578725624
1004,1.5,5.0,6.168843301631764,-0.522779613560222,2.0094155258071495
1004,1.5,5.0,6.727171322029717,-0.5773168999664513,2.0657290684390595
1004,1.5,5.0,7.336032345637371,-0.6312999910782107,2.1218019264768015
1004,1.5,5.0,8.0,-0.6851581583954178,2.1778720025010254
1005,1.5,3.0,1.0,0.6849511328052639,0.6849511328052639
1005,1.5,3.0,1.0905077326652577,0.6212771876464357,0.7486382221044041
1005,1.5,3.0,1.189207115002721,0.5576141631721896,0.8123135961254425
1005,1.5,3.0,1.2968395546510096,0.49399607125691625,0.8759857241946801
1005,1.5,3.0,1.4142135623730951,0.43049004764821935,0.9396026313056509
1005,1.5,3.0,1.5422108254079407,0.3671693472633172,1.0031507132367545
1005,1.5,3.0,1.681792830507429,0.3040303874284015,1.0665351185554857
1005,1.5,3.0,1.8340080864093424,0.241054236592571,1.1297323175896785
1005,1.5,3.0,2.0,0.17831410714258197,1.1926581604309006
1005,1.5,3.0,2.1810154653305154,0.11584307108857218,1.2552037065016657
1005,1.5,3.0,2.378414230005442,0.05369638758810646,1.3173849035173626
1005,1.5,3.0,2.5936791093020193,-0.007833913302092864,1.3791062013567081
1005,1.5,3.0,2.82842712474619,-0.06869700238608248,1.4402259448333208
1005,1.5,3.0,3.0844216508158815,-0.12896264224629347,1.5009442617769466
1005,1.5,3.0,3.363585661014858,-0.18869367901473885,1.5611310222177635
1005,1.5,3.0,3.668016172818685,-0.2476776806520703,1.620674742637111
1005,1.5,3.0,4.0,-0.3063644080350957,1.6796872252272272
1005,1.5,3.0,4.362030930661031,-0.36452156137830033,1.7382479225986138
1005,1.5,3.0,4.756828460010884,-0.4222125846109114,1.7963953959071135
1005,1.5,3.0,5.187358218604039,-0.4795527346349558,1.8538498252013407
1005,1.5,3.0,5.656854249492381,-0.5366141344031208,1.9103880690119919
1005,1.5,3.0,6.168843301631764,-0.5933439100081854,1.9662906077680657
1005,1.5,3.0,6.727171322029717,-0.6494017437143987,2.02162893230542
1005,1.5,3.0,7.336032345637371,-0.7041362526607963,2.0761702613476736
1005,1.5,3.0,8.0,-0.7581695041820871,2.1303626959995974
1005,1.5,5.0,1.0,0.7398606543368133,0.7398606543368137
1005,1.5,5.0,1.0905077326652577,0.6767645518855532,0.803013766670019
1005,1.5,5.0,1.189207115002721,0.613733890702417,0.8662246270981546
1005,1.5,5.0,1.2968395546510096,0.5507731684477809,0.9294669292205038
1005,1.5,5.0,1.4142135623730951,0.48792666490332215,0.9927127774555617
1005,1.5,5.0,1.5422108254079407,0.42524216872851,1.05588793113392
1005,1.5,5.0,1.681792830507429,0.3628253927595326,1.1189382236509318
1005,1.5,5.0,1.8340080864093424,0.30064262410796744,1.1817932595856884
1005,1.5,5.0,2.0,0.23868329971080307,1.2443606263438138
1005,1.5,5.0,2.1810154653305154,0.1770138297550886,1.3066103476152149
1005,1.5,5.0,2.378414230005442,0.11566580757480681,1.36845929016356
1005,1.5,5.0,2.5936791093020193,0.05464378216551543,1.4297042286711548
1005,1.5,5.0,2.82842712474619,-0.0057123263755211075,1.4904824673471844
1005,1.5,5.0,3.0844216508158815,-0.06529899266632448,1.5508257707599191
1005,1.5,5.0,3.363585661014858,-0.12421387712401656,1.6105250664598265
1005,1.5,5.0,3.668016172818685,-0.18250552737562606,1.6696632671538834
1005,1.5,5.0,4.0,-0.23989686147415512,1.7283717317159761
1005,1.5,5.0,4.362030930661031,-0.2969924203381796,1.7867246232118854
1005,1.5,5.0,4.756828460010884,-0.3535483508256926,1.8444426848217579
1005,1.5,5.0,5.187358218604039,-0.40952453523178844,1.9012092775214633
1005,1.5,5.0,5.656854249492381,-0.46521329348414076,1.9572878698794134
1005,1.5,5.0,6.168843301631764,-0.5205027922444316,2.0126900236707836
1005,1.5,5.0,6.727171322029717,-0.5754333506110798,2.0671601490454794
1005,1.5,5.0,7.336032345637371,-0.6298647924985465,2.1211182108969555
1005,1.5,5.0,8.0,-0.6830022395198603,2.1747223198838257
1006,1.5,3.0,1.0,0.6838626200702957,0.6838626200702957
1006,1.5,3.0,1.0905077326652577,0.6204400239936652,0.7473254582514633
1006,1.5,3.0,1.189207115002721,0.5571068964792848,0.8107874866700017
1006,1.5,3.0,1.2968395546510096,0.493897575459506,0.8742449704155181
1006,1.5,3.0,1.4142135623730951,0.43081476418011333,0.937743857637275
1006,1.5,3.0,1.5422108254079407,0.36786354759708956,1.0012195012213074
1006,1.5,3.0,1.681792830507429,0.3050898924320116,1.0645194212078575
1006,1.5,3.0,1.8340080864093424,0.24253484512962517,1.1276763619675416
1006,1.5,3.0,2.0,0.1803065748761706,1.1904688003175092
1006,1.5,3.0,2.1810154653305154,0.11847115903182497,1.2529538269350642
1006,1.5,3.0,2.378414230005442,0.05705890133919886,1.3150382357673127
1006,1.5,3.0,2.5936791093020193,-0.004102269565091628,1.3768268298992765
1006,1.5,3.0,2.82842712474619,-0.06477171956157632,1.438352095475402
1006,1.5,3.0,3.0844216508158815,-0.12504326759306947,1.4995462636424393
1006,1.5,3.0,3.363585661014858,-0.18492676569706853,1.5604357463038856
1006,1.5,3.0,3.668016172818685,-0.2444218939517465,1.6208291225574214
1006,1.5,3.0,4.0,-0.30359853324133007,1.6808732604839693
1006,1.5,3.0,4.362030930661031,-0.36269250846454865,1.7403104496198205
1006,1.5,3.0,4.756828460010884,-0.42111559210480337,1.7993480150936134
1006,1.5,3.0,5.187358218604039,-0.47907263558570723,1.8581805034985979
1006,1.5,3.0,5.656854249492381,-0.5362788572305976,1.9169279550805143
1006,1.5,3.0,6.168843301631764,-0.5927787668759179,1.9750475547160584
1006,1.5,3.0,6.727171322029717,-0.648691348709892,2.0328956496330983
1006,1.5,3.0,7.336032345637371,-0.7034854451897637,2.0902813535968114
1006,1.5,3.0,8.0,-0.758102865396153,2.1471485016098533
1006,1.5,5.0,1.0,0.7376781817082757,0.7376781817082757
1006,1.5,5.0,1.0905077326652577,0.6749254899003814,0.8004858644543699
1006,1.5,5.0,1.189207115002721,0.6122603816998153,0.8633330562460794
1006,1.5,5.0,1.2968395546510096,0.5497470759620552,0.9262611888974284
1006,1.5,5.0,1.4142135623730951,0.4873916693531035,0.9892496142749612
1006,1.5,5.0,1.5422108254079407,0.4251958472080305,1.0521607173001986
1006,1.5,5.0,1.681792830507429,0.3631725468225175,1.1149933053529626
1006,1.5,5.0,1.8340080864093424,0.30137931110268446,1.1775622490119129
1006,1.5,5.0,2.0,0.23987902068976508,1.2399060505088262
1006,1.5,5.0,2.1810154653305154,0.17880928379598102,1.3018770860839306
1006,1.5,5.0,2.378414230005442,0.11822484131064573,1.3636006519476038
1006,1.5,5.0,2.5936791093020193,0.05814923546700819,1.4250791590353038
1006,1.5,5.0,2.82842712474619,-0.0016704806448142033,1.4862824004942414
1006,1.5,5.0,3.0844216508158815,-0.06091801554053026,1.5472434554061516
1006,1.5,5.0,3.363585661014858,-0.11961563647118581,1.6078051964601783
1006,1.5,5.0,3.668016172818685,-0.17795930394214302,1.6680563040165914
1006,1.5,5.0,4.0,-0.23596915547223912,1.727758600269974
1006,1.5,5.0,4.362030930661031,-0.2936080501995433,1.7869898060751521
1006,1.5,5.0,4.756828460010884,-0.35126180307683097,1.8459031112929
1006,1.5,5.0,5.187358218604039,-0.4082852538057848,1.9047678777544355
1006,1.5,5.0,5.656854249492381,-0.46472812708740424,1.9629432660379769
1006,1.5,5.0,6.168843301631764,-0.5204265722798262,2.0208754715047306
1006,1.5,5.0,6.727171322029717,-0.5751826284886542,2.078232880462055
1006,1.5,5.0,7.336032345637371,-0.6294423050822435,2.1353049656918377
1006,1.5,5.0,8.0,-0.6826358225084818,2.1914961723844506
1007,1.5,3.0,1.0,0.691773609541443,0.691773609541443
1007,1.5,3.0,1.0905077326652577,0.6285814736436554,0.7549997989653527
1007,1.5,3.0,1.189207115002721,0.5654320586252686,0.818203215658373
1007,1.5,3.0,1.2968395546510096,0.5023751232921295,0.8813575205608088
1007,1.5,3.0,1.4142135623730951,0.43943818969871407,0.9444481227168624
1007,1.5,3.0,1.5422108254079407,0.37656972096882485,1.0074087531514322
1007,1.5,3.0,1.681792830507429,0.313822057685444,1.0701431309170986
1007,1.5,3.0,1.8340080864093424,0.25121099880157494,1.1325499131798866
1007,1.5,3.0,2.0,0.18886306624315427,1.194658020566256
1007,1.5,3.0,2.1810154653305154,0.1268054254564404,1.256594976645942
1007,1.5,3.0,2.378414230005442,0.0650787111898889,1.3180650323128897
1007,1.5,3.0,2.5936791093020193,0.003619153844409422,1.379301775104748
1007,1.5,3.0,2.82842712474619,-0.05753271067796261,1.440436526364079
1007,1.5,3.0,3.0844216508158815,-0.11829320179623316,1.501348716752998
1007,1.5,3.0,3.363585661014858,-0.17892349240543926,1.5617407925050804
1007,1.5,3.0,3.668016172818685,-0.23933250795508434,1.621416067306568
1007,1.5,3.0,4.0,-0.2995282063740984,1.680394092878586
1007,1.5,3.0,4.362030930661031,-0.3596752546402281,1.7386590031859632
1007,1.5,3.0,4.756828460010884,-0.41960181284948733,1.7962573305203104
1007,1.5,3.0,5.187358218604039,-0.478717059339032,1.8531665382810005
1007,1.5,3.0,5.656854249492381,-0.5373882577583037,1.9094113784281812
1007,1.5,3.0,6.168843301631764,-0.5956015989958958,1.9649828763341524
1007,1.5,3.0,6.727171322029717,-0.6530905510669752,2.0199104169968773
1007,1.5,3.0,7.336032345637371,-0.7099044858331862,2.073930523430736
1007,1.5,3.0,8.0,-0.7665268628782189,2.127258721343308
1007,1.5,5.0,1.0,0.748885708259349,0.7488857082593491
1007,1.5,5.0,1.0905077326652577,0.6864430568178935,0.8113517513668684
1007,1.5,5.0,1.189207115002721,0.624074089210005,0.8737934713750393
1007,1.5,5.0,1.2968395546510096,0.5617748788330412,0.9362026611312
1007,1.5,5.0,1.4142135623730951,0.49962228286215116,0.9985301700866444
1007,1.5,5.0,1.5422108254079407,0.43764705185571995,1.060700423883607
1007,1.5,5.0,1.681792830507429,0.3757637459904047,1.1225997276415192
1007,1.5,5.0,1.8340080864093424,0.31408067197726514,1.1842126255682734
1007,1.5,5.0,2.0,0.2525619005246371,1.2456946374600602
1007,1.5,5.0,2.1810154653305154,0.19136849452252638,1.3067780631881665
1007,1.5,5.0,2.378414230005442,0.1305029075240948,1.3675310596761276
1007,1.5,5.0,2.5936791093020193,0.06998837509958812,1.428208704977283
1007,1.5,5.0,2.82842712474619,0.009680930246934687,1.4888163843616036
1007,1.5,5.0,3.0844216508158815,-0.05033738962986034,1.5490425325268282
1007,1.5,5.0,3.363585661014858,-0.1099031217789251,1.6085389854838972
1007,1.5,5.0,3.668016172818685,-0.16926941638505547,1.6674036188494832
1007,1.5,5.0,4.0,-0.22840653044823894,1.7255986582170324
1007,1.5,5.0,4.362030930661031,-0.28731127528341416,1.7829620284585814
1007,1.5,5.0,4.756828460010884,-0.3464430236995313,1.839848678449449
1007,1.5,5.0,5.187358218604039,-0.4056266356590161,1.89591351079503
1007,1.5,5.0,5.656854249492381,-0.4640977557424872,1.9513537393948754
1007,1.5,5.0,6.168843301631764,-0.5219306741065761,2.006312067755667
1007,1.5,5.0,6.727171322029717,-0.5792609427696439,2.0603308333804855
1007,1.5,5.0,7.336032345637371,-0.6357941395279216,2.113719200918162
1007,1.5,5.0,8.0,-0.6914661813902628,2.166677657148179
1008,1.5,3.0,1.0,0.6902591367684111,0.6902591367684113
1008,1.5,3.0,1.0905077326652577,0.6265656989420526,0.7539406983105044
1008,1.5,3.0,1.189207115002721,0.5629029832855375,0.817554747929875
1008,1.5,3.0,1.2968395546510096,0.49928818311386325,0.8810976472315317
1008,1.5,3.0,1.4142135623730951,0.43578364343793957,0.944604417039875
1008,1.5,3.0,1.5422108254079407,0.37239738127151945,1.0081033410062263
1008,1.5,3.0,1.681792830507429,0.30920334878576555,1.0714366149339352
1008,1.5,3.0,1.8340080864093424,0.24630093665891195,1.134672893416376
1008,1.5,3.0,2.0,0.183626373631489,1.1976726119157546
1008,1.5,3.0,2.1810154653305154,0.12126136280390853,1.260350443947753
1008,1.5,3.0,2.378414230005442,0.059212776748533306,1.3226748478128674
1008,1.5,3.0,2.5936791093020193,-0.002348477059898585,1.3844576668906294
1008,1.5,3.0,2.82842712474619,-0.06336385309100878,1.4458996404441358
1008,1.5,3.0,3.0844216508158815,-0.12392143203250211,1.5069245018348252
1008,1.5,3.0,3.363585661014858,-0.1840548206381491,1.56746288406989
1008,1.5,3.0,3.668016172818685,-0.24368047438148405,1.6274063352793882
1008,1.5,3.0,4.0,-0.30267437864240887,1.6870160806623207
1008,1.5,3.0,4.362030930661031,-0.3610787874740184,1.746144761874685
1008,1.5,3.0,4.756828460010884,-0.4187956615515184,1.8044717817454679
1008,1.5,3.0,5.187358218604039,-0.47614606797500336,1.861734798606071
1008,1.5,3.0,5.656854249492381,-0.5330355683538576,1.9182931319839593
1008,1.5,3.0,6.168843301631764,-0.5894125494689304,1.9745011661478094
1008,1.5,3.0,6.727171322029717,-0.644936993132486,2.0308026954673837
1008,1.5,3.0,7.336032345637371,-0.6997410292001186,2.0867507137671493
1008,1.5,3.0,8.0,-0.7538852498912928,2.142295439862015
1008,1.5,5.0,1.0,0.7432478615836335,0.743247861583634
1008,1.5,5.0,1.0905077326652577,0.6801404292587512,0.8063556668358942
1008,1.5,5.0,1.189207115002721,0.6170657553991186,0.8694327460298568
1008,1.5,5.0,1.2968395546510096,0.5540831919297337,0.9325080575464244
1008,1.5,5.0,1.4142135623730951,0.49118915332155294,0.9956173343441589
1008,1.5,5.0,1.5422108254079407,0.42845650664198104,1.0586465785586874
1008,1.5,5.0,1.681792830507429,0.3658674906416805,1.121582725728288
1008,1.5,5.0,1.8340080864093424,0.3035478758945124,1.1843511432252094
1008,1.5,5.0,2.0,0.24159666604112945,1.2468122747057897
1008,1.5,5.0,2.1810154653305154,0.17993135408930036,1.308956814828204
1008,1.5,5.0,2.378414230005442,0.11868445363887192,1.3706338405448149
1008,1.5,5.0,2.5936791093020193,0.05777988044113097,1.432002941240804
1008,1.5,5.0,2.82842712474619,-0.0025647370340680354,1.4929610268896705
1008,1.5,5.0,3.0844216508158815,-0.06232491461720106,1.553564191440894
1008,1.5,5.0,3.363585661014858,-0.1216230644528763,1.613625872191076
1008,1.5,5.0,3.668016172818685,-0.1804505639815106,1.6733842390030116
1008,1.5,5.0,4.0,-0.23886306819352535,1.7327769951279435
1008,1.5,5.0,4.362030930661031,-0.2966115325377125,1.7914511354849318
1008,1.5,5.0,4.756828460010884,-0.35370458380777375,1.8490645834709258
1008,1.5,5.0,5.187358218604039,-0.41019960772911657,1.9058120348235006
1008,1.5,5.0,5.656854249492381,-0.4662560108582571,1.9624097925504052
1008,1.5,5.0,6.168843301631764,-0.5219084639802317,2.018909740651754
1008,1.5,5.0,6.727171322029717,-0.5769448890961693,2.0751990179515065
1008,1.5,5.0,7.336032345637371,-0.6311351352994615,2.131135686097084
1008,1.5,5.0,8.0,-0.6843524777774582,2.186811022115687
1009,1.5,3.0,1.0,0.692122076661143,0.6921220766611433
1009,1.5,3.0,1.0905077326652577,0.628756363216838,0.7555366763257505
1009,1.5,3.0,1.189207115002721,0.5654618181616372,0.8189761277047688
1009,1.5,3.0,1.2968395546510096,0.5022809858234397,0.8823832616520353
1009,1.5,3.0,1.4142135623730951,0.43923652156151305,0.9456621688438107
1009,1.5,3.0,1.5422108254079407,0.37632678726982477,1.0088483603038576
1009,1.5,3.0,1.681792830507429,0.3136166474249657,1.071756541604404
1009,1.5,3.0,1.8340080864093424,0.2511708055130844,1.134282946902451
1009,1.5,3.0,2.0,0.18883877442669697,1.1963573243442807
1009,1.5,3.0,2.1810154653305154,0.12685886418758346,1.2579770007881672
1009,1.5,3.0,2.378414230005442,0.06521168470560913,1.3192286717551722
1009,1.5,3.0,2.5936791093020193,0.0041476924672464435,1.38005272188307
1009,1.5,3.0,2.82842712474619,-0.05654794589249198,1.4404211917767982
1009,1.5,3.0,3.0844216508158815,-0.11670407526121926,1.5004701715022166
1009,1.5,3.0,3.363585661014858,-0.17616972418621002,1.5600417203356876
1009,1.5,3.0,3.668016172818685,-0.235069074695071,1.6190365893281802
1009,1.5,3.0,4.0,-0.29360522684147555,1.6778702959266483
1009,1.5,3.0,4.362030930661031,-0.35128839718871546,1.7363453234961612
1009,1.5,3.0,4.756828460010884,-0.4084276112143684,1.7945416187772534
1009,1.5,3.0,5.187358218604039,-0.46509167135904,1.8523464023892873
1009,1.5,3.0,5.656854249492381,-0.5208673856163627,1.9099478682139224
1009,1.5,3.0,6.168843301631764,-0.5757425719544645,1.9671116749409283
1009,1.5,3.0,6.727171322029717,-0.6298006089043191,2.0238212663925244
1009,1.5,3.0,7.336032345637371,-0.6833465813060082,2.080511983475771
1009,1.5,3.0,8.0,-0.7363556730862616,2.1363057464326904
1009,1.5,5.0,1.0,0.7473036335998973,0.7473036335998973
1009,1.5,5.0,1.0905077326652577,0.684561746003816,0.8101281282060029
1009,1.5,5.0,1.189207115002721,0.6219243139622262,0.8729862027363066
1009,1.5,5.0,1.2968395546510096,0.5594259882754244,0.9357845460006976
1009,1.5,5.0,1.4142135623730951,0.49709367556221334,0.9985284169847368
1009,1.5,5.0,1.5422108254079407,0.4349357868607422,1.06109222062529
1009,1.5,5.0,1.681792830507429,0.37295128346230866,1.123319096387811
1009,1.5,5.0,1.8340080864093424,0.3112706753018691,1.1851434186245249
1009,1.5,5.0,2.0,0.2499454247078176,1.246549956324403
1009,1.5,5.0,2.1810154653305154,0.18874045468546718,1.307665316334737
1009,1.5,5.0,2.378414230005442,0.12794296777364897,1.3684415545346855
1009,1.5,5.0,2.5936791093020193,0.06749986804686439,1.4288028507831523
1009,1.5,5.0,2.82842712474619,0.007699355900415301,1.4888807611844992
1009,1.5,5.0,3.0844216508158815,-0.051693971622511506,1.5485500645724355
1009,1.5,5.0,3.363585661014858,-0.11048465638359889,1.6076121722212389
1009,1.5,5.0,3.668016172818685,-0.16836255051171506,1.6666635216578292
1009,1.5,5.0,4.0,-0.22559686096890208,1.725355877521095
1009,1.5,5.0,4.362030930661031,-0.282481519649872,1.7838177973589617
1009,1.5,5.0,4.756828460010884,-0.33859329076488026,1.841888291033763
1009,1.5,5.0,5.187358218604039,-0.39396641383543257,1.8997625681336754
1009,1.5,5.0,5.656854249492381,-0.44896589131515147,1.9572650715518525
1009,1.5,5.0,6.168843301631764,-0.5030722173381302,2.0142251005544964
1009,1.5,5.0,6.727171322029717,-0.55633702479272,2.071232091643553
1009,1.5,5.0,7.336032345637371,-0.6086617272413188,2.127434613174031
1009,1.5,5.0,8.0,-0.6603918744834765,2.183127309402486
1010,1.5,3.0,1.0,0.6907014577490358,0.690701457749036
1010,1.5,3.0,1.0905077326652577,0.627058694085296,0.7543142108417875
1010,1.5,3.0,1.189207115002721,0.5633989253594521,0.8178555793415874
1010,1.5,3.0,1.2968395546510096,0.4997442447039242,0.8813088551858744
1010,1.5,3.0,1.4142135623730951,0.4361126537380459,0.9446467778623057
1010,1.5,3.0,1.5422108254079407,0.37252123002237714,1.0078357038001748
1010,1.5,3.0,1.681792830507429,0.30900813481805084,1.070839994755696
1010,1.5,3.0,1.8340080864093424,0.24570698975285607,1.1336110664864807
1010,1.5,3.0,2.0,0.18268148313109925,1.1960947194947904
1010,1.5,3.0,2.1810154653305154,0.11983763907438252,1.2583919499943719
1010,1.5,3.0,2.378414230005442,0.05742155784151388,1.320387483155226
1010,1.5,3.0,2.5936791093020193,-0.004819688677994009,1.381961459509704
1010,1.5,3.0,2.82842712474619,-0.06686425284050701,1.4429749471370172
1010,1.5,3.0,3.0844216508158815,-0.12853751248922457,1.5034120096608454
1010,1.5,3.0,3.363585661014858,-0.1899607265742526,1.5631997847070507
1010,1.5,3.0,3.668016172818685,-0.2510410640835526,1.622494744427023
1010,1.5,3.0,4.0,-0.3116098582653289,1.6812126463338428
1010,1.5,3.0,4.362030930661031,-0.37159527310012097,1.7391658366056806
1010,1.5,3.0,4.756828460010884,-0.43107609060631713,1.7968486709187232
1010,1.5,3.0,5.187358218604039,-0.4902084484052443,1.8541998429538573
1010,1.5,3.0,5.656854249492381,-0.5484853804595788,1.9112040628081441
1010,1.5,3.0,6.168843301631764,-0.6060175870604799,1.9676497236308643
1010,1.5,3.0,6.727171322029717,-0.6626270694240383,2.0236550055827767
1010,1.5,3.0,7.336032345637371,-0.7185288964048605,2.0795530171529193
1010,1.5,3.0,8.0,-0.7737476516953344,2.134851907335487
1010,1.5,5.0,1.0,0.743774497371421,0.7437744973714214
1010,1.5,5.0,1.0905077326652577,0.6806845315917347,0.8068421411265844
1010,1.5,5.0,1.189207115002721,0.6175985944443406,0.8698510176539315
1010,1.5,5.0,1.2968395546510096,0.5545375659326677,0.9327874426906182
1010,1.5,5.0,1.4142135623730951,0.4915121604430921,0.9956443649079897
1010,1.5,5.0,1.5422108254079407,0.4285237787018561,1.0583628639885663
1010,1.5,5.0,1.681792830507429,0.3655747258119441,1.1208923084290234
1010,1.5,5.0,1.8340080864093424,0.3027407363677793,1.1831822164038321
1010,1.5,5.0,2.0,0.24018246308173757,1.2453162093196188
1010,1.5,5.0,2.1810154653305154,0.1778878249705925,1.3071965683511466
1010,1.5,5.0,2.378414230005442,0.11579840360298507,1.3687461435395576
1010,1.5,5.0,2.5936791093020193,0.054184291215799076,1.4297073262921556
1010,1.5,5.0,2.82842712474619,-0.0073056293678464635,1.4901879322478375
1010,1.5,5.0,3.0844216508158815,-0.068616352384058,1.550050225399934
1010,1.5,5.0,3.363585661014858,-0.12955973209389482,1.6093607928325946
1010,1.5,5.0,3.668016172818685,-0.19020266646422027,1.6682140437584603
1010,1.5,5.0,4.0,-0.25038246105265344,1.7263575933683784
1010,1.5,5.0,4.362030930661031,-0.31004222603678955,1.7841737354609581
1010,1.5,5.0,4.756828460010884,-0.3690266833843262,1.8417250787243027
1010,1.5,5.0,5.187358218604039,-0.4273894434027767,1.898915508777001
1010,1.5,5.0,5.656854249492381,-0.48534935748411395,1.9555376547195096
1010,1.5,5.0,6.168843301631764,-0.5423791946821497,2.0117011489324437
1010,1.5,5.0,6.727171322029717,-0.5984773169467932,2.0676916606530975
1010,1.5,5.0,7.336032345637371,-0.6536884059846807,2.1232607967373167
1010,1.5,5.0,8.0,-0.7081303959998995,2.1781930916970946
1011,1.5,3.0,1.0,0.6842954760540717,0.6842954760540721
1011,1.5,3.0,1.0905077326652577,0.6204601820989132,0.7481840792768878
1011,1.5,3.0,1.189207115002721,0.5567095501112943,0.8121184492833241
1011,1.5,3.0,1.2968395546510096,0.49302743030735774,0.8761106469550651
1011,1.5,3.0,1.4142135623730951,0.42950664415743617,0.9401669536489121
1011,1.5,3.0,1.5422108254079407,0.3660624959312769,1.0041600151668113
1011,1.5,3.0,1.681792830507429,0.30279635066482075,1.068086924018294
1011,1.5,3.0,1.8340080864093424,0.2396556241583475,1.131843948932767
1011,1.5,3.0,2.0,0.1768520874977866,1.195471557309479
1011,1.5,3.0,2.1810154653305154,0.11450032683512736,1.2589352768273914
1011,1.5,3.0,2.378414230005442,0.05247838916737764,1.3220375966918945
1011,1.5,3.0,2.5936791093020193,-0.00916879666533107,1.3848285228181163
1011,1.5,3.0,2.82842712474619,-0.07032314385634433,1.4472375636762331
1011,1.5,3.0,3.0844216508158815,-0.13110656332962375,1.5093910424665522
1011,1.5,3.0,3.363585661014858,-0.19142734348903853,1.5713144183937884
1011,1.5,3.0,3.668016172818685,-0.25119616009610335,1.6328347639077265
1011,1.5,3.0,4.0,-0.3105972312203737,1.6940775433243895
1011,1.5,3.0,4.362030930661031,-0.36938507034717827,1.755084458433992
1011,1.5,3.0,4.756828460010884,-0.42772730047909946,1.8156218570586344
1011,1.5,3.0,5.187358218604039,-0.4855947738720732,1.8756608764518816
1011,1.5,3.0,5.656854249492381,-0.543162676549631,1.9351924796905962
1011,1.5,3.0,6.168843301631764,-0.6005204437238304,1.993926945276851
1011,1.5,3.0,6.727171322029717,-0.6573605501036554,2.0521405647621975
1011,1.5,3.0,7.336032345637371,-0.7133708083705951,2.109967731476655
1011,1.5,3.0,8.0,-0.7687414430239002,2.167378679908992
1011,1.5,5.0,1.0,0.7367752269579125,0.7367752269579125
1011,1.5,5.0,1.0905077326652577,0.6732566988812551,0.8003770484230455
1011,1.5,5.0,1.189207115002721,0.6098396408477482,0.8640562942669556
1011,1.5,5.0,1.2968395546510096,0.5465567045495606,0.9278745292085623
1011,1.5,5.0,1.4142135623730951,0.48340272543915985,0.9917191060611913
1011,1.5,5.0,1.5422108254079407,0.4204762696347279,1.0555850396923692
1011,1.5,5.0,1.681792830507429,0.3576450915504581,1.1193511915908516
1011,1.5,5.0,1.8340080864093424,0.2950231132918117,1.1830244790429896
1011,1.5,5.0,2.0,0.23256511087686438,1.246629439803728
1011,1.5,5.0,2.1810154653305154,0.17055247313716843,1.3099277811430885
1011,1.5,5.0,2.378414230005442,0.10906063028618969,1.3729023940419627
1011,1.5,5.0,2.5936791093020193,0.0478862940048206,1.4356170577531424
1011,1.5,5.0,2.82842712474619,-0.012903966578596647,1.497985986354859
1011,1.5,5.0,3.0844216508158815,-0.07315139969188485,1.5602097275466071
1011,1.5,5.0,3.363585661014858,-0.13300602788085145,1.6221630138568501
1011,1.5,5.0,3.668016172818685,-0.1924277485549861,1.6837699340335612
1011,1.5,5.0,4.0,-0.251324851031248,1.745258453882493
1011,1.5,5.0,4.362030930661031,-0.309947109712927,1.806311953536948
1011,1.5,5.0,4.756828460010884,-0.36792149015344555,1.8669120973389293
1011,1.5,5.0,5.187358218604039,-0.42534002044059793,1.9269567027113694
1011,1.5,5.0,5.656854249492381,-0.48217292926851224,1.98623652364459
1011,1.5,5.0,6.168843301631764,-0.5386419005100519,2.0448202618794884
1011,1.5,5.0,6.727171322029717,-0.5948138606767344,2.103041448942067
1011,1.5,5.0,7.336032345637371,-0.6504217556000567,2.160904490799612
1011,1.5,5.0,8.0,-0.7050166009948593,2.2183957389224074
1012,1.5,3.0,1.0,0.6787642616898935,0.6787642616898937
1012,1.5,3.0,1.0905077326652577,0.6154746498168915,0.7419910641067698
1012,1.5,3.0,1.189207115002721,0.5521543598418918,0.8051216804901906
1012,1.5,3.0,1.2968395546510096,0.48883525755789226,0.8681326131141366
1012,1.5,3.0,1.4142135623730951,0.42561260184171923,0.9310084382260053
1012,1.5,3.0,1.5422108254079407,0.36249797009695206,0.9936871862539095
1012,1.5,3.0,1.681792830507429,0.29957716001382856,1.0560892293394242
1012,1.5,3.0,1.8340080864093424,0.23697109675149414,1.1181495416970093
1012,1.5,3.0,2.0,0.17460415382600764,1.1799831934878608
1012,1.5,3.0,2.1810154653305154,0.11249689533727458,1.2415083509310127
1012,1.5,3.0,2.378414230005442,0.05068459309147406,1.302787547129949
1012,1.5,3.0,2.5936791093020193,-0.010844347522690251,1.3636827738324322
1012,1.5,3.0,2.82842712474619,-0.07207418272488247,1.4244359292936775
1012,1.5,3.0,3.0844216508158815,-0.132901745077747,1.4850860355361672
1012,1.5,3.0,3.363585661014858,-0.19326385831409712,1.545385634256569
1012,1.5,3.0,3.668016172818685,-0.2533883777016767,1.6055337665505933
1012,1.5,3.0,4.0,-0.31294361462617865,1.6653877156504655
1012,1.5,3.0,4.362030930661031,-0.3717932128891323,1.7247646665222904
1012,1.5,3.0,4.756828460010884,-0.4297880434196933,1.7840248173492554
1012,1.5,3.0,5.187358218604039,-0.4868632170281667,1.8429362809023588
1012,1.5,3.0,5.656854249492381,-0.5434158721786878,1.9011514216979846
1012,1.5,3.0,6.168843301631764,-0.5994316510764316,1.958996951826604
1012,1.5,3.0,6.727171322029717,-0.6550739299110457,2.016273044720751
1012,1.5,3.0,7.336032345637371,-0.7100285503161038,2.073348204204307
1012,1.5,3.0,8.0,-0.7644777115504355,2.1297994013568724
1012,1.5,5.0,1.0,0.7304853850791786,0.7304853850791788
1012,1.5,5.0,1.0905077326652577,0.6677790791812369,0.793160533067701
1012,1.5,5.0,1.189207115002721,0.6050691661975437,0.855769347057174
1012,1.5,5.0,1.2968395546510096,0.5423921564660101,0.918293082324285
1012,1.5,5.0,1.4142135623730951,0.4797758608891357,0.9806638791626617
1012,1.5,5.0,1.5422108254079407,0.417309536323504,1.042824062053176
1012,1.5,5.0,1.681792830507429,0.3549816573108401,1.1046878814118508
1012,1.5,5.0,1.8340080864093424,0.29292713467689735,1.166310148076726
1012,1.5,5.0,2.0,0.23127297088270504,1.2276786733901652
1012,1.5,5.0,2.1810154653305154,0.16992449688143232,1.2888184090361832
1012,1.5,5.0,2.378414230005442,0.10893812943432146,1.3495771882169374
1012,1.5,5.0,2.5936791093020193,0.04829624895635239,1.4101314454980127
1012,1.5,5.0,2.82842712474619,-0.012093032914439207,1.470697474464458
1012,1.5,5.0,3.0844216508158815,-0.0722492707941711,1.5310045528010199
1012,1.5,5.0,3.363585661014858,-0.13199416616822499,1.5911447626455606
1012,1.5,5.0,3.668016172818685,-0.19119233008971853,1.6511965932789519
1012,1.5,5.0,4.0,-0.25017813931377386,1.7107259673065742
1012,1.5,5.0,4.362030930661031,-0.30852633268657675,1.7701713575562938
1012,1.5,5.0,4.756828460010884,-0.36611958904753306,1.8292969605203766
1012,1.5,5.0,5.187358218604039,-0.4228478157924081,1.8878133609678156
1012,1.5,5.0,5.656854249492381,-0.4784698208077636,1.9457375303837787
1012,1.5,5.0,6.168843301631764,-0.5334966352833651,2.0031068779496164
1012,1.5,5.0,6.727171322029717,-0.5880993541744668,2.0601092465610793
1012,1.5,5.0,7.336032345637371,-0.6423494620909733,2.1169616328966394
1012,1.5,5.0,8.0,-0.695878546731855,2.1729881111644946
1013,1.5,3.0,1.0,0.6887708303065873,0.6887708303065873
1013,1.5,3.0,1.0905077326652577,0.6255066144742633,0.7520850475901761
1013,1.5,3.0,1.189207115002721,0.5623428800941961,0.8153803682674804
1013,1.5,3.0,1.2968395546510096,0.4992740587211254,0.8785711691281428
1013,1.5,3.0,1.4142135623730951,0.436277332891261,0.9416650421075092
1013,1.5,3.0,1.5422108254079407,0.37340408640457695,1.004600712651159
1013,1.5,3.0,1.681792830507429,0.31068354475838933,1.0672476001906157
1013,1.5,3.0,1.8340080864093424,0.24823089170467838,1.1295432007375565
1013,1.5,3.0,2.0,0.1859360731945833,1.191509872233426
1013,1.5,3.0,2.1810154653305154,0.1239453273390096,1.25319092992096
1013,1.5,3.0,2.378414230005442,0.0621558088710921,1.3145912611310424
1013,1.5,3.0,2.5936791093020193,0.0007665153322926571,1.375622209708764
1013,1.5,3.0,2.82842712474619,-0.06007324893728895,1.436359540494627
1013,1.5,3.0,3.0844216508158815,-0.12050081249432586,1.4969318703286034
1013,1.5,3.0,3.363585661014858,-0.1806186999343048,1.5569128680445057
1013,1.5,3.0,3.668016172818685,-0.24037513568662583,1.6165432493671879
1013,1.5,3.0,4.0,-0.2997428784766907,1.6759653434551758
1013,1.5,3.0,4.362030930661031,-0.3587960724743622,1.735219315338961
1013,1.5,3.0,4.756828460010884,-0.417120641243755,1.7939270115421768
1013,1.5,3.0,5.187358218604039,-0.4752137088967483,1.8521794703356151
1013,1.5,3.0,5.656854249492381,-0.532732627882403,1.9096920253905312
1013,1.5,3.0,6.168843301631764,-0.5896075160285822,1.9663583762742147
1013,1.5,3.0,6.727171322029717,-0.6458041084942725,2.0230431667855853
1013,1.5,3.0,7.336032345637371,-0.7017370415593662,2.0790989811089133
1013,1.5,3.0,8.0,-0.7570903716755594,2.1342969801762908
1013,1.5,5.0,1.0,0.7410565951923569,0.7410565951923571
1013,1.5,5.0,1.0905077326652577,0.678328377690777,0.8038367882483165
1013,1.5,5.0,1.189207115002721,0.6157172911973152,0.8665856903750049
1013,1.5,5.0,1.2968395546510096,0.5532582438442124,0.9292796655119505
1013,1.5,5.0,1.4142135623730951,0.49090632617614305,0.991897469493502
1013,1.5,5.0,1.5422108254079407,0.42864285742913655,1.0543057872306825
1013,1.5,5.0,1.681792830507429,0.36649857809691794,1.1163947655453725
1013,1.5,5.0,1.8340080864093424,0.3045371429173337,1.1782076009824791
1013,1.5,5.0,2.0,0.2428498876854199,1.2396994697010262
1013,1.5,5.0,2.1810154653305154,0.1813121313934869,1.3009965166508395
1013,1.5,5.0,2.378414230005442,0.12010967880128928,1.3619693755078364
1013,1.5,5.0,2.5936791093020193,0.05910196640105295,1.422653728023133
1013,1.5,5.0,2.82842712474619,-0.0014118891229791839,1.4832689220618376
1013,1.5,5.0,3.0844216508158815,-0.06136800819559723,1.5433140367149933
1013,1.5,5.0,3.363585661014858,-0.1209598260669929,1.6029424834903516
1013,1.5,5.0,3.668016172818685,-0.18021747795555002,1.6623169801876378
1013,1.5,5.0,4.0,-0.2391721036212136,1.7216553800204168
1013,1.5,5.0,4.362030930661031,-0.29783669163812143,1.7805241719609046
1013,1.5,5.0,4.756828460010884,-0.35628340999881375,1.838903167211918
1013,1.5,5.0,5.187358218604039,-0.41384752091820576,1.8968494136080634
1013,1.5,5.0,5.656854249492381,-0.47123731976253497,1.9537269024642023
1013,1.5,5.0,6.168843301631764,-0.5280652021709522,2.010690751531523
1013,1.5,5.0,6.727171322029717,-0.5844399636577232,2.067127368394939
1013,1.5,5.0,7.336032345637371,-0.639941609547333,2.1227435700131854
1013,1.5,5.0,8.0,-0.6953585874675917,2.1777872858143676
1014,1.5,3.0,1.0,0.6852609074506352,0.6852609074506354
1014,1.5,3.0,1.0905077326652577,0.6214740579836178,0.7489946774490811
1014,1.5,3.0,1.189207115002721,0.5577244162210743,0.8126040163498851
1014,1.5,3.0,1.2968395546510096,0.49403218334920246,0.8760772946706121
1014,1.5,3.0,1.4142135623730951,0.43046891005542637,0.9394147418511261
1014,1.5,3.0,1.5422108254079407,0.3670115931233945,1.0025588352963548
1014,1.5,3.0,1.681792830507429,0.3037264901558653,1.0654935867849562
1014,1.5,3.0,1.8340080864093424,0.24061332173219963,1.128169476085989
1014,1.5,3.0,2.0,0.17773437047524132,1.1906906321325026
1014,1.5,3.0,2.1810154653305154,0.11515540119652756,1.2529477080271632
1014,1.5,3.0,2.378414230005442,0.05291866395352586,1.3148565287361231
1014,1.5,3.0,2.5936791093020193,-0.008934298226207277,1.3762734761485242
1014,1.5,3.0,2.82842712474619,-0.07045231192907117,1.4373856317973939
1014,1.5,3.0,3.0844216508158815,-0.1315171117833553,1.4979912437578022
1014,1.5,3.0,3.363585661014858,-0.19229692478767038,1.5582637447856282
1014,1.5,3.0,3.668016172818685,-0.2526979441597789,1.6179693373831583
1014,1.5,3.0,4.0,-0.3125192429152934,1.677017457450581
1014,1.5,3.0,4.362030930661031,-0.3716284813755918,1.735493209689133
1014,1.5,3.0,4.756828460010884,-0.4298147156182268,1.7931571416755043
1014,1.5,3.0,5.187358218604039,-0.48733080934821693,1.8501232215459202
1014,1.5,3.0,5.656854249492381,-0.5442893242015349,1.9068203789042146
1014,1.5,3.0,6.168843301631764,-0.6007796568572585,1.962930438238807
1014,1.5,3.0,6.727171322029717,-0.6568186918602481,2.0186273155395607
1014,1.5,3.0,7.336032345637371,-0.7126550111261505,2.0736733665408558
1014,1.5,3.0,8.0,-0.768472866978412,2.12848203740346
1014,1.5,5.0,1.0,0.7407378460824504,0.7407378460824509
1014,1.5,5.0,1.0905077326652577,0.6776030351063285,0.8038041670817592
1014,1.5,5.0,1.189207115002721,0.6144896900826525,0.8667728032179461
1014,1.5,5.0,1.2968395546510096,0.5514946246278506,0.9296670480728286
1014,1.5,5.0,1.4142135623730951,0.4886187615368576,0.9924331144337901
1014,1.5,5.0,1.5422108254079407,0.4259259520164252,1.0550653229457272
1014,1.5,5.0,1.681792830507429,0.363360159890516,1.117459873554652
1014,1.5,5.0,1.8340080864093424,0.30102656526678206,1.1797033535377526
1014,1.5,5.0,2.0,0.23887365167104185,1.2417566909407847
1014,1.5,5.0,2.1810154653305154,0.17693869897989126,1.303509948553204
1014,1.5,5.0,2.378414230005442,0.1153414026159372,1.3648079173293142
1014,1.5,5.0,2.5936791093020193,0.05409750024465533,1.4257549344843636
1014,1.5,5.0,2.82842712474619,-0.006725953040113766,1.486266803233376
1014,1.5,5.0,3.0844216508158815,-0.06719507058570486,1.5464312711356438
1014,1.5,5.0,3.363585661014858,-0.12717740801217645,1.6061370704595086
1014,1.5,5.0,3.668016172818685,-0.18684091571326866,1.6652020427509435
1014,1.5,5.0,4.0,-0.2460898955196322,1.7236774774382253
1014,1.5,5.0,4.362030930661031,-0.3047598986307001,1.7813613115462548
1014,1.5,5.0,4.756828460010884,-0.36264711163832075,1.8383364393590866
1014,1.5,5.0,5.187358218604039,-0.41954473601019343,1.8950026835167721
1014,1.5,5.0,5.656854249492381,-0.47557285159231616,1.9513107579966515
1014,1.5,5.0,6.168843301631764,-0.5312399472382057,2.007234044808836
1014,1.5,5.0,6.727171322029717,-0.586313904662408,2.0623359830432917
1014,1.5,5.0,7.336032345637371,-0.6410101347028311,2.1172691753491613
1014,1.5,5.0,8.0,-0.695286033543926,2.1719249258070827
1015,1.5,3.0,1.0,0.6832381736019867,0.6832381736019869
1015,1.5,3.0,1.0905077326652577,0.6195088181536078,0.7469246898710167
1015,1.5,3.0,1.189207115002721,0.5557802637979371,0.8105207687186106
1015,1.5,3.0,1.2968395546510096,0.4920715589460699,0.8740177961760455
1015,1.5,3.0,1.4142135623730951,0.42849443687985517,0.9373687480846359
1015,1.5,3.0,1.5422108254079407,0.36500154353345066,1.000667146821272
1015,1.5,3.0,1.681792830507429,0.3016242865241373,1.0639001413228149
1015,1.5,3.0,1.8340080864093424,0.23852373389158993,1.12690499524087
1015,1.5,3.0,2.0,0.17574782313813642,1.189670751767249
1015,1.5,3.0,2.1810154653305154,0.1133889311899835,1.2522082013976767
1015,1.5,3.0,2.378414230005442,0.05150284455074538,1.3145320515254841
1015,1.5,3.0,2.5936791093020193,-0.009847419340016874,1.3763063935825788
1015,1.5,3.0,2.82842712474619,-0.07073393649036397,1.4377438023441584
1015,1.5,3.0,3.0844216508158815,-0.13137584210170705,1.4988265044001952
1015,1.5,3.0,3.363585661014858,-0.19181386184152874,1.5595159382066641
1015,1.5,3.0,3.668016172818685,-0.25204216605765706,1.6195674642287008
1015,1.5,3.0,4.0,-0.3120114870566968,1.6789077432974657
1015,1.5,3.0,4.362030930661031,-0.3716013844391286,1.7377354281620174
1015,1.5,3.0,4.756828460010884,-0.4307299752045852,1.7961928515234338
1015,1.5,3.0,5.187358218604039,-0.48940234212177003,1.8541024208381118
1015,1.5,3.0,5.656854249492381,-0.5477406752790531,1.9113985689387627
1015,1.5,3.0,6.168843301631764,-0.6054941751503142,1.9684586897207619
1015,1.5,3.0,6.727171322029717,-0.662323698448029,2.0250243314540612
1015,1.5,3.0,7.336032345637371,-0.718421574228645,2.080810908952363
1015,1.5,3.0,8.0,-0.7741995877313118,2.13602761429084
1015,1.5,5.0,1.0,0.7354887141209016,0.7354887141209016
1015,1.5,5.0,1.0905077326652577,0.672359565137853,0.7985803994710232
1015,1.5,5.0,1.189207115002721,0.6092318971350665,0.8616119836459208
1015,1.5,5.0,1.2968395546510096,0.5461793315181864,0.9245337156310842
1015,1.5,5.0,1.4142135623730951,0.48321052411895665,0.9873982910411341
1015,1.5,5.0,1.5422108254079407,0.42046434540281413,1.0502350992021843
1015,1.5,5.0,1.681792830507429,0.35782685556335864,1.112945216405926
1015,1.5,5.0,1.8340080864093424,0.295361543792614,1.1754691658248015
1015,1.5,5.0,2.0,0.2332482366711826,1.2377818397990292
1015,1.5,5.0,2.1810154653305154,0.17153953809163738,1.2999564584320003
1015,1.5,5.0,2.378414230005442,0.1103280020882244,1.3616804919718044
1015,1.5,5.0,2.5936791093020193,0.049608884888578876,1.423036021449987
1015,1.5,5.0,2.82842712474619,-0.010478435162615379,1.484132637989401
1015,1.5,5.0,3.0844216508158815,-0.07005918063642735,1.5448323298409945
1015,1.5,5.0,3.363585661014858,-0.12940264753646114,1.6049582653339953
1015,1.5,5.0,3.668016172818685,-0.1885997476501077,1.6643995379850403
1015,1.5,5.0,4.0,-0.2476752262541585,1.7232795079598153
1015,1.5,5.0,4.362030930661031,-0.30644870935698215,1.7817701336205374
1015,1.5,5.0,4.756828460010884,-0.3648677426884908,1.8398133962784868
1015,1.5,5.0,5.187358218604039,-0.4228099258997077,1.8971863429238205
1015,1.5,5.0,5.656854249492381,-0.48044757443125774,1.9541703297447819
1015,1.5,5.0,6.168843301631764,-0.5377726653127535,2.010745308545645
1015,1.5,5.0,6.727171322029717,-0.5946341150582775,2.0664959070637647
1015,1.5,5.0,7.336032345637371,-0.650513869638475,2.12153519993815
1015,1.5,5.0,8.0,-0.7054385630634276,2.175745868264246
1016,1.5,3.0,1.0,0.6777518791571253,0.6777518791571256
1016,1.5,3.0,1.0905077326652577,0.6143081827657744,0.741191704987305
1016,1.5,3.0,1.189207115002721,0.550878306686542,0.8045693017191933
1016,1.5,3.0,1.2968395546510096,0.4875113717246539,0.8678422189148154
1016,1.5,3.0,1.4142135623730951,0.4242256499225768,0.9310286750212408
1016,1.5,3.0,1.5422108254079407,0.36107496857888266,0.994065638965417
1016,1.5,3.0,1.681792830507429,0.29806848337477226,1.056931098494424
1016,1.5,3.0,1.8340080864093424,0.23537244878942293,1.1195712517637633
1016,1.5,3.0,2.0,0.17282582018551498,1.181924718948942
1016,1.5,3.0,2.1810154653305154,0.11054055758263041,1.2439629709418
1016,1.5,3.0,2.378414230005442,0.04857255551863788,1.3057090383585235
1016,1.5,3.0,2.5936791093020193,-0.013092337228259844,1.3672736689548246
1016,1.5,3.0,2.82842712474619,-0.07435702107473047,1.4285073872229963
1016,1.5,3.0,3.0844216508158815,-0.13502622498639735,1.4893831521575902
1016,1.5,3.0,3.363585661014858,-0.19512484722075524,1.5498832661109454
1016,1.5,3.0,3.668016172818685,-0.2549408948650224,1.6098465667321593
1016,1.5,3.0,4.0,-0.3143682279420663,1.6693753919130978
1016,1.5,3.0,4.362030930661031,-0.37374350136350537,1.7284980710672229
1016,1.5,3.0,4.756828460010884,-0.43246040204961733,1.7870211841611345
1016,1.5,3.0,5.187358218604039,-0.4902744190715131,1.8447825790111223
1016,1.5,3.0,5.656854249492381,-0.5475737340819812,1.9019736380576742
1016,1.5,3.0,6.168843301631764,-0.6045213999166451,1.9585306273223473
1016,1.5,3.0,6.727171322029717,-0.6610053083236872,2.0145483571936564
1016,1.5,3.0,7.336032345637371,-0.7171094355179054,2.0697427652459734
1016,1.5,3.0,8.0,-0.7726504977880405,2.1248238161566992
1016,1.5,5.0,1.0,0.7279784627919814,0.7279784627919814
1016,1.5,5.0,1.0905077326652577,0.6650228771982665,0.7909080596136416
1016,1.5,5.0,1.189207115002721,0.6020873699336774,0.8537683301475317
1016,1.5,5.0,1.2968395546510096,0.539174133277581,0.9165693744510791
1016,1.5,5.0,1.4142135623730951,0.47637352492035157,0.9792564315736455
1016,1.5,5.0,1.5422108254079407,0.4136900106751372,1.0418074649301479
1016,1.5,5.0,1.681792830507429,0.3511443575580305,1.1041973857029586
1016,1.5,5.0,1.8340080864093424,0.28879234535512444,1.1663643043357421
1016,1.5,5.0,2.0,0.22678496084537192,1.2283109783564952
1016,1.5,5.0,2.1810154653305154,0.1649146424059636,1.289972004432037
1016,1.5,5.0,2.378414230005442,0.10335550534868042,1.351448169348982
1016,1.5,5.0,2.5936791093020193,0.04219281665888686,1.412688454494584
1016,1.5,5.0,2.82842712474619,-0.018603632462912762,1.4735907695371615
1016,1.5,5.0,3.0844216508158815,-0.07887714687534153,1.5341494183346593
1016,1.5,5.0,3.363585661014858,-0.13852392087844204,1.5942569106177422
1016,1.5,5.0,3.668016172818685,-0.19758044418218632,1.65384626655381
1016,1.5,5.0,4.0,-0.2564483597672101,1.7130483029658472
1016,1.5,5.0,4.362030930661031,-0.3149546060277314,1.7718438586150893
1016,1.5,5.0,4.756828460010884,-0.3735883798476919,1.8298415549199432
1016,1.5,5.0,5.187358218604039,-0.43148100615781504,1.887253681573363
1016,1.5,5.0,5.656854249492381,-0.4882975164417018,1.9442167722318577
1016,1.5,5.0,6.168843301631764,-0.544598734201481,2.0006965942520054
1016,1.5,5.0,6.727171322029717,-0.6007298391814064,2.056378687119761
1016,1.5,5.0,7.336032345637371,-0.6563814699457401,2.1118003820012587
1016,1.5,5.0,8.0,-0.7116163517518013,2.1668724800918486
1017,1.5,3.0,1.0,0.6782864603062744,0.6782864603062747
1017,1.5,3.0,1.0905077326652577,0.6146476905004981,0.7419548397954062
1017,1.5,3.0,1.189207115002721,0.551071125503568,0.8056037572386092
1017,1.5,3.0,1.2968395546510096,0.48763906569757737,0.8691708966719287
1017,1.5,3.0,1.4142135623730951,0.4244296234382824,0.9325385929646411
1017,1.5,3.0,1.5422108254079407,0.36142110119966525,0.9956851597299269
1017,1.5,3.0,1.681792830507429,0.2986195845964846,1.0586515500456566
1017,1.5,3.0,1.8340080864093424,0.23611414016253093,1.121463483835377
1017,1.5,3.0,2.0,0.1739881015398079,1.1841508557275373
1017,1.5,3.0,2.1810154653305154,0.11225809011441513,1.2464512543503061
1017,1.5,3.0,2.378414230005442,0.05093464057406249,1.3084092071216984
1017,1.5,3.0,2.5936791093020193,-0.010140769869066885,1.3700590779990245
1017,1.5,3.0,2.82842712474619,-0.07064870464402372,1.431348198899325
1017,1.5,3.0,3.0844216508158815,-0.1308306188082643,1.4922441798160062
1017,1.5,3.0,3.363585661014858,-0.1904093050078517,1.552727549295394
1017,1.5,3.0,3.668016172818685,-0.24934389499138443,1.6126769362120794
1017,1.5,3.0,4.0,-0.30780081753605787,1.671935929299337
1017,1.5,3.0,4.362030930661031,-0.36555254238097007,1.730818529496245
1017,1.5,3.0,4.756828460010884,-0.42248594137219575,1.7893207043811188
1017,1.5,3.0,5.187358218604039,-0.47869992773745274,1.8474114615651842
1017,1.5,3.0,5.656854249492381,-0.5344725924681424,1.9052198366043769
1017,1.5,3.0,6.168843301631764,-0.5896608183755255,1.9627367994551825
1017,1.5,3.0,6.727171322029717,-0.6446583922336833,2.019798392851538
1017,1.5,3.0,7.336032345637371,-0.6991283133309071,2.0761426761709676
1017,1.5,3.0,8.0,-0.7531682057722885,2.132100016266317
1017,1.5,5.0,1.0,0.7316557301580481,0.7316557301580482
1017,1.5,5.0,1.0905077326652577,0.6685872088909944,0.7947778072481733
1017,1.5,5.0,1.189207115002721,0.6056126163663215,0.8579009416072345
1017,1.5,5.0,1.2968395546510096,0.5427712265376597,0.9209002411070517
1017,1.5,5.0,1.4142135623730951,0.4801644496626552,0.9837223245938024
1017,1.5,5.0,1.5422108254079407,0.41785006325283797,1.046373592709967
1017,1.5,5.0,1.681792830507429,0.35578356791342164,1.1088752490524492
1017,1.5,5.0,1.8340080864093424,0.2939695012311735,1.1712811427848917
1017,1.5,5.0,2.0,0.2325163777154346,1.2334221317720535
1017,1.5,5.0,2.1810154653305154,0.17151850072584027,1.2952299490765247
1017,1.5,5.0,2.378414230005442,0.11099972160092543,1.356720261393109
1017,1.5,5.0,2.5936791093020193,0.0509629281193284,1.4179010534153165
1017,1.5,5.0,2.82842712474619,-0.008843965628084129,1.4787089360719115
1017,1.5,5.0,3.0844216508158815,-0.06807270258949671,1.5391347009407734
1017,1.5,5.0,3.363585661014858,-0.1270322025234775,1.5991757046555997
1017,1.5,5.0,3.668016172818685,-0.18536784695907554,1.6584385339311145
1017,1.5,5.0,4.0,-0.24287277269131013,1.7173991448243062
1017,1.5,5.0,4.362030930661031,-0.2997888732633353,1.7758895585405388
1017,1.5,5.0,4.756828460010884,-0.3559862479927228,1.834125533457545
1017,1.5,5.0,5.187358218604039,-0.4114020542638257,1.8920580133097216
1017,1.5,5.0,5.656854249492381,-0.4659582555950526,1.9497100218029295
1017,1.5,5.0,6.168843301631764,-0.5201846676758505,2.0069751916088965
1017,1.5,5.0,6.727171322029717,-0.5737071280872608,2.0635002260183395
1017,1.5,5.0,7.336032345637371,-0.6272112738163178,2.1195751324904015
1017,1.5,5.0,8.0,-0.6801844256213769,2.174491325408841
1018,1.5,3.0,1.0,0.6855007840534357,0.6855007840534361
1018,1.5,3.0,1.0905077326652577,0.6219871090904754,0.7490692792964894
1018,1.5,3.0,1.189207115002721,0.5585384279382433,0.8126232633250992
1018,1.5,3.0,1.2968395546510096,0.49518050107086264,0.8760557386926929
1018,1.5,3.0,1.4142135623730951,0.4320155403195407,0.9392860559475541
1018,1.5,3.0,1.5422108254079407,0.3691028287485899,1.002243801451495
1018,1.5,3.0,1.681792830507429,0.30641264366461,1.0649534896260255
1018,1.5,3.0,1.8340080864093424,0.24390709427736587,1.1273115360483383
1018,1.5,3.0,2.0,0.18170504599909945,1.1894208566055238
1018,1.5,3.0,2.1810154653305154,0.11980198734069729,1.2511641160474576
1018,1.5,3.0,2.378414230005442,0.0582109645097261,1.3125874353507876
1018,1.5,3.0,2.5936791093020193,-0.0029821071232046296,1.3737697224493421
1018,1.5,3.0,2.82842712474619,-0.06376721709077639,1.4347311831406704
1018,1.5,3.0,3.0844216508158815,-0.12419283674936754,1.4952937645038462
1018,1.5,3.0,3.363585661014858,-0.18403439586682516,1.5551806788428018
1018,1.5,3.0,3.668016172818685,-0.2436454882936323,1.6146658626510562
1018,1.5,3.0,4.0,-0.30280264881585006,1.6736653084185158
1018,1.5,3.0,4.362030930661031,-0.36124705080045016,1.732023250643446
1018,1.5,3.0,4.756828460010884,-0.41902082005583174,1.7897055784040603
1018,1.5,3.0,5.187358218604039,-0.4761541264257249,1.847059946445495
1018,1.5,3.0,5.656854249492381,-0.5329609350117455,1.9039205055952775
1018,1.5,3.0,6.168843301631764,-0.5893834809559692,1.9602204084534551
1018,1.5,3.0,6.727171322029717,-0.6455401099942245,2.015700019771689
1018,1.5,3.0,7.336032345637371,-0.7017646533083869,2.070890304554425
1018,1.5,3.0,8.0,-0.7576044299620548,2.125826340731075
1018,1.5,5.0,1.0,0.739064618286601,0.7390646182866013
1018,1.5,5.0,1.0905077326652577,0.6760671722194904,0.8021260242710536
1018,1.5,5.0,1.189207115002721,0.6131747567575299,0.8651435269924233
1018,1.5,5.0,1.2968395546510096,0.550376109733877,0.9280184620239597
1018,1.5,5.0,1.4142135623730951,0.48773431869940603,0.990641301766831
1018,1.5,5.0,1.5422108254079407,0.4254129871084778,1.053034577556445
1018,1.5,5.0,1.681792830507429,0.3634282684130351,1.1151010585724914
1018,1.5,5.0,1.8340080864093424,0.3016836429189261,1.1769175279929107
1018,1.5,5.0,2.0,0.24013398107925446,1.2383847530365832
1018,1.5,5.0,2.1810154653305154,0.17890002547710768,1.2995164939284485
1018,1.5,5.0,2.378414230005442,0.11798369728277289,1.3603853002640869
1018,1.5,5.0,2.5936791093020193,0.057413351011571474,1.4210888412082583
1018,1.5,5.0,2.82842712474619,-0.0027182886438305897,1.481605708910546
1018,1.5,5.0,3.0844216508158815,-0.06237191978798732,1.541575044415771
1018,1.5,5.0,3.363585661014858,-0.12161907100184029,1.60108706997783
1018,1.5,5.0,3.668016172818685,-0.1802607604991444,1.6601474754017103
1018,1.5,5.0,4.0,-0.23863797713837892,1.7186497295384842
1018,1.5,5.0,4.362030930661031,-0.29658573551529316,1.7764622721713024
1018,1.5,5.0,4.756828460010884,-0.353758558851926,1.8338663563142283
1018,1.5,5.0,5.187358218604039,-0.4101854295490682,1.890836367979091
1018,1.5,5.0,5.656854249492381,-0.4659125219505947,1.9473675443984855
1018,1.5,5.0,6.168843301631764,-0.5212229001678153,2.003175133360081
1018,1.5,5.0,6.727171322029717,-0.5762724550935472,2.0585695353246245
1018,1.5,5.0,7.336032345637371,-0.6309966911415127,2.1138707058028423
1018,1.5,5.0,8.0,-0.6860429556117043,2.168760523462021
1019,1.5,3.0,1.0,0.6855211507461012,0.6855211507461012
1019,1.5,3.0,1.0905077326652577,0.6217899389899226,0.7492043632580637
1019,1.5,3.0,1.189207115002721,0.5580410847663608,0.8128148735299398
1019,1.5,3.0,1.2968395546510096,0.49434359894398766,0.8763431911166356
1019,1.5,3.0,1.4142135623730951,0.43077489495369886,0.9397365481329281
1019,1.5,3.0,1.5422108254079407,0.3673073080792962,1.0029640016012953
1019,1.5,3.0,1.681792830507429,0.30393029488758105,1.0660000271318022
1019,1.5,3.0,1.8340080864093424,0.24080304114497614,1.1288349076238826
1019,1.5,3.0,2.0,0.17796379579497423,1.1913734116187602
1019,1.5,3.0,2.1810154653305154,0.11548790354779358,1.253461297965986
1019,1.5,3.0,2.378414230005442,0.053301253660537756,1.3151842280308068
1019,1.5,3.0,2.5936791093020193,-0.00861814110267607,1.3766409883726165
1019,1.5,3.0,2.82842712474619,-0.0700480491558039,1.4377625041369588
1019,1.5,3.0,3.0844216508158815,-0.1309684976513808,1.4985876110214293
1019,1.5,3.0,3.363585661014858,-0.1914429170665578,1.5589157108896792
1019,1.5,3.0,3.668016172818685,-0.2515311317853184,1.6186483804054022
1019,1.5,3.0,4.0,-0.31090442186109507,1.6782949750689662
1019,1.5,3.0,4.362030930661031,-0.36958857746006807,1.7376501594229696
1019,1.5,3.0,4.756828460010884,-0.42745449860704493,1.7966145584976905
1019,1.5,3.0,5.187358218604039,-0.4849018648078,1.8552076515280005
1019,1.5,3.0,5.656854249492381,-0.5419425310309868,1.9132183192378929
1019,1.5,3.0,6.168843301631764,-0.5989017098443962,1.97092336743926
1019,1.5,3.0,6.727171322029717,-0.6557005840908844,2.028149272034969
1019,1.5,3.0,7.336032345637371,-0.7121369984985866,2.0845655895940864
1019,1.5,3.0,8.0,-0.7675237517821715,2.1405485367459476
1019,1.5,5.0,1.0,0.7413029588612406,0.7413029588612406
1019,1.5,5.0,1.0905077326652577,0.6782899907913548,0.8042935245409849
1019,1.5,5.0,1.189207115002721,0.6152924747502552,0.8672629517131821
1019,1.5,5.0,1.2968395546510096,0.552334047537212,0.9301615870826706
1019,1.5,5.0,1.4142135623730951,0.48949698263675057,0.9929688053541706
1019,1.5,5.0,1.5422108254079407,0.42686851206307785,1.05566218859829
1019,1.5,5.0,1.681792830507429,0.3643467478558058,1.1182064154257474
1019,1.5,5.0,1.8340080864093424,0.30193336180041197,1.1805369997213426
1019,1.5,5.0,2.0,0.23982694137236357,1.2424700177764696
1019,1.5,5.0,2.1810154653305154,0.17804704697789853,1.303994908812959
1019,1.5,5.0,2.378414230005442,0.11670007843333889,1.3652695192907722
1019,1.5,5.0,2.5936791093020193,0.05564738262410371,1.42621009410038
1019,1.5,5.0,2.82842712474619,-0.005145426430167265,1.486820517634937
1019,1.5,5.0,3.0844216508158815,-0.06537737442763095,1.5470160176894807
1019,1.5,5.0,3.363585661014858,-0.12510646316377433,1.606568140611326
1019,1.5,5.0,3.668016172818685,-0.18436840169411953,1.6660544142658897
1019,1.5,5.0,4.0,-0.24330098187743351,1.7254451031866482
1019,1.5,5.0,4.362030930661031,-0.3014054017849347,1.7844419885916378
1019,1.5,5.0,4.756828460010884,-0.3587352316068652,1.84311200641674
1019,1.5,5.0,5.187358218604039,-0.4150110403715382,1.901164007493845
1019,1.5,5.0,5.656854249492381,-0.47076318922711147,1.9588484065465674
1019,1.5,5.0,6.168843301631764,-0.526138213523928,2.0161604253591703
1019,1.5,5.0,6.727171322029717,-0.5812870282639784,2.0727858524510805
1019,1.5,5.0,7.336032345637371,-0.636567940938963,2.128867462721616
1019,1.5,5.0,8.0,-0.6915546410912948,2.184369468146147
