track,axis_id,scenario,run_id,seed,estimator,estimate,ci_lo,ci_hi,hyperparam_value,incumbent_mean_r,ess_ratio_raw,max_weight_raw,support_proxy,gate_v1,mean_w,mean_w_state,harmonic_worst_t,harmonic_state,placebo_value,placebo_state,disagreement,disagreement_state,dr_correction,nc_covariate,lam_star_flip,lam_star_censored,lam_direction,protocol_verdict,decision,fragile
practitioner,19,healthy_b-2,healthy-b-2-1000,1000,ips,0.3853101763527957,0.36744077557273463,0.40298656609846606,,0.59919598439328,0.5388487683982907,9.968950614186687,0.0,trust,1.0151029369144486,pass,1.0958912218218635,pass,0.005473853939003337,pass,0.015102936914448594,pass,0.007998074547030708,0.025822883417576215,1.5939489554349673,False,below,trust,no_go,False
practitioner,19,healthy_b-2,healthy-b-2-1000,1000,snips,0.3795774421892635,0.36021954589831423,0.39780012808058324,,0.59919598439328,0.5388487683982907,9.968950614186687,0.0,trust,1.0151029369144486,pass,1.0958912218218635,pass,0.005473853939003337,pass,0.015102936914448594,pass,0.007998074547030708,0.025822883417576215,1.5939489554349673,False,below,trust,no_go,False
practitioner,19,healthy_b-2,healthy-b-2-1000,1000,clipped_ips,0.38027563615352566,0.3663748931204722,0.3944800412907889,2.1453640408633228,0.59919598439328,0.5388487683982907,9.968950614186687,0.0,trust,1.0151029369144486,pass,1.0958912218218635,pass,0.005473853939003337,pass,0.015102936914448594,pass,0.007998074547030708,0.025822883417576215,1.5939489554349673,False,below,trust,no_go,False
practitioner,19,healthy_b-2,healthy-b-2-1000,1000,dm,0.39285446065400453,0.38917827125885845,0.39658855336147253,,0.59919598439328,0.5388487683982907,9.968950614186687,0.0,trust,1.0151029369144486,pass,1.0958912218218635,pass,0.005473853939003337,pass,0.015102936914448594,pass,0.007998074547030708,0.025822883417576215,1.5939489554349673,False,below,trust,no_go,False
practitioner,19,healthy_b-2,healthy-b-2-1000,1000,dr,0.3848563861069738,0.3667945577020739,0.4021787204966489,,0.59919598439328,0.5388487683982907,9.968950614186687,0.0,trust,1.0151029369144486,pass,1.0958912218218635,pass,0.005473853939003337,pass,0.015102936914448594,pass,0.007998074547030708,0.025822883417576215,1.5939489554349673,False,below,trust,no_go,False
practitioner,19,healthy_b-2,healthy-b-2-1000,1000,switch_dr,0.38015135158153796,0.36700249951493646,0.3926997532279254,2.830516661674302,0.59919598439328,0.5388487683982907,9.968950614186687,0.0,trust,1.0151029369144486,pass,1.0958912218218635,pass,0.005473853939003337,pass,0.015102936914448594,pass,0.007998074547030708,0.025822883417576215,1.5939489554349673,False,below,trust,no_go,False
practitioner,19,healthy_b-2,healthy-b-2-1000,1000,dros,0.38959176457399286,0.38040909213252655,0.3988438776060594,4.602586867829405,0.59919598439328,0.5388487683982907,9.968950614186687,0.0,trust,1.0151029369144486,pass,1.0958912218218635,pass,0.005473853939003337,pass,0.015102936914448594,pass,0.007998074547030708,0.025822883417576215,1.5939489554349673,False,below,trust,no_go,False
practitioner,19,healthy_b2,healthy-b2-1000,1000,ips,0.6530507041773289,0.6376409643857768,0.6688169559711364,,0.59919598439328,0.911830441526083,3.5400754996437294,0.0,trust,0.9928771643055191,pass,1.0958912218218635,pass,0.005447800185136657,pass,0.044920884408515604,pass,0.004441237168553765,0.008275241103587908,1.1351171550805021,False,above,trust,go,True
practitioner,19,healthy_b2,healthy-b2-1000,1000,snips,0.6577356471221834,0.6442570368574223,0.6713269359576229,,0.59919598439328,0.911830441526083,3.5400754996437294,0.0,trust,0.9928771643055191,pass,1.0958912218218635,pass,0.005447800185136657,pass,0.044920884408515604,pass,0.004441237168553765,0.008275241103587908,1.1351171550805021,False,above,trust,go,True
practitioner,19,healthy_b2,healthy-b2-1000,1000,clipped_ips,0.6281895801464475,0.6141676250298143,0.6425025669721895,1.363584971901681,0.59919598439328,0.911830441526083,3.5400754996437294,0.0,trust,0.9928771643055191,pass,1.0958912218218635,pass,0.005447800185136657,pass,0.044920884408515604,pass,0.004441237168553765,0.008275241103587908,1.1351171550805021,False,above,trust,go,True
practitioner,19,healthy_b2,healthy-b2-1000,1000,dm,0.6689940466674233,0.665406671643203,0.6728140767520382,,0.59919598439328,0.911830441526083,3.5400754996437294,0.0,trust,0.9928771643055191,pass,1.0958912218218635,pass,0.005447800185136657,pass,0.044920884408515604,pass,0.004441237168553765,0.008275241103587908,1.1351171550805021,False,above,trust,go,True
practitioner,19,healthy_b2,healthy-b2-1000,1000,dr,0.6645528094988696,0.6525451135468594,0.6767607860342693,,0.59919598439328,0.911830441526083,3.5400754996437294,0.0,trust,0.9928771643055191,pass,1.0958912218218635,pass,0.005447800185136657,pass,0.044920884408515604,pass,0.004441237168553765,0.008275241103587908,1.1351171550805021,False,above,trust,go,True
practitioner,19,healthy_b2,healthy-b2-1000,1000,switch_dr,0.6764744965440651,0.665008970742555,0.6875185334235601,1.537288444670115,0.59919598439328,0.911830441526083,3.5400754996437294,0.0,trust,0.9928771643055191,pass,1.0958912218218635,pass,0.005447800185136657,pass,0.044920884408515604,pass,0.004441237168553765,0.008275241103587908,1.1351171550805021,False,above,trust,go,True
practitioner,19,healthy_b2,healthy-b2-1000,1000,dros,0.6694244351101186,0.6611638655283609,0.6771665166038319,1.8593639755961082,0.59919598439328,0.911830441526083,3.5400754996437294,0.0,trust,0.9928771643055191,pass,1.0958912218218635,pass,0.005447800185136657,pass,0.044920884408515604,pass,0.004441237168553765,0.008275241103587908,1.1351171550805021,False,above,trust,go,True
practitioner,19,healthy_b8,healthy-b8-1000,1000,ips,0.8123288097771048,0.7761283093178349,0.8469602481276216,,0.59919598439328,0.3434429133779659,7.612449432890597,0.0,trust,0.9729486208571372,pass,1.0958912218218635,pass,0.007275811515380604,pass,0.18645101027786787,pass,0.007533351822496859,0.0318787250053264,1.7585517723952884,False,above,trust,go,False
practitioner,19,healthy_b8,healthy-b8-1000,1000,snips,0.8349143956455467,0.8147375339576062,0.8551229739665294,,0.59919598439328,0.3434429133779659,7.612449432890597,0.0,trust,0.9729486208571372,pass,1.0958912218218635,pass,0.007275811515380604,pass,0.18645101027786787,pass,0.007533351822496859,0.0318787250053264,1.7585517723952884,False,above,trust,go,False
practitioner,19,healthy_b8,healthy-b8-1000,1000,clipped_ips,0.679243763081899,0.6531744217799919,0.7056500944789668,2.9240406000833183,0.59919598439328,0.3434429133779659,7.612449432890597,0.0,trust,0.9729486208571372,pass,1.0958912218218635,pass,0.007275811515380604,pass,0.18645101027786787,pass,0.007533351822496859,0.0318787250053264,1.7585517723952884,False,above,trust,go,False
practitioner,19,healthy_b8,healthy-b8-1000,1000,dm,0.8523455025987361,0.847626452311891,0.8578452060705719,,0.59919598439328,0.3434429133779659,7.612449432890597,0.0,trust,0.9729486208571372,pass,1.0958912218218635,pass,0.007275811515380604,pass,0.18645101027786787,pass,0.007533351822496859,0.0318787250053264,1.7585517723952884,False,above,trust,go,False
practitioner,19,healthy_b8,healthy-b8-1000,1000,dr,0.8448121507762393,0.8268636899083721,0.8657555710627579,,0.59919598439328,0.3434429133779659,7.612449432890597,0.0,trust,0.9729486208571372,pass,1.0958912218218635,pass,0.007275811515380604,pass,0.18645101027786787,pass,0.007533351822496859,0.0318787250053264,1.7585517723952884,False,above,trust,go,False
practitioner,19,healthy_b8,healthy-b8-1000,1000,switch_dr,0.8671517211636275,0.8550094959062998,0.8814477727152215,4.203579671326988,0.59919598439328,0.3434429133779659,7.612449432890597,0.0,trust,0.9729486208571372,pass,1.0958912218218635,pass,0.007275811515380604,pass,0.18645101027786787,pass,0.007533351822496859,0.0318787250053264,1.7585517723952884,False,above,trust,go,False
practitioner,19,healthy_b8,healthy-b8-1000,1000,dros,0.855942084769571,0.8468640898161747,0.8663485740571817,8.550013430935612,0.59919598439328,0.3434429133779659,7.612449432890597,0.0,trust,0.9729486208571372,pass,1.0958912218218635,pass,0.007275811515380604,pass,0.18645101027786787,pass,0.007533351822496859,0.0318787250053264,1.7585517723952884,False,above,trust,go,False
practitioner,19,healthy_b-2,healthy-b-2-1001,1001,ips,0.38850826158564167,0.37372045026328415,0.40411336351918997,,0.5910080428574608,0.5672714191625803,7.294966165302508,0.0,trust,1.0034272267989384,pass,0.9337756085235202,pass,-0.008474973840407898,pass,0.023470378929985453,pass,0.008131867026577566,0.010608760911264836,1.5459280148867383,False,below,trust,no_go,False
practitioner,19,healthy_b-2,healthy-b-2-1001,1001,snips,0.38718130344642215,0.371130835944267,0.4046282850255812,,0.5910080428574608,0.5672714191625803,7.294966165302508,0.0,trust,1.0034272267989384,pass,0.9337756085235202,pass,-0.008474973840407898,pass,0.023470378929985453,pass,0.008131867026577566,0.010608760911264836,1.5459280148867383,False,below,trust,no_go,False
practitioner,19,healthy_b-2,healthy-b-2-1001,1001,clipped_ips,0.37942096967914846,0.3673653095907301,0.3923828205352914,2.0961795929514437,0.5910080428574608,0.5672714191625803,7.294966165302508,0.0,trust,1.0034272267989384,pass,0.9337756085235202,pass,-0.008474973840407898,pass,0.023470378929985453,pass,0.008131867026577566,0.010608760911264836,1.5459280148867383,False,below,trust,no_go,False
practitioner,19,healthy_b-2,healthy-b-2-1001,1001,dm,0.3997513279229043,0.3960409764185419,0.4030092852613169,,0.5910080428574608,0.5672714191625803,7.294966165302508,0.0,trust,1.0034272267989384,pass,0.9337756085235202,pass,-0.008474973840407898,pass,0.023470378929985453,pass,0.008131867026577566,0.010608760911264836,1.5459280148867383,False,below,trust,no_go,False
practitioner,19,healthy_b-2,healthy-b-2-1001,1001,dr,0.3916194608963267,0.3764398329719172,0.40802052169697783,,0.5910080428574608,0.5672714191625803,7.294966165302508,0.0,trust,1.0034272267989384,pass,0.9337756085235202,pass,-0.008474973840407898,pass,0.023470378929985453,pass,0.008131867026577566,0.010608760911264836,1.5459280148867383,False,below,trust,no_go,False
practitioner,19,healthy_b-2,healthy-b-2-1001,1001,switch_dr,0.38029239825627786,0.368325267285641,0.3923370642351535,2.8225412342447167,0.5910080428574608,0.5672714191625803,7.294966165302508,0.0,trust,1.0034272267989384,pass,0.9337756085235202,pass,-0.008474973840407898,pass,0.023470378929985453,pass,0.008131867026577566,0.010608760911264836,1.5459280148867383,False,below,trust,no_go,False
practitioner,19,healthy_b-2,healthy-b-2-1001,1001,dros,0.3938810341560015,0.38487431452231335,0.40284426308859356,4.39396888590608,0.5910080428574608,0.5672714191625803,7.294966165302508,0.0,trust,1.0034272267989384,pass,0.9337756085235202,pass,-0.008474973840407898,pass,0.023470378929985453,pass,0.008131867026577566,0.010608760911264836,1.5459280148867383,False,below,trust,no_go,False
practitioner,19,healthy_b2,healthy-b2-1001,1001,ips,0.6430327339424375,0.6279199181078894,0.6617938140423769,,0.5910080428574608,0.9181389231134305,3.6046801590763975,0.0,trust,1.0030618296178437,pass,0.9337756085235202,pass,-0.011696440147406605,pass,0.038384586193843356,pass,0.006962260897511328,0.0054905115521905875,1.1120548339791807,False,above,trust,go,True
practitioner,19,healthy_b2,healthy-b2-1001,1001,snips,0.6410698871747781,0.6266488520059678,0.6562124394850064,,0.5910080428574608,0.9181389231134305,3.6046801590763975,0.0,trust,1.0030618296178437,pass,0.9337756085235202,pass,-0.011696440147406605,pass,0.038384586193843356,pass,0.006962260897511328,0.0054905115521905875,1.1120548339791807,False,above,trust,go,True
practitioner,19,healthy_b2,healthy-b2-1001,1001,clipped_ips,0.6184255316018998,0.6037503494245987,0.6350289027504915,1.352367677917613,0.5910080428574608,0.9181389231134305,3.6046801590763975,0.0,trust,1.0030618296178437,pass,0.9337756085235202,pass,-0.011696440147406605,pass,0.038384586193843356,pass,0.006962260897511328,0.0054905115521905875,1.1120548339791807,False,above,trust,go,True
practitioner,19,healthy_b2,healthy-b2-1001,1001,dm,0.6444689601432783,0.640471621937379,0.6479008869083969,,0.5910080428574608,0.9181389231134305,3.6046801590763975,0.0,trust,1.0030618296178437,pass,0.9337756085235202,pass,-0.011696440147406605,pass,0.038384586193843356,pass,0.006962260897511328,0.0054905115521905875,1.1120548339791807,False,above,trust,go,True
practitioner,19,healthy_b2,healthy-b2-1001,1001,dr,0.637506699245767,0.6231259178091759,0.6502279087672395,,0.5910080428574608,0.9181389231134305,3.6046801590763975,0.0,trust,1.0030618296178437,pass,0.9337756085235202,pass,-0.011696440147406605,pass,0.038384586193843356,pass,0.006962260897511328,0.0054905115521905875,1.1120548339791807,False,above,trust,go,True
practitioner,19,healthy_b2,healthy-b2-1001,1001,switch_dr,0.6477557569989135,0.6351289335884377,0.6605451711867504,1.5197439794259362,0.5910080428574608,0.9181389231134305,3.6046801590763975,0.0,trust,1.0030618296178437,pass,0.9337756085235202,pass,-0.011696440147406605,pass,0.038384586193843356,pass,0.006962260897511328,0.0054905115521905875,1.1120548339791807,False,above,trust,go,True
practitioner,19,healthy_b2,healthy-b2-1001,1001,dros,0.6439031371648974,0.6354935204325176,0.6521136889309885,1.8288983362762767,0.5910080428574608,0.9181389231134305,3.6046801590763975,0.0,trust,1.0030618296178437,pass,0.9337756085235202,pass,-0.011696440147406605,pass,0.038384586193843356,pass,0.006962260897511328,0.0054905115521905875,1.1120548339791807,False,above,trust,go,True
practitioner,19,healthy_b8,healthy-b8-1001,1001,ips,0.8385271857421754,0.8025599243552717,0.8753235603872171,,0.5910080428574608,0.3667756357265291,8.049255283897171,0.0,trust,1.0254564712503091,pass,0.9337756085235202,pass,-0.014894747223026226,pass,0.15660498470000564,pass,0.008029458085142927,0.03783649564895779,1.670060915594538,False,above,trust,go,False
practitioner,19,healthy_b8,healthy-b8-1001,1001,snips,0.8177111454763005,0.795409941306939,0.8399892718985623,,0.5910080428574608,0.3667756357265291,8.049255283897171,0.0,trust,1.0254564712503091,pass,0.9337756085235202,pass,-0.014894747223026226,pass,0.15660498470000564,pass,0.008029458085142927,0.03783649564895779,1.670060915594538,False,above,trust,go,False
practitioner,19,healthy_b8,healthy-b8-1001,1001,clipped_ips,0.7104695443158353,0.6837377789629753,0.7372942614454487,3.0029665446979723,0.5910080428574608,0.3667756357265291,8.049255283897171,0.0,trust,1.0254564712503091,pass,0.9337756085235202,pass,-0.014894747223026226,pass,0.15660498470000564,pass,0.008029458085142927,0.03783649564895779,1.670060915594538,False,above,trust,go,False
practitioner,19,healthy_b8,healthy-b8-1001,1001,dm,0.826371113792533,0.8211421451582842,0.8309716468220699,,0.5910080428574608,0.3667756357265291,8.049255283897171,0.0,trust,1.0254564712503091,pass,0.9337756085235202,pass,-0.014894747223026226,pass,0.15660498470000564,pass,0.008029458085142927,0.03783649564895779,1.670060915594538,False,above,trust,go,False
practitioner,19,healthy_b8,healthy-b8-1001,1001,dr,0.8183416557073901,0.7939409495361255,0.8406603635400369,,0.5910080428574608,0.3667756357265291,8.049255283897171,0.0,trust,1.0254564712503091,pass,0.9337756085235202,pass,-0.014894747223026226,pass,0.15660498470000564,pass,0.008029458085142927,0.03783649564895779,1.670060915594538,False,above,trust,go,False
practitioner,19,healthy_b8,healthy-b8-1001,1001,switch_dr,0.8434786688214453,0.8267858290522323,0.8595664454262977,4.260604143018181,0.5910080428574608,0.3667756357265291,8.049255283897171,0.0,trust,1.0254564712503091,pass,0.9337756085235202,pass,-0.014894747223026226,pass,0.15660498470000564,pass,0.008029458085142927,0.03783649564895779,1.670060915594538,False,above,trust,go,False
practitioner,19,healthy_b8,healthy-b8-1001,1001,dros,0.8325025429012052,0.8208993159461567,0.84294559875178,9.01780806857528,0.5910080428574608,0.3667756357265291,8.049255283897171,0.0,trust,1.0254564712503091,pass,0.9337756085235202,pass,-0.014894747223026226,pass,0.15660498470000564,pass,0.008029458085142927,0.03783649564895779,1.670060915594538,False,above,trust,go,False
practitioner,19,healthy_b-2,healthy-b-2-1002,1002,ips,0.4025600310129799,0.3877011519517433,0.4170364323909964,,0.6016001047508682,0.5749579483741519,8.236291279571587,0.0,trust,0.9979147632414769,pass,0.9240179528322517,pass,0.014660077692582275,pass,0.024339318990649752,pass,0.012020657384830685,0.005724586672842987,1.551477961900921,False,below,trust,no_go,False
practitioner,19,healthy_b-2,healthy-b-2-1002,1002,snips,0.40340121806131435,0.3873422650219251,0.41966881379139026,,0.6016001047508682,0.5749579483741519,8.236291279571587,0.0,trust,0.9979147632414769,pass,0.9240179528322517,pass,0.014660077692582275,pass,0.024339318990649752,pass,0.012020657384830685,0.005724586672842987,1.551477961900921,False,below,trust,no_go,False
practitioner,19,healthy_b-2,healthy-b-2-1002,1002,clipped_ips,0.39358270713370336,0.380893375316815,0.4063757160829279,2.1160348771555695,0.6016001047508682,0.5749579483741519,8.236291279571587,0.0,trust,0.9979147632414769,pass,0.9240179528322517,pass,0.014660077692582275,pass,0.024339318990649752,pass,0.012020657384830685,0.005724586672842987,1.551477961900921,False,below,trust,no_go,False
practitioner,19,healthy_b-2,healthy-b-2-1002,1002,dm,0.4099848245412968,0.4063065122529012,0.4135541931285128,,0.6016001047508682,0.5749579483741519,8.236291279571587,0.0,trust,0.9979147632414769,pass,0.9240179528322517,pass,0.014660077692582275,pass,0.024339318990649752,pass,0.012020657384830685,0.005724586672842987,1.551477961900921,False,below,trust,no_go,False
practitioner,19,healthy_b-2,healthy-b-2-1002,1002,dr,0.3979641671564661,0.38278989340747704,0.41226363212725703,,0.6016001047508682,0.5749579483741519,8.236291279571587,0.0,trust,0.9979147632414769,pass,0.9240179528322517,pass,0.014660077692582275,pass,0.024339318990649752,pass,0.012020657384830685,0.005724586672842987,1.551477961900921,False,below,trust,no_go,False
practitioner,19,healthy_b-2,healthy-b-2-1002,1002,switch_dr,0.39623203899321424,0.3832228898485128,0.4084365511152285,2.7374517671725918,0.6016001047508682,0.5749579483741519,8.236291279571587,0.0,trust,0.9979147632414769,pass,0.9240179528322517,pass,0.014660077692582275,pass,0.024339318990649752,pass,0.012020657384830685,0.005724586672842987,1.551477961900921,False,below,trust,no_go,False
practitioner,19,healthy_b-2,healthy-b-2-1002,1002,dros,0.4037902149948653,0.3944428927537954,0.41223636041232486,4.477603601338786,0.6016001047508682,0.5749579483741519,8.236291279571587,0.0,trust,0.9979147632414769,pass,0.9240179528322517,pass,0.014660077692582275,pass,0.024339318990649752,pass,0.012020657384830685,0.005724586672842987,1.551477961900921,False,below,trust,no_go,False
practitioner,19,healthy_b2,healthy-b2-1002,1002,ips,0.654113814991207,0.637567909139026,0.6703736809285127,,0.6016001047508682,0.9113331271915222,3.601779520138536,0.0,trust,0.9996117178924547,pass,0.9240179528322517,pass,0.018120476276908715,fail,0.03778709891769717,pass,0.009669355655386597,0.006574354886981017,1.122944669426908,False,above,distrust,ab_test,True
practitioner,19,healthy_b2,healthy-b2-1002,1002,snips,0.6543678943363299,0.6393583257604564,0.6680225056070971,,0.6016001047508682,0.9113331271915222,3.601779520138536,0.0,trust,0.9996117178924547,pass,0.9240179528322517,pass,0.018120476276908715,fail,0.03778709891769717,pass,0.009669355655386597,0.006574354886981017,1.122944669426908,False,above,distrust,ab_test,True
practitioner,19,healthy_b2,healthy-b2-1002,1002,clipped_ips,0.6296412299844778,0.6151169955369268,0.6440429532888008,1.372353041965748,0.6016001047508682,0.9113331271915222,3.601779520138536,0.0,trust,0.9996117178924547,pass,0.9240179528322517,pass,0.018120476276908715,fail,0.03778709891769717,pass,0.009669355655386597,0.006574354886981017,1.122944669426908,False,above,distrust,ab_test,True
practitioner,19,healthy_b2,healthy-b2-1002,1002,dm,0.6630729136944905,0.6600244412989824,0.6664224469827378,,0.6016001047508682,0.9113331271915222,3.601779520138536,0.0,trust,0.9996117178924547,pass,0.9240179528322517,pass,0.018120476276908715,fail,0.03778709891769717,pass,0.009669355655386597,0.006574354886981017,1.122944669426908,False,above,distrust,ab_test,True
practitioner,19,healthy_b2,healthy-b2-1002,1002,dr,0.6534035580391039,0.6395904708076233,0.6657278595078048,,0.6016001047508682,0.9113331271915222,3.601779520138536,0.0,trust,0.9996117178924547,pass,0.9240179528322517,pass,0.018120476276908715,fail,0.03778709891769717,pass,0.009669355655386597,0.006574354886981017,1.122944669426908,False,above,distrust,ab_test,True
practitioner,19,healthy_b2,healthy-b2-1002,1002,switch_dr,0.668125040454493,0.6555860376310965,0.6800352752006056,1.5466641504245753,0.6016001047508682,0.9113331271915222,3.601779520138536,0.0,trust,0.9996117178924547,pass,0.9240179528322517,pass,0.018120476276908715,fail,0.03778709891769717,pass,0.009669355655386597,0.006574354886981017,1.122944669426908,False,above,distrust,ab_test,True
practitioner,19,healthy_b2,healthy-b2-1002,1002,dros,0.6615196104105373,0.6530413986177834,0.6698545511538132,1.8833528717926418,0.6016001047508682,0.9113331271915222,3.601779520138536,0.0,trust,0.9996117178924547,pass,0.9240179528322517,pass,0.018120476276908715,fail,0.03778709891769717,pass,0.009669355655386597,0.006574354886981017,1.122944669426908,False,above,distrust,ab_test,True
practitioner,19,healthy_b8,healthy-b8-1002,1002,ips,0.8282807314529889,0.7963732505598974,0.864665232948379,,0.6016001047508682,0.35792008527529917,7.952144845298678,0.0,trust,1.0044367775078202,pass,0.9240179528322517,pass,0.016497128440146017,pass,0.14061691912669,pass,0.013215402757221186,0.022552893886024307,1.7039995856017756,False,above,trust,go,False
practitioner,19,healthy_b8,healthy-b8-1002,1002,snips,0.824622066814494,0.806533017753635,0.8443657816922338,,0.6016001047508682,0.35792008527529917,7.952144845298678,0.0,trust,1.0044367775078202,pass,0.9240179528322517,pass,0.016497128440146017,pass,0.14061691912669,pass,0.013215402757221186,0.022552893886024307,1.7039995856017756,False,above,trust,go,False
practitioner,19,healthy_b8,healthy-b8-1002,1002,clipped_ips,0.7123249169736512,0.6876453119539963,0.7385096010799109,3.0386895179689946,0.6016001047508682,0.35792008527529917,7.952144845298678,0.0,trust,1.0044367775078202,pass,0.9240179528322517,pass,0.016497128440146017,pass,0.14061691912669,pass,0.013215402757221186,0.022552893886024307,1.7039995856017756,False,above,trust,go,False
practitioner,19,healthy_b8,healthy-b8-1002,1002,dm,0.8377282394068875,0.8333400840345553,0.8426434701233607,,0.6016001047508682,0.35792008527529917,7.952144845298678,0.0,trust,1.0044367775078202,pass,0.9240179528322517,pass,0.016497128440146017,pass,0.14061691912669,pass,0.013215402757221186,0.022552893886024307,1.7039995856017756,False,above,trust,go,False
practitioner,19,healthy_b8,healthy-b8-1002,1002,dr,0.8245128366496662,0.8047999317083833,0.8448076763551242,,0.6016001047508682,0.35792008527529917,7.952144845298678,0.0,trust,1.0044367775078202,pass,0.9240179528322517,pass,0.016497128440146017,pass,0.14061691912669,pass,0.013215402757221186,0.022552893886024307,1.7039995856017756,False,above,trust,go,False
practitioner,19,healthy_b8,healthy-b8-1002,1002,switch_dr,0.8586943825065368,0.8439314632280259,0.8722382296693726,4.127534452914177,0.6016001047508682,0.35792008527529917,7.952144845298678,0.0,trust,1.0044367775078202,pass,0.9240179528322517,pass,0.016497128440146017,pass,0.14061691912669,pass,0.013215402757221186,0.022552893886024307,1.7039995856017756,False,above,trust,go,False
practitioner,19,healthy_b8,healthy-b8-1002,1002,dros,0.8452689946111241,0.8354118837963483,0.8549445292209913,9.23363398661464,0.6016001047508682,0.35792008527529917,7.952144845298678,0.0,trust,1.0044367775078202,pass,0.9240179528322517,pass,0.016497128440146017,pass,0.14061691912669,pass,0.013215402757221186,0.022552893886024307,1.7039995856017756,False,above,trust,go,False
practitioner,19,healthy_b-2,healthy-b-2-1003,1003,ips,0.39683956002614107,0.3803592571584792,0.4147609095951169,,0.595012771191484,0.5401332160611629,10.135691556921829,0.0,trust,1.0123159511241604,pass,0.9317516255970792,pass,0.009451798964265075,pass,0.03379423304882994,pass,0.004932864332455383,0.007701706096407725,1.5561809704952736,False,below,trust,no_go,False
practitioner,19,healthy_b-2,healthy-b-2-1003,1003,snips,0.39201156475451876,0.37369988390426784,0.4097291718845476,,0.595012771191484,0.5401332160611629,10.135691556921829,0.0,trust,1.0123159511241604,pass,0.9317516255970792,pass,0.009451798964265075,pass,0.03379423304882994,pass,0.004932864332455383,0.007701706096407725,1.5561809704952736,False,below,trust,no_go,False
practitioner,19,healthy_b-2,healthy-b-2-1003,1003,clipped_ips,0.3835918298489904,0.3700247569707871,0.3976203027037734,2.120346986767097,0.595012771191484,0.5401332160611629,10.135691556921829,0.0,trust,1.0123159511241604,pass,0.9317516255970792,pass,0.009451798964265075,pass,0.03379423304882994,pass,0.004932864332455383,0.007701706096407725,1.5561809704952736,False,below,trust,no_go,False
practitioner,19,healthy_b-2,healthy-b-2-1003,1003,dm,0.4030201565280012,0.39901992509301,0.4068745124839964,,0.595012771191484,0.5401332160611629,10.135691556921829,0.0,trust,1.0123159511241604,pass,0.9317516255970792,pass,0.009451798964265075,pass,0.03379423304882994,pass,0.004932864332455383,0.007701706096407725,1.5561809704952736,False,below,trust,no_go,False
practitioner,19,healthy_b-2,healthy-b-2-1003,1003,dr,0.39808729219554584,0.3813146973946507,0.41496025133138903,,0.595012771191484,0.5401332160611629,10.135691556921829,0.0,trust,1.0123159511241604,pass,0.9317516255970792,pass,0.009451798964265075,pass,0.03379423304882994,pass,0.004932864332455383,0.007701706096407725,1.5561809704952736,False,below,trust,no_go,False
practitioner,19,healthy_b-2,healthy-b-2-1003,1003,switch_dr,0.3851265539812126,0.37337858518347405,0.39893148031438713,2.883376900597074,0.595012771191484,0.5401332160611629,10.135691556921829,0.0,trust,1.0123159511241604,pass,0.9317516255970792,pass,0.009451798964265075,pass,0.03379423304882994,pass,0.004932864332455383,0.007701706096407725,1.5561809704952736,False,below,trust,no_go,False
practitioner,19,healthy_b-2,healthy-b-2-1003,1003,dros,0.39787820218906805,0.38880702457459754,0.40753907680750323,4.495871344292308,0.595012771191484,0.5401332160611629,10.135691556921829,0.0,trust,1.0123159511241604,pass,0.9317516255970792,pass,0.009451798964265075,pass,0.03379423304882994,pass,0.004932864332455383,0.007701706096407725,1.5561809704952736,False,below,trust,no_go,False
practitioner,19,healthy_b2,healthy-b2-1003,1003,ips,0.6468318110075114,0.6307509967857811,0.6628404712754027,,0.595012771191484,0.9220002812017704,3.178670900199437,0.0,trust,0.9977116035431874,pass,0.9317516255970792,pass,0.004088888704734412,pass,0.04336352191493596,pass,0.006407209886958688,0.006950598410612931,1.1224070425913757,False,above,trust,go,True
practitioner,19,healthy_b2,healthy-b2-1003,1003,snips,0.6483154137031266,0.6342194575666422,0.662103830579366,,0.595012771191484,0.9220002812017704,3.178670900199437,0.0,trust,0.9977116035431874,pass,0.9317516255970792,pass,0.004088888704734412,pass,0.04336352191493596,pass,0.006407209886958688,0.006950598410612931,1.1224070425913757,False,above,trust,go,True
practitioner,19,healthy_b2,healthy-b2-1003,1003,clipped_ips,0.6202021740532203,0.6056720892884372,0.6340157120616525,1.3101255418558173,0.595012771191484,0.9220002812017704,3.178670900199437,0.0,trust,0.9977116035431874,pass,0.9317516255970792,pass,0.004088888704734412,pass,0.04336352191493596,pass,0.006407209886958688,0.006950598410612931,1.1224070425913757,False,above,trust,go,True
practitioner,19,healthy_b2,healthy-b2-1003,1003,dm,0.6555391432975103,0.6520472907466945,0.6589303687968083,,0.595012771191484,0.9220002812017704,3.178670900199437,0.0,trust,0.9977116035431874,pass,0.9317516255970792,pass,0.004088888704734412,pass,0.04336352191493596,pass,0.006407209886958688,0.006950598410612931,1.1224070425913757,False,above,trust,go,True
practitioner,19,healthy_b2,healthy-b2-1003,1003,dr,0.6491319334105516,0.6360874942152062,0.6631143964529437,,0.595012771191484,0.9220002812017704,3.178670900199437,0.0,trust,0.9977116035431874,pass,0.9317516255970792,pass,0.004088888704734412,pass,0.04336352191493596,pass,0.006407209886958688,0.006950598410612931,1.1224070425913757,False,above,trust,go,True
practitioner,19,healthy_b2,healthy-b2-1003,1003,switch_dr,0.6663755175604442,0.6539735525097274,0.6790768463518496,1.4920018629529763,0.595012771191484,0.9220002812017704,3.178670900199437,0.0,trust,0.9977116035431874,pass,0.9317516255970792,pass,0.004088888704734412,pass,0.04336352191493596,pass,0.006407209886958688,0.006950598410612931,1.1224070425913757,False,above,trust,go,True
practitioner,19,healthy_b2,healthy-b2-1003,1003,dros,0.6561396785354612,0.6479445017562919,0.6649092871988687,1.716428935422999,0.595012771191484,0.9220002812017704,3.178670900199437,0.0,trust,0.9977116035431874,pass,0.9317516255970792,pass,0.004088888704734412,pass,0.04336352191493596,pass,0.006407209886958688,0.006950598410612931,1.1224070425913757,False,above,trust,go,True
practitioner,19,healthy_b8,healthy-b8-1003,1003,ips,0.8157589633617969,0.7777339170194806,0.8494628466199908,,0.595012771191484,0.3659746035468228,7.291801728614328,0.0,trust,0.9883924292573767,pass,0.9317516255970792,pass,0.007058706443051788,pass,0.16864887496996328,pass,0.009870473684913237,0.030644182229626827,1.7139257656336695,False,above,trust,go,False
practitioner,19,healthy_b8,healthy-b8-1003,1003,snips,0.8253391458843052,0.8041884693867405,0.8449309826485538,,0.595012771191484,0.3659746035468228,7.291801728614328,0.0,trust,0.9883924292573767,pass,0.9317516255970792,pass,0.007058706443051788,pass,0.16864887496996328,pass,0.009870473684913237,0.030644182229626827,1.7139257656336695,False,above,trust,go,False
practitioner,19,healthy_b8,healthy-b8-1003,1003,clipped_ips,0.6861466274622467,0.6607224159560113,0.7099485615805455,2.8347151959813313,0.595012771191484,0.3659746035468228,7.291801728614328,0.0,trust,0.9883924292573767,pass,0.9317516255970792,pass,0.007058706443051788,pass,0.16864887496996328,pass,0.009870473684913237,0.030644182229626827,1.7139257656336695,False,above,trust,go,False
practitioner,19,healthy_b8,healthy-b8-1003,1003,dm,0.8309390421994864,0.8262953451042434,0.8359264152059832,,0.595012771191484,0.3659746035468228,7.291801728614328,0.0,trust,0.9883924292573767,pass,0.9317516255970792,pass,0.007058706443051788,pass,0.16864887496996328,pass,0.009870473684913237,0.030644182229626827,1.7139257656336695,False,above,trust,go,False
practitioner,19,healthy_b8,healthy-b8-1003,1003,dr,0.8210685685145732,0.7993233797464357,0.8420018028034959,,0.595012771191484,0.3659746035468228,7.291801728614328,0.0,trust,0.9883924292573767,pass,0.9317516255970792,pass,0.007058706443051788,pass,0.16864887496996328,pass,0.009870473684913237,0.030644182229626827,1.7139257656336695,False,above,trust,go,False
practitioner,19,healthy_b8,healthy-b8-1003,1003,switch_dr,0.8480938888725067,0.8323251364371987,0.8630698121615042,3.9747925693566257,0.595012771191484,0.3659746035468228,7.291801728614328,0.0,trust,0.9883924292573767,pass,0.9317516255970792,pass,0.007058706443051788,pass,0.16864887496996328,pass,0.009870473684913237,0.030644182229626827,1.7139257656336695,False,above,trust,go,False
practitioner,19,healthy_b8,healthy-b8-1003,1003,dros,0.8391888152831849,0.8286572668133416,0.8491173693335412,8.035610242327477,0.595012771191484,0.3659746035468228,7.291801728614328,0.0,trust,0.9883924292573767,pass,0.9317516255970792,pass,0.007058706443051788,pass,0.16864887496996328,pass,0.009870473684913237,0.030644182229626827,1.7139257656336695,False,above,trust,go,False
practitioner,19,healthy_b-2,healthy-b-2-1004,1004,ips,0.3835445329535983,0.3666908979050869,0.4000602237235161,,0.5918777220797313,0.5563209686957512,8.911590121277683,0.0,trust,1.0100579094755524,pass,0.9368861503771607,pass,-0.012568403789550146,pass,0.023050377489216758,pass,0.004437999777286033,0.020234661524832796,1.5832490778018524,False,below,trust,no_go,False
practitioner,19,healthy_b-2,healthy-b-2-1004,1004,snips,0.3797252903576037,0.3617595218030834,0.39667526451587937,,0.5918777220797313,0.5563209686957512,8.911590121277683,0.0,trust,1.0100579094755524,pass,0.9368861503771607,pass,-0.012568403789550146,pass,0.023050377489216758,pass,0.004437999777286033,0.020234661524832796,1.5832490778018524,False,below,trust,no_go,False
practitioner,19,healthy_b-2,healthy-b-2-1004,1004,clipped_ips,0.3747917216686531,0.3604957890223033,0.38787707164413415,2.1519610105542464,0.5918777220797313,0.5563209686957512,8.911590121277683,0.0,trust,1.0100579094755524,pass,0.9368861503771607,pass,-0.012568403789550146,pass,0.023050377489216758,pass,0.004437999777286033,0.020234661524832796,1.5832490778018524,False,below,trust,no_go,False
practitioner,19,healthy_b-2,healthy-b-2-1004,1004,dm,0.38724971176994283,0.38369986313918775,0.391055665959463,,0.5918777220797313,0.5563209686957512,8.911590121277683,0.0,trust,1.0100579094755524,pass,0.9368861503771607,pass,-0.012568403789550146,pass,0.023050377489216758,pass,0.004437999777286033,0.020234661524832796,1.5832490778018524,False,below,trust,no_go,False
practitioner,19,healthy_b-2,healthy-b-2-1004,1004,dr,0.3828117119926568,0.36556124462758843,0.39876420981091676,,0.5918777220797313,0.5563209686957512,8.911590121277683,0.0,trust,1.0100579094755524,pass,0.9368861503771607,pass,-0.012568403789550146,pass,0.023050377489216758,pass,0.004437999777286033,0.020234661524832796,1.5832490778018524,False,below,trust,no_go,False
practitioner,19,healthy_b-2,healthy-b-2-1004,1004,switch_dr,0.37390474969788623,0.3616816593590114,0.38686580811589294,2.7726231565514543,0.5918777220797313,0.5563209686957512,8.911590121277683,0.0,trust,1.0100579094755524,pass,0.9368861503771607,pass,-0.012568403789550146,pass,0.023050377489216758,pass,0.004437999777286033,0.020234661524832796,1.5832490778018524,False,below,trust,no_go,False
practitioner,19,healthy_b-2,healthy-b-2-1004,1004,dros,0.3813846335064207,0.3722742008000379,0.3904311794385538,4.630936190945653,0.5918777220797313,0.5563209686957512,8.911590121277683,0.0,trust,1.0100579094755524,pass,0.9368861503771607,pass,-0.012568403789550146,pass,0.023050377489216758,pass,0.004437999777286033,0.020234661524832796,1.5832490778018524,False,below,trust,no_go,False
practitioner,19,healthy_b2,healthy-b2-1004,1004,ips,0.6493647766390884,0.632715327554378,0.6650825213226919,,0.5918777220797313,0.9200867175342105,2.906101331252334,0.0,trust,0.9971871578746938,pass,0.9368861503771607,pass,-0.008881168793020464,pass,0.03933429445965889,pass,0.007361916310171473,0.006894102865168925,1.1365648392560064,False,above,trust,go,True
practitioner,19,healthy_b2,healthy-b2-1004,1004,snips,0.6511964895567651,0.6371978271068923,0.6645346661303024,,0.5918777220797313,0.9200867175342105,2.906101331252334,0.0,trust,0.9971871578746938,pass,0.9368861503771607,pass,-0.008881168793020464,pass,0.03933429445965889,pass,0.007361916310171473,0.006894102865168925,1.1365648392560064,False,above,trust,go,True
practitioner,19,healthy_b2,healthy-b2-1004,1004,clipped_ips,0.6255821350854431,0.6100134448892655,0.6393404738326477,1.3508229944298034,0.5918777220797313,0.9200867175342105,2.906101331252334,0.0,trust,0.9971871578746938,pass,0.9368861503771607,pass,-0.008881168793020464,pass,0.03933429445965889,pass,0.007361916310171473,0.006894102865168925,1.1365648392560064,False,above,trust,go,True
practitioner,19,healthy_b2,healthy-b2-1004,1004,dm,0.6601627268329526,0.6567018434668406,0.663687376178987,,0.5918777220797313,0.9200867175342105,2.906101331252334,0.0,trust,0.9971871578746938,pass,0.9368861503771607,pass,-0.008881168793020464,pass,0.03933429445965889,pass,0.007361916310171473,0.006894102865168925,1.1365648392560064,False,above,trust,go,True
practitioner,19,healthy_b2,healthy-b2-1004,1004,dr,0.6528008105227812,0.6388828183121074,0.6643643836941768,,0.5918777220797313,0.9200867175342105,2.906101331252334,0.0,trust,0.9971871578746938,pass,0.9368861503771607,pass,-0.008881168793020464,pass,0.03933429445965889,pass,0.007361916310171473,0.006894102865168925,1.1365648392560064,False,above,trust,go,True
practitioner,19,healthy_b2,healthy-b2-1004,1004,switch_dr,0.6635287671569894,0.65164655895928,0.6741115298084505,1.5200815847870104,0.5918777220797313,0.9200867175342105,2.906101331252334,0.0,trust,0.9971871578746938,pass,0.9368861503771607,pass,-0.008881168793020464,pass,0.03933429445965889,pass,0.007361916310171473,0.006894102865168925,1.1365648392560064,False,above,trust,go,True
practitioner,19,healthy_b2,healthy-b2-1004,1004,dros,0.6584938465813726,0.650388155681956,0.6655113025543005,1.8247227622803006,0.5918777220797313,0.9200867175342105,2.906101331252334,0.0,trust,0.9971871578746938,pass,0.9368861503771607,pass,-0.008881168793020464,pass,0.03933429445965889,pass,0.007361916310171473,0.006894102865168925,1.1365648392560064,False,above,trust,go,True
practitioner,19,healthy_b8,healthy-b8-1004,1004,ips,0.83430343616324,0.8012689082900375,0.869807390604849,,0.5918777220797313,0.3598772857414423,6.995926891065219,0.0,trust,0.9916565224719044,pass,0.9368861503771607,pass,-0.005749300766324683,pass,0.14617617359597138,pass,0.008212236807843963,0.021854969566604862,1.8129144763683427,False,above,trust,go,False
practitioner,19,healthy_b8,healthy-b8-1004,1004,snips,0.8413229956714952,0.8231102925715963,0.861628465694262,,0.5918777220797313,0.3598772857414423,6.995926891065219,0.0,trust,0.9916565224719044,pass,0.9368861503771607,pass,-0.005749300766324683,pass,0.14617617359597138,pass,0.008212236807843963,0.021854969566604862,1.8129144763683427,False,above,trust,go,False
practitioner,19,healthy_b8,healthy-b8-1004,1004,clipped_ips,0.718341619405936,0.6922162453542234,0.7429410942414173,3.0325313888047076,0.5918777220797313,0.3598772857414423,6.995926891065219,0.0,trust,0.9916565224719044,pass,0.9368861503771607,pass,-0.005749300766324683,pass,0.14617617359597138,pass,0.008212236807843963,0.021854969566604862,1.8129144763683427,False,above,trust,go,False
practitioner,19,healthy_b8,healthy-b8-1004,1004,dm,0.8502537196750025,0.8457330677820754,0.8547969535582439,,0.5918777220797313,0.3598772857414423,6.995926891065219,0.0,trust,0.9916565224719044,pass,0.9368861503771607,pass,-0.005749300766324683,pass,0.14617617359597138,pass,0.008212236807843963,0.021854969566604862,1.8129144763683427,False,above,trust,go,False
practitioner,19,healthy_b8,healthy-b8-1004,1004,dr,0.8420414828671585,0.8214047572325519,0.8613156252312787,,0.5918777220797313,0.3598772857414423,6.995926891065219,0.0,trust,0.9916565224719044,pass,0.9368861503771607,pass,-0.005749300766324683,pass,0.14617617359597138,pass,0.008212236807843963,0.021854969566604862,1.8129144763683427,False,above,trust,go,False
practitioner,19,healthy_b8,healthy-b8-1004,1004,switch_dr,0.8652337660349942,0.8503691225225768,0.8804593166044167,4.08469983887567,0.5918777220797313,0.3598772857414423,6.995926891065219,0.0,trust,0.9916565224719044,pass,0.9368861503771607,pass,-0.005749300766324683,pass,0.14617617359597138,pass,0.008212236807843963,0.021854969566604862,1.8129144763683427,False,above,trust,go,False
practitioner,19,healthy_b8,healthy-b8-1004,1004,dros,0.8566020122550299,0.8460651778252678,0.8664461857039685,9.19624662408581,0.5918777220797313,0.3598772857414423,6.995926891065219,0.0,trust,0.9916565224719044,pass,0.9368861503771607,pass,-0.005749300766324683,pass,0.14617617359597138,pass,0.008212236807843963,0.021854969566604862,1.8129144763683427,False,above,trust,go,False
practitioner,19,healthy_b-2,healthy-b-2-1005,1005,ips,0.3669694464020666,0.3492926680190672,0.38418040153712624,,0.5757651591216644,0.5523126020135268,11.389998474174806,0.0,trust,1.0006000645363229,pass,1.0900334414341517,pass,0.025314204831109577,fail,0.013718048377311075,pass,0.00544731049202872,0.00821593051616374,1.56368459680037,False,below,distrust,ab_test,False
practitioner,19,healthy_b-2,healthy-b-2-1005,1005,snips,0.3667493731095448,0.3487599828683631,0.38578548561226816,,0.5757651591216644,0.5523126020135268,11.389998474174806,0.0,trust,1.0006000645363229,pass,1.0900334414341517,pass,0.025314204831109577,fail,0.013718048377311075,pass,0.00544731049202872,0.00821593051616374,1.56368459680037,False,below,distrust,ab_test,False
practitioner,19,healthy_b-2,healthy-b-2-1005,1005,clipped_ips,0.36193836075940133,0.3479643840747588,0.37686449211717704,2.070126463811944,0.5757651591216644,0.5523126020135268,11.389998474174806,0.0,trust,1.0006000645363229,pass,1.0900334414341517,pass,0.025314204831109577,fail,0.013718048377311075,pass,0.00544731049202872,0.00821593051616374,1.56368459680037,False,below,distrust,ab_test,False
practitioner,19,healthy_b-2,healthy-b-2-1005,1005,dm,0.372613960026319,0.3689284844254838,0.3767450946455681,,0.5757651591216644,0.5523126020135268,11.389998474174806,0.0,trust,1.0006000645363229,pass,1.0900334414341517,pass,0.025314204831109577,fail,0.013718048377311075,pass,0.00544731049202872,0.00821593051616374,1.56368459680037,False,below,distrust,ab_test,False
practitioner,19,healthy_b-2,healthy-b-2-1005,1005,dr,0.3671666495342903,0.35045175656192096,0.3847736951889926,,0.5757651591216644,0.5523126020135268,11.389998474174806,0.0,trust,1.0006000645363229,pass,1.0900334414341517,pass,0.025314204831109577,fail,0.013718048377311075,pass,0.00544731049202872,0.00821593051616374,1.56368459680037,False,below,distrust,ab_test,False
practitioner,19,healthy_b-2,healthy-b-2-1005,1005,switch_dr,0.35781824903553894,0.3446663520442164,0.3716127678623377,2.7331523459344034,0.5757651591216644,0.5523126020135268,11.389998474174806,0.0,trust,1.0006000645363229,pass,1.0900334414341517,pass,0.025314204831109577,fail,0.013718048377311075,pass,0.00544731049202872,0.00821593051616374,1.56368459680037,False,below,distrust,ab_test,False
practitioner,19,healthy_b-2,healthy-b-2-1005,1005,dros,0.3683699911474014,0.35905708694956623,0.3785458719865602,4.285423576174544,0.5757651591216644,0.5523126020135268,11.389998474174806,0.0,trust,1.0006000645363229,pass,1.0900334414341517,pass,0.025314204831109577,fail,0.013718048377311075,pass,0.00544731049202872,0.00821593051616374,1.56368459680037,False,below,distrust,ab_test,False
practitioner,19,healthy_b2,healthy-b2-1005,1005,ips,0.6283577104973973,0.6126190048176113,0.6446495395343778,,0.5757651591216644,0.9101775888425726,3.615254556080759,0.0,trust,0.9941633357259408,pass,1.0900334414341517,pass,0.013057859005753682,pass,0.04703224486223899,pass,0.0068134041902422,0.0035082118831929157,1.1287740194847198,False,above,trust,go,True
practitioner,19,healthy_b2,healthy-b2-1005,1005,snips,0.6320467552130845,0.6171266153134914,0.6463985504814808,,0.5757651591216644,0.9101775888425726,3.615254556080759,0.0,trust,0.9941633357259408,pass,1.0900334414341517,pass,0.013057859005753682,pass,0.04703224486223899,pass,0.0068134041902422,0.0035082118831929157,1.1287740194847198,False,above,trust,go,True
practitioner,19,healthy_b2,healthy-b2-1005,1005,clipped_ips,0.6023201774575191,0.587370400314324,0.6169115998899503,1.36015083442599,0.5757651591216644,0.9101775888425726,3.615254556080759,0.0,trust,0.9941633357259408,pass,1.0900334414341517,pass,0.013057859005753682,pass,0.04703224486223899,pass,0.0068134041902422,0.0035082118831929157,1.1287740194847198,False,above,trust,go,True
practitioner,19,healthy_b2,healthy-b2-1005,1005,dm,0.6442695615120015,0.6406360520852112,0.6476844405914777,,0.5757651591216644,0.9101775888425726,3.615254556080759,0.0,trust,0.9941633357259408,pass,1.0900334414341517,pass,0.013057859005753682,pass,0.04703224486223899,pass,0.0068134041902422,0.0035082118831929157,1.1287740194847198,False,above,trust,go,True
practitioner,19,healthy_b2,healthy-b2-1005,1005,dr,0.6374561573217593,0.623509683677303,0.6511229838029166,,0.5757651591216644,0.9101775888425726,3.615254556080759,0.0,trust,0.9941633357259408,pass,1.0900334414341517,pass,0.013057859005753682,pass,0.04703224486223899,pass,0.0068134041902422,0.0035082118831929157,1.1287740194847198,False,above,trust,go,True
practitioner,19,healthy_b2,healthy-b2-1005,1005,switch_dr,0.6504805286968786,0.6380679281852749,0.662728355319386,1.5467786635027083,0.5757651591216644,0.9101775888425726,3.615254556080759,0.0,trust,0.9941633357259408,pass,1.0900334414341517,pass,0.013057859005753682,pass,0.04703224486223899,pass,0.0068134041902422,0.0035082118831929157,1.1287740194847198,False,above,trust,go,True
practitioner,19,healthy_b2,healthy-b2-1005,1005,dros,0.6438918485773932,0.6351646963281194,0.6522438508054322,1.850010292389717,0.5757651591216644,0.9101775888425726,3.615254556080759,0.0,trust,0.9941633357259408,pass,1.0900334414341517,pass,0.013057859005753682,pass,0.04703224486223899,pass,0.0068134041902422,0.0035082118831929157,1.1287740194847198,False,above,trust,go,True
practitioner,19,healthy_b8,healthy-b8-1005,1005,ips,0.7982083240912896,0.764214956747457,0.8352252059508337,,0.5757651591216644,0.34008785927818624,8.205533225005784,0.0,trust,0.9733114631094242,pass,1.0900334414341517,pass,0.013794710382798371,pass,0.18723039029909475,pass,0.007910668846589987,0.0171386927827493,1.7597202241287946,False,above,trust,go,False
practitioner,19,healthy_b8,healthy-b8-1005,1005,snips,0.8200954723591408,0.7981411889948787,0.8441186443019186,,0.5757651591216644,0.34008785927818624,8.205533225005784,0.0,trust,0.9733114631094242,pass,1.0900334414341517,pass,0.013794710382798371,pass,0.18723039029909475,pass,0.007910668846589987,0.0171386927827493,1.7597202241287946,False,above,trust,go,False
practitioner,19,healthy_b8,healthy-b8-1005,1005,clipped_ips,0.6665486769868184,0.6404211100688973,0.6927250174703562,2.9763282145349788,0.5757651591216644,0.34008785927818624,8.205533225005784,0.0,trust,0.9733114631094242,pass,1.0900334414341517,pass,0.013794710382798371,pass,0.18723039029909475,pass,0.007910668846589987,0.0171386927827493,1.7597202241287946,False,above,trust,go,False
practitioner,19,healthy_b8,healthy-b8-1005,1005,dm,0.8353765178856117,0.8304456547866633,0.8402595453925653,,0.5757651591216644,0.34008785927818624,8.205533225005784,0.0,trust,0.9733114631094242,pass,1.0900334414341517,pass,0.013794710382798371,pass,0.18723039029909475,pass,0.007910668846589987,0.0171386927827493,1.7597202241287946,False,above,trust,go,False
practitioner,19,healthy_b8,healthy-b8-1005,1005,dr,0.8274658490390218,0.8056396585597132,0.8498929341434338,,0.5757651591216644,0.34008785927818624,8.205533225005784,0.0,trust,0.9733114631094242,pass,1.0900334414341517,pass,0.013794710382798371,pass,0.18723039029909475,pass,0.007910668846589987,0.0171386927827493,1.7597202241287946,False,above,trust,go,False
practitioner,19,healthy_b8,healthy-b8-1005,1005,switch_dr,0.8429062222304946,0.8278489228633032,0.8584374270638667,4.194930460058809,0.5757651591216644,0.34008785927818624,8.205533225005784,0.0,trust,0.9733114631094242,pass,1.0900334414341517,pass,0.013794710382798371,pass,0.18723039029909475,pass,0.007910668846589987,0.0171386927827493,1.7597202241287946,False,above,trust,go,False
practitioner,19,healthy_b8,healthy-b8-1005,1005,dros,0.8397213131926483,0.8293964128272533,0.8501932254442275,8.858529640636975,0.5757651591216644,0.34008785927818624,8.205533225005784,0.0,trust,0.9733114631094242,pass,1.0900334414341517,pass,0.013794710382798371,pass,0.18723039029909475,pass,0.007910668846589987,0.0171386927827493,1.7597202241287946,False,above,trust,go,False
practitioner,19,healthy_b-2,healthy-b-2-1006,1006,ips,0.38332713497848153,0.3662574985710792,0.4009941418069414,,0.5892530618648668,0.5395954248225888,10.175623488508757,0.0,trust,1.0099601094675492,pass,1.0452815027663511,pass,-0.008250811753848893,pass,0.03632371155493996,pass,0.0017988588182998942,0.014627044173340464,1.5702513105827371,False,below,trust,no_go,False
practitioner,19,healthy_b-2,healthy-b-2-1006,1006,snips,0.37954680723040785,0.36210365294028823,0.3962469267529179,,0.5892530618648668,0.5395954248225888,10.175623488508757,0.0,trust,1.0099601094675492,pass,1.0452815027663511,pass,-0.008250811753848893,pass,0.03632371155493996,pass,0.0017988588182998942,0.014627044173340464,1.5702513105827371,False,below,trust,no_go,False
practitioner,19,healthy_b-2,healthy-b-2-1006,1006,clipped_ips,0.3695405862310458,0.35587464034423993,0.38272707964920105,2.0807147783147775,0.5892530618648668,0.5395954248225888,10.175623488508757,0.0,trust,1.0099601094675492,pass,1.0452815027663511,pass,-0.008250811753848893,pass,0.03632371155493996,pass,0.0017988588182998942,0.014627044173340464,1.5702513105827371,False,below,trust,no_go,False
practitioner,19,healthy_b-2,healthy-b-2-1006,1006,dm,0.3840214632644071,0.37987514908260056,0.38783076959667107,,0.5892530618648668,0.5395954248225888,10.175623488508757,0.0,trust,1.0099601094675492,pass,1.0452815027663511,pass,-0.008250811753848893,pass,0.03632371155493996,pass,0.0017988588182998942,0.014627044173340464,1.5702513105827371,False,below,trust,no_go,False
practitioner,19,healthy_b-2,healthy-b-2-1006,1006,dr,0.38222260444610723,0.3640061092981369,0.3988941635600734,,0.5892530618648668,0.5395954248225888,10.175623488508757,0.0,trust,1.0099601094675492,pass,1.0452815027663511,pass,-0.008250811753848893,pass,0.03632371155493996,pass,0.0017988588182998942,0.014627044173340464,1.5702513105827371,False,below,trust,no_go,False
practitioner,19,healthy_b-2,healthy-b-2-1006,1006,switch_dr,0.3640621069396718,0.35004470750154915,0.3756484038271482,2.8077622924182695,0.5892530618648668,0.5395954248225888,10.175623488508757,0.0,trust,1.0099601094675492,pass,1.0452815027663511,pass,-0.008250811753848893,pass,0.03632371155493996,pass,0.0017988588182998942,0.014627044173340464,1.5702513105827371,False,below,trust,no_go,False
practitioner,19,healthy_b-2,healthy-b-2-1006,1006,dros,0.3784647962778803,0.369026566897088,0.3868788627510118,4.3293739886975136,0.5892530618648668,0.5395954248225888,10.175623488508757,0.0,trust,1.0099601094675492,pass,1.0452815027663511,pass,-0.008250811753848893,pass,0.03632371155493996,pass,0.0017988588182998942,0.014627044173340464,1.5702513105827371,False,below,trust,no_go,False
practitioner,19,healthy_b2,healthy-b2-1006,1006,ips,0.6420042306322657,0.627479804444796,0.6577794299972146,,0.5892530618648668,0.9221253795861278,3.758122748497204,0.0,trust,0.9934025436108298,pass,1.0452815027663511,pass,-0.0028943790052263873,pass,0.05047708621054033,pass,0.0036893071981381254,0.005282355570552871,1.1298301832357476,False,above,trust,go,True
practitioner,19,healthy_b2,healthy-b2-1006,1006,snips,0.6462679552829633,0.6329196420490633,0.6609566530705836,,0.5892530618648668,0.9221253795861278,3.758122748497204,0.0,trust,0.9934025436108298,pass,1.0452815027663511,pass,-0.0028943790052263873,pass,0.05047708621054033,pass,0.0036893071981381254,0.005282355570552871,1.1298301832357476,False,above,trust,go,True
practitioner,19,healthy_b2,healthy-b2-1006,1006,clipped_ips,0.6136462319890356,0.5999903646311997,0.6290129737971527,1.2867692918728695,0.5892530618648668,0.9221253795861278,3.758122748497204,0.0,trust,0.9934025436108298,pass,1.0452815027663511,pass,-0.0028943790052263873,pass,0.05047708621054033,pass,0.0036893071981381254,0.005282355570552871,1.1298301832357476,False,above,trust,go,True
practitioner,19,healthy_b2,healthy-b2-1006,1006,dm,0.6562826087387242,0.6518154307532779,0.660353673842303,,0.5892530618648668,0.9221253795861278,3.758122748497204,0.0,trust,0.9934025436108298,pass,1.0452815027663511,pass,-0.0028943790052263873,pass,0.05047708621054033,pass,0.0036893071981381254,0.005282355570552871,1.1298301832357476,False,above,trust,go,True
practitioner,19,healthy_b2,healthy-b2-1006,1006,dr,0.6525933015405861,0.6393004761706667,0.664666876530349,,0.5892530618648668,0.9221253795861278,3.758122748497204,0.0,trust,0.9934025436108298,pass,1.0452815027663511,pass,-0.0028943790052263873,pass,0.05047708621054033,pass,0.0036893071981381254,0.005282355570552871,1.1298301832357476,False,above,trust,go,True
practitioner,19,healthy_b2,healthy-b2-1006,1006,switch_dr,0.665436889830059,0.6531917552264626,0.6770948242675433,1.4712641168903777,0.5892530618648668,0.9221253795861278,3.758122748497204,0.0,trust,0.9934025436108298,pass,1.0452815027663511,pass,-0.0028943790052263873,pass,0.05047708621054033,pass,0.0036893071981381254,0.005282355570552871,1.1298301832357476,False,above,trust,go,True
practitioner,19,healthy_b2,healthy-b2-1006,1006,dros,0.6564505552418927,0.648369752443243,0.6643588827879596,1.655775210507006,0.5892530618648668,0.9221253795861278,3.758122748497204,0.0,trust,0.9934025436108298,pass,1.0452815027663511,pass,-0.0028943790052263873,pass,0.05047708621054033,pass,0.0036893071981381254,0.005282355570552871,1.1298301832357476,False,above,trust,go,True
practitioner,19,healthy_b8,healthy-b8-1006,1006,ips,0.8173945756154335,0.782217304608217,0.8481000681454984,,0.5892530618648668,0.3705680681062494,7.651175983161882,0.0,trust,0.9704192415023961,pass,1.0452815027663511,pass,-0.0020575159945705164,pass,0.18353158869466607,pass,0.008494628831270171,0.019706390737693317,1.7895208085041099,False,above,trust,go,False
practitioner,19,healthy_b8,healthy-b8-1006,1006,snips,0.8423107669938088,0.8221279262771373,0.861754988154938,,0.5892530618648668,0.3705680681062494,7.651175983161882,0.0,trust,0.9704192415023961,pass,1.0452815027663511,pass,-0.0020575159945705164,pass,0.18353158869466607,pass,0.008494628831270171,0.019706390737693317,1.7895208085041099,False,above,trust,go,False
practitioner,19,healthy_b8,healthy-b8-1006,1006,clipped_ips,0.6877201337528124,0.6632838440823281,0.7123930046234531,2.724520302131673,0.5892530618648668,0.3705680681062494,7.651175983161882,0.0,trust,0.9704192415023961,pass,1.0452815027663511,pass,-0.0020575159945705164,pass,0.18353158869466607,pass,0.008494628831270171,0.019706390737693317,1.7895208085041099,False,above,trust,go,False
practitioner,19,healthy_b8,healthy-b8-1006,1006,dm,0.8446318674523997,0.8388562190122089,0.850062909260443,,0.5892530618648668,0.3705680681062494,7.651175983161882,0.0,trust,0.9704192415023961,pass,1.0452815027663511,pass,-0.0020575159945705164,pass,0.18353158869466607,pass,0.008494628831270171,0.019706390737693317,1.7895208085041099,False,above,trust,go,False
practitioner,19,healthy_b8,healthy-b8-1006,1006,dr,0.8531264962836699,0.8326102833009132,0.8722763946253376,,0.5892530618648668,0.3705680681062494,7.651175983161882,0.0,trust,0.9704192415023961,pass,1.0452815027663511,pass,-0.0020575159945705164,pass,0.18353158869466607,pass,0.008494628831270171,0.019706390737693317,1.7895208085041099,False,above,trust,go,False
practitioner,19,healthy_b8,healthy-b8-1006,1006,switch_dr,0.8750682219527587,0.8615665528109591,0.8907296550443381,3.825405024725554,0.5892530618648668,0.3705680681062494,7.651175983161882,0.0,trust,0.9704192415023961,pass,1.0452815027663511,pass,-0.0020575159945705164,pass,0.18353158869466607,pass,0.008494628831270171,0.019706390737693317,1.7895208085041099,False,above,trust,go,False
practitioner,19,healthy_b8,healthy-b8-1006,1006,dros,0.8602036124723064,0.8508806305140288,0.8705660035953656,7.4230108767276635,0.5892530618648668,0.3705680681062494,7.651175983161882,0.0,trust,0.9704192415023961,pass,1.0452815027663511,pass,-0.0020575159945705164,pass,0.18353158869466607,pass,0.008494628831270171,0.019706390737693317,1.7895208085041099,False,above,trust,go,False
practitioner,19,healthy_b-2,healthy-b-2-1007,1007,ips,0.3835440901547273,0.36952294120531026,0.3983694080623822,,0.6036279812483629,0.5604719057930214,7.811692070887547,0.0,trust,0.9848406154976935,pass,0.9083553976433805,pass,-0.011675771343489868,pass,0.029914811556552123,pass,0.010812975703654703,0.022389379991721928,1.5867813638352928,False,below,trust,no_go,False
practitioner,19,healthy_b-2,healthy-b-2-1007,1007,snips,0.38944788031604644,0.371899774924589,0.4059342081508549,,0.6036279812483629,0.5604719057930214,7.811692070887547,0.0,trust,0.9848406154976935,pass,0.9083553976433805,pass,-0.011675771343489868,pass,0.029914811556552123,pass,0.010812975703654703,0.022389379991721928,1.5867813638352928,False,below,trust,no_go,False
practitioner,19,healthy_b-2,healthy-b-2-1007,1007,clipped_ips,0.37779762036529324,0.3650191237681942,0.39002439987089577,2.0717532540137555,0.6036279812483629,0.5604719057930214,7.811692070887547,0.0,trust,0.9848406154976935,pass,0.9083553976433805,pass,-0.011675771343489868,pass,0.029914811556552123,pass,0.010812975703654703,0.022389379991721928,1.5867813638352928,False,below,trust,no_go,False
practitioner,19,healthy_b-2,healthy-b-2-1007,1007,dm,0.3944117413302104,0.3906738110915827,0.3984207446211522,,0.6036279812483629,0.5604719057930214,7.811692070887547,0.0,trust,0.9848406154976935,pass,0.9083553976433805,pass,-0.011675771343489868,pass,0.029914811556552123,pass,0.010812975703654703,0.022389379991721928,1.5867813638352928,False,below,trust,no_go,False
practitioner,19,healthy_b-2,healthy-b-2-1007,1007,dr,0.3835987656265557,0.36893967746489426,0.3992409498337614,,0.6036279812483629,0.5604719057930214,7.811692070887547,0.0,trust,0.9848406154976935,pass,0.9083553976433805,pass,-0.011675771343489868,pass,0.029914811556552123,pass,0.010812975703654703,0.022389379991721928,1.5867813638352928,False,below,trust,no_go,False
practitioner,19,healthy_b-2,healthy-b-2-1007,1007,switch_dr,0.37820729679283815,0.36571496435807477,0.39013718842552103,2.6937222615656737,0.6036279812483629,0.5604719057930214,7.811692070887547,0.0,trust,0.9848406154976935,pass,0.9083553976433805,pass,-0.011675771343489868,pass,0.029914811556552123,pass,0.010812975703654703,0.022389379991721928,1.5867813638352928,False,below,trust,no_go,False
practitioner,19,healthy_b-2,healthy-b-2-1007,1007,dros,0.38901467276143636,0.38038148703179286,0.39787909696963586,4.292161545516585,0.6036279812483629,0.5604719057930214,7.811692070887547,0.0,trust,0.9848406154976935,pass,0.9083553976433805,pass,-0.011675771343489868,pass,0.029914811556552123,pass,0.010812975703654703,0.022389379991721928,1.5867813638352928,False,below,trust,no_go,False
practitioner,19,healthy_b2,healthy-b2-1007,1007,ips,0.6629369670232759,0.6479968596193049,0.678325977840052,,0.6036279812483629,0.9133185641176023,3.6603178642427405,0.0,trust,1.0026599967718899,pass,0.9083553976433805,pass,-0.0026051844702690515,pass,0.03607882948045869,pass,0.006804795148230564,0.004528448369026672,1.1325134376394301,False,above,trust,go,True
practitioner,19,healthy_b2,healthy-b2-1007,1007,snips,0.6611782350523926,0.6478768797910571,0.674123790690397,,0.6036279812483629,0.9133185641176023,3.6603178642427405,0.0,trust,1.0026599967718899,pass,0.9083553976433805,pass,-0.0026051844702690515,pass,0.03607882948045869,pass,0.006804795148230564,0.004528448369026672,1.1325134376394301,False,above,trust,go,True
practitioner,19,healthy_b2,healthy-b2-1007,1007,clipped_ips,0.63908243022463,0.6245361260811194,0.6529059907109853,1.3766325498885106,0.6036279812483629,0.9133185641176023,3.6603178642427405,0.0,trust,1.0026599967718899,pass,0.9083553976433805,pass,-0.0026051844702690515,pass,0.03607882948045869,pass,0.006804795148230564,0.004528448369026672,1.1325134376394301,False,above,trust,go,True
practitioner,19,healthy_b2,healthy-b2-1007,1007,dm,0.6674614718914168,0.6640212598364044,0.6709466850865019,,0.6036279812483629,0.9133185641176023,3.6603178642427405,0.0,trust,1.0026599967718899,pass,0.9083553976433805,pass,-0.0026051844702690515,pass,0.03607882948045869,pass,0.006804795148230564,0.004528448369026672,1.1325134376394301,False,above,trust,go,True
practitioner,19,healthy_b2,healthy-b2-1007,1007,dr,0.6606566767431863,0.6479973123521917,0.6718160351427203,,0.6036279812483629,0.9133185641176023,3.6603178642427405,0.0,trust,1.0026599967718899,pass,0.9083553976433805,pass,-0.0026051844702690515,pass,0.03607882948045869,pass,0.006804795148230564,0.004528448369026672,1.1325134376394301,False,above,trust,go,True
practitioner,19,healthy_b2,healthy-b2-1007,1007,switch_dr,0.6716627687076806,0.660569283824668,0.6828712824285548,1.54068423970155,0.6036279812483629,0.9133185641176023,3.6603178642427405,0.0,trust,1.0026599967718899,pass,0.9083553976433805,pass,-0.0026051844702690515,pass,0.03607882948045869,pass,0.006804795148230564,0.004528448369026672,1.1325134376394301,False,above,trust,go,True
practitioner,19,healthy_b2,healthy-b2-1007,1007,dros,0.6667336409278912,0.6587384728092439,0.6742261531167472,1.8951171774125426,0.6036279812483629,0.9133185641176023,3.6603178642427405,0.0,trust,1.0026599967718899,pass,0.9083553976433805,pass,-0.0026051844702690515,pass,0.03607882948045869,pass,0.006804795148230564,0.004528448369026672,1.1325134376394301,False,above,trust,go,True
practitioner,19,healthy_b8,healthy-b8-1007,1007,ips,0.8414219309422614,0.8064919756753195,0.8786340060753552,,0.6036279812483629,0.37038897489459904,6.709952733545836,0.0,trust,1.0072793291170579,pass,0.9083553976433805,pass,0.000594922660725136,pass,0.1401214232443575,pass,0.01041109017084008,0.013431189225448791,1.7212794177624273,False,above,trust,go,False
practitioner,19,healthy_b8,healthy-b8-1007,1007,snips,0.8353412073687836,0.8148727293015035,0.8537520446208205,,0.6036279812483629,0.37038897489459904,6.709952733545836,0.0,trust,1.0072793291170579,pass,0.9083553976433805,pass,0.000594922660725136,pass,0.1401214232443575,pass,0.01041109017084008,0.013431189225448791,1.7212794177624273,False,above,trust,go,False
practitioner,19,healthy_b8,healthy-b8-1007,1007,clipped_ips,0.7243727320710874,0.6982444388692007,0.7519751392032307,2.9936653811309952,0.6036279812483629,0.37038897489459904,6.709952733545836,0.0,trust,1.0072793291170579,pass,0.9083553976433805,pass,0.000594922660725136,pass,0.1401214232443575,pass,0.01041109017084008,0.013431189225448791,1.7212794177624273,False,above,trust,go,False
practitioner,19,healthy_b8,healthy-b8-1007,1007,dm,0.8479247357443007,0.8435305694453843,0.8528145886306105,,0.6036279812483629,0.37038897489459904,6.709952733545836,0.0,trust,1.0072793291170579,pass,0.9083553976433805,pass,0.000594922660725136,pass,0.1401214232443575,pass,0.01041109017084008,0.013431189225448791,1.7212794177624273,False,above,trust,go,False
practitioner,19,healthy_b8,healthy-b8-1007,1007,dr,0.8375136455734606,0.8181593132843058,0.8553709178103404,,0.6036279812483629,0.37038897489459904,6.709952733545836,0.0,trust,1.0072793291170579,pass,0.9083553976433805,pass,0.000594922660725136,pass,0.1401214232443575,pass,0.01041109017084008,0.013431189225448791,1.7212794177624273,False,above,trust,go,False
practitioner,19,healthy_b8,healthy-b8-1007,1007,switch_dr,0.8632117279096021,0.8488731398620972,0.8771497919399988,4.081298697094282,0.6036279812483629,0.37038897489459904,6.709952733545836,0.0,trust,1.0072793291170579,pass,0.9083553976433805,pass,0.000594922660725136,pass,0.1401214232443575,pass,0.01041109017084008,0.013431189225448791,1.7212794177624273,False,above,trust,go,False
practitioner,19,healthy_b8,healthy-b8-1007,1007,dros,0.8515472647092314,0.840714607549571,0.8613052721324275,8.962032414182186,0.6036279812483629,0.37038897489459904,6.709952733545836,0.0,trust,1.0072793291170579,pass,0.9083553976433805,pass,0.000594922660725136,pass,0.1401214232443575,pass,0.01041109017084008,0.013431189225448791,1.7212794177624273,False,above,trust,go,False
practitioner,19,healthy_b-2,healthy-b-2-1008,1008,ips,0.38852160046683165,0.3726874046935176,0.4059910824773576,,0.6036273415485965,0.5425308813646211,10.661839989248737,0.0,trust,1.0005612824510801,pass,1.1155323571791775,pass,0.02193457820535881,fail,0.02402972205079337,pass,0.006144885202759979,0.025910254733641287,1.5837106528379035,False,below,distrust,ab_test,False
practitioner,19,healthy_b-2,healthy-b-2-1008,1008,snips,0.3883036524410262,0.3721015909276868,0.40702014234672307,,0.6036273415485965,0.5425308813646211,10.661839989248737,0.0,trust,1.0005612824510801,pass,1.1155323571791775,pass,0.02193457820535881,fail,0.02402972205079337,pass,0.006144885202759979,0.025910254733641287,1.5837106528379035,False,below,distrust,ab_test,False
practitioner,19,healthy_b-2,healthy-b-2-1008,1008,clipped_ips,0.3791907716273659,0.366564825118469,0.3928704560134408,2.127462378958022,0.6036273415485965,0.5425308813646211,10.661839989248737,0.0,trust,1.0005612824510801,pass,1.1155323571791775,pass,0.02193457820535881,fail,0.02402972205079337,pass,0.006144885202759979,0.025910254733641287,1.5837106528379035,False,below,distrust,ab_test,False
practitioner,19,healthy_b-2,healthy-b-2-1008,1008,dm,0.39396138991375623,0.3903045101257521,0.397726368079342,,0.6036273415485965,0.5425308813646211,10.661839989248737,0.0,trust,1.0005612824510801,pass,1.1155323571791775,pass,0.02193457820535881,fail,0.02402972205079337,pass,0.006144885202759979,0.025910254733641287,1.5837106528379035,False,below,distrust,ab_test,False
practitioner,19,healthy_b-2,healthy-b-2-1008,1008,dr,0.38781650471099627,0.3711483145628291,0.4057315122561791,,0.6036273415485965,0.5425308813646211,10.661839989248737,0.0,trust,1.0005612824510801,pass,1.1155323571791775,pass,0.02193457820535881,fail,0.02402972205079337,pass,0.006144885202759979,0.025910254733641287,1.5837106528379035,False,below,distrust,ab_test,False
practitioner,19,healthy_b-2,healthy-b-2-1008,1008,switch_dr,0.3760313340200738,0.36460661616169143,0.38922232231504816,2.7891229050607955,0.6036273415485965,0.5425308813646211,10.661839989248737,0.0,trust,1.0005612824510801,pass,1.1155323571791775,pass,0.02193457820535881,fail,0.02402972205079337,pass,0.006144885202759979,0.025910254733641287,1.5837106528379035,False,below,distrust,ab_test,False
practitioner,19,healthy_b-2,healthy-b-2-1008,1008,dros,0.38808607730676514,0.3797383573644837,0.3973494931842186,4.526096173881726,0.6036273415485965,0.5425308813646211,10.661839989248737,0.0,trust,1.0005612824510801,pass,1.1155323571791775,pass,0.02193457820535881,fail,0.02402972205079337,pass,0.006144885202759979,0.025910254733641287,1.5837106528379035,False,below,distrust,ab_test,False
practitioner,19,healthy_b2,healthy-b2-1008,1008,ips,0.6629857759988795,0.6461688934430823,0.6796667108144889,,0.6036273415485965,0.9156855240622788,4.576577669787245,0.0,trust,1.0005990715134387,pass,1.1155323571791775,pass,0.005026052452181031,pass,0.04145831349329629,pass,0.0062376428219368734,0.008005627465535787,1.1361285687222868,False,above,trust,go,True
practitioner,19,healthy_b2,healthy-b2-1008,1008,snips,0.6625888379009707,0.648560568717951,0.6766659844783406,,0.6036273415485965,0.9156855240622788,4.576577669787245,0.0,trust,1.0005990715134387,pass,1.1155323571791775,pass,0.005026052452181031,pass,0.04145831349329629,pass,0.0062376428219368734,0.008005627465535787,1.1361285687222868,False,above,trust,go,True
practitioner,19,healthy_b2,healthy-b2-1008,1008,clipped_ips,0.6355159602400222,0.6198216051934086,0.6503032860539988,1.3360608406435628,0.6036273415485965,0.9156855240622788,4.576577669787245,0.0,trust,1.0005990715134387,pass,1.1155323571791775,pass,0.005026052452181031,pass,0.04145831349329629,pass,0.0062376428219368734,0.008005627465535787,1.1361285687222868,False,above,trust,go,True
practitioner,19,healthy_b2,healthy-b2-1008,1008,dm,0.6691240316053996,0.665632573507519,0.6727301975202887,,0.6036273415485965,0.9156855240622788,4.576577669787245,0.0,trust,1.0005990715134387,pass,1.1155323571791775,pass,0.005026052452181031,pass,0.04145831349329629,pass,0.0062376428219368734,0.008005627465535787,1.1361285687222868,False,above,trust,go,True
practitioner,19,healthy_b2,healthy-b2-1008,1008,dr,0.6628863887834627,0.6497070020463876,0.67621268576459,,0.6036273415485965,0.9156855240622788,4.576577669787245,0.0,trust,1.0005990715134387,pass,1.1155323571791775,pass,0.005026052452181031,pass,0.04145831349329629,pass,0.0062376428219368734,0.008005627465535787,1.1361285687222868,False,above,trust,go,True
practitioner,19,healthy_b2,healthy-b2-1008,1008,switch_dr,0.6735803932266752,0.6610476315083298,0.6845879236044485,1.5086798862024127,0.6036273415485965,0.9156855240622788,4.576577669787245,0.0,trust,1.0005990715134387,pass,1.1155323571791775,pass,0.005026052452181031,pass,0.04145831349329629,pass,0.0062376428219368734,0.008005627465535787,1.1361285687222868,False,above,trust,go,True
practitioner,19,healthy_b2,healthy-b2-1008,1008,dros,0.6684901985540119,0.6602111573269238,0.6764002126490938,1.7850585699011836,0.6036273415485965,0.9156855240622788,4.576577669787245,0.0,trust,1.0005990715134387,pass,1.1155323571791775,pass,0.005026052452181031,pass,0.04145831349329629,pass,0.0062376428219368734,0.008005627465535787,1.1361285687222868,False,above,trust,go,True
practitioner,19,healthy_b8,healthy-b8-1008,1008,ips,0.838565862891233,0.8031682547997152,0.8715527331266907,,0.6036273415485965,0.3648865737553736,7.55724195422624,0.0,trust,0.9882820681263236,pass,1.1155323571791775,pass,-0.0036775138004857258,pass,0.15986034911860658,pass,0.00261317841297749,0.023810074841409738,1.7848496357883437,False,above,trust,go,False
practitioner,19,healthy_b8,healthy-b8-1008,1008,snips,0.8485086292024541,0.8277934863226942,0.8664656884682508,,0.6036273415485965,0.3648865737553736,7.55724195422624,0.0,trust,0.9882820681263236,pass,1.1155323571791775,pass,-0.0036775138004857258,pass,0.15986034911860658,pass,0.00261317841297749,0.023810074841409738,1.7848496357883437,False,above,trust,go,False
practitioner,19,healthy_b8,healthy-b8-1008,1008,clipped_ips,0.7128657435079995,0.6876191528926283,0.7373666862842229,2.931818540662552,0.6036273415485965,0.3648865737553736,7.55724195422624,0.0,trust,0.9882820681263236,pass,1.1155323571791775,pass,-0.0036775138004857258,pass,0.15986034911860658,pass,0.00261317841297749,0.023810074841409738,1.7848496357883437,False,above,trust,go,False
practitioner,19,healthy_b8,healthy-b8-1008,1008,dm,0.8513185475366172,0.846805264332265,0.8558656978574478,,0.6036273415485965,0.3648865737553736,7.55724195422624,0.0,trust,0.9882820681263236,pass,1.1155323571791775,pass,-0.0036775138004857258,pass,0.15986034911860658,pass,0.00261317841297749,0.023810074841409738,1.7848496357883437,False,above,trust,go,False
practitioner,19,healthy_b8,healthy-b8-1008,1008,dr,0.8487053691236397,0.8286064483774999,0.8675095822291802,,0.6036273415485965,0.3648865737553736,7.55724195422624,0.0,trust,0.9882820681263236,pass,1.1155323571791775,pass,-0.0036775138004857258,pass,0.15986034911860658,pass,0.00261317841297749,0.023810074841409738,1.7848496357883437,False,above,trust,go,False
practitioner,19,healthy_b8,healthy-b8-1008,1008,switch_dr,0.8651907965155788,0.8508471442820925,0.8782989804691171,3.9744045247681483,0.6036273415485965,0.3648865737553736,7.55724195422624,0.0,trust,0.9882820681263236,pass,1.1155323571791775,pass,-0.0036775138004857258,pass,0.15986034911860658,pass,0.00261317841297749,0.023810074841409738,1.7848496357883437,False,above,trust,go,False
practitioner,19,healthy_b8,healthy-b8-1008,1008,dros,0.8581187883613816,0.8481985835347664,0.8675570238153825,8.595559955372694,0.6036273415485965,0.3648865737553736,7.55724195422624,0.0,trust,0.9882820681263236,pass,1.1155323571791775,pass,-0.0036775138004857258,pass,0.15986034911860658,pass,0.00261317841297749,0.023810074841409738,1.7848496357883437,False,above,trust,go,False
practitioner,19,healthy_b-2,healthy-b-2-1009,1009,ips,0.387267245415908,0.37058383525591015,0.4024717021658693,,0.5918684596124373,0.5690093985946828,9.335546346431999,0.0,trust,1.012084009751809,pass,0.8937806227911077,pass,0.008333671036000339,pass,0.018539083826657914,pass,0.008309613686273233,0.02491051284609735,1.569041593227929,False,below,trust,no_go,False
practitioner,19,healthy_b-2,healthy-b-2-1009,1009,snips,0.3826433790915012,0.36371228000414535,0.4000502630741456,,0.5918684596124373,0.5690093985946828,9.335546346431999,0.0,trust,1.012084009751809,pass,0.8937806227911077,pass,0.008333671036000339,pass,0.018539083826657914,pass,0.008309613686273233,0.02491051284609735,1.569041593227929,False,below,trust,no_go,False
practitioner,19,healthy_b-2,healthy-b-2-1009,1009,clipped_ips,0.38017338773521503,0.36609872229607654,0.393644213414069,2.131714039135472,0.5918684596124373,0.5690093985946828,9.335546346431999,0.0,trust,1.012084009751809,pass,0.8937806227911077,pass,0.008333671036000339,pass,0.018539083826657914,pass,0.008309613686273233,0.02491051284609735,1.569041593227929,False,below,trust,no_go,False
practitioner,19,healthy_b-2,healthy-b-2-1009,1009,dm,0.39701588043509695,0.39351614822064385,0.4010459226366474,,0.5918684596124373,0.5690093985946828,9.335546346431999,0.0,trust,1.012084009751809,pass,0.8937806227911077,pass,0.008333671036000339,pass,0.018539083826657914,pass,0.008309613686273233,0.02491051284609735,1.569041593227929,False,below,trust,no_go,False
practitioner,19,healthy_b-2,healthy-b-2-1009,1009,dr,0.3887062667488237,0.37061598480420116,0.40545847841789884,,0.5918684596124373,0.5690093985946828,9.335546346431999,0.0,trust,1.012084009751809,pass,0.8937806227911077,pass,0.008333671036000339,pass,0.018539083826657914,pass,0.008309613686273233,0.02491051284609735,1.569041593227929,False,below,trust,no_go,False
practitioner,19,healthy_b-2,healthy-b-2-1009,1009,switch_dr,0.3803199647982747,0.36774367535743346,0.39277587321185226,2.7936985399043803,0.5918684596124373,0.5690093985946828,9.335546346431999,0.0,trust,1.012084009751809,pass,0.8937806227911077,pass,0.008333671036000339,pass,0.018539083826657914,pass,0.008309613686273233,0.02491051284609735,1.569041593227929,False,below,trust,no_go,False
practitioner,19,healthy_b-2,healthy-b-2-1009,1009,dros,0.39162537892838756,0.38243380045285885,0.40122414363927594,4.544204744647268,0.5918684596124373,0.5690093985946828,9.335546346431999,0.0,trust,1.012084009751809,pass,0.8937806227911077,pass,0.008333671036000339,pass,0.018539083826657914,pass,0.008309613686273233,0.02491051284609735,1.569041593227929,False,below,trust,no_go,False
practitioner,19,healthy_b2,healthy-b2-1009,1009,ips,0.6486925060653527,0.6327071628395619,0.6659199277815385,,0.5918684596124373,0.9249746217889857,3.026381158087315,0.0,trust,1.0007526030368814,pass,0.8937806227911077,pass,0.0026255421379679273,pass,0.037705018603011724,pass,0.006170916038977493,0.005659936530904239,1.1310902596254695,False,above,trust,go,True
practitioner,19,healthy_b2,healthy-b2-1009,1009,snips,0.648204665265753,0.6334963122793815,0.6635587088955788,,0.5918684596124373,0.9249746217889857,3.026381158087315,0.0,trust,1.0007526030368814,pass,0.8937806227911077,pass,0.0026255421379679273,pass,0.037705018603011724,pass,0.006170916038977493,0.005659936530904239,1.1310902596254695,False,above,trust,go,True
practitioner,19,healthy_b2,healthy-b2-1009,1009,clipped_ips,0.6242519371029485,0.6095144075163628,0.6396729198862162,1.3219596131553135,0.5918684596124373,0.9249746217889857,3.026381158087315,0.0,trust,1.0007526030368814,pass,0.8937806227911077,pass,0.0026255421379679273,pass,0.037705018603011724,pass,0.006170916038977493,0.005659936530904239,1.1310902596254695,False,above,trust,go,True
practitioner,19,healthy_b2,healthy-b2-1009,1009,dm,0.6549320035381282,0.6513898724710434,0.6583887079962322,,0.5918684596124373,0.9249746217889857,3.026381158087315,0.0,trust,1.0007526030368814,pass,0.8937806227911077,pass,0.0026255421379679273,pass,0.037705018603011724,pass,0.006170916038977493,0.005659936530904239,1.1310902596254695,False,above,trust,go,True
practitioner,19,healthy_b2,healthy-b2-1009,1009,dr,0.6487610874991507,0.636310270898082,0.6623199368248716,,0.5918684596124373,0.9249746217889857,3.026381158087315,0.0,trust,1.0007526030368814,pass,0.8937806227911077,pass,0.0026255421379679273,pass,0.037705018603011724,pass,0.006170916038977493,0.005659936530904239,1.1310902596254695,False,above,trust,go,True
practitioner,19,healthy_b2,healthy-b2-1009,1009,switch_dr,0.6612649699209968,0.6491378400021232,0.6743245785463556,1.4857125638883144,0.5918684596124373,0.9249746217889857,3.026381158087315,0.0,trust,1.0007526030368814,pass,0.8937806227911077,pass,0.0026255421379679273,pass,0.037705018603011724,pass,0.006170916038977493,0.005659936530904239,1.1310902596254695,False,above,trust,go,True
practitioner,19,healthy_b2,healthy-b2-1009,1009,dros,0.6547309401571623,0.6466568313033182,0.6630968559028866,1.7475772188137462,0.5918684596124373,0.9249746217889857,3.026381158087315,0.0,trust,1.0007526030368814,pass,0.8937806227911077,pass,0.0026255421379679273,pass,0.037705018603011724,pass,0.006170916038977493,0.005659936530904239,1.1310902596254695,False,above,trust,go,True
practitioner,19,healthy_b8,healthy-b8-1009,1009,ips,0.8329561867799637,0.8006654691245146,0.8711356878162678,,0.5918684596124373,0.37982865312467584,7.3045046424955515,0.0,trust,1.0013100394094132,pass,0.8937806227911077,pass,-0.006442985571342151,pass,0.14615751007376493,pass,0.005900221847740783,0.02362908192989075,1.773046333232295,False,above,trust,go,False
practitioner,19,healthy_b8,healthy-b8-1009,1009,snips,0.8318664090008057,0.8098805195686086,0.8519287599086106,,0.5918684596124373,0.37982865312467584,7.3045046424955515,0.0,trust,1.0013100394094132,pass,0.8937806227911077,pass,-0.006442985571342151,pass,0.14615751007376493,pass,0.005900221847740783,0.02362908192989075,1.773046333232295,False,above,trust,go,False
practitioner,19,healthy_b8,healthy-b8-1009,1009,clipped_ips,0.7113726637264018,0.6874977098151668,0.7398125426335496,2.8602318652071483,0.5918684596124373,0.37982865312467584,7.3045046424955515,0.0,trust,1.0013100394094132,pass,0.8937806227911077,pass,-0.006442985571342151,pass,0.14615751007376493,pass,0.005900221847740783,0.02362908192989075,1.773046333232295,False,above,trust,go,False
practitioner,19,healthy_b8,healthy-b8-1009,1009,dm,0.8368149736453824,0.8319314076192112,0.8420475217057731,,0.5918684596124373,0.37982865312467584,7.3045046424955515,0.0,trust,1.0013100394094132,pass,0.8937806227911077,pass,-0.006442985571342151,pass,0.14615751007376493,pass,0.005900221847740783,0.02362908192989075,1.773046333232295,False,above,trust,go,False
practitioner,19,healthy_b8,healthy-b8-1009,1009,dr,0.8309147517976416,0.8102068489731836,0.8517345924162256,,0.5918684596124373,0.37982865312467584,7.3045046424955515,0.0,trust,1.0013100394094132,pass,0.8937806227911077,pass,-0.006442985571342151,pass,0.14615751007376493,pass,0.005900221847740783,0.02362908192989075,1.773046333232295,False,above,trust,go,False
practitioner,19,healthy_b8,healthy-b8-1009,1009,switch_dr,0.854262755673687,0.838319569117148,0.8706130454346201,3.947196685708968,0.5918684596124373,0.37982865312467584,7.3045046424955515,0.0,trust,1.0013100394094132,pass,0.8937806227911077,pass,-0.006442985571342151,pass,0.14615751007376493,pass,0.005900221847740783,0.02362908192989075,1.773046333232295,False,above,trust,go,False
practitioner,19,healthy_b8,healthy-b8-1009,1009,dros,0.8441122619489624,0.8333403905482464,0.8552558637021012,8.180926322746362,0.5918684596124373,0.37982865312467584,7.3045046424955515,0.0,trust,1.0013100394094132,pass,0.8937806227911077,pass,-0.006442985571342151,pass,0.14615751007376493,pass,0.005900221847740783,0.02362908192989075,1.773046333232295,False,above,trust,go,False
practitioner,19,healthy_b-2,healthy-b-2-1010,1010,ips,0.4008248236100922,0.38456022603260864,0.4175800686842545,,0.6043521266863723,0.582309301590728,12.279759007733663,0.0,trust,0.98329603174202,pass,1.118344666965395,pass,-0.0062817598761239,pass,0.03899652201218784,pass,0.004635441107869443,0.010258956248530026,1.5258505901534143,False,below,trust,no_go,False
practitioner,19,healthy_b-2,healthy-b-2-1010,1010,snips,0.4076339278009551,0.38908810153293305,0.4241097327610325,,0.6043521266863723,0.582309301590728,12.279759007733663,0.0,trust,0.98329603174202,pass,1.118344666965395,pass,-0.0062817598761239,pass,0.03899652201218784,pass,0.004635441107869443,0.010258956248530026,1.5258505901534143,False,below,trust,no_go,False
practitioner,19,healthy_b-2,healthy-b-2-1010,1010,clipped_ips,0.39173762236255055,0.3779763796603374,0.40501191709690887,2.042725839086169,0.6043521266863723,0.582309301590728,12.279759007733663,0.0,trust,0.98329603174202,pass,1.118344666965395,pass,-0.0062817598761239,pass,0.03899652201218784,pass,0.004635441107869443,0.010258956248530026,1.5258505901534143,False,below,trust,no_go,False
practitioner,19,healthy_b-2,healthy-b-2-1010,1010,dm,0.4081136368577254,0.4044969203906316,0.41163628512153416,,0.6043521266863723,0.582309301590728,12.279759007733663,0.0,trust,0.98329603174202,pass,1.118344666965395,pass,-0.0062817598761239,pass,0.03899652201218784,pass,0.004635441107869443,0.010258956248530026,1.5258505901534143,False,below,trust,no_go,False
practitioner,19,healthy_b-2,healthy-b-2-1010,1010,dr,0.40347819574985594,0.38734182036534126,0.42066834692494254,,0.6043521266863723,0.582309301590728,12.279759007733663,0.0,trust,0.98329603174202,pass,1.118344666965395,pass,-0.0062817598761239,pass,0.03899652201218784,pass,0.004635441107869443,0.010258956248530026,1.5258505901534143,False,below,trust,no_go,False
practitioner,19,healthy_b-2,healthy-b-2-1010,1010,switch_dr,0.3935367583291975,0.38216480959036836,0.40660045789683286,2.6063952503380903,0.6043521266863723,0.582309301590728,12.279759007733663,0.0,trust,0.98329603174202,pass,1.118344666965395,pass,-0.0062817598761239,pass,0.03899652201218784,pass,0.004635441107869443,0.010258956248530026,1.5258505901534143,False,below,trust,no_go,False
practitioner,19,healthy_b-2,healthy-b-2-1010,1010,dros,0.4046779041451768,0.3959287744556611,0.4141151332098559,4.172728853670293,0.6043521266863723,0.582309301590728,12.279759007733663,0.0,trust,0.98329603174202,pass,1.118344666965395,pass,-0.0062817598761239,pass,0.03899652201218784,pass,0.004635441107869443,0.010258956248530026,1.5258505901534143,False,below,trust,no_go,False
practitioner,19,healthy_b2,healthy-b2-1010,1010,ips,0.6497994583163836,0.6349022073292065,0.6650667971284145,,0.6043521266863723,0.9356489497369382,3.1885608342163936,0.0,trust,1.0020754519049124,pass,1.118344666965395,pass,-0.0051028897861469325,pass,0.03260073345097996,pass,0.0048338422150044896,0.0046885528549554705,1.1009496157822907,False,above,trust,go,True
practitioner,19,healthy_b2,healthy-b2-1010,1010,snips,0.6484536240071904,0.6353500492441585,0.6620723272151149,,0.6043521266863723,0.9356489497369382,3.1885608342163936,0.0,trust,1.0020754519049124,pass,1.118344666965395,pass,-0.0051028897861469325,pass,0.03260073345097996,pass,0.0048338422150044896,0.0046885528549554705,1.1009496157822907,False,above,trust,go,True
practitioner,19,healthy_b2,healthy-b2-1010,1010,clipped_ips,0.6286593945648032,0.6149390595464119,0.6430949709695509,1.3037312113760444,0.6043521266863723,0.9356489497369382,3.1885608342163936,0.0,trust,1.0020754519049124,pass,1.118344666965395,pass,-0.0051028897861469325,pass,0.03260073345097996,pass,0.0048338422150044896,0.0046885528549554705,1.1009496157822907,False,above,trust,go,True
practitioner,19,healthy_b2,healthy-b2-1010,1010,dm,0.6528897729242176,0.6492641165802353,0.6565427333505823,,0.6043521266863723,0.9356489497369382,3.1885608342163936,0.0,trust,1.0020754519049124,pass,1.118344666965395,pass,-0.0051028897861469325,pass,0.03260073345097996,pass,0.0048338422150044896,0.0046885528549554705,1.1009496157822907,False,above,trust,go,True
practitioner,19,healthy_b2,healthy-b2-1010,1010,dr,0.6480559307092131,0.6349763018248925,0.6607002085592659,,0.6043521266863723,0.9356489497369382,3.1885608342163936,0.0,trust,1.0020754519049124,pass,1.118344666965395,pass,-0.0051028897861469325,pass,0.03260073345097996,pass,0.0048338422150044896,0.0046885528549554705,1.1009496157822907,False,above,trust,go,True
practitioner,19,healthy_b2,healthy-b2-1010,1010,switch_dr,0.6623251633890759,0.6501991596904445,0.6744108752024635,1.4552326624963388,0.6043521266863723,0.9356489497369382,3.1885608342163936,0.0,trust,1.0020754519049124,pass,1.118344666965395,pass,-0.0051028897861469325,pass,0.03260073345097996,pass,0.0048338422150044896,0.0046885528549554705,1.1009496157822907,False,above,trust,go,True
practitioner,19,healthy_b2,healthy-b2-1010,1010,dros,0.6535826039632014,0.6452053819420712,0.6612885725892921,1.6997150715160483,0.6043521266863723,0.9356489497369382,3.1885608342163936,0.0,trust,1.0020754519049124,pass,1.118344666965395,pass,-0.0051028897861469325,pass,0.03260073345097996,pass,0.0048338422150044896,0.0046885528549554705,1.1009496157822907,False,above,trust,go,True
practitioner,19,healthy_b8,healthy-b8-1010,1010,ips,0.8126362418955372,0.780266350779369,0.8474400030755591,,0.6043521266863723,0.4085710979349788,7.227413986251887,0.0,trust,0.9984753923188551,pass,1.118344666965395,pass,-0.0014126230665622787,pass,0.1345558404355367,pass,0.010792321132319581,0.02236626245139308,1.636342032400553,False,above,trust,go,False
practitioner,19,healthy_b8,healthy-b8-1010,1010,snips,0.8138770851510664,0.7957809974550915,0.8333066157215244,,0.6043521266863723,0.4085710979349788,7.227413986251887,0.0,trust,0.9984753923188551,pass,1.118344666965395,pass,-0.0014126230665622787,pass,0.1345558404355367,pass,0.010792321132319581,0.02236626245139308,1.636342032400553,False,above,trust,go,False
practitioner,19,healthy_b8,healthy-b8-1010,1010,clipped_ips,0.7043651699473398,0.6822177501259228,0.7308758869560235,2.731441205397625,0.6043521266863723,0.4085710979349788,7.227413986251887,0.0,trust,0.9984753923188551,pass,1.118344666965395,pass,-0.0014126230665622787,pass,0.1345558404355367,pass,0.010792321132319581,0.02236626245139308,1.636342032400553,False,above,trust,go,False
practitioner,19,healthy_b8,healthy-b8-1010,1010,dm,0.8270092332052533,0.822266691411062,0.8318711278198377,,0.6043521266863723,0.4085710979349788,7.227413986251887,0.0,trust,0.9984753923188551,pass,1.118344666965395,pass,-0.0014126230665622787,pass,0.1345558404355367,pass,0.010792321132319581,0.02236626245139308,1.636342032400553,False,above,trust,go,False
practitioner,19,healthy_b8,healthy-b8-1010,1010,dr,0.8162169120729338,0.796596554298009,0.8358577776844186,,0.6043521266863723,0.4085710979349788,7.227413986251887,0.0,trust,0.9984753923188551,pass,1.118344666965395,pass,-0.0014126230665622787,pass,0.1345558404355367,pass,0.010792321132319581,0.02236626245139308,1.636342032400553,False,above,trust,go,False
practitioner,19,healthy_b8,healthy-b8-1010,1010,switch_dr,0.8438384629362868,0.8287277949906121,0.8580771322597602,3.7297160326650176,0.6043521266863723,0.4085710979349788,7.227413986251887,0.0,trust,0.9984753923188551,pass,1.118344666965395,pass,-0.0014126230665622787,pass,0.1345558404355367,pass,0.010792321132319581,0.02236626245139308,1.636342032400553,False,above,trust,go,False
practitioner,19,healthy_b8,healthy-b8-1010,1010,dros,0.834169070267127,0.8234572363651252,0.8435984546711316,7.46077105854403,0.6043521266863723,0.4085710979349788,7.227413986251887,0.0,trust,0.9984753923188551,pass,1.118344666965395,pass,-0.0014126230665622787,pass,0.1345558404355367,pass,0.010792321132319581,0.02236626245139308,1.636342032400553,False,above,trust,go,False
practitioner,19,healthy_b-2,healthy-b-2-1011,1011,ips,0.39142635556838157,0.37499921746749487,0.4081767514035637,,0.5894627651684752,0.5947370001169525,8.447320629342196,0.0,trust,0.9976913187902688,pass,1.0769306474645053,pass,0.01618383026942132,pass,0.012861391154557892,pass,0.009313920695398045,0.018826524151983475,1.5154561107740738,False,below,trust,no_go,False
practitioner,19,healthy_b-2,healthy-b-2-1011,1011,snips,0.3923321253742069,0.37465647154355797,0.410623631437555,,0.5894627651684752,0.5947370001169525,8.447320629342196,0.0,trust,0.9976913187902688,pass,1.0769306474645053,pass,0.01618383026942132,pass,0.012861391154557892,pass,0.009313920695398045,0.018826524151983475,1.5154561107740738,False,below,trust,no_go,False
practitioner,19,healthy_b-2,healthy-b-2-1011,1011,clipped_ips,0.3872861884472702,0.3730790809508869,0.4010469173349858,2.0486513252738665,0.5894627651684752,0.5947370001169525,8.447320629342196,0.0,trust,0.9976913187902688,pass,1.0769306474645053,pass,0.01618383026942132,pass,0.012861391154557892,pass,0.009313920695398045,0.018826524151983475,1.5154561107740738,False,below,trust,no_go,False
practitioner,19,healthy_b-2,healthy-b-2-1011,1011,dm,0.4004433818868916,0.3968322361805338,0.40399253698208126,,0.5894627651684752,0.5947370001169525,8.447320629342196,0.0,trust,0.9976913187902688,pass,1.0769306474645053,pass,0.01618383026942132,pass,0.012861391154557892,pass,0.009313920695398045,0.018826524151983475,1.5154561107740738,False,below,trust,no_go,False
practitioner,19,healthy_b-2,healthy-b-2-1011,1011,dr,0.39112946119149355,0.37380172128447314,0.408332477818541,,0.5894627651684752,0.5947370001169525,8.447320629342196,0.0,trust,0.9976913187902688,pass,1.0769306474645053,pass,0.01618383026942132,pass,0.012861391154557892,pass,0.009313920695398045,0.018826524151983475,1.5154561107740738,False,below,trust,no_go,False
practitioner,19,healthy_b-2,healthy-b-2-1011,1011,switch_dr,0.39280001644287177,0.37899049622777053,0.40638906084725945,2.6343134873916427,0.5894627651684752,0.5947370001169525,8.447320629342196,0.0,trust,0.9976913187902688,pass,1.0769306474645053,pass,0.01618383026942132,pass,0.012861391154557892,pass,0.009313920695398045,0.018826524151983475,1.5154561107740738,False,below,trust,no_go,False
practitioner,19,healthy_b-2,healthy-b-2-1011,1011,dros,0.3966637455760246,0.38716888647224024,0.40665452442450434,4.196972252546369,0.5894627651684752,0.5947370001169525,8.447320629342196,0.0,trust,0.9976913187902688,pass,1.0769306474645053,pass,0.01618383026942132,pass,0.012861391154557892,pass,0.009313920695398045,0.018826524151983475,1.5154561107740738,False,below,trust,no_go,False
practitioner,19,healthy_b2,healthy-b2-1011,1011,ips,0.6320499995336107,0.6169360345430087,0.6465263642574284,,0.5894627651684752,0.9385045734689847,3.3907662545241335,0.0,trust,0.9988967208549063,pass,1.0769306474645053,pass,0.008634036456242805,pass,0.03570868060354917,pass,0.007645059406116489,0.005322848985527659,1.0969830815643924,False,above,trust,go,True
practitioner,19,healthy_b2,healthy-b2-1011,1011,snips,0.6327480973134745,0.6182942672792409,0.6463610665351593,,0.5894627651684752,0.9385045734689847,3.3907662545241335,0.0,trust,0.9988967208549063,pass,1.0769306474645053,pass,0.008634036456242805,pass,0.03570868060354917,pass,0.007645059406116489,0.005322848985527659,1.0969830815643924,False,above,trust,go,True
practitioner,19,healthy_b2,healthy-b2-1011,1011,clipped_ips,0.6101534976040042,0.59560393036134,0.6239446857592121,1.2849403601306504,0.5894627651684752,0.9385045734689847,3.3907662545241335,0.0,trust,0.9988967208549063,pass,1.0769306474645053,pass,0.008634036456242805,pass,0.03570868060354917,pass,0.007645059406116489,0.005322848985527659,1.0969830815643924,False,above,trust,go,True
practitioner,19,healthy_b2,healthy-b2-1011,1011,dm,0.6410781313105539,0.6377343726545016,0.6444379272322506,,0.5894627651684752,0.9385045734689847,3.3907662545241335,0.0,trust,0.9988967208549063,pass,1.0769306474645053,pass,0.008634036456242805,pass,0.03570868060354917,pass,0.007645059406116489,0.005322848985527659,1.0969830815643924,False,above,trust,go,True
practitioner,19,healthy_b2,healthy-b2-1011,1011,dr,0.6334330719044374,0.6184564147757534,0.646403597528525,,0.5894627651684752,0.9385045734689847,3.3907662545241335,0.0,trust,0.9988967208549063,pass,1.0769306474645053,pass,0.008634036456242805,pass,0.03570868060354917,pass,0.007645059406116489,0.005322848985527659,1.0969830815643924,False,above,trust,go,True
practitioner,19,healthy_b2,healthy-b2-1011,1011,switch_dr,0.6455112440558574,0.6333365065244919,0.6575676305296655,1.437374104477179,0.5894627651684752,0.9385045734689847,3.3907662545241335,0.0,trust,0.9988967208549063,pass,1.0769306474645053,pass,0.008634036456242805,pass,0.03570868060354917,pass,0.007645059406116489,0.005322848985527659,1.0969830815643924,False,above,trust,go,True
practitioner,19,healthy_b2,healthy-b2-1011,1011,dros,0.6405806983289185,0.6317995977097263,0.648918823100666,1.6510717290926855,0.5894627651684752,0.9385045734689847,3.3907662545241335,0.0,trust,0.9988967208549063,pass,1.0769306474645053,pass,0.008634036456242805,pass,0.03570868060354917,pass,0.007645059406116489,0.005322848985527659,1.0969830815643924,False,above,trust,go,True
practitioner,19,healthy_b8,healthy-b8-1011,1011,ips,0.7987205920364845,0.767820180400399,0.8346698468675139,,0.5894627651684752,0.3945505094297718,7.4535875326945815,0.0,trust,0.9929884565040338,pass,1.0769306474645053,pass,0.00713513482207752,pass,0.14431116135217906,pass,0.01995202177732397,0.023660405793134033,1.6290577340473755,False,above,trust,go,False
practitioner,19,healthy_b8,healthy-b8-1011,1011,snips,0.8043603999672878,0.7833850088527223,0.8259166217631709,,0.5894627651684752,0.3945505094297718,7.4535875326945815,0.0,trust,0.9929884565040338,pass,1.0769306474645053,pass,0.00713513482207752,pass,0.14431116135217906,pass,0.01995202177732397,0.023660405793134033,1.6290577340473755,False,above,trust,go,False
practitioner,19,healthy_b8,healthy-b8-1011,1011,clipped_ips,0.6882822165023053,0.6659932291352082,0.7129256427670124,2.7757100224192093,0.5894627651684752,0.3945505094297718,7.4535875326945815,0.0,trust,0.9929884565040338,pass,1.0769306474645053,pass,0.00713513482207752,pass,0.14431116135217906,pass,0.01995202177732397,0.023660405793134033,1.6290577340473755,False,above,trust,go,False
practitioner,19,healthy_b8,healthy-b8-1011,1011,dm,0.8221989432328737,0.8174233674474625,0.8265569843225944,,0.5894627651684752,0.3945505094297718,7.4535875326945815,0.0,trust,0.9929884565040338,pass,1.0769306474645053,pass,0.00713513482207752,pass,0.14431116135217906,pass,0.01995202177732397,0.023660405793134033,1.6290577340473755,False,above,trust,go,False
practitioner,19,healthy_b8,healthy-b8-1011,1011,dr,0.8022469214555497,0.7810031892310672,0.8236354742382008,,0.5894627651684752,0.3945505094297718,7.4535875326945815,0.0,trust,0.9929884565040338,pass,1.0769306474645053,pass,0.00713513482207752,pass,0.14431116135217906,pass,0.01995202177732397,0.023660405793134033,1.6290577340473755,False,above,trust,go,False
practitioner,19,healthy_b8,healthy-b8-1011,1011,switch_dr,0.8371285206777702,0.8197801963936727,0.8517406163103788,3.793762322909361,0.5894627651684752,0.3945505094297718,7.4535875326945815,0.0,trust,0.9929884565040338,pass,1.0769306474645053,pass,0.00713513482207752,pass,0.14431116135217906,pass,0.01995202177732397,0.023660405793134033,1.6290577340473755,False,above,trust,go,False
practitioner,19,healthy_b8,healthy-b8-1011,1011,dros,0.8282437234318326,0.8172405666279579,0.8386587158124232,7.704566128558447,0.5894627651684752,0.3945505094297718,7.4535875326945815,0.0,trust,0.9929884565040338,pass,1.0769306474645053,pass,0.00713513482207752,pass,0.14431116135217906,pass,0.01995202177732397,0.023660405793134033,1.6290577340473755,False,above,trust,go,False
practitioner,19,healthy_b-2,healthy-b-2-1012,1012,ips,0.3917706300884121,0.37632520164502625,0.4068107651339169,,0.6048515446501727,0.5638293842511882,7.70507106630499,0.0,trust,0.9750608898165419,pass,0.9336676945103929,pass,-0.023817171267116802,fail,0.04432615231821892,pass,0.005816823705916716,0.018295175884424048,1.54703116743994,False,below,distrust,ab_test,False
practitioner,19,healthy_b-2,healthy-b-2-1012,1012,snips,0.401790938576281,0.38381808545934837,0.41902587939642333,,0.6048515446501727,0.5638293842511882,7.70507106630499,0.0,trust,0.9750608898165419,pass,0.9336676945103929,pass,-0.023817171267116802,fail,0.04432615231821892,pass,0.005816823705916716,0.018295175884424048,1.54703116743994,False,below,distrust,ab_test,False
practitioner,19,healthy_b-2,healthy-b-2-1012,1012,clipped_ips,0.38398109223286864,0.3708056549558985,0.396852569189154,2.0594951563388673,0.6048515446501727,0.5638293842511882,7.70507106630499,0.0,trust,0.9750608898165419,pass,0.9336676945103929,pass,-0.023817171267116802,fail,0.04432615231821892,pass,0.005816823705916716,0.018295175884424048,1.54703116743994,False,below,distrust,ab_test,False
practitioner,19,healthy_b-2,healthy-b-2-1012,1012,dm,0.3998081447748912,0.39612347484736543,0.40343869306975344,,0.6048515446501727,0.5638293842511882,7.70507106630499,0.0,trust,0.9750608898165419,pass,0.9336676945103929,pass,-0.023817171267116802,fail,0.04432615231821892,pass,0.005816823705916716,0.018295175884424048,1.54703116743994,False,below,distrust,ab_test,False
practitioner,19,healthy_b-2,healthy-b-2-1012,1012,dr,0.39399132106897444,0.37887328350765453,0.40913987351458403,,0.6048515446501727,0.5638293842511882,7.70507106630499,0.0,trust,0.9750608898165419,pass,0.9336676945103929,pass,-0.023817171267116802,fail,0.04432615231821892,pass,0.005816823705916716,0.018295175884424048,1.54703116743994,False,below,distrust,ab_test,False
practitioner,19,healthy_b-2,healthy-b-2-1012,1012,switch_dr,0.38943512929626617,0.3769248791574813,0.4014971821329524,2.6441050345831285,0.6048515446501727,0.5638293842511882,7.70507106630499,0.0,trust,0.9750608898165419,pass,0.9336676945103929,pass,-0.023817171267116802,fail,0.04432615231821892,pass,0.005816823705916716,0.018295175884424048,1.54703116743994,False,below,distrust,ab_test,False
practitioner,19,healthy_b-2,healthy-b-2-1012,1012,dros,0.39618955242143206,0.3877405053927599,0.4048325449467219,4.241520298983255,0.6048515446501727,0.5638293842511882,7.70507106630499,0.0,trust,0.9750608898165419,pass,0.9336676945103929,pass,-0.023817171267116802,fail,0.04432615231821892,pass,0.005816823705916716,0.018295175884424048,1.54703116743994,False,below,distrust,ab_test,False
practitioner,19,healthy_b2,healthy-b2-1012,1012,ips,0.6608960614403274,0.6460829117000271,0.6777006619830056,,0.6048515446501727,0.9175729737283095,3.390798835082394,0.0,trust,1.0055914516661757,pass,0.9336676945103929,pass,-0.011440260365558218,pass,0.03591410252844875,pass,0.004596449792197393,0.0051256770247608925,1.1204147148496046,False,above,trust,go,True
practitioner,19,healthy_b2,healthy-b2-1012,1012,snips,0.6572212406393088,0.6435371210033307,0.6715598839160746,,0.6048515446501727,0.9175729737283095,3.390798835082394,0.0,trust,1.0055914516661757,pass,0.9336676945103929,pass,-0.011440260365558218,pass,0.03591410252844875,pass,0.004596449792197393,0.0051256770247608925,1.1204147148496046,False,above,trust,go,True
practitioner,19,healthy_b2,healthy-b2-1012,1012,clipped_ips,0.637292550420133,0.6225624446347372,0.6530401415588177,1.3665004331315644,0.6048515446501727,0.9175729737283095,3.390798835082394,0.0,trust,1.0055914516661757,pass,0.9336676945103929,pass,-0.011440260365558218,pass,0.03591410252844875,pass,0.004596449792197393,0.0051256770247608925,1.1204147148496046,False,above,trust,go,True
practitioner,19,healthy_b2,healthy-b2-1012,1012,dm,0.6602450329251245,0.6567272044994282,0.663561184932893,,0.6048515446501727,0.9175729737283095,3.390798835082394,0.0,trust,1.0055914516661757,pass,0.9336676945103929,pass,-0.011440260365558218,pass,0.03591410252844875,pass,0.004596449792197393,0.0051256770247608925,1.1204147148496046,False,above,trust,go,True
practitioner,19,healthy_b2,healthy-b2-1012,1012,dr,0.6556485831329271,0.6419159974071854,0.6685255216924688,,0.6048515446501727,0.9175729737283095,3.390798835082394,0.0,trust,1.0055914516661757,pass,0.9336676945103929,pass,-0.011440260365558218,pass,0.03591410252844875,pass,0.004596449792197393,0.0051256770247608925,1.1204147148496046,False,above,trust,go,True
practitioner,19,healthy_b2,healthy-b2-1012,1012,switch_dr,0.6680689620659577,0.6555343759937596,0.6799055481579827,1.5191131870933234,0.6048515446501727,0.9175729737283095,3.390798835082394,0.0,trust,1.0055914516661757,pass,0.9336676945103929,pass,-0.011440260365558218,pass,0.03591410252844875,pass,0.004596449792197393,0.0051256770247608925,1.1204147148496046,False,above,trust,go,True
practitioner,19,healthy_b2,healthy-b2-1012,1012,dros,0.660888860305466,0.6524193440916061,0.6687736074550864,1.8673234337487532,0.6048515446501727,0.9175729737283095,3.390798835082394,0.0,trust,1.0055914516661757,pass,0.9336676945103929,pass,-0.011440260365558218,pass,0.03591410252844875,pass,0.004596449792197393,0.0051256770247608925,1.1204147148496046,False,above,trust,go,True
practitioner,19,healthy_b8,healthy-b8-1012,1012,ips,0.8542170456800146,0.822081738411217,0.8923118866077204,,0.6048515446501727,0.3644577543854236,7.421626974022918,0.0,trust,1.0132102375081944,pass,0.9336676945103929,pass,-0.008516067590791905,pass,0.15491836416695096,pass,0.0005444012763903093,0.016492114121185633,1.7446447016483946,False,above,trust,go,False
practitioner,19,healthy_b8,healthy-b8-1012,1012,snips,0.8430797617884375,0.8217099757858016,0.8629750188461351,,0.6048515446501727,0.3644577543854236,7.421626974022918,0.0,trust,1.0132102375081944,pass,0.9336676945103929,pass,-0.008516067590791905,pass,0.15491836416695096,pass,0.0005444012763903093,0.016492114121185633,1.7446447016483946,False,above,trust,go,False
practitioner,19,healthy_b8,healthy-b8-1012,1012,clipped_ips,0.7236085081214871,0.6990413764483633,0.7530905865660257,2.973703999946029,0.6048515446501727,0.3644577543854236,7.421626974022918,0.0,trust,1.0132102375081944,pass,0.9336676945103929,pass,-0.008516067590791905,pass,0.15491836416695096,pass,0.0005444012763903093,0.016492114121185633,1.7446447016483946,False,above,trust,go,False
practitioner,19,healthy_b8,healthy-b8-1012,1012,dm,0.8458000084581662,0.8406784562591805,0.8502284564892829,,0.6048515446501727,0.3644577543854236,7.421626974022918,0.0,trust,1.0132102375081944,pass,0.9336676945103929,pass,-0.008516067590791905,pass,0.15491836416695096,pass,0.0005444012763903093,0.016492114121185633,1.7446447016483946,False,above,trust,go,False
practitioner,19,healthy_b8,healthy-b8-1012,1012,dr,0.8463444097345565,0.8242724851145903,0.8654586192476975,,0.6048515446501727,0.3644577543854236,7.421626974022918,0.0,trust,1.0132102375081944,pass,0.9336676945103929,pass,-0.008516067590791905,pass,0.15491836416695096,pass,0.0005444012763903093,0.016492114121185633,1.7446447016483946,False,above,trust,go,False
practitioner,19,healthy_b8,healthy-b8-1012,1012,switch_dr,0.8640481741206637,0.8486602081427526,0.8774506852840014,4.150998688928974,0.6048515446501727,0.3644577543854236,7.421626974022918,0.0,trust,1.0132102375081944,pass,0.9336676945103929,pass,-0.008516067590791905,pass,0.15491836416695096,pass,0.0005444012763903093,0.016492114121185633,1.7446447016483946,False,above,trust,go,False
practitioner,19,healthy_b8,healthy-b8-1012,1012,dros,0.8564951718165554,0.8457277282591636,0.8658215046847106,8.842915479295012,0.6048515446501727,0.3644577543854236,7.421626974022918,0.0,trust,1.0132102375081944,pass,0.9336676945103929,pass,-0.008516067590791905,pass,0.15491836416695096,pass,0.0005444012763903093,0.016492114121185633,1.7446447016483946,False,above,trust,go,False
practitioner,19,healthy_b-2,healthy-b-2-1013,1013,ips,0.3851095505587408,0.36925773875444523,0.4032088599314445,,0.5921397894984285,0.5454972236891099,8.756254657184622,0.0,trust,1.0229335455638318,pass,0.9189399443231906,pass,0.006502650349598554,pass,0.022933545563831724,pass,0.006208582118707395,0.008440593895095334,1.5927879209034965,False,below,trust,no_go,False
practitioner,19,healthy_b-2,healthy-b-2-1013,1013,snips,0.3764756295546764,0.3581613990558967,0.396504492897256,,0.5921397894984285,0.5454972236891099,8.756254657184622,0.0,trust,1.0229335455638318,pass,0.9189399443231906,pass,0.006502650349598554,pass,0.022933545563831724,pass,0.006208582118707395,0.008440593895095334,1.5927879209034965,False,below,trust,no_go,False
practitioner,19,healthy_b-2,healthy-b-2-1013,1013,clipped_ips,0.37844359271175304,0.3650637411685632,0.39365018128748624,2.1763551290389302,0.5921397894984285,0.5454972236891099,8.756254657184622,0.0,trust,1.0229335455638318,pass,0.9189399443231906,pass,0.006502650349598554,pass,0.022933545563831724,pass,0.006208582118707395,0.008440593895095334,1.5927879209034965,False,below,trust,no_go,False
practitioner,19,healthy_b-2,healthy-b-2-1013,1013,dm,0.39079884309869795,0.386938513884798,0.39477066519026716,,0.5921397894984285,0.5454972236891099,8.756254657184622,0.0,trust,1.0229335455638318,pass,0.9189399443231906,pass,0.006502650349598554,pass,0.022933545563831724,pass,0.006208582118707395,0.008440593895095334,1.5927879209034965,False,below,trust,no_go,False
practitioner,19,healthy_b-2,healthy-b-2-1013,1013,dr,0.38459026097999055,0.36738036347877157,0.40347604316184615,,0.5921397894984285,0.5454972236891099,8.756254657184622,0.0,trust,1.0229335455638318,pass,0.9189399443231906,pass,0.006502650349598554,pass,0.022933545563831724,pass,0.006208582118707395,0.008440593895095334,1.5927879209034965,False,below,trust,no_go,False
practitioner,19,healthy_b-2,healthy-b-2-1013,1013,switch_dr,0.37402974106596454,0.3616690076787643,0.3872489783690191,2.827498514674807,0.5921397894984285,0.5454972236891099,8.756254657184622,0.0,trust,1.0229335455638318,pass,0.9189399443231906,pass,0.006502650349598554,pass,0.022933545563831724,pass,0.006208582118707395,0.008440593895095334,1.5927879209034965,False,below,trust,no_go,False
practitioner,19,healthy_b-2,healthy-b-2-1013,1013,dros,0.38480212833444805,0.3762854044380676,0.3949889715766866,4.736521647694059,0.5921397894984285,0.5454972236891099,8.756254657184622,0.0,trust,1.0229335455638318,pass,0.9189399443231906,pass,0.006502650349598554,pass,0.022933545563831724,pass,0.006208582118707395,0.008440593895095334,1.5927879209034965,False,below,trust,no_go,False
practitioner,19,healthy_b2,healthy-b2-1013,1013,ips,0.6468633902424306,0.633381736322816,0.6640444606992496,,0.5921397894984285,0.9132362701172415,3.215923679456478,0.0,trust,0.990205874004533,pass,0.9189399443231906,pass,-0.010993414659416839,pass,0.04956249337385876,pass,0.005132414593149249,0.005713856455684448,1.1435517130391721,False,above,trust,go,True
practitioner,19,healthy_b2,healthy-b2-1013,1013,snips,0.6532615158365231,0.6415746820593583,0.6675630795203993,,0.5921397894984285,0.9132362701172415,3.215923679456478,0.0,trust,0.990205874004533,pass,0.9189399443231906,pass,-0.010993414659416839,pass,0.04956249337385876,pass,0.005132414593149249,0.005713856455684448,1.1435517130391721,False,above,trust,go,True
practitioner,19,healthy_b2,healthy-b2-1013,1013,clipped_ips,0.6208842462864785,0.6087142785906227,0.636520657264431,1.347998019302576,0.5921397894984285,0.9132362701172415,3.215923679456478,0.0,trust,0.990205874004533,pass,0.9189399443231906,pass,-0.010993414659416839,pass,0.04956249337385876,pass,0.005132414593149249,0.005713856455684448,1.1435517130391721,False,above,trust,go,True
practitioner,19,healthy_b2,healthy-b2-1013,1013,dm,0.6651420989271734,0.6614061245555873,0.6686138169116386,,0.5921397894984285,0.9132362701172415,3.215923679456478,0.0,trust,0.990205874004533,pass,0.9189399443231906,pass,-0.010993414659416839,pass,0.04956249337385876,pass,0.005132414593149249,0.005713856455684448,1.1435517130391721,False,above,trust,go,True
practitioner,19,healthy_b2,healthy-b2-1013,1013,dr,0.6600096843340241,0.6492588188017556,0.6742617615232238,,0.5921397894984285,0.9132362701172415,3.215923679456478,0.0,trust,0.990205874004533,pass,0.9189399443231906,pass,-0.010993414659416839,pass,0.04956249337385876,pass,0.005132414593149249,0.005713856455684448,1.1435517130391721,False,above,trust,go,True
practitioner,19,healthy_b2,healthy-b2-1013,1013,switch_dr,0.6716592230972138,0.6616958891126238,0.6850210383554269,1.5109219161049428,0.5921397894984285,0.9132362701172415,3.215923679456478,0.0,trust,0.990205874004533,pass,0.9189399443231906,pass,-0.010993414659416839,pass,0.04956249337385876,pass,0.005132414593149249,0.005713856455684448,1.1435517130391721,False,above,trust,go,True
practitioner,19,healthy_b2,healthy-b2-1013,1013,dros,0.6647183135124595,0.6574818440276087,0.673641266488641,1.817098660043668,0.5921397894984285,0.9132362701172415,3.215923679456478,0.0,trust,0.990205874004533,pass,0.9189399443231906,pass,-0.010993414659416839,pass,0.04956249337385876,pass,0.005132414593149249,0.005713856455684448,1.1435517130391721,False,above,trust,go,True
practitioner,19,healthy_b8,healthy-b8-1013,1013,ips,0.812930288351939,0.7802389151897106,0.852060820145017,,0.5921397894984285,0.34886702576860107,7.389628982863433,0.0,trust,0.9679783249002624,pass,0.9189399443231906,pass,-0.01836194733264488,pass,0.18607002976507833,pass,0.00491160516568671,0.025505143686713052,1.8071887947511043,False,above,trust,go,False
practitioner,19,healthy_b8,healthy-b8-1013,1013,snips,0.8398228218960389,0.820121246067019,0.8585728867018526,,0.5921397894984285,0.34886702576860107,7.389628982863433,0.0,trust,0.9679783249002624,pass,0.9189399443231906,pass,-0.01836194733264488,pass,0.18607002976507833,pass,0.00491160516568671,0.025505143686713052,1.8071887947511043,False,above,trust,go,False
practitioner,19,healthy_b8,healthy-b8-1013,1013,clipped_ips,0.6835569644284508,0.6594164472161701,0.7129631432167314,2.933108697160416,0.5921397894984285,0.34886702576860107,7.389628982863433,0.0,trust,0.9679783249002624,pass,0.9189399443231906,pass,-0.01836194733264488,pass,0.18607002976507833,pass,0.00491160516568671,0.025505143686713052,1.8071887947511043,False,above,trust,go,False
practitioner,19,healthy_b8,healthy-b8-1013,1013,dm,0.8498471386181108,0.8452541590600307,0.8541691521574138,,0.5921397894984285,0.34886702576860107,7.389628982863433,0.0,trust,0.9679783249002624,pass,0.9189399443231906,pass,-0.01836194733264488,pass,0.18607002976507833,pass,0.00491160516568671,0.025505143686713052,1.8071887947511043,False,above,trust,go,False
practitioner,19,healthy_b8,healthy-b8-1013,1013,dr,0.8449355334524241,0.8276720631372936,0.863607630035652,,0.5921397894984285,0.34886702576860107,7.389628982863433,0.0,trust,0.9679783249002624,pass,0.9189399443231906,pass,-0.01836194733264488,pass,0.18607002976507833,pass,0.00491160516568671,0.025505143686713052,1.8071887947511043,False,above,trust,go,False
practitioner,19,healthy_b8,healthy-b8-1013,1013,switch_dr,0.8575167112294912,0.8447529336853187,0.872040160703585,3.999084393160243,0.5921397894984285,0.34886702576860107,7.389628982863433,0.0,trust,0.9679783249002624,pass,0.9189399443231906,pass,-0.01836194733264488,pass,0.18607002976507833,pass,0.00491160516568671,0.025505143686713052,1.8071887947511043,False,above,trust,go,False
practitioner,19,healthy_b8,healthy-b8-1013,1013,dros,0.8526204942221026,0.8438614999069151,0.8627523864126915,8.603126629358073,0.5921397894984285,0.34886702576860107,7.389628982863433,0.0,trust,0.9679783249002624,pass,0.9189399443231906,pass,-0.01836194733264488,pass,0.18607002976507833,pass,0.00491160516568671,0.025505143686713052,1.8071887947511043,False,above,trust,go,False
practitioner,19,healthy_b-2,healthy-b-2-1014,1014,ips,0.3788346384188326,0.3610702635068957,0.3952038160875637,,0.592302127498907,0.561962885431065,9.104579494050105,0.0,trust,1.0001067628075113,pass,1.0454009282042744,pass,0.007223499241135485,pass,0.015708761885792552,pass,0.010827435739995107,0.011331244610855355,1.5829492549465836,False,below,trust,no_go,False
practitioner,19,healthy_b-2,healthy-b-2-1014,1014,snips,0.37879419728686126,0.3590796302694827,0.39780652308235903,,0.592302127498907,0.561962885431065,9.104579494050105,0.0,trust,1.0001067628075113,pass,1.0454009282042744,pass,0.007223499241135485,pass,0.015708761885792552,pass,0.010827435739995107,0.011331244610855355,1.5829492549465836,False,below,trust,no_go,False
practitioner,19,healthy_b-2,healthy-b-2-1014,1014,clipped_ips,0.37288425056993335,0.35896367468382673,0.3859939039700303,2.112940251977221,0.592302127498907,0.561962885431065,9.104579494050105,0.0,trust,1.0001067628075113,pass,1.0454009282042744,pass,0.007223499241135485,pass,0.015708761885792552,pass,0.010827435739995107,0.011331244610855355,1.5829492549465836,False,below,trust,no_go,False
practitioner,19,healthy_b-2,healthy-b-2-1014,1014,dm,0.38945461402294834,0.3857207905744198,0.3935856483833418,,0.592302127498907,0.561962885431065,9.104579494050105,0.0,trust,1.0001067628075113,pass,1.0454009282042744,pass,0.007223499241135485,pass,0.015708761885792552,pass,0.010827435739995107,0.011331244610855355,1.5829492549465836,False,below,trust,no_go,False
practitioner,19,healthy_b-2,healthy-b-2-1014,1014,dr,0.3786271782829532,0.36188476138725684,0.3951504768396996,,0.592302127498907,0.561962885431065,9.104579494050105,0.0,trust,1.0001067628075113,pass,1.0454009282042744,pass,0.007223499241135485,pass,0.015708761885792552,pass,0.010827435739995107,0.011331244610855355,1.5829492549465836,False,below,trust,no_go,False
practitioner,19,healthy_b-2,healthy-b-2-1014,1014,switch_dr,0.3692801888837567,0.3567345419759373,0.3823059195631967,2.7500372378243974,0.592302127498907,0.561962885431065,9.104579494050105,0.0,trust,1.0001067628075113,pass,1.0454009282042744,pass,0.007223499241135485,pass,0.015708761885792552,pass,0.010827435739995107,0.011331244610855355,1.5829492549465836,False,below,trust,no_go,False
practitioner,19,healthy_b-2,healthy-b-2-1014,1014,dros,0.38242906808119903,0.37311142710489725,0.39118306731021574,4.464516508425562,0.592302127498907,0.561962885431065,9.104579494050105,0.0,trust,1.0001067628075113,pass,1.0454009282042744,pass,0.007223499241135485,pass,0.015708761885792552,pass,0.010827435739995107,0.011331244610855355,1.5829492549465836,False,below,trust,no_go,False
practitioner,19,healthy_b2,healthy-b2-1014,1014,ips,0.6480216851544053,0.6320945569840255,0.6629214211642391,,0.592302127498907,0.922416912828306,2.970572112901962,0.0,trust,1.001321638654844,pass,1.0454009282042744,pass,-0.004079485477126973,pass,0.03599270426073957,pass,0.008081267269698938,0.00913580424713361,1.1259397632087058,False,above,trust,go,True
practitioner,19,healthy_b2,healthy-b2-1014,1014,snips,0.6471663650702135,0.6327523333443557,0.6601725727809375,,0.592302127498907,0.922416912828306,2.970572112901962,0.0,trust,1.001321638654844,pass,1.0454009282042744,pass,-0.004079485477126973,pass,0.03599270426073957,pass,0.008081267269698938,0.00913580424713361,1.1259397632087058,False,above,trust,go,True
practitioner,19,healthy_b2,healthy-b2-1014,1014,clipped_ips,0.6247284175689353,0.6100377082653762,0.638870570079117,1.3458731491030076,0.592302127498907,0.922416912828306,2.970572112901962,0.0,trust,1.001321638654844,pass,1.0454009282042744,pass,-0.004079485477126973,pass,0.03599270426073957,pass,0.008081267269698938,0.00913580424713361,1.1259397632087058,False,above,trust,go,True
practitioner,19,healthy_b2,healthy-b2-1014,1014,dm,0.6537037726474714,0.6501066125219431,0.6573456103758613,,0.592302127498907,0.922416912828306,2.970572112901962,0.0,trust,1.001321638654844,pass,1.0454009282042744,pass,-0.004079485477126973,pass,0.03599270426073957,pass,0.008081267269698938,0.00913580424713361,1.1259397632087058,False,above,trust,go,True
practitioner,19,healthy_b2,healthy-b2-1014,1014,dr,0.6456225053777724,0.6322525196692051,0.6583918154728842,,0.592302127498907,0.922416912828306,2.970572112901962,0.0,trust,1.001321638654844,pass,1.0454009282042744,pass,-0.004079485477126973,pass,0.03599270426073957,pass,0.008081267269698938,0.00913580424713361,1.1259397632087058,False,above,trust,go,True
practitioner,19,healthy_b2,healthy-b2-1014,1014,switch_dr,0.6606254436445748,0.648238806853153,0.6724730092964287,1.5124390951277158,0.592302127498907,0.922416912828306,2.970572112901962,0.0,trust,1.001321638654844,pass,1.0454009282042744,pass,-0.004079485477126973,pass,0.03599270426073957,pass,0.008081267269698938,0.00913580424713361,1.1259397632087058,False,above,trust,go,True
practitioner,19,healthy_b2,healthy-b2-1014,1014,dros,0.6527225892366141,0.6440803841130115,0.6606430003068559,1.8113745334764466,0.592302127498907,0.922416912828306,2.970572112901962,0.0,trust,1.001321638654844,pass,1.0454009282042744,pass,-0.004079485477126973,pass,0.03599270426073957,pass,0.008081267269698938,0.00913580424713361,1.1259397632087058,False,above,trust,go,True
practitioner,19,healthy_b8,healthy-b8-1014,1014,ips,0.8234500689583389,0.7881285503029027,0.8577787366487474,,0.592302127498907,0.3704005535060619,7.0234652141831635,0.0,trust,0.9966829939849657,pass,1.0454009282042744,pass,-0.004742571377765638,pass,0.14348054292353166,pass,0.010142298479543886,0.02134017133263697,1.733566748082449,False,above,trust,go,False
practitioner,19,healthy_b8,healthy-b8-1014,1014,snips,0.8261905479755383,0.8063834953936767,0.8433307937995217,,0.592302127498907,0.3704005535060619,7.0234652141831635,0.0,trust,0.9966829939849657,pass,1.0454009282042744,pass,-0.004742571377765638,pass,0.14348054292353166,pass,0.010142298479543886,0.02134017133263697,1.733566748082449,False,above,trust,go,False
practitioner,19,healthy_b8,healthy-b8-1014,1014,clipped_ips,0.7076482795937179,0.6811586275777045,0.7346697010059683,2.933089858117934,0.592302127498907,0.3704005535060619,7.0234652141831635,0.0,trust,0.9966829939849657,pass,1.0454009282042744,pass,-0.004742571377765638,pass,0.14348054292353166,pass,0.010142298479543886,0.02134017133263697,1.733566748082449,False,above,trust,go,False
practitioner,19,healthy_b8,healthy-b8-1014,1014,dm,0.8402124381968463,0.8351985770216958,0.8454610859478783,,0.592302127498907,0.3704005535060619,7.0234652141831635,0.0,trust,0.9966829939849657,pass,1.0454009282042744,pass,-0.004742571377765638,pass,0.14348054292353166,pass,0.010142298479543886,0.02134017133263697,1.733566748082449,False,above,trust,go,False
practitioner,19,healthy_b8,healthy-b8-1014,1014,dr,0.8300701397173025,0.8104581878449406,0.8482968533600794,,0.592302127498907,0.3704005535060619,7.0234652141831635,0.0,trust,0.9966829939849657,pass,1.0454009282042744,pass,-0.004742571377765638,pass,0.14348054292353166,pass,0.010142298479543886,0.02134017133263697,1.733566748082449,False,above,trust,go,False
practitioner,19,healthy_b8,healthy-b8-1014,1014,switch_dr,0.8559433562302416,0.8404506447364373,0.8689066198137373,3.9187018800539533,0.592302127498907,0.3704005535060619,7.0234652141831635,0.0,trust,0.9966829939849657,pass,1.0454009282042744,pass,-0.004742571377765638,pass,0.14348054292353166,pass,0.010142298479543886,0.02134017133263697,1.733566748082449,False,above,trust,go,False
practitioner,19,healthy_b8,healthy-b8-1014,1014,dros,0.8467060625729328,0.8358149581939427,0.8560367480062192,8.603016115794281,0.592302127498907,0.3704005535060619,7.0234652141831635,0.0,trust,0.9966829939849657,pass,1.0454009282042744,pass,-0.004742571377765638,pass,0.14348054292353166,pass,0.010142298479543886,0.02134017133263697,1.733566748082449,False,above,trust,go,False
practitioner,19,healthy_b-2,healthy-b-2-1015,1015,ips,0.388002354256255,0.3717410969751653,0.4054238004715184,,0.5903827049947573,0.5601193258834908,9.44473499196478,0.0,trust,1.0074869735516665,pass,0.9132597862782078,pass,0.008215775543834203,pass,0.016327036065966794,pass,0.007457033587316619,0.02202619085716939,1.5455292011968582,False,below,trust,no_go,False
practitioner,19,healthy_b-2,healthy-b-2-1015,1015,snips,0.3851189786488662,0.36652654933915224,0.4032536653026768,,0.5903827049947573,0.5601193258834908,9.44473499196478,0.0,trust,1.0074869735516665,pass,0.9132597862782078,pass,0.008215775543834203,pass,0.016327036065966794,pass,0.007457033587316619,0.02202619085716939,1.5455292011968582,False,below,trust,no_go,False
practitioner,19,healthy_b-2,healthy-b-2-1015,1015,clipped_ips,0.3817145028021667,0.36887200918761043,0.3956236170685716,2.0593968850326876,0.5903827049947573,0.5601193258834908,9.44473499196478,0.0,trust,1.0074869735516665,pass,0.9132597862782078,pass,0.008215775543834203,pass,0.016327036065966794,pass,0.007457033587316619,0.02202619085716939,1.5455292011968582,False,below,trust,no_go,False
practitioner,19,healthy_b-2,healthy-b-2-1015,1015,dm,0.40095218352660633,0.3976024508594934,0.4045561205430605,,0.5903827049947573,0.5601193258834908,9.44473499196478,0.0,trust,1.0074869735516665,pass,0.9132597862782078,pass,0.008215775543834203,pass,0.016327036065966794,pass,0.007457033587316619,0.02202619085716939,1.5455292011968582,False,below,trust,no_go,False
practitioner,19,healthy_b-2,healthy-b-2-1015,1015,dr,0.3934951499392897,0.37578185780159834,0.411247586383278,,0.5903827049947573,0.5601193258834908,9.44473499196478,0.0,trust,1.0074869735516665,pass,0.9132597862782078,pass,0.008215775543834203,pass,0.016327036065966794,pass,0.007457033587316619,0.02202619085716939,1.5455292011968582,False,below,trust,no_go,False
practitioner,19,healthy_b-2,healthy-b-2-1015,1015,switch_dr,0.3868048367668541,0.37443109204250674,0.3983472195994843,2.722433749828023,0.5903827049947573,0.5601193258834908,9.44473499196478,0.0,trust,1.0074869735516665,pass,0.9132597862782078,pass,0.008215775543834203,pass,0.016327036065966794,pass,0.007457033587316619,0.02202619085716939,1.5455292011968582,False,below,trust,no_go,False
practitioner,19,healthy_b-2,healthy-b-2-1015,1015,dros,0.3964614507431443,0.38741468639942767,0.4055065514647699,4.241115530082337,0.5903827049947573,0.5601193258834908,9.44473499196478,0.0,trust,1.0074869735516665,pass,0.9132597862782078,pass,0.008215775543834203,pass,0.016327036065966794,pass,0.007457033587316619,0.02202619085716939,1.5455292011968582,False,below,trust,no_go,False
practitioner,19,healthy_b2,healthy-b2-1015,1015,ips,0.640891435540573,0.6265156844352132,0.6560058998700313,,0.5903827049947573,0.9201525022160368,3.3570630544880986,0.0,trust,1.003081259694206,pass,0.9132597862782078,pass,0.001617480527335297,pass,0.03893213207598141,pass,0.006491675376291813,0.0040328261495927165,1.1104259657768798,False,above,trust,go,True
practitioner,19,healthy_b2,healthy-b2-1015,1015,snips,0.6389227486275157,0.6262414571260125,0.6521355816209844,,0.5903827049947573,0.9201525022160368,3.3570630544880986,0.0,trust,1.003081259694206,pass,0.9132597862782078,pass,0.001617480527335297,pass,0.03893213207598141,pass,0.006491675376291813,0.0040328261495927165,1.1104259657768798,False,above,trust,go,True
practitioner,19,healthy_b2,healthy-b2-1015,1015,clipped_ips,0.6160168107046575,0.602211748112177,0.6299297010200177,1.3287278282646002,0.5903827049947573,0.9201525022160368,3.3570630544880986,0.0,trust,1.003081259694206,pass,0.9132597862782078,pass,0.001617480527335297,pass,0.03893213207598141,pass,0.006491675376291813,0.0040328261495927165,1.1104259657768798,False,above,trust,go,True
practitioner,19,healthy_b2,healthy-b2-1015,1015,dm,0.6453691620326583,0.6419694084525536,0.6488150551734533,,0.5903827049947573,0.9201525022160368,3.3570630544880986,0.0,trust,1.003081259694206,pass,0.9132597862782078,pass,0.001617480527335297,pass,0.03893213207598141,pass,0.006491675376291813,0.0040328261495927165,1.1104259657768798,False,above,trust,go,True
practitioner,19,healthy_b2,healthy-b2-1015,1015,dr,0.6388774866563665,0.6262218146709311,0.6513327197740234,,0.5903827049947573,0.9201525022160368,3.3570630544880986,0.0,trust,1.003081259694206,pass,0.9132597862782078,pass,0.001617480527335297,pass,0.03893213207598141,pass,0.006491675376291813,0.0040328261495927165,1.1104259657768798,False,above,trust,go,True
practitioner,19,healthy_b2,healthy-b2-1015,1015,switch_dr,0.6515198441381017,0.6401732013541005,0.6630733896723386,1.4836909808488168,0.5903827049947573,0.9201525022160368,3.3570630544880986,0.0,trust,1.003081259694206,pass,0.9132597862782078,pass,0.001617480527335297,pass,0.03893213207598141,pass,0.006491675376291813,0.0040328261495927165,1.1104259657768798,False,above,trust,go,True
practitioner,19,healthy_b2,healthy-b2-1015,1015,dros,0.6455162744113881,0.6378578894839725,0.653462277933416,1.7655176416047609,0.5903827049947573,0.9201525022160368,3.3570630544880986,0.0,trust,1.003081259694206,pass,0.9132597862782078,pass,0.001617480527335297,pass,0.03893213207598141,pass,0.006491675376291813,0.0040328261495927165,1.1104259657768798,False,above,trust,go,True
practitioner,19,healthy_b8,healthy-b8-1015,1015,ips,0.8239067890791855,0.7919650805315758,0.859468770655069,,0.5903827049947573,0.3681607508231069,8.0908473300036,0.0,trust,1.0105229741035444,pass,0.9132597862782078,pass,-0.007773688405052488,pass,0.15779673524436508,pass,0.00985281749700804,0.027795793673576364,1.6919505394824563,False,above,trust,go,False
practitioner,19,healthy_b8,healthy-b8-1015,1015,snips,0.8153271228792102,0.7959900442778505,0.836229648152814,,0.5903827049947573,0.3681607508231069,8.0908473300036,0.0,trust,1.0105229741035444,pass,0.9132597862782078,pass,-0.007773688405052488,pass,0.15779673524436508,pass,0.00985281749700804,0.027795793673576364,1.6919505394824563,False,above,trust,go,False
practitioner,19,healthy_b8,healthy-b8-1015,1015,clipped_ips,0.6952508309326648,0.6716326981465702,0.7225816270277851,2.8949401847893075,0.5903827049947573,0.3681607508231069,8.0908473300036,0.0,trust,1.0105229741035444,pass,0.9132597862782078,pass,-0.007773688405052488,pass,0.15779673524436508,pass,0.00985281749700804,0.027795793673576364,1.6919505394824563,False,above,trust,go,False
practitioner,19,healthy_b8,healthy-b8-1015,1015,dm,0.82458567635804,0.8200577215939371,0.8295016091195673,,0.5903827049947573,0.3681607508231069,8.0908473300036,0.0,trust,1.0105229741035444,pass,0.9132597862782078,pass,-0.007773688405052488,pass,0.15779673524436508,pass,0.00985281749700804,0.027795793673576364,1.6919505394824563,False,above,trust,go,False
practitioner,19,healthy_b8,healthy-b8-1015,1015,dr,0.814732858861032,0.7946761844873219,0.8364090742658928,,0.5903827049947573,0.3681607508231069,8.0908473300036,0.0,trust,1.0105229741035444,pass,0.9132597862782078,pass,-0.007773688405052488,pass,0.15779673524436508,pass,0.00985281749700804,0.027795793673576364,1.6919505394824563,False,above,trust,go,False
practitioner,19,healthy_b8,healthy-b8-1015,1015,switch_dr,0.836333063608933,0.8225833950861885,0.8507573860818928,4.041649935199028,0.5903827049947573,0.3681607508231069,8.0908473300036,0.0,trust,1.0105229741035444,pass,0.9132597862782078,pass,-0.007773688405052488,pass,0.15779673524436508,pass,0.00985281749700804,0.027795793673576364,1.6919505394824563,False,above,trust,go,False
practitioner,19,healthy_b8,healthy-b8-1015,1015,dros,0.8309500646182668,0.8220591650890826,0.8412236057816673,8.38067867350795,0.5903827049947573,0.3681607508231069,8.0908473300036,0.0,trust,1.0105229741035444,pass,0.9132597862782078,pass,-0.007773688405052488,pass,0.15779673524436508,pass,0.00985281749700804,0.027795793673576364,1.6919505394824563,False,above,trust,go,False
practitioner,19,healthy_b-2,healthy-b-2-1016,1016,ips,0.39722476434452886,0.38035497644251437,0.41229372663861563,,0.6038085844354685,0.5848163650159126,7.813589259745944,0.0,trust,0.994212151084299,pass,1.0473218618516014,pass,-0.0179986227069263,pass,0.01665474252791404,pass,0.011038900045502663,0.014698738063558368,1.5514012543085234,False,below,trust,no_go,False
practitioner,19,healthy_b-2,healthy-b-2-1016,1016,snips,0.3995372254415831,0.3814171631206521,0.41690485541330485,,0.6038085844354685,0.5848163650159126,7.813589259745944,0.0,trust,0.994212151084299,pass,1.0473218618516014,pass,-0.0179986227069263,pass,0.01665474252791404,pass,0.011038900045502663,0.014698738063558368,1.5514012543085234,False,below,trust,no_go,False
practitioner,19,healthy_b-2,healthy-b-2-1016,1016,clipped_ips,0.3928830358215364,0.379080234504927,0.4061907845829145,2.0730748171460562,0.6038085844354685,0.5848163650159126,7.813589259745944,0.0,trust,0.994212151084299,pass,1.0473218618516014,pass,-0.0179986227069263,pass,0.01665474252791404,pass,0.011038900045502663,0.014698738063558368,1.5514012543085234,False,below,trust,no_go,False
practitioner,19,healthy_b-2,healthy-b-2-1016,1016,dm,0.4072889399334792,0.40351121126384193,0.4108295273066324,,0.6038085844354685,0.5848163650159126,7.813589259745944,0.0,trust,0.994212151084299,pass,1.0473218618516014,pass,-0.0179986227069263,pass,0.01665474252791404,pass,0.011038900045502663,0.014698738063558368,1.5514012543085234,False,below,trust,no_go,False
practitioner,19,healthy_b-2,healthy-b-2-1016,1016,dr,0.3962500398879765,0.38092600399009635,0.410958844158527,,0.6038085844354685,0.5848163650159126,7.813589259745944,0.0,trust,0.994212151084299,pass,1.0473218618516014,pass,-0.0179986227069263,pass,0.01665474252791404,pass,0.011038900045502663,0.014698738063558368,1.5514012543085234,False,below,trust,no_go,False
practitioner,19,healthy_b-2,healthy-b-2-1016,1016,switch_dr,0.3965068128065119,0.3835734522147947,0.4102238975129434,2.6758270758281553,0.6038085844354685,0.5848163650159126,7.813589259745944,0.0,trust,0.994212151084299,pass,1.0473218618516014,pass,-0.0179986227069263,pass,0.01665474252791404,pass,0.011038900045502663,0.014698738063558368,1.5514012543085234,False,below,trust,no_go,False
practitioner,19,healthy_b-2,healthy-b-2-1016,1016,dros,0.40376860438619877,0.3940403630284221,0.41262687424214023,4.297639197485155,0.6038085844354685,0.5848163650159126,7.813589259745944,0.0,trust,0.994212151084299,pass,1.0473218618516014,pass,-0.0179986227069263,pass,0.01665474252791404,pass,0.011038900045502663,0.014698738063558368,1.5514012543085234,False,below,trust,no_go,False
practitioner,19,healthy_b2,healthy-b2-1016,1016,ips,0.6493845528185839,0.6348496072496385,0.6660958842986937,,0.6038085844354685,0.9294597381325991,2.921712484229827,0.0,trust,0.996643986470013,pass,1.0473218618516014,pass,-0.010334835326414443,pass,0.03854118263980343,pass,0.006757262032603587,0.003411354003426745,1.1092856510602582,False,above,trust,go,True
practitioner,19,healthy_b2,healthy-b2-1016,1016,snips,0.6515712346979806,0.6380552782895124,0.6660569724643274,,0.6038085844354685,0.9294597381325991,2.921712484229827,0.0,trust,0.996643986470013,pass,1.0473218618516014,pass,-0.010334835326414443,pass,0.03854118263980343,pass,0.006757262032603587,0.003411354003426745,1.1092856510602582,False,above,trust,go,True
practitioner,19,healthy_b2,healthy-b2-1016,1016,clipped_ips,0.6264589087386435,0.6124779297789257,0.6425474006901862,1.3054284464000427,0.6038085844354685,0.9294597381325991,2.921712484229827,0.0,trust,0.996643986470013,pass,1.0473218618516014,pass,-0.010334835326414443,pass,0.03854118263980343,pass,0.006757262032603587,0.003411354003426745,1.1092856510602582,False,above,trust,go,True
practitioner,19,healthy_b2,healthy-b2-1016,1016,dm,0.6594467010534819,0.6558633682781936,0.663035889643674,,0.6038085844354685,0.9294597381325991,2.921712484229827,0.0,trust,0.996643986470013,pass,1.0473218618516014,pass,-0.010334835326414443,pass,0.03854118263980343,pass,0.006757262032603587,0.003411354003426745,1.1092856510602582,False,above,trust,go,True
practitioner,19,healthy_b2,healthy-b2-1016,1016,dr,0.6526894390208783,0.6407281704194043,0.6658424134381854,,0.6038085844354685,0.9294597381325991,2.921712484229827,0.0,trust,0.996643986470013,pass,1.0473218618516014,pass,-0.010334835326414443,pass,0.03854118263980343,pass,0.006757262032603587,0.003411354003426745,1.1092856510602582,False,above,trust,go,True
practitioner,19,healthy_b2,healthy-b2-1016,1016,switch_dr,0.6665826367932866,0.6555565800786707,0.6791967888539914,1.456584559005339,0.6038085844354685,0.9294597381325991,2.921712484229827,0.0,trust,0.996643986470013,pass,1.0473218618516014,pass,-0.010334835326414443,pass,0.03854118263980343,pass,0.006757262032603587,0.003411354003426745,1.1092856510602582,False,above,trust,go,True
practitioner,19,healthy_b2,healthy-b2-1016,1016,dros,0.659220116862727,0.6518159781152117,0.6673977120316775,1.7041434286704293,0.6038085844354685,0.9294597381325991,2.921712484229827,0.0,trust,0.996643986470013,pass,1.0473218618516014,pass,-0.010334835326414443,pass,0.03854118263980343,pass,0.006757262032603587,0.003411354003426745,1.1092856510602582,False,above,trust,go,True
practitioner,19,healthy_b8,healthy-b8-1016,1016,ips,0.8175986977295576,0.7857264991655151,0.8491798573614777,,0.6038085844354685,0.38133522920805374,8.57935379842083,0.0,trust,0.9872744024204311,pass,1.0473218618516014,pass,-0.01450323270668648,pass,0.1564417010037543,pass,0.015717293455104815,0.01763998828302282,1.690114549622339,False,above,trust,go,False
practitioner,19,healthy_b8,healthy-b8-1016,1016,snips,0.8281372389733883,0.8090459972987318,0.8479049172362259,,0.6038085844354685,0.38133522920805374,8.57935379842083,0.0,trust,0.9872744024204311,pass,1.0473218618516014,pass,-0.01450323270668648,pass,0.1564417010037543,pass,0.015717293455104815,0.01763998828302282,1.690114549622339,False,above,trust,go,False
practitioner,19,healthy_b8,healthy-b8-1016,1016,clipped_ips,0.6985820406438389,0.6758042411130571,0.7225417676792177,2.7972954301280377,0.6038085844354685,0.38133522920805374,8.57935379842083,0.0,trust,0.9872744024204311,pass,1.0473218618516014,pass,-0.01450323270668648,pass,0.1564417010037543,pass,0.015717293455104815,0.01763998828302282,1.690114549622339,False,above,trust,go,False
practitioner,19,healthy_b8,healthy-b8-1016,1016,dm,0.8473322151406116,0.8422912579184414,0.8525601380553555,,0.6038085844354685,0.38133522920805374,8.57935379842083,0.0,trust,0.9872744024204311,pass,1.0473218618516014,pass,-0.01450323270668648,pass,0.1564417010037543,pass,0.015717293455104815,0.01763998828302282,1.690114549622339,False,above,trust,go,False
practitioner,19,healthy_b8,healthy-b8-1016,1016,dr,0.8316149216855068,0.8123697371187795,0.8520651130191962,,0.6038085844354685,0.38133522920805374,8.57935379842083,0.0,trust,0.9872744024204311,pass,1.0473218618516014,pass,-0.01450323270668648,pass,0.1564417010037543,pass,0.015717293455104815,0.01763998828302282,1.690114549622339,False,above,trust,go,False
practitioner,19,healthy_b8,healthy-b8-1016,1016,switch_dr,0.8581464164886047,0.8436796798375485,0.8728099476301242,3.794033482035326,0.6038085844354685,0.38133522920805374,8.57935379842083,0.0,trust,0.9872744024204311,pass,1.0473218618516014,pass,-0.01450323270668648,pass,0.1564417010037543,pass,0.015717293455104815,0.01763998828302282,1.690114549622339,False,above,trust,go,False
practitioner,19,healthy_b8,healthy-b8-1016,1016,dros,0.8517429730202125,0.8420032232841332,0.8626061237083616,7.824861723415204,0.6038085844354685,0.38133522920805374,8.57935379842083,0.0,trust,0.9872744024204311,pass,1.0473218618516014,pass,-0.01450323270668648,pass,0.1564417010037543,pass,0.015717293455104815,0.01763998828302282,1.690114549622339,False,above,trust,go,False
practitioner,19,healthy_b-2,healthy-b-2-1017,1017,ips,0.39061061173241707,0.37283171564764916,0.4067018513366722,,0.5925486615841746,0.5572606096585094,10.059538763157432,0.0,trust,0.9980625215593102,pass,1.0607141357111458,pass,0.0013826153713720666,pass,0.021548668996236812,pass,0.009135383283774744,0.015480435226296097,1.5363869846277791,False,below,trust,no_go,False
practitioner,19,healthy_b-2,healthy-b-2-1017,1017,snips,0.39136888050074414,0.3729785124955697,0.4090518170318091,,0.5925486615841746,0.5572606096585094,10.059538763157432,0.0,trust,0.9980625215593102,pass,1.0607141357111458,pass,0.0013826153713720666,pass,0.021548668996236812,pass,0.009135383283774744,0.015480435226296097,1.5363869846277791,False,below,trust,no_go,False
practitioner,19,healthy_b-2,healthy-b-2-1017,1017,clipped_ips,0.38293540203940585,0.36839417395310325,0.3962353624912828,2.1151535984297425,0.5925486615841746,0.5572606096585094,10.059538763157432,0.0,trust,0.9980625215593102,pass,1.0607141357111458,pass,0.0013826153713720666,pass,0.021548668996236812,pass,0.009135383283774744,0.015480435226296097,1.5363869846277791,False,below,trust,no_go,False
practitioner,19,healthy_b-2,healthy-b-2-1017,1017,dm,0.39961999466412657,0.3961780033874661,0.4031291049539173,,0.5925486615841746,0.5572606096585094,10.059538763157432,0.0,trust,0.9980625215593102,pass,1.0607141357111458,pass,0.0013826153713720666,pass,0.021548668996236812,pass,0.009135383283774744,0.015480435226296097,1.5363869846277791,False,below,trust,no_go,False
practitioner,19,healthy_b-2,healthy-b-2-1017,1017,dr,0.39048461138035184,0.37296488688555435,0.40678028121766197,,0.5925486615841746,0.5572606096585094,10.059538763157432,0.0,trust,0.9980625215593102,pass,1.0607141357111458,pass,0.0013826153713720666,pass,0.021548668996236812,pass,0.009135383283774744,0.015480435226296097,1.5363869846277791,False,below,trust,no_go,False
practitioner,19,healthy_b-2,healthy-b-2-1017,1017,switch_dr,0.3912431529155573,0.37736464319234286,0.40320955858088975,2.758150989774632,0.5925486615841746,0.5572606096585094,10.059538763157432,0.0,trust,0.9980625215593102,pass,1.0607141357111458,pass,0.0013826153713720666,pass,0.021548668996236812,pass,0.009135383283774744,0.015480435226296097,1.5363869846277791,False,below,trust,no_go,False
practitioner,19,healthy_b-2,healthy-b-2-1017,1017,dros,0.39648232772103276,0.38642642318079246,0.40495204789432626,4.4738747449502885,0.5925486615841746,0.5572606096585094,10.059538763157432,0.0,trust,0.9980625215593102,pass,1.0607141357111458,pass,0.0013826153713720666,pass,0.021548668996236812,pass,0.009135383283774744,0.015480435226296097,1.5363869846277791,False,below,trust,no_go,False
practitioner,19,healthy_b2,healthy-b2-1017,1017,ips,0.6372082612007216,0.6218997702725233,0.6527314479461319,,0.5925486615841746,0.9153196961702514,2.9886266535360635,0.0,trust,0.9942654257234375,pass,1.0607141357111458,pass,0.006405951721793305,pass,0.03855898759913265,pass,0.004752867853286404,0.0033899043217525786,1.1102494099060694,False,above,trust,go,True
practitioner,19,healthy_b2,healthy-b2-1017,1017,snips,0.6408834549759009,0.626771788399745,0.6547138666330635,,0.5925486615841746,0.9153196961702514,2.9886266535360635,0.0,trust,0.9942654257234375,pass,1.0607141357111458,pass,0.006405951721793305,pass,0.03855898759913265,pass,0.004752867853286404,0.0033899043217525786,1.1102494099060694,False,above,trust,go,True
practitioner,19,healthy_b2,healthy-b2-1017,1017,clipped_ips,0.6161716377829959,0.601119495341609,0.6314630530070061,1.367287661759959,0.5925486615841746,0.9153196961702514,2.9886266535360635,0.0,trust,0.9942654257234375,pass,1.0607141357111458,pass,0.006405951721793305,pass,0.03855898759913265,pass,0.004752867853286404,0.0033899043217525786,1.1102494099060694,False,above,trust,go,True
practitioner,19,healthy_b2,healthy-b2-1017,1017,dm,0.6486929081666645,0.6450000932061711,0.6521212721404367,,0.5925486615841746,0.9153196961702514,2.9886266535360635,0.0,trust,0.9942654257234375,pass,1.0607141357111458,pass,0.006405951721793305,pass,0.03855898759913265,pass,0.004752867853286404,0.0033899043217525786,1.1102494099060694,False,above,trust,go,True
practitioner,19,healthy_b2,healthy-b2-1017,1017,dr,0.643940040313378,0.6309802635737777,0.6571573070304481,,0.5925486615841746,0.9153196961702514,2.9886266535360635,0.0,trust,0.9942654257234375,pass,1.0607141357111458,pass,0.006405951721793305,pass,0.03855898759913265,pass,0.004752867853286404,0.0033899043217525786,1.1102494099060694,False,above,trust,go,True
practitioner,19,healthy_b2,healthy-b2-1017,1017,switch_dr,0.6581440453558237,0.6468394969900774,0.6692548155048195,1.540509449898472,0.5925486615841746,0.9153196961702514,2.9886266535360635,0.0,trust,0.9942654257234375,pass,1.0607141357111458,pass,0.006405951721793305,pass,0.03855898759913265,pass,0.004752867853286404,0.0033899043217525786,1.1102494099060694,False,above,trust,go,True
practitioner,19,healthy_b2,healthy-b2-1017,1017,dros,0.6495237643747799,0.6420957387959028,0.6574920529055696,1.869475550001016,0.5925486615841746,0.9153196961702514,2.9886266535360635,0.0,trust,0.9942654257234375,pass,1.0607141357111458,pass,0.006405951721793305,pass,0.03855898759913265,pass,0.004752867853286404,0.0033899043217525786,1.1102494099060694,False,above,trust,go,True
practitioner,19,healthy_b8,healthy-b8-1017,1017,ips,0.789714012440021,0.7512246545800404,0.822892210076384,,0.5925486615841746,0.3648571832999759,8.15443672547325,0.0,trust,0.9780855840917044,pass,1.0607141357111458,pass,0.01564758479850044,pass,0.16252380373656924,pass,0.009241165393500483,0.014177765012425545,1.642890262294505,False,above,trust,go,False
practitioner,19,healthy_b8,healthy-b8-1017,1017,snips,0.8074078846314722,0.7861448442552821,0.8261181152397161,,0.5925486615841746,0.3648571832999759,8.15443672547325,0.0,trust,0.9780855840917044,pass,1.0607141357111458,pass,0.01564758479850044,pass,0.16252380373656924,pass,0.009241165393500483,0.014177765012425545,1.642890262294505,False,above,trust,go,False
practitioner,19,healthy_b8,healthy-b8-1017,1017,clipped_ips,0.6761848840542682,0.6507884650193559,0.7028664370175729,2.915927789767872,0.5925486615841746,0.3648571832999759,8.15443672547325,0.0,trust,0.9780855840917044,pass,1.0607141357111458,pass,0.01564758479850044,pass,0.16252380373656924,pass,0.009241165393500483,0.014177765012425545,1.642890262294505,False,above,trust,go,False
practitioner,19,healthy_b8,healthy-b8-1017,1017,dm,0.8205931479425812,0.8157714709693117,0.8253485467295202,,0.5925486615841746,0.3648571832999759,8.15443672547325,0.0,trust,0.9780855840917044,pass,1.0607141357111458,pass,0.01564758479850044,pass,0.16252380373656924,pass,0.009241165393500483,0.014177765012425545,1.642890262294505,False,above,trust,go,False
practitioner,19,healthy_b8,healthy-b8-1017,1017,dr,0.8113519825490807,0.7930225325152666,0.8304810397111886,,0.5925486615841746,0.3648571832999759,8.15443672547325,0.0,trust,0.9780855840917044,pass,1.0607141357111458,pass,0.01564758479850044,pass,0.16252380373656924,pass,0.009241165393500483,0.014177765012425545,1.642890262294505,False,above,trust,go,False
practitioner,19,healthy_b8,healthy-b8-1017,1017,switch_dr,0.8367414896774659,0.8229626844248519,0.8499420464898894,4.012804837058764,0.5925486615841746,0.3648571832999759,8.15443672547325,0.0,trust,0.9780855840917044,pass,1.0607141357111458,pass,0.01564758479850044,pass,0.16252380373656924,pass,0.009241165393500483,0.014177765012425545,1.642890262294505,False,above,trust,go,False
practitioner,19,healthy_b8,healthy-b8-1017,1017,dros,0.8258619235576068,0.8159626913313699,0.8360249648022802,8.502634875140547,0.5925486615841746,0.3648571832999759,8.15443672547325,0.0,trust,0.9780855840917044,pass,1.0607141357111458,pass,0.01564758479850044,pass,0.16252380373656924,pass,0.009241165393500483,0.014177765012425545,1.642890262294505,False,above,trust,go,False
practitioner,19,healthy_b-2,healthy-b-2-1018,1018,ips,0.3721089873536682,0.3548519082656135,0.3883946851213662,,0.5882396692916544,0.5697443154768236,7.7926228293181135,0.0,trust,1.0038164629228337,pass,0.9341680925156792,pass,-0.0157096343971889,pass,0.012593677807578063,pass,0.012598541416200097,0.030212195122458235,1.581892754947194,False,below,trust,no_go,False
practitioner,19,healthy_b-2,healthy-b-2-1018,1018,snips,0.37069424650616967,0.35268484635064973,0.38864547656856796,,0.5882396692916544,0.5697443154768236,7.7926228293181135,0.0,trust,1.0038164629228337,pass,0.9341680925156792,pass,-0.0157096343971889,pass,0.012593677807578063,pass,0.012598541416200097,0.030212195122458235,1.581892754947194,False,below,trust,no_go,False
practitioner,19,healthy_b-2,healthy-b-2-1018,1018,clipped_ips,0.3674405834480466,0.3535102551958597,0.38057730708005555,2.1263175011325592,0.5882396692916544,0.5697443154768236,7.7926228293181135,0.0,trust,1.0038164629228337,pass,0.9341680925156792,pass,-0.0157096343971889,pass,0.012593677807578063,pass,0.012598541416200097,0.030212195122458235,1.581892754947194,False,below,trust,no_go,False
practitioner,19,healthy_b-2,healthy-b-2-1018,1018,dm,0.38596078633599845,0.3822648364927278,0.3897944788034329,,0.5882396692916544,0.5697443154768236,7.7926228293181135,0.0,trust,1.0038164629228337,pass,0.9341680925156792,pass,-0.0157096343971889,pass,0.012593677807578063,pass,0.012598541416200097,0.030212195122458235,1.581892754947194,False,below,trust,no_go,False
practitioner,19,healthy_b-2,healthy-b-2-1018,1018,dr,0.37336224491979836,0.3562995092540587,0.3891409909526435,,0.5882396692916544,0.5697443154768236,7.7926228293181135,0.0,trust,1.0038164629228337,pass,0.9341680925156792,pass,-0.0157096343971889,pass,0.012593677807578063,pass,0.012598541416200097,0.030212195122458235,1.581892754947194,False,below,trust,no_go,False
practitioner,19,healthy_b-2,healthy-b-2-1018,1018,switch_dr,0.3666392115194708,0.35423383355996113,0.37830676448903205,2.7992375875725646,0.5882396692916544,0.5697443154768236,7.7926228293181135,0.0,trust,1.0038164629228337,pass,0.9341680925156792,pass,-0.0157096343971889,pass,0.012593677807578063,pass,0.012598541416200097,0.030212195122458235,1.581892754947194,False,below,trust,no_go,False
practitioner,19,healthy_b-2,healthy-b-2-1018,1018,dros,0.37919879319355526,0.3695224723068517,0.38801310730421507,4.5212261156226115,0.5882396692916544,0.5697443154768236,7.7926228293181135,0.0,trust,1.0038164629228337,pass,0.9341680925156792,pass,-0.0157096343971889,pass,0.012593677807578063,pass,0.012598541416200097,0.030212195122458235,1.581892754947194,False,below,trust,no_go,False
practitioner,19,healthy_b2,healthy-b2-1018,1018,ips,0.644307103011946,0.6294613388648742,0.6598552026531859,,0.5882396692916544,0.9216455224022594,3.731971812151468,0.0,trust,1.0002082694684884,pass,0.9341680925156792,pass,-0.008450075799299541,pass,0.03509124532328264,pass,0.0077877968719276165,0.00844136507764533,1.1270875915337135,False,above,trust,go,True
practitioner,19,healthy_b2,healthy-b2-1018,1018,snips,0.6441729414558145,0.630530340573422,0.6583095067422747,,0.5882396692916544,0.9216455224022594,3.731971812151468,0.0,trust,1.0002082694684884,pass,0.9341680925156792,pass,-0.008450075799299541,pass,0.03509124532328264,pass,0.0077877968719276165,0.00844136507764533,1.1270875915337135,False,above,trust,go,True
practitioner,19,healthy_b2,healthy-b2-1018,1018,clipped_ips,0.6217022722926995,0.6076329179488865,0.6363467373689113,1.3452779870047396,0.5882396692916544,0.9216455224022594,3.731971812151468,0.0,trust,1.0002082694684884,pass,0.9341680925156792,pass,-0.008450075799299541,pass,0.03509124532328264,pass,0.0077877968719276165,0.00844136507764533,1.1270875915337135,False,above,trust,go,True
practitioner,19,healthy_b2,healthy-b2-1018,1018,dm,0.6516910680766708,0.6479981254219719,0.6554275624325732,,0.5882396692916544,0.9216455224022594,3.731971812151468,0.0,trust,1.0002082694684884,pass,0.9341680925156792,pass,-0.008450075799299541,pass,0.03509124532328264,pass,0.0077877968719276165,0.00844136507764533,1.1270875915337135,False,above,trust,go,True
practitioner,19,healthy_b2,healthy-b2-1018,1018,dr,0.6439032712047431,0.6302466463906224,0.657636653236139,,0.5882396692916544,0.9216455224022594,3.731971812151468,0.0,trust,1.0002082694684884,pass,0.9341680925156792,pass,-0.008450075799299541,pass,0.03509124532328264,pass,0.0077877968719276165,0.00844136507764533,1.1270875915337135,False,above,trust,go,True
practitioner,19,healthy_b2,healthy-b2-1018,1018,switch_dr,0.658067314436824,0.6454737776614649,0.6702001548869382,1.504141001268348,0.5882396692916544,0.9216455224022594,3.731971812151468,0.0,trust,1.0002082694684884,pass,0.9341680925156792,pass,-0.008450075799299541,pass,0.03509124532328264,pass,0.0077877968719276165,0.00844136507764533,1.1270875915337135,False,above,trust,go,True
practitioner,19,healthy_b2,healthy-b2-1018,1018,dros,0.6507908050642778,0.6426138629117064,0.659355818669026,1.8097728623195242,0.5882396692916544,0.9216455224022594,3.731971812151468,0.0,trust,1.0002082694684884,pass,0.9341680925156792,pass,-0.008450075799299541,pass,0.03509124532328264,pass,0.0077877968719276165,0.00844136507764533,1.1270875915337135,False,above,trust,go,True
practitioner,19,healthy_b8,healthy-b8-1018,1018,ips,0.8226104717128598,0.7909172245708886,0.8551793924325611,,0.5882396692916544,0.3739828027851048,7.44986823540486,0.0,trust,0.9990986753941926,pass,0.9341680925156792,pass,0.00035821278983748134,pass,0.13625447909776833,pass,0.010413626019888643,0.022366968633346144,1.7428272764587849,False,above,trust,go,False
practitioner,19,healthy_b8,healthy-b8-1018,1018,snips,0.8233525796521554,0.8032426144625571,0.8423527888384288,,0.5882396692916544,0.3739828027851048,7.44986823540486,0.0,trust,0.9990986753941926,pass,0.9341680925156792,pass,0.00035821278983748134,pass,0.13625447909776833,pass,0.010413626019888643,0.022366968633346144,1.7428272764587849,False,above,trust,go,False
practitioner,19,healthy_b8,healthy-b8-1018,1018,clipped_ips,0.7111671027978471,0.6867163075919368,0.7368314522424573,2.9191099046181086,0.5882396692916544,0.3739828027851048,7.44986823540486,0.0,trust,0.9990986753941926,pass,0.9341680925156792,pass,0.00035821278983748134,pass,0.13625447909776833,pass,0.010413626019888643,0.022366968633346144,1.7428272764587849,False,above,trust,go,False
practitioner,19,healthy_b8,healthy-b8-1018,1018,dm,0.8337936666940291,0.8285957612635136,0.8385651720793024,,0.5882396692916544,0.3739828027851048,7.44986823540486,0.0,trust,0.9990986753941926,pass,0.9341680925156792,pass,0.00035821278983748134,pass,0.13625447909776833,pass,0.010413626019888643,0.022366968633346144,1.7428272764587849,False,above,trust,go,False
practitioner,19,healthy_b8,healthy-b8-1018,1018,dr,0.8233800406741405,0.8031093364629563,0.8433860358710912,,0.5882396692916544,0.3739828027851048,7.44986823540486,0.0,trust,0.9990986753941926,pass,0.9341680925156792,pass,0.00035821278983748134,pass,0.13625447909776833,pass,0.010413626019888643,0.022366968633346144,1.7428272764587849,False,above,trust,go,False
practitioner,19,healthy_b8,healthy-b8-1018,1018,switch_dr,0.8618458961919349,0.8455754522481629,0.8774333738551795,3.954662154883865,0.5882396692916544,0.3739828027851048,7.44986823540486,0.0,trust,0.9990986753941926,pass,0.9341680925156792,pass,0.00035821278983748134,pass,0.13625447909776833,pass,0.010413626019888643,0.022366968633346144,1.7428272764587849,False,above,trust,go,False
practitioner,19,healthy_b8,healthy-b8-1018,1018,dros,0.8424536741073184,0.8306588910596924,0.852590208808532,8.521202635239543,0.5882396692916544,0.3739828027851048,7.44986823540486,0.0,trust,0.9990986753941926,pass,0.9341680925156792,pass,0.00035821278983748134,pass,0.13625447909776833,pass,0.010413626019888643,0.022366968633346144,1.7428272764587849,False,above,trust,go,False
practitioner,19,healthy_b-2,healthy-b-2-1019,1019,ips,0.3896724164799703,0.37292886421024113,0.40529026162245185,,0.599934704564563,0.5656692738365153,9.22600615814412,0.0,trust,1.0118161825447898,pass,1.0799066380578433,pass,0.006765645570226657,pass,0.011816182544789921,pass,0.008432403594753463,0.015216010179647436,1.57209602134891,False,below,trust,no_go,False
practitioner,19,healthy_b-2,healthy-b-2-1019,1019,snips,0.38512174760826257,0.36800236144090337,0.40389757704916956,,0.599934704564563,0.5656692738365153,9.22600615814412,0.0,trust,1.0118161825447898,pass,1.0799066380578433,pass,0.006765645570226657,pass,0.011816182544789921,pass,0.008432403594753463,0.015216010179647436,1.57209602134891,False,below,trust,no_go,False
practitioner,19,healthy_b-2,healthy-b-2-1019,1019,clipped_ips,0.3859540086123811,0.3713262854942273,0.39867647117735383,2.1114404916332834,0.599934704564563,0.5656692738365153,9.22600615814412,0.0,trust,1.0118161825447898,pass,1.0799066380578433,pass,0.006765645570226657,pass,0.011816182544789921,pass,0.008432403594753463,0.015216010179647436,1.57209602134891,False,below,trust,no_go,False
practitioner,19,healthy_b-2,healthy-b-2-1019,1019,dm,0.40166927395471963,0.3980664877495327,0.4058156271398394,,0.599934704564563,0.5656692738365153,9.22600615814412,0.0,trust,1.0118161825447898,pass,1.0799066380578433,pass,0.006765645570226657,pass,0.011816182544789921,pass,0.008432403594753463,0.015216010179647436,1.57209602134891,False,below,trust,no_go,False
practitioner,19,healthy_b-2,healthy-b-2-1019,1019,dr,0.3932368703599662,0.3770886339909334,0.40939881410113005,,0.599934704564563,0.5656692738365153,9.22600615814412,0.0,trust,1.0118161825447898,pass,1.0799066380578433,pass,0.006765645570226657,pass,0.011816182544789921,pass,0.008432403594753463,0.015216010179647436,1.57209602134891,False,below,trust,no_go,False
practitioner,19,healthy_b-2,healthy-b-2-1019,1019,switch_dr,0.3849315145440256,0.37238720906260037,0.3965046464265278,2.79829964731821,0.599934704564563,0.5656692738365153,9.22600615814412,0.0,trust,1.0118161825447898,pass,1.0799066380578433,pass,0.006765645570226657,pass,0.011816182544789921,pass,0.008432403594753463,0.015216010179647436,1.57209602134891,False,below,trust,no_go,False
practitioner,19,healthy_b-2,healthy-b-2-1019,1019,dros,0.39653876849285813,0.3874483910700632,0.40523350113684276,4.458180949708601,0.599934704564563,0.5656692738365153,9.22600615814412,0.0,trust,1.0118161825447898,pass,1.0799066380578433,pass,0.006765645570226657,pass,0.011816182544789921,pass,0.008432403594753463,0.015216010179647436,1.57209602134891,False,below,trust,no_go,False
practitioner,19,healthy_b2,healthy-b2-1019,1019,ips,0.6499109974340075,0.6337763967190877,0.6649410971600893,,0.599934704564563,0.9327950901750282,3.0522093643038573,0.0,trust,1.000795067413806,pass,1.0799066380578433,pass,0.012837316043725074,pass,0.03543645677516834,pass,0.006019237917204722,0.0032696829174393136,1.1128196738239324,False,above,trust,go,True
practitioner,19,healthy_b2,healthy-b2-1019,1019,snips,0.6493946848813594,0.6342573327404603,0.6626305628188752,,0.599934704564563,0.9327950901750282,3.0522093643038573,0.0,trust,1.000795067413806,pass,1.0799066380578433,pass,0.012837316043725074,pass,0.03543645677516834,pass,0.006019237917204722,0.0032696829174393136,1.1128196738239324,False,above,trust,go,True
practitioner,19,healthy_b2,healthy-b2-1019,1019,clipped_ips,0.6268987507531851,0.6118802213406159,0.6403350833938456,1.3004866470094918,0.599934704564563,0.9327950901750282,3.0522093643038573,0.0,trust,1.000795067413806,pass,1.0799066380578433,pass,0.012837316043725074,pass,0.03543645677516834,pass,0.006019237917204722,0.0032696829174393136,1.1128196738239324,False,above,trust,go,True
practitioner,19,healthy_b2,healthy-b2-1019,1019,dm,0.6558950661669829,0.6521969807688951,0.6595687835988358,,0.599934704564563,0.9327950901750282,3.0522093643038573,0.0,trust,1.000795067413806,pass,1.0799066380578433,pass,0.012837316043725074,pass,0.03543645677516834,pass,0.006019237917204722,0.0032696829174393136,1.1128196738239324,False,above,trust,go,True
practitioner,19,healthy_b2,healthy-b2-1019,1019,dr,0.6498758282497782,0.6362344227814541,0.6623580418045355,,0.599934704564563,0.9327950901750282,3.0522093643038573,0.0,trust,1.000795067413806,pass,1.0799066380578433,pass,0.012837316043725074,pass,0.03543645677516834,pass,0.006019237917204722,0.0032696829174393136,1.1128196738239324,False,above,trust,go,True
practitioner,19,healthy_b2,healthy-b2-1019,1019,switch_dr,0.6615505425926603,0.6485646359923348,0.6722388057064652,1.440603686972168,0.599934704564563,0.9327950901750282,3.0522093643038573,0.0,trust,1.000795067413806,pass,1.0799066380578433,pass,0.012837316043725074,pass,0.03543645677516834,pass,0.006019237917204722,0.0032696829174393136,1.1128196738239324,False,above,trust,go,True
practitioner,19,healthy_b2,healthy-b2-1019,1019,dros,0.6556373733968388,0.6467804785522173,0.6632900730715551,1.6912655190499906,0.599934704564563,0.9327950901750282,3.0522093643038573,0.0,trust,1.000795067413806,pass,1.0799066380578433,pass,0.012837316043725074,pass,0.03543645677516834,pass,0.006019237917204722,0.0032696829174393136,1.1128196738239324,False,above,trust,go,True
practitioner,19,healthy_b8,healthy-b8-1019,1019,ips,0.8334234528527957,0.8009569706163743,0.8679745247273386,,0.599934704564563,0.3899377714646566,7.407146467449793,0.0,trust,1.0031056349058511,pass,1.0799066380578433,pass,0.01674153597831414,pass,0.14730707469694052,pass,0.010423783482182963,0.02053012388530793,1.7393724239566024,False,above,trust,go,False
practitioner,19,healthy_b8,healthy-b8-1019,1019,snips,0.8308431573420667,0.8113792066830293,0.8508502089974703,,0.599934704564563,0.3899377714646566,7.407146467449793,0.0,trust,1.0031056349058511,pass,1.0799066380578433,pass,0.01674153597831414,pass,0.14730707469694052,pass,0.010423783482182963,0.02053012388530793,1.7393724239566024,False,above,trust,go,False
practitioner,19,healthy_b8,healthy-b8-1019,1019,clipped_ips,0.711034377812766,0.6863954674033486,0.737300504211489,2.755165750528703,0.599934704564563,0.3899377714646566,7.407146467449793,0.0,trust,1.0031056349058511,pass,1.0799066380578433,pass,0.01674153597831414,pass,0.14730707469694052,pass,0.010423783482182963,0.02053012388530793,1.7393724239566024,False,above,trust,go,False
practitioner,19,healthy_b8,healthy-b8-1019,1019,dm,0.8410823549571991,0.8364425344907129,0.8462191373245701,,0.599934704564563,0.3899377714646566,7.407146467449793,0.0,trust,1.0031056349058511,pass,1.0799066380578433,pass,0.01674153597831414,pass,0.14730707469694052,pass,0.010423783482182963,0.02053012388530793,1.7393724239566024,False,above,trust,go,False
practitioner,19,healthy_b8,healthy-b8-1019,1019,dr,0.8306585714750161,0.8103281835347241,0.8501189978583433,,0.599934704564563,0.3899377714646566,7.407146467449793,0.0,trust,1.0031056349058511,pass,1.0799066380578433,pass,0.01674153597831414,pass,0.14730707469694052,pass,0.010423783482182963,0.02053012388530793,1.7393724239566024,False,above,trust,go,False
practitioner,19,healthy_b8,healthy-b8-1019,1019,switch_dr,0.8633380204228077,0.8484098623116929,0.8768932979113042,3.731277059447745,0.599934704564563,0.3899377714646566,7.407146467449793,0.0,trust,1.0031056349058511,pass,1.0799066380578433,pass,0.01674153597831414,pass,0.14730707469694052,pass,0.010423783482182963,0.02053012388530793,1.7393724239566024,False,above,trust,go,False
practitioner,19,healthy_b8,healthy-b8-1019,1019,dros,0.8486693666494619,0.8382751217127908,0.8582805767366136,7.590938312886392,0.599934704564563,0.3899377714646566,7.407146467449793,0.0,trust,1.0031056349058511,pass,1.0799066380578433,pass,0.01674153597831414,pass,0.14730707469694052,pass,0.010423783482182963,0.02053012388530793,1.7393724239566024,False,above,trust,go,False
practitioner,19,healthy_b-2,healthy-b-2-1020,1020,ips,0.3907830257093191,0.37504389013772205,0.40532219083159626,,0.5899742702539147,0.5928384093881673,6.49506431574678,0.0,trust,0.9934536394146918,pass,0.9493074826782605,pass,-0.006158053531164603,pass,0.020633250951829007,pass,0.008760770613572562,0.012028231759526472,1.5309890906930017,False,below,trust,no_go,False
practitioner,19,healthy_b-2,healthy-b-2-1020,1020,snips,0.3933580896030084,0.375425000896228,0.4111721395954808,,0.5899742702539147,0.5928384093881673,6.49506431574678,0.0,trust,0.9934536394146918,pass,0.9493074826782605,pass,-0.006158053531164603,pass,0.020633250951829007,pass,0.008760770613572562,0.012028231759526472,1.5309890906930017,False,below,trust,no_go,False
practitioner,19,healthy_b-2,healthy-b-2-1020,1020,clipped_ips,0.3852418334262975,0.37119946345864563,0.3979154821309564,2.0666875671308502,0.5899742702539147,0.5928384093881673,6.49506431574678,0.0,trust,0.9934536394146918,pass,0.9493074826782605,pass,-0.006158053531164603,pass,0.020633250951829007,pass,0.008760770613572562,0.012028231759526472,1.5309890906930017,False,below,trust,no_go,False
practitioner,19,healthy_b-2,healthy-b-2-1020,1020,dm,0.39556172712151483,0.3918294912841303,0.399192794957625,,0.5899742702539147,0.5928384093881673,6.49506431574678,0.0,trust,0.9934536394146918,pass,0.9493074826782605,pass,-0.006158053531164603,pass,0.020633250951829007,pass,0.008760770613572562,0.012028231759526472,1.5309890906930017,False,below,trust,no_go,False
practitioner,19,healthy_b-2,healthy-b-2-1020,1020,dr,0.3868009565079423,0.3709095113726897,0.4014253621605903,,0.5899742702539147,0.5928384093881673,6.49506431574678,0.0,trust,0.9934536394146918,pass,0.9493074826782605,pass,-0.006158053531164603,pass,0.020633250951829007,pass,0.008760770613572562,0.012028231759526472,1.5309890906930017,False,below,trust,no_go,False
practitioner,19,healthy_b-2,healthy-b-2-1020,1020,switch_dr,0.38300431165653176,0.37004081213038387,0.39364481356476755,2.690069540041576,0.5899742702539147,0.5928384093881673,6.49506431574678,0.0,trust,0.9934536394146918,pass,0.9493074826782605,pass,-0.006158053531164603,pass,0.020633250951829007,pass,0.008760770613572562,0.012028231759526472,1.5309890906930017,False,below,trust,no_go,False
practitioner,19,healthy_b-2,healthy-b-2-1020,1020,dros,0.3928557951076886,0.3841727744276538,0.40134317428285415,4.2711975001332325,0.5899742702539147,0.5928384093881673,6.49506431574678,0.0,trust,0.9934536394146918,pass,0.9493074826782605,pass,-0.006158053531164603,pass,0.020633250951829007,pass,0.008760770613572562,0.012028231759526472,1.5309890906930017,False,below,trust,no_go,False
practitioner,19,healthy_b2,healthy-b2-1020,1020,ips,0.6333929606646207,0.6169526303540052,0.6466862762576492,,0.5899742702539147,0.9418554034086714,2.489351575318051,0.0,trust,1.0015967499732643,pass,0.9493074826782605,pass,0.007230515373598733,pass,0.027507357260973603,pass,0.0048071171986358,0.0042985843982970085,1.0973948604684483,False,above,trust,go,True
practitioner,19,healthy_b2,healthy-b2-1020,1020,snips,0.6323832028024531,0.617310694077553,0.6437830316208518,,0.5899742702539147,0.9418554034086714,2.489351575318051,0.0,trust,1.0015967499732643,pass,0.9493074826782605,pass,0.007230515373598733,pass,0.027507357260973603,pass,0.0048071171986358,0.0042985843982970085,1.0973948604684483,False,above,trust,go,True
practitioner,19,healthy_b2,healthy-b2-1020,1020,clipped_ips,0.6159977699792949,0.6004108754396944,0.6287708258544046,1.3042949750645423,0.5899742702539147,0.9418554034086714,2.489351575318051,0.0,trust,1.0015967499732643,pass,0.9493074826782605,pass,0.007230515373598733,pass,0.027507357260973603,pass,0.0048071171986358,0.0042985843982970085,1.0973948604684483,False,above,trust,go,True
practitioner,19,healthy_b2,healthy-b2-1020,1020,dm,0.6360536913951715,0.632598840673508,0.6392414258799212,,0.5899742702539147,0.9418554034086714,2.489351575318051,0.0,trust,1.0015967499732643,pass,0.9493074826782605,pass,0.007230515373598733,pass,0.027507357260973603,pass,0.0048071171986358,0.0042985843982970085,1.0973948604684483,False,above,trust,go,True
practitioner,19,healthy_b2,healthy-b2-1020,1020,dr,0.6312465741965357,0.6187461671118933,0.6424261974813547,,0.5899742702539147,0.9418554034086714,2.489351575318051,0.0,trust,1.0015967499732643,pass,0.9493074826782605,pass,0.007230515373598733,pass,0.027507357260973603,pass,0.0048071171986358,0.0042985843982970085,1.0973948604684483,False,above,trust,go,True
practitioner,19,healthy_b2,healthy-b2-1020,1020,switch_dr,0.6445863029901643,0.6324985242281581,0.6554740539758477,1.4287727829079648,0.5899742702539147,0.9418554034086714,2.489351575318051,0.0,trust,1.0015967499732643,pass,0.9493074826782605,pass,0.007230515373598733,pass,0.027507357260973603,pass,0.0048071171986358,0.0042985843982970085,1.0973948604684483,False,above,trust,go,True
practitioner,19,healthy_b2,healthy-b2-1020,1020,dros,0.6368564199729667,0.6285996450497292,0.6444225428116256,1.701185381978615,0.5899742702539147,0.9418554034086714,2.489351575318051,0.0,trust,1.0015967499732643,pass,0.9493074826782605,pass,0.007230515373598733,pass,0.027507357260973603,pass,0.0048071171986358,0.0042985843982970085,1.0973948604684483,False,above,trust,go,True
practitioner,19,healthy_b8,healthy-b8-1020,1020,ips,0.8048325656565111,0.7728615992746419,0.8338866756863592,,0.5899742702539147,0.4200971845259428,6.640223094795668,0.0,trust,1.0002372278762952,pass,0.9493074826782605,pass,0.013117538001402258,pass,0.11822199034764308,pass,0.010783024266332117,0.01514074404665398,1.6652766003251263,False,above,trust,go,False
practitioner,19,healthy_b8,healthy-b8-1020,1020,snips,0.8046416822190596,0.7853012248611447,0.821387687896271,,0.5899742702539147,0.4200971845259428,6.640223094795668,0.0,trust,1.0002372278762952,pass,0.9493074826782605,pass,0.013117538001402258,pass,0.11822199034764308,pass,0.010783024266332117,0.01514074404665398,1.6652766003251263,False,above,trust,go,False
practitioner,19,healthy_b8,healthy-b8-1020,1020,clipped_ips,0.7097062244678981,0.682440324635881,0.7327053941405935,2.771401658195309,0.5899742702539147,0.4200971845259428,6.640223094795668,0.0,trust,1.0002372278762952,pass,0.9493074826782605,pass,0.013117538001402258,pass,0.11822199034764308,pass,0.010783024266332117,0.01514074404665398,1.6652766003251263,False,above,trust,go,False
practitioner,19,healthy_b8,healthy-b8-1020,1020,dm,0.8142228633193632,0.809315643669548,0.8188245840892673,,0.5899742702539147,0.4200971845259428,6.640223094795668,0.0,trust,1.0002372278762952,pass,0.9493074826782605,pass,0.013117538001402258,pass,0.11822199034764308,pass,0.010783024266332117,0.01514074404665398,1.6652766003251263,False,above,trust,go,False
practitioner,19,healthy_b8,healthy-b8-1020,1020,dr,0.8034398390530311,0.7843501557006161,0.8202712988239851,,0.5899742702539147,0.4200971845259428,6.640223094795668,0.0,trust,1.0002372278762952,pass,0.9493074826782605,pass,0.013117538001402258,pass,0.11822199034764308,pass,0.010783024266332117,0.01514074404665398,1.6652766003251263,False,above,trust,go,False
practitioner,19,healthy_b8,healthy-b8-1020,1020,switch_dr,0.8273484197287971,0.8116380397968432,0.8408135254746999,3.6165103314713956,0.5899742702539147,0.4200971845259428,6.640223094795668,0.0,trust,1.0002372278762952,pass,0.9493074826782605,pass,0.013117538001402258,pass,0.11822199034764308,pass,0.010783024266332117,0.01514074404665398,1.6652766003251263,False,above,trust,go,False
practitioner,19,healthy_b8,healthy-b8-1020,1020,dros,0.8202020049915623,0.8095627274486024,0.8297226631595994,7.680667151047708,0.5899742702539147,0.4200971845259428,6.640223094795668,0.0,trust,1.0002372278762952,pass,0.9493074826782605,pass,0.013117538001402258,pass,0.11822199034764308,pass,0.010783024266332117,0.01514074404665398,1.6652766003251263,False,above,trust,go,False
practitioner,19,healthy_b-2,healthy-b-2-1021,1021,ips,0.39940089758890324,0.38549843542988815,0.4141173159253388,,0.5939796752235387,0.5795219650537989,9.338316001954627,0.0,trust,1.0040926634727683,pass,0.9005041540358245,pass,-0.003945886204414316,pass,0.02383047693019211,pass,0.0015666717118028584,0.027225465851588655,1.523052426786453,False,below,trust,no_go,False
practitioner,19,healthy_b-2,healthy-b-2-1021,1021,snips,0.39777294677916475,0.38176256412119075,0.4149470627408899,,0.5939796752235387,0.5795219650537989,9.338316001954627,0.0,trust,1.0040926634727683,pass,0.9005041540358245,pass,-0.003945886204414316,pass,0.02383047693019211,pass,0.0015666717118028584,0.027225465851588655,1.523052426786453,False,below,trust,no_go,False
practitioner,19,healthy_b-2,healthy-b-2-1021,1021,clipped_ips,0.3899217785572278,0.378621493075458,0.40221524990931806,2.0965627730569794,0.5939796752235387,0.5795219650537989,9.338316001954627,0.0,trust,1.0040926634727683,pass,0.9005041540358245,pass,-0.003945886204414316,pass,0.02383047693019211,pass,0.0015666717118028584,0.027225465851588655,1.523052426786453,False,below,trust,no_go,False
practitioner,19,healthy_b-2,healthy-b-2-1021,1021,dm,0.40145645840972805,0.3978216888627401,0.4051956504892079,,0.5939796752235387,0.5795219650537989,9.338316001954627,0.0,trust,1.0040926634727683,pass,0.9005041540358245,pass,-0.003945886204414316,pass,0.02383047693019211,pass,0.0015666717118028584,0.027225465851588655,1.523052426786453,False,below,trust,no_go,False
practitioner,19,healthy_b-2,healthy-b-2-1021,1021,dr,0.3998897866979252,0.3858349825480781,0.41470616646832026,,0.5939796752235387,0.5795219650537989,9.338316001954627,0.0,trust,1.0040926634727683,pass,0.9005041540358245,pass,-0.003945886204414316,pass,0.02383047693019211,pass,0.0015666717118028584,0.027225465851588655,1.523052426786453,False,below,trust,no_go,False
practitioner,19,healthy_b-2,healthy-b-2-1021,1021,switch_dr,0.38504177287290825,0.373699599649827,0.3964371342369778,2.705274338389243,0.5939796752235387,0.5795219650537989,9.338316001954627,0.0,trust,1.0040926634727683,pass,0.9005041540358245,pass,-0.003945886204414316,pass,0.02383047693019211,pass,0.0015666717118028584,0.027225465851588655,1.523052426786453,False,below,trust,no_go,False
practitioner,19,healthy_b-2,healthy-b-2-1021,1021,dros,0.3963531294047859,0.38806410973933114,0.4048549848524863,4.395575461368371,0.5939796752235387,0.5795219650537989,9.338316001954627,0.0,trust,1.0040926634727683,pass,0.9005041540358245,pass,-0.003945886204414316,pass,0.02383047693019211,pass,0.0015666717118028584,0.027225465851588655,1.523052426786453,False,below,trust,no_go,False
practitioner,19,healthy_b2,healthy-b2-1021,1021,ips,0.6379548017716178,0.622538988419115,0.6526568811021681,,0.5939796752235387,0.9349484443038281,3.031542615141163,0.0,trust,0.9951783099832099,pass,0.9005041540358245,pass,-0.011478830503830058,pass,0.03808415571820165,pass,0.0047336540826707005,0.007951977598454887,1.1052621536434877,False,above,trust,go,True
practitioner,19,healthy_b2,healthy-b2-1021,1021,snips,0.6410457255467927,0.628125307314808,0.65486180962957,,0.5939796752235387,0.9349484443038281,3.031542615141163,0.0,trust,0.9951783099832099,pass,0.9005041540358245,pass,-0.011478830503830058,pass,0.03808415571820165,pass,0.0047336540826707005,0.007951977598454887,1.1052621536434877,False,above,trust,go,True
practitioner,19,healthy_b2,healthy-b2-1021,1021,clipped_ips,0.6166320403125811,0.6025149882238351,0.6308505938375053,1.2948810192273676,0.5939796752235387,0.9349484443038281,3.031542615141163,0.0,trust,0.9951783099832099,pass,0.9005041540358245,pass,-0.011478830503830058,pass,0.03808415571820165,pass,0.0047336540826707005,0.007951977598454887,1.1052621536434877,False,above,trust,go,True
practitioner,19,healthy_b2,healthy-b2-1021,1021,dm,0.6472350791582184,0.6438637137084484,0.650600529709246,,0.5939796752235387,0.9349484443038281,3.031542615141163,0.0,trust,0.9951783099832099,pass,0.9005041540358245,pass,-0.011478830503830058,pass,0.03808415571820165,pass,0.0047336540826707005,0.007951977598454887,1.1052621536434877,False,above,trust,go,True
practitioner,19,healthy_b2,healthy-b2-1021,1021,dr,0.6425014250755477,0.6307106948291408,0.6551599248634236,,0.5939796752235387,0.9349484443038281,3.031542615141163,0.0,trust,0.9951783099832099,pass,0.9005041540358245,pass,-0.011478830503830058,pass,0.03808415571820165,pass,0.0047336540826707005,0.007951977598454887,1.1052621536434877,False,above,trust,go,True
practitioner,19,healthy_b2,healthy-b2-1021,1021,switch_dr,0.6511886628352185,0.6394802366552995,0.6630672464630512,1.4296314130701089,0.5939796752235387,0.9349484443038281,3.031542615141163,0.0,trust,0.9951783099832099,pass,0.9005041540358245,pass,-0.011478830503830058,pass,0.03808415571820165,pass,0.0047336540826707005,0.007951977598454887,1.1052621536434877,False,above,trust,go,True
practitioner,19,healthy_b2,healthy-b2-1021,1021,dros,0.6468434613884368,0.639451118091929,0.6548859632076194,1.6767168539553066,0.5939796752235387,0.9349484443038281,3.031542615141163,0.0,trust,0.9951783099832099,pass,0.9005041540358245,pass,-0.011478830503830058,pass,0.03808415571820165,pass,0.0047336540826707005,0.007951977598454887,1.1052621536434877,False,above,trust,go,True
practitioner,19,healthy_b8,healthy-b8-1021,1021,ips,0.8005278411589313,0.7694216700654781,0.8337212290108305,,0.5939796752235387,0.39060751435151747,7.814153509759475,0.0,trust,0.9710077922906135,pass,0.9005041540358245,pass,-0.026852904478372602,fail,0.1763009950555883,pass,0.0007901805922667465,0.02170914972675696,1.6927749432089705,False,above,distrust,ab_test,False
practitioner,19,healthy_b8,healthy-b8-1021,1021,snips,0.8244298835856724,0.804608393702012,0.8438224913073232,,0.5939796752235387,0.39060751435151747,7.814153509759475,0.0,trust,0.9710077922906135,pass,0.9005041540358245,pass,-0.026852904478372602,fail,0.1763009950555883,pass,0.0007901805922667465,0.02170914972675696,1.6927749432089705,False,above,distrust,ab_test,False
practitioner,19,healthy_b8,healthy-b8-1021,1021,clipped_ips,0.6790820747559555,0.6546919253880267,0.7035591264623933,2.6893595125140606,0.5939796752235387,0.39060751435151747,7.814153509759475,0.0,trust,0.9710077922906135,pass,0.9005041540358245,pass,-0.026852904478372602,fail,0.1763009950555883,pass,0.0007901805922667465,0.02170914972675696,1.6927749432089705,False,above,distrust,ab_test,False
practitioner,19,healthy_b8,healthy-b8-1021,1021,dm,0.8269228812144125,0.8223925554372157,0.831644758133897,,0.5939796752235387,0.39060751435151747,7.814153509759475,0.0,trust,0.9710077922906135,pass,0.9005041540358245,pass,-0.026852904478372602,fail,0.1763009950555883,pass,0.0007901805922667465,0.02170914972675696,1.6927749432089705,False,above,distrust,ab_test,False
practitioner,19,healthy_b8,healthy-b8-1021,1021,dr,0.8277130618066793,0.8084217746373124,0.8459533124017893,,0.5939796752235387,0.39060751435151747,7.814153509759475,0.0,trust,0.9710077922906135,pass,0.9005041540358245,pass,-0.026852904478372602,fail,0.1763009950555883,pass,0.0007901805922667465,0.02170914972675696,1.6927749432089705,False,above,distrust,ab_test,False
practitioner,19,healthy_b8,healthy-b8-1021,1021,switch_dr,0.8399225152879012,0.8267177393233383,0.8520079855360161,3.7339311956972114,0.5939796752235387,0.39060751435151747,7.814153509759475,0.0,trust,0.9710077922906135,pass,0.9005041540358245,pass,-0.026852904478372602,fail,0.1763009950555883,pass,0.0007901805922667465,0.02170914972675696,1.6927749432089705,False,above,distrust,ab_test,False
practitioner,19,healthy_b8,healthy-b8-1021,1021,dros,0.8348707837542346,0.8250230222069566,0.8440761325260161,7.232654587549866,0.5939796752235387,0.39060751435151747,7.814153509759475,0.0,trust,0.9710077922906135,pass,0.9005041540358245,pass,-0.026852904478372602,fail,0.1763009950555883,pass,0.0007901805922667465,0.02170914972675696,1.6927749432089705,False,above,distrust,ab_test,False
practitioner,19,healthy_b-2,healthy-b-2-1022,1022,ips,0.37040159118930815,0.35469738218761826,0.38718661638424623,,0.5892649817973151,0.5361871804798964,10.538703515863574,0.0,trust,0.9951843944769758,pass,1.0807193578604748,pass,0.0007278302366225761,pass,0.018466009111566758,pass,0.0070351967364076454,0.0057083931446038965,1.5981652044178436,False,below,trust,no_go,False
practitioner,19,healthy_b-2,healthy-b-2-1022,1022,snips,0.37219393033586967,0.35549420598035314,0.3905325688513208,,0.5892649817973151,0.5361871804798964,10.538703515863574,0.0,trust,0.9951843944769758,pass,1.0807193578604748,pass,0.0007278302366225761,pass,0.018466009111566758,pass,0.0070351967364076454,0.0057083931446038965,1.5981652044178436,False,below,trust,no_go,False
practitioner,19,healthy_b-2,healthy-b-2-1022,1022,clipped_ips,0.36532099382701766,0.3523976640897861,0.379375076529057,2.1423605274717206,0.5892649817973151,0.5361871804798964,10.538703515863574,0.0,trust,0.9951843944769758,pass,1.0807193578604748,pass,0.0007278302366225761,pass,0.018466009111566758,pass,0.0070351967364076454,0.0057083931446038965,1.5981652044178436,False,below,trust,no_go,False
practitioner,19,healthy_b-2,healthy-b-2-1022,1022,dm,0.37415055615262316,0.37045017908192324,0.37829943298823476,,0.5892649817973151,0.5361871804798964,10.538703515863574,0.0,trust,0.9951843944769758,pass,1.0807193578604748,pass,0.0007278302366225761,pass,0.018466009111566758,pass,0.0070351967364076454,0.0057083931446038965,1.5981652044178436,False,below,trust,no_go,False
practitioner,19,healthy_b-2,healthy-b-2-1022,1022,dr,0.36711535941621554,0.3510428948027711,0.3836727362694769,,0.5892649817973151,0.5361871804798964,10.538703515863574,0.0,trust,0.9951843944769758,pass,1.0807193578604748,pass,0.0007278302366225761,pass,0.018466009111566758,pass,0.0070351967364076454,0.0057083931446038965,1.5981652044178436,False,below,trust,no_go,False
practitioner,19,healthy_b-2,healthy-b-2-1022,1022,switch_dr,0.3616393220713029,0.35013658864369174,0.3739515290361069,2.813175905444458,0.5892649817973151,0.5361871804798964,10.538703515863574,0.0,trust,0.9951843944769758,pass,1.0807193578604748,pass,0.0007278302366225761,pass,0.018466009111566758,pass,0.0070351967364076454,0.0057083931446038965,1.5981652044178436,False,below,trust,no_go,False
practitioner,19,healthy_b-2,healthy-b-2-1022,1022,dros,0.3690509984123408,0.3606111618190524,0.37847778251353276,4.589708629668909,0.5892649817973151,0.5361871804798964,10.538703515863574,0.0,trust,0.9951843944769758,pass,1.0807193578604748,pass,0.0007278302366225761,pass,0.018466009111566758,pass,0.0070351967364076454,0.0057083931446038965,1.5981652044178436,False,below,trust,no_go,False
practitioner,19,healthy_b2,healthy-b2-1022,1022,ips,0.6492469601126463,0.6340761779049626,0.6646933378869915,,0.5892649817973151,0.9149354484523395,3.1521050332814085,0.0,trust,0.9995720286135137,pass,1.0807193578604748,pass,0.007495883070496394,pass,0.03740148093879142,pass,0.006796574639114979,0.004627530577849202,1.140862449549397,False,above,trust,go,True
practitioner,19,healthy_b2,healthy-b2-1022,1022,snips,0.6495249382010055,0.636489036683526,0.6623579563921252,,0.5892649817973151,0.9149354484523395,3.1521050332814085,0.0,trust,0.9995720286135137,pass,1.0807193578604748,pass,0.007495883070496394,pass,0.03740148093879142,pass,0.006796574639114979,0.004627530577849202,1.140862449549397,False,above,trust,go,True
practitioner,19,healthy_b2,healthy-b2-1022,1022,clipped_ips,0.625231743605611,0.6114412473099556,0.6395786262989415,1.3520011684551796,0.5892649817973151,0.9149354484523395,3.1521050332814085,0.0,trust,0.9995720286135137,pass,1.0807193578604748,pass,0.007495883070496394,pass,0.03740148093879142,pass,0.006796574639114979,0.004627530577849202,1.140862449549397,False,above,trust,go,True
practitioner,19,healthy_b2,healthy-b2-1022,1022,dm,0.6554587463435677,0.6522806233484442,0.6591294468390666,,0.5892649817973151,0.9149354484523395,3.1521050332814085,0.0,trust,0.9995720286135137,pass,1.0807193578604748,pass,0.007495883070496394,pass,0.03740148093879142,pass,0.006796574639114979,0.004627530577849202,1.140862449549397,False,above,trust,go,True
practitioner,19,healthy_b2,healthy-b2-1022,1022,dr,0.6486621717044527,0.6364383624915088,0.6611405842212391,,0.5892649817973151,0.9149354484523395,3.1521050332814085,0.0,trust,0.9995720286135137,pass,1.0807193578604748,pass,0.007495883070496394,pass,0.03740148093879142,pass,0.006796574639114979,0.004627530577849202,1.140862449549397,False,above,trust,go,True
practitioner,19,healthy_b2,healthy-b2-1022,1022,switch_dr,0.6618592944798036,0.6506128951456424,0.6745214767291563,1.5163261025020316,0.5892649817973151,0.9149354484523395,3.1521050332814085,0.0,trust,0.9995720286135137,pass,1.0807193578604748,pass,0.007495883070496394,pass,0.03740148093879142,pass,0.006796574639114979,0.004627530577849202,1.140862449549397,False,above,trust,go,True
practitioner,19,healthy_b2,healthy-b2-1022,1022,dros,0.6545352081410392,0.6468347739283062,0.6629456096135976,1.827907159504171,0.5892649817973151,0.9149354484523395,3.1521050332814085,0.0,trust,0.9995720286135137,pass,1.0807193578604748,pass,0.007495883070496394,pass,0.03740148093879142,pass,0.006796574639114979,0.004627530577849202,1.140862449549397,False,above,trust,go,True
practitioner,19,healthy_b8,healthy-b8-1022,1022,ips,0.8249450084454241,0.7903513801873518,0.860182951087883,,0.5892649817973151,0.37165438776699483,7.051444852865008,0.0,trust,0.9899290001447407,pass,1.0807193578604748,pass,0.010238177678279954,pass,0.14583680993335618,pass,0.004728228772350586,0.0330590290872381,1.7899381393060125,False,above,trust,go,False
practitioner,19,healthy_b8,healthy-b8-1022,1022,snips,0.8333375507989019,0.8141664228416913,0.8537469599097244,,0.5892649817973151,0.37165438776699483,7.051444852865008,0.0,trust,0.9899290001447407,pass,1.0807193578604748,pass,0.010238177678279954,pass,0.14583680993335618,pass,0.004728228772350586,0.0330590290872381,1.7899381393060125,False,above,trust,go,False
practitioner,19,healthy_b8,healthy-b8-1022,1022,clipped_ips,0.7118062607927139,0.6852987292471272,0.7381414056218013,2.927824097635111,0.5892649817973151,0.37165438776699483,7.051444852865008,0.0,trust,0.9899290001447407,pass,1.0807193578604748,pass,0.010238177678279954,pass,0.14583680993335618,pass,0.004728228772350586,0.0330590290872381,1.7899381393060125,False,above,trust,go,False
practitioner,19,healthy_b8,healthy-b8-1022,1022,dm,0.8358230085775735,0.8311105712414745,0.8405922746304053,,0.5892649817973151,0.37165438776699483,7.051444852865008,0.0,trust,0.9899290001447407,pass,1.0807193578604748,pass,0.010238177678279954,pass,0.14583680993335618,pass,0.004728228772350586,0.0330590290872381,1.7899381393060125,False,above,trust,go,False
practitioner,19,healthy_b8,healthy-b8-1022,1022,dr,0.831094779805223,0.8115369556135659,0.850998451858824,,0.5892649817973151,0.37165438776699483,7.051444852865008,0.0,trust,0.9899290001447407,pass,1.0807193578604748,pass,0.010238177678279954,pass,0.14583680993335618,pass,0.004728228772350586,0.0330590290872381,1.7899381393060125,False,above,trust,go,False
practitioner,19,healthy_b8,healthy-b8-1022,1022,switch_dr,0.8556824937800581,0.8408358150552583,0.8703449973422297,3.9280631925779157,0.5892649817973151,0.37165438776699483,7.051444852865008,0.0,trust,0.9899290001447407,pass,1.0807193578604748,pass,0.010238177678279954,pass,0.14583680993335618,pass,0.004728228772350586,0.0330590290872381,1.7899381393060125,False,above,trust,go,False
practitioner,19,healthy_b8,healthy-b8-1022,1022,dros,0.8430270972629261,0.8331314620223937,0.8537049443560902,8.57215394669285,0.5892649817973151,0.37165438776699483,7.051444852865008,0.0,trust,0.9899290001447407,pass,1.0807193578604748,pass,0.010238177678279954,pass,0.14583680993335618,pass,0.004728228772350586,0.0330590290872381,1.7899381393060125,False,above,trust,go,False
practitioner,19,healthy_b-2,healthy-b-2-1023,1023,ips,0.3809335873243689,0.3637599531324549,0.39760552485996264,,0.5932357239968744,0.5497580770463772,9.11993586768892,0.0,trust,0.9987205394881972,pass,0.8955279958913341,pass,-0.008545481520368227,pass,0.01983778812819822,pass,0.007534055666870279,0.014306851017968773,1.573042975955536,False,below,trust,no_go,False
practitioner,19,healthy_b-2,healthy-b-2-1023,1023,snips,0.38142160120145474,0.3642599703709247,0.40227125844903106,,0.5932357239968744,0.5497580770463772,9.11993586768892,0.0,trust,0.9987205394881972,pass,0.8955279958913341,pass,-0.008545481520368227,pass,0.01983778812819822,pass,0.007534055666870279,0.014306851017968773,1.573042975955536,False,below,trust,no_go,False
practitioner,19,healthy_b-2,healthy-b-2-1023,1023,clipped_ips,0.37385504028930217,0.3597561028218503,0.3880289979409904,2.1432449704531717,0.5932357239968744,0.5497580770463772,9.11993586768892,0.0,trust,0.9987205394881972,pass,0.8955279958913341,pass,-0.008545481520368227,pass,0.01983778812819822,pass,0.007534055666870279,0.014306851017968773,1.573042975955536,False,below,trust,no_go,False
practitioner,19,healthy_b-2,healthy-b-2-1023,1023,dm,0.3844025719399532,0.38025342981164545,0.3882837682514009,,0.5932357239968744,0.5497580770463772,9.11993586768892,0.0,trust,0.9987205394881972,pass,0.8955279958913341,pass,-0.008545481520368227,pass,0.01983778812819822,pass,0.007534055666870279,0.014306851017968773,1.573042975955536,False,below,trust,no_go,False
practitioner,19,healthy_b-2,healthy-b-2-1023,1023,dr,0.37686851627308293,0.36028861668128304,0.394100155848443,,0.5932357239968744,0.5497580770463772,9.11993586768892,0.0,trust,0.9987205394881972,pass,0.8955279958913341,pass,-0.008545481520368227,pass,0.01983778812819822,pass,0.007534055666870279,0.014306851017968773,1.573042975955536,False,below,trust,no_go,False
practitioner,19,healthy_b-2,healthy-b-2-1023,1023,switch_dr,0.3649154255756883,0.3516784309780094,0.37668431125164403,2.748495664752992,0.5932357239968744,0.5497580770463772,9.11993586768892,0.0,trust,0.9987205394881972,pass,0.8955279958913341,pass,-0.008545481520368227,pass,0.01983778812819822,pass,0.007534055666870279,0.014306851017968773,1.573042975955536,False,below,trust,no_go,False
practitioner,19,healthy_b-2,healthy-b-2-1023,1023,dros,0.37828729192500843,0.36894553506115624,0.3879391435736124,4.593499003372817,0.5932357239968744,0.5497580770463772,9.11993586768892,0.0,trust,0.9987205394881972,pass,0.8955279958913341,pass,-0.008545481520368227,pass,0.01983778812819822,pass,0.007534055666870279,0.014306851017968773,1.573042975955536,False,below,trust,no_go,False
practitioner,19,healthy_b2,healthy-b2-1023,1023,ips,0.6478814634041452,0.6330759885871552,0.6654323076945211,,0.5932357239968744,0.9165847015145887,3.4085529482977,0.0,trust,0.9967830055286392,pass,0.8955279958913341,pass,0.0025491229965833935,pass,0.03985980350422015,pass,0.006107074923176599,0.007668461041655638,1.1305492372462143,False,above,trust,go,True
practitioner,19,healthy_b2,healthy-b2-1023,1023,snips,0.6499724210893266,0.6375096090335672,0.6644628533282334,,0.5932357239968744,0.9165847015145887,3.4085529482977,0.0,trust,0.9967830055286392,pass,0.8955279958913341,pass,0.0025491229965833935,pass,0.03985980350422015,pass,0.006107074923176599,0.007668461041655638,1.1305492372462143,False,above,trust,go,True
practitioner,19,healthy_b2,healthy-b2-1023,1023,clipped_ips,0.6240646481015438,0.6095957828856031,0.6401220071635777,1.3544148187688645,0.5932357239968744,0.9165847015145887,3.4085529482977,0.0,trust,0.9967830055286392,pass,0.8955279958913341,pass,0.0025491229965833935,pass,0.03985980350422015,pass,0.006107074923176599,0.007668461041655638,1.1305492372462143,False,above,trust,go,True
practitioner,19,healthy_b2,healthy-b2-1023,1023,dm,0.66132254901734,0.6576466983337628,0.6645811742626808,,0.5932357239968744,0.9165847015145887,3.4085529482977,0.0,trust,0.9967830055286392,pass,0.8955279958913341,pass,0.0025491229965833935,pass,0.03985980350422015,pass,0.006107074923176599,0.007668461041655638,1.1305492372462143,False,above,trust,go,True
practitioner,19,healthy_b2,healthy-b2-1023,1023,dr,0.6552154740941634,0.643680936260261,0.6695486720692205,,0.5932357239968744,0.9165847015145887,3.4085529482977,0.0,trust,0.9967830055286392,pass,0.8955279958913341,pass,0.0025491229965833935,pass,0.03985980350422015,pass,0.006107074923176599,0.007668461041655638,1.1305492372462143,False,above,trust,go,True
practitioner,19,healthy_b2,healthy-b2-1023,1023,switch_dr,0.6704190556227915,0.659309182708447,0.6835122801779341,1.5302436552191303,0.5932357239968744,0.9165847015145887,3.4085529482977,0.0,trust,0.9967830055286392,pass,0.8955279958913341,pass,0.0025491229965833935,pass,0.03985980350422015,pass,0.006107074923176599,0.007668461041655638,1.1305492372462143,False,above,trust,go,True
practitioner,19,healthy_b2,healthy-b2-1023,1023,dros,0.6608704610689636,0.6533666949762893,0.6694343489814132,1.834439501300696,0.5932357239968744,0.9165847015145887,3.4085529482977,0.0,trust,0.9967830055286392,pass,0.8955279958913341,pass,0.0025491229965833935,pass,0.03985980350422015,pass,0.006107074923176599,0.007668461041655638,1.1305492372462143,False,above,trust,go,True
practitioner,19,healthy_b8,healthy-b8-1023,1023,ips,0.8110855170791424,0.7758691539920416,0.8486598226010409,,0.5932357239968744,0.3567663878702816,7.39121003198847,0.0,trust,0.9727949532431804,pass,0.8955279958913341,pass,0.0056525274877681315,pass,0.17323283852184188,pass,0.005376234633102222,0.029877283040175468,1.7600007091657248,False,above,trust,go,False
practitioner,19,healthy_b8,healthy-b8-1023,1023,snips,0.8337682205022566,0.8150406394065915,0.8561144314211104,,0.5932357239968744,0.3567663878702816,7.39121003198847,0.0,trust,0.9727949532431804,pass,0.8955279958913341,pass,0.0056525274877681315,pass,0.17323283852184188,pass,0.005376234633102222,0.029877283040175468,1.7600007091657248,False,above,trust,go,False
practitioner,19,healthy_b8,healthy-b8-1023,1023,clipped_ips,0.6893321849953458,0.664384396719049,0.7173568408326689,2.918402983041128,0.5932357239968744,0.3567663878702816,7.39121003198847,0.0,trust,0.9727949532431804,pass,0.8955279958913341,pass,0.0056525274877681315,pass,0.17323283852184188,pass,0.005376234633102222,0.029877283040175468,1.7600007091657248,False,above,trust,go,False
practitioner,19,healthy_b8,healthy-b8-1023,1023,dm,0.844850381780773,0.8396304710126169,0.8491641142447596,,0.5932357239968744,0.3567663878702816,7.39121003198847,0.0,trust,0.9727949532431804,pass,0.8955279958913341,pass,0.0056525274877681315,pass,0.17323283852184188,pass,0.005376234633102222,0.029877283040175468,1.7600007091657248,False,above,trust,go,False
practitioner,19,healthy_b8,healthy-b8-1023,1023,dr,0.8394741471476708,0.8221152725299371,0.8616178196047324,,0.5932357239968744,0.3567663878702816,7.39121003198847,0.0,trust,0.9727949532431804,pass,0.8955279958913341,pass,0.0056525274877681315,pass,0.17323283852184188,pass,0.005376234633102222,0.029877283040175468,1.7600007091657248,False,above,trust,go,False
practitioner,19,healthy_b8,healthy-b8-1023,1023,switch_dr,0.8632375267906965,0.8501210574059402,0.878135345830601,3.984458607500898,0.5932357239968744,0.3567663878702816,7.39121003198847,0.0,trust,0.9727949532431804,pass,0.8955279958913341,pass,0.0056525274877681315,pass,0.17323283852184188,pass,0.005376234633102222,0.029877283040175468,1.7600007091657248,False,above,trust,go,False
practitioner,19,healthy_b8,healthy-b8-1023,1023,dros,0.8538588860839043,0.8441900058662206,0.8652184411689233,8.517075971423354,0.5932357239968744,0.3567663878702816,7.39121003198847,0.0,trust,0.9727949532431804,pass,0.8955279958913341,pass,0.0056525274877681315,pass,0.17323283852184188,pass,0.005376234633102222,0.029877283040175468,1.7600007091657248,False,above,trust,go,False
practitioner,19,healthy_b-2,healthy-b-2-1024,1024,ips,0.38238014246281515,0.36706623467181604,0.3973877646647842,,0.5937493980699211,0.5587059618944513,9.196911202549057,0.0,trust,0.9990927589245078,pass,1.056037832364842,pass,-0.0038182360351064443,pass,0.013089953964922093,pass,0.009869526656602665,0.005645396790740035,1.571086683603195,False,below,trust,no_go,False
practitioner,19,healthy_b-2,healthy-b-2-1024,1024,snips,0.38272736845219,0.36591257888791173,0.4004965695645643,,0.5937493980699211,0.5587059618944513,9.196911202549057,0.0,trust,0.9990927589245078,pass,1.056037832364842,pass,-0.0038182360351064443,pass,0.013089953964922093,pass,0.009869526656602665,0.005645396790740035,1.571086683603195,False,below,trust,no_go,False
practitioner,19,healthy_b-2,healthy-b-2-1024,1024,clipped_ips,0.3777174848180351,0.3652633048521493,0.390138560679406,2.123888291094295,0.5937493980699211,0.5587059618944513,9.196911202549057,0.0,trust,0.9990927589245078,pass,1.056037832364842,pass,-0.0038182360351064443,pass,0.013089953964922093,pass,0.009869526656602665,0.005645396790740035,1.571086683603195,False,below,trust,no_go,False
practitioner,19,healthy_b-2,healthy-b-2-1024,1024,dm,0.38958291654446164,0.38550468041986696,0.39382221878194856,,0.5937493980699211,0.5587059618944513,9.196911202549057,0.0,trust,0.9990927589245078,pass,1.056037832364842,pass,-0.0038182360351064443,pass,0.013089953964922093,pass,0.009869526656602665,0.005645396790740035,1.571086683603195,False,below,trust,no_go,False
practitioner,19,healthy_b-2,healthy-b-2-1024,1024,dr,0.37971338988785897,0.36309487345127417,0.39494965755921363,,0.5937493980699211,0.5587059618944513,9.196911202549057,0.0,trust,0.9990927589245078,pass,1.056037832364842,pass,-0.0038182360351064443,pass,0.013089953964922093,pass,0.009869526656602665,0.005645396790740035,1.571086683603195,False,below,trust,no_go,False
practitioner,19,healthy_b-2,healthy-b-2-1024,1024,switch_dr,0.3729879893468746,0.35901735247152444,0.38537498933846565,2.781531636540943,0.5937493980699211,0.5587059618944513,9.196911202549057,0.0,trust,0.9990927589245078,pass,1.056037832364842,pass,-0.0038182360351064443,pass,0.013089953964922093,pass,0.009869526656602665,0.005645396790740035,1.571086683603195,False,below,trust,no_go,False
practitioner,19,healthy_b-2,healthy-b-2-1024,1024,dros,0.3834727783309183,0.3743791376389188,0.39198826759872174,4.510901473047444,0.5937493980699211,0.5587059618944513,9.196911202549057,0.0,trust,0.9990927589245078,pass,1.056037832364842,pass,-0.0038182360351064443,pass,0.013089953964922093,pass,0.009869526656602665,0.005645396790740035,1.571086683603195,False,below,trust,no_go,False
practitioner,19,healthy_b2,healthy-b2-1024,1024,ips,0.6504564166127097,0.6343397395711226,0.6654336969515773,,0.5937493980699211,0.9170438996715979,3.1452758891547026,0.0,trust,1.001182976600604,pass,1.056037832364842,pass,-0.013325488166908981,fail,0.039667106031108346,pass,0.007568962767332686,0.0035457383703059644,1.1284189228352315,False,above,distrust,ab_test,True
practitioner,19,healthy_b2,healthy-b2-1024,1024,snips,0.649687851087177,0.6359043236691945,0.6630519588401796,,0.5937493980699211,0.9170438996715979,3.1452758891547026,0.0,trust,1.001182976600604,pass,1.056037832364842,pass,-0.013325488166908981,fail,0.039667106031108346,pass,0.007568962767332686,0.0035457383703059644,1.1284189228352315,False,above,distrust,ab_test,True
practitioner,19,healthy_b2,healthy-b2-1024,1024,clipped_ips,0.6246851797365117,0.6102552447617798,0.6386633313449762,1.3543407063848243,0.5937493980699211,0.9170438996715979,3.1452758891547026,0.0,trust,1.001182976600604,pass,1.056037832364842,pass,-0.013325488166908981,fail,0.039667106031108346,pass,0.007568962767332686,0.0035457383703059644,1.1284189228352315,False,above,distrust,ab_test,True
practitioner,19,healthy_b2,healthy-b2-1024,1024,dm,0.6552127562899704,0.6514606839324595,0.6589349821184709,,0.5937493980699211,0.9170438996715979,3.1452758891547026,0.0,trust,1.001182976600604,pass,1.056037832364842,pass,-0.013325488166908981,fail,0.039667106031108346,pass,0.007568962767332686,0.0035457383703059644,1.1284189228352315,False,above,distrust,ab_test,True
practitioner,19,healthy_b2,healthy-b2-1024,1024,dr,0.6476437935226378,0.6355325834773544,0.6604731607622898,,0.5937493980699211,0.9170438996715979,3.1452758891547026,0.0,trust,1.001182976600604,pass,1.056037832364842,pass,-0.013325488166908981,fail,0.039667106031108346,pass,0.007568962767332686,0.0035457383703059644,1.1284189228352315,False,above,distrust,ab_test,True
practitioner,19,healthy_b2,healthy-b2-1024,1024,switch_dr,0.6609724432457744,0.649797788541277,0.6727507770430331,1.5256756509316274,0.5937493980699211,0.9170438996715979,3.1452758891547026,0.0,trust,1.001182976600604,pass,1.056037832364842,pass,-0.013325488166908981,fail,0.039667106031108346,pass,0.007568962767332686,0.0035457383703059644,1.1284189228352315,False,above,distrust,ab_test,True
practitioner,19,healthy_b2,healthy-b2-1024,1024,dros,0.6542612738556067,0.6465443825257832,0.6623977264657224,1.8342387489709449,0.5937493980699211,0.9170438996715979,3.1452758891547026,0.0,trust,1.001182976600604,pass,1.056037832364842,pass,-0.013325488166908981,fail,0.039667106031108346,pass,0.007568962767332686,0.0035457383703059644,1.1284189228352315,False,above,distrust,ab_test,True
practitioner,19,healthy_b8,healthy-b8-1024,1024,ips,0.8240213165054551,0.7904052471972736,0.8559045920671055,,0.5937493980699211,0.3514966818320603,7.432267151932519,0.0,trust,1.0004141764695638,pass,1.056037832364842,pass,-0.012459979991421566,pass,0.14761150320895897,pass,0.010765857383123224,0.014774348349914751,1.7065043848128754,False,above,trust,go,False
practitioner,19,healthy_b8,healthy-b8-1024,1024,snips,0.8236801675616048,0.8036946978341296,0.8458071360044831,,0.5937493980699211,0.3514966818320603,7.432267151932519,0.0,trust,1.0004141764695638,pass,1.056037832364842,pass,-0.012459979991421566,pass,0.14761150320895897,pass,0.010765857383123224,0.014774348349914751,1.7065043848128754,False,above,trust,go,False
practitioner,19,healthy_b8,healthy-b8-1024,1024,clipped_ips,0.7024366488082794,0.6754106452726297,0.7272394719984324,3.1066866070783785,0.5937493980699211,0.3514966818320603,7.432267151932519,0.0,trust,1.0004141764695638,pass,1.056037832364842,pass,-0.012459979991421566,pass,0.14761150320895897,pass,0.010765857383123224,0.014774348349914751,1.7065043848128754,False,above,trust,go,False
practitioner,19,healthy_b8,healthy-b8-1024,1024,dm,0.8332312708252257,0.8282448265485008,0.8380144287381052,,0.5937493980699211,0.3514966818320603,7.432267151932519,0.0,trust,1.0004141764695638,pass,1.056037832364842,pass,-0.012459979991421566,pass,0.14761150320895897,pass,0.010765857383123224,0.014774348349914751,1.7065043848128754,False,above,trust,go,False
practitioner,19,healthy_b8,healthy-b8-1024,1024,dr,0.8224654134421026,0.8017762385194313,0.8444462601796847,,0.5937493980699211,0.3514966818320603,7.432267151932519,0.0,trust,1.0004141764695638,pass,1.056037832364842,pass,-0.012459979991421566,pass,0.14761150320895897,pass,0.010765857383123224,0.014774348349914751,1.7065043848128754,False,above,trust,go,False
practitioner,19,healthy_b8,healthy-b8-1024,1024,switch_dr,0.8464847486281748,0.8319359255267456,0.8625695575950427,4.226838266797745,0.5937493980699211,0.3514966818320603,7.432267151932519,0.0,trust,1.0004141764695638,pass,1.056037832364842,pass,-0.012459979991421566,pass,0.14761150320895897,pass,0.010765857383123224,0.014774348349914751,1.7065043848128754,False,above,trust,go,False
practitioner,19,healthy_b8,healthy-b8-1024,1024,dros,0.8383861522159741,0.8281881500751556,0.8492329517948316,9.651501674600167,0.5937493980699211,0.3514966818320603,7.432267151932519,0.0,trust,1.0004141764695638,pass,1.056037832364842,pass,-0.012459979991421566,pass,0.14761150320895897,pass,0.010765857383123224,0.014774348349914751,1.7065043848128754,False,above,trust,go,False
practitioner,19,healthy_b-2,healthy-b-2-1025,1025,ips,0.3933002923669024,0.37607483053057045,0.40850919794555957,,0.5933557027599691,0.5717391480095863,8.111199600008536,0.0,trust,1.0104235392359684,pass,0.9318753549720203,pass,0.016091356716958074,pass,0.018863808142057712,pass,0.009936056874625175,0.029267663591859266,1.5424601937007685,False,below,trust,no_go,False
practitioner,19,healthy_b-2,healthy-b-2-1025,1025,snips,0.3892430026563874,0.37057516106830507,0.4063645508527153,,0.5933557027599691,0.5717391480095863,8.111199600008536,0.0,trust,1.0104235392359684,pass,0.9318753549720203,pass,0.016091356716958074,pass,0.018863808142057712,pass,0.009936056874625175,0.029267663591859266,1.5424601937007685,False,below,trust,no_go,False
practitioner,19,healthy_b-2,healthy-b-2-1025,1025,clipped_ips,0.38595768704415384,0.3720502431294984,0.3998160333532428,2.1003100265879855,0.5933557027599691,0.5717391480095863,8.111199600008536,0.0,trust,1.0104235392359684,pass,0.9318753549720203,pass,0.016091356716958074,pass,0.018863808142057712,pass,0.009936056874625175,0.029267663591859266,1.5424601937007685,False,below,trust,no_go,False
practitioner,19,healthy_b-2,healthy-b-2-1025,1025,dm,0.40766509595442496,0.4040807963211919,0.4115474656292316,,0.5933557027599691,0.5717391480095863,8.111199600008536,0.0,trust,1.0104235392359684,pass,0.9318753549720203,pass,0.016091356716958074,pass,0.018863808142057712,pass,0.009936056874625175,0.029267663591859266,1.5424601937007685,False,below,trust,no_go,False
practitioner,19,healthy_b-2,healthy-b-2-1025,1025,dr,0.3977290390797998,0.3807576080674307,0.41299977597426213,,0.5933557027599691,0.5717391480095863,8.111199600008536,0.0,trust,1.0104235392359684,pass,0.9318753549720203,pass,0.016091356716958074,pass,0.018863808142057712,pass,0.009936056874625175,0.029267663591859266,1.5424601937007685,False,below,trust,no_go,False
practitioner,19,healthy_b-2,healthy-b-2-1025,1025,switch_dr,0.39321413694966084,0.38013111006493755,0.4051199065936811,2.751259450977349,0.5933557027599691,0.5717391480095863,8.111199600008536,0.0,trust,1.0104235392359684,pass,0.9318753549720203,pass,0.016091356716958074,pass,0.018863808142057712,pass,0.009936056874625175,0.029267663591859266,1.5424601937007685,False,below,trust,no_go,False
practitioner,19,healthy_b-2,healthy-b-2-1025,1025,dros,0.40204879851445213,0.39246742915214505,0.4109553198726415,4.411302207786024,0.5933557027599691,0.5717391480095863,8.111199600008536,0.0,trust,1.0104235392359684,pass,0.9318753549720203,pass,0.016091356716958074,pass,0.018863808142057712,pass,0.009936056874625175,0.029267663591859266,1.5424601937007685,False,below,trust,no_go,False
practitioner,19,healthy_b2,healthy-b2-1025,1025,ips,0.6460124240275125,0.631319547017905,0.6617104726979987,,0.5933557027599691,0.9190452305226824,3.457153020894726,0.0,trust,1.0013272442839123,pass,0.9318753549720203,pass,0.009091176479098498,pass,0.03908886625264003,pass,0.008890677124714697,0.004465821925972521,1.1185506888712473,False,above,trust,go,True
practitioner,19,healthy_b2,healthy-b2-1025,1025,snips,0.6451561442228617,0.6319753447653494,0.6598049919172978,,0.5933557027599691,0.9190452305226824,3.457153020894726,0.0,trust,1.0013272442839123,pass,0.9318753549720203,pass,0.009091176479098498,pass,0.03908886625264003,pass,0.008890677124714697,0.004465821925972521,1.1185506888712473,False,above,trust,go,True
practitioner,19,healthy_b2,healthy-b2-1025,1025,clipped_ips,0.6207940017939161,0.6067271211082284,0.6354590621983848,1.3474784846863788,0.5933557027599691,0.9190452305226824,3.457153020894726,0.0,trust,1.0013272442839123,pass,0.9318753549720203,pass,0.009091176479098498,pass,0.03908886625264003,pass,0.008890677124714697,0.004465821925972521,1.1185506888712473,False,above,trust,go,True
practitioner,19,healthy_b2,healthy-b2-1025,1025,dm,0.6523948372915279,0.6490169953873514,0.6557187382169017,,0.5933557027599691,0.9190452305226824,3.457153020894726,0.0,trust,1.0013272442839123,pass,0.9318753549720203,pass,0.009091176479098498,pass,0.03908886625264003,pass,0.008890677124714697,0.004465821925972521,1.1185506888712473,False,above,trust,go,True
practitioner,19,healthy_b2,healthy-b2-1025,1025,dr,0.6435041601668132,0.6294112765596761,0.6581645964568167,,0.5933557027599691,0.9190452305226824,3.457153020894726,0.0,trust,1.0013272442839123,pass,0.9318753549720203,pass,0.009091176479098498,pass,0.03908886625264003,pass,0.008890677124714697,0.004465821925972521,1.1185506888712473,False,above,trust,go,True
practitioner,19,healthy_b2,healthy-b2-1025,1025,switch_dr,0.6567498015198344,0.6440902366288657,0.6694551656927442,1.5223211836947845,0.5933557027599691,0.9190452305226824,3.457153020894726,0.0,trust,1.0013272442839123,pass,0.9318753549720203,pass,0.009091176479098498,pass,0.03908886625264003,pass,0.008890677124714697,0.004465821925972521,1.1185506888712473,False,above,trust,go,True
practitioner,19,healthy_b2,healthy-b2-1025,1025,dros,0.6510471414064133,0.6419070715214931,0.6600680528365471,1.8156982666926995,0.5933557027599691,0.9190452305226824,3.457153020894726,0.0,trust,1.0013272442839123,pass,0.9318753549720203,pass,0.009091176479098498,pass,0.03908886625264003,pass,0.008890677124714697,0.004465821925972521,1.1185506888712473,False,above,trust,go,True
practitioner,19,healthy_b8,healthy-b8-1025,1025,ips,0.83027432654546,0.7929283776377923,0.8665322584265979,,0.5933557027599691,0.360691471667986,7.948650652702494,0.0,trust,1.0136121401453768,pass,0.9318753549720203,pass,0.015597413817982537,pass,0.15032571700409544,pass,0.017373025447773083,0.012851597244475299,1.702399475645685,False,above,trust,go,False
practitioner,19,healthy_b8,healthy-b8-1025,1025,snips,0.8191242918878007,0.7983083317125104,0.8392854091608279,,0.5933557027599691,0.360691471667986,7.948650652702494,0.0,trust,1.0136121401453768,pass,0.9318753549720203,pass,0.015597413817982537,pass,0.15032571700409544,pass,0.017373025447773083,0.012851597244475299,1.702399475645685,False,above,trust,go,False
practitioner,19,healthy_b8,healthy-b8-1025,1025,clipped_ips,0.7071388800519544,0.6803591367275663,0.7332185038339166,3.0005435733290606,0.5933557027599691,0.360691471667986,7.948650652702494,0.0,trust,1.0136121401453768,pass,0.9318753549720203,pass,0.015597413817982537,pass,0.15032571700409544,pass,0.017373025447773083,0.012851597244475299,1.702399475645685,False,above,trust,go,False
practitioner,19,healthy_b8,healthy-b8-1025,1025,dm,0.8332380306401594,0.828575226753688,0.8378225506486051,,0.5933557027599691,0.360691471667986,7.948650652702494,0.0,trust,1.0136121401453768,pass,0.9318753549720203,pass,0.015597413817982537,pass,0.15032571700409544,pass,0.017373025447773083,0.012851597244475299,1.702399475645685,False,above,trust,go,False
practitioner,19,healthy_b8,healthy-b8-1025,1025,dr,0.8158650051923864,0.7931603553216086,0.8383425153595585,,0.5933557027599691,0.360691471667986,7.948650652702494,0.0,trust,1.0136121401453768,pass,0.9318753549720203,pass,0.015597413817982537,pass,0.15032571700409544,pass,0.017373025447773083,0.012851597244475299,1.702399475645685,False,above,trust,go,False
practitioner,19,healthy_b8,healthy-b8-1025,1025,switch_dr,0.84434134518198,0.8286566952682801,0.859335808886003,4.129999500503493,0.5933557027599691,0.360691471667986,7.948650652702494,0.0,trust,1.0136121401453768,pass,0.9318753549720203,pass,0.015597413817982537,pass,0.15032571700409544,pass,0.017373025447773083,0.012851597244475299,1.702399475645685,False,above,trust,go,False
practitioner,19,healthy_b8,healthy-b8-1025,1025,dros,0.8384711633183395,0.8262613819879558,0.8494410352664721,9.003261735446328,0.5933557027599691,0.360691471667986,7.948650652702494,0.0,trust,1.0136121401453768,pass,0.9318753549720203,pass,0.015597413817982537,pass,0.15032571700409544,pass,0.017373025447773083,0.012851597244475299,1.702399475645685,False,above,trust,go,False
practitioner,19,healthy_b-2,healthy-b-2-1026,1026,ips,0.3693912068838121,0.3521296858960525,0.38676869499850275,,0.5975714798393511,0.5227104375612681,11.250188916296441,0.0,trust,0.9868496370811819,pass,1.0584878578931431,pass,0.0051837643054282925,pass,0.022796829326028098,pass,0.015489320468868216,0.03174249921847256,1.607799661361072,False,below,trust,no_go,False
practitioner,19,healthy_b-2,healthy-b-2-1026,1026,snips,0.3743135661237768,0.3567107945652085,0.39218799643645574,,0.5975714798393511,0.5227104375612681,11.250188916296441,0.0,trust,0.9868496370811819,pass,1.0584878578931431,pass,0.0051837643054282925,pass,0.022796829326028098,pass,0.015489320468868216,0.03174249921847256,1.607799661361072,False,below,trust,no_go,False
practitioner,19,healthy_b-2,healthy-b-2-1026,1026,clipped_ips,0.36578040364243614,0.35199122011272976,0.3784677825706398,2.090806981434373,0.5975714798393511,0.5227104375612681,11.250188916296441,0.0,trust,0.9868496370811819,pass,1.0584878578931431,pass,0.0051837643054282925,pass,0.022796829326028098,pass,0.015489320468868216,0.03174249921847256,1.607799661361072,False,below,trust,no_go,False
practitioner,19,healthy_b-2,healthy-b-2-1026,1026,dm,0.3807662733005685,0.3770959322240151,0.3842666530561458,,0.5975714798393511,0.5227104375612681,11.250188916296441,0.0,trust,0.9868496370811819,pass,1.0584878578931431,pass,0.0051837643054282925,pass,0.022796829326028098,pass,0.015489320468868216,0.03174249921847256,1.607799661361072,False,below,trust,no_go,False
practitioner,19,healthy_b-2,healthy-b-2-1026,1026,dr,0.3652769528317003,0.3468425164421651,0.3824628459997324,,0.5975714798393511,0.5227104375612681,11.250188916296441,0.0,trust,0.9868496370811819,pass,1.0584878578931431,pass,0.0051837643054282925,pass,0.022796829326028098,pass,0.015489320468868216,0.03174249921847256,1.607799661361072,False,below,trust,no_go,False
practitioner,19,healthy_b-2,healthy-b-2-1026,1026,switch_dr,0.36960343122488176,0.35614236801694565,0.3817429013408148,2.827406834743645,0.5975714798393511,0.5227104375612681,11.250188916296441,0.0,trust,0.9868496370811819,pass,1.0584878578931431,pass,0.0051837643054282925,pass,0.022796829326028098,pass,0.015489320468868216,0.03174249921847256,1.607799661361072,False,below,trust,no_go,False
practitioner,19,healthy_b-2,healthy-b-2-1026,1026,dros,0.3762443034663761,0.3670875293841078,0.38512609381095136,4.371473833614715,0.5975714798393511,0.5227104375612681,11.250188916296441,0.0,trust,0.9868496370811819,pass,1.0584878578931431,pass,0.0051837643054282925,pass,0.022796829326028098,pass,0.015489320468868216,0.03174249921847256,1.607799661361072,False,below,trust,no_go,False
practitioner,19,healthy_b2,healthy-b2-1026,1026,ips,0.6622773169565854,0.6463116303313061,0.6781965788361674,,0.5975714798393511,0.8969393980521866,4.118758671330667,0.0,trust,1.001678213940411,pass,1.0584878578931431,pass,-0.0018041679001439509,pass,0.044747995733457356,pass,0.006216124703872243,0.010313232575639483,1.147900419577197,False,above,trust,go,True
practitioner,19,healthy_b2,healthy-b2-1026,1026,snips,0.6611677360450048,0.6477099113218585,0.6735827378268343,,0.5975714798393511,0.8969393980521866,4.118758671330667,0.0,trust,1.001678213940411,pass,1.0584878578931431,pass,-0.0018041679001439509,pass,0.044747995733457356,pass,0.006216124703872243,0.010313232575639483,1.147900419577197,False,above,trust,go,True
practitioner,19,healthy_b2,healthy-b2-1026,1026,clipped_ips,0.6326913859249439,0.6184618820598081,0.6461363010720169,1.3925465501372656,0.5975714798393511,0.8969393980521866,4.118758671330667,0.0,trust,1.001678213940411,pass,1.0584878578931431,pass,-0.0018041679001439509,pass,0.044747995733457356,pass,0.006216124703872243,0.010313232575639483,1.147900419577197,False,above,trust,go,True
practitioner,19,healthy_b2,healthy-b2-1026,1026,dm,0.6681851014405383,0.6646059021765212,0.6720883316105855,,0.5975714798393511,0.8969393980521866,4.118758671330667,0.0,trust,1.001678213940411,pass,1.0584878578931431,pass,-0.0018041679001439509,pass,0.044747995733457356,pass,0.006216124703872243,0.010313232575639483,1.147900419577197,False,above,trust,go,True
practitioner,19,healthy_b2,healthy-b2-1026,1026,dr,0.6619689767366661,0.6497113621741735,0.6742432464678887,,0.5975714798393511,0.8969393980521866,4.118758671330667,0.0,trust,1.001678213940411,pass,1.0584878578931431,pass,-0.0018041679001439509,pass,0.044747995733457356,pass,0.006216124703872243,0.010313232575639483,1.147900419577197,False,above,trust,go,True
practitioner,19,healthy_b2,healthy-b2-1026,1026,switch_dr,0.6749791065897958,0.6636938090659934,0.6867483183187287,1.5904006186115498,0.5975714798393511,0.8969393980521866,4.118758671330667,0.0,trust,1.001678213940411,pass,1.0584878578931431,pass,-0.0018041679001439509,pass,0.044747995733457356,pass,0.006216124703872243,0.010313232575639483,1.147900419577197,False,above,trust,go,True
practitioner,19,healthy_b2,healthy-b2-1026,1026,dros,0.6685326876129368,0.6604155350246026,0.6767233789167358,1.9391858942992,0.5975714798393511,0.8969393980521866,4.118758671330667,0.0,trust,1.001678213940411,pass,1.0584878578931431,pass,-0.0018041679001439509,pass,0.044747995733457356,pass,0.006216124703872243,0.010313232575639483,1.147900419577197,False,above,trust,go,True
practitioner,19,healthy_b8,healthy-b8-1026,1026,ips,0.8322978788307626,0.7964768178144407,0.8697440584828833,,0.5975714798393511,0.35324046497567524,7.618251742191254,0.0,trust,0.9979365289113726,pass,1.0584878578931431,pass,0.006233941947008136,pass,0.15371099175845843,pass,0.008362752820845445,0.034340429356789805,1.7422326176192713,False,above,trust,go,False
practitioner,19,healthy_b8,healthy-b8-1026,1026,snips,0.8340188526205151,0.8127237905270892,0.8547585429141643,,0.5975714798393511,0.35324046497567524,7.618251742191254,0.0,trust,0.9979365289113726,pass,1.0584878578931431,pass,0.006233941947008136,pass,0.15371099175845843,pass,0.008362752820845445,0.034340429356789805,1.7422326176192713,False,above,trust,go,False
practitioner,19,healthy_b8,healthy-b8-1026,1026,clipped_ips,0.7058209876389642,0.6805167016110218,0.7326790292728278,2.993427448620636,0.5975714798393511,0.35324046497567524,7.618251742191254,0.0,trust,0.9979365289113726,pass,1.0584878578931431,pass,0.006233941947008136,pass,0.15371099175845843,pass,0.008362752820845445,0.034340429356789805,1.7422326176192713,False,above,trust,go,False
practitioner,19,healthy_b8,healthy-b8-1026,1026,dm,0.845109850987825,0.8402563015272346,0.8503325042140729,,0.5975714798393511,0.35324046497567524,7.618251742191254,0.0,trust,0.9979365289113726,pass,1.0584878578931431,pass,0.006233941947008136,pass,0.15371099175845843,pass,0.008362752820845445,0.034340429356789805,1.7422326176192713,False,above,trust,go,False
practitioner,19,healthy_b8,healthy-b8-1026,1026,dr,0.8367470981669796,0.817329405710861,0.8568639115734127,,0.5975714798393511,0.35324046497567524,7.618251742191254,0.0,trust,0.9979365289113726,pass,1.0584878578931431,pass,0.006233941947008136,pass,0.15371099175845843,pass,0.008362752820845445,0.034340429356789805,1.7422326176192713,False,above,trust,go,False
practitioner,19,healthy_b8,healthy-b8-1026,1026,switch_dr,0.8563583264867503,0.8416406831411601,0.8719081533811406,4.08999076023807,0.5975714798393511,0.35324046497567524,7.618251742191254,0.0,trust,0.9979365289113726,pass,1.0584878578931431,pass,0.006233941947008136,pass,0.15371099175845843,pass,0.008362752820845445,0.034340429356789805,1.7422326176192713,False,above,trust,go,False
practitioner,19,healthy_b8,healthy-b8-1026,1026,dros,0.8517510600071265,0.8413742569690716,0.8620905414994966,8.96060789015545,0.5975714798393511,0.35324046497567524,7.618251742191254,0.0,trust,0.9979365289113726,pass,1.0584878578931431,pass,0.006233941947008136,pass,0.15371099175845843,pass,0.008362752820845445,0.034340429356789805,1.7422326176192713,False,above,trust,go,False
practitioner,19,healthy_b-2,healthy-b-2-1027,1027,ips,0.3831409122347703,0.3665145383332108,0.40005768129123503,,0.5877395534929795,0.5619096514594276,11.526784778235022,0.0,trust,1.005031251620941,pass,1.0557154942811682,pass,0.004144066973118259,pass,0.0180571454246779,pass,0.008613094670733092,0.015818448914705012,1.5558886791349829,False,below,trust,no_go,False
practitioner,19,healthy_b-2,healthy-b-2-1027,1027,snips,0.38122288398179704,0.3622525436728561,0.40010806862944465,,0.5877395534929795,0.5619096514594276,11.526784778235022,0.0,trust,1.005031251620941,pass,1.0557154942811682,pass,0.004144066973118259,pass,0.0180571454246779,pass,0.008613094670733092,0.015818448914705012,1.5558886791349829,False,below,trust,no_go,False
practitioner,19,healthy_b-2,healthy-b-2-1027,1027,clipped_ips,0.3762571151794959,0.36278459760647835,0.3903605810001596,2.0900782416443002,0.5877395534929795,0.5619096514594276,11.526784778235022,0.0,trust,1.005031251620941,pass,1.0557154942811682,pass,0.004144066973118259,pass,0.0180571454246779,pass,0.008613094670733092,0.015818448914705012,1.5558886791349829,False,below,trust,no_go,False
practitioner,19,healthy_b-2,healthy-b-2-1027,1027,dm,0.39000066350960205,0.38580103449866765,0.39384930858867584,,0.5877395534929795,0.5619096514594276,11.526784778235022,0.0,trust,1.005031251620941,pass,1.0557154942811682,pass,0.004144066973118259,pass,0.0180571454246779,pass,0.008613094670733092,0.015818448914705012,1.5558886791349829,False,below,trust,no_go,False
practitioner,19,healthy_b-2,healthy-b-2-1027,1027,dr,0.381387568838869,0.3638423397182077,0.3981271046091083,,0.5877395534929795,0.5619096514594276,11.526784778235022,0.0,trust,1.005031251620941,pass,1.0557154942811682,pass,0.004144066973118259,pass,0.0180571454246779,pass,0.008613094670733092,0.015818448914705012,1.5558886791349829,False,below,trust,no_go,False
practitioner,19,healthy_b-2,healthy-b-2-1027,1027,switch_dr,0.37528582489397716,0.3609464019425506,0.3888949027680115,2.7518916974036687,0.5877395534929795,0.5619096514594276,11.526784778235022,0.0,trust,1.005031251620941,pass,1.0557154942811682,pass,0.004144066973118259,pass,0.0180571454246779,pass,0.008613094670733092,0.015818448914705012,1.5558886791349829,False,below,trust,no_go,False
practitioner,19,healthy_b-2,healthy-b-2-1027,1027,dros,0.38572830102520345,0.37542089470754103,0.39481887683583633,4.36842705619493,0.5877395534929795,0.5619096514594276,11.526784778235022,0.0,trust,1.005031251620941,pass,1.0557154942811682,pass,0.004144066973118259,pass,0.0180571454246779,pass,0.008613094670733092,0.015818448914705012,1.5558886791349829,False,below,trust,no_go,False
practitioner,19,healthy_b2,healthy-b2-1027,1027,ips,0.6423093623073798,0.6269113863947114,0.6590256436649755,,0.5877395534929795,0.9188168899208758,3.0302452283944237,0.0,trust,0.9971071309155235,pass,1.0557154942811682,pass,-0.004909573581797068,pass,0.04237775816023712,pass,0.006271663678899205,0.0026095251298813727,1.1289639701363927,False,above,trust,go,True
practitioner,19,healthy_b2,healthy-b2-1027,1027,snips,0.6441728700883168,0.6300817968555359,0.6583644530964596,,0.5877395534929795,0.9188168899208758,3.0302452283944237,0.0,trust,0.9971071309155235,pass,1.0557154942811682,pass,-0.004909573581797068,pass,0.04237775816023712,pass,0.006271663678899205,0.0026095251298813727,1.1289639701363927,False,above,trust,go,True
practitioner,19,healthy_b2,healthy-b2-1027,1027,clipped_ips,0.6168742679863283,0.6024671644149947,0.6325085404647082,1.340095893215957,0.5877395534929795,0.9188168899208758,3.0302452283944237,0.0,trust,0.9971071309155235,pass,1.0557154942811682,pass,-0.004909573581797068,pass,0.04237775816023712,pass,0.006271663678899205,0.0026095251298813727,1.1289639701363927,False,above,trust,go,True
practitioner,19,healthy_b2,healthy-b2-1027,1027,dm,0.6528887451467239,0.6494104458165504,0.6574651366838271,,0.5877395534929795,0.9188168899208758,3.0302452283944237,0.0,trust,0.9971071309155235,pass,1.0557154942811682,pass,-0.004909573581797068,pass,0.04237775816023712,pass,0.006271663678899205,0.0026095251298813727,1.1289639701363927,False,above,trust,go,True
practitioner,19,healthy_b2,healthy-b2-1027,1027,dr,0.6466170814678247,0.6331007289456191,0.6599116774578745,,0.5877395534929795,0.9188168899208758,3.0302452283944237,0.0,trust,0.9971071309155235,pass,1.0557154942811682,pass,-0.004909573581797068,pass,0.04237775816023712,pass,0.006271663678899205,0.0026095251298813727,1.1289639701363927,False,above,trust,go,True
practitioner,19,healthy_b2,healthy-b2-1027,1027,switch_dr,0.6639394529667076,0.6508346430195135,0.6760232042982651,1.525703131510647,0.5877395534929795,0.9188168899208758,3.0302452283944237,0.0,trust,0.9971071309155235,pass,1.0557154942811682,pass,-0.004909573581797068,pass,0.04237775816023712,pass,0.006271663678899205,0.0026095251298813727,1.1289639701363927,False,above,trust,go,True
practitioner,19,healthy_b2,healthy-b2-1027,1027,dros,0.6534202633784246,0.6444072002172299,0.6617198008238222,1.7958570030142738,0.5877395534929795,0.9188168899208758,3.0302452283944237,0.0,trust,0.9971071309155235,pass,1.0557154942811682,pass,-0.004909573581797068,pass,0.04237775816023712,pass,0.006271663678899205,0.0026095251298813727,1.1289639701363927,False,above,trust,go,True
practitioner,19,healthy_b8,healthy-b8-1027,1027,ips,0.8262476805257132,0.7912646764434256,0.8640940487155754,,0.5877395534929795,0.35339357086509565,7.6153132123784095,0.0,trust,0.9915113092105869,pass,1.0557154942811682,pass,-0.02337159583704306,pass,0.16485894496761766,pass,0.01222391025122074,0.0175257260192833,1.7723862450016103,False,above,trust,go,False
practitioner,19,healthy_b8,healthy-b8-1027,1027,snips,0.8333214889737849,0.8143107543000575,0.856429451279337,,0.5877395534929795,0.35339357086509565,7.6153132123784095,0.0,trust,0.9915113092105869,pass,1.0557154942811682,pass,-0.02337159583704306,pass,0.16485894496761766,pass,0.01222391025122074,0.0175257260192833,1.7723862450016103,False,above,trust,go,False
practitioner,19,healthy_b8,healthy-b8-1027,1027,clipped_ips,0.6959409874827225,0.6691906159530302,0.724841546579205,2.969423013650553,0.5877395534929795,0.35339357086509565,7.6153132123784095,0.0,trust,0.9915113092105869,pass,1.0557154942811682,pass,-0.02337159583704306,pass,0.16485894496761766,pass,0.01222391025122074,0.0175257260192833,1.7723862450016103,False,above,trust,go,False
practitioner,19,healthy_b8,healthy-b8-1027,1027,dm,0.8435673823375234,0.8391066744155188,0.8491874459205075,,0.5877395534929795,0.35339357086509565,7.6153132123784095,0.0,trust,0.9915113092105869,pass,1.0557154942811682,pass,-0.02337159583704306,pass,0.16485894496761766,pass,0.01222391025122074,0.0175257260192833,1.7723862450016103,False,above,trust,go,False
practitioner,19,healthy_b8,healthy-b8-1027,1027,dr,0.8313434720863027,0.812656798236656,0.854267373542167,,0.5877395534929795,0.35339357086509565,7.6153132123784095,0.0,trust,0.9915113092105869,pass,1.0557154942811682,pass,-0.02337159583704306,pass,0.16485894496761766,pass,0.01222391025122074,0.0175257260192833,1.7723862450016103,False,above,trust,go,False
practitioner,19,healthy_b8,healthy-b8-1027,1027,switch_dr,0.867079876236171,0.8523770184673048,0.8821371262499,4.166067381662949,0.5877395534929795,0.35339357086509565,7.6153132123784095,0.0,trust,0.9915113092105869,pass,1.0557154942811682,pass,-0.02337159583704306,pass,0.16485894496761766,pass,0.01222391025122074,0.0175257260192833,1.7723862450016103,False,above,trust,go,False
practitioner,19,healthy_b8,healthy-b8-1027,1027,dros,0.8513380643604243,0.8409285933207454,0.8619406855408904,8.817473033997533,0.5877395534929795,0.35339357086509565,7.6153132123784095,0.0,trust,0.9915113092105869,pass,1.0557154942811682,pass,-0.02337159583704306,pass,0.16485894496761766,pass,0.01222391025122074,0.0175257260192833,1.7723862450016103,False,above,trust,go,False
practitioner,19,healthy_b-2,healthy-b-2-1028,1028,ips,0.3865674096306975,0.37052123465641706,0.4017517423047625,,0.590143846918677,0.5742729266615868,7.630934520193608,0.0,trust,1.0074144658932027,pass,1.0716700404101358,pass,0.0017759369327179156,pass,0.02285932921992506,pass,0.00911148179531778,0.01626973130559012,1.5578009372390245,False,below,trust,no_go,False
practitioner,19,healthy_b-2,healthy-b-2-1028,1028,snips,0.3837223136238725,0.36532618260453525,0.40171092882169807,,0.590143846918677,0.5742729266615868,7.630934520193608,0.0,trust,1.0074144658932027,pass,1.0716700404101358,pass,0.0017759369327179156,pass,0.02285932921992506,pass,0.00911148179531778,0.01626973130559012,1.5578009372390245,False,below,trust,no_go,False
practitioner,19,healthy_b-2,healthy-b-2-1028,1028,clipped_ips,0.3777957749345381,0.36419575241759256,0.39077282253263385,2.153951348730101,0.590143846918677,0.5742729266615868,7.630934520193608,0.0,trust,1.0074144658932027,pass,1.0716700404101358,pass,0.0017759369327179156,pass,0.02285932921992506,pass,0.00911148179531778,0.01626973130559012,1.5578009372390245,False,below,trust,no_go,False
practitioner,19,healthy_b-2,healthy-b-2-1028,1028,dm,0.3920975107387596,0.3883379254684642,0.3958570980358811,,0.590143846918677,0.5742729266615868,7.630934520193608,0.0,trust,1.0074144658932027,pass,1.0716700404101358,pass,0.0017759369327179156,pass,0.02285932921992506,pass,0.00911148179531778,0.01626973130559012,1.5578009372390245,False,below,trust,no_go,False
practitioner,19,healthy_b-2,healthy-b-2-1028,1028,dr,0.3829860289434418,0.366910792174946,0.39874654355212147,,0.590143846918677,0.5742729266615868,7.630934520193608,0.0,trust,1.0074144658932027,pass,1.0716700404101358,pass,0.0017759369327179156,pass,0.02285932921992506,pass,0.00911148179531778,0.01626973130559012,1.5578009372390245,False,below,trust,no_go,False
practitioner,19,healthy_b-2,healthy-b-2-1028,1028,switch_dr,0.37240896447128846,0.35953520987571624,0.38530156225093176,2.822442220562501,0.590143846918677,0.5742729266615868,7.630934520193608,0.0,trust,1.0074144658932027,pass,1.0716700404101358,pass,0.0017759369327179156,pass,0.02285932921992506,pass,0.00911148179531778,0.01626973130559012,1.5578009372390245,False,below,trust,no_go,False
practitioner,19,healthy_b-2,healthy-b-2-1028,1028,dros,0.385865983927364,0.3762520778801331,0.39505929750263263,4.639506412696221,0.590143846918677,0.5742729266615868,7.630934520193608,0.0,trust,1.0074144658932027,pass,1.0716700404101358,pass,0.0017759369327179156,pass,0.02285932921992506,pass,0.00911148179531778,0.01626973130559012,1.5578009372390245,False,below,trust,no_go,False
practitioner,19,healthy_b2,healthy-b2-1028,1028,ips,0.6494318807116392,0.6327955240760215,0.6663986932760555,,0.590143846918677,0.9159171553363673,3.405610615739703,0.0,trust,1.0019651257908293,pass,1.0716700404101358,pass,3.777331690620857e-06,pass,0.04059121464305824,pass,0.0075870832354651245,0.005763895079819265,1.1342764320905325,False,above,trust,go,True
practitioner,19,healthy_b2,healthy-b2-1028,1028,snips,0.648158168378422,0.6337035940837813,0.6626095941917788,,0.590143846918677,0.9159171553363673,3.405610615739703,0.0,trust,1.0019651257908293,pass,1.0716700404101358,pass,3.777331690620857e-06,pass,0.04059121464305824,pass,0.0075870832354651245,0.005763895079819265,1.1342764320905325,False,above,trust,go,True
practitioner,19,healthy_b2,healthy-b2-1028,1028,clipped_ips,0.6231223533763391,0.6074664983078855,0.639170479886871,1.3493831586533769,0.590143846918677,0.9159171553363673,3.405610615739703,0.0,trust,1.0019651257908293,pass,1.0716700404101358,pass,3.777331690620857e-06,pass,0.04059121464305824,pass,0.0075870832354651245,0.005763895079819265,1.1342764320905325,False,above,trust,go,True
practitioner,19,healthy_b2,healthy-b2-1028,1028,dm,0.6562678802952719,0.6525634743708568,0.6598482644337974,,0.590143846918677,0.9159171553363673,3.405610615739703,0.0,trust,1.0019651257908293,pass,1.0716700404101358,pass,3.777331690620857e-06,pass,0.04059121464305824,pass,0.0075870832354651245,0.005763895079819265,1.1342764320905325,False,above,trust,go,True
practitioner,19,healthy_b2,healthy-b2-1028,1028,dr,0.6486807970598069,0.6360618194717185,0.6621093861978402,,0.590143846918677,0.9159171553363673,3.405610615739703,0.0,trust,1.0019651257908293,pass,1.0716700404101358,pass,3.777331690620857e-06,pass,0.04059121464305824,pass,0.0075870832354651245,0.005763895079819265,1.1342764320905325,False,above,trust,go,True
practitioner,19,healthy_b2,healthy-b2-1028,1028,switch_dr,0.662827116491606,0.6504877081563741,0.6750982183747689,1.5273909667189642,0.590143846918677,0.9159171553363673,3.405610615739703,0.0,trust,1.0019651257908293,pass,1.0716700404101358,pass,3.777331690620857e-06,pass,0.04059121464305824,pass,0.0075870832354651245,0.005763895079819265,1.1342764320905325,False,above,trust,go,True
practitioner,19,healthy_b2,healthy-b2-1028,1028,dros,0.655796635596888,0.647311167901432,0.6642949579734532,1.8208349088573645,0.590143846918677,0.9159171553363673,3.405610615739703,0.0,trust,1.0019651257908293,pass,1.0716700404101358,pass,3.777331690620857e-06,pass,0.04059121464305824,pass,0.0075870832354651245,0.005763895079819265,1.1342764320905325,False,above,trust,go,True
practitioner,19,healthy_b8,healthy-b8-1028,1028,ips,0.8309294383600886,0.7959592466145499,0.8675301965032136,,0.590143846918677,0.3644409973258415,7.918154076532697,0.0,trust,0.9979143492335014,pass,1.0716700404101358,pass,-0.00020144858716852809,pass,0.154324089210115,pass,0.011088068135818564,0.0212871034872003,1.7814580331046759,False,above,trust,go,False
practitioner,19,healthy_b8,healthy-b8-1028,1028,snips,0.8326660890269049,0.8131223116790359,0.851153823699233,,0.590143846918677,0.3644409973258415,7.918154076532697,0.0,trust,0.9979143492335014,pass,1.0716700404101358,pass,-0.00020144858716852809,pass,0.154324089210115,pass,0.011088068135818564,0.0212871034872003,1.7814580331046759,False,above,trust,go,False
practitioner,19,healthy_b8,healthy-b8-1028,1028,clipped_ips,0.7041656532216792,0.6783339768116875,0.7316728985089572,2.9197222896388806,0.590143846918677,0.3644409973258415,7.918154076532697,0.0,trust,0.9979143492335014,pass,1.0716700404101358,pass,-0.00020144858716852809,pass,0.154324089210115,pass,0.011088068135818564,0.0212871034872003,1.7814580331046759,False,above,trust,go,False
practitioner,19,healthy_b8,healthy-b8-1028,1028,dm,0.8366834351335722,0.8319566865764099,0.8412166984792087,,0.590143846918677,0.3644409973258415,7.918154076532697,0.0,trust,0.9979143492335014,pass,1.0716700404101358,pass,-0.00020144858716852809,pass,0.154324089210115,pass,0.011088068135818564,0.0212871034872003,1.7814580331046759,False,above,trust,go,False
practitioner,19,healthy_b8,healthy-b8-1028,1028,dr,0.8255953669977537,0.8049937501236839,0.8443898806158584,,0.590143846918677,0.3644409973258415,7.918154076532697,0.0,trust,0.9979143492335014,pass,1.0716700404101358,pass,-0.00020144858716852809,pass,0.154324089210115,pass,0.011088068135818564,0.0212871034872003,1.7814580331046759,False,above,trust,go,False
practitioner,19,healthy_b8,healthy-b8-1028,1028,switch_dr,0.8560135997955645,0.8413955840581882,0.8699865910347236,4.106935332398188,0.590143846918677,0.3644409973258415,7.918154076532697,0.0,trust,0.9979143492335014,pass,1.0716700404101358,pass,-0.00020144858716852809,pass,0.154324089210115,pass,0.011088068135818564,0.0212871034872003,1.7814580331046759,False,above,trust,go,False
practitioner,19,healthy_b8,healthy-b8-1028,1028,dros,0.8428857325402781,0.8321787330949403,0.8530945072612376,8.524778248614107,0.590143846918677,0.3644409973258415,7.918154076532697,0.0,trust,0.9979143492335014,pass,1.0716700404101358,pass,-0.00020144858716852809,pass,0.154324089210115,pass,0.011088068135818564,0.0212871034872003,1.7814580331046759,False,above,trust,go,False
practitioner,19,healthy_b-2,healthy-b-2-1029,1029,ips,0.38247668422752434,0.3649897881800387,0.39851508439075295,,0.5894537454268061,0.5677526918126811,8.66430230939585,0.0,trust,1.0045399584895072,pass,1.0636556194281972,pass,-0.0033171418987371693,pass,0.006869148329360917,pass,0.014581720330068246,0.012773019649336472,1.561395665817927,False,below,trust,no_go,False
practitioner,19,healthy_b-2,healthy-b-2-1029,1029,snips,0.380748103642031,0.36272671810226464,0.3992974337505366,,0.5894537454268061,0.5677526918126811,8.66430230939585,0.0,trust,1.0045399584895072,pass,1.0636556194281972,pass,-0.0033171418987371693,pass,0.006869148329360917,pass,0.014581720330068246,0.012773019649336472,1.561395665817927,False,below,trust,no_go,False
practitioner,19,healthy_b-2,healthy-b-2-1029,1029,clipped_ips,0.37986126902748435,0.3656384844675724,0.3939201995895376,2.093246460830471,0.5894537454268061,0.5677526918126811,8.66430230939585,0.0,trust,1.0045399584895072,pass,1.0636556194281972,pass,-0.0033171418987371693,pass,0.006869148329360917,pass,0.014581720330068246,0.012773019649336472,1.561395665817927,False,below,trust,no_go,False
practitioner,19,healthy_b-2,healthy-b-2-1029,1029,dm,0.3940684555216845,0.3903077936322309,0.39797347865750304,,0.5894537454268061,0.5677526918126811,8.66430230939585,0.0,trust,1.0045399584895072,pass,1.0636556194281972,pass,-0.0033171418987371693,pass,0.006869148329360917,pass,0.014581720330068246,0.012773019649336472,1.561395665817927,False,below,trust,no_go,False
practitioner,19,healthy_b-2,healthy-b-2-1029,1029,dr,0.37948673519161624,0.36264010938399466,0.39591669405462526,,0.5894537454268061,0.5677526918126811,8.66430230939585,0.0,trust,1.0045399584895072,pass,1.0636556194281972,pass,-0.0033171418987371693,pass,0.006869148329360917,pass,0.014581720330068246,0.012773019649336472,1.561395665817927,False,below,trust,no_go,False
practitioner,19,healthy_b-2,healthy-b-2-1029,1029,switch_dr,0.38485190793720697,0.371499450245579,0.3967598501997819,2.7609864751913378,0.5894537454268061,0.5677526918126811,8.66430230939585,0.0,trust,1.0045399584895072,pass,1.0636556194281972,pass,-0.0033171418987371693,pass,0.006869148329360917,pass,0.014581720330068246,0.012773019649336472,1.561395665817927,False,below,trust,no_go,False
practitioner,19,healthy_b-2,healthy-b-2-1029,1029,dros,0.3900382376437225,0.3808207782526313,0.3988816768060025,4.381680745779292,0.5894537454268061,0.5677526918126811,8.66430230939585,0.0,trust,1.0045399584895072,pass,1.0636556194281972,pass,-0.0033171418987371693,pass,0.006869148329360917,pass,0.014581720330068246,0.012773019649336472,1.561395665817927,False,below,trust,no_go,False
practitioner,19,healthy_b2,healthy-b2-1029,1029,ips,0.6420335278234511,0.6270347169024798,0.6567496942447443,,0.5894537454268061,0.926994475322003,3.4013120890951902,0.0,trust,1.0011105398760058,pass,1.0636556194281972,pass,-0.004818602415662842,pass,0.03670566410532702,pass,0.007342252919172574,0.008661587433521033,1.1187042933993627,False,above,trust,go,True
practitioner,19,healthy_b2,healthy-b2-1029,1029,snips,0.641321314929889,0.627174379996337,0.6550500269581698,,0.5894537454268061,0.926994475322003,3.4013120890951902,0.0,trust,1.0011105398760058,pass,1.0636556194281972,pass,-0.004818602415662842,pass,0.03670566410532702,pass,0.007342252919172574,0.008661587433521033,1.1187042933993627,False,above,trust,go,True
practitioner,19,healthy_b2,healthy-b2-1029,1029,clipped_ips,0.618493403054048,0.6033472115756233,0.6315653625631845,1.3227958682955132,0.5894537454268061,0.926994475322003,3.4013120890951902,0.0,trust,1.0011105398760058,pass,1.0636556194281972,pass,-0.004818602415662842,pass,0.03670566410532702,pass,0.007342252919172574,0.008661587433521033,1.1187042933993627,False,above,trust,go,True
practitioner,19,healthy_b2,healthy-b2-1029,1029,dm,0.6477819174919277,0.644393455305686,0.6512855341304189,,0.5894537454268061,0.926994475322003,3.4013120890951902,0.0,trust,1.0011105398760058,pass,1.0636556194281972,pass,-0.004818602415662842,pass,0.03670566410532702,pass,0.007342252919172574,0.008661587433521033,1.1187042933993627,False,above,trust,go,True
practitioner,19,healthy_b2,healthy-b2-1029,1029,dr,0.6404396645727551,0.6278730529994699,0.6537439766982235,,0.5894537454268061,0.926994475322003,3.4013120890951902,0.0,trust,1.0011105398760058,pass,1.0636556194281972,pass,-0.004818602415662842,pass,0.03670566410532702,pass,0.007342252919172574,0.008661587433521033,1.1187042933993627,False,above,trust,go,True
practitioner,19,healthy_b2,healthy-b2-1029,1029,switch_dr,0.6568853102056995,0.6456526911524063,0.6695073016926747,1.4887504851536788,0.5894537454268061,0.926994475322003,3.4013120890951902,0.0,trust,1.0011105398760058,pass,1.0636556194281972,pass,-0.004818602415662842,pass,0.03670566410532702,pass,0.007342252919172574,0.008661587433521033,1.1187042933993627,False,above,trust,go,True
practitioner,19,healthy_b2,healthy-b2-1029,1029,dros,0.6475518542320204,0.640083629166246,0.6560782384094049,1.7497889091796808,0.5894537454268061,0.926994475322003,3.4013120890951902,0.0,trust,1.0011105398760058,pass,1.0636556194281972,pass,-0.004818602415662842,pass,0.03670566410532702,pass,0.007342252919172574,0.008661587433521033,1.1187042933993627,False,above,trust,go,True
practitioner,19,healthy_b8,healthy-b8-1029,1029,ips,0.8225732015598377,0.788739205848058,0.8543902034860662,,0.5894537454268061,0.3753912794546377,7.06703638318359,0.0,trust,1.004441980606807,pass,1.0636556194281972,pass,0.00077682208690872,pass,0.14557361656878653,pass,0.012878402397316262,0.03326184108843438,1.7050442827378456,False,above,trust,go,False
practitioner,19,healthy_b8,healthy-b8-1029,1029,snips,0.8189355059242963,0.8004285552868576,0.8392528388772069,,0.5894537454268061,0.3753912794546377,7.06703638318359,0.0,trust,1.004441980606807,pass,1.0636556194281972,pass,0.00077682208690872,pass,0.14557361656878653,pass,0.012878402397316262,0.03326184108843438,1.7050442827378456,False,above,trust,go,False
practitioner,19,healthy_b8,healthy-b8-1029,1029,clipped_ips,0.703357798225849,0.6776369458003675,0.7292900304630784,2.874992729216636,0.5894537454268061,0.3753912794546377,7.06703638318359,0.0,trust,1.004441980606807,pass,1.0636556194281972,pass,0.00077682208690872,pass,0.14557361656878653,pass,0.012878402397316262,0.03326184108843438,1.7050442827378456,False,above,trust,go,False
practitioner,19,healthy_b8,healthy-b8-1029,1029,dm,0.8281687008804423,0.8234418301570947,0.8329241401199098,,0.5894537454268061,0.3753912794546377,7.06703638318359,0.0,trust,1.004441980606807,pass,1.0636556194281972,pass,0.00077682208690872,pass,0.14557361656878653,pass,0.012878402397316262,0.03326184108843438,1.7050442827378456,False,above,trust,go,False
practitioner,19,healthy_b8,healthy-b8-1029,1029,dr,0.815290298483126,0.7966530396663997,0.8360454107289209,,0.5894537454268061,0.3753912794546377,7.06703638318359,0.0,trust,1.004441980606807,pass,1.0636556194281972,pass,0.00077682208690872,pass,0.14557361656878653,pass,0.012878402397316262,0.03326184108843438,1.7050442827378456,False,above,trust,go,False
practitioner,19,healthy_b8,healthy-b8-1029,1029,switch_dr,0.8501211106097528,0.8339857882673365,0.864309869725916,4.005743524976504,0.5894537454268061,0.3753912794546377,7.06703638318359,0.0,trust,1.004441980606807,pass,1.0636556194281972,pass,0.00077682208690872,pass,0.14557361656878653,pass,0.012878402397316262,0.03326184108843438,1.7050442827378456,False,above,trust,go,False
practitioner,19,healthy_b8,healthy-b8-1029,1029,dros,0.8359631752330099,0.8263998285294081,0.8464364908279817,8.265583193048522,0.5894537454268061,0.3753912794546377,7.06703638318359,0.0,trust,1.004441980606807,pass,1.0636556194281972,pass,0.00077682208690872,pass,0.14557361656878653,pass,0.012878402397316262,0.03326184108843438,1.7050442827378456,False,above,trust,go,False
practitioner,19,healthy_b-2,healthy-b-2-1030,1030,ips,0.3695987182347825,0.35477335996273035,0.384269578665206,,0.5781168851048011,0.5682401260763394,6.97763585684592,0.0,trust,1.0068976885211014,pass,0.9566462075029607,pass,0.0028466568155774497,pass,0.019383766288002032,pass,0.008742634821232513,0.02582094603113615,1.5826233140685573,False,below,trust,no_go,False
practitioner,19,healthy_b-2,healthy-b-2-1030,1030,snips,0.3670668057423363,0.35104932058825516,0.38375029402296124,,0.5781168851048011,0.5682401260763394,6.97763585684592,0.0,trust,1.0068976885211014,pass,0.9566462075029607,pass,0.0028466568155774497,pass,0.019383766288002032,pass,0.008742634821232513,0.02582094603113615,1.5826233140685573,False,below,trust,no_go,False
practitioner,19,healthy_b-2,healthy-b-2-1030,1030,clipped_ips,0.36248358106018963,0.34958711398531916,0.3747784105264999,2.1720603174040036,0.5781168851048011,0.5682401260763394,6.97763585684592,0.0,trust,1.0068976885211014,pass,0.9566462075029607,pass,0.0028466568155774497,pass,0.019383766288002032,pass,0.008742634821232513,0.02582094603113615,1.5826233140685573,False,below,trust,no_go,False
practitioner,19,healthy_b-2,healthy-b-2-1030,1030,dm,0.37728314941343544,0.3736180040289553,0.38068206192732273,,0.5781168851048011,0.5682401260763394,6.97763585684592,0.0,trust,1.0068976885211014,pass,0.9566462075029607,pass,0.0028466568155774497,pass,0.019383766288002032,pass,0.008742634821232513,0.02582094603113615,1.5826233140685573,False,below,trust,no_go,False
practitioner,19,healthy_b-2,healthy-b-2-1030,1030,dr,0.36854051459220294,0.35395113034429015,0.38422230591335815,,0.5781168851048011,0.5682401260763394,6.97763585684592,0.0,trust,1.0068976885211014,pass,0.9566462075029607,pass,0.0028466568155774497,pass,0.019383766288002032,pass,0.008742634821232513,0.02582094603113615,1.5826233140685573,False,below,trust,no_go,False
practitioner,19,healthy_b-2,healthy-b-2-1030,1030,switch_dr,0.35917236865542473,0.3463090830077122,0.37171270089426023,2.7979169315597767,0.5781168851048011,0.5682401260763394,6.97763585684592,0.0,trust,1.0068976885211014,pass,0.9566462075029607,pass,0.0028466568155774497,pass,0.019383766288002032,pass,0.008742634821232513,0.02582094603113615,1.5826233140685573,False,below,trust,no_go,False
practitioner,19,healthy_b-2,healthy-b-2-1030,1030,dros,0.37074293296214644,0.36151944351694776,0.3797685717097562,4.717846022441181,0.5781168851048011,0.5682401260763394,6.97763585684592,0.0,trust,1.0068976885211014,pass,0.9566462075029607,pass,0.0028466568155774497,pass,0.019383766288002032,pass,0.008742634821232513,0.02582094603113615,1.5826233140685573,False,below,trust,no_go,False
practitioner,19,healthy_b2,healthy-b2-1030,1030,ips,0.6369475868694068,0.6206959813114022,0.6540626331501561,,0.5781168851048011,0.9067704290068832,3.495748858626564,0.0,trust,0.9965461739632002,pass,0.9566462075029607,pass,0.008523503408617681,pass,0.045060382037593535,pass,0.007521929185807111,0.009417805356005862,1.1398549054624414,False,above,trust,go,True
practitioner,19,healthy_b2,healthy-b2-1030,1030,snips,0.6391551174556288,0.624594236273324,0.6531552786550113,,0.5781168851048011,0.9067704290068832,3.495748858626564,0.0,trust,0.9965461739632002,pass,0.9566462075029607,pass,0.008523503408617681,pass,0.045060382037593535,pass,0.007521929185807111,0.009417805356005862,1.1398549054624414,False,above,trust,go,True
practitioner,19,healthy_b2,healthy-b2-1030,1030,clipped_ips,0.6103545436817952,0.5952004929570167,0.6253296017941463,1.3761207233097381,0.5781168851048011,0.9067704290068832,3.495748858626564,0.0,trust,0.9965461739632002,pass,0.9566462075029607,pass,0.008523503408617681,pass,0.045060382037593535,pass,0.007521929185807111,0.009417805356005862,1.1398549054624414,False,above,trust,go,True
practitioner,19,healthy_b2,healthy-b2-1030,1030,dm,0.6503497650842156,0.6467721929241586,0.6541992347425551,,0.5781168851048011,0.9067704290068832,3.495748858626564,0.0,trust,0.9965461739632002,pass,0.9566462075029607,pass,0.008523503408617681,pass,0.045060382037593535,pass,0.007521929185807111,0.009417805356005862,1.1398549054624414,False,above,trust,go,True
practitioner,19,healthy_b2,healthy-b2-1030,1030,dr,0.6428278358984085,0.6306308002768566,0.6559005580592071,,0.5781168851048011,0.9067704290068832,3.495748858626564,0.0,trust,0.9965461739632002,pass,0.9566462075029607,pass,0.008523503408617681,pass,0.045060382037593535,pass,0.007521929185807111,0.009417805356005862,1.1398549054624414,False,above,trust,go,True
practitioner,19,healthy_b2,healthy-b2-1030,1030,switch_dr,0.6577167494989024,0.6462125219237334,0.6705151353502428,1.55524148923705,0.5781168851048011,0.9067704290068832,3.495748858626564,0.0,trust,0.9965461739632002,pass,0.9566462075029607,pass,0.008523503408617681,pass,0.045060382037593535,pass,0.007521929185807111,0.009417805356005862,1.1398549054624414,False,above,trust,go,True
practitioner,19,healthy_b2,healthy-b2-1030,1030,dros,0.649786148121417,0.6419678801410058,0.6582074769511196,1.893708245122517,0.5781168851048011,0.9067704290068832,3.495748858626564,0.0,trust,0.9965461739632002,pass,0.9566462075029607,pass,0.008523503408617681,pass,0.045060382037593535,pass,0.007521929185807111,0.009417805356005862,1.1398549054624414,False,above,trust,go,True
practitioner,19,healthy_b8,healthy-b8-1030,1030,ips,0.8109643050051097,0.7760288506864386,0.8455530036799053,,0.5781168851048011,0.341811076184306,7.756283080242452,0.0,trust,0.9802993956691777,pass,0.9566462075029607,pass,0.024231111799520127,fail,0.171010582651966,pass,0.011644964652505602,0.029722838332045025,1.7823171959159056,False,above,distrust,ab_test,False
practitioner,19,healthy_b8,healthy-b8-1030,1030,snips,0.8272618636590351,0.8064618673415487,0.845808039751118,,0.5781168851048011,0.341811076184306,7.756283080242452,0.0,trust,0.9802993956691777,pass,0.9566462075029607,pass,0.024231111799520127,fail,0.171010582651966,pass,0.011644964652505602,0.029722838332045025,1.7823171959159056,False,above,distrust,ab_test,False
practitioner,19,healthy_b8,healthy-b8-1030,1030,clipped_ips,0.6857913303489522,0.6590734455487012,0.711511111152082,3.024779293892473,0.5781168851048011,0.341811076184306,7.756283080242452,0.0,trust,0.9802993956691777,pass,0.9566462075029607,pass,0.024231111799520127,fail,0.171010582651966,pass,0.011644964652505602,0.029722838332045025,1.7823171959159056,False,above,distrust,ab_test,False
practitioner,19,healthy_b8,healthy-b8-1030,1030,dm,0.8380006660931739,0.8336854746044612,0.8430604565709372,,0.5781168851048011,0.341811076184306,7.756283080242452,0.0,trust,0.9802993956691777,pass,0.9566462075029607,pass,0.024231111799520127,fail,0.171010582651966,pass,0.011644964652505602,0.029722838332045025,1.7823171959159056,False,above,distrust,ab_test,False
practitioner,19,healthy_b8,healthy-b8-1030,1030,dr,0.8263557014406683,0.8046029708486688,0.8456789804388283,,0.5781168851048011,0.341811076184306,7.756283080242452,0.0,trust,0.9802993956691777,pass,0.9566462075029607,pass,0.024231111799520127,fail,0.171010582651966,pass,0.011644964652505602,0.029722838332045025,1.7823171959159056,False,above,distrust,ab_test,False
practitioner,19,healthy_b8,healthy-b8-1030,1030,switch_dr,0.855634115501049,0.841101576659711,0.8699369567571337,4.127933992669508,0.5781168851048011,0.341811076184306,7.756283080242452,0.0,trust,0.9802993956691777,pass,0.9566462075029607,pass,0.024231111799520127,fail,0.171010582651966,pass,0.011644964652505602,0.029722838332045025,1.7823171959159056,False,above,distrust,ab_test,False
practitioner,19,healthy_b8,healthy-b8-1030,1030,dros,0.8445843175470557,0.8346960453266752,0.8556798920712375,9.149289776760648,0.5781168851048011,0.341811076184306,7.756283080242452,0.0,trust,0.9802993956691777,pass,0.9566462075029607,pass,0.024231111799520127,fail,0.171010582651966,pass,0.011644964652505602,0.029722838332045025,1.7823171959159056,False,above,distrust,ab_test,False
practitioner,19,healthy_b-2,healthy-b-2-1031,1031,ips,0.37642116917190643,0.3609561662430836,0.39244837077771627,,0.5875725299920929,0.5725700971235176,8.150992109525331,0.0,trust,0.9856701436482415,pass,1.083952632685193,pass,0.0014551097825087566,pass,0.02813062939127379,pass,0.009350005200002115,0.019989193839507535,1.5636122122803986,False,below,trust,no_go,False
practitioner,19,healthy_b-2,healthy-b-2-1031,1031,snips,0.38189365032267913,0.363790027717818,0.4004977415252004,,0.5875725299920929,0.5725700971235176,8.150992109525331,0.0,trust,0.9856701436482415,pass,1.083952632685193,pass,0.0014551097825087566,pass,0.02813062939127379,pass,0.009350005200002115,0.019989193839507535,1.5636122122803986,False,below,trust,no_go,False
practitioner,19,healthy_b-2,healthy-b-2-1031,1031,clipped_ips,0.37115074157857114,0.3585380328190948,0.38429312354990536,2.05589542138238,0.5875725299920929,0.5725700971235176,8.150992109525331,0.0,trust,0.9856701436482415,pass,1.083952632685193,pass,0.0014551097825087566,pass,0.02813062939127379,pass,0.009350005200002115,0.019989193839507535,1.5636122122803986,False,below,trust,no_go,False
practitioner,19,healthy_b-2,healthy-b-2-1031,1031,dm,0.38111188181503936,0.3772441932525388,0.3846387820807787,,0.5875725299920929,0.5725700971235176,8.150992109525331,0.0,trust,0.9856701436482415,pass,1.083952632685193,pass,0.0014551097825087566,pass,0.02813062939127379,pass,0.009350005200002115,0.019989193839507535,1.5636122122803986,False,below,trust,no_go,False
practitioner,19,healthy_b-2,healthy-b-2-1031,1031,dr,0.37176187661503723,0.35554949655079787,0.38745599220570726,,0.5875725299920929,0.5725700971235176,8.150992109525331,0.0,trust,0.9856701436482415,pass,1.083952632685193,pass,0.0014551097825087566,pass,0.02813062939127379,pass,0.009350005200002115,0.019989193839507535,1.5636122122803986,False,below,trust,no_go,False
practitioner,19,healthy_b-2,healthy-b-2-1031,1031,switch_dr,0.3671164366871915,0.3553423501974446,0.37983561860464654,2.6733285452821964,0.5875725299920929,0.5725700971235176,8.150992109525331,0.0,trust,0.9856701436482415,pass,1.083952632685193,pass,0.0014551097825087566,pass,0.02813062939127379,pass,0.009350005200002115,0.019989193839507535,1.5636122122803986,False,below,trust,no_go,False
practitioner,19,healthy_b-2,healthy-b-2-1031,1031,dros,0.3762070489435778,0.36824180457850664,0.3849925736159502,4.226705983661034,0.5875725299920929,0.5725700971235176,8.150992109525331,0.0,trust,0.9856701436482415,pass,1.083952632685193,pass,0.0014551097825087566,pass,0.02813062939127379,pass,0.009350005200002115,0.019989193839507535,1.5636122122803986,False,below,trust,no_go,False
practitioner,19,healthy_b2,healthy-b2-1031,1031,ips,0.6420816404243322,0.6287511657782533,0.6563512297033921,,0.5875725299920929,0.9295072755572604,3.694766380611019,0.0,trust,1.003002833868025,pass,1.083952632685193,pass,-0.0003757194923234672,pass,0.039842601871473544,pass,0.005791916944149646,0.005477223082751231,1.1206012799333722,False,above,trust,go,True
practitioner,19,healthy_b2,healthy-b2-1031,1031,snips,0.6401593482524669,0.6269875672030233,0.6525745186907129,,0.5875725299920929,0.9295072755572604,3.694766380611019,0.0,trust,1.003002833868025,pass,1.083952632685193,pass,-0.0003757194923234672,pass,0.039842601871473544,pass,0.005791916944149646,0.005477223082751231,1.1206012799333722,False,above,trust,go,True
practitioner,19,healthy_b2,healthy-b2-1031,1031,clipped_ips,0.6165760263776072,0.6035876213124906,0.6299446742600959,1.3065751353919408,0.5875725299920929,0.9295072755572604,3.694766380611019,0.0,trust,1.003002833868025,pass,1.083952632685193,pass,-0.0003757194923234672,pass,0.039842601871473544,pass,0.005791916944149646,0.005477223082751231,1.1206012799333722,False,above,trust,go,True
practitioner,19,healthy_b2,healthy-b2-1031,1031,dm,0.6447919150556457,0.6407817888167624,0.6485870081671875,,0.5875725299920929,0.9295072755572604,3.694766380611019,0.0,trust,1.003002833868025,pass,1.083952632685193,pass,-0.0003757194923234672,pass,0.039842601871473544,pass,0.005791916944149646,0.005477223082751231,1.1206012799333722,False,above,trust,go,True
practitioner,19,healthy_b2,healthy-b2-1031,1031,dr,0.6389999981114961,0.6271449745142309,0.6504017048033867,,0.5875725299920929,0.9295072755572604,3.694766380611019,0.0,trust,1.003002833868025,pass,1.083952632685193,pass,-0.0003757194923234672,pass,0.039842601871473544,pass,0.005791916944149646,0.005477223082751231,1.1206012799333722,False,above,trust,go,True
practitioner,19,healthy_b2,healthy-b2-1031,1031,switch_dr,0.6513930277827136,0.6405883051882184,0.6625275041822836,1.4659218235816012,0.5875725299920929,0.9295072755572604,3.694766380611019,0.0,trust,1.003002833868025,pass,1.083952632685193,pass,-0.0003757194923234672,pass,0.039842601871473544,pass,0.005791916944149646,0.005477223082751231,1.1206012799333722,False,above,trust,go,True
practitioner,19,healthy_b2,healthy-b2-1031,1031,dros,0.6444504880420286,0.6368735940129128,0.6518063964311749,1.7071385844244684,0.5875725299920929,0.9295072755572604,3.694766380611019,0.0,trust,1.003002833868025,pass,1.083952632685193,pass,-0.0003757194923234672,pass,0.039842601871473544,pass,0.005791916944149646,0.005477223082751231,1.1206012799333722,False,above,trust,go,True
practitioner,19,healthy_b8,healthy-b8-1031,1031,ips,0.8310210199753907,0.796147457684685,0.8630493033068266,,0.5875725299920929,0.38540086968739706,7.606010565422624,0.0,trust,1.0139481779127637,pass,1.083952632685193,pass,-0.004704893328488355,pass,0.14150271943847956,pass,0.014957221257374215,0.030362178259798176,1.7208348866098673,False,above,trust,go,False
practitioner,19,healthy_b8,healthy-b8-1031,1031,snips,0.8195892433931554,0.8018213953787843,0.8379711268130379,,0.5875725299920929,0.38540086968739706,7.606010565422624,0.0,trust,1.0139481779127637,pass,1.083952632685193,pass,-0.004704893328488355,pass,0.14150271943847956,pass,0.014957221257374215,0.030362178259798176,1.7208348866098673,False,above,trust,go,False
practitioner,19,healthy_b8,healthy-b8-1031,1031,clipped_ips,0.7150469132127333,0.6917296429196742,0.7394429739490659,2.9088713272766826,0.5875725299920929,0.38540086968739706,7.606010565422624,0.0,trust,1.0139481779127637,pass,1.083952632685193,pass,-0.004704893328488355,pass,0.14150271943847956,pass,0.014957221257374215,0.030362178259798176,1.7208348866098673,False,above,trust,go,False
practitioner,19,healthy_b8,healthy-b8-1031,1031,dm,0.8325382780599374,0.8271247148712741,0.8376705799859138,,0.5875725299920929,0.38540086968739706,7.606010565422624,0.0,trust,1.0139481779127637,pass,1.083952632685193,pass,-0.004704893328488355,pass,0.14150271943847956,pass,0.014957221257374215,0.030362178259798176,1.7208348866098673,False,above,trust,go,False
practitioner,19,healthy_b8,healthy-b8-1031,1031,dr,0.8175810568025632,0.7984028286082447,0.8366792153467997,,0.5875725299920929,0.38540086968739706,7.606010565422624,0.0,trust,1.0139481779127637,pass,1.083952632685193,pass,-0.004704893328488355,pass,0.14150271943847956,pass,0.014957221257374215,0.030362178259798176,1.7208348866098673,False,above,trust,go,False
practitioner,19,healthy_b8,healthy-b8-1031,1031,switch_dr,0.8487956331989991,0.8346776033526037,0.8629461448059871,3.877643679022246,0.5875725299920929,0.38540086968739706,7.606010565422624,0.0,trust,1.0139481779127637,pass,1.083952632685193,pass,-0.004704893328488355,pass,0.14150271943847956,pass,0.014957221257374215,0.030362178259798176,1.7208348866098673,False,above,trust,go,False
practitioner,19,healthy_b8,healthy-b8-1031,1031,dros,0.8382256416618112,0.8282788319736181,0.8479002842074972,8.461532398652409,0.5875725299920929,0.38540086968739706,7.606010565422624,0.0,trust,1.0139481779127637,pass,1.083952632685193,pass,-0.004704893328488355,pass,0.14150271943847956,pass,0.014957221257374215,0.030362178259798176,1.7208348866098673,False,above,trust,go,False
practitioner,19,healthy_b-2,healthy-b-2-1032,1032,ips,0.37797226633331243,0.36137119814193536,0.39342001691842343,,0.5858816668833913,0.5510546248503361,9.369856113338296,0.0,trust,1.0067607291064287,pass,1.0832507052786438,pass,-0.004520896356409812,pass,0.01376412059696971,pass,0.010263609436205065,0.01796046117092114,1.5592573022940193,False,below,trust,no_go,False
practitioner,19,healthy_b-2,healthy-b-2-1032,1032,snips,0.37543405836736354,0.35694125815475825,0.3914170284972341,,0.5858816668833913,0.5510546248503361,9.369856113338296,0.0,trust,1.0067607291064287,pass,1.0832507052786438,pass,-0.004520896356409812,pass,0.01376412059696971,pass,0.010263609436205065,0.01796046117092114,1.5592573022940193,False,below,trust,no_go,False
practitioner,19,healthy_b-2,healthy-b-2-1032,1032,clipped_ips,0.3728047466777343,0.3595053231050875,0.38456677316353416,2.081189566379389,0.5858816668833913,0.5510546248503361,9.369856113338296,0.0,trust,1.0067607291064287,pass,1.0832507052786438,pass,-0.004520896356409812,pass,0.01376412059696971,pass,0.010263609436205065,0.01796046117092114,1.5592573022940193,False,below,trust,no_go,False
practitioner,19,healthy_b-2,healthy-b-2-1032,1032,dm,0.3867473643867893,0.38266069427761207,0.39037648017477616,,0.5858816668833913,0.5510546248503361,9.369856113338296,0.0,trust,1.0067607291064287,pass,1.0832507052786438,pass,-0.004520896356409812,pass,0.01376412059696971,pass,0.010263609436205065,0.01796046117092114,1.5592573022940193,False,below,trust,no_go,False
practitioner,19,healthy_b-2,healthy-b-2-1032,1032,dr,0.3764837549505842,0.3597575389760153,0.39206417073360145,,0.5858816668833913,0.5510546248503361,9.369856113338296,0.0,trust,1.0067607291064287,pass,1.0832507052786438,pass,-0.004520896356409812,pass,0.01376412059696971,pass,0.010263609436205065,0.01796046117092114,1.5592573022940193,False,below,trust,no_go,False
practitioner,19,healthy_b-2,healthy-b-2-1032,1032,switch_dr,0.37052692810578947,0.35737504777576873,0.3829058983465441,2.758192533618901,0.5858816668833913,0.5510546248503361,9.369856113338296,0.0,trust,1.0067607291064287,pass,1.0832507052786438,pass,-0.004520896356409812,pass,0.01376412059696971,pass,0.010263609436205065,0.01796046117092114,1.5592573022940193,False,below,trust,no_go,False
practitioner,19,healthy_b-2,healthy-b-2-1032,1032,dros,0.3817133195199743,0.37227097021961936,0.3905780986172135,4.331350011206429,0.5858816668833913,0.5510546248503361,9.369856113338296,0.0,trust,1.0067607291064287,pass,1.0832507052786438,pass,-0.004520896356409812,pass,0.01376412059696971,pass,0.010263609436205065,0.01796046117092114,1.5592573022940193,False,below,trust,no_go,False
practitioner,19,healthy_b2,healthy-b2-1032,1032,ips,0.6346974067677155,0.6189784013879098,0.6500232795585894,,0.5858816668833913,0.9290539959461949,3.318638693873056,0.0,trust,0.994236583046632,pass,1.0832507052786438,pass,-0.0045496791938962194,pass,0.039585354583762694,pass,0.006152023556469735,0.00340903836091598,1.1199978014183654,False,above,trust,go,True
practitioner,19,healthy_b2,healthy-b2-1032,1032,snips,0.6383766375029339,0.6238096449794234,0.6523139285779637,,0.5858816668833913,0.9290539959461949,3.318638693873056,0.0,trust,0.994236583046632,pass,1.0832507052786438,pass,-0.0045496791938962194,pass,0.039585354583762694,pass,0.006152023556469735,0.00340903836091598,1.1199978014183654,False,above,trust,go,True
practitioner,19,healthy_b2,healthy-b2-1032,1032,clipped_ips,0.6131062719493902,0.5981165070058438,0.6274710466769451,1.3082207991969856,0.5858816668833913,0.9290539959461949,3.318638693873056,0.0,trust,0.994236583046632,pass,1.0832507052786438,pass,-0.0045496791938962194,pass,0.039585354583762694,pass,0.006152023556469735,0.00340903836091598,1.1199978014183654,False,above,trust,go,True
practitioner,19,healthy_b2,healthy-b2-1032,1032,dm,0.650433297610118,0.6469003200282459,0.653808081360663,,0.5858816668833913,0.9290539959461949,3.318638693873056,0.0,trust,0.994236583046632,pass,1.0832507052786438,pass,-0.0045496791938962194,pass,0.039585354583762694,pass,0.006152023556469735,0.00340903836091598,1.1199978014183654,False,above,trust,go,True
practitioner,19,healthy_b2,healthy-b2-1032,1032,dr,0.6442812740536483,0.630593407234507,0.6569636574361607,,0.5858816668833913,0.9290539959461949,3.318638693873056,0.0,trust,0.994236583046632,pass,1.0832507052786438,pass,-0.0045496791938962194,pass,0.039585354583762694,pass,0.006152023556469735,0.00340903836091598,1.1199978014183654,False,above,trust,go,True
practitioner,19,healthy_b2,healthy-b2-1032,1032,switch_dr,0.6567764557813078,0.6437277678072569,0.6682252092541819,1.4479889955505578,0.5858816668833913,0.9290539959461949,3.318638693873056,0.0,trust,0.994236583046632,pass,1.0832507052786438,pass,-0.0045496791938962194,pass,0.039585354583762694,pass,0.006152023556469735,0.00340903836091598,1.1199978014183654,False,above,trust,go,True
practitioner,19,healthy_b2,healthy-b2-1032,1032,dros,0.649686827264397,0.6409477048399831,0.6577567404447959,1.7114416594515998,0.5858816668833913,0.9290539959461949,3.318638693873056,0.0,trust,0.994236583046632,pass,1.0832507052786438,pass,-0.0045496791938962194,pass,0.039585354583762694,pass,0.006152023556469735,0.00340903836091598,1.1199978014183654,False,above,trust,go,True
practitioner,19,healthy_b8,healthy-b8-1032,1032,ips,0.7861425002658337,0.7507977628446432,0.8188636835484362,,0.5858816668833913,0.38518723724749804,7.602800432700262,0.0,trust,0.9705198925011458,pass,1.0832507052786438,pass,-0.012998452884091715,pass,0.17161637553767836,pass,0.013903513982993432,0.026059749986438667,1.685977065205468,False,above,trust,go,False
practitioner,19,healthy_b8,healthy-b8-1032,1032,snips,0.8100220369928229,0.7899554523570682,0.8291190204707354,,0.5858816668833913,0.38518723724749804,7.602800432700262,0.0,trust,0.9705198925011458,pass,1.0832507052786438,pass,-0.012998452884091715,pass,0.17161637553767836,pass,0.013903513982993432,0.026059749986438667,1.685977065205468,False,above,trust,go,False
practitioner,19,healthy_b8,healthy-b8-1032,1032,clipped_ips,0.6710089908984674,0.6448572208303056,0.6935390407900444,2.7119840582856503,0.5858816668833913,0.38518723724749804,7.602800432700262,0.0,trust,0.9705198925011458,pass,1.0832507052786438,pass,-0.012998452884091715,pass,0.17161637553767836,pass,0.013903513982993432,0.026059749986438667,1.685977065205468,False,above,trust,go,False
practitioner,19,healthy_b8,healthy-b8-1032,1032,dm,0.8340243131232741,0.8291336914054799,0.8385816927604769,,0.5858816668833913,0.38518723724749804,7.602800432700262,0.0,trust,0.9705198925011458,pass,1.0832507052786438,pass,-0.012998452884091715,pass,0.17161637553767836,pass,0.013903513982993432,0.026059749986438667,1.685977065205468,False,above,trust,go,False
practitioner,19,healthy_b8,healthy-b8-1032,1032,dr,0.8201207991402807,0.8008741946598871,0.8383052286492423,,0.5858816668833913,0.38518723724749804,7.602800432700262,0.0,trust,0.9705198925011458,pass,1.0832507052786438,pass,-0.012998452884091715,pass,0.17161637553767836,pass,0.013903513982993432,0.026059749986438667,1.685977065205468,False,above,trust,go,False
practitioner,19,healthy_b8,healthy-b8-1032,1032,switch_dr,0.8458791098211715,0.8312856777301343,0.8589742534929946,3.777828601913786,0.5858816668833913,0.38518723724749804,7.602800432700262,0.0,trust,0.9705198925011458,pass,1.0832507052786438,pass,-0.012998452884091715,pass,0.17161637553767836,pass,0.013903513982993432,0.026059749986438667,1.685977065205468,False,above,trust,go,False
practitioner,19,healthy_b8,healthy-b8-1032,1032,dros,0.8388534299618916,0.8286783270943187,0.8472977426957118,7.354857532395505,0.5858816668833913,0.38518723724749804,7.602800432700262,0.0,trust,0.9705198925011458,pass,1.0832507052786438,pass,-0.012998452884091715,pass,0.17161637553767836,pass,0.013903513982993432,0.026059749986438667,1.685977065205468,False,above,trust,go,False
practitioner,19,healthy_b-2,healthy-b-2-1033,1033,ips,0.379968986238664,0.36385418897715555,0.39640423897820976,,0.5925067870435354,0.5457568405750634,9.617669858531908,0.0,trust,1.0064439595945034,pass,1.0718947896939357,pass,0.0009121640587742286,pass,0.018661652386087163,pass,0.012078829499681915,0.028015561462032167,1.5826814605393098,False,below,trust,no_go,False
practitioner,19,healthy_b-2,healthy-b-2-1033,1033,snips,0.37753615848790395,0.35979076739693816,0.39242705513336185,,0.5925067870435354,0.5457568405750634,9.617669858531908,0.0,trust,1.0064439595945034,pass,1.0718947896939357,pass,0.0009121640587742286,pass,0.018661652386087163,pass,0.012078829499681915,0.028015561462032167,1.5826814605393098,False,below,trust,no_go,False
practitioner,19,healthy_b-2,healthy-b-2-1033,1033,clipped_ips,0.372923537685784,0.3588400416263629,0.3848642279236028,2.1383572394044763,0.5925067870435354,0.5457568405750634,9.617669858531908,0.0,trust,1.0064439595945034,pass,1.0718947896939357,pass,0.0009121640587742286,pass,0.018661652386087163,pass,0.012078829499681915,0.028015561462032167,1.5826814605393098,False,below,trust,no_go,False
practitioner,19,healthy_b-2,healthy-b-2-1033,1033,dm,0.3957650267599411,0.3918833253429873,0.39978297764662446,,0.5925067870435354,0.5457568405750634,9.617669858531908,0.0,trust,1.0064439595945034,pass,1.0718947896939357,pass,0.0009121640587742286,pass,0.018661652386087163,pass,0.012078829499681915,0.028015561462032167,1.5826814605393098,False,below,trust,no_go,False
practitioner,19,healthy_b-2,healthy-b-2-1033,1033,dr,0.38368619726025915,0.36763151629128155,0.39923664654397745,,0.5925067870435354,0.5457568405750634,9.617669858531908,0.0,trust,1.0064439595945034,pass,1.0718947896939357,pass,0.0009121640587742286,pass,0.018661652386087163,pass,0.012078829499681915,0.028015561462032167,1.5826814605393098,False,below,trust,no_go,False
practitioner,19,healthy_b-2,healthy-b-2-1033,1033,switch_dr,0.38429467129881706,0.3708724180574256,0.3960360515987328,2.8053368015743674,0.5925067870435354,0.5457568405750634,9.617669858531908,0.0,trust,1.0064439595945034,pass,1.0718947896939357,pass,0.0009121640587742286,pass,0.018661652386087163,pass,0.012078829499681915,0.028015561462032167,1.5826814605393098,False,below,trust,no_go,False
practitioner,19,healthy_b-2,healthy-b-2-1033,1033,dros,0.3913449336816857,0.38202604644808696,0.39970756725333645,4.572571683313533,0.5925067870435354,0.5457568405750634,9.617669858531908,0.0,trust,1.0064439595945034,pass,1.0718947896939357,pass,0.0009121640587742286,pass,0.018661652386087163,pass,0.012078829499681915,0.028015561462032167,1.5826814605393098,False,below,trust,no_go,False
practitioner,19,healthy_b2,healthy-b2-1033,1033,ips,0.6511456867825609,0.6352874972935844,0.6653453938569163,,0.5925067870435354,0.9133694071089747,3.6747026064794683,0.0,trust,0.9991567586605219,pass,1.0718947896939357,pass,-0.002357717082062728,pass,0.039896236449688226,pass,0.006461856638108856,0.007078944330663731,1.1359842310907171,False,above,trust,go,True
practitioner,19,healthy_b2,healthy-b2-1033,1033,snips,0.6516952231354491,0.6385031013219222,0.6651755777763917,,0.5925067870435354,0.9133694071089747,3.6747026064794683,0.0,trust,0.9991567586605219,pass,1.0718947896939357,pass,-0.002357717082062728,pass,0.039896236449688226,pass,0.006461856638108856,0.007078944330663731,1.1359842310907171,False,above,trust,go,True
practitioner,19,healthy_b2,healthy-b2-1033,1033,clipped_ips,0.6256950364201049,0.6107068402169495,0.6385736380515752,1.346666189684305,0.5925067870435354,0.9133694071089747,3.6747026064794683,0.0,trust,0.9991567586605219,pass,1.0718947896939357,pass,-0.002357717082062728,pass,0.039896236449688226,pass,0.006461856638108856,0.007078944330663731,1.1359842310907171,False,above,trust,go,True
practitioner,19,healthy_b2,healthy-b2-1033,1033,dm,0.6591390513730663,0.6554481682314662,0.6624925054880412,,0.5925067870435354,0.9133694071089747,3.6747026064794683,0.0,trust,0.9991567586605219,pass,1.0718947896939357,pass,-0.002357717082062728,pass,0.039896236449688226,pass,0.006461856638108856,0.007078944330663731,1.1359842310907171,False,above,trust,go,True
practitioner,19,healthy_b2,healthy-b2-1033,1033,dr,0.6526771947349574,0.6402295650255716,0.6653671052571067,,0.5925067870435354,0.9133694071089747,3.6747026064794683,0.0,trust,0.9991567586605219,pass,1.0718947896939357,pass,-0.002357717082062728,pass,0.039896236449688226,pass,0.006461856638108856,0.007078944330663731,1.1359842310907171,False,above,trust,go,True
practitioner,19,healthy_b2,healthy-b2-1033,1033,switch_dr,0.66712596917948,0.655945168844984,0.6785223245836681,1.5197695785500798,0.5925067870435354,0.9133694071089747,3.6747026064794683,0.0,trust,0.9991567586605219,pass,1.0718947896939357,pass,-0.002357717082062728,pass,0.039896236449688226,pass,0.006461856638108856,0.007078944330663731,1.1359842310907171,False,above,trust,go,True
practitioner,19,healthy_b2,healthy-b2-1033,1033,dros,0.6593887671574523,0.6516254794639674,0.66722589983519,1.8135098264388447,0.5925067870435354,0.9133694071089747,3.6747026064794683,0.0,trust,0.9991567586605219,pass,1.0718947896939357,pass,-0.002357717082062728,pass,0.039896236449688226,pass,0.006461856638108856,0.007078944330663731,1.1359842310907171,False,above,trust,go,True
practitioner,19,healthy_b8,healthy-b8-1033,1033,ips,0.8333635149600237,0.7972567989943505,0.8672830295626273,,0.5925067870435354,0.3642971940478546,8.732614172214769,0.0,trust,0.9996851318463617,pass,1.0718947896939357,pass,-0.001297543453256974,pass,0.143264556398184,pass,0.011390938252793161,0.02340611478050454,1.7562942275684283,False,above,trust,go,False
practitioner,19,healthy_b8,healthy-b8-1033,1033,snips,0.8336259972385991,0.8145607178518349,0.8546544063487881,,0.5925067870435354,0.3642971940478546,8.732614172214769,0.0,trust,0.9996851318463617,pass,1.0718947896939357,pass,-0.001297543453256974,pass,0.143264556398184,pass,0.011390938252793161,0.02340611478050454,1.7562942275684283,False,above,trust,go,False
practitioner,19,healthy_b8,healthy-b8-1033,1033,clipped_ips,0.7141969385422174,0.6868822964998789,0.7402922711139388,2.981631627165028,0.5925067870435354,0.3642971940478546,8.732614172214769,0.0,trust,0.9996851318463617,pass,1.0718947896939357,pass,-0.001297543453256974,pass,0.143264556398184,pass,0.011390938252793161,0.02340611478050454,1.7562942275684283,False,above,trust,go,False
practitioner,19,healthy_b8,healthy-b8-1033,1033,dm,0.8423855435405859,0.8377866961537461,0.8472791958999644,,0.5925067870435354,0.3642971940478546,8.732614172214769,0.0,trust,0.9996851318463617,pass,1.0718947896939357,pass,-0.001297543453256974,pass,0.143264556398184,pass,0.011390938252793161,0.02340611478050454,1.7562942275684283,False,above,trust,go,False
practitioner,19,healthy_b8,healthy-b8-1033,1033,dr,0.8309946052877928,0.8111440781613954,0.8524173171865079,,0.5925067870435354,0.3642971940478546,8.732614172214769,0.0,trust,0.9996851318463617,pass,1.0718947896939357,pass,-0.001297543453256974,pass,0.143264556398184,pass,0.011390938252793161,0.02340611478050454,1.7562942275684283,False,above,trust,go,False
practitioner,19,healthy_b8,healthy-b8-1033,1033,switch_dr,0.8610797879941781,0.8439910706969594,0.8763723895350443,4.028897221662769,0.5925067870435354,0.3642971940478546,8.732614172214769,0.0,trust,0.9996851318463617,pass,1.0718947896939357,pass,-0.001297543453256974,pass,0.143264556398184,pass,0.011390938252793161,0.02340611478050454,1.7562942275684283,False,above,trust,go,False
practitioner,19,healthy_b8,healthy-b8-1033,1033,dros,0.8499058685864148,0.8394984652954898,0.8608456844410662,8.890127160110772,0.5925067870435354,0.3642971940478546,8.732614172214769,0.0,trust,0.9996851318463617,pass,1.0718947896939357,pass,-0.001297543453256974,pass,0.143264556398184,pass,0.011390938252793161,0.02340611478050454,1.7562942275684283,False,above,trust,go,False
practitioner,19,healthy_b-2,healthy-b-2-1034,1034,ips,0.3910650880250937,0.37605134408009944,0.4079124493547828,,0.5952711597163929,0.558818442229963,9.809634543991335,0.0,trust,1.010171274097271,pass,0.9307308037628674,pass,0.004840085870699824,pass,0.025640641524233915,pass,0.005368896958691633,0.03243630959383527,1.563431158772296,False,below,trust,no_go,False
practitioner,19,healthy_b-2,healthy-b-2-1034,1034,snips,0.3871275080303238,0.3709383079014728,0.405992882165804,,0.5952711597163929,0.558818442229963,9.809634543991335,0.0,trust,1.010171274097271,pass,0.9307308037628674,pass,0.004840085870699824,pass,0.025640641524233915,pass,0.005368896958691633,0.03243630959383527,1.563431158772296,False,below,trust,no_go,False
practitioner,19,healthy_b-2,healthy-b-2-1034,1034,clipped_ips,0.3811388903675182,0.3678349448605142,0.39470896749967477,2.1708660453605324,0.5952711597163929,0.558818442229963,9.809634543991335,0.0,trust,1.010171274097271,pass,0.9307308037628674,pass,0.004840085870699824,pass,0.025640641524233915,pass,0.005368896958691633,0.03243630959383527,1.563431158772296,False,below,trust,no_go,False
practitioner,19,healthy_b-2,healthy-b-2-1034,1034,dm,0.39693805981228497,0.3932156612235413,0.4009252710152722,,0.5952711597163929,0.558818442229963,9.809634543991335,0.0,trust,1.010171274097271,pass,0.9307308037628674,pass,0.004840085870699824,pass,0.025640641524233915,pass,0.005368896958691633,0.03243630959383527,1.563431158772296,False,below,trust,no_go,False
practitioner,19,healthy_b-2,healthy-b-2-1034,1034,dr,0.39156916285359333,0.3748433723507017,0.40857611190011833,,0.5952711597163929,0.558818442229963,9.809634543991335,0.0,trust,1.010171274097271,pass,0.9307308037628674,pass,0.004840085870699824,pass,0.025640641524233915,pass,0.005368896958691633,0.03243630959383527,1.563431158772296,False,below,trust,no_go,False
practitioner,19,healthy_b-2,healthy-b-2-1034,1034,switch_dr,0.37774654826401133,0.3653759319043238,0.3911288849748982,2.812782320793427,0.5952711597163929,0.558818442229963,9.809634543991335,0.0,trust,1.010171274097271,pass,0.9307308037628674,pass,0.004840085870699824,pass,0.025640641524233915,pass,0.005368896958691633,0.03243630959383527,1.563431158772296,False,below,trust,no_go,False
practitioner,19,healthy_b-2,healthy-b-2-1034,1034,dros,0.39080047160236,0.38169361895225934,0.3995620042443582,4.712659386899277,0.5952711597163929,0.558818442229963,9.809634543991335,0.0,trust,1.010171274097271,pass,0.9307308037628674,pass,0.004840085870699824,pass,0.025640641524233915,pass,0.005368896958691633,0.03243630959383527,1.563431158772296,False,below,trust,no_go,False
practitioner,19,healthy_b2,healthy-b2-1034,1034,ips,0.6517849740796211,0.6380287829332493,0.6675314710758601,,0.5952711597163929,0.9207303141750853,3.800352633690898,0.0,trust,1.0001425222056077,pass,0.9307308037628674,pass,0.006117043505455767,pass,0.03863868750334661,pass,0.00703080837467509,0.009546321084353278,1.1292469850180853,False,above,trust,go,True
practitioner,19,healthy_b2,healthy-b2-1034,1034,snips,0.6516920934850805,0.6399879623160386,0.6654151462518026,,0.5952711597163929,0.9207303141750853,3.800352633690898,0.0,trust,1.0001425222056077,pass,0.9307308037628674,pass,0.006117043505455767,pass,0.03863868750334661,pass,0.00703080837467509,0.009546321084353278,1.1292469850180853,False,above,trust,go,True
practitioner,19,healthy_b2,healthy-b2-1034,1034,clipped_ips,0.6266044469310493,0.6142963159317154,0.640613812589057,1.3432100124479869,0.5952711597163929,0.9207303141750853,3.800352633690898,0.0,trust,1.0001425222056077,pass,0.9307308037628674,pass,0.006117043505455767,pass,0.03863868750334661,pass,0.00703080837467509,0.009546321084353278,1.1292469850180853,False,above,trust,go,True
practitioner,19,healthy_b2,healthy-b2-1034,1034,dm,0.6599554279845485,0.6562950836956051,0.6635196246566962,,0.5952711597163929,0.9207303141750853,3.800352633690898,0.0,trust,1.0001425222056077,pass,0.9307308037628674,pass,0.006117043505455767,pass,0.03863868750334661,pass,0.00703080837467509,0.009546321084353278,1.1292469850180853,False,above,trust,go,True
practitioner,19,healthy_b2,healthy-b2-1034,1034,dr,0.6529246196098735,0.6415090301941343,0.66582503947768,,0.5952711597163929,0.9207303141750853,3.800352633690898,0.0,trust,1.0001425222056077,pass,0.9307308037628674,pass,0.006117043505455767,pass,0.03863868750334661,pass,0.00703080837467509,0.009546321084353278,1.1292469850180853,False,above,trust,go,True
practitioner,19,healthy_b2,healthy-b2-1034,1034,switch_dr,0.6615536287377815,0.6511475744025073,0.6738350147596621,1.4978846758229623,0.5952711597163929,0.9207303141750853,3.800352633690898,0.0,trust,1.0001425222056077,pass,0.9307308037628674,pass,0.006117043505455767,pass,0.03863868750334661,pass,0.00703080837467509,0.009546321084353278,1.1292469850180853,False,above,trust,go,True
practitioner,19,healthy_b2,healthy-b2-1034,1034,dros,0.6584179711790858,0.6510208375785271,0.6665864094498481,1.804213137540521,0.5952711597163929,0.9207303141750853,3.800352633690898,0.0,trust,1.0001425222056077,pass,0.9307308037628674,pass,0.006117043505455767,pass,0.03863868750334661,pass,0.00703080837467509,0.009546321084353278,1.1292469850180853,False,above,trust,go,True
practitioner,19,healthy_b8,healthy-b8-1034,1034,ips,0.8432506609034013,0.8063046831326621,0.8795296396788181,,0.5952711597163929,0.37637456459342034,7.821881602713545,0.0,trust,1.0020018067453464,pass,0.9307308037628674,pass,-0.0018021459140072206,pass,0.15377310036166994,pass,0.00011306777719412178,0.02174569615403366,1.765196677872532,False,above,trust,go,False
practitioner,19,healthy_b8,healthy-b8-1034,1034,snips,0.8415660083911496,0.821782103674629,0.8635581144179728,,0.5952711597163929,0.37637456459342034,7.821881602713545,0.0,trust,1.0020018067453464,pass,0.9307308037628674,pass,-0.0018021459140072206,pass,0.15377310036166994,pass,0.00011306777719412178,0.02174569615403366,1.765196677872532,False,above,trust,go,False
practitioner,19,healthy_b8,healthy-b8-1034,1034,clipped_ips,0.7138404466340991,0.6889862312744633,0.7397881609973315,2.829202719479936,0.5952711597163929,0.37637456459342034,7.821881602713545,0.0,trust,1.0020018067453464,pass,0.9307308037628674,pass,-0.0018021459140072206,pass,0.15377310036166994,pass,0.00011306777719412178,0.02174569615403366,1.765196677872532,False,above,trust,go,False
practitioner,19,healthy_b8,healthy-b8-1034,1034,dm,0.8413216577125516,0.8363045139564756,0.8461648132975285,,0.5952711597163929,0.37637456459342034,7.821881602713545,0.0,trust,1.0020018067453464,pass,0.9307308037628674,pass,-0.0018021459140072206,pass,0.15377310036166994,pass,0.00011306777719412178,0.02174569615403366,1.765196677872532,False,above,trust,go,False
practitioner,19,healthy_b8,healthy-b8-1034,1034,dr,0.8414347254897457,0.8234990268485243,0.8637501592866759,,0.5952711597163929,0.37637456459342034,7.821881602713545,0.0,trust,1.0020018067453464,pass,0.9307308037628674,pass,-0.0018021459140072206,pass,0.15377310036166994,pass,0.00011306777719412178,0.02174569615403366,1.765196677872532,False,above,trust,go,False
practitioner,19,healthy_b8,healthy-b8-1034,1034,switch_dr,0.8525919419804465,0.8395355162346102,0.8676854288189398,3.8979780665832635,0.5952711597163929,0.37637456459342034,7.821881602713545,0.0,trust,1.0020018067453464,pass,0.9307308037628674,pass,-0.0018021459140072206,pass,0.15377310036166994,pass,0.00011306777719412178,0.02174569615403366,1.765196677872532,False,above,trust,go,False
practitioner,19,healthy_b8,healthy-b8-1034,1034,dros,0.8475964913702984,0.8378230943280398,0.858657254407513,8.004388027912666,0.5952711597163929,0.37637456459342034,7.821881602713545,0.0,trust,1.0020018067453464,pass,0.9307308037628674,pass,-0.0018021459140072206,pass,0.15377310036166994,pass,0.00011306777719412178,0.02174569615403366,1.765196677872532,False,above,trust,go,False
practitioner,19,healthy_b-2,healthy-b-2-1035,1035,ips,0.3872431542750315,0.3699594442239613,0.4040280464821186,,0.5887389143394121,0.5941116459498397,7.142544439453022,0.0,trust,1.0025725608917295,pass,0.921397026254564,pass,0.012149437770578678,pass,0.013023154286434083,pass,0.008662338414428514,0.025019615270891925,1.5433303466246442,False,below,trust,no_go,False
practitioner,19,healthy_b-2,healthy-b-2-1035,1035,snips,0.3862495039068308,0.36845853514729787,0.4025028669038472,,0.5887389143394121,0.5941116459498397,7.142544439453022,0.0,trust,1.0025725608917295,pass,0.921397026254564,pass,0.012149437770578678,pass,0.013023154286434083,pass,0.008662338414428514,0.025019615270891925,1.5433303466246442,False,below,trust,no_go,False
practitioner,19,healthy_b-2,healthy-b-2-1035,1035,clipped_ips,0.3822129673925942,0.3693145144467652,0.39599214935661403,2.0739929555627854,0.5887389143394121,0.5941116459498397,7.142544439453022,0.0,trust,1.0025725608917295,pass,0.921397026254564,pass,0.012149437770578678,pass,0.013023154286434083,pass,0.008662338414428514,0.025019615270891925,1.5433303466246442,False,below,trust,no_go,False
practitioner,19,healthy_b-2,healthy-b-2-1035,1035,dm,0.3926497764623498,0.3886814215413093,0.3961389025663237,,0.5887389143394121,0.5941116459498397,7.142544439453022,0.0,trust,1.0025725608917295,pass,0.921397026254564,pass,0.012149437770578678,pass,0.013023154286434083,pass,0.008662338414428514,0.025019615270891925,1.5433303466246442,False,below,trust,no_go,False
practitioner,19,healthy_b-2,healthy-b-2-1035,1035,dr,0.38398743804792124,0.36691364259448384,0.40112896328794045,,0.5887389143394121,0.5941116459498397,7.142544439453022,0.0,trust,1.0025725608917295,pass,0.921397026254564,pass,0.012149437770578678,pass,0.013023154286434083,pass,0.008662338414428514,0.025019615270891925,1.5433303466246442,False,below,trust,no_go,False
practitioner,19,healthy_b-2,healthy-b-2-1035,1035,switch_dr,0.37631530801306645,0.3633821534037492,0.3895109052797099,2.6563184193146463,0.5887389143394121,0.5941116459498397,7.142544439453022,0.0,trust,1.0025725608917295,pass,0.921397026254564,pass,0.012149437770578678,pass,0.013023154286434083,pass,0.008662338414428514,0.025019615270891925,1.5433303466246442,False,below,trust,no_go,False
practitioner,19,healthy_b-2,healthy-b-2-1035,1035,dros,0.38746334237302615,0.378271759089529,0.3965578919884573,4.301446779724058,0.5887389143394121,0.5941116459498397,7.142544439453022,0.0,trust,1.0025725608917295,pass,0.921397026254564,pass,0.012149437770578678,pass,0.013023154286434083,pass,0.008662338414428514,0.025019615270891925,1.5433303466246442,False,below,trust,no_go,False
practitioner,19,healthy_b2,healthy-b2-1035,1035,ips,0.6342285899689648,0.6175646246636256,0.6496204289540405,,0.5887389143394121,0.935869304024314,3.504298140444773,0.0,trust,0.9958175597654639,pass,0.921397026254564,pass,0.008149249735108261,pass,0.04048608775514059,pass,0.00759007021073278,0.0037975390521488195,1.1091257179102716,False,above,trust,go,True
practitioner,19,healthy_b2,healthy-b2-1035,1035,snips,0.6368923541761394,0.6232774313157692,0.6503612100449113,,0.5887389143394121,0.935869304024314,3.504298140444773,0.0,trust,0.9958175597654639,pass,0.921397026254564,pass,0.008149249735108261,pass,0.04048608775514059,pass,0.00759007021073278,0.0037975390521488195,1.1091257179102716,False,above,trust,go,True
practitioner,19,healthy_b2,healthy-b2-1035,1035,clipped_ips,0.6111070744343862,0.5960653860471445,0.6255829619093938,1.2785634276691218,0.5887389143394121,0.935869304024314,3.504298140444773,0.0,trust,0.9958175597654639,pass,0.921397026254564,pass,0.008149249735108261,pass,0.04048608775514059,pass,0.00759007021073278,0.0037975390521488195,1.1091257179102716,False,above,trust,go,True
practitioner,19,healthy_b2,healthy-b2-1035,1035,dm,0.6482471901347815,0.6448653671471669,0.6518081120103383,,0.5887389143394121,0.935869304024314,3.504298140444773,0.0,trust,0.9958175597654639,pass,0.921397026254564,pass,0.008149249735108261,pass,0.04048608775514059,pass,0.00759007021073278,0.0037975390521488195,1.1091257179102716,False,above,trust,go,True
practitioner,19,healthy_b2,healthy-b2-1035,1035,dr,0.6406571199240487,0.6270456313829318,0.653229162914809,,0.5887389143394121,0.935869304024314,3.504298140444773,0.0,trust,0.9958175597654639,pass,0.921397026254564,pass,0.008149249735108261,pass,0.04048608775514059,pass,0.00759007021073278,0.0037975390521488195,1.1091257179102716,False,above,trust,go,True
practitioner,19,healthy_b2,healthy-b2-1035,1035,switch_dr,0.6541052073291489,0.6425398437421292,0.6655996785360756,1.420763749099832,0.5887389143394121,0.935869304024314,3.504298140444773,0.0,trust,0.9958175597654639,pass,0.921397026254564,pass,0.008149249735108261,pass,0.04048608775514059,pass,0.00759007021073278,0.0037975390521488195,1.1091257179102716,False,above,trust,go,True
practitioner,19,healthy_b2,healthy-b2-1035,1035,dros,0.6472326982379778,0.6390995351750601,0.6547254843842042,1.6347244385730135,0.5887389143394121,0.935869304024314,3.504298140444773,0.0,trust,0.9958175597654639,pass,0.921397026254564,pass,0.008149249735108261,pass,0.04048608775514059,pass,0.00759007021073278,0.0037975390521488195,1.1091257179102716,False,above,trust,go,True
practitioner,19,healthy_b8,healthy-b8-1035,1035,ips,0.8065159135015391,0.7723086620360485,0.8405719498809345,,0.5887389143394121,0.39629121990505095,8.051509013746175,0.0,trust,0.9790336223913562,pass,0.921397026254564,pass,0.012498311621108104,pass,0.16633295336059367,pass,0.008619865870953796,0.020556764703750237,1.7146464878886178,False,above,trust,go,False
practitioner,19,healthy_b8,healthy-b8-1035,1035,snips,0.8237877587202461,0.8042391431421696,0.8427748593951576,,0.5887389143394121,0.39629121990505095,8.051509013746175,0.0,trust,0.9790336223913562,pass,0.921397026254564,pass,0.012498311621108104,pass,0.16633295336059367,pass,0.008619865870953796,0.020556764703750237,1.7146464878886178,False,above,trust,go,False
practitioner,19,healthy_b8,healthy-b8-1035,1035,clipped_ips,0.6867647078700034,0.6610298262829062,0.7115138485901435,2.647653951578004,0.5887389143394121,0.39629121990505095,8.051509013746175,0.0,trust,0.9790336223913562,pass,0.921397026254564,pass,0.012498311621108104,pass,0.16633295336059367,pass,0.008619865870953796,0.020556764703750237,1.7146464878886178,False,above,trust,go,False
practitioner,19,healthy_b8,healthy-b8-1035,1035,dm,0.836720962331853,0.8319702575850201,0.8419172078682673,,0.5887389143394121,0.39629121990505095,8.051509013746175,0.0,trust,0.9790336223913562,pass,0.921397026254564,pass,0.012498311621108104,pass,0.16633295336059367,pass,0.008619865870953796,0.020556764703750237,1.7146464878886178,False,above,trust,go,False
practitioner,19,healthy_b8,healthy-b8-1035,1035,dr,0.8281010964608992,0.8068623312026793,0.8472559344428745,,0.5887389143394121,0.39629121990505095,8.051509013746175,0.0,trust,0.9790336223913562,pass,0.921397026254564,pass,0.012498311621108104,pass,0.16633295336059367,pass,0.008619865870953796,0.020556764703750237,1.7146464878886178,False,above,trust,go,False
practitioner,19,healthy_b8,healthy-b8-1035,1035,switch_dr,0.8513429810636233,0.8377755201430308,0.8644174490674337,3.6473585487349225,0.5887389143394121,0.39629121990505095,8.051509013746175,0.0,trust,0.9790336223913562,pass,0.921397026254564,pass,0.012498311621108104,pass,0.16633295336059367,pass,0.008619865870953796,0.020556764703750237,1.7146464878886178,False,above,trust,go,False
practitioner,19,healthy_b8,healthy-b8-1035,1035,dros,0.841937045303027,0.8324923400392994,0.8513657294574406,7.010071447306619,0.5887389143394121,0.39629121990505095,8.051509013746175,0.0,trust,0.9790336223913562,pass,0.921397026254564,pass,0.012498311621108104,pass,0.16633295336059367,pass,0.008619865870953796,0.020556764703750237,1.7146464878886178,False,above,trust,go,False
practitioner,19,healthy_b-2,healthy-b-2-1036,1036,ips,0.38644236178444796,0.3692518321311942,0.4028801336098509,,0.5853739634565801,0.5707463804429073,12.47532948383601,0.0,trust,1.0070773149645074,pass,0.9410980198897456,pass,0.005567639427286528,pass,0.015114200238837512,pass,0.01332765139866439,0.025222431140533505,1.5424373245967213,False,below,trust,no_go,False
practitioner,19,healthy_b-2,healthy-b-2-1036,1036,snips,0.3837266077213421,0.3633559677454903,0.40319711128487384,,0.5853739634565801,0.5707463804429073,12.47532948383601,0.0,trust,1.0070773149645074,pass,0.9410980198897456,pass,0.005567639427286528,pass,0.015114200238837512,pass,0.01332765139866439,0.025222431140533505,1.5424373245967213,False,below,trust,no_go,False
practitioner,19,healthy_b-2,healthy-b-2-1036,1036,clipped_ips,0.38064264099837775,0.36632008230638025,0.393766319621488,2.15704728276775,0.5853739634565801,0.5707463804429073,12.47532948383601,0.0,trust,1.0070773149645074,pass,0.9410980198897456,pass,0.005567639427286528,pass,0.015114200238837512,pass,0.01332765139866439,0.025222431140533505,1.5424373245967213,False,below,trust,no_go,False
practitioner,19,healthy_b-2,healthy-b-2-1036,1036,dm,0.40143017609998577,0.3973196520177406,0.404918008637702,,0.5853739634565801,0.5707463804429073,12.47532948383601,0.0,trust,1.0070773149645074,pass,0.9410980198897456,pass,0.005567639427286528,pass,0.015114200238837512,pass,0.01332765139866439,0.025222431140533505,1.5424373245967213,False,below,trust,no_go,False
practitioner,19,healthy_b-2,healthy-b-2-1036,1036,dr,0.3881025247013214,0.3717415389903264,0.4048505349380865,,0.5853739634565801,0.5707463804429073,12.47532948383601,0.0,trust,1.0070773149645074,pass,0.9410980198897456,pass,0.005567639427286528,pass,0.015114200238837512,pass,0.01332765139866439,0.025222431140533505,1.5424373245967213,False,below,trust,no_go,False
practitioner,19,healthy_b-2,healthy-b-2-1036,1036,switch_dr,0.38363547475907545,0.3707909666940829,0.39633245232836056,2.755574582614828,0.5853739634565801,0.5707463804429073,12.47532948383601,0.0,trust,1.0070773149645074,pass,0.9410980198897456,pass,0.005567639427286528,pass,0.015114200238837512,pass,0.01332765139866439,0.025222431140533505,1.5424373245967213,False,below,trust,no_go,False
practitioner,19,healthy_b-2,healthy-b-2-1036,1036,dros,0.3955387096075771,0.386249361931908,0.40494601031321126,4.652852980095734,0.5853739634565801,0.5707463804429073,12.47532948383601,0.0,trust,1.0070773149645074,pass,0.9410980198897456,pass,0.005567639427286528,pass,0.015114200238837512,pass,0.01332765139866439,0.025222431140533505,1.5424373245967213,False,below,trust,no_go,False
practitioner,19,healthy_b2,healthy-b2-1036,1036,ips,0.6327449401913305,0.6171656464264951,0.6488333371631576,,0.5853739634565801,0.9218894568802589,3.422947286675821,0.0,trust,0.997925261045177,pass,0.9410980198897456,pass,-0.004538476044361686,pass,0.039363540349023673,pass,0.006016215579338706,0.012810027709388433,1.1118195317233184,False,above,trust,go,True
practitioner,19,healthy_b2,healthy-b2-1036,1036,snips,0.6340604501068798,0.6204761918076549,0.6482915275203648,,0.5853739634565801,0.9218894568802589,3.422947286675821,0.0,trust,0.997925261045177,pass,0.9410980198897456,pass,-0.004538476044361686,pass,0.039363540349023673,pass,0.006016215579338706,0.012810027709388433,1.1118195317233184,False,above,trust,go,True
practitioner,19,healthy_b2,healthy-b2-1036,1036,clipped_ips,0.6091015859953776,0.59496333017834,0.6240813886724267,1.3270440450102867,0.5853739634565801,0.9218894568802589,3.422947286675821,0.0,trust,0.997925261045177,pass,0.9410980198897456,pass,-0.004538476044361686,pass,0.039363540349023673,pass,0.006016215579338706,0.012810027709388433,1.1118195317233184,False,above,trust,go,True
practitioner,19,healthy_b2,healthy-b2-1036,1036,dm,0.6432311798601363,0.6397997374011484,0.6467814833213283,,0.5853739634565801,0.9218894568802589,3.422947286675821,0.0,trust,0.997925261045177,pass,0.9410980198897456,pass,-0.004538476044361686,pass,0.039363540349023673,pass,0.006016215579338706,0.012810027709388433,1.1118195317233184,False,above,trust,go,True
practitioner,19,healthy_b2,healthy-b2-1036,1036,dr,0.6372149642807976,0.6245175306409403,0.6500764564443476,,0.5853739634565801,0.9218894568802589,3.422947286675821,0.0,trust,0.997925261045177,pass,0.9410980198897456,pass,-0.004538476044361686,pass,0.039363540349023673,pass,0.006016215579338706,0.012810027709388433,1.1118195317233184,False,above,trust,go,True
practitioner,19,healthy_b2,healthy-b2-1036,1036,switch_dr,0.6480392204259922,0.6374582815663138,0.6596823697547846,1.4844367252620427,0.5853739634565801,0.9218894568802589,3.422947286675821,0.0,trust,0.997925261045177,pass,0.9410980198897456,pass,-0.004538476044361686,pass,0.039363540349023673,pass,0.006016215579338706,0.012810027709388433,1.1118195317233184,False,above,trust,go,True
practitioner,19,healthy_b2,healthy-b2-1036,1036,dros,0.6425401938256216,0.6351217176845682,0.6513520930205297,1.7610458973972638,0.5853739634565801,0.9218894568802589,3.422947286675821,0.0,trust,0.997925261045177,pass,0.9410980198897456,pass,-0.004538476044361686,pass,0.039363540349023673,pass,0.006016215579338706,0.012810027709388433,1.1118195317233184,False,above,trust,go,True
practitioner,19,healthy_b8,healthy-b8-1036,1036,ips,0.7912041110166131,0.7525573298181576,0.8247500802439734,,0.5853739634565801,0.36490816347333305,7.556556020610338,0.0,trust,0.9812048415363551,pass,0.9410980198897456,pass,-0.01681949684169908,pass,0.1735433047368098,pass,0.004446527839180379,0.04315567256107843,1.6884041087910633,False,above,trust,go,False
practitioner,19,healthy_b8,healthy-b8-1036,1036,snips,0.8063597706853526,0.7872429131773501,0.8271377192668967,,0.5853739634565801,0.36490816347333305,7.556556020610338,0.0,trust,0.9812048415363551,pass,0.9410980198897456,pass,-0.01681949684169908,pass,0.1735433047368098,pass,0.004446527839180379,0.04315567256107843,1.6884041087910633,False,above,trust,go,False
practitioner,19,healthy_b8,healthy-b8-1036,1036,clipped_ips,0.6664214312738004,0.6382751984318545,0.6923241814766715,2.7972773289600923,0.5853739634565801,0.36490816347333305,7.556556020610338,0.0,trust,0.9812048415363551,pass,0.9410980198897456,pass,-0.01681949684169908,pass,0.1735433047368098,pass,0.004446527839180379,0.04315567256107843,1.6884041087910633,False,above,trust,go,False
practitioner,19,healthy_b8,healthy-b8-1036,1036,dm,0.8153305837469158,0.810837506871471,0.8202077271670727,,0.5853739634565801,0.36490816347333305,7.556556020610338,0.0,trust,0.9812048415363551,pass,0.9410980198897456,pass,-0.01681949684169908,pass,0.1735433047368098,pass,0.004446527839180379,0.04315567256107843,1.6884041087910633,False,above,trust,go,False
practitioner,19,healthy_b8,healthy-b8-1036,1036,dr,0.8108840559077354,0.7914146655636575,0.8315429080629441,,0.5853739634565801,0.36490816347333305,7.556556020610338,0.0,trust,0.9812048415363551,pass,0.9410980198897456,pass,-0.01681949684169908,pass,0.1735433047368098,pass,0.004446527839180379,0.04315567256107843,1.6884041087910633,False,above,trust,go,False
practitioner,19,healthy_b8,healthy-b8-1036,1036,switch_dr,0.8331792086730634,0.8203386594336254,0.847982662822309,3.983206306020455,0.5853739634565801,0.36490816347333305,7.556556020610338,0.0,trust,0.9812048415363551,pass,0.9410980198897456,pass,-0.01681949684169908,pass,0.1735433047368098,pass,0.004446527839180379,0.04315567256107843,1.6884041087910633,False,above,trust,go,False
practitioner,19,healthy_b8,healthy-b8-1036,1036,dros,0.8226067489587447,0.8137464114570467,0.8326742741906045,7.824760455114109,0.5853739634565801,0.36490816347333305,7.556556020610338,0.0,trust,0.9812048415363551,pass,0.9410980198897456,pass,-0.01681949684169908,pass,0.1735433047368098,pass,0.004446527839180379,0.04315567256107843,1.6884041087910633,False,above,trust,go,False
practitioner,19,healthy_b-2,healthy-b-2-1037,1037,ips,0.36933188921759047,0.35250785218335773,0.3849735117584341,,0.5801209935847557,0.541373582958727,8.932853487388856,0.0,trust,1.0018285715080084,pass,0.9477893004197231,pass,-0.010604497306039117,pass,0.009539601270800493,pass,0.010324558581068953,0.023978115223060256,1.5792429773243557,False,below,trust,no_go,False
practitioner,19,healthy_b-2,healthy-b-2-1037,1037,snips,0.3686577721192873,0.3492080161846971,0.3857881806177571,,0.5801209935847557,0.541373582958727,8.932853487388856,0.0,trust,1.0018285715080084,pass,0.9477893004197231,pass,-0.010604497306039117,pass,0.009539601270800493,pass,0.010324558581068953,0.023978115223060256,1.5792429773243557,False,below,trust,no_go,False
practitioner,19,healthy_b-2,healthy-b-2-1037,1037,clipped_ips,0.36581504106619084,0.3529350770635895,0.3787661546766259,2.122154500842454,0.5801209935847557,0.541373582958727,8.932853487388856,0.0,trust,1.0018285715080084,pass,0.9477893004197231,pass,-0.010604497306039117,pass,0.009539601270800493,pass,0.010324558581068953,0.023978115223060256,1.5792429773243557,False,below,trust,no_go,False
practitioner,19,healthy_b-2,healthy-b-2-1037,1037,dm,0.3824494582287446,0.3784500134806315,0.3862195502774578,,0.5801209935847557,0.541373582958727,8.932853487388856,0.0,trust,1.0018285715080084,pass,0.9477893004197231,pass,-0.010604497306039117,pass,0.009539601270800493,pass,0.010324558581068953,0.023978115223060256,1.5792429773243557,False,below,trust,no_go,False
practitioner,19,healthy_b-2,healthy-b-2-1037,1037,dr,0.37212489964767564,0.3556648665899371,0.3868176595088364,,0.5801209935847557,0.541373582958727,8.932853487388856,0.0,trust,1.0018285715080084,pass,0.9477893004197231,pass,-0.010604497306039117,pass,0.009539601270800493,pass,0.010324558581068953,0.023978115223060256,1.5792429773243557,False,below,trust,no_go,False
practitioner,19,healthy_b-2,healthy-b-2-1037,1037,switch_dr,0.37034591605196454,0.35880453098686604,0.3823928731014733,2.8025433032705975,0.5801209935847557,0.541373582958727,8.932853487388856,0.0,trust,1.0018285715080084,pass,0.9477893004197231,pass,-0.010604497306039117,pass,0.009539601270800493,pass,0.010324558581068953,0.023978115223060256,1.5792429773243557,False,below,trust,no_go,False
practitioner,19,healthy_b-2,healthy-b-2-1037,1037,dros,0.37762714739026315,0.3693615347930719,0.3870179921309284,4.503539725445885,0.5801209935847557,0.541373582958727,8.932853487388856,0.0,trust,1.0018285715080084,pass,0.9477893004197231,pass,-0.010604497306039117,pass,0.009539601270800493,pass,0.010324558581068953,0.023978115223060256,1.5792429773243557,False,below,trust,no_go,False
practitioner,19,healthy_b2,healthy-b2-1037,1037,ips,0.6291303466248612,0.6153945524890362,0.6435727552876762,,0.5801209935847557,0.9247316715188393,2.949925801303838,0.0,trust,0.9953462734908589,pass,0.9477893004197231,pass,0.006772807024929018,pass,0.04251074681345706,pass,0.007175081114698589,0.003176888558130376,1.1214418740051468,False,above,trust,go,True
practitioner,19,healthy_b2,healthy-b2-1037,1037,snips,0.6320718360841274,0.6191859977085383,0.6454040527832049,,0.5801209935847557,0.9247316715188393,2.949925801303838,0.0,trust,0.9953462734908589,pass,0.9477893004197231,pass,0.006772807024929018,pass,0.04251074681345706,pass,0.007175081114698589,0.003176888558130376,1.1214418740051468,False,above,trust,go,True
practitioner,19,healthy_b2,healthy-b2-1037,1037,clipped_ips,0.6052019902924382,0.5917767962641102,0.6190040350410875,1.3108039853636353,0.5801209935847557,0.9247316715188393,2.949925801303838,0.0,trust,0.9953462734908589,pass,0.9477893004197231,pass,0.006772807024929018,pass,0.04251074681345706,pass,0.007175081114698589,0.003176888558130376,1.1214418740051468,False,above,trust,go,True
practitioner,19,healthy_b2,healthy-b2-1037,1037,dm,0.6430308714593809,0.6391626672918925,0.647153687724427,,0.5801209935847557,0.9247316715188393,2.949925801303838,0.0,trust,0.9953462734908589,pass,0.9477893004197231,pass,0.006772807024929018,pass,0.04251074681345706,pass,0.007175081114698589,0.003176888558130376,1.1214418740051468,False,above,trust,go,True
practitioner,19,healthy_b2,healthy-b2-1037,1037,dr,0.6358557903446823,0.6238530884414655,0.6481127602095096,,0.5801209935847557,0.9247316715188393,2.949925801303838,0.0,trust,0.9953462734908589,pass,0.9477893004197231,pass,0.006772807024929018,pass,0.04251074681345706,pass,0.007175081114698589,0.003176888558130376,1.1214418740051468,False,above,trust,go,True
practitioner,19,healthy_b2,healthy-b2-1037,1037,switch_dr,0.6482476450547804,0.6377256823791032,0.6600448439548504,1.4869780969984034,0.5801209935847557,0.9247316715188393,2.949925801303838,0.0,trust,0.9953462734908589,pass,0.9477893004197231,pass,0.006772807024929018,pass,0.04251074681345706,pass,0.007175081114698589,0.003176888558130376,1.1214418740051468,False,above,trust,go,True
practitioner,19,healthy_b2,healthy-b2-1037,1037,dros,0.6423937817069696,0.6348503865236257,0.6503706652836796,1.7182070880451894,0.5801209935847557,0.9247316715188393,2.949925801303838,0.0,trust,0.9953462734908589,pass,0.9477893004197231,pass,0.006772807024929018,pass,0.04251074681345706,pass,0.007175081114698589,0.003176888558130376,1.1214418740051468,False,above,trust,go,True
practitioner,19,healthy_b8,healthy-b8-1037,1037,ips,0.7855955443723157,0.7567864958613193,0.8179077180646095,,0.5801209935847557,0.37579790788571954,7.25158767162529,0.0,trust,0.9812698457772567,pass,0.9477893004197231,pass,0.00799235848108906,pass,0.17077471663962315,pass,0.01775437787053615,0.009579910220859068,1.6935636604335478,False,above,trust,go,False
practitioner,19,healthy_b8,healthy-b8-1037,1037,snips,0.8005907322567843,0.7821480970658407,0.8191116022093794,,0.5801209935847557,0.37579790788571954,7.25158767162529,0.0,trust,0.9812698457772567,pass,0.9477893004197231,pass,0.00799235848108906,pass,0.17077471663962315,pass,0.01775437787053615,0.009579910220859068,1.6935636604335478,False,above,trust,go,False
practitioner,19,healthy_b8,healthy-b8-1037,1037,clipped_ips,0.6638700768113236,0.6427338495464601,0.6858039325773052,2.7835250885741494,0.5801209935847557,0.37579790788571954,7.25158767162529,0.0,trust,0.9812698457772567,pass,0.9477893004197231,pass,0.00799235848108906,pass,0.17077471663962315,pass,0.01775437787053615,0.009579910220859068,1.6935636604335478,False,above,trust,go,False
practitioner,19,healthy_b8,healthy-b8-1037,1037,dm,0.822928875432772,0.8182005369722836,0.8279642452809772,,0.5801209935847557,0.37579790788571954,7.25158767162529,0.0,trust,0.9812698457772567,pass,0.9477893004197231,pass,0.00799235848108906,pass,0.17077471663962315,pass,0.01775437787053615,0.009579910220859068,1.6935636604335478,False,above,trust,go,False
practitioner,19,healthy_b8,healthy-b8-1037,1037,dr,0.8051744975622359,0.7862862668757817,0.8237750179788458,,0.5801209935847557,0.37579790788571954,7.25158767162529,0.0,trust,0.9812698457772567,pass,0.9477893004197231,pass,0.00799235848108906,pass,0.17077471663962315,pass,0.01775437787053615,0.009579910220859068,1.6935636604335478,False,above,trust,go,False
practitioner,19,healthy_b8,healthy-b8-1037,1037,switch_dr,0.8326781525483183,0.818392601049374,0.847490499408608,3.959286360456109,0.5801209935847557,0.37579790788571954,7.25158767162529,0.0,trust,0.9812698457772567,pass,0.9477893004197231,pass,0.00799235848108906,pass,0.17077471663962315,pass,0.01775437787053615,0.009579910220859068,1.6935636604335478,False,above,trust,go,False
practitioner,19,healthy_b8,healthy-b8-1037,1037,dros,0.8256136188664366,0.815519197688667,0.835692694444152,7.748011918721726,0.5801209935847557,0.37579790788571954,7.25158767162529,0.0,trust,0.9812698457772567,pass,0.9477893004197231,pass,0.00799235848108906,pass,0.17077471663962315,pass,0.01775437787053615,0.009579910220859068,1.6935636604335478,False,above,trust,go,False
practitioner,19,healthy_b-2,healthy-b-2-1038,1038,ips,0.38043995525455826,0.3618079634499722,0.3968350798089711,,0.5890144719075281,0.5444849873108176,8.888095894012322,0.0,trust,1.00763719782909,pass,0.9358575250441082,pass,0.00711186058293172,pass,0.01615020799742823,pass,0.005623261366759369,0.01983166043483664,1.580663912325039,False,below,trust,no_go,False
practitioner,19,healthy_b-2,healthy-b-2-1038,1038,snips,0.37755648171206807,0.3581824574954393,0.39621015857634756,,0.5890144719075281,0.5444849873108176,8.888095894012322,0.0,trust,1.00763719782909,pass,0.9358575250441082,pass,0.00711186058293172,pass,0.01615020799742823,pass,0.005623261366759369,0.01983166043483664,1.580663912325039,False,below,trust,no_go,False
practitioner,19,healthy_b-2,healthy-b-2-1038,1038,clipped_ips,0.37434233954413115,0.3598077275961347,0.3879146676758963,2.1777364645924404,0.5890144719075281,0.5444849873108176,8.888095894012322,0.0,trust,1.00763719782909,pass,0.9358575250441082,pass,0.00711186058293172,pass,0.01615020799742823,pass,0.005623261366759369,0.01983166043483664,1.580663912325039,False,below,trust,no_go,False
practitioner,19,healthy_b-2,healthy-b-2-1038,1038,dm,0.39102607693948316,0.3874135822565793,0.39475677734769593,,0.5890144719075281,0.5444849873108176,8.888095894012322,0.0,trust,1.00763719782909,pass,0.9358575250441082,pass,0.00711186058293172,pass,0.01615020799742823,pass,0.005623261366759369,0.01983166043483664,1.580663912325039,False,below,trust,no_go,False
practitioner,19,healthy_b-2,healthy-b-2-1038,1038,dr,0.38540281557272377,0.36764413809498253,0.4011133355054079,,0.5890144719075281,0.5444849873108176,8.888095894012322,0.0,trust,1.00763719782909,pass,0.9358575250441082,pass,0.00711186058293172,pass,0.01615020799742823,pass,0.005623261366759369,0.01983166043483664,1.580663912325039,False,below,trust,no_go,False
practitioner,19,healthy_b-2,healthy-b-2-1038,1038,switch_dr,0.37943945849903343,0.36570072458818736,0.3917796433339154,2.862396526995016,0.5890144719075281,0.5444849873108176,8.888095894012322,0.0,trust,1.00763719782909,pass,0.9358575250441082,pass,0.00711186058293172,pass,0.01615020799742823,pass,0.005623261366759369,0.01983166043483664,1.580663912325039,False,below,trust,no_go,False
practitioner,19,healthy_b-2,healthy-b-2-1038,1038,dros,0.3877903449389759,0.377641321639833,0.39675785837436683,4.742536109215582,0.5890144719075281,0.5444849873108176,8.888095894012322,0.0,trust,1.00763719782909,pass,0.9358575250441082,pass,0.00711186058293172,pass,0.01615020799742823,pass,0.005623261366759369,0.01983166043483664,1.580663912325039,False,below,trust,no_go,False
practitioner,19,healthy_b2,healthy-b2-1038,1038,ips,0.6477010526486292,0.6333552961540122,0.6637378430856817,,0.5890144719075281,0.9120825511860857,3.1702029509895397,0.0,trust,0.9995014303634217,pass,0.9358575250441082,pass,-0.0014525620538398728,pass,0.039585267204814714,pass,0.00484663220292744,0.004903713614641507,1.1376141547111682,False,above,trust,go,True
practitioner,19,healthy_b2,healthy-b2-1038,1038,snips,0.6480241378075099,0.6353577921955145,0.6620734881404713,,0.5890144719075281,0.9120825511860857,3.1702029509895397,0.0,trust,0.9995014303634217,pass,0.9358575250441082,pass,-0.0014525620538398728,pass,0.039585267204814714,pass,0.00484663220292744,0.004903713614641507,1.1376141547111682,False,above,trust,go,True
practitioner,19,healthy_b2,healthy-b2-1038,1038,clipped_ips,0.6223719291572299,0.6081092407814418,0.6370516083928238,1.3600612141024677,0.5890144719075281,0.9120825511860857,3.1702029509895397,0.0,trust,0.9995014303634217,pass,0.9358575250441082,pass,-0.0014525620538398728,pass,0.039585267204814714,pass,0.00484663220292744,0.004903713614641507,1.1376141547111682,False,above,trust,go,True
practitioner,19,healthy_b2,healthy-b2-1038,1038,dm,0.6523889853951644,0.6486502231625346,0.6561204360821209,,0.5890144719075281,0.9120825511860857,3.1702029509895397,0.0,trust,0.9995014303634217,pass,0.9358575250441082,pass,-0.0014525620538398728,pass,0.039585267204814714,pass,0.00484663220292744,0.004903713614641507,1.1376141547111682,False,above,trust,go,True
practitioner,19,healthy_b2,healthy-b2-1038,1038,dr,0.647542353192237,0.6345142129926163,0.6606342440745401,,0.5890144719075281,0.9120825511860857,3.1702029509895397,0.0,trust,0.9995014303634217,pass,0.9358575250441082,pass,-0.0014525620538398728,pass,0.039585267204814714,pass,0.00484663220292744,0.004903713614641507,1.1376141547111682,False,above,trust,go,True
practitioner,19,healthy_b2,healthy-b2-1038,1038,switch_dr,0.6598871552894012,0.6469479353116437,0.6723135755617426,1.5324743589897114,0.5890144719075281,0.9120825511860857,3.1702029509895397,0.0,trust,0.9995014303634217,pass,0.9358575250441082,pass,-0.0014525620538398728,pass,0.039585267204814714,pass,0.00484663220292744,0.004903713614641507,1.1376141547111682,False,above,trust,go,True
practitioner,19,healthy_b2,healthy-b2-1038,1038,dros,0.6530346598047745,0.6447099770539716,0.6615001038012064,1.8497665061058786,0.5890144719075281,0.9120825511860857,3.1702029509895397,0.0,trust,0.9995014303634217,pass,0.9358575250441082,pass,-0.0014525620538398728,pass,0.039585267204814714,pass,0.00484663220292744,0.004903713614641507,1.1376141547111682,False,above,trust,go,True
practitioner,19,healthy_b8,healthy-b8-1038,1038,ips,0.8250882705641414,0.7914588978073915,0.8613833087785991,,0.5890144719075281,0.3715038540162617,7.679968321485501,0.0,trust,1.013438848885178,pass,0.9358575250441082,pass,-0.0052424154208473165,pass,0.15482922315738845,pass,0.012415151378182925,0.018736993383235954,1.692023586425946,False,above,trust,go,False
practitioner,19,healthy_b8,healthy-b8-1038,1038,snips,0.8141470711052476,0.795932680323277,0.8341789250285823,,0.5890144719075281,0.3715038540162617,7.679968321485501,0.0,trust,1.013438848885178,pass,0.9358575250441082,pass,-0.0052424154208473165,pass,0.15482922315738845,pass,0.012415151378182925,0.018736993383235954,1.692023586425946,False,above,trust,go,False
practitioner,19,healthy_b8,healthy-b8-1038,1038,clipped_ips,0.6990345120090528,0.6751962901150317,0.7253224554719235,2.8821065146813583,0.5890144719075281,0.3715038540162617,7.679968321485501,0.0,trust,1.013438848885178,pass,0.9358575250441082,pass,-0.0052424154208473165,pass,0.15482922315738845,pass,0.012415151378182925,0.018736993383235954,1.692023586425946,False,above,trust,go,False
practitioner,19,healthy_b8,healthy-b8-1038,1038,dm,0.8244140032507348,0.8191324175562512,0.8290878973022499,,0.5890144719075281,0.3715038540162617,7.679968321485501,0.0,trust,1.013438848885178,pass,0.9358575250441082,pass,-0.0052424154208473165,pass,0.15482922315738845,pass,0.012415151378182925,0.018736993383235954,1.692023586425946,False,above,trust,go,False
practitioner,19,healthy_b8,healthy-b8-1038,1038,dr,0.8119988518725518,0.7940125859331074,0.8319422572569206,,0.5890144719075281,0.3715038540162617,7.679968321485501,0.0,trust,1.013438848885178,pass,0.9358575250441082,pass,-0.0052424154208473165,pass,0.15482922315738845,pass,0.012415151378182925,0.018736993383235954,1.692023586425946,False,above,trust,go,False
practitioner,19,healthy_b8,healthy-b8-1038,1038,switch_dr,0.8378751411012232,0.822633535159038,0.851236965946863,4.02601392228422,0.5890144719075281,0.3715038540162617,7.679968321485501,0.0,trust,1.013438848885178,pass,0.9358575250441082,pass,-0.0052424154208473165,pass,0.15482922315738845,pass,0.012415151378182925,0.018736993383235954,1.692023586425946,False,above,trust,go,False
practitioner,19,healthy_b8,healthy-b8-1038,1038,dros,0.8305716486636513,0.8202524382642686,0.8411436956273332,8.306537961968726,0.5890144719075281,0.3715038540162617,7.679968321485501,0.0,trust,1.013438848885178,pass,0.9358575250441082,pass,-0.0052424154208473165,pass,0.15482922315738845,pass,0.012415151378182925,0.018736993383235954,1.692023586425946,False,above,trust,go,False
practitioner,19,healthy_b-2,healthy-b-2-1039,1039,ips,0.3703416984754163,0.3548396176819156,0.38506475979360394,,0.594265257431859,0.5635321937093676,7.505179556309723,0.0,trust,0.9913347761044603,pass,0.943425480815148,pass,-0.020788368730376365,fail,0.01781904605563107,pass,0.013131495563273194,0.023211505378089844,1.5882228218204633,False,below,distrust,ab_test,False
practitioner,19,healthy_b-2,healthy-b-2-1039,1039,snips,0.37357884279083553,0.3559068275585578,0.3903117682292604,,0.594265257431859,0.5635321937093676,7.505179556309723,0.0,trust,0.9913347761044603,pass,0.943425480815148,pass,-0.020788368730376365,fail,0.01781904605563107,pass,0.013131495563273194,0.023211505378089844,1.5882228218204633,False,below,distrust,ab_test,False
practitioner,19,healthy_b-2,healthy-b-2-1039,1039,clipped_ips,0.3669220241857363,0.3542507039218834,0.37968235722781024,2.136427956492999,0.594265257431859,0.5635321937093676,7.505179556309723,0.0,trust,0.9913347761044603,pass,0.943425480815148,pass,-0.020788368730376365,fail,0.01781904605563107,pass,0.013131495563273194,0.023211505378089844,1.5882228218204633,False,below,distrust,ab_test,False
practitioner,19,healthy_b-2,healthy-b-2-1039,1039,dm,0.3840770557905363,0.3802280089128656,0.3879011024894733,,0.594265257431859,0.5635321937093676,7.505179556309723,0.0,trust,0.9913347761044603,pass,0.943425480815148,pass,-0.020788368730376365,fail,0.01781904605563107,pass,0.013131495563273194,0.023211505378089844,1.5882228218204633,False,below,distrust,ab_test,False
practitioner,19,healthy_b-2,healthy-b-2-1039,1039,dr,0.3709455602272631,0.3549133325548721,0.38701649408252936,,0.594265257431859,0.5635321937093676,7.505179556309723,0.0,trust,0.9913347761044603,pass,0.943425480815148,pass,-0.020788368730376365,fail,0.01781904605563107,pass,0.013131495563273194,0.023211505378089844,1.5882228218204633,False,below,distrust,ab_test,False
practitioner,19,healthy_b-2,healthy-b-2-1039,1039,switch_dr,0.3645884749980141,0.35207688474274107,0.37702364205880606,2.7554555749697065,0.594265257431859,0.5635321937093676,7.505179556309723,0.0,trust,0.9913347761044603,pass,0.943425480815148,pass,-0.020788368730376365,fail,0.01781904605563107,pass,0.013131495563273194,0.023211505378089844,1.5882228218204633,False,below,distrust,ab_test,False
practitioner,19,healthy_b-2,healthy-b-2-1039,1039,dros,0.3783191965100193,0.3688133824012935,0.38757053573261513,4.564324413284851,0.594265257431859,0.5635321937093676,7.505179556309723,0.0,trust,0.9913347761044603,pass,0.943425480815148,pass,-0.020788368730376365,fail,0.01781904605563107,pass,0.013131495563273194,0.023211505378089844,1.5882228218204633,False,below,distrust,ab_test,False
practitioner,19,healthy_b2,healthy-b2-1039,1039,ips,0.66010965892125,0.6435444497552074,0.6762642570274475,,0.594265257431859,0.9094230089443072,3.233252390444655,0.0,trust,1.0067494065029654,pass,0.943425480815148,pass,-0.0105203532967915,pass,0.04369905512588542,pass,0.00858799059690595,0.006510508834281766,1.140211180930039,False,above,trust,go,True
practitioner,19,healthy_b2,healthy-b2-1039,1039,snips,0.6556841798538529,0.6414594852442604,0.6693050681709369,,0.594265257431859,0.9094230089443072,3.233252390444655,0.0,trust,1.0067494065029654,pass,0.943425480815148,pass,-0.0105203532967915,pass,0.04369905512588542,pass,0.00858799059690595,0.006510508834281766,1.140211180930039,False,above,trust,go,True
practitioner,19,healthy_b2,healthy-b2-1039,1039,clipped_ips,0.6314568798006455,0.61649947548624,0.6463276321831997,1.3797375423144718,0.594265257431859,0.9094230089443072,3.233252390444655,0.0,trust,1.0067494065029654,pass,0.943425480815148,pass,-0.0105203532967915,pass,0.04369905512588542,pass,0.00858799059690595,0.006510508834281766,1.140211180930039,False,above,trust,go,True
practitioner,19,healthy_b2,healthy-b2-1039,1039,dm,0.6597053987596739,0.6559126491658271,0.6636868649552998,,0.594265257431859,0.9094230089443072,3.233252390444655,0.0,trust,1.0067494065029654,pass,0.943425480815148,pass,-0.0105203532967915,pass,0.04369905512588542,pass,0.00858799059690595,0.006510508834281766,1.140211180930039,False,above,trust,go,True
practitioner,19,healthy_b2,healthy-b2-1039,1039,dr,0.651117408162768,0.6367686722764212,0.664030217847802,,0.594265257431859,0.9094230089443072,3.233252390444655,0.0,trust,1.0067494065029654,pass,0.943425480815148,pass,-0.0105203532967915,pass,0.04369905512588542,pass,0.00858799059690595,0.006510508834281766,1.140211180930039,False,above,trust,go,True
practitioner,19,healthy_b2,healthy-b2-1039,1039,switch_dr,0.6698464589070904,0.6576543616351009,0.6810431665708789,1.5825339544948793,0.594265257431859,0.9094230089443072,3.233252390444655,0.0,trust,1.0067494065029654,pass,0.943425480815148,pass,-0.0105203532967915,pass,0.04369905512588542,pass,0.00858799059690595,0.006510508834281766,1.140211180930039,False,above,trust,go,True
practitioner,19,healthy_b2,healthy-b2-1039,1039,dros,0.6594875531693445,0.6508015414755268,0.6673207843835518,1.9036756856719788,0.594265257431859,0.9094230089443072,3.233252390444655,0.0,trust,1.0067494065029654,pass,0.943425480815148,pass,-0.0105203532967915,pass,0.04369905512588542,pass,0.00858799059690595,0.006510508834281766,1.140211180930039,False,above,trust,go,True
practitioner,19,healthy_b8,healthy-b8-1039,1039,ips,0.8568995670337819,0.8200094002831602,0.8920875471251808,,0.594265257431859,0.3462038065688569,8.077129828219482,0.0,trust,1.019283185988548,pass,0.943425480815148,pass,0.005831754850369582,pass,0.14966973481637535,pass,0.01792899799287786,0.033035522097419216,1.7846485640940954,False,above,trust,go,False
practitioner,19,healthy_b8,healthy-b8-1039,1039,snips,0.8406884159505889,0.8175655286628027,0.8609940103857339,,0.594265257431859,0.3462038065688569,8.077129828219482,0.0,trust,1.019283185988548,pass,0.943425480815148,pass,0.005831754850369582,pass,0.14966973481637535,pass,0.01792899799287786,0.033035522097419216,1.7846485640940954,False,above,trust,go,False
practitioner,19,healthy_b8,healthy-b8-1039,1039,clipped_ips,0.7310739547552586,0.7031763019650864,0.7575541016941998,3.1833952614241916,0.594265257431859,0.3462038065688569,8.077129828219482,0.0,trust,1.019283185988548,pass,0.943425480815148,pass,0.005831754850369582,pass,0.14966973481637535,pass,0.01792899799287786,0.033035522097419216,1.7846485640940954,False,above,trust,go,False
practitioner,19,healthy_b8,healthy-b8-1039,1039,dm,0.8505026030817623,0.8460002230282544,0.8559425016107718,,0.594265257431859,0.3462038065688569,8.077129828219482,0.0,trust,1.019283185988548,pass,0.943425480815148,pass,0.005831754850369582,pass,0.14966973481637535,pass,0.01792899799287786,0.033035522097419216,1.7846485640940954,False,above,trust,go,False
practitioner,19,healthy_b8,healthy-b8-1039,1039,dr,0.8325736050888844,0.8089064783935805,0.8552083835527312,,0.594265257431859,0.3462038065688569,8.077129828219482,0.0,trust,1.019283185988548,pass,0.943425480815148,pass,0.005831754850369582,pass,0.14966973481637535,pass,0.01792899799287786,0.033035522097419216,1.7846485640940954,False,above,trust,go,False
practitioner,19,healthy_b8,healthy-b8-1039,1039,switch_dr,0.8668888913824572,0.8511259934390488,0.8810497986935354,4.383447030234143,0.594265257431859,0.3462038065688569,8.077129828219482,0.0,trust,1.019283185988548,pass,0.943425480815148,pass,0.005831754850369582,pass,0.14966973481637535,pass,0.01792899799287786,0.033035522097419216,1.7846485640940954,False,above,trust,go,False
practitioner,19,healthy_b8,healthy-b8-1039,1039,dros,0.857936753790192,0.8460095057590086,0.868396390292843,10.134005390457997,0.594265257431859,0.3462038065688569,8.077129828219482,0.0,trust,1.019283185988548,pass,0.943425480815148,pass,0.005831754850369582,pass,0.14966973481637535,pass,0.01792899799287786,0.033035522097419216,1.7846485640940954,False,above,trust,go,False
practitioner,19,low_overlap_b-2,low_overlap-b-2-1000,1000,ips,0.47952233393223964,0.39493708112841547,0.5837494060643341,,0.8496134254897695,0.008358991598266039,629.5963735508413,0.0,ab_fallback,0.9352780194213639,pass,1.4950932888096622,fail,-0.0725551562115374,pass,0.5059637391383214,fail,0.05684915471549805,0.13121790799783556,2.2785432185664436,False,below,ab_fallback,ab_test,False
practitioner,19,low_overlap_b-2,low_overlap-b-2-1000,1000,snips,0.5127056596806473,0.44791938815622306,0.5994944428944972,,0.8496134254897695,0.008358991598266039,629.5963735508413,0.0,ab_fallback,0.9352780194213639,pass,1.4950932888096622,fail,-0.0725551562115374,pass,0.5059637391383214,fail,0.05684915471549805,0.13121790799783556,2.2785432185664436,False,below,ab_fallback,ab_test,False
practitioner,19,low_overlap_b-2,low_overlap-b-2-1000,1000,clipped_ips,0.2532951870312473,0.2471765361725325,0.2601594819778702,1.0572373334094636,0.8496134254897695,0.008358991598266039,629.5963735508413,0.0,ab_fallback,0.9352780194213639,pass,1.4950932888096622,fail,-0.0725551562115374,pass,0.5059637391383214,fail,0.05684915471549805,0.13121790799783556,2.2785432185664436,False,below,ab_fallback,ab_test,False
practitioner,19,low_overlap_b-2,low_overlap-b-2-1000,1000,dm,0.5685082863987675,0.5660841626101165,0.5710834278434501,,0.8496134254897695,0.008358991598266039,629.5963735508413,0.0,ab_fallback,0.9352780194213639,pass,1.4950932888096622,fail,-0.0725551562115374,pass,0.5059637391383214,fail,0.05684915471549805,0.13121790799783556,2.2785432185664436,False,below,ab_fallback,ab_test,False
practitioner,19,low_overlap_b-2,low_overlap-b-2-1000,1000,dr,0.5116591316832695,0.4382502701788575,0.5890859210823457,,0.8496134254897695,0.008358991598266039,629.5963735508413,0.0,ab_fallback,0.9352780194213639,pass,1.4950932888096622,fail,-0.0725551562115374,pass,0.5059637391383214,fail,0.05684915471549805,0.13121790799783556,2.2785432185664436,False,below,ab_fallback,ab_test,False
practitioner,19,low_overlap_b-2,low_overlap-b-2-1000,1000,switch_dr,0.5686708904214028,0.5634051883608879,0.574749346856374,2.128205543546991,0.8496134254897695,0.008358991598266039,629.5963735508413,0.0,ab_fallback,0.9352780194213639,pass,1.4950932888096622,fail,-0.0725551562115374,pass,0.5059637391383214,fail,0.05684915471549805,0.13121790799783556,2.2785432185664436,False,below,ab_fallback,ab_test,False
practitioner,19,low_overlap_b-2,low_overlap-b-2-1000,1000,dros,0.5680415790499237,0.5641192254937103,0.5723018189014639,1.1177507791547532,0.8496134254897695,0.008358991598266039,629.5963735508413,0.0,ab_fallback,0.9352780194213639,pass,1.4950932888096622,fail,-0.0725551562115374,pass,0.5059637391383214,fail,0.05684915471549805,0.13121790799783556,2.2785432185664436,False,below,ab_fallback,ab_test,False
practitioner,19,low_overlap_b2,low_overlap-b2-1000,1000,ips,0.6198867615745387,0.5897162844820015,0.656640506655416,,0.8496134254897695,0.06216794091261394,211.957489255387,0.0,distrust,0.9567811649865196,pass,1.4950932888096622,fail,-0.013263056924517996,pass,0.24493780108850735,pass,0.06501124608578498,0.09540916216851217,1.5716606675473543,False,below,ab_fallback,ab_test,False
practitioner,19,low_overlap_b2,low_overlap-b2-1000,1000,snips,0.6478877137838228,0.5964317721705891,0.7002250639389608,,0.8496134254897695,0.06216794091261394,211.957489255387,0.0,distrust,0.9567811649865196,pass,1.4950932888096622,fail,-0.013263056924517996,pass,0.24493780108850735,pass,0.06501124608578498,0.09540916216851217,1.5716606675473543,False,below,ab_fallback,ab_test,False
practitioner,19,low_overlap_b2,low_overlap-b2-1000,1000,clipped_ips,0.48919552181735304,0.4800605428371214,0.49824262082512505,1.3625739226398685,0.8496134254897695,0.06216794091261394,211.957489255387,0.0,distrust,0.9567811649865196,pass,1.4950932888096622,fail,-0.013263056924517996,pass,0.24493780108850735,pass,0.06501124608578498,0.09540916216851217,1.5716606675473543,False,below,ab_fallback,ab_test,False
practitioner,19,low_overlap_b2,low_overlap-b2-1000,1000,dm,0.7092630859330229,0.7070633680110352,0.7116708636220949,,0.8496134254897695,0.06216794091261394,211.957489255387,0.0,distrust,0.9567811649865196,pass,1.4950932888096622,fail,-0.013263056924517996,pass,0.24493780108850735,pass,0.06501124608578498,0.09540916216851217,1.5716606675473543,False,below,ab_fallback,ab_test,False
practitioner,19,low_overlap_b2,low_overlap-b2-1000,1000,dr,0.6442518398472379,0.5992608647506404,0.6888215813414452,,0.8496134254897695,0.06216794091261394,211.957489255387,0.0,distrust,0.9567811649865196,pass,1.4950932888096622,fail,-0.013263056924517996,pass,0.24493780108850735,pass,0.06501124608578498,0.09540916216851217,1.5716606675473543,False,below,ab_fallback,ab_test,False
practitioner,19,low_overlap_b2,low_overlap-b2-1000,1000,switch_dr,0.7049326778687782,0.6971276039013408,0.7131146990453798,2.3165244330529875,0.8496134254897695,0.06216794091261394,211.957489255387,0.0,distrust,0.9567811649865196,pass,1.4950932888096622,fail,-0.013263056924517996,pass,0.24493780108850735,pass,0.06501124608578498,0.09540916216851217,1.5716606675473543,False,below,ab_fallback,ab_test,False
practitioner,19,low_overlap_b2,low_overlap-b2-1000,1000,dros,0.7077409720594126,0.7020452796812108,0.713189960167698,1.8566076946581984,0.8496134254897695,0.06216794091261394,211.957489255387,0.0,distrust,0.9567811649865196,pass,1.4950932888096622,fail,-0.013263056924517996,pass,0.24493780108850735,pass,0.06501124608578498,0.09540916216851217,1.5716606675473543,False,below,ab_fallback,ab_test,False
practitioner,19,low_overlap_b8,low_overlap-b8-1000,1000,ips,0.7710343337675027,0.7526642293712289,0.7927508876467897,,0.8496134254897695,0.3640358141923542,53.262612012676854,0.0,trust,0.9827482426365565,pass,1.4950932888096622,fail,0.0015854247139488941,pass,0.1098921548044145,pass,0.03867082396767795,0.04008114488681052,1.161834355043086,False,below,ab_fallback,ab_test,True
practitioner,19,low_overlap_b8,low_overlap-b8-1000,1000,snips,0.784569537055534,0.7600608732895331,0.810830390012565,,0.8496134254897695,0.3640358141923542,53.262612012676854,0.0,trust,0.9827482426365565,pass,1.4950932888096622,fail,0.0015854247139488941,pass,0.1098921548044145,pass,0.03867082396767795,0.04008114488681052,1.161834355043086,False,below,ab_fallback,ab_test,True
practitioner,19,low_overlap_b8,low_overlap-b8-1000,1000,clipped_ips,0.6983515000345994,0.6857464873021865,0.7104931383221991,1.6083854030444016,0.8496134254897695,0.3640358141923542,53.262612012676854,0.0,trust,0.9827482426365565,pass,1.4950932888096622,fail,0.0015854247139488941,pass,0.1098921548044145,pass,0.03867082396767795,0.04008114488681052,1.161834355043086,False,below,ab_fallback,ab_test,True
practitioner,19,low_overlap_b8,low_overlap-b8-1000,1000,dm,0.8193242045017555,0.8163370378976326,0.8225328134471934,,0.8496134254897695,0.3640358141923542,53.262612012676854,0.0,trust,0.9827482426365565,pass,1.4950932888096622,fail,0.0015854247139488941,pass,0.1098921548044145,pass,0.03867082396767795,0.04008114488681052,1.161834355043086,False,below,ab_fallback,ab_test,True
practitioner,19,low_overlap_b8,low_overlap-b8-1000,1000,dr,0.7806533805340775,0.7592173450300658,0.802160728462662,,0.8496134254897695,0.3640358141923542,53.262612012676854,0.0,trust,0.9827482426365565,pass,1.4950932888096622,fail,0.0015854247139488941,pass,0.1098921548044145,pass,0.03867082396767795,0.04008114488681052,1.161834355043086,False,below,ab_fallback,ab_test,True
practitioner,19,low_overlap_b8,low_overlap-b8-1000,1000,switch_dr,0.8134808765062451,0.8029270661591603,0.8239130987012528,2.1728299997810647,0.8496134254897695,0.3640358141923542,53.262612012676854,0.0,trust,0.9827482426365565,pass,1.4950932888096622,fail,0.0015854247139488941,pass,0.1098921548044145,pass,0.03867082396767795,0.04008114488681052,1.161834355043086,False,below,ab_fallback,ab_test,True
practitioner,19,low_overlap_b8,low_overlap-b8-1000,1000,dros,0.8170237536324358,0.8097326970203585,0.824619973908321,2.5869036047263023,0.8496134254897695,0.3640358141923542,53.262612012676854,0.0,trust,0.9827482426365565,pass,1.4950932888096622,fail,0.0015854247139488941,pass,0.1098921548044145,pass,0.03867082396767795,0.04008114488681052,1.161834355043086,False,below,ab_fallback,ab_test,True
practitioner,19,low_overlap_b-2,low_overlap-b-2-1001,1001,ips,0.43729030218188886,0.3584981322306733,0.5081600163707926,,0.8324274154926097,0.029970218539926343,175.4116697328071,0.0,distrust,0.8288908265577943,fail,0.6527726678696399,fail,-0.03459107638556142,pass,0.48761109449942447,pass,0.07361870330950715,0.094208941719318,1.9731544882125138,False,below,ab_fallback,ab_test,False
practitioner,19,low_overlap_b-2,low_overlap-b-2-1001,1001,snips,0.5275607934978139,0.43890675071010926,0.61340348504544,,0.8324274154926097,0.029970218539926343,175.4116697328071,0.0,distrust,0.8288908265577943,fail,0.6527726678696399,fail,-0.03459107638556142,pass,0.48761109449942447,pass,0.07361870330950715,0.094208941719318,1.9731544882125138,False,below,ab_fallback,ab_test,False
practitioner,19,low_overlap_b-2,low_overlap-b-2-1001,1001,clipped_ips,0.27031629756536,0.26167266889291824,0.2772196304959989,1.125475710825342,0.8324274154926097,0.029970218539926343,175.4116697328071,0.0,distrust,0.8288908265577943,fail,0.6527726678696399,fail,-0.03459107638556142,pass,0.48761109449942447,pass,0.07361870330950715,0.094208941719318,1.9731544882125138,False,below,ab_fallback,ab_test,False
practitioner,19,low_overlap_b-2,low_overlap-b-2-1001,1001,dm,0.5893463953802961,0.5867361617117499,0.5915608823932431,,0.8324274154926097,0.029970218539926343,175.4116697328071,0.0,distrust,0.8288908265577943,fail,0.6527726678696399,fail,-0.03459107638556142,pass,0.48761109449942447,pass,0.07361870330950715,0.094208941719318,1.9731544882125138,False,below,ab_fallback,ab_test,False
practitioner,19,low_overlap_b-2,low_overlap-b-2-1001,1001,dr,0.515727692070789,0.44094051023887215,0.5812832713942344,,0.8324274154926097,0.029970218539926343,175.4116697328071,0.0,distrust,0.8288908265577943,fail,0.6527726678696399,fail,-0.03459107638556142,pass,0.48761109449942447,pass,0.07361870330950715,0.094208941719318,1.9731544882125138,False,below,ab_fallback,ab_test,False
practitioner,19,low_overlap_b-2,low_overlap-b-2-1001,1001,switch_dr,0.5889629732918903,0.582218082797611,0.5958060028353516,2.3064877763992215,0.8324274154926097,0.029970218539926343,175.4116697328071,0.0,distrust,0.8288908265577943,fail,0.6527726678696399,fail,-0.03459107638556142,pass,0.48761109449942447,pass,0.07361870330950715,0.094208941719318,1.9731544882125138,False,below,ab_fallback,ab_test,False
practitioner,19,low_overlap_b-2,low_overlap-b-2-1001,1001,dros,0.588700480191674,0.5840567207525559,0.5929314552190286,1.2666955756578087,0.8324274154926097,0.029970218539926343,175.4116697328071,0.0,distrust,0.8288908265577943,fail,0.6527726678696399,fail,-0.03459107638556142,pass,0.48761109449942447,pass,0.07361870330950715,0.094208941719318,1.9731544882125138,False,below,ab_fallback,ab_test,False
practitioner,19,low_overlap_b2,low_overlap-b2-1001,1001,ips,0.5822029852228691,0.5317969724145015,0.6275893373198751,,0.8324274154926097,0.07580792376761823,112.75286414148299,0.0,distrust,0.9463911257730461,pass,0.6527726678696399,fail,-0.0161493255447831,pass,0.24529865366949502,pass,0.07797033335148394,0.05846171735192231,1.6013081396139233,False,below,ab_fallback,ab_test,False
practitioner,19,low_overlap_b2,low_overlap-b2-1001,1001,snips,0.6151822109989724,0.5540221170236331,0.6703419386985788,,0.8324274154926097,0.07580792376761823,112.75286414148299,0.0,distrust,0.9463911257730461,pass,0.6527726678696399,fail,-0.0161493255447831,pass,0.24529865366949502,pass,0.07797033335148394,0.05846171735192231,1.6013081396139233,False,below,ab_fallback,ab_test,False
practitioner,19,low_overlap_b2,low_overlap-b2-1001,1001,clipped_ips,0.4642788428795013,0.45507814041020844,0.4741263686699804,1.3307823680109143,0.8324274154926097,0.07580792376761823,112.75286414148299,0.0,distrust,0.9463911257730461,pass,0.6527726678696399,fail,-0.0161493255447831,pass,0.24529865366949502,pass,0.07797033335148394,0.05846171735192231,1.6013081396139233,False,below,ab_fallback,ab_test,False
practitioner,19,low_overlap_b2,low_overlap-b2-1001,1001,dm,0.6838094172260273,0.6812282058755085,0.6861559071521639,,0.8324274154926097,0.07580792376761823,112.75286414148299,0.0,distrust,0.9463911257730461,pass,0.6527726678696399,fail,-0.0161493255447831,pass,0.24529865366949502,pass,0.07797033335148394,0.05846171735192231,1.6013081396139233,False,below,ab_fallback,ab_test,False
practitioner,19,low_overlap_b2,low_overlap-b2-1001,1001,dr,0.6058390838745433,0.5514804046605085,0.6514684313118106,,0.8324274154926097,0.07580792376761823,112.75286414148299,0.0,distrust,0.9463911257730461,pass,0.6527726678696399,fail,-0.0161493255447831,pass,0.24529865366949502,pass,0.07797033335148394,0.05846171735192231,1.6013081396139233,False,below,ab_fallback,ab_test,False
practitioner,19,low_overlap_b2,low_overlap-b2-1001,1001,switch_dr,0.6797314323428675,0.670932327133957,0.6883791831887888,2.433585797412557,0.8324274154926097,0.07580792376761823,112.75286414148299,0.0,distrust,0.9463911257730461,pass,0.6527726678696399,fail,-0.0161493255447831,pass,0.24529865366949502,pass,0.07797033335148394,0.05846171735192231,1.6013081396139233,False,below,ab_fallback,ab_test,False
practitioner,19,low_overlap_b2,low_overlap-b2-1001,1001,dros,0.6824367329117011,0.6764286141811962,0.688402730747652,1.7709817110087367,0.8324274154926097,0.07580792376761823,112.75286414148299,0.0,distrust,0.9463911257730461,pass,0.6527726678696399,fail,-0.0161493255447831,pass,0.24529865366949502,pass,0.07797033335148394,0.05846171735192231,1.6013081396139233,False,below,ab_fallback,ab_test,False
practitioner,19,low_overlap_b8,low_overlap-b8-1001,1001,ips,0.7264775710448494,0.6956655734480229,0.7566684259039504,,0.8324274154926097,0.13190543475455452,137.59872057520448,0.0,distrust,1.0159369068014679,pass,0.6527726678696399,fail,-0.01018646055509721,pass,0.10217868437502128,pass,0.06590745361989192,0.021817908143832953,1.29273770599127,False,below,ab_fallback,ab_test,True
practitioner,19,low_overlap_b8,low_overlap-b8-1001,1001,snips,0.7150813856463393,0.656349051215111,0.7590513515103605,,0.8324274154926097,0.13190543475455452,137.59872057520448,0.0,distrust,1.0159369068014679,pass,0.6527726678696399,fail,-0.01018646055509721,pass,0.10217868437502128,pass,0.06590745361989192,0.021817908143832953,1.29273770599127,False,below,ab_fallback,ab_test,True
practitioner,19,low_overlap_b8,low_overlap-b8-1001,1001,clipped_ips,0.6534114958384393,0.6402219045076742,0.6689217733019894,1.6782921152176329,0.8324274154926097,0.13190543475455452,137.59872057520448,0.0,distrust,1.0159369068014679,pass,0.6527726678696399,fail,-0.01018646055509721,pass,0.10217868437502128,pass,0.06590745361989192,0.021817908143832953,1.29273770599127,False,below,ab_fallback,ab_test,True
practitioner,19,low_overlap_b8,low_overlap-b8-1001,1001,dm,0.7832965796693193,0.7800394776078198,0.7861777850387013,,0.8324274154926097,0.13190543475455452,137.59872057520448,0.0,distrust,1.0159369068014679,pass,0.6527726678696399,fail,-0.01018646055509721,pass,0.10217868437502128,pass,0.06590745361989192,0.021817908143832953,1.29273770599127,False,below,ab_fallback,ab_test,True
practitioner,19,low_overlap_b8,low_overlap-b8-1001,1001,dr,0.7173891260494274,0.660279223303097,0.7527262340047723,,0.8324274154926097,0.13190543475455452,137.59872057520448,0.0,distrust,1.0159369068014679,pass,0.6527726678696399,fail,-0.01018646055509721,pass,0.10217868437502128,pass,0.06590745361989192,0.021817908143832953,1.29273770599127,False,below,ab_fallback,ab_test,True
practitioner,19,low_overlap_b8,low_overlap-b8-1001,1001,switch_dr,0.7796830580922047,0.7695222539358784,0.7907017407734892,2.2253322972064455,0.8324274154926097,0.13190543475455452,137.59872057520448,0.0,distrust,1.0159369068014679,pass,0.6527726678696399,fail,-0.01018646055509721,pass,0.10217868437502128,pass,0.06590745361989192,0.021817908143832953,1.29273770599127,False,below,ab_fallback,ab_test,True
practitioner,19,low_overlap_b8,low_overlap-b8-1001,1001,dros,0.7809072614856135,0.7735414658686788,0.7887349661249283,2.8166644240016763,0.8324274154926097,0.13190543475455452,137.59872057520448,0.0,distrust,1.0159369068014679,pass,0.6527726678696399,fail,-0.01018646055509721,pass,0.10217868437502128,pass,0.06590745361989192,0.021817908143832953,1.29273770599127,False,below,ab_fallback,ab_test,True
practitioner,19,low_overlap_b-2,low_overlap-b-2-1002,1002,ips,0.4700139571367256,0.36248254146250064,0.6341067010048524,,0.8423884875312929,0.004996827664268707,1132.1195812319422,0.0,ab_fallback,1.061549402921206,pass,1.3955299814789768,pass,0.1358863753282612,pass,0.531635504845398,fail,0.10274586445231323,0.22974766996191792,2.647100875816027,False,below,ab_fallback,ab_test,False
practitioner,19,low_overlap_b-2,low_overlap-b-2-1002,1002,snips,0.4427622076215445,0.37029085489126345,0.5241330642952988,,0.8423884875312929,0.004996827664268707,1132.1195812319422,0.0,ab_fallback,1.061549402921206,pass,1.3955299814789768,pass,0.1358863753282612,pass,0.531635504845398,fail,0.10274586445231323,0.22974766996191792,2.647100875816027,False,below,ab_fallback,ab_test,False
practitioner,19,low_overlap_b-2,low_overlap-b-2-1002,1002,clipped_ips,0.23462584736138287,0.22787455747802451,0.24080517572910562,1.0464932380777225,0.8423884875312929,0.004996827664268707,1132.1195812319422,0.0,ab_fallback,1.061549402921206,pass,1.3955299814789768,pass,0.1358863753282612,pass,0.531635504845398,fail,0.10274586445231323,0.22974766996191792,2.647100875816027,False,below,ab_fallback,ab_test,False
practitioner,19,low_overlap_b-2,low_overlap-b-2-1002,1002,dm,0.5397295017660076,0.5367374799300163,0.5423290403921169,,0.8423884875312929,0.004996827664268707,1132.1195812319422,0.0,ab_fallback,1.061549402921206,pass,1.3955299814789768,pass,0.1358863753282612,pass,0.531635504845398,fail,0.10274586445231323,0.22974766996191792,2.647100875816027,False,below,ab_fallback,ab_test,False
practitioner,19,low_overlap_b-2,low_overlap-b-2-1002,1002,dr,0.4369836373136944,0.35502366455749795,0.5014784404294224,,0.8423884875312929,0.004996827664268707,1132.1195812319422,0.0,ab_fallback,1.061549402921206,pass,1.3955299814789768,pass,0.1358863753282612,pass,0.531635504845398,fail,0.10274586445231323,0.22974766996191792,2.647100875816027,False,below,ab_fallback,ab_test,False
practitioner,19,low_overlap_b-2,low_overlap-b-2-1002,1002,switch_dr,0.5418248819413235,0.5359156481490872,0.5471940944788072,2.203124108920274,0.8423884875312929,0.004996827664268707,1132.1195812319422,0.0,ab_fallback,1.061549402921206,pass,1.3955299814789768,pass,0.1358863753282612,pass,0.531635504845398,fail,0.10274586445231323,0.22974766996191792,2.647100875816027,False,below,ab_fallback,ab_test,False
practitioner,19,low_overlap_b-2,low_overlap-b-2-1002,1002,dros,0.5404644807108595,0.5365811903601,0.5442807059963396,1.0951480973423968,0.8423884875312929,0.004996827664268707,1132.1195812319422,0.0,ab_fallback,1.061549402921206,pass,1.3955299814789768,pass,0.1358863753282612,pass,0.531635504845398,fail,0.10274586445231323,0.22974766996191792,2.647100875816027,False,below,ab_fallback,ab_test,False
practitioner,19,low_overlap_b2,low_overlap-b2-1002,1002,ips,0.636880943987089,0.601301314227731,0.6765857086323674,,0.8423884875312929,0.06334255342784106,216.3287419803185,0.0,distrust,1.004344368565562,pass,1.3955299814789768,pass,0.007140158240125422,pass,0.1954279868324588,pass,0.08414912093608541,0.05258025664707032,1.5977159011639948,False,below,distrust,ab_test,False
practitioner,19,low_overlap_b2,low_overlap-b2-1002,1002,snips,0.6341260666365895,0.5866347463985687,0.6818444183885161,,0.8423884875312929,0.06334255342784106,216.3287419803185,0.0,distrust,1.004344368565562,pass,1.3955299814789768,pass,0.007140158240125422,pass,0.1954279868324588,pass,0.08414912093608541,0.05258025664707032,1.5977159011639948,False,below,distrust,ab_test,False
practitioner,19,low_overlap_b2,low_overlap-b2-1002,1002,clipped_ips,0.5129549633863147,0.5031668502420495,0.5216307705657576,1.3979218970871734,0.8423884875312929,0.06334255342784106,216.3287419803185,0.0,distrust,1.004344368565562,pass,1.3955299814789768,pass,0.007140158240125422,pass,0.1954279868324588,pass,0.08414912093608541,0.05258025664707032,1.5977159011639948,False,below,distrust,ab_test,False
practitioner,19,low_overlap_b2,low_overlap-b2-1002,1002,dm,0.7182125200711624,0.7161060138468978,0.7205248002237505,,0.8423884875312929,0.06334255342784106,216.3287419803185,0.0,distrust,1.004344368565562,pass,1.3955299814789768,pass,0.007140158240125422,pass,0.1954279868324588,pass,0.08414912093608541,0.05258025664707032,1.5977159011639948,False,below,distrust,ab_test,False
practitioner,19,low_overlap_b2,low_overlap-b2-1002,1002,dr,0.634063399135077,0.5786844769642182,0.6781827688519511,,0.8423884875312929,0.06334255342784106,216.3287419803185,0.0,distrust,1.004344368565562,pass,1.3955299814789768,pass,0.007140158240125422,pass,0.1954279868324588,pass,0.08414912093608541,0.05258025664707032,1.5977159011639948,False,below,distrust,ab_test,False
practitioner,19,low_overlap_b2,low_overlap-b2-1002,1002,switch_dr,0.7177303583690747,0.7091688449911542,0.7261782477630472,2.3005307486755586,0.8423884875312929,0.06334255342784106,216.3287419803185,0.0,distrust,1.004344368565562,pass,1.3955299814789768,pass,0.007140158240125422,pass,0.1954279868324588,pass,0.08414912093608541,0.05258025664707032,1.5977159011639948,False,below,distrust,ab_test,False
practitioner,19,low_overlap_b2,low_overlap-b2-1002,1002,dros,0.7179417620119054,0.7117393174741501,0.7237265750730509,1.9541856303558018,0.8423884875312929,0.06334255342784106,216.3287419803185,0.0,distrust,1.004344368565562,pass,1.3955299814789768,pass,0.007140158240125422,pass,0.1954279868324588,pass,0.08414912093608541,0.05258025664707032,1.5977159011639948,False,below,distrust,ab_test,False
practitioner,19,low_overlap_b8,low_overlap-b8-1002,1002,ips,0.783519437879734,0.7594580876903422,0.806502508853522,,0.8423884875312929,0.37629410741002933,37.259520174834215,0.0,trust,0.9798629799184226,pass,1.3955299814789768,pass,0.010654716705011193,pass,0.1026160213551251,pass,0.03504635187009721,0.016682262290977534,1.104367165546547,False,below,trust,no_go,True
practitioner,19,low_overlap_b8,low_overlap-b8-1002,1002,snips,0.7996214306871406,0.777454763071611,0.8222330973566636,,0.8423884875312929,0.37629410741002933,37.259520174834215,0.0,trust,0.9798629799184226,pass,1.3955299814789768,pass,0.010654716705011193,pass,0.1026160213551251,pass,0.03504635187009721,0.016682262290977534,1.104367165546547,False,below,trust,no_go,True
practitioner,19,low_overlap_b8,low_overlap-b8-1002,1002,clipped_ips,0.7175674608797333,0.7030264153806038,0.7324634634884517,1.6481068973301565,0.8423884875312929,0.37629410741002933,37.259520174834215,0.0,trust,0.9798629799184226,pass,1.3955299814789768,pass,0.010654716705011193,pass,0.1026160213551251,pass,0.03504635187009721,0.016682262290977534,1.104367165546547,False,below,trust,no_go,True
practitioner,19,low_overlap_b8,low_overlap-b8-1002,1002,dm,0.8336731082863389,0.831000250454592,0.8365696777355143,,0.8423884875312929,0.37629410741002933,37.259520174834215,0.0,trust,0.9798629799184226,pass,1.3955299814789768,pass,0.010654716705011193,pass,0.1026160213551251,pass,0.03504635187009721,0.016682262290977534,1.104367165546547,False,below,trust,no_go,True
practitioner,19,low_overlap_b8,low_overlap-b8-1002,1002,dr,0.7986267564162417,0.7785245228875576,0.8182120439740531,,0.8423884875312929,0.37629410741002933,37.259520174834215,0.0,trust,0.9798629799184226,pass,1.3955299814789768,pass,0.010654716705011193,pass,0.1026160213551251,pass,0.03504635187009721,0.016682262290977534,1.104367165546547,False,below,trust,no_go,True
practitioner,19,low_overlap_b8,low_overlap-b8-1002,1002,switch_dr,0.8362193346495063,0.8257425254590717,0.8469729298152873,2.0948558243796116,0.8423884875312929,0.37629410741002933,37.259520174834215,0.0,trust,0.9798629799184226,pass,1.3955299814789768,pass,0.010654716705011193,pass,0.1026160213551251,pass,0.03504635187009721,0.016682262290977534,1.104367165546547,False,below,trust,no_go,True
practitioner,19,low_overlap_b8,low_overlap-b8-1002,1002,dros,0.8331309831263876,0.8251350664601553,0.8407941320382382,2.716256345027235,0.8423884875312929,0.37629410741002933,37.259520174834215,0.0,trust,0.9798629799184226,pass,1.3955299814789768,pass,0.010654716705011193,pass,0.1026160213551251,pass,0.03504635187009721,0.016682262290977534,1.104367165546547,False,below,trust,no_go,True
practitioner,19,low_overlap_b-2,low_overlap-b-2-1003,1003,ips,0.4714310846558791,0.3899423487855468,0.5702085436542266,,0.8385611903380793,0.012654135688016968,390.3900586016532,0.0,distrust,1.0780921036958504,pass,1.7964860081639327,fail,-0.008352219238429626,pass,0.48008251423667087,pass,0.1549010854639368,0.15929805283024726,2.500921858368117,False,below,ab_fallback,ab_test,False
practitioner,19,low_overlap_b-2,low_overlap-b-2-1003,1003,snips,0.4372827544508929,0.3572822102535727,0.528060460902629,,0.8385611903380793,0.012654135688016968,390.3900586016532,0.0,distrust,1.0780921036958504,pass,1.7964860081639327,fail,-0.008352219238429626,pass,0.48008251423667087,pass,0.1549010854639368,0.15929805283024726,2.500921858368117,False,below,ab_fallback,ab_test,False
practitioner,19,low_overlap_b-2,low_overlap-b-2-1003,1003,clipped_ips,0.26149928046675763,0.25368057186368514,0.2690761583169383,1.1188321026073473,0.8385611903380793,0.012654135688016968,390.3900586016532,0.0,distrust,1.0780921036958504,pass,1.7964860081639327,fail,-0.008352219238429626,pass,0.48008251423667087,pass,0.1549010854639368,0.15929805283024726,2.500921858368117,False,below,ab_fallback,ab_test,False
practitioner,19,low_overlap_b-2,low_overlap-b-2-1003,1003,dm,0.5707156090506386,0.5680322633637827,0.5733479951082631,,0.8385611903380793,0.012654135688016968,390.3900586016532,0.0,distrust,1.0780921036958504,pass,1.7964860081639327,fail,-0.008352219238429626,pass,0.48008251423667087,pass,0.1549010854639368,0.15929805283024726,2.500921858368117,False,below,ab_fallback,ab_test,False
practitioner,19,low_overlap_b-2,low_overlap-b-2-1003,1003,dr,0.4158145235867018,0.32976431872568474,0.4980940639804499,,0.8385611903380793,0.012654135688016968,390.3900586016532,0.0,distrust,1.0780921036958504,pass,1.7964860081639327,fail,-0.008352219238429626,pass,0.48008251423667087,pass,0.1549010854639368,0.15929805283024726,2.500921858368117,False,below,ab_fallback,ab_test,False
practitioner,19,low_overlap_b-2,low_overlap-b-2-1003,1003,switch_dr,0.5698858304216858,0.5630541691313923,0.5762331873080272,2.4615756222295397,0.8385611903380793,0.012654135688016968,390.3900586016532,0.0,distrust,1.0780921036958504,pass,1.7964860081639327,fail,-0.008352219238429626,pass,0.48008251423667087,pass,0.1549010854639368,0.15929805283024726,2.500921858368117,False,below,ab_fallback,ab_test,False
practitioner,19,low_overlap_b-2,low_overlap-b-2-1003,1003,dros,0.5697814628397587,0.5655225239917004,0.573846889668192,1.2517852738247779,0.8385611903380793,0.012654135688016968,390.3900586016532,0.0,distrust,1.0780921036958504,pass,1.7964860081639327,fail,-0.008352219238429626,pass,0.48008251423667087,pass,0.1549010854639368,0.15929805283024726,2.500921858368117,False,below,ab_fallback,ab_test,False
practitioner,19,low_overlap_b2,low_overlap-b2-1003,1003,ips,0.6122195028009089,0.5685014182838489,0.6635761058896137,,0.8385611903380793,0.05607016122523774,204.26555795616216,0.0,distrust,1.0543880426525012,pass,1.7964860081639327,fail,0.008899978797591116,pass,0.22288296556198708,pass,0.12348543146307504,0.0794680685748334,1.7491060711347008,False,below,ab_fallback,ab_test,False
practitioner,19,low_overlap_b2,low_overlap-b2-1003,1003,snips,0.5806396488154034,0.5305206893078036,0.6330451640960617,,0.8385611903380793,0.05607016122523774,204.26555795616216,0.0,distrust,1.0543880426525012,pass,1.7964860081639327,fail,0.008899978797591116,pass,0.22288296556198708,pass,0.12348543146307504,0.0794680685748334,1.7491060711347008,False,below,ab_fallback,ab_test,False
practitioner,19,low_overlap_b2,low_overlap-b2-1003,1003,clipped_ips,0.48280481595006103,0.4719612356838753,0.4927491878390336,1.3602430311566178,0.8385611903380793,0.05607016122523774,204.26555795616216,0.0,distrust,1.0543880426525012,pass,1.7964860081639327,fail,0.008899978797591116,pass,0.22288296556198708,pass,0.12348543146307504,0.0794680685748334,1.7491060711347008,False,below,ab_fallback,ab_test,False
practitioner,19,low_overlap_b2,low_overlap-b2-1003,1003,dm,0.7001778944686129,0.6978662016512512,0.7024991524122731,,0.8385611903380793,0.05607016122523774,204.26555795616216,0.0,distrust,1.0543880426525012,pass,1.7964860081639327,fail,0.008899978797591116,pass,0.22288296556198708,pass,0.12348543146307504,0.0794680685748334,1.7491060711347008,False,below,ab_fallback,ab_test,False
practitioner,19,low_overlap_b2,low_overlap-b2-1003,1003,dr,0.5766924630055379,0.5297807291486473,0.6215328477854458,,0.8385611903380793,0.05607016122523774,204.26555795616216,0.0,distrust,1.0543880426525012,pass,1.7964860081639327,fail,0.008899978797591116,pass,0.22288296556198708,pass,0.12348543146307504,0.0794680685748334,1.7491060711347008,False,below,ab_fallback,ab_test,False
practitioner,19,low_overlap_b2,low_overlap-b2-1003,1003,switch_dr,0.698035760658735,0.6882787028278947,0.7074268684154582,2.4854539201700607,0.8385611903380793,0.05607016122523774,204.26555795616216,0.0,distrust,1.0543880426525012,pass,1.7964860081639327,fail,0.008899978797591116,pass,0.22288296556198708,pass,0.12348543146307504,0.0794680685748334,1.7491060711347008,False,below,ab_fallback,ab_test,False
practitioner,19,low_overlap_b2,low_overlap-b2-1003,1003,dros,0.6984208945503334,0.692395307689348,0.7048388103792891,1.8502611038101435,0.8385611903380793,0.05607016122523774,204.26555795616216,0.0,distrust,1.0543880426525012,pass,1.7964860081639327,fail,0.008899978797591116,pass,0.22288296556198708,pass,0.12348543146307504,0.0794680685748334,1.7491060711347008,False,below,ab_fallback,ab_test,False
practitioner,19,low_overlap_b8,low_overlap-b8-1003,1003,ips,0.7630070570375249,0.7388949985523383,0.7881040177902539,,0.8385611903380793,0.2381188182553902,54.02981523255268,0.0,trust,1.0381010440543448,pass,1.7964860081639327,fail,0.014829415763155775,pass,0.08855449288542992,pass,0.08050577572899549,0.01916028054048023,1.2560495971948442,False,below,ab_fallback,ab_test,True
practitioner,19,low_overlap_b8,low_overlap-b8-1003,1003,snips,0.7350026872697966,0.7037303614667699,0.7651712039172427,,0.8385611903380793,0.2381188182553902,54.02981523255268,0.0,trust,1.0381010440543448,pass,1.7964860081639327,fail,0.014829415763155775,pass,0.08855449288542992,pass,0.08050577572899549,0.01916028054048023,1.2560495971948442,False,below,ab_fallback,ab_test,True
practitioner,19,low_overlap_b8,low_overlap-b8-1003,1003,clipped_ips,0.6979192667969198,0.6825527816526956,0.7125705081922987,1.6044458761672002,0.8385611903380793,0.2381188182553902,54.02981523255268,0.0,trust,1.0381010440543448,pass,1.7964860081639327,fail,0.014829415763155775,pass,0.08855449288542992,pass,0.08050577572899549,0.01916028054048023,1.2560495971948442,False,below,ab_fallback,ab_test,True
practitioner,19,low_overlap_b8,low_overlap-b8-1003,1003,dm,0.8152406066004202,0.8122894459994212,0.8183809089923263,,0.8385611903380793,0.2381188182553902,54.02981523255268,0.0,trust,1.0381010440543448,pass,1.7964860081639327,fail,0.014829415763155775,pass,0.08855449288542992,pass,0.08050577572899549,0.01916028054048023,1.2560495971948442,False,below,ab_fallback,ab_test,True
practitioner,19,low_overlap_b8,low_overlap-b8-1003,1003,dr,0.7347348308714247,0.7054737038783552,0.7617061646074885,,0.8385611903380793,0.2381188182553902,54.02981523255268,0.0,trust,1.0381010440543448,pass,1.7964860081639327,fail,0.014829415763155775,pass,0.08855449288542992,pass,0.08050577572899549,0.01916028054048023,1.2560495971948442,False,below,ab_fallback,ab_test,True
practitioner,19,low_overlap_b8,low_overlap-b8-1003,1003,switch_dr,0.8118305614306871,0.8004434581364394,0.8229564184929298,2.1086242824141346,0.8385611903380793,0.2381188182553902,54.02981523255268,0.0,trust,1.0381010440543448,pass,1.7964860081639327,fail,0.014829415763155775,pass,0.08855449288542992,pass,0.08050577572899549,0.01916028054048023,1.2560495971948442,False,below,ab_fallback,ab_test,True
practitioner,19,low_overlap_b8,low_overlap-b8-1003,1003,dros,0.8133637885648429,0.8052224201984263,0.8218890000330117,2.574246569549935,0.8385611903380793,0.2381188182553902,54.02981523255268,0.0,trust,1.0381010440543448,pass,1.7964860081639327,fail,0.014829415763155775,pass,0.08855449288542992,pass,0.08050577572899549,0.01916028054048023,1.2560495971948442,False,below,ab_fallback,ab_test,True
practitioner,19,low_overlap_b-2,low_overlap-b-2-1004,1004,ips,0.39354689484530603,0.34062499707795013,0.46976373937431204,,0.840296792106818,0.024230962661381108,191.9693477491972,0.0,distrust,0.7664660327257216,fail,0.6586599677335323,fail,-0.05764273098908874,fail,0.5339680690363033,fail,0.08050341762747293,0.17901475280291654,2.0873611629635747,False,below,ab_fallback,ab_test,False
practitioner,19,low_overlap_b-2,low_overlap-b-2-1004,1004,snips,0.5134564064708345,0.43084765809995956,0.5980684416500512,,0.840296792106818,0.024230962661381108,191.9693477491972,0.0,distrust,0.7664660327257216,fail,0.6586599677335323,fail,-0.05764273098908874,fail,0.5339680690363033,fail,0.08050341762747293,0.17901475280291654,2.0873611629635747,False,below,ab_fallback,ab_test,False
practitioner,19,low_overlap_b-2,low_overlap-b-2-1004,1004,clipped_ips,0.23928708057328368,0.23312203719760652,0.24603252993519437,1.025005565923461,0.840296792106818,0.024230962661381108,191.9693477491972,0.0,distrust,0.7664660327257216,fail,0.6586599677335323,fail,-0.05764273098908874,fail,0.5339680690363033,fail,0.08050341762747293,0.17901475280291654,2.0873611629635747,False,below,ab_fallback,ab_test,False
practitioner,19,low_overlap_b-2,low_overlap-b-2-1004,1004,dm,0.5456846763268753,0.543126510408574,0.5486810146007841,,0.840296792106818,0.024230962661381108,191.9693477491972,0.0,distrust,0.7664660327257216,fail,0.6586599677335323,fail,-0.05764273098908874,fail,0.5339680690363033,fail,0.08050341762747293,0.17901475280291654,2.0873611629635747,False,below,ab_fallback,ab_test,False
practitioner,19,low_overlap_b-2,low_overlap-b-2-1004,1004,dr,0.4651812586994024,0.38188836023547246,0.5427200302512644,,0.840296792106818,0.024230962661381108,191.9693477491972,0.0,distrust,0.7664660327257216,fail,0.6586599677335323,fail,-0.05764273098908874,fail,0.5339680690363033,fail,0.08050341762747293,0.17901475280291654,2.0873611629635747,False,below,ab_fallback,ab_test,False
practitioner,19,low_overlap_b-2,low_overlap-b-2-1004,1004,switch_dr,0.5447099763261358,0.5389049012174679,0.5504993371216463,2.0251717029432337,0.840296792106818,0.024230962661381108,191.9693477491972,0.0,distrust,0.7664660327257216,fail,0.6586599677335323,fail,-0.05764273098908874,fail,0.5339680690363033,fail,0.08050341762747293,0.17901475280291654,2.0873611629635747,False,below,ab_fallback,ab_test,False
practitioner,19,low_overlap_b-2,low_overlap-b-2-1004,1004,dros,0.5451120070478137,0.5411062687109318,0.5492280939352323,1.0506364101740744,0.840296792106818,0.024230962661381108,191.9693477491972,0.0,distrust,0.7664660327257216,fail,0.6586599677335323,fail,-0.05764273098908874,fail,0.5339680690363033,fail,0.08050341762747293,0.17901475280291654,2.0873611629635747,False,below,ab_fallback,ab_test,False
practitioner,19,low_overlap_b2,low_overlap-b2-1004,1004,ips,0.5758994891406575,0.5440781567337304,0.6100754297398342,,0.840296792106818,0.06969649498205555,184.61261663459968,0.0,distrust,0.9173694943120156,pass,0.6586599677335323,fail,-0.04345544677880277,fail,0.2440166363880984,pass,0.09119022620919363,0.11281696722710019,1.5960853341361967,False,below,ab_fallback,ab_test,False
practitioner,19,low_overlap_b2,low_overlap-b2-1004,1004,snips,0.6277726616280774,0.5647695417023155,0.6883311373960281,,0.840296792106818,0.06969649498205555,184.61261663459968,0.0,distrust,0.9173694943120156,pass,0.6586599677335323,fail,-0.04345544677880277,fail,0.2440166363880984,pass,0.09119022620919363,0.11281696722710019,1.5960853341361967,False,below,ab_fallback,ab_test,False
practitioner,19,low_overlap_b2,low_overlap-b2-1004,1004,clipped_ips,0.47458568832119014,0.46531767997596307,0.4831570517213295,1.2672877650026595,0.840296792106818,0.06969649498205555,184.61261663459968,0.0,distrust,0.9173694943120156,pass,0.6586599677335323,fail,-0.04345544677880277,fail,0.2440166363880984,pass,0.09119022620919363,0.11281696722710019,1.5960853341361967,False,below,ab_fallback,ab_test,False
practitioner,19,low_overlap_b2,low_overlap-b2-1004,1004,dm,0.696560526496302,0.6942666800521766,0.6987659934417689,,0.840296792106818,0.06969649498205555,184.61261663459968,0.0,distrust,0.9173694943120156,pass,0.6586599677335323,fail,-0.04345544677880277,fail,0.2440166363880984,pass,0.09119022620919363,0.11281696722710019,1.5960853341361967,False,below,ab_fallback,ab_test,False
practitioner,19,low_overlap_b2,low_overlap-b2-1004,1004,dr,0.6053703002871084,0.5414277909384833,0.6577234918272999,,0.840296792106818,0.06969649498205555,184.61261663459968,0.0,distrust,0.9173694943120156,pass,0.6586599677335323,fail,-0.04345544677880277,fail,0.2440166363880984,pass,0.09119022620919363,0.11281696722710019,1.5960853341361967,False,below,ab_fallback,ab_test,False
practitioner,19,low_overlap_b2,low_overlap-b2-1004,1004,switch_dr,0.6923506437777979,0.6842729442040839,0.7002748781322997,2.096654575728741,0.840296792106818,0.06969649498205555,184.61261663459968,0.0,distrust,0.9173694943120156,pass,0.6586599677335323,fail,-0.04345544677880277,fail,0.2440166363880984,pass,0.09119022620919363,0.11281696722710019,1.5960853341361967,False,below,ab_fallback,ab_test,False
practitioner,19,low_overlap_b2,low_overlap-b2-1004,1004,dros,0.6957075131462208,0.6901252775182414,0.7009423056977702,1.6060182793254358,0.840296792106818,0.06969649498205555,184.61261663459968,0.0,distrust,0.9173694943120156,pass,0.6586599677335323,fail,-0.04345544677880277,fail,0.2440166363880984,pass,0.09119022620919363,0.11281696722710019,1.5960853341361967,False,below,ab_fallback,ab_test,False
practitioner,19,low_overlap_b8,low_overlap-b8-1004,1004,ips,0.7472991555060328,0.7232082415078328,0.7717223205448841,,0.840296792106818,0.19107859709371852,96.38732393320967,0.0,trust,0.9848710434933944,pass,0.6586599677335323,fail,-0.023797042234779943,pass,0.1214984021598744,pass,0.06194388346279821,0.04534960017933967,1.2037923419135268,False,below,ab_fallback,ab_test,True
practitioner,19,low_overlap_b8,low_overlap-b8-1004,1004,snips,0.7587786852330632,0.7202807680477031,0.7981311376283342,,0.840296792106818,0.19107859709371852,96.38732393320967,0.0,trust,0.9848710434933944,pass,0.6586599677335323,fail,-0.023797042234779943,pass,0.1214984021598744,pass,0.06194388346279821,0.04534960017933967,1.2037923419135268,False,below,ab_fallback,ab_test,True
practitioner,19,low_overlap_b8,low_overlap-b8-1004,1004,clipped_ips,0.6665882873842758,0.6536789029262352,0.6792747432224384,1.4714746207137035,0.840296792106818,0.19107859709371852,96.38732393320967,0.0,trust,0.9848710434933944,pass,0.6586599677335323,fail,-0.023797042234779943,pass,0.1214984021598744,pass,0.06194388346279821,0.04534960017933967,1.2037923419135268,False,below,ab_fallback,ab_test,True
practitioner,19,low_overlap_b8,low_overlap-b8-1004,1004,dm,0.8124853954760967,0.8095513952642799,0.8153193264063425,,0.840296792106818,0.19107859709371852,96.38732393320967,0.0,trust,0.9848710434933944,pass,0.6586599677335323,fail,-0.023797042234779943,pass,0.1214984021598744,pass,0.06194388346279821,0.04534960017933967,1.2037923419135268,False,below,ab_fallback,ab_test,True
practitioner,19,low_overlap_b8,low_overlap-b8-1004,1004,dr,0.7505415120132984,0.7160037065811254,0.7820366187995299,,0.840296792106818,0.19107859709371852,96.38732393320967,0.0,trust,0.9848710434933944,pass,0.6586599677335323,fail,-0.023797042234779943,pass,0.1214984021598744,pass,0.06194388346279821,0.04534960017933967,1.2037923419135268,False,below,ab_fallback,ab_test,True
practitioner,19,low_overlap_b8,low_overlap-b8-1004,1004,switch_dr,0.8098345758076148,0.7998464431841401,0.8200704554213739,2.0109099075441788,0.840296792106818,0.19107859709371852,96.38732393320967,0.0,trust,0.9848710434933944,pass,0.6586599677335323,fail,-0.023797042234779943,pass,0.1214984021598744,pass,0.06194388346279821,0.04534960017933967,1.2037923419135268,False,below,ab_fallback,ab_test,True
practitioner,19,low_overlap_b8,low_overlap-b8-1004,1004,dros,0.8114258784918914,0.804129308964406,0.8179759236840763,2.1652375594045377,0.840296792106818,0.19107859709371852,96.38732393320967,0.0,trust,0.9848710434933944,pass,0.6586599677335323,fail,-0.023797042234779943,pass,0.1214984021598744,pass,0.06194388346279821,0.04534960017933967,1.2037923419135268,False,below,ab_fallback,ab_test,True
practitioner,19,low_overlap_b-2,low_overlap-b-2-1005,1005,ips,0.3558500392223888,0.2971203340254024,0.42181757429937444,,0.8241238507694514,0.013347035275366488,462.06085875786806,0.0,distrust,0.9361246293815155,pass,1.539864244926692,fail,0.04179389823531286,pass,0.33665138132333333,pass,0.21344921884380558,0.16819607462486486,2.506337725091651,False,below,ab_fallback,ab_test,False
practitioner,19,low_overlap_b-2,low_overlap-b-2-1005,1005,snips,0.38013105098783045,0.2738259841615309,0.5084585910890873,,0.8241238507694514,0.013347035275366488,462.06085875786806,0.0,distrust,0.9361246293815155,pass,1.539864244926692,fail,0.04179389823531286,pass,0.33665138132333333,pass,0.21344921884380558,0.16819607462486486,2.506337725091651,False,below,ab_fallback,ab_test,False
practitioner,19,low_overlap_b-2,low_overlap-b-2-1005,1005,clipped_ips,0.2521594075888869,0.24476056163450396,0.259300544443012,1.0847975823156932,0.8241238507694514,0.013347035275366488,462.06085875786806,0.0,distrust,0.9361246293815155,pass,1.539864244926692,fail,0.04179389823531286,pass,0.33665138132333333,pass,0.21344921884380558,0.16819607462486486,2.506337725091651,False,below,ab_fallback,ab_test,False
practitioner,19,low_overlap_b-2,low_overlap-b-2-1005,1005,dm,0.5493338360914884,0.5471432908049455,0.5517950168618078,,0.8241238507694514,0.013347035275366488,462.06085875786806,0.0,distrust,0.9361246293815155,pass,1.539864244926692,fail,0.04179389823531286,pass,0.33665138132333333,pass,0.21344921884380558,0.16819607462486486,2.506337725091651,False,below,ab_fallback,ab_test,False
practitioner,19,low_overlap_b-2,low_overlap-b-2-1005,1005,dr,0.33588461724768287,0.19367913631681186,0.4500264322584611,,0.8241238507694514,0.013347035275366488,462.06085875786806,0.0,distrust,0.9361246293815155,pass,1.539864244926692,fail,0.04179389823531286,pass,0.33665138132333333,pass,0.21344921884380558,0.16819607462486486,2.506337725091651,False,below,ab_fallback,ab_test,False
practitioner,19,low_overlap_b-2,low_overlap-b-2-1005,1005,switch_dr,0.5503265831687948,0.5440129950551408,0.5563897236493995,2.1554207386650166,0.8241238507694514,0.013347035275366488,462.06085875786806,0.0,distrust,0.9361246293815155,pass,1.539864244926692,fail,0.04179389823531286,pass,0.33665138132333333,pass,0.21344921884380558,0.16819607462486486,2.506337725091651,False,below,ab_fallback,ab_test,False
practitioner,19,low_overlap_b-2,low_overlap-b-2-1005,1005,dros,0.5496746662585332,0.5452976441389553,0.5540982286409917,1.1767857945979732,0.8241238507694514,0.013347035275366488,462.06085875786806,0.0,distrust,0.9361246293815155,pass,1.539864244926692,fail,0.04179389823531286,pass,0.33665138132333333,pass,0.21344921884380558,0.16819607462486486,2.506337725091651,False,below,ab_fallback,ab_test,False
practitioner,19,low_overlap_b2,low_overlap-b2-1005,1005,ips,0.5486564002540923,0.5121403604351477,0.5862830935861921,,0.8241238507694514,0.045296566304245355,281.8222940998203,0.0,distrust,0.9812574596010142,pass,1.539864244926692,fail,0.03740915410740479,pass,0.16737019041708903,pass,0.13541476157457108,0.09737089297349008,1.7406576695264764,False,below,ab_fallback,ab_test,False
practitioner,19,low_overlap_b2,low_overlap-b2-1005,1005,snips,0.5591360298826974,0.4796097223354563,0.633643905317996,,0.8241238507694514,0.045296566304245355,281.8222940998203,0.0,distrust,0.9812574596010142,pass,1.539864244926692,fail,0.03740915410740479,pass,0.16737019041708903,pass,0.13541476157457108,0.09737089297349008,1.7406576695264764,False,below,ab_fallback,ab_test,False
practitioner,19,low_overlap_b2,low_overlap-b2-1005,1005,clipped_ips,0.46555332609217515,0.45581387218042335,0.47520812873724516,1.2942221499626878,0.8241238507694514,0.045296566304245355,281.8222940998203,0.0,distrust,0.9812574596010142,pass,1.539864244926692,fail,0.03740915410740479,pass,0.16737019041708903,pass,0.13541476157457108,0.09737089297349008,1.7406576695264764,False,below,ab_fallback,ab_test,False
practitioner,19,low_overlap_b2,low_overlap-b2-1005,1005,dm,0.6728992463147712,0.670655502035088,0.6750533649184417,,0.8241238507694514,0.045296566304245355,281.8222940998203,0.0,distrust,0.9812574596010142,pass,1.539864244926692,fail,0.03740915410740479,pass,0.16737019041708903,pass,0.13541476157457108,0.09737089297349008,1.7406576695264764,False,below,ab_fallback,ab_test,False
practitioner,19,low_overlap_b2,low_overlap-b2-1005,1005,dr,0.5374844847402,0.4595936629377121,0.598481030932912,,0.8241238507694514,0.045296566304245355,281.8222940998203,0.0,distrust,0.9812574596010142,pass,1.539864244926692,fail,0.03740915410740479,pass,0.16737019041708903,pass,0.13541476157457108,0.09737089297349008,1.7406576695264764,False,below,ab_fallback,ab_test,False
practitioner,19,low_overlap_b2,low_overlap-b2-1005,1005,switch_dr,0.6727696424005721,0.6640248220273174,0.680417211011849,2.333544521476816,0.8241238507694514,0.045296566304245355,281.8222940998203,0.0,distrust,0.9812574596010142,pass,1.539864244926692,fail,0.03740915410740479,pass,0.16737019041708903,pass,0.13541476157457108,0.09737089297349008,1.7406576695264764,False,below,ab_fallback,ab_test,False
practitioner,19,low_overlap_b2,low_overlap-b2-1005,1005,dros,0.6725411826494881,0.6665844182865943,0.6784234823567762,1.675010973454042,0.8241238507694514,0.045296566304245355,281.8222940998203,0.0,distrust,0.9812574596010142,pass,1.539864244926692,fail,0.03740915410740479,pass,0.16737019041708903,pass,0.13541476157457108,0.09737089297349008,1.7406576695264764,False,below,ab_fallback,ab_test,False
practitioner,19,low_overlap_b8,low_overlap-b8-1005,1005,ips,0.7376163161933913,0.7156331194144767,0.7590645988740367,,0.8241238507694514,0.35434087781628043,51.740837348029885,0.0,trust,0.993993078694947,pass,1.539864244926692,fail,0.021872462490983065,fail,0.07491667871856603,pass,0.05609491934648068,0.0322288945335329,1.2014319462678285,False,below,ab_fallback,ab_test,True
practitioner,19,low_overlap_b8,low_overlap-b8-1005,1005,snips,0.7420738956873192,0.7147784943974659,0.7686486873204926,,0.8241238507694514,0.35434087781628043,51.740837348029885,0.0,trust,0.993993078694947,pass,1.539864244926692,fail,0.021872462490983065,fail,0.07491667871856603,pass,0.05609491934648068,0.0322288945335329,1.2014319462678285,False,below,ab_fallback,ab_test,True
practitioner,19,low_overlap_b8,low_overlap-b8-1005,1005,clipped_ips,0.6864801840586776,0.6736265061828488,0.7005353109694284,1.570888093271078,0.8241238507694514,0.35434087781628043,51.740837348029885,0.0,trust,0.993993078694947,pass,1.539864244926692,fail,0.021872462490983065,fail,0.07491667871856603,pass,0.05609491934648068,0.0322288945335329,1.2014319462678285,False,below,ab_fallback,ab_test,True
practitioner,19,low_overlap_b8,low_overlap-b8-1005,1005,dm,0.7931287791936308,0.7899930177747865,0.7963575635542048,,0.8241238507694514,0.35434087781628043,51.740837348029885,0.0,trust,0.993993078694947,pass,1.539864244926692,fail,0.021872462490983065,fail,0.07491667871856603,pass,0.05609491934648068,0.0322288945335329,1.2014319462678285,False,below,ab_fallback,ab_test,True
practitioner,19,low_overlap_b8,low_overlap-b8-1005,1005,dr,0.7370338598471501,0.7147747726147022,0.7588986787696453,,0.8241238507694514,0.35434087781628043,51.740837348029885,0.0,trust,0.993993078694947,pass,1.539864244926692,fail,0.021872462490983065,fail,0.07491667871856603,pass,0.05609491934648068,0.0322288945335329,1.2014319462678285,False,below,ab_fallback,ab_test,True
practitioner,19,low_overlap_b8,low_overlap-b8-1005,1005,switch_dr,0.7950211195924095,0.7841018202269137,0.8059319996650357,2.0494040599069767,0.8241238507694514,0.35434087781628043,51.740837348029885,0.0,trust,0.993993078694947,pass,1.539864244926692,fail,0.021872462490983065,fail,0.07491667871856603,pass,0.05609491934648068,0.0322288945335329,1.2014319462678285,False,below,ab_fallback,ab_test,True
practitioner,19,low_overlap_b8,low_overlap-b8-1005,1005,dros,0.7923323466545558,0.7841408540177005,0.8006829820129249,2.4676894015808433,0.8241238507694514,0.35434087781628043,51.740837348029885,0.0,trust,0.993993078694947,pass,1.539864244926692,fail,0.021872462490983065,fail,0.07491667871856603,pass,0.05609491934648068,0.0322288945335329,1.2014319462678285,False,below,ab_fallback,ab_test,True
practitioner,19,low_overlap_b-2,low_overlap-b-2-1006,1006,ips,0.4715897466019893,0.34634040602189203,0.6097209452278567,,0.8371244701459978,0.0037316642653476267,1358.9376284954276,0.0,ab_fallback,1.1361476117697225,pass,1.3389435279068687,pass,-0.0015348449581741356,pass,0.5760686191124328,fail,0.08224517787099338,0.3637340472781182,2.669478632080516,False,below,ab_fallback,ab_test,False
practitioner,19,low_overlap_b-2,low_overlap-b-2-1006,1006,snips,0.4150778839973238,0.30744754896317095,0.5443215483969499,,0.8371244701459978,0.0037316642653476267,1358.9376284954276,0.0,ab_fallback,1.1361476117697225,pass,1.3389435279068687,pass,-0.0015348449581741356,pass,0.5760686191124328,fail,0.08224517787099338,0.3637340472781182,2.669478632080516,False,below,ab_fallback,ab_test,False
practitioner,19,low_overlap_b-2,low_overlap-b-2-1006,1006,clipped_ips,0.23247640314354043,0.22522354406983694,0.23865534661942744,0.9884810101243832,0.8371244701459978,0.0037316642653476267,1358.9376284954276,0.0,ab_fallback,1.1361476117697225,pass,1.3389435279068687,pass,-0.0015348449581741356,pass,0.5760686191124328,fail,0.08224517787099338,0.3637340472781182,2.669478632080516,False,below,ab_fallback,ab_test,False
practitioner,19,low_overlap_b-2,low_overlap-b-2-1006,1006,dm,0.5693071307771416,0.5666736014315176,0.5720838006343495,,0.8371244701459978,0.0037316642653476267,1358.9376284954276,0.0,ab_fallback,1.1361476117697225,pass,1.3389435279068687,pass,-0.0015348449581741356,pass,0.5760686191124328,fail,0.08224517787099338,0.3637340472781182,2.669478632080516,False,below,ab_fallback,ab_test,False
practitioner,19,low_overlap_b-2,low_overlap-b-2-1006,1006,dr,0.4870619529061482,0.3545797902368953,0.6080991936126018,,0.8371244701459978,0.0037316642653476267,1358.9376284954276,0.0,ab_fallback,1.1361476117697225,pass,1.3389435279068687,pass,-0.0015348449581741356,pass,0.5760686191124328,fail,0.08224517787099338,0.3637340472781182,2.669478632080516,False,below,ab_fallback,ab_test,False
practitioner,19,low_overlap_b-2,low_overlap-b-2-1006,1006,switch_dr,0.5681767153271982,0.5618605037755526,0.5746062336175812,2.2090062241150794,0.8371244701459978,0.0037316642653476267,1358.9376284954276,0.0,ab_fallback,1.1361476117697225,pass,1.3389435279068687,pass,-0.0015348449581741356,pass,0.5760686191124328,fail,0.08224517787099338,0.3637340472781182,2.669478632080516,False,below,ab_fallback,ab_test,False
practitioner,19,low_overlap_b-2,low_overlap-b-2-1006,1006,dros,0.5685073826035282,0.564411717642451,0.5724165934952958,0.9770947073765209,0.8371244701459978,0.0037316642653476267,1358.9376284954276,0.0,ab_fallback,1.1361476117697225,pass,1.3389435279068687,pass,-0.0015348449581741356,pass,0.5760686191124328,fail,0.08224517787099338,0.3637340472781182,2.669478632080516,False,below,ab_fallback,ab_test,False
practitioner,19,low_overlap_b2,low_overlap-b2-1006,1006,ips,0.616167659980398,0.5679723570474137,0.6630148599626109,,0.8371244701459978,0.06390565503136539,160.4180504076994,0.0,distrust,0.9830607381197263,pass,1.3389435279068687,pass,0.00047524974578996853,pass,0.2082954866317845,pass,0.094766237948581,0.09178225687774151,1.5944356132957465,False,below,distrust,ab_test,False
practitioner,19,low_overlap_b2,low_overlap-b2-1006,1006,snips,0.6267849341221023,0.5665773855404843,0.6790241121286693,,0.8371244701459978,0.06390565503136539,160.4180504076994,0.0,distrust,0.9830607381197263,pass,1.3389435279068687,pass,0.00047524974578996853,pass,0.2082954866317845,pass,0.094766237948581,0.09178225687774151,1.5944356132957465,False,below,distrust,ab_test,False
practitioner,19,low_overlap_b2,low_overlap-b2-1006,1006,clipped_ips,0.49622846125566805,0.48638888232906524,0.5049141737171615,1.351676765076892,0.8371244701459978,0.06390565503136539,160.4180504076994,0.0,distrust,0.9830607381197263,pass,1.3389435279068687,pass,0.00047524974578996853,pass,0.2082954866317845,pass,0.094766237948581,0.09178225687774151,1.5944356132957465,False,below,distrust,ab_test,False
practitioner,19,low_overlap_b2,low_overlap-b2-1006,1006,dm,0.7235260903430647,0.7208999666560819,0.7258772295773465,,0.8371244701459978,0.06390565503136539,160.4180504076994,0.0,distrust,0.9830607381197263,pass,1.3389435279068687,pass,0.00047524974578996853,pass,0.2082954866317845,pass,0.094766237948581,0.09178225687774151,1.5944356132957465,False,below,distrust,ab_test,False
practitioner,19,low_overlap_b2,low_overlap-b2-1006,1006,dr,0.6287598523944837,0.5718149288695825,0.6749460506609005,,0.8371244701459978,0.06390565503136539,160.4180504076994,0.0,distrust,0.9830607381197263,pass,1.3389435279068687,pass,0.00047524974578996853,pass,0.2082954866317845,pass,0.094766237948581,0.09178225687774151,1.5944356132957465,False,below,distrust,ab_test,False
practitioner,19,low_overlap_b2,low_overlap-b2-1006,1006,switch_dr,0.720315800189864,0.7112798159471471,0.7287343662663639,2.3718110772087715,0.8371244701459978,0.06390565503136539,160.4180504076994,0.0,distrust,0.9830607381197263,pass,1.3389435279068687,pass,0.00047524974578996853,pass,0.2082954866317845,pass,0.094766237948581,0.09178225687774151,1.5944356132957465,False,below,distrust,ab_test,False
practitioner,19,low_overlap_b2,low_overlap-b2-1006,1006,dros,0.7219102513071518,0.7160918342829629,0.7274076000100546,1.8270300772487313,0.8371244701459978,0.06390565503136539,160.4180504076994,0.0,distrust,0.9830607381197263,pass,1.3389435279068687,pass,0.00047524974578996853,pass,0.2082954866317845,pass,0.094766237948581,0.09178225687774151,1.5944356132957465,False,below,distrust,ab_test,False
practitioner,19,low_overlap_b8,low_overlap-b8-1006,1006,ips,0.759594330194154,0.7392737998710466,0.7799673913062515,,0.8371244701459978,0.3629484772314832,46.05110388997825,0.0,trust,0.9803108109254536,pass,1.3389435279068687,pass,0.002683082897587413,pass,0.09905474420562191,pass,0.0535180302881648,0.02453527188229498,1.1527202449147493,False,below,trust,no_go,True
practitioner,19,low_overlap_b8,low_overlap-b8-1006,1006,snips,0.7748505083577175,0.7481054721219856,0.7988790400526539,,0.8371244701459978,0.3629484772314832,46.05110388997825,0.0,trust,0.9803108109254536,pass,1.3389435279068687,pass,0.002683082897587413,pass,0.09905474420562191,pass,0.0535180302881648,0.02453527188229498,1.1527202449147493,False,below,trust,no_go,True
practitioner,19,low_overlap_b8,low_overlap-b8-1006,1006,clipped_ips,0.6980978894547477,0.6847132757599015,0.7120109988786767,1.6000476715910943,0.8371244701459978,0.3629484772314832,46.05110388997825,0.0,trust,0.9803108109254536,pass,1.3389435279068687,pass,0.002683082897587413,pass,0.09905474420562191,pass,0.0535180302881648,0.02453527188229498,1.1527202449147493,False,below,trust,no_go,True
practitioner,19,low_overlap_b8,low_overlap-b8-1006,1006,dm,0.8245338169895811,0.8211719702623596,0.8274439493323461,,0.8371244701459978,0.3629484772314832,46.05110388997825,0.0,trust,0.9803108109254536,pass,1.3389435279068687,pass,0.002683082897587413,pass,0.09905474420562191,pass,0.0535180302881648,0.02453527188229498,1.1527202449147493,False,below,trust,no_go,True
practitioner,19,low_overlap_b8,low_overlap-b8-1006,1006,dr,0.7710157867014162,0.7473219916336814,0.7919081455222918,,0.8371244701459978,0.3629484772314832,46.05110388997825,0.0,trust,0.9803108109254536,pass,1.3389435279068687,pass,0.002683082897587413,pass,0.09905474420562191,pass,0.0535180302881648,0.02453527188229498,1.1527202449147493,False,below,trust,no_go,True
practitioner,19,low_overlap_b8,low_overlap-b8-1006,1006,switch_dr,0.8247261109582888,0.8147084330611216,0.8349916906319792,2.1135317933083466,0.8371244701459978,0.3629484772314832,46.05110388997825,0.0,trust,0.9803108109254536,pass,1.3389435279068687,pass,0.002683082897587413,pass,0.09905474420562191,pass,0.0535180302881648,0.02453527188229498,1.1527202449147493,False,below,trust,no_go,True
practitioner,19,low_overlap_b8,low_overlap-b8-1006,1006,dros,0.8233570408190697,0.8159282203308087,0.8308873329501273,2.5601525513640824,0.8371244701459978,0.3629484772314832,46.05110388997825,0.0,trust,0.9803108109254536,pass,1.3389435279068687,pass,0.002683082897587413,pass,0.09905474420562191,pass,0.0535180302881648,0.02453527188229498,1.1527202449147493,False,below,trust,no_go,True
practitioner,19,low_overlap_b-2,low_overlap-b-2-1007,1007,ips,0.44339031147398217,0.348795103430277,0.5482943742606831,,0.8412170649574969,0.012447906166441742,473.10103031777567,0.0,distrust,0.9418742861694245,pass,1.3850434967267866,fail,-0.0408076261760168,pass,0.46232540920937576,pass,0.0944529441318971,0.0625823399701425,2.295206748458932,False,below,ab_fallback,ab_test,False
practitioner,19,low_overlap_b-2,low_overlap-b-2-1007,1007,snips,0.47075317585878446,0.3385768828839921,0.6154086096381277,,0.8412170649574969,0.012447906166441742,473.10103031777567,0.0,distrust,0.9418742861694245,pass,1.3850434967267866,fail,-0.0408076261760168,pass,0.46232540920937576,pass,0.0944529441318971,0.0625823399701425,2.295206748458932,False,below,ab_fallback,ab_test,False
practitioner,19,low_overlap_b-2,low_overlap-b-2-1007,1007,clipped_ips,0.2531120211932587,0.24630622202122052,0.2599850295547935,1.0840822021149878,0.8412170649574969,0.012447906166441742,473.10103031777567,0.0,distrust,0.9418742861694245,pass,1.3850434967267866,fail,-0.0408076261760168,pass,0.46232540920937576,pass,0.0944529441318971,0.0625823399701425,2.295206748458932,False,below,ab_fallback,ab_test,False
practitioner,19,low_overlap_b-2,low_overlap-b-2-1007,1007,dm,0.5498578763890609,0.5471779894556565,0.5527198396911989,,0.8412170649574969,0.012447906166441742,473.10103031777567,0.0,distrust,0.9418742861694245,pass,1.3850434967267866,fail,-0.0408076261760168,pass,0.46232540920937576,pass,0.0944529441318971,0.0625823399701425,2.295206748458932,False,below,ab_fallback,ab_test,False
practitioner,19,low_overlap_b-2,low_overlap-b-2-1007,1007,dr,0.45540493225716383,0.3422779437998142,0.5564739878005024,,0.8412170649574969,0.012447906166441742,473.10103031777567,0.0,distrust,0.9418742861694245,pass,1.3850434967267866,fail,-0.0408076261760168,pass,0.46232540920937576,pass,0.0944529441318971,0.0625823399701425,2.295206748458932,False,below,ab_fallback,ab_test,False
practitioner,19,low_overlap_b-2,low_overlap-b-2-1007,1007,switch_dr,0.5469649008790823,0.5404378348988533,0.5531891495432912,2.150688673323364,0.8412170649574969,0.012447906166441742,473.10103031777567,0.0,distrust,0.9418742861694245,pass,1.3850434967267866,fail,-0.0408076261760168,pass,0.46232540920937576,pass,0.0944529441318971,0.0625823399701425,2.295206748458932,False,below,ab_fallback,ab_test,False
practitioner,19,low_overlap_b-2,low_overlap-b-2-1007,1007,dros,0.5486084880321471,0.5445961965752221,0.5525300930517029,1.1752342209424813,0.8412170649574969,0.012447906166441742,473.10103031777567,0.0,distrust,0.9418742861694245,pass,1.3850434967267866,fail,-0.0408076261760168,pass,0.46232540920937576,pass,0.0944529441318971,0.0625823399701425,2.295206748458932,False,below,ab_fallback,ab_test,False
practitioner,19,low_overlap_b2,low_overlap-b2-1007,1007,ips,0.6197986225121149,0.5886128117224337,0.6575207090318493,,0.8412170649574969,0.10253500081139962,75.35906882586426,0.0,trust,0.9537799667096635,pass,1.3850434967267866,fail,-0.00240594631188422,pass,0.23430621541543817,pass,0.061047079917086765,0.058378331999635956,1.533306374216491,False,below,ab_fallback,ab_test,False
practitioner,19,low_overlap_b2,low_overlap-b2-1007,1007,snips,0.6498339702502741,0.6046766838683639,0.6945753168456369,,0.8412170649574969,0.10253500081139962,75.35906882586426,0.0,trust,0.9537799667096635,pass,1.3850434967267866,fail,-0.00240594631188422,pass,0.23430621541543817,pass,0.061047079917086765,0.058378331999635956,1.533306374216491,False,below,ab_fallback,ab_test,False
practitioner,19,low_overlap_b2,low_overlap-b2-1007,1007,clipped_ips,0.49757383203254396,0.48828925568982745,0.5066950931308978,1.3474109577994537,0.8412170649574969,0.10253500081139962,75.35906882586426,0.0,trust,0.9537799667096635,pass,1.3850434967267866,fail,-0.00240594631188422,pass,0.23430621541543817,pass,0.061047079917086765,0.058378331999635956,1.533306374216491,False,below,ab_fallback,ab_test,False
practitioner,19,low_overlap_b2,low_overlap-b2-1007,1007,dm,0.6975203157969649,0.6952462375752865,0.6998602397586285,,0.8412170649574969,0.10253500081139962,75.35906882586426,0.0,trust,0.9537799667096635,pass,1.3850434967267866,fail,-0.00240594631188422,pass,0.23430621541543817,pass,0.061047079917086765,0.058378331999635956,1.533306374216491,False,below,ab_fallback,ab_test,False
practitioner,19,low_overlap_b2,low_overlap-b2-1007,1007,dr,0.6364732358798781,0.6001532031590107,0.6719397342135809,,0.8412170649574969,0.10253500081139962,75.35906882586426,0.0,trust,0.9537799667096635,pass,1.3850434967267866,fail,-0.00240594631188422,pass,0.23430621541543817,pass,0.061047079917086765,0.058378331999635956,1.533306374216491,False,below,ab_fallback,ab_test,False
practitioner,19,low_overlap_b2,low_overlap-b2-1007,1007,switch_dr,0.6970769377295087,0.688271399131412,0.7051465922981106,2.184014360753473,0.8412170649574969,0.10253500081139962,75.35906882586426,0.0,trust,0.9537799667096635,pass,1.3850434967267866,fail,-0.00240594631188422,pass,0.23430621541543817,pass,0.061047079917086765,0.058378331999635956,1.533306374216491,False,below,ab_fallback,ab_test,False
practitioner,19,low_overlap_b2,low_overlap-b2-1007,1007,dros,0.6959307837273244,0.6899329405804129,0.7015682678547951,1.8155162891980414,0.8412170649574969,0.10253500081139962,75.35906882586426,0.0,trust,0.9537799667096635,pass,1.3850434967267866,fail,-0.00240594631188422,pass,0.23430621541543817,pass,0.061047079917086765,0.058378331999635956,1.533306374216491,False,below,ab_fallback,ab_test,False
practitioner,19,low_overlap_b8,low_overlap-b8-1007,1007,ips,0.777266868452484,0.7568123117450898,0.7964826120080987,,0.8412170649574969,0.39740951714392225,50.70308053267448,0.0,trust,0.9838690698817213,pass,1.3850434967267866,fail,0.00367398434583386,pass,0.09330102145763745,pass,0.03658879250791757,0.018554748755617825,1.1241109615626428,False,below,ab_fallback,ab_test,True
practitioner,19,low_overlap_b8,low_overlap-b8-1007,1007,snips,0.7900104721717958,0.7623169599219566,0.8120457169427755,,0.8412170649574969,0.39740951714392225,50.70308053267448,0.0,trust,0.9838690698817213,pass,1.3850434967267866,fail,0.00367398434583386,pass,0.09330102145763745,pass,0.03658879250791757,0.018554748755617825,1.1241109615626428,False,below,ab_fallback,ab_test,True
practitioner,19,low_overlap_b8,low_overlap-b8-1007,1007,clipped_ips,0.7163016881559368,0.7030326807733972,0.728928049437984,1.549539741972388,0.8412170649574969,0.39740951714392225,50.70308053267448,0.0,trust,0.9838690698817213,pass,1.3850434967267866,fail,0.00367398434583386,pass,0.09330102145763745,pass,0.03658879250791757,0.018554748755617825,1.1241109615626428,False,below,ab_fallback,ab_test,True
practitioner,19,low_overlap_b8,low_overlap-b8-1007,1007,dm,0.8241919998637758,0.821373588128446,0.8271175378382604,,0.8412170649574969,0.39740951714392225,50.70308053267448,0.0,trust,0.9838690698817213,pass,1.3850434967267866,fail,0.00367398434583386,pass,0.09330102145763745,pass,0.03658879250791757,0.018554748755617825,1.1241109615626428,False,below,ab_fallback,ab_test,True
practitioner,19,low_overlap_b8,low_overlap-b8-1007,1007,dr,0.7876032073558582,0.7655454804143697,0.8052257403016899,,0.8412170649574969,0.39740951714392225,50.70308053267448,0.0,trust,0.9838690698817213,pass,1.3850434967267866,fail,0.00367398434583386,pass,0.09330102145763745,pass,0.03658879250791757,0.018554748755617825,1.1241109615626428,False,below,ab_fallback,ab_test,True
practitioner,19,low_overlap_b8,low_overlap-b8-1007,1007,switch_dr,0.8251447011105505,0.815123470634999,0.8346231582880345,2.0001697428172047,0.8412170649574969,0.39740951714392225,50.70308053267448,0.0,trust,0.9838690698817213,pass,1.3850434967267866,fail,0.00367398434583386,pass,0.09330102145763745,pass,0.03658879250791757,0.018554748755617825,1.1241109615626428,False,below,ab_fallback,ab_test,True
practitioner,19,low_overlap_b8,low_overlap-b8-1007,1007,dros,0.823218332059374,0.8159807010511275,0.8300952667208976,2.4010734119518546,0.8412170649574969,0.39740951714392225,50.70308053267448,0.0,trust,0.9838690698817213,pass,1.3850434967267866,fail,0.00367398434583386,pass,0.09330102145763745,pass,0.03658879250791757,0.018554748755617825,1.1241109615626428,False,below,ab_fallback,ab_test,True
practitioner,19,low_overlap_b-2,low_overlap-b-2-1008,1008,ips,0.2670880633472797,-0.17672456708125742,0.5267670700564567,,0.8484550611331375,0.0017696687454459646,2741.9576278068785,0.0,ab_fallback,1.4781576083317969,pass,1.8706473822751826,fail,-0.3199966097861999,pass,0.4781576083317969,pass,0.3535708881067774,1.0044163692407158,3.79829485062867,False,below,ab_fallback,ab_test,False
practitioner,19,low_overlap_b-2,low_overlap-b-2-1008,1008,snips,0.18068984108447478,-0.08016729879767086,0.5141917078574151,,0.8484550611331375,0.0017696687454459646,2741.9576278068785,0.0,ab_fallback,1.4781576083317969,pass,1.8706473822751826,fail,-0.3199966097861999,pass,0.4781576083317969,pass,0.3535708881067774,1.0044163692407158,3.79829485062867,False,below,ab_fallback,ab_test,False
practitioner,19,low_overlap_b-2,low_overlap-b-2-1008,1008,clipped_ips,0.23626474058799438,0.22956637262839918,0.24337126922881414,1.000136959610599,0.8484550611331375,0.0017696687454459646,2741.9576278068785,0.0,ab_fallback,1.4781576083317969,pass,1.8706473822751826,fail,-0.3199966097861999,pass,0.4781576083317969,pass,0.3535708881067774,1.0044163692407158,3.79829485062867,False,below,ab_fallback,ab_test,False
practitioner,19,low_overlap_b-2,low_overlap-b-2-1008,1008,dm,0.5393039494822293,0.5366358485670837,0.5418611604843666,,0.8484550611331375,0.0017696687454459646,2741.9576278068785,0.0,ab_fallback,1.4781576083317969,pass,1.8706473822751826,fail,-0.3199966097861999,pass,0.4781576083317969,pass,0.3535708881067774,1.0044163692407158,3.79829485062867,False,below,ab_fallback,ab_test,False
practitioner,19,low_overlap_b-2,low_overlap-b-2-1008,1008,dr,0.18573306137545187,-0.37859721648743955,0.48649353240959736,,0.8484550611331375,0.0017696687454459646,2741.9576278068785,0.0,ab_fallback,1.4781576083317969,pass,1.8706473822751826,fail,-0.3199966097861999,pass,0.4781576083317969,pass,0.3535708881067774,1.0044163692407158,3.79829485062867,False,below,ab_fallback,ab_test,False
practitioner,19,low_overlap_b-2,low_overlap-b-2-1008,1008,switch_dr,0.5357318004676624,0.5295857574047572,0.5413868946426615,2.1896887867583334,0.8484550611331375,0.0017696687454459646,2741.9576278068785,0.0,ab_fallback,1.4781576083317969,pass,1.8706473822751826,fail,-0.3199966097861999,pass,0.4781576083317969,pass,0.3535708881067774,1.0044163692407158,3.79829485062867,False,below,ab_fallback,ab_test,False
practitioner,19,low_overlap_b-2,low_overlap-b-2-1008,1008,dros,0.538855112960286,0.5348271356661759,0.5427210419250221,1.0002739379791328,0.8484550611331375,0.0017696687454459646,2741.9576278068785,0.0,ab_fallback,1.4781576083317969,pass,1.8706473822751826,fail,-0.3199966097861999,pass,0.4781576083317969,pass,0.3535708881067774,1.0044163692407158,3.79829485062867,False,below,ab_fallback,ab_test,False
practitioner,19,low_overlap_b2,low_overlap-b2-1008,1008,ips,0.6460113716010202,0.5835788802735288,0.7059580546253585,,0.8484550611331375,0.04256982794630742,205.7980345752351,0.0,distrust,1.0892960541829497,pass,1.8706473822751826,fail,-0.03261982050224283,pass,0.23994069954192815,pass,0.08309134937820917,0.14203352867298916,1.7369863762695048,False,below,ab_fallback,ab_test,False
practitioner,19,low_overlap_b2,low_overlap-b2-1008,1008,snips,0.5930539903456964,0.5169327614182893,0.6567343155441451,,0.8484550611331375,0.04256982794630742,205.7980345752351,0.0,distrust,1.0892960541829497,pass,1.8706473822751826,fail,-0.03261982050224283,pass,0.23994069954192815,pass,0.08309134937820917,0.14203352867298916,1.7369863762695048,False,below,ab_fallback,ab_test,False
practitioner,19,low_overlap_b2,low_overlap-b2-1008,1008,clipped_ips,0.5037135822913419,0.4929871970851163,0.5137344819253921,1.4065448040208857,0.8484550611331375,0.04256982794630742,205.7980345752351,0.0,distrust,1.0892960541829497,pass,1.8706473822751826,fail,-0.03261982050224283,pass,0.23994069954192815,pass,0.08309134937820917,0.14203352867298916,1.7369863762695048,False,below,ab_fallback,ab_test,False
practitioner,19,low_overlap_b2,low_overlap-b2-1008,1008,dm,0.7059764262978021,0.7037680099753363,0.7083279719366267,,0.8484550611331375,0.04256982794630742,205.7980345752351,0.0,distrust,1.0892960541829497,pass,1.8706473822751826,fail,-0.03261982050224283,pass,0.23994069954192815,pass,0.08309134937820917,0.14203352867298916,1.7369863762695048,False,below,ab_fallback,ab_test,False
practitioner,19,low_overlap_b2,low_overlap-b2-1008,1008,dr,0.6228850769195929,0.5678617027775434,0.6635095532687858,,0.8484550611331375,0.04256982794630742,205.7980345752351,0.0,distrust,1.0892960541829497,pass,1.8706473822751826,fail,-0.03261982050224283,pass,0.23994069954192815,pass,0.08309134937820917,0.14203352867298916,1.7369863762695048,False,below,ab_fallback,ab_test,False
practitioner,19,low_overlap_b2,low_overlap-b2-1008,1008,switch_dr,0.701805387817757,0.692672939969685,0.7105995077171647,2.4559457114066197,0.8484550611331375,0.04256982794630742,205.7980345752351,0.0,distrust,1.0892960541829497,pass,1.8706473822751826,fail,-0.03261982050224283,pass,0.23994069954192815,pass,0.08309134937820917,0.14203352867298916,1.7369863762695048,False,below,ab_fallback,ab_test,False
practitioner,19,low_overlap_b2,low_overlap-b2-1008,1008,dros,0.704323145046795,0.6980275996716342,0.7104839299671251,1.9783682857181517,0.8484550611331375,0.04256982794630742,205.7980345752351,0.0,distrust,1.0892960541829497,pass,1.8706473822751826,fail,-0.03261982050224283,pass,0.23994069954192815,pass,0.08309134937820917,0.14203352867298916,1.7369863762695048,False,below,ab_fallback,ab_test,False
practitioner,19,low_overlap_b8,low_overlap-b8-1008,1008,ips,0.7950110546395879,0.7675716881772902,0.8280377730959122,,0.8484550611331375,0.33042568344540507,86.08040243175739,0.0,trust,0.9920976455601623,pass,1.8706473822751826,fail,0.00013769774743743466,pass,0.09113606944237199,pass,0.03147504106333521,0.02626267228234915,1.1141683670795641,False,below,ab_fallback,ab_test,True
practitioner,19,low_overlap_b8,low_overlap-b8-1008,1008,snips,0.8013435554427764,0.7805383881868697,0.8207255496852994,,0.8484550611331375,0.33042568344540507,86.08040243175739,0.0,trust,0.9920976455601623,pass,1.8706473822751826,fail,0.00013769774743743466,pass,0.09113606944237199,pass,0.03147504106333521,0.02626267228234915,1.1141683670795641,False,below,ab_fallback,ab_test,True
practitioner,19,low_overlap_b8,low_overlap-b8-1008,1008,clipped_ips,0.7283122535267462,0.7143383213589539,0.7430509752022203,1.643020827422158,0.8484550611331375,0.33042568344540507,86.08040243175739,0.0,trust,0.9920976455601623,pass,1.8706473822751826,fail,0.00013769774743743466,pass,0.09113606944237199,pass,0.03147504106333521,0.02626267228234915,1.1141683670795641,False,below,ab_fallback,ab_test,True
practitioner,19,low_overlap_b8,low_overlap-b8-1008,1008,dm,0.8311053163600947,0.8279677104832052,0.8340681992197478,,0.8484550611331375,0.33042568344540507,86.08040243175739,0.0,trust,0.9920976455601623,pass,1.8706473822751826,fail,0.00013769774743743466,pass,0.09113606944237199,pass,0.03147504106333521,0.02626267228234915,1.1141683670795641,False,below,ab_fallback,ab_test,True
practitioner,19,low_overlap_b8,low_overlap-b8-1008,1008,dr,0.7996302752967595,0.7790875293661869,0.818541206997529,,0.8484550611331375,0.33042568344540507,86.08040243175739,0.0,trust,0.9920976455601623,pass,1.8706473822751826,fail,0.00013769774743743466,pass,0.09113606944237199,pass,0.03147504106333521,0.02626267228234915,1.1141683670795641,False,below,ab_fallback,ab_test,True
practitioner,19,low_overlap_b8,low_overlap-b8-1008,1008,switch_dr,0.8311437417664858,0.819769171417476,0.8421317274579634,2.137695318559289,0.8484550611331375,0.33042568344540507,86.08040243175739,0.0,trust,0.9920976455601623,pass,1.8706473822751826,fail,0.00013769774743743466,pass,0.09113606944237199,pass,0.03147504106333521,0.02626267228234915,1.1141683670795641,False,below,ab_fallback,ab_test,True
practitioner,19,low_overlap_b8,low_overlap-b8-1008,1008,dros,0.8295857255678883,0.8213173384204716,0.8369233527700048,2.699517439342993,0.8484550611331375,0.33042568344540507,86.08040243175739,0.0,trust,0.9920976455601623,pass,1.8706473822751826,fail,0.00013769774743743466,pass,0.09113606944237199,pass,0.03147504106333521,0.02626267228234915,1.1141683670795641,False,below,ab_fallback,ab_test,True
practitioner,19,low_overlap_b-2,low_overlap-b-2-1009,1009,ips,0.44338605094719546,0.3442450059361429,0.5636051478778005,,0.8394467361819391,0.01015017251424705,621.6887129433686,0.0,distrust,0.9732662904197912,pass,1.4024437961406413,fail,0.15017572429030107,fail,0.46851899020718746,pass,0.10069018770171224,0.23411805040465752,2.364395388911951,False,below,ab_fallback,ab_test,False
practitioner,19,low_overlap_b-2,low_overlap-b-2-1009,1009,snips,0.45556499316949867,0.35466219534606275,0.5509317366329476,,0.8394467361819391,0.01015017251424705,621.6887129433686,0.0,distrust,0.9732662904197912,pass,1.4024437961406413,fail,0.15017572429030107,fail,0.46851899020718746,pass,0.10069018770171224,0.23411805040465752,2.364395388911951,False,below,ab_fallback,ab_test,False
practitioner,19,low_overlap_b-2,low_overlap-b-2-1009,1009,clipped_ips,0.2421241425959809,0.2359857318158718,0.24858779790996882,1.0394753040970215,0.8394467361819391,0.01015017251424705,621.6887129433686,0.0,distrust,0.9732662904197912,pass,1.4024437961406413,fail,0.15017572429030107,fail,0.46851899020718746,pass,0.10069018770171224,0.23411805040465752,2.364395388911951,False,below,ab_fallback,ab_test,False
practitioner,19,low_overlap_b-2,low_overlap-b-2-1009,1009,dm,0.5660501935441686,0.5632659969360073,0.5690451991437405,,0.8394467361819391,0.01015017251424705,621.6887129433686,0.0,distrust,0.9732662904197912,pass,1.4024437961406413,fail,0.15017572429030107,fail,0.46851899020718746,pass,0.10069018770171224,0.23411805040465752,2.364395388911951,False,below,ab_fallback,ab_test,False
practitioner,19,low_overlap_b-2,low_overlap-b-2-1009,1009,dr,0.4653600058424564,0.3677023747990061,0.5522603359248396,,0.8394467361819391,0.01015017251424705,621.6887129433686,0.0,distrust,0.9732662904197912,pass,1.4024437961406413,fail,0.15017572429030107,fail,0.46851899020718746,pass,0.10069018770171224,0.23411805040465752,2.364395388911951,False,below,ab_fallback,ab_test,False
practitioner,19,low_overlap_b-2,low_overlap-b-2-1009,1009,switch_dr,0.5639909513740728,0.558019029876255,0.5708968855857243,2.073655118137872,0.8394467361819391,0.01015017251424705,621.6887129433686,0.0,distrust,0.9732662904197912,pass,1.4024437961406413,fail,0.15017572429030107,fail,0.46851899020718746,pass,0.10069018770171224,0.23411805040465752,2.364395388911951,False,below,ab_fallback,ab_test,False
practitioner,19,low_overlap_b-2,low_overlap-b-2-1009,1009,dros,0.5645276520399514,0.56022361297773,0.5693276952786045,1.0805089078275953,0.8394467361819391,0.01015017251424705,621.6887129433686,0.0,distrust,0.9732662904197912,pass,1.4024437961406413,fail,0.15017572429030107,fail,0.46851899020718746,pass,0.10069018770171224,0.23411805040465752,2.364395388911951,False,below,ab_fallback,ab_test,False
practitioner,19,low_overlap_b2,low_overlap-b2-1009,1009,ips,0.6323537298573032,0.5811043881563303,0.6902639674968878,,0.8394467361819391,0.0365006415056973,356.9034665177465,0.0,distrust,0.9799709355791578,pass,1.4024437961406413,fail,0.05037341142053642,pass,0.2326779813688112,pass,0.06435670924552586,0.09472877261169327,1.5530320904151564,False,below,ab_fallback,ab_test,False
practitioner,19,low_overlap_b2,low_overlap-b2-1009,1009,snips,0.6452780453979335,0.5963611455760637,0.6934567171128001,,0.8394467361819391,0.0365006415056973,356.9034665177465,0.0,distrust,0.9799709355791578,pass,1.4024437961406413,fail,0.05037341142053642,pass,0.2326779813688112,pass,0.06435670924552586,0.09472877261169327,1.5530320904151564,False,below,ab_fallback,ab_test,False
practitioner,19,low_overlap_b2,low_overlap-b2-1009,1009,clipped_ips,0.49513605237313024,0.4864081003438007,0.5047675727486842,1.3375563623759186,0.8394467361819391,0.0365006415056973,356.9034665177465,0.0,distrust,0.9799709355791578,pass,1.4024437961406413,fail,0.05037341142053642,pass,0.2326779813688112,pass,0.06435670924552586,0.09472877261169327,1.5530320904151564,False,below,ab_fallback,ab_test,False
practitioner,19,low_overlap_b2,low_overlap-b2-1009,1009,dm,0.7149935849856158,0.7128180997131875,0.7171964545857955,,0.8394467361819391,0.0365006415056973,356.9034665177465,0.0,distrust,0.9799709355791578,pass,1.4024437961406413,fail,0.05037341142053642,pass,0.2326779813688112,pass,0.06435670924552586,0.09472877261169327,1.5530320904151564,False,below,ab_fallback,ab_test,False
practitioner,19,low_overlap_b2,low_overlap-b2-1009,1009,dr,0.65063687574009,0.6066056274373642,0.6859178438237893,,0.8394467361819391,0.0365006415056973,356.9034665177465,0.0,distrust,0.9799709355791578,pass,1.4024437961406413,fail,0.05037341142053642,pass,0.2326779813688112,pass,0.06435670924552586,0.09472877261169327,1.5530320904151564,False,below,ab_fallback,ab_test,False
practitioner,19,low_overlap_b2,low_overlap-b2-1009,1009,switch_dr,0.7101409501369762,0.7017123832111957,0.7196024098396006,2.2106919567714525,0.8394467361819391,0.0365006415056973,356.9034665177465,0.0,distrust,0.9799709355791578,pass,1.4024437961406413,fail,0.05037341142053642,pass,0.2326779813688112,pass,0.06435670924552586,0.09472877261169327,1.5530320904151564,False,below,ab_fallback,ab_test,False
practitioner,19,low_overlap_b2,low_overlap-b2-1009,1009,dros,0.7124152107904609,0.7068553530085412,0.7186963080473426,1.7890570225322997,0.8394467361819391,0.0365006415056973,356.9034665177465,0.0,distrust,0.9799709355791578,pass,1.4024437961406413,fail,0.05037341142053642,pass,0.2326779813688112,pass,0.06435670924552586,0.09472877261169327,1.5530320904151564,False,below,ab_fallback,ab_test,False
practitioner,19,low_overlap_b8,low_overlap-b8-1009,1009,ips,0.7765103206797427,0.7566393913266887,0.797415453894474,,0.8394467361819391,0.41019154096074967,34.79238847861085,0.0,trust,0.9755310341694697,pass,1.4024437961406413,fail,0.007078673762561601,pass,0.11182948905084313,pass,0.03644394514986254,0.025377162278128626,1.1076746349974786,False,below,ab_fallback,ab_test,True
practitioner,19,low_overlap_b8,low_overlap-b8-1009,1009,snips,0.7959873068936595,0.7732424001658735,0.819373483525315,,0.8394467361819391,0.41019154096074967,34.79238847861085,0.0,trust,0.9755310341694697,pass,1.4024437961406413,fail,0.007078673762561601,pass,0.11182948905084313,pass,0.03644394514986254,0.025377162278128626,1.1076746349974786,False,below,ab_fallback,ab_test,True
practitioner,19,low_overlap_b8,low_overlap-b8-1009,1009,clipped_ips,0.7069724530727849,0.6932495445983359,0.7216891156592665,1.6011276960739167,0.8394467361819391,0.41019154096074967,34.79238847861085,0.0,trust,0.9755310341694697,pass,1.4024437961406413,fail,0.007078673762561601,pass,0.11182948905084313,pass,0.03644394514986254,0.025377162278128626,1.1076746349974786,False,below,ab_fallback,ab_test,True
practitioner,19,low_overlap_b8,low_overlap-b8-1009,1009,dm,0.8275661778444583,0.8246764608449833,0.8305227441259835,,0.8394467361819391,0.41019154096074967,34.79238847861085,0.0,trust,0.9755310341694697,pass,1.4024437961406413,fail,0.007078673762561601,pass,0.11182948905084313,pass,0.03644394514986254,0.025377162278128626,1.1076746349974786,False,below,ab_fallback,ab_test,True
practitioner,19,low_overlap_b8,low_overlap-b8-1009,1009,dr,0.7911222326945958,0.7715505543578718,0.8106983066052056,,0.8394467361819391,0.41019154096074967,34.79238847861085,0.0,trust,0.9755310341694697,pass,1.4024437961406413,fail,0.007078673762561601,pass,0.11182948905084313,pass,0.03644394514986254,0.025377162278128626,1.1076746349974786,False,below,ab_fallback,ab_test,True
practitioner,19,low_overlap_b8,low_overlap-b8-1009,1009,switch_dr,0.8234032416624221,0.8125802023738089,0.834339731185555,2.061725550390206,0.8394467361819391,0.41019154096074967,34.79238847861085,0.0,trust,0.9755310341694697,pass,1.4024437961406413,fail,0.007078673762561601,pass,0.11182948905084313,pass,0.03644394514986254,0.025377162278128626,1.1076746349974786,False,below,ab_fallback,ab_test,True
practitioner,19,low_overlap_b8,low_overlap-b8-1009,1009,dros,0.8242605078311702,0.8169263442052157,0.8321190607545065,2.5636098991349687,0.8394467361819391,0.41019154096074967,34.79238847861085,0.0,trust,0.9755310341694697,pass,1.4024437961406413,fail,0.007078673762561601,pass,0.11182948905084313,pass,0.03644394514986254,0.025377162278128626,1.1076746349974786,False,below,ab_fallback,ab_test,True
practitioner,19,low_overlap_b-2,low_overlap-b-2-1010,1010,ips,0.4274162801603658,0.3485898333233288,0.499689930691156,,0.8473885566500616,0.010988317480518381,506.77064133713725,0.0,distrust,0.9786685287710324,pass,1.6552703518690497,pass,-0.019068616023714086,pass,0.420672647448731,pass,0.16484127735863194,0.3450103755904537,2.496105418735651,False,below,distrust,ab_test,False
practitioner,19,low_overlap_b-2,low_overlap-b-2-1010,1010,snips,0.43673242532596385,0.32883442461609436,0.5573598112508685,,0.8473885566500616,0.010988317480518381,506.77064133713725,0.0,distrust,0.9786685287710324,pass,1.6552703518690497,pass,-0.019068616023714086,pass,0.420672647448731,pass,0.16484127735863194,0.3450103755904537,2.496105418735651,False,below,distrust,ab_test,False
practitioner,19,low_overlap_b-2,low_overlap-b-2-1010,1010,clipped_ips,0.2530110397373854,0.24703937331877562,0.260205216091016,1.028824711448333,0.8473885566500616,0.010988317480518381,506.77064133713725,0.0,distrust,0.9786685287710324,pass,1.6552703518690497,pass,-0.019068616023714086,pass,0.420672647448731,pass,0.16484127735863194,0.3450103755904537,2.496105418735651,False,below,distrust,ab_test,False
practitioner,19,low_overlap_b-2,low_overlap-b-2-1010,1010,dm,0.595488301345623,0.5927654908384955,0.5979133286034082,,0.8473885566500616,0.010988317480518381,506.77064133713725,0.0,distrust,0.9786685287710324,pass,1.6552703518690497,pass,-0.019068616023714086,pass,0.420672647448731,pass,0.16484127735863194,0.3450103755904537,2.496105418735651,False,below,distrust,ab_test,False
practitioner,19,low_overlap_b-2,low_overlap-b-2-1010,1010,dr,0.43064702398699106,0.29737994443173527,0.5386768795983531,,0.8473885566500616,0.010988317480518381,506.77064133713725,0.0,distrust,0.9786685287710324,pass,1.6552703518690497,pass,-0.019068616023714086,pass,0.420672647448731,pass,0.16484127735863194,0.3450103755904537,2.496105418735651,False,below,distrust,ab_test,False
practitioner,19,low_overlap_b-2,low_overlap-b-2-1010,1010,switch_dr,0.5912783757272152,0.5859663123180339,0.5969432711449363,2.206368302816314,0.8473885566500616,0.010988317480518381,506.77064133713725,0.0,distrust,0.9786685287710324,pass,1.6552703518690497,pass,-0.019068616023714086,pass,0.420672647448731,pass,0.16484127735863194,0.3450103755904537,2.496105418735651,False,below,distrust,ab_test,False
practitioner,19,low_overlap_b-2,low_overlap-b-2-1010,1010,dros,0.5949587006129541,0.5909673117755261,0.5990058910948294,1.0584802868867458,0.8473885566500616,0.010988317480518381,506.77064133713725,0.0,distrust,0.9786685287710324,pass,1.6552703518690497,pass,-0.019068616023714086,pass,0.420672647448731,pass,0.16484127735863194,0.3450103755904537,2.496105418735651,False,below,distrust,ab_test,False
practitioner,19,low_overlap_b2,low_overlap-b2-1010,1010,ips,0.6131347752979466,0.5693658681503468,0.6583927395358153,,0.8473885566500616,0.038803173697557855,310.7489335093535,0.0,distrust,1.0127515520330708,pass,1.6552703518690497,pass,-0.0058267970588616845,pass,0.22110273835899172,pass,0.10460867347518867,0.22181015126068504,1.7048037512891738,False,below,distrust,ab_test,False
practitioner,19,low_overlap_b2,low_overlap-b2-1010,1010,snips,0.6054147970122539,0.5278482797907241,0.6829496021227679,,0.8473885566500616,0.038803173697557855,310.7489335093535,0.0,distrust,1.0127515520330708,pass,1.6552703518690497,pass,-0.0058267970588616845,pass,0.22110273835899172,pass,0.10460867347518867,0.22181015126068504,1.7048037512891738,False,below,distrust,ab_test,False
practitioner,19,low_overlap_b2,low_overlap-b2-1010,1010,clipped_ips,0.47927590583548413,0.47040027489930375,0.4888680864850787,1.3187708508710936,0.8473885566500616,0.038803173697557855,310.7489335093535,0.0,distrust,1.0127515520330708,pass,1.6552703518690497,pass,-0.0058267970588616845,pass,0.22110273835899172,pass,0.10460867347518867,0.22181015126068504,1.7048037512891738,False,below,distrust,ab_test,False
practitioner,19,low_overlap_b2,low_overlap-b2-1010,1010,dm,0.7086557837324083,0.7063662245791533,0.7109568976924259,,0.8473885566500616,0.038803173697557855,310.7489335093535,0.0,distrust,1.0127515520330708,pass,1.6552703518690497,pass,-0.0058267970588616845,pass,0.22110273835899172,pass,0.10460867347518867,0.22181015126068504,1.7048037512891738,False,below,distrust,ab_test,False
practitioner,19,low_overlap_b2,low_overlap-b2-1010,1010,dr,0.6040471102572197,0.5244729792293501,0.6680458637069668,,0.8473885566500616,0.038803173697557855,310.7489335093535,0.0,distrust,1.0127515520330708,pass,1.6552703518690497,pass,-0.0058267970588616845,pass,0.22110273835899172,pass,0.10460867347518867,0.22181015126068504,1.7048037512891738,False,below,distrust,ab_test,False
practitioner,19,low_overlap_b2,low_overlap-b2-1010,1010,switch_dr,0.704986805182212,0.6974579731256044,0.7138200437829774,2.3239642684271136,0.8473885566500616,0.038803173697557855,310.7489335093535,0.0,distrust,1.0127515520330708,pass,1.6552703518690497,pass,-0.0058267970588616845,pass,0.22110273835899172,pass,0.10460867347518867,0.22181015126068504,1.7048037512891738,False,below,distrust,ab_test,False
practitioner,19,low_overlap_b2,low_overlap-b2-1010,1010,dros,0.7070581380351748,0.7010242141258708,0.7125929063735723,1.7391565571072682,0.8473885566500616,0.038803173697557855,310.7489335093535,0.0,distrust,1.0127515520330708,pass,1.6552703518690497,pass,-0.0058267970588616845,pass,0.22110273835899172,pass,0.10460867347518867,0.22181015126068504,1.7048037512891738,False,below,distrust,ab_test,False
practitioner,19,low_overlap_b8,low_overlap-b8-1010,1010,ips,0.7725265821821163,0.7467916845730067,0.801300901422492,,0.8473885566500616,0.3425424988229724,39.519219118949465,0.0,trust,0.9786268710101111,pass,1.6552703518690497,pass,-0.013675556774456225,pass,0.12163126950742043,pass,0.03758359087153702,0.027011193259033735,1.1448540621205718,False,below,trust,no_go,True
practitioner,19,low_overlap_b8,low_overlap-b8-1010,1010,snips,0.7893984981065727,0.7647983552758177,0.8140128284965765,,0.8473885566500616,0.3425424988229724,39.519219118949465,0.0,trust,0.9786268710101111,pass,1.6552703518690497,pass,-0.013675556774456225,pass,0.12163126950742043,pass,0.03758359087153702,0.027011193259033735,1.1448540621205718,False,below,trust,no_go,True
practitioner,19,low_overlap_b8,low_overlap-b8-1010,1010,clipped_ips,0.6933829566346192,0.6795494496336715,0.7074367905955331,1.5972342374560418,0.8473885566500616,0.3425424988229724,39.519219118949465,0.0,trust,0.9786268710101111,pass,1.6552703518690497,pass,-0.013675556774456225,pass,0.12163126950742043,pass,0.03758359087153702,0.027011193259033735,1.1448540621205718,False,below,trust,no_go,True
practitioner,19,low_overlap_b8,low_overlap-b8-1010,1010,dm,0.8182019736846119,0.8151089828222774,0.8212864863754306,,0.8473885566500616,0.3425424988229724,39.519219118949465,0.0,trust,0.9786268710101111,pass,1.6552703518690497,pass,-0.013675556774456225,pass,0.12163126950742043,pass,0.03758359087153702,0.027011193259033735,1.1448540621205718,False,below,trust,no_go,True
practitioner,19,low_overlap_b8,low_overlap-b8-1010,1010,dr,0.7806183828130748,0.7598194255902503,0.8017049125713179,,0.8473885566500616,0.3425424988229724,39.519219118949465,0.0,trust,0.9786268710101111,pass,1.6552703518690497,pass,-0.013675556774456225,pass,0.12163126950742043,pass,0.03758359087153702,0.027011193259033735,1.1448540621205718,False,below,trust,no_go,True
practitioner,19,low_overlap_b8,low_overlap-b8-1010,1010,switch_dr,0.8153370354773741,0.8032444111525504,0.8264798138687268,2.1206804446277934,0.8473885566500616,0.3425424988229724,39.519219118949465,0.0,trust,0.9786268710101111,pass,1.6552703518690497,pass,-0.013675556774456225,pass,0.12163126950742043,pass,0.03758359087153702,0.027011193259033735,1.1448540621205718,False,below,trust,no_go,True
practitioner,19,low_overlap_b8,low_overlap-b8-1010,1010,dros,0.8155904088374276,0.8076566621059034,0.8232905028322004,2.5511572093017834,0.8473885566500616,0.3425424988229724,39.519219118949465,0.0,trust,0.9786268710101111,pass,1.6552703518690497,pass,-0.013675556774456225,pass,0.12163126950742043,pass,0.03758359087153702,0.027011193259033735,1.1448540621205718,False,below,trust,no_go,True
practitioner,19,low_overlap_b-2,low_overlap-b-2-1011,1011,ips,0.41895863334025807,0.36349662927123433,0.47815903086214023,,0.8329514205591565,0.02239815873815401,318.8237484958236,0.0,distrust,0.8625592816013543,pass,0.7898122516727797,pass,0.04909204011467687,pass,0.46537799751444486,pass,0.09641590508665987,0.09443428578512202,2.1695117009926244,False,below,distrust,ab_test,False
practitioner,19,low_overlap_b-2,low_overlap-b-2-1011,1011,snips,0.4857157557477731,0.4076693032760367,0.5562633885956875,,0.8329514205591565,0.02239815873815401,318.8237484958236,0.0,distrust,0.8625592816013543,pass,0.7898122516727797,pass,0.04909204011467687,pass,0.46537799751444486,pass,0.09641590508665987,0.09443428578512202,2.1695117009926244,False,below,distrust,ab_test,False
practitioner,19,low_overlap_b-2,low_overlap-b-2-1011,1011,clipped_ips,0.25967432997665923,0.252509751348528,0.26681783815990484,1.1261680001963168,0.8329514205591565,0.02239815873815401,318.8237484958236,0.0,distrust,0.8625592816013543,pass,0.7898122516727797,pass,0.04909204011467687,pass,0.46537799751444486,pass,0.09641590508665987,0.09443428578512202,2.1695117009926244,False,below,distrust,ab_test,False
practitioner,19,low_overlap_b-2,low_overlap-b-2-1011,1011,dm,0.5513374352449366,0.5485789939075921,0.5540750192370878,,0.8329514205591565,0.02239815873815401,318.8237484958236,0.0,distrust,0.8625592816013543,pass,0.7898122516727797,pass,0.04909204011467687,pass,0.46537799751444486,pass,0.09641590508665987,0.09443428578512202,2.1695117009926244,False,below,distrust,ab_test,False
practitioner,19,low_overlap_b-2,low_overlap-b-2-1011,1011,dr,0.45492153015827674,0.3681766164050887,0.5237825675287826,,0.8329514205591565,0.02239815873815401,318.8237484958236,0.0,distrust,0.8625592816013543,pass,0.7898122516727797,pass,0.04909204011467687,pass,0.46537799751444486,pass,0.09641590508665987,0.09443428578512202,2.1695117009926244,False,below,distrust,ab_test,False
practitioner,19,low_overlap_b-2,low_overlap-b-2-1011,1011,switch_dr,0.5513004305935674,0.5452214060881065,0.558176907932743,2.2032525948195345,0.8329514205591565,0.02239815873815401,318.8237484958236,0.0,distrust,0.8625592816013543,pass,0.7898122516727797,pass,0.04909204011467687,pass,0.46537799751444486,pass,0.09641590508665987,0.09443428578512202,2.1695117009926244,False,below,distrust,ab_test,False
practitioner,19,low_overlap_b-2,low_overlap-b-2-1011,1011,dros,0.5509326207302964,0.5463145969768005,0.55577266359651,1.2682543646661715,0.8329514205591565,0.02239815873815401,318.8237484958236,0.0,distrust,0.8625592816013543,pass,0.7898122516727797,pass,0.04909204011467687,pass,0.46537799751444486,pass,0.09641590508665987,0.09443428578512202,2.1695117009926244,False,below,distrust,ab_test,False
practitioner,19,low_overlap_b2,low_overlap-b2-1011,1011,ips,0.5910776945335882,0.5556056385731096,0.6273105957196222,,0.8329514205591565,0.06683104460676038,185.3441236044289,0.0,distrust,0.9851766827056221,pass,0.7898122516727797,pass,0.02777583098921672,pass,0.20794265592097275,pass,0.08309643986770451,0.048081956337236234,1.6596141307520105,False,below,distrust,ab_test,False
practitioner,19,low_overlap_b2,low_overlap-b2-1011,1011,snips,0.5999712588713455,0.5486309290546177,0.6486902358173902,,0.8329514205591565,0.06683104460676038,185.3441236044289,0.0,distrust,0.9851766827056221,pass,0.7898122516727797,pass,0.02777583098921672,pass,0.20794265592097275,pass,0.08309643986770451,0.048081956337236234,1.6596141307520105,False,below,distrust,ab_test,False
practitioner,19,low_overlap_b2,low_overlap-b2-1011,1011,clipped_ips,0.47521164182538844,0.4658167363309538,0.48508167870429475,1.3659939467956572,0.8329514205591565,0.06683104460676038,185.3441236044289,0.0,distrust,0.9851766827056221,pass,0.7898122516727797,pass,0.02777583098921672,pass,0.20794265592097275,pass,0.08309643986770451,0.048081956337236234,1.6596141307520105,False,below,distrust,ab_test,False
practitioner,19,low_overlap_b2,low_overlap-b2-1011,1011,dm,0.6752095263163748,0.6728376466308829,0.6777772901104916,,0.8329514205591565,0.06683104460676038,185.3441236044289,0.0,distrust,0.9851766827056221,pass,0.7898122516727797,pass,0.02777583098921672,pass,0.20794265592097275,pass,0.08309643986770451,0.048081956337236234,1.6596141307520105,False,below,distrust,ab_test,False
practitioner,19,low_overlap_b2,low_overlap-b2-1011,1011,dr,0.5921130864486702,0.5422785149166012,0.6372354391721241,,0.8329514205591565,0.06683104460676038,185.3441236044289,0.0,distrust,0.9851766827056221,pass,0.7898122516727797,pass,0.02777583098921672,pass,0.20794265592097275,pass,0.08309643986770451,0.048081956337236234,1.6596141307520105,False,below,distrust,ab_test,False
practitioner,19,low_overlap_b2,low_overlap-b2-1011,1011,switch_dr,0.6747490291910353,0.6667668235647973,0.6837224325811513,2.4104084898288227,0.8329514205591565,0.06683104460676038,185.3441236044289,0.0,distrust,0.9851766827056221,pass,0.7898122516727797,pass,0.02777583098921672,pass,0.20794265592097275,pass,0.08309643986770451,0.048081956337236234,1.6596141307520105,False,below,distrust,ab_test,False
practitioner,19,low_overlap_b2,low_overlap-b2-1011,1011,dros,0.6740627433196738,0.6678875393907199,0.6807000614119946,1.8659394626823769,0.8329514205591565,0.06683104460676038,185.3441236044289,0.0,distrust,0.9851766827056221,pass,0.7898122516727797,pass,0.02777583098921672,pass,0.20794265592097275,pass,0.08309643986770451,0.048081956337236234,1.6596141307520105,False,below,distrust,ab_test,False
practitioner,19,low_overlap_b8,low_overlap-b8-1011,1011,ips,0.7307327781585494,0.7076262455410133,0.7519539236048838,,0.8329514205591565,0.18942337293022468,77.2360749244556,0.0,trust,1.0188882405872426,pass,0.7898122516727797,pass,-0.0010556707939578557,pass,0.08807018853132022,pass,0.0635448478389136,0.021250841672008462,1.2878187237591132,False,below,trust,no_go,True
practitioner,19,low_overlap_b8,low_overlap-b8-1011,1011,snips,0.7171863890954194,0.6768115669434449,0.7552752877659479,,0.8329514205591565,0.18942337293022468,77.2360749244556,0.0,trust,1.0188882405872426,pass,0.7898122516727797,pass,-0.0010556707939578557,pass,0.08807018853132022,pass,0.0635448478389136,0.021250841672008462,1.2878187237591132,False,below,trust,no_go,True
practitioner,19,low_overlap_b8,low_overlap-b8-1011,1011,clipped_ips,0.6675700376588191,0.6542606391027258,0.6803998138748694,1.5872293977613778,0.8329514205591565,0.18942337293022468,77.2360749244556,0.0,trust,1.0188882405872426,pass,0.7898122516727797,pass,-0.0010556707939578557,pass,0.08807018853132022,pass,0.0635448478389136,0.021250841672008462,1.2878187237591132,False,below,trust,no_go,True
practitioner,19,low_overlap_b8,low_overlap-b8-1011,1011,dm,0.7876865920555634,0.78420761096728,0.7908939239500421,,0.8329514205591565,0.18942337293022468,77.2360749244556,0.0,trust,1.0188882405872426,pass,0.7898122516727797,pass,-0.0010556707939578557,pass,0.08807018853132022,pass,0.0635448478389136,0.021250841672008462,1.2878187237591132,False,below,trust,no_go,True
practitioner,19,low_overlap_b8,low_overlap-b8-1011,1011,dr,0.7241417442166498,0.6913263440314348,0.7516565149865073,,0.8329514205591565,0.18942337293022468,77.2360749244556,0.0,trust,1.0188882405872426,pass,0.7898122516727797,pass,-0.0010556707939578557,pass,0.08807018853132022,pass,0.0635448478389136,0.021250841672008462,1.2878187237591132,False,below,trust,no_go,True
practitioner,19,low_overlap_b8,low_overlap-b8-1011,1011,switch_dr,0.7855667929403385,0.7741957186227169,0.7965490707649712,2.1291770767233134,0.8329514205591565,0.18942337293022468,77.2360749244556,0.0,trust,1.0188882405872426,pass,0.7898122516727797,pass,-0.0010556707939578557,pass,0.08807018853132022,pass,0.0635448478389136,0.021250841672008462,1.2878187237591132,False,below,trust,no_go,True
practitioner,19,low_overlap_b8,low_overlap-b8-1011,1011,dros,0.7852994552697037,0.7767998775363487,0.7936102037463316,2.519297161117946,0.8329514205591565,0.18942337293022468,77.2360749244556,0.0,trust,1.0188882405872426,pass,0.7898122516727797,pass,-0.0010556707939578557,pass,0.08807018853132022,pass,0.0635448478389136,0.021250841672008462,1.2878187237591132,False,below,trust,no_go,True
practitioner,19,low_overlap_b-2,low_overlap-b-2-1012,1012,ips,0.5796429875239589,0.4124133744642911,0.8025831552273889,,0.8446769623712366,0.008224387928472451,723.0216598130554,0.0,ab_fallback,1.091973045259227,pass,1.5417248035890863,fail,0.09112223020061655,fail,0.609513141060502,fail,0.10997921343767822,0.32026977930033745,2.112346949199619,False,below,ab_fallback,ab_test,False
practitioner,19,low_overlap_b-2,low_overlap-b-2-1012,1012,snips,0.5308216993454775,0.4117981215131604,0.637132259044587,,0.8446769623712366,0.008224387928472451,723.0216598130554,0.0,ab_fallback,1.091973045259227,pass,1.5417248035890863,fail,0.09112223020061655,fail,0.609513141060502,fail,0.10997921343767822,0.32026977930033745,2.112346949199619,False,below,ab_fallback,ab_test,False
practitioner,19,low_overlap_b-2,low_overlap-b-2-1012,1012,clipped_ips,0.2561001862128235,0.24983228319166856,0.26294632355895825,1.0891494845321361,0.8446769623712366,0.008224387928472451,723.0216598130554,0.0,ab_fallback,1.091973045259227,pass,1.5417248035890863,fail,0.09112223020061655,fail,0.609513141060502,fail,0.10997921343767822,0.32026977930033745,2.112346949199619,False,below,ab_fallback,ab_test,False
practitioner,19,low_overlap_b-2,low_overlap-b-2-1012,1012,dm,0.6068827301110832,0.6046405077633745,0.6089602042600039,,0.8446769623712366,0.008224387928472451,723.0216598130554,0.0,ab_fallback,1.091973045259227,pass,1.5417248035890863,fail,0.09112223020061655,fail,0.609513141060502,fail,0.10997921343767822,0.32026977930033745,2.112346949199619,False,below,ab_fallback,ab_test,False
practitioner,19,low_overlap_b-2,low_overlap-b-2-1012,1012,dr,0.49690351667340493,0.34417038539656636,0.6385898752243455,,0.8446769623712366,0.008224387928472451,723.0216598130554,0.0,ab_fallback,1.091973045259227,pass,1.5417248035890863,fail,0.09112223020061655,fail,0.609513141060502,fail,0.10997921343767822,0.32026977930033745,2.112346949199619,False,below,ab_fallback,ab_test,False
practitioner,19,low_overlap_b-2,low_overlap-b-2-1012,1012,switch_dr,0.6048667655090193,0.5987211091826757,0.6113282713401524,2.370643669478442,0.8446769623712366,0.008224387928472451,723.0216598130554,0.0,ab_fallback,1.091973045259227,pass,1.5417248035890863,fail,0.09112223020061655,fail,0.609513141060502,fail,0.10997921343767822,0.32026977930033745,2.112346949199619,False,below,ab_fallback,ab_test,False
practitioner,19,low_overlap_b-2,low_overlap-b-2-1012,1012,dros,0.606543627002678,0.6025329823711003,0.6102905417039449,1.1862465996566178,0.8446769623712366,0.008224387928472451,723.0216598130554,0.0,ab_fallback,1.091973045259227,pass,1.5417248035890863,fail,0.09112223020061655,fail,0.609513141060502,fail,0.10997921343767822,0.32026977930033745,2.112346949199619,False,below,ab_fallback,ab_test,False
practitioner,19,low_overlap_b2,low_overlap-b2-1012,1012,ips,0.6375495926238575,0.5616497355984148,0.7250634979780161,,0.8446769623712366,0.02864246711598234,267.9777632165788,0.0,distrust,1.1037297317619368,pass,1.5417248035890863,fail,0.035114288489129473,pass,0.2713717427608721,pass,0.15234909980670552,0.18864204492925707,1.7896056144495838,False,below,ab_fallback,ab_test,False
practitioner,19,low_overlap_b2,low_overlap-b2-1012,1012,snips,0.5776319820669381,0.4716696804058411,0.6644340155955614,,0.8446769623712366,0.02864246711598234,267.9777632165788,0.0,distrust,1.1037297317619368,pass,1.5417248035890863,fail,0.035114288489129473,pass,0.2713717427608721,pass,0.15234909980670552,0.18864204492925707,1.7896056144495838,False,below,ab_fallback,ab_test,False
practitioner,19,low_overlap_b2,low_overlap-b2-1012,1012,clipped_ips,0.48079659497593563,0.47206539390856084,0.4901515566045536,1.3294263508665416,0.8446769623712366,0.02864246711598234,267.9777632165788,0.0,distrust,1.1037297317619368,pass,1.5417248035890863,fail,0.035114288489129473,pass,0.2713717427608721,pass,0.15234909980670552,0.18864204492925707,1.7896056144495838,False,below,ab_fallback,ab_test,False
practitioner,19,low_overlap_b2,low_overlap-b2-1012,1012,dm,0.7207852323793797,0.7187950370225621,0.7229448636304486,,0.8446769623712366,0.02864246711598234,267.9777632165788,0.0,distrust,1.1037297317619368,pass,1.5417248035890863,fail,0.035114288489129473,pass,0.2713717427608721,pass,0.15234909980670552,0.18864204492925707,1.7896056144495838,False,below,ab_fallback,ab_test,False
practitioner,19,low_overlap_b2,low_overlap-b2-1012,1012,dr,0.5684361325726742,0.4372468236628418,0.6587286651543012,,0.8446769623712366,0.02864246711598234,267.9777632165788,0.0,distrust,1.1037297317619368,pass,1.5417248035890863,fail,0.035114288489129473,pass,0.2713717427608721,pass,0.15234909980670552,0.18864204492925707,1.7896056144495838,False,below,ab_fallback,ab_test,False
practitioner,19,low_overlap_b2,low_overlap-b2-1012,1012,switch_dr,0.7180942114369385,0.709781537437673,0.7268166019276852,2.221542826242682,0.8446769623712366,0.02864246711598234,267.9777632165788,0.0,distrust,1.1037297317619368,pass,1.5417248035890863,fail,0.035114288489129473,pass,0.2713717427608721,pass,0.15234909980670552,0.18864204492925707,1.7896056144495838,False,below,ab_fallback,ab_test,False
practitioner,19,low_overlap_b2,low_overlap-b2-1012,1012,dros,0.720212076240574,0.7147492489649337,0.7261082847460998,1.767374422378329,0.8446769623712366,0.02864246711598234,267.9777632165788,0.0,distrust,1.1037297317619368,pass,1.5417248035890863,fail,0.035114288489129473,pass,0.2713717427608721,pass,0.15234909980670552,0.18864204492925707,1.7896056144495838,False,below,ab_fallback,ab_test,False
practitioner,19,low_overlap_b8,low_overlap-b8-1012,1012,ips,0.7386687187555071,0.6710177530888995,0.798051817913252,,0.8446769623712366,0.03763987558007599,402.2363745763972,0.0,distrust,1.0961857013229495,pass,1.5417248035890863,fail,-0.009336979147742905,pass,0.11912660027244824,pass,0.13138555951095876,0.11016516726451059,1.4338179122516286,False,below,ab_fallback,ab_test,True
practitioner,19,low_overlap_b8,low_overlap-b8-1012,1012,snips,0.6738536343468381,0.553378252477567,0.7631689820531399,,0.8446769623712366,0.03763987558007599,402.2363745763972,0.0,distrust,1.0961857013229495,pass,1.5417248035890863,fail,-0.009336979147742905,pass,0.11912660027244824,pass,0.13138555951095876,0.11016516726451059,1.4338179122516286,False,below,ab_fallback,ab_test,True
practitioner,19,low_overlap_b8,low_overlap-b8-1012,1012,clipped_ips,0.6583948262145348,0.6454428610601357,0.6707570940633542,1.5742874727491918,0.8446769623712366,0.03763987558007599,402.2363745763972,0.0,distrust,1.0961857013229495,pass,1.5417248035890863,fail,-0.009336979147742905,pass,0.11912660027244824,pass,0.13138555951095876,0.11016516726451059,1.4338179122516286,False,below,ab_fallback,ab_test,True
practitioner,19,low_overlap_b8,low_overlap-b8-1012,1012,dm,0.8125737633524416,0.8096853532139647,0.8154992440910745,,0.8446769623712366,0.03763987558007599,402.2363745763972,0.0,distrust,1.0961857013229495,pass,1.5417248035890863,fail,-0.009336979147742905,pass,0.11912660027244824,pass,0.13138555951095876,0.11016516726451059,1.4338179122516286,False,below,ab_fallback,ab_test,True
practitioner,19,low_overlap_b8,low_overlap-b8-1012,1012,dr,0.6811882038414828,0.545571016497812,0.7665243241087474,,0.8446769623712366,0.03763987558007599,402.2363745763972,0.0,distrust,1.0961857013229495,pass,1.5417248035890863,fail,-0.009336979147742905,pass,0.11912660027244824,pass,0.13138555951095876,0.11016516726451059,1.4338179122516286,False,below,ab_fallback,ab_test,True
practitioner,19,low_overlap_b8,low_overlap-b8-1012,1012,switch_dr,0.8134421829909966,0.8033115276683747,0.8236636971401151,2.119312754817143,0.8446769623712366,0.03763987558007599,402.2363745763972,0.0,distrust,1.0961857013229495,pass,1.5417248035890863,fail,-0.009336979147742905,pass,0.11912660027244824,pass,0.13138555951095876,0.11016516726451059,1.4338179122516286,False,below,ab_fallback,ab_test,True
practitioner,19,low_overlap_b8,low_overlap-b8-1012,1012,dros,0.8123584565948703,0.8046214095353068,0.819676342177893,2.4783810468550374,0.8446769623712366,0.03763987558007599,402.2363745763972,0.0,distrust,1.0961857013229495,pass,1.5417248035890863,fail,-0.009336979147742905,pass,0.11912660027244824,pass,0.13138555951095876,0.11016516726451059,1.4338179122516286,False,below,ab_fallback,ab_test,True
practitioner,19,low_overlap_b-2,low_overlap-b-2-1013,1013,ips,0.452955908032916,0.3618934728903059,0.5471451819248507,,0.8409398997752435,0.013083896904647573,338.2981409633073,0.0,distrust,0.9847599705700509,pass,1.4924758947606078,fail,-0.024220342983348863,pass,0.4396973477355082,pass,0.12172080129248247,0.1827852216132967,2.4236065023973627,False,below,ab_fallback,ab_test,False
practitioner,19,low_overlap_b-2,low_overlap-b-2-1013,1013,snips,0.45996580036728346,0.3331869269885568,0.5643876193933216,,0.8409398997752435,0.013083896904647573,338.2981409633073,0.0,distrust,0.9847599705700509,pass,1.4924758947606078,fail,-0.024220342983348863,pass,0.4396973477355082,pass,0.12172080129248247,0.1827852216132967,2.4236065023973627,False,below,ab_fallback,ab_test,False
practitioner,19,low_overlap_b-2,low_overlap-b-2-1013,1013,clipped_ips,0.2577200578967487,0.25066564660986823,0.26553028541939566,1.0660846947366374,0.8409398997752435,0.013083896904647573,338.2981409633073,0.0,distrust,0.9847599705700509,pass,1.4924758947606078,fail,-0.024220342983348863,pass,0.4396973477355082,pass,0.12172080129248247,0.1827852216132967,2.4236065023973627,False,below,ab_fallback,ab_test,False
practitioner,19,low_overlap_b-2,low_overlap-b-2-1013,1013,dm,0.5674155291741707,0.5649374631677213,0.5699273637329503,,0.8409398997752435,0.013083896904647573,338.2981409633073,0.0,distrust,0.9847599705700509,pass,1.4924758947606078,fail,-0.024220342983348863,pass,0.4396973477355082,pass,0.12172080129248247,0.1827852216132967,2.4236065023973627,False,below,ab_fallback,ab_test,False
practitioner,19,low_overlap_b-2,low_overlap-b-2-1013,1013,dr,0.44569472788168824,0.30602376233183287,0.5383555534844534,,0.8409398997752435,0.013083896904647573,338.2981409633073,0.0,distrust,0.9847599705700509,pass,1.4924758947606078,fail,-0.024220342983348863,pass,0.4396973477355082,pass,0.12172080129248247,0.1827852216132967,2.4236065023973627,False,below,ab_fallback,ab_test,False
practitioner,19,low_overlap_b-2,low_overlap-b-2-1013,1013,switch_dr,0.5661962662627849,0.560602958285878,0.5729000212900797,2.1037076217746375,0.8409398997752435,0.013083896904647573,338.2981409633073,0.0,distrust,0.9847599705700509,pass,1.4924758947606078,fail,-0.024220342983348863,pass,0.4396973477355082,pass,0.12172080129248247,0.1827852216132967,2.4236065023973627,False,below,ab_fallback,ab_test,False
practitioner,19,low_overlap_b-2,low_overlap-b-2-1013,1013,dros,0.567373774739832,0.5639664570141866,0.5721449328375139,1.1365365763517092,0.8409398997752435,0.013083896904647573,338.2981409633073,0.0,distrust,0.9847599705700509,pass,1.4924758947606078,fail,-0.024220342983348863,pass,0.4396973477355082,pass,0.12172080129248247,0.1827852216132967,2.4236065023973627,False,below,ab_fallback,ab_test,False
practitioner,19,low_overlap_b2,low_overlap-b2-1013,1013,ips,0.6215634766725183,0.5800169711962243,0.6689935191718379,,0.8409398997752435,0.05270266085960137,149.54758771563485,0.0,distrust,1.0058881224988683,pass,1.4924758947606078,fail,-0.016467392667600195,pass,0.21275132620249435,pass,0.07341215184256566,0.06480636753873427,1.6485820256074057,False,below,ab_fallback,ab_test,False
practitioner,19,low_overlap_b2,low_overlap-b2-1013,1013,snips,0.6179250582345132,0.5603646092396829,0.673807939012926,,0.8409398997752435,0.05270266085960137,149.54758771563485,0.0,distrust,1.0058881224988683,pass,1.4924758947606078,fail,-0.016467392667600195,pass,0.21275132620249435,pass,0.07341215184256566,0.06480636753873427,1.6485820256074057,False,below,ab_fallback,ab_test,False
practitioner,19,low_overlap_b2,low_overlap-b2-1013,1013,clipped_ips,0.4900991010393721,0.48142560139312185,0.5005311609573719,1.3682761087995878,0.8409398997752435,0.05270266085960137,149.54758771563485,0.0,distrust,1.0058881224988683,pass,1.4924758947606078,fail,-0.016467392667600195,pass,0.21275132620249435,pass,0.07341215184256566,0.06480636753873427,1.6485820256074057,False,below,ab_fallback,ab_test,False
practitioner,19,low_overlap_b2,low_overlap-b2-1013,1013,dm,0.697761139360026,0.6952422694500922,0.700284689271493,,0.8409398997752435,0.05270266085960137,149.54758771563485,0.0,distrust,1.0058881224988683,pass,1.4924758947606078,fail,-0.016467392667600195,pass,0.21275132620249435,pass,0.07341215184256566,0.06480636753873427,1.6485820256074057,False,below,ab_fallback,ab_test,False
practitioner,19,low_overlap_b2,low_overlap-b2-1013,1013,dr,0.6243489875174604,0.5786988098509656,0.667791471053931,,0.8409398997752435,0.05270266085960137,149.54758771563485,0.0,distrust,1.0058881224988683,pass,1.4924758947606078,fail,-0.016467392667600195,pass,0.21275132620249435,pass,0.07341215184256566,0.06480636753873427,1.6485820256074057,False,below,ab_fallback,ab_test,False
practitioner,19,low_overlap_b2,low_overlap-b2-1013,1013,switch_dr,0.6972741076108202,0.6895176446200105,0.7060628802269533,2.2753907005946257,0.8409398997752435,0.05270266085960137,149.54758771563485,0.0,distrust,1.0058881224988683,pass,1.4924758947606078,fail,-0.016467392667600195,pass,0.21275132620249435,pass,0.07341215184256566,0.06480636753873427,1.6485820256074057,False,below,ab_fallback,ab_test,False
practitioner,19,low_overlap_b2,low_overlap-b2-1013,1013,dros,0.6970151175333921,0.6916429772931356,0.7036398413213487,1.8721795099117415,0.8409398997752435,0.05270266085960137,149.54758771563485,0.0,distrust,1.0058881224988683,pass,1.4924758947606078,fail,-0.016467392667600195,pass,0.21275132620249435,pass,0.07341215184256566,0.06480636753873427,1.6485820256074057,False,below,ab_fallback,ab_test,False
practitioner,19,low_overlap_b8,low_overlap-b8-1013,1013,ips,0.76601128846611,0.7472262486089722,0.7851245368732492,,0.8409398997752435,0.38559043984147257,55.00138708834123,0.0,trust,0.9929764198701011,pass,1.4924758947606078,fail,-0.008654673939299785,pass,0.0776010763020402,pass,0.03942085212978577,0.012578179696854519,1.1734519180315892,False,below,ab_fallback,ab_test,True
practitioner,19,low_overlap_b8,low_overlap-b8-1013,1013,snips,0.7714294852704738,0.746831101968885,0.7951060098648822,,0.8409398997752435,0.38559043984147257,55.00138708834123,0.0,trust,0.9929764198701011,pass,1.4924758947606078,fail,-0.008654673939299785,pass,0.0776010763020402,pass,0.03942085212978577,0.012578179696854519,1.1734519180315892,False,below,ab_fallback,ab_test,True
practitioner,19,low_overlap_b8,low_overlap-b8-1013,1013,clipped_ips,0.7115657269223562,0.698999168516588,0.7249443188328516,1.6286653745532318,0.8409398997752435,0.38559043984147257,55.00138708834123,0.0,trust,0.9929764198701011,pass,1.4924758947606078,fail,-0.008654673939299785,pass,0.0776010763020402,pass,0.03942085212978577,0.012578179696854519,1.1734519180315892,False,below,ab_fallback,ab_test,True
practitioner,19,low_overlap_b8,low_overlap-b8-1013,1013,dm,0.8115402631054193,0.8085241565133026,0.8145344648338396,,0.8409398997752435,0.38559043984147257,55.00138708834123,0.0,trust,0.9929764198701011,pass,1.4924758947606078,fail,-0.008654673939299785,pass,0.0776010763020402,pass,0.03942085212978577,0.012578179696854519,1.1734519180315892,False,below,ab_fallback,ab_test,True
practitioner,19,low_overlap_b8,low_overlap-b8-1013,1013,dr,0.7721194109756335,0.7529623450831952,0.7915946218692482,,0.8409398997752435,0.38559043984147257,55.00138708834123,0.0,trust,0.9929764198701011,pass,1.4924758947606078,fail,-0.008654673939299785,pass,0.0776010763020402,pass,0.03942085212978577,0.012578179696854519,1.1734519180315892,False,below,ab_fallback,ab_test,True
practitioner,19,low_overlap_b8,low_overlap-b8-1013,1013,switch_dr,0.8073144949568735,0.7981558079448313,0.8190971594365453,2.116722383120999,0.8409398997752435,0.38559043984147257,55.00138708834123,0.0,trust,0.9929764198701011,pass,1.4924758947606078,fail,-0.008654673939299785,pass,0.0776010763020402,pass,0.03942085212978577,0.012578179696854519,1.1734519180315892,False,below,ab_fallback,ab_test,True
practitioner,19,low_overlap_b8,low_overlap-b8-1013,1013,dros,0.8092114146131427,0.8028183118963086,0.817553970614416,2.6525509022686187,0.8409398997752435,0.38559043984147257,55.00138708834123,0.0,trust,0.9929764198701011,pass,1.4924758947606078,fail,-0.008654673939299785,pass,0.0776010763020402,pass,0.03942085212978577,0.012578179696854519,1.1734519180315892,False,below,ab_fallback,ab_test,True
practitioner,19,low_overlap_b-2,low_overlap-b-2-1014,1014,ips,0.2744154305030505,-0.02466555127355262,0.4831770363858716,,0.8342783800020244,0.009498136754386644,645.7518243615608,0.0,ab_fallback,1.1848676314716655,pass,2.0196874183207707,pass,0.10934838799677524,pass,0.18486763147166546,pass,0.448725662648705,0.3725996135708548,3.1450647271103,False,below,ab_fallback,ab_test,False
practitioner,19,low_overlap_b-2,low_overlap-b-2-1014,1014,snips,0.23160007347167774,-0.018084156129323837,0.4522532633393524,,0.8342783800020244,0.009498136754386644,645.7518243615608,0.0,ab_fallback,1.1848676314716655,pass,2.0196874183207707,pass,0.10934838799677524,pass,0.18486763147166546,pass,0.448725662648705,0.3725996135708548,3.1450647271103,False,below,ab_fallback,ab_test,False
practitioner,19,low_overlap_b-2,low_overlap-b-2-1014,1014,clipped_ips,0.2561862385316954,0.24893048647927443,0.2633682436547815,1.0781702614047346,0.8342783800020244,0.009498136754386644,645.7518243615608,0.0,ab_fallback,1.1848676314716655,pass,2.0196874183207707,pass,0.10934838799677524,pass,0.18486763147166546,pass,0.448725662648705,0.3725996135708548,3.1450647271103,False,below,ab_fallback,ab_test,False
practitioner,19,low_overlap_b-2,low_overlap-b-2-1014,1014,dm,0.5709551641499397,0.568391898077442,0.5738830296613423,,0.8342783800020244,0.009498136754386644,645.7518243615608,0.0,ab_fallback,1.1848676314716655,pass,2.0196874183207707,pass,0.10934838799677524,pass,0.18486763147166546,pass,0.448725662648705,0.3725996135708548,3.1450647271103,False,below,ab_fallback,ab_test,False
practitioner,19,low_overlap_b-2,low_overlap-b-2-1014,1014,dr,0.12222950150123474,-0.36622915546605067,0.42604193408182334,,0.8342783800020244,0.009498136754386644,645.7518243615608,0.0,ab_fallback,1.1848676314716655,pass,2.0196874183207707,pass,0.10934838799677524,pass,0.18486763147166546,pass,0.448725662648705,0.3725996135708548,3.1450647271103,False,below,ab_fallback,ab_test,False
practitioner,19,low_overlap_b-2,low_overlap-b-2-1014,1014,switch_dr,0.5691617567848456,0.562317788570914,0.5756570463362662,2.1722560154530224,0.8342783800020244,0.009498136754386644,645.7518243615608,0.0,ab_fallback,1.1848676314716655,pass,2.0196874183207707,pass,0.10934838799677524,pass,0.18486763147166546,pass,0.448725662648705,0.3725996135708548,3.1450647271103,False,below,ab_fallback,ab_test,False
practitioner,19,low_overlap_b-2,low_overlap-b-2-1014,1014,dros,0.5705143771764464,0.5660059364544078,0.5751419405166434,1.1624511125775536,0.8342783800020244,0.009498136754386644,645.7518243615608,0.0,ab_fallback,1.1848676314716655,pass,2.0196874183207707,pass,0.10934838799677524,pass,0.18486763147166546,pass,0.448725662648705,0.3725996135708548,3.1450647271103,False,below,ab_fallback,ab_test,False
practitioner,19,low_overlap_b2,low_overlap-b2-1014,1014,ips,0.5603626040048102,0.424098436901286,0.7007101661632258,,0.8342783800020244,0.025848459708070336,352.2986812361101,0.0,distrust,1.132701836187782,pass,2.0196874183207707,pass,0.028207575053826102,pass,0.16776722765903457,pass,0.22013854440820144,0.21234803726304713,1.998180883280014,False,below,distrust,ab_test,False
practitioner,19,low_overlap_b2,low_overlap-b2-1014,1014,snips,0.4947132476546211,0.35432385108540726,0.604385842972676,,0.8342783800020244,0.025848459708070336,352.2986812361101,0.0,distrust,1.132701836187782,pass,2.0196874183207707,pass,0.028207575053826102,pass,0.16776722765903457,pass,0.22013854440820144,0.21234803726304713,1.998180883280014,False,below,distrust,ab_test,False
practitioner,19,low_overlap_b2,low_overlap-b2-1014,1014,clipped_ips,0.47736593395959703,0.4672756155414732,0.48741448861163256,1.32444056499312,0.8342783800020244,0.025848459708070336,352.2986812361101,0.0,distrust,1.132701836187782,pass,2.0196874183207707,pass,0.028207575053826102,pass,0.16776722765903457,pass,0.22013854440820144,0.21234803726304713,1.998180883280014,False,below,distrust,ab_test,False
practitioner,19,low_overlap_b2,low_overlap-b2-1014,1014,dm,0.6942197625548452,0.691827613308164,0.6967575367962744,,0.8342783800020244,0.025848459708070336,352.2986812361101,0.0,distrust,1.132701836187782,pass,2.0196874183207707,pass,0.028207575053826102,pass,0.16776722765903457,pass,0.22013854440820144,0.21234803726304713,1.998180883280014,False,below,distrust,ab_test,False
practitioner,19,low_overlap_b2,low_overlap-b2-1014,1014,dr,0.4740812181466437,0.27857568307310704,0.6047822675132793,,0.8342783800020244,0.025848459708070336,352.2986812361101,0.0,distrust,1.132701836187782,pass,2.0196874183207707,pass,0.028207575053826102,pass,0.16776722765903457,pass,0.22013854440820144,0.21234803726304713,1.998180883280014,False,below,distrust,ab_test,False
practitioner,19,low_overlap_b2,low_overlap-b2-1014,1014,switch_dr,0.6927091843537693,0.684753510363057,0.7002987266632772,2.3262268386494678,0.8342783800020244,0.025848459708070336,352.2986812361101,0.0,distrust,1.132701836187782,pass,2.0196874183207707,pass,0.028207575053826102,pass,0.16776722765903457,pass,0.22013854440820144,0.21234803726304713,1.998180883280014,False,below,distrust,ab_test,False
practitioner,19,low_overlap_b2,low_overlap-b2-1014,1014,dros,0.6929109918065641,0.6864632646036337,0.6986762483470554,1.7541428101992946,0.8342783800020244,0.025848459708070336,352.2986812361101,0.0,distrust,1.132701836187782,pass,2.0196874183207707,pass,0.028207575053826102,pass,0.16776722765903457,pass,0.22013854440820144,0.21234803726304713,1.998180883280014,False,below,distrust,ab_test,False
practitioner,19,low_overlap_b8,low_overlap-b8-1014,1014,ips,0.7665159146479622,0.7318769895556504,0.8159124322568904,,0.8342783800020244,0.17490018193350726,144.42934917990505,0.0,distrust,1.0206802420406484,pass,2.0196874183207707,pass,-0.0029387127129619495,pass,0.0817763429922631,pass,0.05696015429189943,0.051520245039786576,1.2081065468888696,False,below,distrust,ab_test,True
practitioner,19,low_overlap_b8,low_overlap-b8-1014,1014,snips,0.7509853557226356,0.7175776708021951,0.7801786689654704,,0.8342783800020244,0.17490018193350726,144.42934917990505,0.0,distrust,1.0206802420406484,pass,2.0196874183207707,pass,-0.0029387127129619495,pass,0.0817763429922631,pass,0.05696015429189943,0.051520245039786576,1.2081065468888696,False,below,distrust,ab_test,True
practitioner,19,low_overlap_b8,low_overlap-b8-1014,1014,clipped_ips,0.7051030786162212,0.6901744948831887,0.7197992190162069,1.6086316260809677,0.8342783800020244,0.17490018193350726,144.42934917990505,0.0,distrust,1.0206802420406484,pass,2.0196874183207707,pass,-0.0029387127129619495,pass,0.0817763429922631,pass,0.05696015429189943,0.051520245039786576,1.2081065468888696,False,below,distrust,ab_test,True
practitioner,19,low_overlap_b8,low_overlap-b8-1014,1014,dm,0.8152909097901682,0.812094123418894,0.8184912302219619,,0.8342783800020244,0.17490018193350726,144.42934917990505,0.0,distrust,1.0206802420406484,pass,2.0196874183207707,pass,-0.0029387127129619495,pass,0.0817763429922631,pass,0.05696015429189943,0.051520245039786576,1.2081065468888696,False,below,distrust,ab_test,True
practitioner,19,low_overlap_b8,low_overlap-b8-1014,1014,dr,0.7583307554982688,0.7281765211011855,0.7882627532711606,,0.8342783800020244,0.17490018193350726,144.42934917990505,0.0,distrust,1.0206802420406484,pass,2.0196874183207707,pass,-0.0029387127129619495,pass,0.0817763429922631,pass,0.05696015429189943,0.051520245039786576,1.2081065468888696,False,below,distrust,ab_test,True
practitioner,19,low_overlap_b8,low_overlap-b8-1014,1014,switch_dr,0.813006302420676,0.801474602596301,0.823438423574377,2.04518484000665,0.8342783800020244,0.17490018193350726,144.42934917990505,0.0,distrust,1.0206802420406484,pass,2.0196874183207707,pass,-0.0029387127129619495,pass,0.0817763429922631,pass,0.05696015429189943,0.051520245039786576,1.2081065468888696,False,below,distrust,ab_test,True
practitioner,19,low_overlap_b8,low_overlap-b8-1014,1014,dros,0.8131258166647997,0.8041832359012713,0.8206340925025123,2.587695708427898,0.8342783800020244,0.17490018193350726,144.42934917990505,0.0,distrust,1.0206802420406484,pass,2.0196874183207707,pass,-0.0029387127129619495,pass,0.0817763429922631,pass,0.05696015429189943,0.051520245039786576,1.2081065468888696,False,below,distrust,ab_test,True
practitioner,19,low_overlap_b-2,low_overlap-b-2-1015,1015,ips,0.35743436266818673,0.11618440861802036,0.498680735095177,,0.8353648598520699,0.006560105230178033,851.7143946093114,0.0,ab_fallback,1.0730829997283347,pass,1.8178138623004454,fail,0.1110440376227844,pass,0.312499746989236,pass,0.24304352554761266,0.1957045173846788,2.573438537942086,False,below,ab_fallback,ab_test,False
practitioner,19,low_overlap_b-2,low_overlap-b-2-1015,1015,snips,0.33309106821995693,0.08195808875127034,0.5583721701308685,,0.8353648598520699,0.006560105230178033,851.7143946093114,0.0,ab_fallback,1.0730829997283347,pass,1.8178138623004454,fail,0.1110440376227844,pass,0.312499746989236,pass,0.24304352554761266,0.1957045173846788,2.573438537942086,False,below,ab_fallback,ab_test,False
practitioner,19,low_overlap_b-2,low_overlap-b-2-1015,1015,clipped_ips,0.25334348812507584,0.2459677734774449,0.2601992123883493,1.0628442192918455,0.8353648598520699,0.006560105230178033,851.7143946093114,0.0,ab_fallback,1.0730829997283347,pass,1.8178138623004454,fail,0.1110440376227844,pass,0.312499746989236,pass,0.24304352554761266,0.1957045173846788,2.573438537942086,False,below,ab_fallback,ab_test,False
practitioner,19,low_overlap_b-2,low_overlap-b-2-1015,1015,dm,0.5638727431991739,0.5613479214715822,0.5666583601387083,,0.8353648598520699,0.006560105230178033,851.7143946093114,0.0,ab_fallback,1.0730829997283347,pass,1.8178138623004454,fail,0.1110440376227844,pass,0.312499746989236,pass,0.24304352554761266,0.1957045173846788,2.573438537942086,False,below,ab_fallback,ab_test,False
practitioner,19,low_overlap_b-2,low_overlap-b-2-1015,1015,dr,0.32082921765156125,-0.10452027398968843,0.5354584838554134,,0.8353648598520699,0.006560105230178033,851.7143946093114,0.0,ab_fallback,1.0730829997283347,pass,1.8178138623004454,fail,0.1110440376227844,pass,0.312499746989236,pass,0.24304352554761266,0.1957045173846788,2.573438537942086,False,below,ab_fallback,ab_test,False
practitioner,19,low_overlap_b-2,low_overlap-b-2-1015,1015,switch_dr,0.5585151473239346,0.5519297468339112,0.5642743816064438,2.207205082543703,0.8353648598520699,0.006560105230178033,851.7143946093114,0.0,ab_fallback,1.0730829997283347,pass,1.8178138623004454,fail,0.1110440376227844,pass,0.312499746989236,pass,0.24304352554761266,0.1957045173846788,2.573438537942086,False,below,ab_fallback,ab_test,False
practitioner,19,low_overlap_b-2,low_overlap-b-2-1015,1015,dros,0.5626623636958821,0.5583613044232567,0.5665436073229938,1.1296378344820925,0.8353648598520699,0.006560105230178033,851.7143946093114,0.0,ab_fallback,1.0730829997283347,pass,1.8178138623004454,fail,0.1110440376227844,pass,0.312499746989236,pass,0.24304352554761266,0.1957045173846788,2.573438537942086,False,below,ab_fallback,ab_test,False
practitioner,19,low_overlap_b2,low_overlap-b2-1015,1015,ips,0.5489446769012476,0.4229215249319701,0.6269460481940508,,0.8353648598520699,0.016152342397313255,524.7710560122391,0.0,distrust,1.1015940709949563,pass,1.8178138623004454,fail,0.0890413270782708,pass,0.15924578005553358,pass,0.17711438007889593,0.06481107393472413,1.9199450859708305,False,below,ab_fallback,ab_test,False
practitioner,19,low_overlap_b2,low_overlap-b2-1015,1015,snips,0.4983184744317319,0.3364023962856038,0.6428155650496096,,0.8353648598520699,0.016152342397313255,524.7710560122391,0.0,distrust,1.1015940709949563,pass,1.8178138623004454,fail,0.0890413270782708,pass,0.15924578005553358,pass,0.17711438007889593,0.06481107393472413,1.9199450859708305,False,below,ab_fallback,ab_test,False
practitioner,19,low_overlap_b2,low_overlap-b2-1015,1015,clipped_ips,0.469589562724283,0.46027157332503366,0.4789785816378885,1.301288696731185,0.8353648598520699,0.016152342397313255,524.7710560122391,0.0,distrust,1.1015940709949563,pass,1.8178138623004454,fail,0.0890413270782708,pass,0.15924578005553358,pass,0.17711438007889593,0.06481107393472413,1.9199450859708305,False,below,ab_fallback,ab_test,False
practitioner,19,low_overlap_b2,low_overlap-b2-1015,1015,dm,0.6972407326704524,0.6948307041417637,0.6995552414452627,,0.8353648598520699,0.016152342397313255,524.7710560122391,0.0,distrust,1.1015940709949563,pass,1.8178138623004454,fail,0.0890413270782708,pass,0.15924578005553358,pass,0.17711438007889593,0.06481107393472413,1.9199450859708305,False,below,ab_fallback,ab_test,False
practitioner,19,low_overlap_b2,low_overlap-b2-1015,1015,dr,0.5201263525915565,0.31781578466591404,0.6469430966167234,,0.8353648598520699,0.016152342397313255,524.7710560122391,0.0,distrust,1.1015940709949563,pass,1.8178138623004454,fail,0.0890413270782708,pass,0.15924578005553358,pass,0.17711438007889593,0.06481107393472413,1.9199450859708305,False,below,ab_fallback,ab_test,False
practitioner,19,low_overlap_b2,low_overlap-b2-1015,1015,switch_dr,0.6953145490533336,0.6867105661646791,0.7029506841121388,2.237670929493954,0.8353648598520699,0.016152342397313255,524.7710560122391,0.0,distrust,1.1015940709949563,pass,1.8178138623004454,fail,0.0890413270782708,pass,0.15924578005553358,pass,0.17711438007889593,0.06481107393472413,1.9199450859708305,False,below,ab_fallback,ab_test,False
practitioner,19,low_overlap_b2,low_overlap-b2-1015,1015,dros,0.6957474430017627,0.6899154373565946,0.701318565243558,1.6933522722403458,0.8353648598520699,0.016152342397313255,524.7710560122391,0.0,distrust,1.1015940709949563,pass,1.8178138623004454,fail,0.0890413270782708,pass,0.15924578005553358,pass,0.17711438007889593,0.06481107393472413,1.9199450859708305,False,below,ab_fallback,ab_test,False
practitioner,19,low_overlap_b8,low_overlap-b8-1015,1015,ips,0.7345407812476303,0.7014915327970699,0.7654885058887809,,0.8353648598520699,0.06733700622376614,267.5941574828115,0.0,distrust,1.0301539091967398,pass,1.8178138623004454,fail,0.020597685574385162,pass,0.12107230510891251,pass,0.06527039515252463,0.0536953743902725,1.3029075962144598,False,below,ab_fallback,ab_test,True
practitioner,19,low_overlap_b8,low_overlap-b8-1015,1015,snips,0.7130398425807914,0.6369781329701306,0.7739644821902117,,0.8353648598520699,0.06733700622376614,267.5941574828115,0.0,distrust,1.0301539091967398,pass,1.8178138623004454,fail,0.020597685574385162,pass,0.12107230510891251,pass,0.06527039515252463,0.0536953743902725,1.3029075962144598,False,below,ab_fallback,ab_test,True
practitioner,19,low_overlap_b8,low_overlap-b8-1015,1015,clipped_ips,0.6482114038718778,0.6342057096980565,0.6618729990995973,1.6288315868994268,0.8353648598520699,0.06733700622376614,267.5941574828115,0.0,distrust,1.0301539091967398,pass,1.8178138623004454,fail,0.020597685574385162,pass,0.12107230510891251,pass,0.06527039515252463,0.0536953743902725,1.3029075962144598,False,below,ab_fallback,ab_test,True
practitioner,19,low_overlap_b8,low_overlap-b8-1015,1015,dm,0.7976082282509649,0.7945186493888033,0.8007353038622872,,0.8353648598520699,0.06733700622376614,267.5941574828115,0.0,distrust,1.0301539091967398,pass,1.8178138623004454,fail,0.020597685574385162,pass,0.12107230510891251,pass,0.06527039515252463,0.0536953743902725,1.3029075962144598,False,below,ab_fallback,ab_test,True
practitioner,19,low_overlap_b8,low_overlap-b8-1015,1015,dr,0.7323378330984402,0.6844754514874968,0.7715990616004822,,0.8353648598520699,0.06733700622376614,267.5941574828115,0.0,distrust,1.0301539091967398,pass,1.8178138623004454,fail,0.020597685574385162,pass,0.12107230510891251,pass,0.06527039515252463,0.0536953743902725,1.3029075962144598,False,below,ab_fallback,ab_test,True
practitioner,19,low_overlap_b8,low_overlap-b8-1015,1015,switch_dr,0.7940842512921535,0.7840114188004802,0.8042085212256292,2.209311157825775,0.8353648598520699,0.06733700622376614,267.5941574828115,0.0,distrust,1.0301539091967398,pass,1.8178138623004454,fail,0.020597685574385162,pass,0.12107230510891251,pass,0.06527039515252463,0.0536953743902725,1.3029075962144598,False,below,ab_fallback,ab_test,True
practitioner,19,low_overlap_b8,low_overlap-b8-1015,1015,dros,0.7946166184593023,0.7875714465395773,0.8019433054743529,2.6530923384813048,0.8353648598520699,0.06733700622376614,267.5941574828115,0.0,distrust,1.0301539091967398,pass,1.8178138623004454,fail,0.020597685574385162,pass,0.12107230510891251,pass,0.06527039515252463,0.0536953743902725,1.3029075962144598,False,below,ab_fallback,ab_test,True
practitioner,19,low_overlap_b-2,low_overlap-b-2-1016,1016,ips,0.4885704301820025,0.3967556931580545,0.611630701512043,,0.846645838329153,0.016372471747284817,329.1331891365569,0.0,distrust,0.9438791732100467,pass,1.5136370444708558,fail,-0.011957562959182048,pass,0.5023772104504907,fail,0.06255698412470084,0.20769752347900047,2.1271283873004174,False,below,ab_fallback,ab_test,False
practitioner,19,low_overlap_b-2,low_overlap-b-2-1016,1016,snips,0.517619674264471,0.42640972358466206,0.6104787185029973,,0.846645838329153,0.016372471747284817,329.1331891365569,0.0,distrust,0.9438791732100467,pass,1.5136370444708558,fail,-0.011957562959182048,pass,0.5023772104504907,fail,0.06255698412470084,0.20769752347900047,2.1271283873004174,False,below,ab_fallback,ab_test,False
practitioner,19,low_overlap_b-2,low_overlap-b-2-1016,1016,clipped_ips,0.2575793462331944,0.25065072644759456,0.26494147079625985,1.053624633315812,0.846645838329153,0.016372471747284817,329.1331891365569,0.0,distrust,0.9438791732100467,pass,1.5136370444708558,fail,-0.011957562959182048,pass,0.5023772104504907,fail,0.06255698412470084,0.20769752347900047,2.1271283873004174,False,below,ab_fallback,ab_test,False
practitioner,19,low_overlap_b-2,low_overlap-b-2-1016,1016,dm,0.5703225705207141,0.567414915872972,0.573095187032109,,0.846645838329153,0.016372471747284817,329.1331891365569,0.0,distrust,0.9438791732100467,pass,1.5136370444708558,fail,-0.011957562959182048,pass,0.5023772104504907,fail,0.06255698412470084,0.20769752347900047,2.1271283873004174,False,below,ab_fallback,ab_test,False
practitioner,19,low_overlap_b-2,low_overlap-b-2-1016,1016,dr,0.5077655863960133,0.42040142377936995,0.6075514959341725,,0.846645838329153,0.016372471747284817,329.1331891365569,0.0,distrust,0.9438791732100467,pass,1.5136370444708558,fail,-0.011957562959182048,pass,0.5023772104504907,fail,0.06255698412470084,0.20769752347900047,2.1271283873004174,False,below,ab_fallback,ab_test,False
practitioner,19,low_overlap_b-2,low_overlap-b-2-1016,1016,switch_dr,0.5693883778288374,0.5632481097284182,0.5754479037349779,2.0247590310964476,0.846645838329153,0.016372471747284817,329.1331891365569,0.0,distrust,0.9438791732100467,pass,1.5136370444708558,fail,-0.011957562959182048,pass,0.5023772104504907,fail,0.06255698412470084,0.20769752347900047,2.1271283873004174,False,below,ab_fallback,ab_test,False
practitioner,19,low_overlap_b-2,low_overlap-b-2-1016,1016,dros,0.5694518748510164,0.5649501866282822,0.5736706337685489,1.1101248679298792,0.846645838329153,0.016372471747284817,329.1331891365569,0.0,distrust,0.9438791732100467,pass,1.5136370444708558,fail,-0.011957562959182048,pass,0.5023772104504907,fail,0.06255698412470084,0.20769752347900047,2.1271283873004174,False,below,ab_fallback,ab_test,False
practitioner,19,low_overlap_b2,low_overlap-b2-1016,1016,ips,0.6399712216635102,0.5975225623682211,0.6946970745773547,,0.846645838329153,0.053224616192723985,252.86631080808488,0.0,distrust,0.9797639375644229,pass,1.5136370444708558,fail,-0.039907065243681344,fail,0.2553769489959336,pass,0.06573368335272163,0.1084070740414989,1.549880242579825,False,below,ab_fallback,ab_test,False
practitioner,19,low_overlap_b2,low_overlap-b2-1016,1016,snips,0.6531891990783033,0.6105702967217285,0.6991621712988356,,0.846645838329153,0.053224616192723985,252.86631080808488,0.0,distrust,0.9797639375644229,pass,1.5136370444708558,fail,-0.039907065243681344,fail,0.2553769489959336,pass,0.06573368335272163,0.1084070740414989,1.549880242579825,False,below,ab_fallback,ab_test,False
practitioner,19,low_overlap_b2,low_overlap-b2-1016,1016,clipped_ips,0.48637973430058873,0.4770954952559968,0.49657226212922095,1.3085348692610312,0.846645838329153,0.053224616192723985,252.86631080808488,0.0,distrust,0.9797639375644229,pass,1.5136370444708558,fail,-0.039907065243681344,fail,0.2553769489959336,pass,0.06573368335272163,0.1084070740414989,1.549880242579825,False,below,ab_fallback,ab_test,False
practitioner,19,low_overlap_b2,low_overlap-b2-1016,1016,dm,0.71226060913902,0.709930639228898,0.7145850778267174,,0.846645838329153,0.053224616192723985,252.86631080808488,0.0,distrust,0.9797639375644229,pass,1.5136370444708558,fail,-0.039907065243681344,fail,0.2553769489959336,pass,0.06573368335272163,0.1084070740414989,1.549880242579825,False,below,ab_fallback,ab_test,False
practitioner,19,low_overlap_b2,low_overlap-b2-1016,1016,dr,0.6465269257862983,0.5908106907704481,0.6952526500445324,,0.846645838329153,0.053224616192723985,252.86631080808488,0.0,distrust,0.9797639375644229,pass,1.5136370444708558,fail,-0.039907065243681344,fail,0.2553769489959336,pass,0.06573368335272163,0.1084070740414989,1.549880242579825,False,below,ab_fallback,ab_test,False
practitioner,19,low_overlap_b2,low_overlap-b2-1016,1016,switch_dr,0.7130646267700982,0.7051165618204774,0.7212427302740397,2.1892941203819025,0.846645838329153,0.053224616192723985,252.86631080808488,0.0,distrust,0.9797639375644229,pass,1.5136370444708558,fail,-0.039907065243681344,fail,0.2553769489959336,pass,0.06573368335272163,0.1084070740414989,1.549880242579825,False,below,ab_fallback,ab_test,False
practitioner,19,low_overlap_b2,low_overlap-b2-1016,1016,dros,0.7107592423734246,0.7053759501738487,0.7167281055751099,1.712263504071984,0.846645838329153,0.053224616192723985,252.86631080808488,0.0,distrust,0.9797639375644229,pass,1.5136370444708558,fail,-0.039907065243681344,fail,0.2553769489959336,pass,0.06573368335272163,0.1084070740414989,1.549880242579825,False,below,ab_fallback,ab_test,False
practitioner,19,low_overlap_b8,low_overlap-b8-1016,1016,ips,0.7735291998705984,0.745864110260818,0.8150783209142227,,0.846645838329153,0.047911557308897956,361.70334630224534,0.0,distrust,1.0049648461499616,pass,1.5136370444708558,fail,-0.034425261042107747,fail,0.10746773292277313,pass,0.06783228598217259,0.07956296355117204,1.192871998461777,False,below,ab_fallback,ab_test,True
practitioner,19,low_overlap_b8,low_overlap-b8-1016,1016,snips,0.7697077194630267,0.7131531078002848,0.8125452497043532,,0.846645838329153,0.047911557308897956,361.70334630224534,0.0,distrust,1.0049648461499616,pass,1.5136370444708558,fail,-0.034425261042107747,fail,0.10746773292277313,pass,0.06783228598217259,0.07956296355117204,1.192871998461777,False,below,ab_fallback,ab_test,True
practitioner,19,low_overlap_b8,low_overlap-b8-1016,1016,clipped_ips,0.6908104562467491,0.6781231534194379,0.7053681739964078,1.6285440738605148,0.846645838329153,0.047911557308897956,361.70334630224534,0.0,distrust,1.0049648461499616,pass,1.5136370444708558,fail,-0.034425261042107747,fail,0.10746773292277313,pass,0.06783228598217259,0.07956296355117204,1.192871998461777,False,below,ab_fallback,ab_test,True
practitioner,19,low_overlap_b8,low_overlap-b8-1016,1016,dm,0.8273368941485597,0.8241831389154693,0.8305822020246253,,0.846645838329153,0.047911557308897956,361.70334630224534,0.0,distrust,1.0049648461499616,pass,1.5136370444708558,fail,-0.034425261042107747,fail,0.10746773292277313,pass,0.06783228598217259,0.07956296355117204,1.192871998461777,False,below,ab_fallback,ab_test,True
practitioner,19,low_overlap_b8,low_overlap-b8-1016,1016,dr,0.7595046081663871,0.6918720736647266,0.8031585616959959,,0.846645838329153,0.047911557308897956,361.70334630224534,0.0,distrust,1.0049648461499616,pass,1.5136370444708558,fail,-0.034425261042107747,fail,0.10746773292277313,pass,0.06783228598217259,0.07956296355117204,1.192871998461777,False,below,ab_fallback,ab_test,True
practitioner,19,low_overlap_b8,low_overlap-b8-1016,1016,switch_dr,0.8283315819433484,0.8188222257602122,0.8388158011614384,2.1032072683480454,0.846645838329153,0.047911557308897956,361.70334630224534,0.0,distrust,1.0049648461499616,pass,1.5136370444708558,fail,-0.034425261042107747,fail,0.10746773292277313,pass,0.06783228598217259,0.07956296355117204,1.192871998461777,False,below,ab_fallback,ab_test,True
practitioner,19,low_overlap_b8,low_overlap-b8-1016,1016,dros,0.8259602294921696,0.8191145853935522,0.8336387306052789,2.652155800506202,0.846645838329153,0.047911557308897956,361.70334630224534,0.0,distrust,1.0049648461499616,pass,1.5136370444708558,fail,-0.034425261042107747,fail,0.10746773292277313,pass,0.06783228598217259,0.07956296355117204,1.192871998461777,False,below,ab_fallback,ab_test,True
practitioner,19,low_overlap_b-2,low_overlap-b-2-1017,1017,ips,0.4267180504802829,0.25096220369453426,0.5712043498501488,,0.8364128890806592,0.007974445472964671,688.2032811659848,0.0,ab_fallback,1.1209263019596887,pass,1.5217247646365417,fail,0.06963272922891359,pass,0.39395737329800307,pass,0.18619649985319506,0.1291788538197276,2.709521141508634,False,below,ab_fallback,ab_test,False
practitioner,19,low_overlap_b-2,low_overlap-b-2-1017,1017,snips,0.38068341311490494,0.2080382719003802,0.5569820675903017,,0.8364128890806592,0.007974445472964671,688.2032811659848,0.0,ab_fallback,1.1209263019596887,pass,1.5217247646365417,fail,0.06963272922891359,pass,0.39395737329800307,pass,0.18619649985319506,0.1291788538197276,2.709521141508634,False,below,ab_fallback,ab_test,False
practitioner,19,low_overlap_b-2,low_overlap-b-2-1017,1017,clipped_ips,0.27674501299141635,0.2691055315352561,0.28391323394589024,1.1324671525618,0.8364128890806592,0.007974445472964671,688.2032811659848,0.0,ab_fallback,1.1209263019596887,pass,1.5217247646365417,fail,0.06963272922891359,pass,0.39395737329800307,pass,0.18619649985319506,0.1291788538197276,2.709521141508634,False,below,ab_fallback,ab_test,False
practitioner,19,low_overlap_b-2,low_overlap-b-2-1017,1017,dm,0.5918376152003701,0.5897293037989872,0.5939407357560349,,0.8364128890806592,0.007974445472964671,688.2032811659848,0.0,ab_fallback,1.1209263019596887,pass,1.5217247646365417,fail,0.06963272922891359,pass,0.39395737329800307,pass,0.18619649985319506,0.1291788538197276,2.709521141508634,False,below,ab_fallback,ab_test,False
practitioner,19,low_overlap_b-2,low_overlap-b-2-1017,1017,dr,0.40564111534717506,0.14777227309041435,0.6031620533071909,,0.8364128890806592,0.007974445472964671,688.2032811659848,0.0,ab_fallback,1.1209263019596887,pass,1.5217247646365417,fail,0.06963272922891359,pass,0.39395737329800307,pass,0.18619649985319506,0.1291788538197276,2.709521141508634,False,below,ab_fallback,ab_test,False
practitioner,19,low_overlap_b-2,low_overlap-b-2-1017,1017,switch_dr,0.5920098562180343,0.5854082411489121,0.5985154800927358,2.105462889493779,0.8364128890806592,0.007974445472964671,688.2032811659848,0.0,ab_fallback,1.1209263019596887,pass,1.5217247646365417,fail,0.06963272922891359,pass,0.39395737329800307,pass,0.18619649985319506,0.1291788538197276,2.709521141508634,False,below,ab_fallback,ab_test,False
practitioner,19,low_overlap_b-2,low_overlap-b-2-1017,1017,dros,0.591668322198447,0.5873282378936631,0.5958443861931991,1.2824818516314311,0.8364128890806592,0.007974445472964671,688.2032811659848,0.0,ab_fallback,1.1209263019596887,pass,1.5217247646365417,fail,0.06963272922891359,pass,0.39395737329800307,pass,0.18619649985319506,0.1291788538197276,2.709521141508634,False,below,ab_fallback,ab_test,False
practitioner,19,low_overlap_b2,low_overlap-b2-1017,1017,ips,0.5844177895840947,0.5225258572216066,0.6431592702655319,,0.8364128890806592,0.030328007749983617,355.3772231876612,0.0,distrust,1.0357297820323106,pass,1.5217247646365417,fail,0.022218138812764028,pass,0.20849991672509413,pass,0.10492802898282447,0.11465491550480732,1.8033311822443925,False,below,ab_fallback,ab_test,False
practitioner,19,low_overlap_b2,low_overlap-b2-1017,1017,snips,0.564257009620163,0.4638305907673116,0.6554209851416589,,0.8364128890806592,0.030328007749983617,355.3772231876612,0.0,distrust,1.0357297820323106,pass,1.5217247646365417,fail,0.022218138812764028,pass,0.20849991672509413,pass,0.10492802898282447,0.11465491550480732,1.8033311822443925,False,below,ab_fallback,ab_test,False
practitioner,19,low_overlap_b2,low_overlap-b2-1017,1017,clipped_ips,0.4667702500667401,0.45661230132477887,0.4767891801390065,1.3366640398254117,0.8364128890806592,0.030328007749983617,355.3772231876612,0.0,distrust,1.0357297820323106,pass,1.5217247646365417,fail,0.022218138812764028,pass,0.20849991672509413,pass,0.10492802898282447,0.11465491550480732,1.8033311822443925,False,below,ab_fallback,ab_test,False
practitioner,19,low_overlap_b2,low_overlap-b2-1017,1017,dm,0.6928278423287444,0.6905311428005061,0.6950028011068876,,0.8364128890806592,0.030328007749983617,355.3772231876612,0.0,distrust,1.0357297820323106,pass,1.5217247646365417,fail,0.022218138812764028,pass,0.20849991672509413,pass,0.10492802898282447,0.11465491550480732,1.8033311822443925,False,below,ab_fallback,ab_test,False
practitioner,19,low_overlap_b2,low_overlap-b2-1017,1017,dr,0.5878998133459199,0.4953697134048446,0.664916303551538,,0.8364128890806592,0.030328007749983617,355.3772231876612,0.0,distrust,1.0357297820323106,pass,1.5217247646365417,fail,0.022218138812764028,pass,0.20849991672509413,pass,0.10492802898282447,0.11465491550480732,1.8033311822443925,False,below,ab_fallback,ab_test,False
practitioner,19,low_overlap_b2,low_overlap-b2-1017,1017,switch_dr,0.6922692259711838,0.6841514376455068,0.7006438208848175,2.340693379888828,0.8364128890806592,0.030328007749983617,355.3772231876612,0.0,distrust,1.0357297820323106,pass,1.5217247646365417,fail,0.022218138812764028,pass,0.20849991672509413,pass,0.10492802898282447,0.11465491550480732,1.8033311822443925,False,below,ab_fallback,ab_test,False
practitioner,19,low_overlap_b2,low_overlap-b2-1017,1017,dros,0.6922106329895457,0.6865587705336976,0.6979032479619482,1.7866707553623897,0.8364128890806592,0.030328007749983617,355.3772231876612,0.0,distrust,1.0357297820323106,pass,1.5217247646365417,fail,0.022218138812764028,pass,0.20849991672509413,pass,0.10492802898282447,0.11465491550480732,1.8033311822443925,False,below,ab_fallback,ab_test,False
practitioner,19,low_overlap_b8,low_overlap-b8-1017,1017,ips,0.7131173590426784,0.686498731943611,0.7376297750962288,,0.8364128890806592,0.17130664036032275,89.23853250507827,0.0,trust,0.9733022327465846,pass,1.5217247646365417,fail,0.0010357617465683653,pass,0.12951000706892296,pass,0.05606672802681221,0.030254001782984517,1.2596376424233862,False,below,ab_fallback,ab_test,True
practitioner,19,low_overlap_b8,low_overlap-b8-1017,1017,snips,0.7326782319509487,0.6896355537095482,0.7743738040140815,,0.8364128890806592,0.17130664036032275,89.23853250507827,0.0,trust,0.9733022327465846,pass,1.5217247646365417,fail,0.0010357617465683653,pass,0.12951000706892296,pass,0.05606672802681221,0.030254001782984517,1.2596376424233862,False,below,ab_fallback,ab_test,True
practitioner,19,low_overlap_b8,low_overlap-b8-1017,1017,clipped_ips,0.6377890689517354,0.6232136648149126,0.6519660595308637,1.599519568953942,0.8364128890806592,0.17130664036032275,89.23853250507827,0.0,trust,0.9733022327465846,pass,1.5217247646365417,fail,0.0010357617465683653,pass,0.12951000706892296,pass,0.05606672802681221,0.030254001782984517,1.2596376424233862,False,below,ab_fallback,ab_test,True
practitioner,19,low_overlap_b8,low_overlap-b8-1017,1017,dm,0.7897263050140563,0.7865782074679436,0.792657194206018,,0.8364128890806592,0.17130664036032275,89.23853250507827,0.0,trust,0.9733022327465846,pass,1.5217247646365417,fail,0.0010357617465683653,pass,0.12951000706892296,pass,0.05606672802681221,0.030254001782984517,1.2596376424233862,False,below,ab_fallback,ab_test,True
practitioner,19,low_overlap_b8,low_overlap-b8-1017,1017,dr,0.733659576987244,0.7053990181888778,0.761580335797883,,0.8364128890806592,0.17130664036032275,89.23853250507827,0.0,trust,0.9733022327465846,pass,1.5217247646365417,fail,0.0010357617465683653,pass,0.12951000706892296,pass,0.05606672802681221,0.030254001782984517,1.2596376424233862,False,below,ab_fallback,ab_test,True
practitioner,19,low_overlap_b8,low_overlap-b8-1017,1017,switch_dr,0.7891796510300952,0.7778543094791269,0.7995643399155169,2.1827179214213572,0.8364128890806592,0.17130664036032275,89.23853250507827,0.0,trust,0.9733022327465846,pass,1.5217247646365417,fail,0.0010357617465683653,pass,0.12951000706892296,pass,0.05606672802681221,0.030254001782984517,1.2596376424233862,False,below,ab_fallback,ab_test,True
practitioner,19,low_overlap_b8,low_overlap-b8-1017,1017,dros,0.7890856564110353,0.7815660767103915,0.7968190502427929,2.558462851466605,0.8364128890806592,0.17130664036032275,89.23853250507827,0.0,trust,0.9733022327465846,pass,1.5217247646365417,fail,0.0010357617465683653,pass,0.12951000706892296,pass,0.05606672802681221,0.030254001782984517,1.2596376424233862,False,below,ab_fallback,ab_test,True
practitioner,19,low_overlap_b-2,low_overlap-b-2-1018,1018,ips,0.4573787813129744,0.37752648718297244,0.5422528560734491,,0.8347211555487066,0.01926497358627759,243.93578879915023,0.0,distrust,0.8612791974979764,pass,0.6399654073907086,fail,-0.01789044080636148,pass,0.5318971410546554,fail,0.07168282598783193,0.051584300055400996,1.9394868850890266,False,below,ab_fallback,ab_test,False
practitioner,19,low_overlap_b-2,low_overlap-b-2-1018,1018,snips,0.5310458938769956,0.4376125913294417,0.6276907485362859,,0.8347211555487066,0.01926497358627759,243.93578879915023,0.0,distrust,0.8612791974979764,pass,0.6399654073907086,fail,-0.01789044080636148,pass,0.5318971410546554,fail,0.07168282598783193,0.051584300055400996,1.9394868850890266,False,below,ab_fallback,ab_test,False
practitioner,19,low_overlap_b-2,low_overlap-b-2-1018,1018,clipped_ips,0.24858410115500776,0.24139817174516448,0.2558501236817048,1.0214145848076572,0.8347211555487066,0.01926497358627759,243.93578879915023,0.0,distrust,0.8612791974979764,pass,0.6399654073907086,fail,-0.01789044080636148,pass,0.5318971410546554,fail,0.07168282598783193,0.051584300055400996,1.9394868850890266,False,below,ab_fallback,ab_test,False
practitioner,19,low_overlap_b-2,low_overlap-b-2-1018,1018,dm,0.593107952980319,0.5910863424840765,0.5954163778267529,,0.8347211555487066,0.01926497358627759,243.93578879915023,0.0,distrust,0.8612791974979764,pass,0.6399654073907086,fail,-0.01789044080636148,pass,0.5318971410546554,fail,0.07168282598783193,0.051584300055400996,1.9394868850890266,False,below,ab_fallback,ab_test,False
practitioner,19,low_overlap_b-2,low_overlap-b-2-1018,1018,dr,0.5214251269924871,0.45695073717747287,0.5840475802426429,,0.8347211555487066,0.01926497358627759,243.93578879915023,0.0,distrust,0.8612791974979764,pass,0.6399654073907086,fail,-0.01789044080636148,pass,0.5318971410546554,fail,0.07168282598783193,0.051584300055400996,1.9394868850890266,False,below,ab_fallback,ab_test,False
practitioner,19,low_overlap_b-2,low_overlap-b-2-1018,1018,switch_dr,0.5908026049699926,0.5850882503271084,0.5962520180058232,2.156761768204484,0.8347211555487066,0.01926497358627759,243.93578879915023,0.0,distrust,0.8612791974979764,pass,0.6399654073907086,fail,-0.01789044080636148,pass,0.5318971410546554,fail,0.07168282598783193,0.051584300055400996,1.9394868850890266,False,below,ab_fallback,ab_test,False
practitioner,19,low_overlap_b-2,low_overlap-b-2-1018,1018,dros,0.5922429640279766,0.5884543558307382,0.5961158829835759,1.0432877540577987,0.8347211555487066,0.01926497358627759,243.93578879915023,0.0,distrust,0.8612791974979764,pass,0.6399654073907086,fail,-0.01789044080636148,pass,0.5318971410546554,fail,0.07168282598783193,0.051584300055400996,1.9394868850890266,False,below,ab_fallback,ab_test,False
practitioner,19,low_overlap_b2,low_overlap-b2-1018,1018,ips,0.6171598223224417,0.5811309590991385,0.6511071523034717,,0.8347211555487066,0.10549103642067736,96.43695143679706,0.0,trust,0.9193893931919932,pass,0.6399654073907086,fail,-0.006652238932558923,pass,0.2817687999667871,pass,0.047957566739780286,0.040819228358598865,1.4435176416226585,False,below,ab_fallback,ab_test,True
practitioner,19,low_overlap_b2,low_overlap-b2-1018,1018,snips,0.6712714187181864,0.6235906931210105,0.7127454728104791,,0.8347211555487066,0.10549103642067736,96.43695143679706,0.0,trust,0.9193893931919932,pass,0.6399654073907086,fail,-0.006652238932558923,pass,0.2817687999667871,pass,0.047957566739780286,0.040819228358598865,1.4435176416226585,False,below,ab_fallback,ab_test,True
practitioner,19,low_overlap_b2,low_overlap-b2-1018,1018,clipped_ips,0.48212807661396034,0.47221415546340484,0.49244598379734317,1.3448307960658787,0.8347211555487066,0.10549103642067736,96.43695143679706,0.0,trust,0.9193893931919932,pass,0.6399654073907086,fail,-0.006652238932558923,pass,0.2817687999667871,pass,0.047957566739780286,0.040819228358598865,1.4435176416226585,False,below,ab_fallback,ab_test,True
practitioner,19,low_overlap_b2,low_overlap-b2-1018,1018,dm,0.7112774516924707,0.7090444007487975,0.7134764572544235,,0.8347211555487066,0.10549103642067736,96.43695143679706,0.0,trust,0.9193893931919932,pass,0.6399654073907086,fail,-0.006652238932558923,pass,0.2817687999667871,pass,0.047957566739780286,0.040819228358598865,1.4435176416226585,False,below,ab_fallback,ab_test,True
practitioner,19,low_overlap_b2,low_overlap-b2-1018,1018,dr,0.6633198849526905,0.6290419147486974,0.6952435136337735,,0.8347211555487066,0.10549103642067736,96.43695143679706,0.0,trust,0.9193893931919932,pass,0.6399654073907086,fail,-0.006652238932558923,pass,0.2817687999667871,pass,0.047957566739780286,0.040819228358598865,1.4435176416226585,False,below,ab_fallback,ab_test,True
practitioner,19,low_overlap_b2,low_overlap-b2-1018,1018,switch_dr,0.708558246339778,0.7003554245472862,0.7171057146409425,2.283443124925632,0.8347211555487066,0.10549103642067736,96.43695143679706,0.0,trust,0.9193893931919932,pass,0.6399654073907086,fail,-0.006652238932558923,pass,0.2817687999667871,pass,0.047957566739780286,0.040819228358598865,1.4435176416226585,False,below,ab_fallback,ab_test,True
practitioner,19,low_overlap_b2,low_overlap-b2-1018,1018,dros,0.7096257484154727,0.70384203804719,0.7155680538110352,1.808569870047185,0.8347211555487066,0.10549103642067736,96.43695143679706,0.0,trust,0.9193893931919932,pass,0.6399654073907086,fail,-0.006652238932558923,pass,0.2817687999667871,pass,0.047957566739780286,0.040819228358598865,1.4435176416226585,False,below,ab_fallback,ab_test,True
practitioner,19,low_overlap_b8,low_overlap-b8-1018,1018,ips,0.7571238477688369,0.7336554756666723,0.7789245609639599,,0.8347211555487066,0.4615072275895733,29.870563997029297,0.0,trust,0.9637683995602945,pass,0.6399654073907086,fail,-0.015233372745414057,pass,0.1256803261902617,pass,0.03488493652941811,0.018690323616812294,1.120826630991263,False,below,ab_fallback,ab_test,True
practitioner,19,low_overlap_b8,low_overlap-b8-1018,1018,snips,0.7855869191335427,0.7554777862517515,0.807299329950723,,0.8347211555487066,0.4615072275895733,29.870563997029297,0.0,trust,0.9637683995602945,pass,0.6399654073907086,fail,-0.015233372745414057,pass,0.1256803261902617,pass,0.03488493652941811,0.018690323616812294,1.120826630991263,False,below,ab_fallback,ab_test,True
practitioner,19,low_overlap_b8,low_overlap-b8-1018,1018,clipped_ips,0.6868540988860363,0.672453044027529,0.6993090654779586,1.6565231563516642,0.8347211555487066,0.4615072275895733,29.870563997029297,0.0,trust,0.9637683995602945,pass,0.6399654073907086,fail,-0.015233372745414057,pass,0.1256803261902617,pass,0.03488493652941811,0.018690323616812294,1.120826630991263,False,below,ab_fallback,ab_test,True
practitioner,19,low_overlap_b8,low_overlap-b8-1018,1018,dm,0.8146661414869013,0.8116714748022679,0.8175924473812956,,0.8347211555487066,0.4615072275895733,29.870563997029297,0.0,trust,0.9637683995602945,pass,0.6399654073907086,fail,-0.015233372745414057,pass,0.1256803261902617,pass,0.03488493652941811,0.018690323616812294,1.120826630991263,False,below,ab_fallback,ab_test,True
practitioner,19,low_overlap_b8,low_overlap-b8-1018,1018,dr,0.7797812049574832,0.7542161781749535,0.8005356397596997,,0.8347211555487066,0.4615072275895733,29.870563997029297,0.0,trust,0.9637683995602945,pass,0.6399654073907086,fail,-0.015233372745414057,pass,0.1256803261902617,pass,0.03488493652941811,0.018690323616812294,1.120826630991263,False,below,ab_fallback,ab_test,True
practitioner,19,low_overlap_b8,low_overlap-b8-1018,1018,switch_dr,0.8089264373982308,0.7973828033488473,0.8197321920764974,2.163700654971793,0.8347211555487066,0.4615072275895733,29.870563997029297,0.0,trust,0.9637683995602945,pass,0.6399654073907086,fail,-0.015233372745414057,pass,0.1256803261902617,pass,0.03488493652941811,0.018690323616812294,1.120826630991263,False,below,ab_fallback,ab_test,True
practitioner,19,low_overlap_b8,low_overlap-b8-1018,1018,dros,0.8109092626393768,0.8026069772943197,0.819252013499398,2.74406896752928,0.8347211555487066,0.4615072275895733,29.870563997029297,0.0,trust,0.9637683995602945,pass,0.6399654073907086,fail,-0.015233372745414057,pass,0.1256803261902617,pass,0.03488493652941811,0.018690323616812294,1.120826630991263,False,below,ab_fallback,ab_test,True
practitioner,19,low_overlap_b-2,low_overlap-b-2-1019,1019,ips,0.4686724859061933,0.38033690569325945,0.5550255109918365,,0.848676922271638,0.015699017188013444,374.1518870429373,0.0,distrust,0.9027271363754485,pass,1.3613356538914592,fail,-0.00785418395204398,pass,0.49512659908420714,pass,0.08820096178067964,0.19959973472432518,2.0970898760411187,False,below,ab_fallback,ab_test,False
practitioner,19,low_overlap_b-2,low_overlap-b-2-1019,1019,snips,0.519174030580233,0.3882661312357391,0.6302423665106919,,0.848676922271638,0.015699017188013444,374.1518870429373,0.0,distrust,0.9027271363754485,pass,1.3613356538914592,fail,-0.00785418395204398,pass,0.49512659908420714,pass,0.08820096178067964,0.19959973472432518,2.0970898760411187,False,below,ab_fallback,ab_test,False
practitioner,19,low_overlap_b-2,low_overlap-b-2-1019,1019,clipped_ips,0.2621171584862021,0.25485221403702957,0.26944970730171003,1.0483923741422672,0.848676922271638,0.015699017188013444,374.1518870429373,0.0,distrust,0.9027271363754485,pass,1.3613356538914592,fail,-0.00785418395204398,pass,0.49512659908420714,pass,0.08820096178067964,0.19959973472432518,2.0970898760411187,False,below,ab_fallback,ab_test,False
practitioner,19,low_overlap_b-2,low_overlap-b-2-1019,1019,dm,0.6182446292859417,0.6157246079954162,0.6207726208930817,,0.848676922271638,0.015699017188013444,374.1518870429373,0.0,distrust,0.9027271363754485,pass,1.3613356538914592,fail,-0.00785418395204398,pass,0.49512659908420714,pass,0.08820096178067964,0.19959973472432518,2.0970898760411187,False,below,ab_fallback,ab_test,False
practitioner,19,low_overlap_b-2,low_overlap-b-2-1019,1019,dr,0.5300436675052621,0.43598940954386894,0.6025626265991764,,0.848676922271638,0.015699017188013444,374.1518870429373,0.0,distrust,0.9027271363754485,pass,1.3613356538914592,fail,-0.00785418395204398,pass,0.49512659908420714,pass,0.08820096178067964,0.19959973472432518,2.0970898760411187,False,below,ab_fallback,ab_test,False
practitioner,19,low_overlap_b-2,low_overlap-b-2-1019,1019,switch_dr,0.6168847979619968,0.6110152218965955,0.6233058623678261,2.1767467613090568,0.848676922271638,0.015699017188013444,374.1518870429373,0.0,distrust,0.9027271363754485,pass,1.3613356538914592,fail,-0.00785418395204398,pass,0.49512659908420714,pass,0.08820096178067964,0.19959973472432518,2.0970898760411187,False,below,ab_fallback,ab_test,False
practitioner,19,low_overlap_b-2,low_overlap-b-2-1019,1019,dros,0.6171648311997345,0.6128124970528419,0.6211442061101757,1.0991265701596595,0.848676922271638,0.015699017188013444,374.1518870429373,0.0,distrust,0.9027271363754485,pass,1.3613356538914592,fail,-0.00785418395204398,pass,0.49512659908420714,pass,0.08820096178067964,0.19959973472432518,2.0970898760411187,False,below,ab_fallback,ab_test,False
practitioner,19,low_overlap_b2,low_overlap-b2-1019,1019,ips,0.6251566209197978,0.5754445537120382,0.6812753807573425,,0.848676922271638,0.07435414459486399,101.95830286340194,0.0,distrust,0.9401467862506944,pass,1.3613356538914592,fail,-0.004039781596093822,pass,0.2860145081556814,pass,0.05705490565883338,0.08717105682310908,1.5213949390091046,False,below,ab_fallback,ab_test,False
practitioner,19,low_overlap_b2,low_overlap-b2-1019,1019,snips,0.6649563983651133,0.6167531346427126,0.7063225660353629,,0.848676922271638,0.07435414459486399,101.95830286340194,0.0,distrust,0.9401467862506944,pass,1.3613356538914592,fail,-0.004039781596093822,pass,0.2860145081556814,pass,0.05705490565883338,0.08717105682310908,1.5213949390091046,False,below,ab_fallback,ab_test,False
practitioner,19,low_overlap_b2,low_overlap-b2-1019,1019,clipped_ips,0.4747692211417421,0.4651552079058196,0.4843719522648307,1.314457462068222,0.848676922271638,0.07435414459486399,101.95830286340194,0.0,distrust,0.9401467862506944,pass,1.3613356538914592,fail,-0.004039781596093822,pass,0.2860145081556814,pass,0.05705490565883338,0.08717105682310908,1.5213949390091046,False,below,ab_fallback,ab_test,False
practitioner,19,low_overlap_b2,low_overlap-b2-1019,1019,dm,0.717532763275434,0.7152022193902297,0.7198844256053561,,0.848676922271638,0.07435414459486399,101.95830286340194,0.0,distrust,0.9401467862506944,pass,1.3613356538914592,fail,-0.004039781596093822,pass,0.2860145081556814,pass,0.05705490565883338,0.08717105682310908,1.5213949390091046,False,below,ab_fallback,ab_test,False
practitioner,19,low_overlap_b2,low_overlap-b2-1019,1019,dr,0.6604778576166006,0.616290763445202,0.6987455709554744,,0.848676922271638,0.07435414459486399,101.95830286340194,0.0,distrust,0.9401467862506944,pass,1.3613356538914592,fail,-0.004039781596093822,pass,0.2860145081556814,pass,0.05705490565883338,0.08717105682310908,1.5213949390091046,False,below,ab_fallback,ab_test,False
practitioner,19,low_overlap_b2,low_overlap-b2-1019,1019,switch_dr,0.7147856614925373,0.7065729673362584,0.7220539946706257,2.2352635747936205,0.848676922271638,0.07435414459486399,101.95830286340194,0.0,distrust,0.9401467862506944,pass,1.3613356538914592,fail,-0.004039781596093822,pass,0.2860145081556814,pass,0.05705490565883338,0.08717105682310908,1.5213949390091046,False,below,ab_fallback,ab_test,False
practitioner,19,low_overlap_b2,low_overlap-b2-1019,1019,dros,0.7152600598785501,0.7090808218397854,0.7209408571914206,1.727798419586831,0.848676922271638,0.07435414459486399,101.95830286340194,0.0,distrust,0.9401467862506944,pass,1.3613356538914592,fail,-0.004039781596093822,pass,0.2860145081556814,pass,0.05705490565883338,0.08717105682310908,1.5213949390091046,False,below,ab_fallback,ab_test,False
practitioner,19,low_overlap_b8,low_overlap-b8-1019,1019,ips,0.7583868318163981,0.7338855512627366,0.7831700436845945,,0.848676922271638,0.36226193638241844,41.93281874135257,0.0,trust,0.9686126716610961,pass,1.3613356538914592,fail,0.0025305541800383284,pass,0.13939214630242366,pass,0.03402644140817439,0.01574101677330398,1.165589232773948,False,below,ab_fallback,ab_test,True
practitioner,19,low_overlap_b8,low_overlap-b8-1019,1019,snips,0.7829619145037852,0.76328992230592,0.803778751312057,,0.848676922271638,0.36226193638241844,41.93281874135257,0.0,trust,0.9686126716610961,pass,1.3613356538914592,fail,0.0025305541800383284,pass,0.13939214630242366,pass,0.03402644140817439,0.01574101677330398,1.165589232773948,False,below,ab_fallback,ab_test,True
practitioner,19,low_overlap_b8,low_overlap-b8-1019,1019,clipped_ips,0.6738231727680478,0.6584950808215502,0.6871659969563603,1.6914213320022407,0.848676922271638,0.36226193638241844,41.93281874135257,0.0,trust,0.9686126716610961,pass,1.3613356538914592,fail,0.0025305541800383284,pass,0.13939214630242366,pass,0.03402644140817439,0.01574101677330398,1.165589232773948,False,below,ab_fallback,ab_test,True
practitioner,19,low_overlap_b8,low_overlap-b8-1019,1019,dm,0.8100232915981025,0.806958885504791,0.8133115472077701,,0.848676922271638,0.36226193638241844,41.93281874135257,0.0,trust,0.9686126716610961,pass,1.3613356538914592,fail,0.0025305541800383284,pass,0.13939214630242366,pass,0.03402644140817439,0.01574101677330398,1.165589232773948,False,below,ab_fallback,ab_test,True
practitioner,19,low_overlap_b8,low_overlap-b8-1019,1019,dr,0.7759968501899281,0.7578989407458635,0.7948291928088607,,0.848676922271638,0.36226193638241844,41.93281874135257,0.0,trust,0.9686126716610961,pass,1.3613356538914592,fail,0.0025305541800383284,pass,0.13939214630242366,pass,0.03402644140817439,0.01574101677330398,1.165589232773948,False,below,ab_fallback,ab_test,True
practitioner,19,low_overlap_b8,low_overlap-b8-1019,1019,switch_dr,0.8074955662691777,0.7971760440171662,0.8183315591959031,2.3039419899342013,0.848676922271638,0.36226193638241844,41.93281874135257,0.0,trust,0.9686126716610961,pass,1.3613356538914592,fail,0.0025305541800383284,pass,0.13939214630242366,pass,0.03402644140817439,0.01574101677330398,1.165589232773948,False,below,ab_fallback,ab_test,True
practitioner,19,low_overlap_b8,low_overlap-b8-1019,1019,dros,0.8070884637021702,0.7993722962900603,0.8146495239100884,2.860906122352234,0.848676922271638,0.36226193638241844,41.93281874135257,0.0,trust,0.9686126716610961,pass,1.3613356538914592,fail,0.0025305541800383284,pass,0.13939214630242366,pass,0.03402644140817439,0.01574101677330398,1.165589232773948,False,below,ab_fallback,ab_test,True
practitioner,19,low_overlap_b-2,low_overlap-b-2-1020,1020,ips,0.39657480866164824,0.3158555392919213,0.4786511359964279,,0.8335974923959147,0.015743550671130986,257.6366324954591,0.0,distrust,0.8829363869730433,pass,0.6296426289244954,fail,0.002693952589971368,pass,0.4465780028187426,pass,0.16572554279856472,0.06234962221337185,2.300528345335774,False,below,ab_fallback,ab_test,False
practitioner,19,low_overlap_b-2,low_overlap-b-2-1020,1020,snips,0.4491544515695171,0.34459177862364426,0.5546668632145443,,0.8335974923959147,0.015743550671130986,257.6366324954591,0.0,distrust,0.8829363869730433,pass,0.6296426289244954,fail,0.002693952589971368,pass,0.4465780028187426,pass,0.16572554279856472,0.06234962221337185,2.300528345335774,False,below,ab_fallback,ab_test,False
practitioner,19,low_overlap_b-2,low_overlap-b-2-1020,1020,clipped_ips,0.2485719536304545,0.24131404850809465,0.2548221758727712,1.0349359959434516,0.8335974923959147,0.015743550671130986,257.6366324954591,0.0,distrust,0.8829363869730433,pass,0.6296426289244954,fail,0.002693952589971368,pass,0.4465780028187426,pass,0.16572554279856472,0.06234962221337185,2.300528345335774,False,below,ab_fallback,ab_test,False
practitioner,19,low_overlap_b-2,low_overlap-b-2-1020,1020,dm,0.5783506222830811,0.575988596605875,0.5807737004713526,,0.8335974923959147,0.015743550671130986,257.6366324954591,0.0,distrust,0.8829363869730433,pass,0.6296426289244954,fail,0.002693952589971368,pass,0.4465780028187426,pass,0.16572554279856472,0.06234962221337185,2.300528345335774,False,below,ab_fallback,ab_test,False
practitioner,19,low_overlap_b-2,low_overlap-b-2-1020,1020,dr,0.4126250794845164,0.30121428458495714,0.5074209772036098,,0.8335974923959147,0.015743550671130986,257.6366324954591,0.0,distrust,0.8829363869730433,pass,0.6296426289244954,fail,0.002693952589971368,pass,0.4465780028187426,pass,0.16572554279856472,0.06234962221337185,2.300528345335774,False,below,ab_fallback,ab_test,False
practitioner,19,low_overlap_b-2,low_overlap-b-2-1020,1020,switch_dr,0.5740046383162563,0.567623165615259,0.5798527430892797,2.039374322570294,0.8335974923959147,0.015743550671130986,257.6366324954591,0.0,distrust,0.8829363869730433,pass,0.6296426289244954,fail,0.002693952589971368,pass,0.4465780028187426,pass,0.16572554279856472,0.06234962221337185,2.300528345335774,False,below,ab_fallback,ab_test,False
practitioner,19,low_overlap_b-2,low_overlap-b-2-1020,1020,dros,0.5771169733959266,0.5728664635290973,0.5811993105969137,1.0710925156994642,0.8335974923959147,0.015743550671130986,257.6366324954591,0.0,distrust,0.8829363869730433,pass,0.6296426289244954,fail,0.002693952589971368,pass,0.4465780028187426,pass,0.16572554279856472,0.06234962221337185,2.300528345335774,False,below,ab_fallback,ab_test,False
practitioner,19,low_overlap_b2,low_overlap-b2-1020,1020,ips,0.5932697812737024,0.5448599389387199,0.641518602286291,,0.8335974923959147,0.06514490972780383,139.60867568178182,0.0,distrust,0.9495758815703923,pass,0.6296426289244954,fail,0.003026445489184943,pass,0.23726768517837554,pass,0.09497308055716484,0.03644593252934074,1.5760890285235205,False,below,ab_fallback,ab_test,False
practitioner,19,low_overlap_b2,low_overlap-b2-1020,1020,snips,0.6247734307368495,0.5619958073485405,0.686619463129266,,0.8335974923959147,0.06514490972780383,139.60867568178182,0.0,distrust,0.9495758815703923,pass,0.6296426289244954,fail,0.003026445489184943,pass,0.23726768517837554,pass,0.09497308055716484,0.03644593252934074,1.5760890285235205,False,below,ab_fallback,ab_test,False
practitioner,19,low_overlap_b2,low_overlap-b2-1020,1020,clipped_ips,0.4765348850649651,0.4657045790722725,0.48515076628899556,1.330145714587324,0.8335974923959147,0.06514490972780383,139.60867568178182,0.0,distrust,0.9495758815703923,pass,0.6296426289244954,fail,0.003026445489184943,pass,0.23726768517837554,pass,0.09497308055716484,0.03644593252934074,1.5760890285235205,False,below,ab_fallback,ab_test,False
practitioner,19,low_overlap_b2,low_overlap-b2-1020,1020,dm,0.7050291318536758,0.7028077743901952,0.7071218612993033,,0.8335974923959147,0.06514490972780383,139.60867568178182,0.0,distrust,0.9495758815703923,pass,0.6296426289244954,fail,0.003026445489184943,pass,0.23726768517837554,pass,0.09497308055716484,0.03644593252934074,1.5760890285235205,False,below,ab_fallback,ab_test,False
practitioner,19,low_overlap_b2,low_overlap-b2-1020,1020,dr,0.610056051296511,0.5469318952156482,0.6650380204636341,,0.8335974923959147,0.06514490972780383,139.60867568178182,0.0,distrust,0.9495758815703923,pass,0.6296426289244954,fail,0.003026445489184943,pass,0.23726768517837554,pass,0.09497308055716484,0.03644593252934074,1.5760890285235205,False,below,ab_fallback,ab_test,False
practitioner,19,low_overlap_b2,low_overlap-b2-1020,1020,switch_dr,0.6996715533026903,0.6905700551503777,0.7064625546910578,2.2576498823055395,0.8335974923959147,0.06514490972780383,139.60867568178182,0.0,distrust,0.9495758815703923,pass,0.6296426289244954,fail,0.003026445489184943,pass,0.23726768517837554,pass,0.09497308055716484,0.03644593252934074,1.5760890285235205,False,below,ab_fallback,ab_test,False
practitioner,19,low_overlap_b2,low_overlap-b2-1020,1020,dros,0.7028565610895359,0.6965721667056108,0.7081951968458583,1.7692876220350224,0.8335974923959147,0.06514490972780383,139.60867568178182,0.0,distrust,0.9495758815703923,pass,0.6296426289244954,fail,0.003026445489184943,pass,0.23726768517837554,pass,0.09497308055716484,0.03644593252934074,1.5760890285235205,False,below,ab_fallback,ab_test,False
practitioner,19,low_overlap_b8,low_overlap-b8-1020,1020,ips,0.7253943567962521,0.6983437766002883,0.7515119286268576,,0.8335974923959147,0.24950234862130527,77.19539478487707,0.0,trust,0.9353618605301539,pass,0.6296426289244954,fail,0.005837669471977719,pass,0.17911098411198711,pass,0.03153690818121899,0.04113545553986191,1.146007826792874,False,below,ab_fallback,ab_test,True
practitioner,19,low_overlap_b8,low_overlap-b8-1020,1020,snips,0.7755227013266349,0.7466425924447556,0.7998250618100097,,0.8335974923959147,0.24950234862130527,77.19539478487707,0.0,trust,0.9353618605301539,pass,0.6296426289244954,fail,0.005837669471977719,pass,0.17911098411198711,pass,0.03153690818121899,0.04113545553986191,1.146007826792874,False,below,ab_fallback,ab_test,True
practitioner,19,low_overlap_b8,low_overlap-b8-1020,1020,clipped_ips,0.6366180670908347,0.623777265924357,0.6480156915774195,1.5134512370402662,0.8335974923959147,0.24950234862130527,77.19539478487707,0.0,trust,0.9353618605301539,pass,0.6296426289244954,fail,0.005837669471977719,pass,0.17911098411198711,pass,0.03153690818121899,0.04113545553986191,1.146007826792874,False,below,ab_fallback,ab_test,True
practitioner,19,low_overlap_b8,low_overlap-b8-1020,1020,dm,0.7936284767175655,0.7905368320236463,0.7963412119798949,,0.8335974923959147,0.24950234862130527,77.19539478487707,0.0,trust,0.9353618605301539,pass,0.6296426289244954,fail,0.005837669471977719,pass,0.17911098411198711,pass,0.03153690818121899,0.04113545553986191,1.146007826792874,False,below,ab_fallback,ab_test,True
practitioner,19,low_overlap_b8,low_overlap-b8-1020,1020,dr,0.7620915685363465,0.7402004677704336,0.7816984187360215,,0.8335974923959147,0.24950234862130527,77.19539478487707,0.0,trust,0.9353618605301539,pass,0.6296426289244954,fail,0.005837669471977719,pass,0.17911098411198711,pass,0.03153690818121899,0.04113545553986191,1.146007826792874,False,below,ab_fallback,ab_test,True
practitioner,19,low_overlap_b8,low_overlap-b8-1020,1020,switch_dr,0.789332146989322,0.779125569892393,0.798852335539092,1.9909895391190944,0.8335974923959147,0.24950234862130527,77.19539478487707,0.0,trust,0.9353618605301539,pass,0.6296426289244954,fail,0.005837669471977719,pass,0.17911098411198711,pass,0.03153690818121899,0.04113545553986191,1.146007826792874,False,below,ab_fallback,ab_test,True
practitioner,19,low_overlap_b8,low_overlap-b8-1020,1020,dros,0.7914772328219002,0.7836851234375416,0.7983856807231856,2.290534646898712,0.8335974923959147,0.24950234862130527,77.19539478487707,0.0,trust,0.9353618605301539,pass,0.6296426289244954,fail,0.005837669471977719,pass,0.17911098411198711,pass,0.03153690818121899,0.04113545553986191,1.146007826792874,False,below,ab_fallback,ab_test,True
practitioner,19,low_overlap_b-2,low_overlap-b-2-1021,1021,ips,0.41874029383470995,0.34283968110913887,0.4876375096062603,,0.8368520195726641,0.016202243646882032,464.4270854136021,0.0,distrust,0.9382348282774521,pass,1.4204859785541506,fail,0.026008379533305023,pass,0.3843585658946545,pass,0.1762715853092014,0.125205663697297,2.2992175538340622,False,below,ab_fallback,ab_test,False
practitioner,19,low_overlap_b-2,low_overlap-b-2-1021,1021,snips,0.446306490885117,0.3456004228483032,0.5456368783187991,,0.8368520195726641,0.016202243646882032,464.4270854136021,0.0,distrust,0.9382348282774521,pass,1.4204859785541506,fail,0.026008379533305023,pass,0.3843585658946545,pass,0.1762715853092014,0.125205663697297,2.2992175538340622,False,below,ab_fallback,ab_test,False
practitioner,19,low_overlap_b-2,low_overlap-b-2-1021,1021,clipped_ips,0.2747647680990377,0.2674940349616125,0.28318608252129,1.1815660090468074,0.8368520195726641,0.016202243646882032,464.4270854136021,0.0,distrust,0.9382348282774521,pass,1.4204859785541506,fail,0.026008379533305023,pass,0.3843585658946545,pass,0.1762715853092014,0.125205663697297,2.2992175538340622,False,below,ab_fallback,ab_test,False
practitioner,19,low_overlap_b-2,low_overlap-b-2-1021,1021,dm,0.5758909259643387,0.5736618319967551,0.5782320394640327,,0.8368520195726641,0.016202243646882032,464.4270854136021,0.0,distrust,0.9382348282774521,pass,1.4204859785541506,fail,0.026008379533305023,pass,0.3843585658946545,pass,0.1762715853092014,0.125205663697297,2.2992175538340622,False,below,ab_fallback,ab_test,False
practitioner,19,low_overlap_b-2,low_overlap-b-2-1021,1021,dr,0.39961934065513727,0.2877205297555438,0.4835851308630416,,0.8368520195726641,0.016202243646882032,464.4270854136021,0.0,distrust,0.9382348282774521,pass,1.4204859785541506,fail,0.026008379533305023,pass,0.3843585658946545,pass,0.1762715853092014,0.125205663697297,2.2992175538340622,False,below,ab_fallback,ab_test,False
practitioner,19,low_overlap_b-2,low_overlap-b-2-1021,1021,switch_dr,0.5727434833757169,0.5665312491656843,0.579188069669216,2.3104186835988516,0.8368520195726641,0.016202243646882032,464.4270854136021,0.0,distrust,0.9382348282774521,pass,1.4204859785541506,fail,0.026008379533305023,pass,0.3843585658946545,pass,0.1762715853092014,0.125205663697297,2.2992175538340622,False,below,ab_fallback,ab_test,False
practitioner,19,low_overlap_b-2,low_overlap-b-2-1021,1021,dros,0.5755591308035699,0.5717935647591041,0.5797649768596509,1.3960982337348002,0.8368520195726641,0.016202243646882032,464.4270854136021,0.0,distrust,0.9382348282774521,pass,1.4204859785541506,fail,0.026008379533305023,pass,0.3843585658946545,pass,0.1762715853092014,0.125205663697297,2.2992175538340622,False,below,ab_fallback,ab_test,False
practitioner,19,low_overlap_b2,low_overlap-b2-1021,1021,ips,0.6093176498746224,0.5698296383688707,0.6523556675484841,,0.8368520195726641,0.08348829316960557,116.38866091929854,0.0,distrust,0.9843284275808278,pass,1.4204859785541506,fail,0.024516714755043238,pass,0.2123206536170022,pass,0.10227436575696726,0.057812682192025025,1.5875116007777028,False,below,ab_fallback,ab_test,False
practitioner,19,low_overlap_b2,low_overlap-b2-1021,1021,snips,0.6190186454049033,0.5626019769360247,0.6709218660156695,,0.8368520195726641,0.08348829316960557,116.38866091929854,0.0,distrust,0.9843284275808278,pass,1.4204859785541506,fail,0.024516714755043238,pass,0.2123206536170022,pass,0.10227436575696726,0.057812682192025025,1.5875116007777028,False,below,ab_fallback,ab_test,False
practitioner,19,low_overlap_b2,low_overlap-b2-1021,1021,clipped_ips,0.4875882020114229,0.4776425108483939,0.4979468724138306,1.3940791081836024,0.8368520195726641,0.08348829316960557,116.38866091929854,0.0,distrust,0.9843284275808278,pass,1.4204859785541506,fail,0.024516714755043238,pass,0.2123206536170022,pass,0.10227436575696726,0.057812682192025025,1.5875116007777028,False,below,ab_fallback,ab_test,False
practitioner,19,low_overlap_b2,low_overlap-b2-1021,1021,dm,0.700175502243758,0.6980275280885988,0.702251464464019,,0.8368520195726641,0.08348829316960557,116.38866091929854,0.0,distrust,0.9843284275808278,pass,1.4204859785541506,fail,0.024516714755043238,pass,0.2123206536170022,pass,0.10227436575696726,0.057812682192025025,1.5875116007777028,False,below,ab_fallback,ab_test,False
practitioner,19,low_overlap_b2,low_overlap-b2-1021,1021,dr,0.5979011364867908,0.5424306474273854,0.6448861556712198,,0.8368520195726641,0.08348829316960557,116.38866091929854,0.0,distrust,0.9843284275808278,pass,1.4204859785541506,fail,0.024516714755043238,pass,0.2123206536170022,pass,0.10227436575696726,0.057812682192025025,1.5875116007777028,False,below,ab_fallback,ab_test,False
practitioner,19,low_overlap_b2,low_overlap-b2-1021,1021,switch_dr,0.6973605534625613,0.6899006268161455,0.7061646047341911,2.428718442012931,0.8368520195726641,0.08348829316960557,116.38866091929854,0.0,distrust,0.9843284275808278,pass,1.4204859785541506,fail,0.024516714755043238,pass,0.2123206536170022,pass,0.10227436575696726,0.057812682192025025,1.5875116007777028,False,below,ab_fallback,ab_test,False
practitioner,19,low_overlap_b2,low_overlap-b2-1021,1021,dros,0.698492952434508,0.6932242459677386,0.7041692137700626,1.9434565598739881,0.8368520195726641,0.08348829316960557,116.38866091929854,0.0,distrust,0.9843284275808278,pass,1.4204859785541506,fail,0.024516714755043238,pass,0.2123206536170022,pass,0.10227436575696726,0.057812682192025025,1.5875116007777028,False,below,ab_fallback,ab_test,False
practitioner,19,low_overlap_b8,low_overlap-b8-1021,1021,ips,0.7658809337806988,0.7348714180961731,0.8064586068627748,,0.8368520195726641,0.1987426842413059,94.45190430274096,0.0,trust,0.9941385457644544,pass,1.4204859785541506,fail,0.017740915862677415,pass,0.1305036800940679,pass,0.04442065235444048,0.0537768434899342,1.1593421205028382,False,below,ab_fallback,ab_test,True
practitioner,19,low_overlap_b8,low_overlap-b8-1021,1021,snips,0.7703965780662551,0.7361286283871141,0.8017362857185347,,0.8368520195726641,0.1987426842413059,94.45190430274096,0.0,trust,0.9941385457644544,pass,1.4204859785541506,fail,0.017740915862677415,pass,0.1305036800940679,pass,0.04442065235444048,0.0537768434899342,1.1593421205028382,False,below,ab_fallback,ab_test,True
practitioner,19,low_overlap_b8,low_overlap-b8-1021,1021,clipped_ips,0.6698569894967319,0.656249615387087,0.6819672451552606,1.6826548783984983,0.8368520195726641,0.1987426842413059,94.45190430274096,0.0,trust,0.9941385457644544,pass,1.4204859785541506,fail,0.017740915862677415,pass,0.1305036800940679,pass,0.04442065235444048,0.0537768434899342,1.1593421205028382,False,below,ab_fallback,ab_test,True
practitioner,19,low_overlap_b8,low_overlap-b8-1021,1021,dm,0.8123362464930078,0.8094814209886781,0.8150820081152073,,0.8368520195726641,0.1987426842413059,94.45190430274096,0.0,trust,0.9941385457644544,pass,1.4204859785541506,fail,0.017740915862677415,pass,0.1305036800940679,pass,0.04442065235444048,0.0537768434899342,1.1593421205028382,False,below,ab_fallback,ab_test,True
practitioner,19,low_overlap_b8,low_overlap-b8-1021,1021,dr,0.7679155941385674,0.735490323760599,0.7984402239095002,,0.8368520195726641,0.1987426842413059,94.45190430274096,0.0,trust,0.9941385457644544,pass,1.4204859785541506,fail,0.017740915862677415,pass,0.1305036800940679,pass,0.04442065235444048,0.0537768434899342,1.1593421205028382,False,below,ab_fallback,ab_test,True
practitioner,19,low_overlap_b8,low_overlap-b8-1021,1021,switch_dr,0.8061681536620094,0.7955720045425029,0.8175928207744901,2.363806945848341,0.8368520195726641,0.1987426842413059,94.45190430274096,0.0,trust,0.9941385457644544,pass,1.4204859785541506,fail,0.017740915862677415,pass,0.1305036800940679,pass,0.04442065235444048,0.0537768434899342,1.1593421205028382,False,below,ab_fallback,ab_test,True
practitioner,19,low_overlap_b8,low_overlap-b8-1021,1021,dros,0.8085709250086317,0.8013428928182741,0.8162646520843883,2.831327439798265,0.8368520195726641,0.1987426842413059,94.45190430274096,0.0,trust,0.9941385457644544,pass,1.4204859785541506,fail,0.017740915862677415,pass,0.1305036800940679,pass,0.04442065235444048,0.0537768434899342,1.1593421205028382,False,below,ab_fallback,ab_test,True
practitioner,19,low_overlap_b-2,low_overlap-b-2-1022,1022,ips,0.341193552671074,0.16133636661732015,0.46919971046006875,,0.8332592417817831,0.011284296677782243,654.5177267868539,0.0,distrust,0.9623373950247925,pass,1.60205053934793,fail,-0.019843672253454375,pass,0.2969578923971147,pass,0.24529581411049275,0.34052313609939566,2.645577873749308,False,below,ab_fallback,ab_test,False
practitioner,19,low_overlap_b-2,low_overlap-b-2-1022,1022,snips,0.3545467051732764,0.14372320469057576,0.529603135852302,,0.8332592417817831,0.011284296677782243,654.5177267868539,0.0,distrust,0.9623373950247925,pass,1.60205053934793,fail,-0.019843672253454375,pass,0.2969578923971147,pass,0.24529581411049275,0.34052313609939566,2.645577873749308,False,below,ab_fallback,ab_test,False
practitioner,19,low_overlap_b-2,low_overlap-b-2-1022,1022,clipped_ips,0.24926126284867905,0.24153759850901907,0.2569119105336563,1.0924926215865862,0.8332592417817831,0.011284296677782243,654.5177267868539,0.0,distrust,0.9623373950247925,pass,1.60205053934793,fail,-0.019843672253454375,pass,0.2969578923971147,pass,0.24529581411049275,0.34052313609939566,2.645577873749308,False,below,ab_fallback,ab_test,False
practitioner,19,low_overlap_b-2,low_overlap-b-2-1022,1022,dm,0.5614456497338922,0.5586237525513778,0.5642220591239293,,0.8332592417817831,0.011284296677782243,654.5177267868539,0.0,distrust,0.9623373950247925,pass,1.60205053934793,fail,-0.019843672253454375,pass,0.2969578923971147,pass,0.24529581411049275,0.34052313609939566,2.645577873749308,False,below,ab_fallback,ab_test,False
practitioner,19,low_overlap_b-2,low_overlap-b-2-1022,1022,dr,0.3161498356233995,0.06735659089711844,0.4780959574606888,,0.8332592417817831,0.011284296677782243,654.5177267868539,0.0,distrust,0.9623373950247925,pass,1.60205053934793,fail,-0.019843672253454375,pass,0.2969578923971147,pass,0.24529581411049275,0.34052313609939566,2.645577873749308,False,below,ab_fallback,ab_test,False
practitioner,19,low_overlap_b-2,low_overlap-b-2-1022,1022,switch_dr,0.5600985009826723,0.553559396551142,0.566580385908506,2.1787321040944314,0.8332592417817831,0.011284296677782243,654.5177267868539,0.0,distrust,0.9623373950247925,pass,1.60205053934793,fail,-0.019843672253454375,pass,0.2969578923971147,pass,0.24529581411049275,0.34052313609939566,2.645577873749308,False,below,ab_fallback,ab_test,False
practitioner,19,low_overlap_b-2,low_overlap-b-2-1022,1022,dros,0.5616206628783729,0.5573619352826792,0.5661122006442612,1.193540128221132,0.8332592417817831,0.011284296677782243,654.5177267868539,0.0,distrust,0.9623373950247925,pass,1.60205053934793,fail,-0.019843672253454375,pass,0.2969578923971147,pass,0.24529581411049275,0.34052313609939566,2.645577873749308,False,below,ab_fallback,ab_test,False
practitioner,19,low_overlap_b2,low_overlap-b2-1022,1022,ips,0.5830700096108227,0.5409236129396416,0.6271462574167056,,0.8332592417817831,0.08484491778749023,122.21243430964314,0.0,distrust,1.0034583414887783,pass,1.60205053934793,fail,-0.0005057597806180618,pass,0.1526261753371483,pass,0.14077999317081516,0.06591841073566845,1.7108264252196304,False,below,ab_fallback,ab_test,False
practitioner,19,low_overlap_b2,low_overlap-b2-1022,1022,snips,0.5810605039624788,0.5134302194913611,0.6498014323300646,,0.8332592417817831,0.08484491778749023,122.21243430964314,0.0,distrust,1.0034583414887783,pass,1.60205053934793,fail,-0.0005057597806180618,pass,0.1526261753371483,pass,0.14077999317081516,0.06591841073566845,1.7108264252196304,False,below,ab_fallback,ab_test,False
practitioner,19,low_overlap_b2,low_overlap-b2-1022,1022,clipped_ips,0.4943849672515536,0.4840093283369264,0.5052015707084744,1.4266138341975028,0.8332592417817831,0.08484491778749023,122.21243430964314,0.0,distrust,1.0034583414887783,pass,1.60205053934793,fail,-0.0005057597806180618,pass,0.1526261753371483,pass,0.14077999317081516,0.06591841073566845,1.7108264252196304,False,below,ab_fallback,ab_test,False
practitioner,19,low_overlap_b2,low_overlap-b2-1022,1022,dm,0.7046050295714389,0.702649439591796,0.7068884148994343,,0.8332592417817831,0.08484491778749023,122.21243430964314,0.0,distrust,1.0034583414887783,pass,1.60205053934793,fail,-0.0005057597806180618,pass,0.1526261753371483,pass,0.14077999317081516,0.06591841073566845,1.7108264252196304,False,below,ab_fallback,ab_test,False
practitioner,19,low_overlap_b2,low_overlap-b2-1022,1022,dr,0.5638250364006238,0.4892356576696761,0.628841137673599,,0.8332592417817831,0.08484491778749023,122.21243430964314,0.0,distrust,1.0034583414887783,pass,1.60205053934793,fail,-0.0005057597806180618,pass,0.1526261753371483,pass,0.14077999317081516,0.06591841073566845,1.7108264252196304,False,below,ab_fallback,ab_test,False
practitioner,19,low_overlap_b2,low_overlap-b2-1022,1022,switch_dr,0.7012850284142157,0.6924943484721154,0.7096280592566567,2.4855991849560692,0.8332592417817831,0.08484491778749023,122.21243430964314,0.0,distrust,1.0034583414887783,pass,1.60205053934793,fail,-0.0005057597806180618,pass,0.1526261753371483,pass,0.14077999317081516,0.06591841073566845,1.7108264252196304,False,below,ab_fallback,ab_test,False
practitioner,19,low_overlap_b2,low_overlap-b2-1022,1022,dros,0.703667529137896,0.6978332689518864,0.7092472729237874,2.0352270319237,0.8332592417817831,0.08484491778749023,122.21243430964314,0.0,distrust,1.0034583414887783,pass,1.60205053934793,fail,-0.0005057597806180618,pass,0.1526261753371483,pass,0.14077999317081516,0.06591841073566845,1.7108264252196304,False,below,ab_fallback,ab_test,False
practitioner,19,low_overlap_b8,low_overlap-b8-1022,1022,ips,0.7706319988271377,0.748013578986039,0.7918291228174678,,0.8332592417817831,0.38815625645080204,33.93481808951143,0.0,trust,1.016785180335667,pass,1.60205053934793,fail,0.0015254396194241521,pass,0.0669777339234718,pass,0.06266432318070556,0.01837502386899349,1.1884406351795866,False,below,ab_fallback,ab_test,True
practitioner,19,low_overlap_b8,low_overlap-b8-1022,1022,snips,0.7579103371399771,0.7287838894332023,0.7855551821001759,,0.8332592417817831,0.38815625645080204,33.93481808951143,0.0,trust,1.016785180335667,pass,1.60205053934793,fail,0.0015254396194241521,pass,0.0669777339234718,pass,0.06266432318070556,0.01837502386899349,1.1884406351795866,False,below,ab_fallback,ab_test,True
practitioner,19,low_overlap_b8,low_overlap-b8-1022,1022,clipped_ips,0.7198688819283275,0.7076572636919563,0.7334140191064054,1.6260572042627484,0.8332592417817831,0.38815625645080204,33.93481808951143,0.0,trust,1.016785180335667,pass,1.60205053934793,fail,0.0015254396194241521,pass,0.0669777339234718,pass,0.06266432318070556,0.01837502386899349,1.1884406351795866,False,below,ab_fallback,ab_test,True
practitioner,19,low_overlap_b8,low_overlap-b8-1022,1022,dm,0.8180305493548657,0.8154775015710347,0.8207481269510422,,0.8332592417817831,0.38815625645080204,33.93481808951143,0.0,trust,1.016785180335667,pass,1.60205053934793,fail,0.0015254396194241521,pass,0.0669777339234718,pass,0.06266432318070556,0.01837502386899349,1.1884406351795866,False,below,ab_fallback,ab_test,True
practitioner,19,low_overlap_b8,low_overlap-b8-1022,1022,dr,0.7553662261741602,0.7272746366240654,0.7801747168671342,,0.8332592417817831,0.38815625645080204,33.93481808951143,0.0,trust,1.016785180335667,pass,1.60205053934793,fail,0.0015254396194241521,pass,0.0669777339234718,pass,0.06266432318070556,0.01837502386899349,1.1884406351795866,False,below,ab_fallback,ab_test,True
practitioner,19,low_overlap_b8,low_overlap-b8-1022,1022,switch_dr,0.8151691890367838,0.8049692088244793,0.8266054114604602,2.1467918396828725,0.8332592417817831,0.38815625645080204,33.93481808951143,0.0,trust,1.016785180335667,pass,1.60205053934793,fail,0.0015254396194241521,pass,0.0669777339234718,pass,0.06266432318070556,0.01837502386899349,1.1884406351795866,False,below,ab_fallback,ab_test,True
practitioner,19,low_overlap_b8,low_overlap-b8-1022,1022,dros,0.8154295317583259,0.8083184782291097,0.8235096168821222,2.6440620315347854,0.8332592417817831,0.38815625645080204,33.93481808951143,0.0,trust,1.016785180335667,pass,1.60205053934793,fail,0.0015254396194241521,pass,0.0669777339234718,pass,0.06266432318070556,0.01837502386899349,1.1884406351795866,False,below,ab_fallback,ab_test,True
practitioner,19,low_overlap_b-2,low_overlap-b-2-1023,1023,ips,0.4732803004647757,0.3612314320948855,0.6403033544362048,,0.8427521329374399,0.007034047713975562,739.0725655716658,0.0,ab_fallback,0.968425465312465,pass,1.4457896289721803,fail,-0.06583436716433735,pass,0.5251230752036005,fail,0.08154767361045061,0.2626014926042599,2.341540612185482,False,below,ab_fallback,ab_test,False
practitioner,19,low_overlap_b-2,low_overlap-b-2-1023,1023,snips,0.4887111268930445,0.4061783671960922,0.5562857912559448,,0.8427521329374399,0.007034047713975562,739.0725655716658,0.0,ab_fallback,0.968425465312465,pass,1.4457896289721803,fail,-0.06583436716433735,pass,0.5251230752036005,fail,0.08154767361045061,0.2626014926042599,2.341540612185482,False,below,ab_fallback,ab_test,False
practitioner,19,low_overlap_b-2,low_overlap-b-2-1023,1023,clipped_ips,0.232077637052752,0.22533407633555724,0.23908912318446038,0.9811510703601615,0.8427521329374399,0.007034047713975562,739.0725655716658,0.0,ab_fallback,0.968425465312465,pass,1.4457896289721803,fail,-0.06583436716433735,pass,0.5251230752036005,fail,0.08154767361045061,0.2626014926042599,2.341540612185482,False,below,ab_fallback,ab_test,False
practitioner,19,low_overlap_b-2,low_overlap-b-2-1023,1023,dm,0.5901214321115837,0.5873605091541458,0.5925611274070377,,0.8427521329374399,0.007034047713975562,739.0725655716658,0.0,ab_fallback,0.968425465312465,pass,1.4457896289721803,fail,-0.06583436716433735,pass,0.5251230752036005,fail,0.08154767361045061,0.2626014926042599,2.341540612185482,False,below,ab_fallback,ab_test,False
practitioner,19,low_overlap_b-2,low_overlap-b-2-1023,1023,dr,0.5085737585011332,0.398582939696937,0.6335902958884395,,0.8427521329374399,0.007034047713975562,739.0725655716658,0.0,ab_fallback,0.968425465312465,pass,1.4457896289721803,fail,-0.06583436716433735,pass,0.5251230752036005,fail,0.08154767361045061,0.2626014926042599,2.341540612185482,False,below,ab_fallback,ab_test,False
practitioner,19,low_overlap_b-2,low_overlap-b-2-1023,1023,switch_dr,0.5894618632112334,0.5838400758449751,0.5950050159112583,2.0074470324808074,0.8427521329374399,0.007034047713975562,739.0725655716658,0.0,ab_fallback,0.968425465312465,pass,1.4457896289721803,fail,-0.06583436716433735,pass,0.5251230752036005,fail,0.08154767361045061,0.2626014926042599,2.341540612185482,False,below,ab_fallback,ab_test,False
practitioner,19,low_overlap_b-2,low_overlap-b-2-1023,1023,dros,0.5902050436265305,0.5864538939423756,0.5942452763769306,0.9626574228688906,0.8427521329374399,0.007034047713975562,739.0725655716658,0.0,ab_fallback,0.968425465312465,pass,1.4457896289721803,fail,-0.06583436716433735,pass,0.5251230752036005,fail,0.08154767361045061,0.2626014926042599,2.341540612185482,False,below,ab_fallback,ab_test,False
practitioner,19,low_overlap_b2,low_overlap-b2-1023,1023,ips,0.6254404312517369,0.5913800721078081,0.6635097634608264,,0.8427521329374399,0.09306234434947314,123.09699796761238,0.0,distrust,0.958356884179962,pass,1.4457896289721803,fail,-0.007191576001036671,pass,0.22007392398181375,pass,0.07433852399580723,0.057278877669303584,1.5242242610821295,False,below,ab_fallback,ab_test,False
practitioner,19,low_overlap_b2,low_overlap-b2-1023,1023,snips,0.6526174555389227,0.608031759441243,0.6968269441698854,,0.8427521329374399,0.09306234434947314,123.09699796761238,0.0,distrust,0.958356884179962,pass,1.4457896289721803,fail,-0.007191576001036671,pass,0.22007392398181375,pass,0.07433852399580723,0.057278877669303584,1.5242242610821295,False,below,ab_fallback,ab_test,False
practitioner,19,low_overlap_b2,low_overlap-b2-1023,1023,clipped_ips,0.5089933712394451,0.4995828566590355,0.5188849084864781,1.3444198917606878,0.8427521329374399,0.09306234434947314,123.09699796761238,0.0,distrust,0.958356884179962,pass,1.4457896289721803,fail,-0.007191576001036671,pass,0.22007392398181375,pass,0.07433852399580723,0.057278877669303584,1.5242242610821295,False,below,ab_fallback,ab_test,False
practitioner,19,low_overlap_b2,low_overlap-b2-1023,1023,dm,0.7235380417330112,0.7212820379136092,0.7256004582851426,,0.8427521329374399,0.09306234434947314,123.09699796761238,0.0,distrust,0.958356884179962,pass,1.4457896289721803,fail,-0.007191576001036671,pass,0.22007392398181375,pass,0.07433852399580723,0.057278877669303584,1.5242242610821295,False,below,ab_fallback,ab_test,False
practitioner,19,low_overlap_b2,low_overlap-b2-1023,1023,dr,0.649199517737204,0.6088879736233371,0.686376269201766,,0.8427521329374399,0.09306234434947314,123.09699796761238,0.0,distrust,0.958356884179962,pass,1.4457896289721803,fail,-0.007191576001036671,pass,0.22007392398181375,pass,0.07433852399580723,0.057278877669303584,1.5242242610821295,False,below,ab_fallback,ab_test,False
practitioner,19,low_overlap_b2,low_overlap-b2-1023,1023,switch_dr,0.7240377037188356,0.7163057907430973,0.7326215645513234,2.2443881642180354,0.8427521329374399,0.09306234434947314,123.09699796761238,0.0,distrust,0.958356884179962,pass,1.4457896289721803,fail,-0.007191576001036671,pass,0.22007392398181375,pass,0.07433852399580723,0.057278877669303584,1.5242242610821295,False,below,ab_fallback,ab_test,False
practitioner,19,low_overlap_b2,low_overlap-b2-1023,1023,dros,0.7233081472691019,0.7181762073046396,0.7295198590720144,1.8074648453618194,0.8427521329374399,0.09306234434947314,123.09699796761238,0.0,distrust,0.958356884179962,pass,1.4457896289721803,fail,-0.007191576001036671,pass,0.22007392398181375,pass,0.07433852399580723,0.057278877669303584,1.5242242610821295,False,below,ab_fallback,ab_test,False
practitioner,19,low_overlap_b8,low_overlap-b8-1023,1023,ips,0.7832862961582281,0.7593641726672021,0.8081669388399385,,0.8427521329374399,0.4332831341325798,34.57632996728883,0.0,trust,0.9942561981282744,pass,1.4457896289721803,fail,-0.005431231493162902,pass,0.07801780489004694,pass,0.04554488224523899,0.013936375936027376,1.1325163981190156,False,below,ab_fallback,ab_test,True
practitioner,19,low_overlap_b8,low_overlap-b8-1023,1023,snips,0.787811328340517,0.7564893571469268,0.8171242201850905,,0.8427521329374399,0.4332831341325798,34.57632996728883,0.0,trust,0.9942561981282744,pass,1.4457896289721803,fail,-0.005431231493162902,pass,0.07801780489004694,pass,0.04554488224523899,0.013936375936027376,1.1325163981190156,False,below,ab_fallback,ab_test,True
practitioner,19,low_overlap_b8,low_overlap-b8-1023,1023,clipped_ips,0.7263480178358779,0.7123273003287727,0.740927324402898,1.659064292248535,0.8427521329374399,0.4332831341325798,34.57632996728883,0.0,trust,0.9942561981282744,pass,1.4457896289721803,fail,-0.005431231493162902,pass,0.07801780489004694,pass,0.04554488224523899,0.013936375936027376,1.1325163981190156,False,below,ab_fallback,ab_test,True
practitioner,19,low_overlap_b8,low_overlap-b8-1023,1023,dm,0.8304129884760997,0.8272608877101986,0.8330679030228562,,0.8427521329374399,0.4332831341325798,34.57632996728883,0.0,trust,0.9942561981282744,pass,1.4457896289721803,fail,-0.005431231493162902,pass,0.07801780489004694,pass,0.04554488224523899,0.013936375936027376,1.1325163981190156,False,below,ab_fallback,ab_test,True
practitioner,19,low_overlap_b8,low_overlap-b8-1023,1023,dr,0.7848681062308607,0.7560941384411826,0.8113839812842015,,0.8427521329374399,0.4332831341325798,34.57632996728883,0.0,trust,0.9942561981282744,pass,1.4457896289721803,fail,-0.005431231493162902,pass,0.07801780489004694,pass,0.04554488224523899,0.013936375936027376,1.1325163981190156,False,below,ab_fallback,ab_test,True
practitioner,19,low_overlap_b8,low_overlap-b8-1023,1023,switch_dr,0.8279671895503934,0.8168405510782304,0.8406401649082315,2.173248263342033,0.8427521329374399,0.4332831341325798,34.57632996728883,0.0,trust,0.9942561981282744,pass,1.4457896289721803,fail,-0.005431231493162902,pass,0.07801780489004694,pass,0.04554488224523899,0.013936375936027376,1.1325163981190156,False,below,ab_fallback,ab_test,True
practitioner,19,low_overlap_b8,low_overlap-b8-1023,1023,dros,0.8296673393686573,0.8224177930032659,0.8384189636416114,2.7524943258141326,0.8427521329374399,0.4332831341325798,34.57632996728883,0.0,trust,0.9942561981282744,pass,1.4457896289721803,fail,-0.005431231493162902,pass,0.07801780489004694,pass,0.04554488224523899,0.013936375936027376,1.1325163981190156,False,below,ab_fallback,ab_test,True
practitioner,19,low_overlap_b-2,low_overlap-b-2-1024,1024,ips,0.4934331747184717,0.3668376364348677,0.6544590425451016,,0.8377527287212093,0.005722194396733396,900.4813796163901,0.0,ab_fallback,1.1723799214480257,pass,2.1059542704587644,pass,-0.050874005165832445,pass,0.6071470597018459,fail,0.0667073619105655,0.3538162621944859,2.6266956532315913,False,below,ab_fallback,ab_test,False
practitioner,19,low_overlap_b-2,low_overlap-b-2-1024,1024,snips,0.42088163204724993,0.2988922611284718,0.5384469611522322,,0.8377527287212093,0.005722194396733396,900.4813796163901,0.0,ab_fallback,1.1723799214480257,pass,2.1059542704587644,pass,-0.050874005165832445,pass,0.6071470597018459,fail,0.0667073619105655,0.3538162621944859,2.6266956532315913,False,below,ab_fallback,ab_test,False
practitioner,19,low_overlap_b-2,low_overlap-b-2-1024,1024,clipped_ips,0.23789612933846974,0.23146328113445908,0.24458573509827433,1.0361261637102366,0.8377527287212093,0.005722194396733396,900.4813796163901,0.0,ab_fallback,1.1723799214480257,pass,2.1059542704587644,pass,-0.050874005165832445,pass,0.6071470597018459,fail,0.0667073619105655,0.3538162621944859,2.6266956532315913,False,below,ab_fallback,ab_test,False
practitioner,19,low_overlap_b-2,low_overlap-b-2-1024,1024,dm,0.5736129372198265,0.5708414489509419,0.5765506658450619,,0.8377527287212093,0.005722194396733396,900.4813796163901,0.0,ab_fallback,1.1723799214480257,pass,2.1059542704587644,pass,-0.050874005165832445,pass,0.6071470597018459,fail,0.0667073619105655,0.3538162621944859,2.6266956532315913,False,below,ab_fallback,ab_test,False
practitioner,19,low_overlap_b-2,low_overlap-b-2-1024,1024,dr,0.5069055753092611,0.3547309381918425,0.6891415897058911,,0.8377527287212093,0.005722194396733396,900.4813796163901,0.0,ab_fallback,1.1723799214480257,pass,2.1059542704587644,pass,-0.050874005165832445,pass,0.6071470597018459,fail,0.0667073619105655,0.3538162621944859,2.6266956532315913,False,below,ab_fallback,ab_test,False
practitioner,19,low_overlap_b-2,low_overlap-b-2-1024,1024,switch_dr,0.5722822914786104,0.5661353406806069,0.5779632619260201,2.01547023782444,0.8377527287212093,0.005722194396733396,900.4813796163901,0.0,ab_fallback,1.1723799214480257,pass,2.1059542704587644,pass,-0.050874005165832445,pass,0.6071470597018459,fail,0.0667073619105655,0.3538162621944859,2.6266956532315913,False,below,ab_fallback,ab_test,False
practitioner,19,low_overlap_b-2,low_overlap-b-2-1024,1024,dros,0.5731154968085735,0.568822071291752,0.576985990762988,1.073557427124892,0.8377527287212093,0.005722194396733396,900.4813796163901,0.0,ab_fallback,1.1723799214480257,pass,2.1059542704587644,pass,-0.050874005165832445,pass,0.6071470597018459,fail,0.0667073619105655,0.3538162621944859,2.6266956532315913,False,below,ab_fallback,ab_test,False
practitioner,19,low_overlap_b2,low_overlap-b2-1024,1024,ips,0.6584536420858541,0.6088276449659509,0.7057626675012195,,0.8377527287212093,0.05575866209033994,141.41515332242372,0.0,distrust,1.051361860363635,pass,2.1059542704587644,pass,-0.022850830010743024,pass,0.24613345378002568,pass,0.0799209028095396,0.08770099211808197,1.6083550452554176,False,below,distrust,ab_test,False
practitioner,19,low_overlap_b2,low_overlap-b2-1024,1024,snips,0.6262864070969004,0.5602546464011717,0.6860961500998807,,0.8377527287212093,0.05575866209033994,141.41515332242372,0.0,distrust,1.051361860363635,pass,2.1059542704587644,pass,-0.022850830010743024,pass,0.24613345378002568,pass,0.0799209028095396,0.08770099211808197,1.6083550452554176,False,below,distrust,ab_test,False
practitioner,19,low_overlap_b2,low_overlap-b2-1024,1024,clipped_ips,0.5043036056516108,0.4952461041801954,0.514417672361884,1.3481256099767893,0.8377527287212093,0.05575866209033994,141.41515332242372,0.0,distrust,1.051361860363635,pass,2.1059542704587644,pass,-0.022850830010743024,pass,0.24613345378002568,pass,0.0799209028095396,0.08770099211808197,1.6083550452554176,False,below,distrust,ab_test,False
practitioner,19,low_overlap_b2,low_overlap-b2-1024,1024,dm,0.7253113449247665,0.722976834886446,0.7274541806147143,,0.8377527287212093,0.05575866209033994,141.41515332242372,0.0,distrust,1.051361860363635,pass,2.1059542704587644,pass,-0.022850830010743024,pass,0.24613345378002568,pass,0.0799209028095396,0.08770099211808197,1.6083550452554176,False,below,distrust,ab_test,False
practitioner,19,low_overlap_b2,low_overlap-b2-1024,1024,dr,0.6453904421152269,0.578504209204559,0.701930325476101,,0.8377527287212093,0.05575866209033994,141.41515332242372,0.0,distrust,1.051361860363635,pass,2.1059542704587644,pass,-0.022850830010743024,pass,0.24613345378002568,pass,0.0799209028095396,0.08770099211808197,1.6083550452554176,False,below,distrust,ab_test,False
practitioner,19,low_overlap_b2,low_overlap-b2-1024,1024,switch_dr,0.7253194577381923,0.7171456572646289,0.7336769028773751,2.334124680137811,0.8377527287212093,0.05575866209033994,141.41515332242372,0.0,distrust,1.051361860363635,pass,2.1059542704587644,pass,-0.022850830010743024,pass,0.24613345378002568,pass,0.0799209028095396,0.08770099211808197,1.6083550452554176,False,below,distrust,ab_test,False
practitioner,19,low_overlap_b2,low_overlap-b2-1024,1024,dros,0.7245316615354662,0.7186262158869655,0.7298847578777942,1.8174426602752902,0.8377527287212093,0.05575866209033994,141.41515332242372,0.0,distrust,1.051361860363635,pass,2.1059542704587644,pass,-0.022850830010743024,pass,0.24613345378002568,pass,0.0799209028095396,0.08770099211808197,1.6083550452554176,False,below,distrust,ab_test,False
practitioner,19,low_overlap_b8,low_overlap-b8-1024,1024,ips,0.797471962767715,0.7752456094776645,0.8208291967826967,,0.8377527287212093,0.25488593046010444,65.9080834446543,0.0,trust,1.0162213676159975,pass,2.1059542704587644,pass,-0.007008214348963632,pass,0.08239719417000407,pass,0.04472450101494133,0.0229412959670989,1.1323519097008061,False,below,trust,no_go,True
practitioner,19,low_overlap_b8,low_overlap-b8-1024,1024,snips,0.7847423683272305,0.7574838425203387,0.8100067667557803,,0.8377527287212093,0.25488593046010444,65.9080834446543,0.0,trust,1.0162213676159975,pass,2.1059542704587644,pass,-0.007008214348963632,pass,0.08239719417000407,pass,0.04472450101494133,0.0229412959670989,1.1323519097008061,False,below,trust,no_go,True
practitioner,19,low_overlap_b8,low_overlap-b8-1024,1024,clipped_ips,0.7328113934712274,0.7186861598896007,0.7466022252095328,1.5933296416002904,0.8377527287212093,0.25488593046010444,65.9080834446543,0.0,trust,1.0162213676159975,pass,2.1059542704587644,pass,-0.007008214348963632,pass,0.08239719417000407,pass,0.04472450101494133,0.0229412959670989,1.1323519097008061,False,below,trust,no_go,True
practitioner,19,low_overlap_b8,low_overlap-b8-1024,1024,dm,0.8301993793604506,0.8275039457334784,0.8330961994471888,,0.8377527287212093,0.25488593046010444,65.9080834446543,0.0,trust,1.0162213676159975,pass,2.1059542704587644,pass,-0.007008214348963632,pass,0.08239719417000407,pass,0.04472450101494133,0.0229412959670989,1.1323519097008061,False,below,trust,no_go,True
practitioner,19,low_overlap_b8,low_overlap-b8-1024,1024,dr,0.7854748783455093,0.7635094576991475,0.8061286910395865,,0.8377527287212093,0.25488593046010444,65.9080834446543,0.0,trust,1.0162213676159975,pass,2.1059542704587644,pass,-0.007008214348963632,pass,0.08239719417000407,pass,0.04472450101494133,0.0229412959670989,1.1323519097008061,False,below,trust,no_go,True
practitioner,19,low_overlap_b8,low_overlap-b8-1024,1024,switch_dr,0.8303415669056479,0.8194368977846287,0.8411524657375781,2.0145552126835313,0.8377527287212093,0.25488593046010444,65.9080834446543,0.0,trust,1.0162213676159975,pass,2.1059542704587644,pass,-0.007008214348963632,pass,0.08239719417000407,pass,0.04472450101494133,0.0229412959670989,1.1323519097008061,False,below,trust,no_go,True
practitioner,19,low_overlap_b8,low_overlap-b8-1024,1024,dros,0.829293559894195,0.8218626616682096,0.8369244712609589,2.53869934680211,0.8377527287212093,0.25488593046010444,65.9080834446543,0.0,trust,1.0162213676159975,pass,2.1059542704587644,pass,-0.007008214348963632,pass,0.08239719417000407,pass,0.04472450101494133,0.0229412959670989,1.1323519097008061,False,below,trust,no_go,True
practitioner,19,low_overlap_b-2,low_overlap-b-2-1025,1025,ips,0.5412564318753796,0.43545848825384226,0.6901253254701089,,0.8337188592424902,0.014074668460034346,473.43063887800423,0.0,distrust,1.1260182032550052,pass,1.4820327919284437,pass,0.12956598454677623,fail,0.543486491933496,fail,0.1522511216819254,0.18307646820278017,2.302300022540693,False,below,distrust,ab_test,False
practitioner,19,low_overlap_b-2,low_overlap-b-2-1025,1025,snips,0.48068177788845495,0.4026503699059477,0.5636721529574233,,0.8337188592424902,0.014074668460034346,473.43063887800423,0.0,distrust,1.1260182032550052,pass,1.4820327919284437,pass,0.12956598454677623,fail,0.543486491933496,fail,0.1522511216819254,0.18307646820278017,2.302300022540693,False,below,distrust,ab_test,False
practitioner,19,low_overlap_b-2,low_overlap-b-2-1025,1025,clipped_ips,0.28001237867442735,0.2720065605432872,0.2876476827846793,1.1716251745384763,0.8337188592424902,0.014074668460034346,473.43063887800423,0.0,distrust,1.1260182032550052,pass,1.4820327919284437,pass,0.12956598454677623,fail,0.543486491933496,fail,0.1522511216819254,0.18307646820278017,2.302300022540693,False,below,distrust,ab_test,False
practitioner,19,low_overlap_b-2,low_overlap-b-2-1025,1025,dm,0.5982184180530679,0.5959007620782107,0.6006222581890612,,0.8337188592424902,0.014074668460034346,473.43063887800423,0.0,distrust,1.1260182032550052,pass,1.4820327919284437,pass,0.12956598454677623,fail,0.543486491933496,fail,0.1522511216819254,0.18307646820278017,2.302300022540693,False,below,distrust,ab_test,False
practitioner,19,low_overlap_b-2,low_overlap-b-2-1025,1025,dr,0.44596729637114246,0.3347746827883952,0.5416947539807947,,0.8337188592424902,0.014074668460034346,473.43063887800423,0.0,distrust,1.1260182032550052,pass,1.4820327919284437,pass,0.12956598454677623,fail,0.543486491933496,fail,0.1522511216819254,0.18307646820278017,2.302300022540693,False,below,distrust,ab_test,False
practitioner,19,low_overlap_b-2,low_overlap-b-2-1025,1025,switch_dr,0.5996124872928513,0.5931625640062693,0.6060696255370192,2.439927374738265,0.8337188592424902,0.014074668460034346,473.43063887800423,0.0,distrust,1.1260182032550052,pass,1.4820327919284437,pass,0.12956598454677623,fail,0.543486491933496,fail,0.1522511216819254,0.18307646820278017,2.302300022540693,False,below,distrust,ab_test,False
practitioner,19,low_overlap_b-2,low_overlap-b-2-1025,1025,dros,0.5982921149509263,0.59406920529442,0.6025133447401971,1.372705549612315,0.8337188592424902,0.014074668460034346,473.43063887800423,0.0,distrust,1.1260182032550052,pass,1.4820327919284437,pass,0.12956598454677623,fail,0.543486491933496,fail,0.1522511216819254,0.18307646820278017,2.302300022540693,False,below,distrust,ab_test,False
practitioner,19,low_overlap_b2,low_overlap-b2-1025,1025,ips,0.6638910102239094,0.5858985388009799,0.7716202706330314,,0.8337188592424902,0.02857469054513119,346.6010061900645,0.0,distrust,1.1435544610813428,fail,1.4820327919284437,pass,0.0959529682039847,fail,0.33008123568244696,pass,0.12140771433372681,0.13620283615473605,1.7864434281421537,False,below,distrust,ab_test,False
practitioner,19,low_overlap_b2,low_overlap-b2-1025,1025,snips,0.5805504091131221,0.5098428128772254,0.6403341847082024,,0.8337188592424902,0.02857469054513119,346.6010061900645,0.0,distrust,1.1435544610813428,fail,1.4820327919284437,pass,0.0959529682039847,fail,0.33008123568244696,pass,0.12140771433372681,0.13620283615473605,1.7864434281421537,False,below,distrust,ab_test,False
practitioner,19,low_overlap_b2,low_overlap-b2-1025,1025,clipped_ips,0.47226221380789996,0.46262338371853906,0.4810760102195554,1.357561607267848,0.8337188592424902,0.02857469054513119,346.6010061900645,0.0,distrust,1.1435544610813428,fail,1.4820327919284437,pass,0.0959529682039847,fail,0.33008123568244696,pass,0.12140771433372681,0.13620283615473605,1.7864434281421537,False,below,distrust,ab_test,False
practitioner,19,low_overlap_b2,low_overlap-b2-1025,1025,dm,0.6979528295057875,0.6958063153831628,0.7001436092243054,,0.8337188592424902,0.02857469054513119,346.6010061900645,0.0,distrust,1.1435544610813428,fail,1.4820327919284437,pass,0.0959529682039847,fail,0.33008123568244696,pass,0.12140771433372681,0.13620283615473605,1.7864434281421537,False,below,distrust,ab_test,False
practitioner,19,low_overlap_b2,low_overlap-b2-1025,1025,dr,0.5765451151720608,0.4851756439922389,0.6465522272987471,,0.8337188592424902,0.02857469054513119,346.6010061900645,0.0,distrust,1.1435544610813428,fail,1.4820327919284437,pass,0.0959529682039847,fail,0.33008123568244696,pass,0.12140771433372681,0.13620283615473605,1.7864434281421537,False,below,distrust,ab_test,False
practitioner,19,low_overlap_b2,low_overlap-b2-1025,1025,switch_dr,0.7011346771560056,0.693368738291104,0.7092925088247443,2.3212479203608516,0.8337188592424902,0.02857469054513119,346.6010061900645,0.0,distrust,1.1435544610813428,fail,1.4820327919284437,pass,0.0959529682039847,fail,0.33008123568244696,pass,0.12140771433372681,0.13620283615473605,1.7864434281421537,False,below,distrust,ab_test,False
practitioner,19,low_overlap_b2,low_overlap-b2-1025,1025,dros,0.6972855911866177,0.6915389466711355,0.7029706271078263,1.842973517527663,0.8337188592424902,0.02857469054513119,346.6010061900645,0.0,distrust,1.1435544610813428,fail,1.4820327919284437,pass,0.0959529682039847,fail,0.33008123568244696,pass,0.12140771433372681,0.13620283615473605,1.7864434281421537,False,below,distrust,ab_test,False
practitioner,19,low_overlap_b8,low_overlap-b8-1025,1025,ips,0.7501343182390668,0.7183863779481853,0.782211907678343,,0.8337188592424902,0.1831590212646568,73.49525448658065,0.0,trust,1.0412507756147338,pass,1.4820327919284437,pass,0.029594275466949364,fail,0.11175378374292692,pass,0.07798681958644595,0.05721484926876331,1.2890988480733603,False,below,distrust,ab_test,True
practitioner,19,low_overlap_b8,low_overlap-b8-1025,1025,snips,0.720416575724712,0.6726236646775067,0.7526834201434422,,0.8337188592424902,0.1831590212646568,73.49525448658065,0.0,trust,1.0412507756147338,pass,1.4820327919284437,pass,0.029594275466949364,fail,0.11175378374292692,pass,0.07798681958644595,0.05721484926876331,1.2890988480733603,False,below,distrust,ab_test,True
practitioner,19,low_overlap_b8,low_overlap-b8-1025,1025,clipped_ips,0.6696250400307074,0.656070388153911,0.6826691434369577,1.6603244353875781,0.8337188592424902,0.1831590212646568,73.49525448658065,0.0,trust,1.0412507756147338,pass,1.4820327919284437,pass,0.029594275466949364,fail,0.11175378374292692,pass,0.07798681958644595,0.05721484926876331,1.2890988480733603,False,below,distrust,ab_test,True
practitioner,19,low_overlap_b8,low_overlap-b8-1025,1025,dm,0.8050742694290319,0.8022074662427405,0.8080524262881175,,0.8337188592424902,0.1831590212646568,73.49525448658065,0.0,trust,1.0412507756147338,pass,1.4820327919284437,pass,0.029594275466949364,fail,0.11175378374292692,pass,0.07798681958644595,0.05721484926876331,1.2890988480733603,False,below,distrust,ab_test,True
practitioner,19,low_overlap_b8,low_overlap-b8-1025,1025,dr,0.727087449842586,0.6834414880895778,0.761189421474679,,0.8337188592424902,0.1831590212646568,73.49525448658065,0.0,trust,1.0412507756147338,pass,1.4820327919284437,pass,0.029594275466949364,fail,0.11175378374292692,pass,0.07798681958644595,0.05721484926876331,1.2890988480733603,False,below,distrust,ab_test,True
practitioner,19,low_overlap_b8,low_overlap-b8-1025,1025,switch_dr,0.8021853186002712,0.7914353991785094,0.8129511767221443,2.223315974441716,0.8337188592424902,0.1831590212646568,73.49525448658065,0.0,trust,1.0412507756147338,pass,1.4820327919284437,pass,0.029594275466949364,fail,0.11175378374292692,pass,0.07798681958644595,0.05721484926876331,1.2890988480733603,False,below,distrust,ab_test,True
practitioner,19,low_overlap_b8,low_overlap-b8-1025,1025,dros,0.8024906118066376,0.7941913586167563,0.8100566934184055,2.75667723074508,0.8337188592424902,0.1831590212646568,73.49525448658065,0.0,trust,1.0412507756147338,pass,1.4820327919284437,pass,0.029594275466949364,fail,0.11175378374292692,pass,0.07798681958644595,0.05721484926876331,1.2890988480733603,False,below,distrust,ab_test,True
practitioner,19,low_overlap_b-2,low_overlap-b-2-1026,1026,ips,0.44668654780080447,0.29542271228452627,0.6488095726223952,,0.8442945466089724,0.0037934938901086224,1123.7580970685767,0.0,ab_fallback,1.3051310691963802,pass,1.761713161396596,pass,0.11957171819057301,pass,0.605081460325967,fail,0.3069122087177026,0.22444497285513607,3.1571555359171697,False,below,ab_fallback,ab_test,False
practitioner,19,low_overlap_b-2,low_overlap-b-2-1026,1026,snips,0.3422541676797616,0.22852994920027114,0.48400811610575656,,0.8442945466089724,0.0037934938901086224,1123.7580970685767,0.0,ab_fallback,1.3051310691963802,pass,1.761713161396596,pass,0.11957171819057301,pass,0.605081460325967,fail,0.3069122087177026,0.22444497285513607,3.1571555359171697,False,below,ab_fallback,ab_test,False
practitioner,19,low_overlap_b-2,low_overlap-b-2-1026,1026,clipped_ips,0.23959489621848595,0.23282210330724823,0.24644966990363165,0.9917492361508569,0.8442945466089724,0.0037934938901086224,1123.7580970685767,0.0,ab_fallback,1.3051310691963802,pass,1.761713161396596,pass,0.11957171819057301,pass,0.605081460325967,fail,0.3069122087177026,0.22444497285513607,3.1571555359171697,False,below,ab_fallback,ab_test,False
practitioner,19,low_overlap_b-2,low_overlap-b-2-1026,1026,dm,0.6058913924440689,0.6037097581339651,0.6078834834362303,,0.8442945466089724,0.0037934938901086224,1123.7580970685767,0.0,ab_fallback,1.3051310691963802,pass,1.761713161396596,pass,0.11957171819057301,pass,0.605081460325967,fail,0.3069122087177026,0.22444497285513607,3.1571555359171697,False,below,ab_fallback,ab_test,False
practitioner,19,low_overlap_b-2,low_overlap-b-2-1026,1026,dr,0.2989791837263663,0.07498587583820697,0.485511052452976,,0.8442945466089724,0.0037934938901086224,1123.7580970685767,0.0,ab_fallback,1.3051310691963802,pass,1.761713161396596,pass,0.11957171819057301,pass,0.605081460325967,fail,0.3069122087177026,0.22444497285513607,3.1571555359171697,False,below,ab_fallback,ab_test,False
practitioner,19,low_overlap_b-2,low_overlap-b-2-1026,1026,switch_dr,0.6035185816861499,0.5979174425445066,0.6087994280376132,1.9699577590317745,0.8442945466089724,0.0037934938901086224,1123.7580970685767,0.0,ab_fallback,1.3051310691963802,pass,1.761713161396596,pass,0.11957171819057301,pass,0.605081460325967,fail,0.3069122087177026,0.22444497285513607,3.1571555359171697,False,below,ab_fallback,ab_test,False
practitioner,19,low_overlap_b-2,low_overlap-b-2-1026,1026,dros,0.6060686994615101,0.6024849761666761,0.6096956939334282,0.9835665474058081,0.8442945466089724,0.0037934938901086224,1123.7580970685767,0.0,ab_fallback,1.3051310691963802,pass,1.761713161396596,pass,0.11957171819057301,pass,0.605081460325967,fail,0.3069122087177026,0.22444497285513607,3.1571555359171697,False,below,ab_fallback,ab_test,False
practitioner,19,low_overlap_b2,low_overlap-b2-1026,1026,ips,0.5712912548867864,0.5131938998418977,0.6172686513467651,,0.8442945466089724,0.037733541333754096,205.0108253223172,0.0,distrust,1.0305094133741861,pass,1.761713161396596,pass,0.03096230613692245,pass,0.138602001542262,pass,0.17761060407753346,0.06501803025359938,1.821112755583718,False,below,distrust,ab_test,False
practitioner,19,low_overlap_b2,low_overlap-b2-1026,1026,snips,0.5543775219056113,0.4745247066763364,0.6436995399844415,,0.8442945466089724,0.037733541333754096,205.0108253223172,0.0,distrust,1.0305094133741861,pass,1.761713161396596,pass,0.03096230613692245,pass,0.138602001542262,pass,0.17761060407753346,0.06501803025359938,1.821112755583718,False,below,distrust,ab_test,False
practitioner,19,low_overlap_b2,low_overlap-b2-1026,1026,clipped_ips,0.49445342074062953,0.485754300804958,0.5034828506478013,1.278739580820206,0.8442945466089724,0.037733541333754096,205.0108253223172,0.0,distrust,1.0305094133741861,pass,1.761713161396596,pass,0.03096230613692245,pass,0.138602001542262,pass,0.17761060407753346,0.06501803025359938,1.821112755583718,False,below,distrust,ab_test,False
practitioner,19,low_overlap_b2,low_overlap-b2-1026,1026,dm,0.7307963270300362,0.7286936627115674,0.7328995283166625,,0.8442945466089724,0.037733541333754096,205.0108253223172,0.0,distrust,1.0305094133741861,pass,1.761713161396596,pass,0.03096230613692245,pass,0.138602001542262,pass,0.17761060407753346,0.06501803025359938,1.821112755583718,False,below,distrust,ab_test,False
practitioner,19,low_overlap_b2,low_overlap-b2-1026,1026,dr,0.5531857229525027,0.461396097027448,0.6371261832666469,,0.8442945466089724,0.037733541333754096,205.0108253223172,0.0,distrust,1.0305094133741861,pass,1.761713161396596,pass,0.03096230613692245,pass,0.138602001542262,pass,0.17761060407753346,0.06501803025359938,1.821112755583718,False,below,distrust,ab_test,False
practitioner,19,low_overlap_b2,low_overlap-b2-1026,1026,switch_dr,0.7277707088119678,0.7203167229499156,0.7358710427248867,2.148004794716312,0.8442945466089724,0.037733541333754096,205.0108253223172,0.0,distrust,1.0305094133741861,pass,1.761713161396596,pass,0.03096230613692245,pass,0.138602001542262,pass,0.17761060407753346,0.06501803025359938,1.821112755583718,False,below,distrust,ab_test,False
practitioner,19,low_overlap_b2,low_overlap-b2-1026,1026,dros,0.729907597463246,0.7248726071487066,0.7353486123027757,1.635174915556236,0.8442945466089724,0.037733541333754096,205.0108253223172,0.0,distrust,1.0305094133741861,pass,1.761713161396596,pass,0.03096230613692245,pass,0.138602001542262,pass,0.17761060407753346,0.06501803025359938,1.821112755583718,False,below,distrust,ab_test,False
practitioner,19,low_overlap_b8,low_overlap-b8-1026,1026,ips,0.757266275196647,0.7328439571014291,0.7769546179305175,,0.8442945466089724,0.38906442260376245,30.562099080037093,0.0,trust,0.9825889443598967,pass,1.761713161396596,pass,0.00776843532791351,pass,0.08167053215953364,pass,0.06498099619582184,0.0229538983655615,1.17961279453578,False,below,trust,no_go,True
practitioner,19,low_overlap_b8,low_overlap-b8-1026,1026,snips,0.7706847095556981,0.7403549383438621,0.7986666248507148,,0.8442945466089724,0.38906442260376245,30.562099080037093,0.0,trust,0.9825889443598967,pass,1.761713161396596,pass,0.00776843532791351,pass,0.08167053215953364,pass,0.06498099619582184,0.0229538983655615,1.17961279453578,False,below,trust,no_go,True
practitioner,19,low_overlap_b8,low_overlap-b8-1026,1026,clipped_ips,0.7077424791990686,0.6941014861909542,0.7212040802708053,1.6212199241078316,0.8442945466089724,0.38906442260376245,30.562099080037093,0.0,trust,0.9825889443598967,pass,1.761713161396596,pass,0.00776843532791351,pass,0.08167053215953364,pass,0.06498099619582184,0.0229538983655615,1.17961279453578,False,below,trust,no_go,True
practitioner,19,low_overlap_b8,low_overlap-b8-1026,1026,dm,0.8322378891931309,0.829434093079154,0.8351014098987776,,0.8442945466089724,0.38906442260376245,30.562099080037093,0.0,trust,0.9825889443598967,pass,1.761713161396596,pass,0.00776843532791351,pass,0.08167053215953364,pass,0.06498099619582184,0.0229538983655615,1.17961279453578,False,below,trust,no_go,True
practitioner,19,low_overlap_b8,low_overlap-b8-1026,1026,dr,0.767256892997309,0.7404839615518579,0.7919453224611068,,0.8442945466089724,0.38906442260376245,30.562099080037093,0.0,trust,0.9825889443598967,pass,1.761713161396596,pass,0.00776843532791351,pass,0.08167053215953364,pass,0.06498099619582184,0.0229538983655615,1.17961279453578,False,below,trust,no_go,True
practitioner,19,low_overlap_b8,low_overlap-b8-1026,1026,switch_dr,0.8342017388771195,0.8238207953552772,0.8445249060049423,2.2059125064837457,0.8442945466089724,0.38906442260376245,30.562099080037093,0.0,trust,0.9825889443598967,pass,1.761713161396596,pass,0.00776843532791351,pass,0.08167053215953364,pass,0.06498099619582184,0.0229538983655615,1.17961279453578,False,below,trust,no_go,True
practitioner,19,low_overlap_b8,low_overlap-b8-1026,1026,dros,0.8306749631364206,0.8227787364569757,0.8378087791300114,2.628354042324203,0.8442945466089724,0.38906442260376245,30.562099080037093,0.0,trust,0.9825889443598967,pass,1.761713161396596,pass,0.00776843532791351,pass,0.08167053215953364,pass,0.06498099619582184,0.0229538983655615,1.17961279453578,False,below,trust,no_go,True
practitioner,19,low_overlap_b-2,low_overlap-b-2-1027,1027,ips,0.434011873569293,0.37876406450037575,0.4884248606096789,,0.8342988459386195,0.02521889786944064,300.68254496066686,0.0,distrust,0.9067080495611125,pass,0.7628845261262241,pass,0.021815713964906513,pass,0.4454962202971765,pass,0.09877414493647164,0.1035771305468431,2.163446994509744,False,below,distrust,ab_test,False
practitioner,19,low_overlap_b-2,low_overlap-b-2-1027,1027,snips,0.47866771865472496,0.3890452544615244,0.5524973124260446,,0.8342988459386195,0.02521889786944064,300.68254496066686,0.0,distrust,0.9067080495611125,pass,0.7628845261262241,pass,0.021815713964906513,pass,0.4454962202971765,pass,0.09877414493647164,0.1035771305468431,2.163446994509744,False,below,distrust,ab_test,False
practitioner,19,low_overlap_b-2,low_overlap-b-2-1027,1027,clipped_ips,0.2654230592157727,0.25761596373837586,0.2725227309014925,1.13126782550567,0.8342988459386195,0.02521889786944064,300.68254496066686,0.0,distrust,0.9067080495611125,pass,0.7628845261262241,pass,0.021815713964906513,pass,0.4454962202971765,pass,0.09877414493647164,0.1035771305468431,2.163446994509744,False,below,distrust,ab_test,False
practitioner,19,low_overlap_b-2,low_overlap-b-2-1027,1027,dm,0.5600656874393207,0.5571476939633321,0.5627424273383911,,0.8342988459386195,0.02521889786944064,300.68254496066686,0.0,distrust,0.9067080495611125,pass,0.7628845261262241,pass,0.021815713964906513,pass,0.4454962202971765,pass,0.09877414493647164,0.1035771305468431,2.163446994509744,False,below,distrust,ab_test,False
practitioner,19,low_overlap_b-2,low_overlap-b-2-1027,1027,dr,0.4612915425028491,0.4042895316697269,0.5104054898331974,,0.8342988459386195,0.02521889786944064,300.68254496066686,0.0,distrust,0.9067080495611125,pass,0.7628845261262241,pass,0.021815713964906513,pass,0.4454962202971765,pass,0.09877414493647164,0.1035771305468431,2.163446994509744,False,below,distrust,ab_test,False
practitioner,19,low_overlap_b-2,low_overlap-b-2-1027,1027,switch_dr,0.560436404030604,0.5531908863072472,0.5667677337259918,2.350702985368809,0.8342988459386195,0.02521889786944064,300.68254496066686,0.0,distrust,0.9067080495611125,pass,0.7628845261262241,pass,0.021815713964906513,pass,0.4454962202971765,pass,0.09877414493647164,0.1035771305468431,2.163446994509744,False,below,distrust,ab_test,False
practitioner,19,low_overlap_b-2,low_overlap-b-2-1027,1027,dros,0.5607302605824783,0.5558428761709231,0.5649125710284659,1.2797668930243271,0.8342988459386195,0.02521889786944064,300.68254496066686,0.0,distrust,0.9067080495611125,pass,0.7628845261262241,pass,0.021815713964906513,pass,0.4454962202971765,pass,0.09877414493647164,0.1035771305468431,2.163446994509744,False,below,distrust,ab_test,False
practitioner,19,low_overlap_b2,low_overlap-b2-1027,1027,ips,0.5976874204115642,0.5585365686220809,0.6387882675635196,,0.8342988459386195,0.08707858426118455,89.05971269997788,0.0,distrust,0.9994615492731513,pass,0.7628845261262241,pass,0.005369282812832635,pass,0.20385994771981597,pass,0.0835815744982348,0.063031313730332,1.6672805803680906,False,below,distrust,ab_test,False
practitioner,19,low_overlap_b2,low_overlap-b2-1027,1027,snips,0.5980094190178967,0.5526544758322139,0.6432613785697268,,0.8342988459386195,0.08707858426118455,89.05971269997788,0.0,distrust,0.9994615492731513,pass,0.7628845261262241,pass,0.005369282812832635,pass,0.20385994771981597,pass,0.0835815744982348,0.063031313730332,1.6672805803680906,False,below,distrust,ab_test,False
practitioner,19,low_overlap_b2,low_overlap-b2-1027,1027,clipped_ips,0.4760992501209508,0.46585272975263065,0.48509749142550995,1.4007000692890492,0.8342988459386195,0.08707858426118455,89.05971269997788,0.0,distrust,0.9994615492731513,pass,0.7628845261262241,pass,0.005369282812832635,pass,0.20385994771981597,pass,0.0835815744982348,0.063031313730332,1.6672805803680906,False,below,distrust,ab_test,False
practitioner,19,low_overlap_b2,low_overlap-b2-1027,1027,dm,0.6788045889911791,0.676303879170444,0.6817778247372493,,0.8342988459386195,0.08707858426118455,89.05971269997788,0.0,distrust,0.9994615492731513,pass,0.7628845261262241,pass,0.005369282812832635,pass,0.20385994771981597,pass,0.0835815744982348,0.063031313730332,1.6672805803680906,False,below,distrust,ab_test,False
practitioner,19,low_overlap_b2,low_overlap-b2-1027,1027,dr,0.5952230144929443,0.5575952994724512,0.6358839802570752,,0.8342988459386195,0.08707858426118455,89.05971269997788,0.0,distrust,0.9994615492731513,pass,0.7628845261262241,pass,0.005369282812832635,pass,0.20385994771981597,pass,0.0835815744982348,0.063031313730332,1.6672805803680906,False,below,distrust,ab_test,False
practitioner,19,low_overlap_b2,low_overlap-b2-1027,1027,switch_dr,0.6776414291323499,0.6685548927681321,0.6865795645745486,2.4243283243169187,0.8342988459386195,0.08707858426118455,89.05971269997788,0.0,distrust,0.9994615492731513,pass,0.7628845261262241,pass,0.005369282812832635,pass,0.20385994771981597,pass,0.0835815744982348,0.063031313730332,1.6672805803680906,False,below,distrust,ab_test,False
practitioner,19,low_overlap_b2,low_overlap-b2-1027,1027,dros,0.6786006722414091,0.6724007420003708,0.6841481512408718,1.9619606841063473,0.8342988459386195,0.08707858426118455,89.05971269997788,0.0,distrust,0.9994615492731513,pass,0.7628845261262241,pass,0.005369282812832635,pass,0.20385994771981597,pass,0.0835815744982348,0.063031313730332,1.6672805803680906,False,below,distrust,ab_test,False
practitioner,19,low_overlap_b8,low_overlap-b8-1027,1027,ips,0.7384194384052077,0.7117134565451513,0.7696368380155161,,0.8342988459386195,0.16473040612236978,100.17493448479618,0.0,distrust,1.0248672397528182,pass,0.7628845261262241,pass,-0.012009395644543433,pass,0.08889178241684921,pass,0.057684699448313975,0.04675355156278995,1.283771139831069,False,below,distrust,ab_test,True
practitioner,19,low_overlap_b8,low_overlap-b8-1027,1027,snips,0.7205025292674033,0.6860041456414028,0.7585656311505963,,0.8342988459386195,0.16473040612236978,100.17493448479618,0.0,distrust,1.0248672397528182,pass,0.7628845261262241,pass,-0.012009395644543433,pass,0.08889178241684921,pass,0.057684699448313975,0.04675355156278995,1.283771139831069,False,below,distrust,ab_test,True
practitioner,19,low_overlap_b8,low_overlap-b8-1027,1027,clipped_ips,0.6743726843427802,0.6605416328559082,0.6878043896938025,1.5532279775224478,0.8342988459386195,0.16473040612236978,100.17493448479618,0.0,distrust,1.0248672397528182,pass,0.7628845261262241,pass,-0.012009395644543433,pass,0.08889178241684921,pass,0.057684699448313975,0.04675355156278995,1.283771139831069,False,below,distrust,ab_test,True
practitioner,19,low_overlap_b8,low_overlap-b8-1027,1027,dm,0.7936623080057419,0.7905871796582306,0.797772357543203,,0.8342988459386195,0.16473040612236978,100.17493448479618,0.0,distrust,1.0248672397528182,pass,0.7628845261262241,pass,-0.012009395644543433,pass,0.08889178241684921,pass,0.057684699448313975,0.04675355156278995,1.283771139831069,False,below,distrust,ab_test,True
practitioner,19,low_overlap_b8,low_overlap-b8-1027,1027,dr,0.7359776085574279,0.7024621603533258,0.7656103219291507,,0.8342988459386195,0.16473040612236978,100.17493448479618,0.0,distrust,1.0248672397528182,pass,0.7628845261262241,pass,-0.012009395644543433,pass,0.08889178241684921,pass,0.057684699448313975,0.04675355156278995,1.283771139831069,False,below,distrust,ab_test,True
practitioner,19,low_overlap_b8,low_overlap-b8-1027,1027,switch_dr,0.7929303664142012,0.7824070353041398,0.8031298892559212,2.0254100803462642,0.8342988459386195,0.16473040612236978,100.17493448479618,0.0,distrust,1.0248672397528182,pass,0.7628845261262241,pass,-0.012009395644543433,pass,0.08889178241684921,pass,0.057684699448313975,0.04675355156278995,1.283771139831069,False,below,distrust,ab_test,True
practitioner,19,low_overlap_b8,low_overlap-b8-1027,1027,dros,0.7929224741547343,0.7846334708227103,0.8007306662971269,2.4125171501584735,0.8342988459386195,0.16473040612236978,100.17493448479618,0.0,distrust,1.0248672397528182,pass,0.7628845261262241,pass,-0.012009395644543433,pass,0.08889178241684921,pass,0.057684699448313975,0.04675355156278995,1.283771139831069,False,below,distrust,ab_test,True
practitioner,19,low_overlap_b-2,low_overlap-b-2-1028,1028,ips,0.42314175162191003,0.3411351196045227,0.5151988374448321,,0.8408818497189031,0.012864387095025829,429.5704319663371,0.0,distrust,1.1087338658610155,pass,1.6192237307879007,fail,0.015551099053161344,pass,0.45778220961770105,pass,0.25071036784217415,0.3343750874605418,2.763300633592484,False,below,ab_fallback,ab_test,False
practitioner,19,low_overlap_b-2,low_overlap-b-2-1028,1028,snips,0.38164411194683634,0.2925081353955212,0.469198238217226,,0.8408818497189031,0.012864387095025829,429.5704319663371,0.0,distrust,1.1087338658610155,pass,1.6192237307879007,fail,0.015551099053161344,pass,0.45778220961770105,pass,0.25071036784217415,0.3343750874605418,2.763300633592484,False,below,ab_fallback,ab_test,False
practitioner,19,low_overlap_b-2,low_overlap-b-2-1028,1028,clipped_ips,0.24843186676730203,0.24185149118894816,0.25499193624205657,1.0108896302358896,0.8408818497189031,0.012864387095025829,429.5704319663371,0.0,distrust,1.1087338658610155,pass,1.6192237307879007,fail,0.015551099053161344,pass,0.45778220961770105,pass,0.25071036784217415,0.3343750874605418,2.763300633592484,False,below,ab_fallback,ab_test,False
practitioner,19,low_overlap_b-2,low_overlap-b-2-1028,1028,dm,0.5773425461429448,0.5745866137161321,0.5798905957962535,,0.8408818497189031,0.012864387095025829,429.5704319663371,0.0,distrust,1.1087338658610155,pass,1.6192237307879007,fail,0.015551099053161344,pass,0.45778220961770105,pass,0.25071036784217415,0.3343750874605418,2.763300633592484,False,below,ab_fallback,ab_test,False
practitioner,19,low_overlap_b-2,low_overlap-b-2-1028,1028,dr,0.3266321783007706,0.1914831784340301,0.43563759025339027,,0.8408818497189031,0.012864387095025829,429.5704319663371,0.0,distrust,1.1087338658610155,pass,1.6192237307879007,fail,0.015551099053161344,pass,0.45778220961770105,pass,0.25071036784217415,0.3343750874605418,2.763300633592484,False,below,ab_fallback,ab_test,False
practitioner,19,low_overlap_b-2,low_overlap-b-2-1028,1028,switch_dr,0.5771110401698059,0.5716672869557811,0.5833102396012029,2.233441596072508,0.8408818497189031,0.012864387095025829,429.5704319663371,0.0,distrust,1.1087338658610155,pass,1.6192237307879007,fail,0.015551099053161344,pass,0.45778220961770105,pass,0.25071036784217415,0.3343750874605418,2.763300633592484,False,below,ab_fallback,ab_test,False
practitioner,19,low_overlap_b-2,low_overlap-b-2-1028,1028,dros,0.5767992758013825,0.5726649434691927,0.5808509875550976,1.0218978445184537,0.8408818497189031,0.012864387095025829,429.5704319663371,0.0,distrust,1.1087338658610155,pass,1.6192237307879007,fail,0.015551099053161344,pass,0.45778220961770105,pass,0.25071036784217415,0.3343750874605418,2.763300633592484,False,below,ab_fallback,ab_test,False
practitioner,19,low_overlap_b2,low_overlap-b2-1028,1028,ips,0.6253242275362711,0.5795946191252623,0.6755909985867796,,0.8408818497189031,0.05248362505382363,195.61721788524602,0.0,distrust,1.0678774436601919,pass,1.6192237307879007,fail,0.02030677029466983,pass,0.2286171210131955,pass,0.13022473111918909,0.13901207817505296,1.7401780782786598,False,below,ab_fallback,ab_test,False
practitioner,19,low_overlap_b2,low_overlap-b2-1028,1028,snips,0.5855767731107305,0.5286701472864768,0.6379038799902079,,0.8408818497189031,0.05248362505382363,195.61721788524602,0.0,distrust,1.0678774436601919,pass,1.6192237307879007,fail,0.02030677029466983,pass,0.2286171210131955,pass,0.13022473111918909,0.13901207817505296,1.7401780782786598,False,below,ab_fallback,ab_test,False
practitioner,19,low_overlap_b2,low_overlap-b2-1028,1028,clipped_ips,0.49145135153549874,0.4819827275299131,0.500282690420229,1.3521382778292417,0.8408818497189031,0.05248362505382363,195.61721788524602,0.0,distrust,1.0678774436601919,pass,1.6192237307879007,fail,0.02030677029466983,pass,0.2286171210131955,pass,0.13022473111918909,0.13901207817505296,1.7401780782786598,False,below,ab_fallback,ab_test,False
practitioner,19,low_overlap_b2,low_overlap-b2-1028,1028,dm,0.7063382406141512,0.7037220604623031,0.708757063388848,,0.8408818497189031,0.05248362505382363,195.61721788524602,0.0,distrust,1.0678774436601919,pass,1.6192237307879007,fail,0.02030677029466983,pass,0.2286171210131955,pass,0.13022473111918909,0.13901207817505296,1.7401780782786598,False,below,ab_fallback,ab_test,False
practitioner,19,low_overlap_b2,low_overlap-b2-1028,1028,dr,0.5761135094949621,0.514986904705086,0.6263606358870829,,0.8408818497189031,0.05248362505382363,195.61721788524602,0.0,distrust,1.0678774436601919,pass,1.6192237307879007,fail,0.02030677029466983,pass,0.2286171210131955,pass,0.13022473111918909,0.13901207817505296,1.7401780782786598,False,below,ab_fallback,ab_test,False
practitioner,19,low_overlap_b2,low_overlap-b2-1028,1028,switch_dr,0.7030534342994295,0.694921898588667,0.7121783283141268,2.3664202634840383,0.8408818497189031,0.05248362505382363,195.61721788524602,0.0,distrust,1.0678774436601919,pass,1.6192237307879007,fail,0.02030677029466983,pass,0.2286171210131955,pass,0.13022473111918909,0.13901207817505296,1.7401780782786598,False,below,ab_fallback,ab_test,False
practitioner,19,low_overlap_b2,low_overlap-b2-1028,1028,dros,0.7041254626771797,0.6979008559283962,0.7103646475753517,1.8282779223710275,0.8408818497189031,0.05248362505382363,195.61721788524602,0.0,distrust,1.0678774436601919,pass,1.6192237307879007,fail,0.02030677029466983,pass,0.2286171210131955,pass,0.13022473111918909,0.13901207817505296,1.7401780782786598,False,below,ab_fallback,ab_test,False
practitioner,19,low_overlap_b8,low_overlap-b8-1028,1028,ips,0.7889091296236225,0.7595908220296339,0.81249821221464,,0.8408818497189031,0.30002756035255146,58.48193025330012,0.0,trust,1.021547285718791,pass,1.6192237307879007,fail,0.002022569032415501,pass,0.10414664151924835,pass,0.04375424497301255,0.013402665822303728,1.170694761253712,False,below,ab_fallback,ab_test,True
practitioner,19,low_overlap_b8,low_overlap-b8-1028,1028,snips,0.7722688324393351,0.7484087773134224,0.7954406587516035,,0.8408818497189031,0.30002756035255146,58.48193025330012,0.0,trust,1.021547285718791,pass,1.6192237307879007,fail,0.002022569032415501,pass,0.10414664151924835,pass,0.04375424497301255,0.013402665822303728,1.170694761253712,False,below,ab_fallback,ab_test,True
practitioner,19,low_overlap_b8,low_overlap-b8-1028,1028,clipped_ips,0.7084799243750746,0.694748610615792,0.7228095680706638,1.6362629316026729,0.8408818497189031,0.30002756035255146,58.48193025330012,0.0,trust,1.021547285718791,pass,1.6192237307879007,fail,0.002022569032415501,pass,0.10414664151924835,pass,0.04375424497301255,0.013402665822303728,1.170694761253712,False,below,ab_fallback,ab_test,True
practitioner,19,low_overlap_b8,low_overlap-b8-1028,1028,dm,0.8200534204858098,0.8167305797000242,0.8233031077524313,,0.8408818497189031,0.30002756035255146,58.48193025330012,0.0,trust,1.021547285718791,pass,1.6192237307879007,fail,0.002022569032415501,pass,0.10414664151924835,pass,0.04375424497301255,0.013402665822303728,1.170694761253712,False,below,ab_fallback,ab_test,True
practitioner,19,low_overlap_b8,low_overlap-b8-1028,1028,dr,0.7762991755127973,0.7536607483709782,0.7985999287298194,,0.8408818497189031,0.30002756035255146,58.48193025330012,0.0,trust,1.021547285718791,pass,1.6192237307879007,fail,0.002022569032415501,pass,0.10414664151924835,pass,0.04375424497301255,0.013402665822303728,1.170694761253712,False,below,ab_fallback,ab_test,True
practitioner,19,low_overlap_b8,low_overlap-b8-1028,1028,switch_dr,0.8181034145985245,0.8067048076405816,0.8303759837193065,2.1869684661924014,0.8408818497189031,0.30002756035255146,58.48193025330012,0.0,trust,1.021547285718791,pass,1.6192237307879007,fail,0.002022569032415501,pass,0.10414664151924835,pass,0.04375424497301255,0.013402665822303728,1.170694761253712,False,below,ab_fallback,ab_test,True
practitioner,19,low_overlap_b8,low_overlap-b8-1028,1028,dros,0.8160181467915965,0.8085542713420856,0.8249192455703342,2.677356381336973,0.8408818497189031,0.30002756035255146,58.48193025330012,0.0,trust,1.021547285718791,pass,1.6192237307879007,fail,0.002022569032415501,pass,0.10414664151924835,pass,0.04375424497301255,0.013402665822303728,1.170694761253712,False,below,ab_fallback,ab_test,True
practitioner,19,low_overlap_b-2,low_overlap-b-2-1029,1029,ips,0.4396197425287169,0.303861474723436,0.6206678854394866,,0.837111012100497,0.008898523828878357,560.9774272442802,0.0,ab_fallback,1.1258271133750903,pass,1.46283418014695,pass,-0.021712113185294996,pass,0.4972400060703694,pass,0.1707143797961964,0.27221174415446736,2.64904098764638,False,below,ab_fallback,ab_test,False
practitioner,19,low_overlap_b-2,low_overlap-b-2-1029,1029,snips,0.3904860145096269,0.27483232519537415,0.5072470697802888,,0.837111012100497,0.008898523828878357,560.9774272442802,0.0,ab_fallback,1.1258271133750903,pass,1.46283418014695,pass,-0.021712113185294996,pass,0.4972400060703694,pass,0.1707143797961964,0.27221174415446736,2.64904098764638,False,below,ab_fallback,ab_test,False
practitioner,19,low_overlap_b-2,low_overlap-b-2-1029,1029,clipped_ips,0.24545447430355566,0.23812955311574813,0.25246698433172476,1.0641645108898208,0.837111012100497,0.008898523828878357,560.9774272442802,0.0,ab_fallback,1.1258271133750903,pass,1.46283418014695,pass,-0.021712113185294996,pass,0.4972400060703694,pass,0.1707143797961964,0.27221174415446736,2.64904098764638,False,below,ab_fallback,ab_test,False
practitioner,19,low_overlap_b-2,low_overlap-b-2-1029,1029,dm,0.589445514678569,0.5870402837686791,0.5920809336287659,,0.837111012100497,0.008898523828878357,560.9774272442802,0.0,ab_fallback,1.1258271133750903,pass,1.46283418014695,pass,-0.021712113185294996,pass,0.4972400060703694,pass,0.1707143797961964,0.27221174415446736,2.64904098764638,False,below,ab_fallback,ab_test,False
practitioner,19,low_overlap_b-2,low_overlap-b-2-1029,1029,dr,0.41873113488237257,0.28779245963145766,0.5576954627843066,,0.837111012100497,0.008898523828878357,560.9774272442802,0.0,ab_fallback,1.1258271133750903,pass,1.46283418014695,pass,-0.021712113185294996,pass,0.4972400060703694,pass,0.1707143797961964,0.27221174415446736,2.64904098764638,False,below,ab_fallback,ab_test,False
practitioner,19,low_overlap_b-2,low_overlap-b-2-1029,1029,switch_dr,0.5860273844866938,0.5796809446323085,0.5922965906289279,2.1318096197135668,0.837111012100497,0.008898523828878357,560.9774272442802,0.0,ab_fallback,1.1258271133750903,pass,1.46283418014695,pass,-0.021712113185294996,pass,0.4972400060703694,pass,0.1707143797961964,0.27221174415446736,2.64904098764638,False,below,ab_fallback,ab_test,False
practitioner,19,low_overlap_b-2,low_overlap-b-2-1029,1029,dros,0.588593569948356,0.5846948898975073,0.5928049090590434,1.1324461062373714,0.837111012100497,0.008898523828878357,560.9774272442802,0.0,ab_fallback,1.1258271133750903,pass,1.46283418014695,pass,-0.021712113185294996,pass,0.4972400060703694,pass,0.1707143797961964,0.27221174415446736,2.64904098764638,False,below,ab_fallback,ab_test,False
practitioner,19,low_overlap_b2,low_overlap-b2-1029,1029,ips,0.5943800278778214,0.5405230147301366,0.64628776760693,,0.837111012100497,0.05647049612422949,178.9234540634307,0.0,distrust,1.0403007437115412,pass,1.46283418014695,pass,0.007287742881709357,pass,0.18894205603913575,pass,0.12202806553040763,0.08247746822251069,1.7421659777170282,False,below,distrust,ab_test,False
practitioner,19,low_overlap_b2,low_overlap-b2-1029,1029,snips,0.5713540353313767,0.5015173992894667,0.6282078918181736,,0.837111012100497,0.05647049612422949,178.9234540634307,0.0,distrust,1.0403007437115412,pass,1.46283418014695,pass,0.007287742881709357,pass,0.18894205603913575,pass,0.12202806553040763,0.08247746822251069,1.7421659777170282,False,below,distrust,ab_test,False
practitioner,19,low_overlap_b2,low_overlap-b2-1029,1029,clipped_ips,0.48642722171605407,0.4764654732971634,0.49631503190353526,1.341984990625326,0.837111012100497,0.05647049612422949,178.9234540634307,0.0,distrust,1.0403007437115412,pass,1.46283418014695,pass,0.007287742881709357,pass,0.18894205603913575,pass,0.12202806553040763,0.08247746822251069,1.7421659777170282,False,below,distrust,ab_test,False
practitioner,19,low_overlap_b2,low_overlap-b2-1029,1029,dm,0.7085678242430552,0.7061814333815499,0.7109261546322252,,0.837111012100497,0.05647049612422949,178.9234540634307,0.0,distrust,1.0403007437115412,pass,1.46283418014695,pass,0.007287742881709357,pass,0.18894205603913575,pass,0.12202806553040763,0.08247746822251069,1.7421659777170282,False,below,distrust,ab_test,False
practitioner,19,low_overlap_b2,low_overlap-b2-1029,1029,dr,0.5865397587126475,0.5144323897228649,0.6500234912528757,,0.837111012100497,0.05647049612422949,178.9234540634307,0.0,distrust,1.0403007437115412,pass,1.46283418014695,pass,0.007287742881709357,pass,0.18894205603913575,pass,0.12202806553040763,0.08247746822251069,1.7421659777170282,False,below,distrust,ab_test,False
practitioner,19,low_overlap_b2,low_overlap-b2-1029,1029,switch_dr,0.7068806416154826,0.6978648022888236,0.7152143134161565,2.3077840140616024,0.837111012100497,0.05647049612422949,178.9234540634307,0.0,distrust,1.0403007437115412,pass,1.46283418014695,pass,0.007287742881709357,pass,0.18894205603913575,pass,0.12202806553040763,0.08247746822251069,1.7421659777170282,False,below,distrust,ab_test,False
practitioner,19,low_overlap_b2,low_overlap-b2-1029,1029,dros,0.7072432859638449,0.7015617378637387,0.713293551398952,1.8009237150636566,0.837111012100497,0.05647049612422949,178.9234540634307,0.0,distrust,1.0403007437115412,pass,1.46283418014695,pass,0.007287742881709357,pass,0.18894205603913575,pass,0.12202806553040763,0.08247746822251069,1.7421659777170282,False,below,distrust,ab_test,False
practitioner,19,low_overlap_b8,low_overlap-b8-1029,1029,ips,0.7585044256531018,0.7339681886036078,0.7829725158760118,,0.837111012100497,0.24951211320985284,60.43132494038854,0.0,trust,1.0196639727170447,pass,1.46283418014695,pass,-0.001242418936245797,pass,0.08090831181137019,pass,0.06318660927922333,0.017033954907026323,1.225120315856079,False,below,trust,no_go,True
practitioner,19,low_overlap_b8,low_overlap-b8-1029,1029,snips,0.7438768515395863,0.705625022501266,0.7750511930349474,,0.837111012100497,0.24951211320985284,60.43132494038854,0.0,trust,1.0196639727170447,pass,1.46283418014695,pass,-0.001242418936245797,pass,0.08090831181137019,pass,0.06318660927922333,0.017033954907026323,1.225120315856079,False,below,trust,no_go,True
practitioner,19,low_overlap_b8,low_overlap-b8-1029,1029,clipped_ips,0.6983186053994767,0.6845569059176113,0.7126664164092715,1.6303908847893198,0.837111012100497,0.24951211320985284,60.43132494038854,0.0,trust,1.0196639727170447,pass,1.46283418014695,pass,-0.001242418936245797,pass,0.08090831181137019,pass,0.06318660927922333,0.017033954907026323,1.225120315856079,False,below,trust,no_go,True
practitioner,19,low_overlap_b8,low_overlap-b8-1029,1029,dm,0.8142685608925135,0.810985120694353,0.817286318354416,,0.837111012100497,0.24951211320985284,60.43132494038854,0.0,trust,1.0196639727170447,pass,1.46283418014695,pass,-0.001242418936245797,pass,0.08090831181137019,pass,0.06318660927922333,0.017033954907026323,1.225120315856079,False,below,trust,no_go,True
practitioner,19,low_overlap_b8,low_overlap-b8-1029,1029,dr,0.7510819516132902,0.7194202884682083,0.7768583242264633,,0.837111012100497,0.24951211320985284,60.43132494038854,0.0,trust,1.0196639727170447,pass,1.46283418014695,pass,-0.001242418936245797,pass,0.08090831181137019,pass,0.06318660927922333,0.017033954907026323,1.225120315856079,False,below,trust,no_go,True
practitioner,19,low_overlap_b8,low_overlap-b8-1029,1029,switch_dr,0.8101256138421196,0.7993590627658038,0.8208238789351575,2.1118747636650075,0.837111012100497,0.24951211320985284,60.43132494038854,0.0,trust,1.0196639727170447,pass,1.46283418014695,pass,-0.001242418936245797,pass,0.08090831181137019,pass,0.06318660927922333,0.017033954907026323,1.225120315856079,False,below,trust,no_go,True
practitioner,19,low_overlap_b8,low_overlap-b8-1029,1029,dros,0.812623468607953,0.8043651030192892,0.8210471244571586,2.658174437204101,0.837111012100497,0.24951211320985284,60.43132494038854,0.0,trust,1.0196639727170447,pass,1.46283418014695,pass,-0.001242418936245797,pass,0.08090831181137019,pass,0.06318660927922333,0.017033954907026323,1.225120315856079,False,below,trust,no_go,True
practitioner,19,low_overlap_b-2,low_overlap-b-2-1030,1030,ips,0.3710826726638765,0.31561688065237925,0.42929440135123476,,0.8290501527677075,0.016793730888796633,331.71906565825685,0.0,distrust,0.817226426075633,fail,0.6191477992039056,fail,0.008790544310489694,pass,0.4587027217415018,pass,0.10381098810182054,0.10023162149350552,2.2555983485889213,False,below,ab_fallback,ab_test,False
practitioner,19,low_overlap_b-2,low_overlap-b-2-1030,1030,snips,0.4540757136866416,0.35081178915467254,0.5522782900337905,,0.8290501527677075,0.016793730888796633,331.71906565825685,0.0,distrust,0.817226426075633,fail,0.6191477992039056,fail,0.008790544310489694,pass,0.4587027217415018,pass,0.10381098810182054,0.10023162149350552,2.2555983485889213,False,below,ab_fallback,ab_test,False
practitioner,19,low_overlap_b-2,low_overlap-b-2-1030,1030,clipped_ips,0.2457899479418642,0.23852127269673096,0.25272571502303864,1.0595704673824062,0.8290501527677075,0.016793730888796633,331.71906565825685,0.0,distrust,0.817226426075633,fail,0.6191477992039056,fail,0.008790544310489694,pass,0.4587027217415018,pass,0.10381098810182054,0.10023162149350552,2.2555983485889213,False,below,ab_fallback,ab_test,False
practitioner,19,low_overlap_b-2,low_overlap-b-2-1030,1030,dm,0.5608898514097536,0.5579844951280172,0.5634160164733797,,0.8290501527677075,0.016793730888796633,331.71906565825685,0.0,distrust,0.817226426075633,fail,0.6191477992039056,fail,0.008790544310489694,pass,0.4587027217415018,pass,0.10381098810182054,0.10023162149350552,2.2555983485889213,False,below,ab_fallback,ab_test,False
practitioner,19,low_overlap_b-2,low_overlap-b-2-1030,1030,dr,0.457078863307933,0.3847208316369961,0.5139030532407158,,0.8290501527677075,0.016793730888796633,331.71906565825685,0.0,distrust,0.817226426075633,fail,0.6191477992039056,fail,0.008790544310489694,pass,0.4587027217415018,pass,0.10381098810182054,0.10023162149350552,2.2555983485889213,False,below,ab_fallback,ab_test,False
practitioner,19,low_overlap_b-2,low_overlap-b-2-1030,1030,switch_dr,0.5620288976242525,0.5558209704724317,0.5677612097267505,2.134673953284578,0.8290501527677075,0.016793730888796633,331.71906565825685,0.0,distrust,0.817226426075633,fail,0.6191477992039056,fail,0.008790544310489694,pass,0.4587027217415018,pass,0.10381098810182054,0.10023162149350552,2.2555983485889213,False,below,ab_fallback,ab_test,False
practitioner,19,low_overlap_b-2,low_overlap-b-2-1030,1030,dros,0.5619103841829184,0.5577793567183107,0.5658926996323058,1.1226895753489707,0.8290501527677075,0.016793730888796633,331.71906565825685,0.0,distrust,0.817226426075633,fail,0.6191477992039056,fail,0.008790544310489694,pass,0.4587027217415018,pass,0.10381098810182054,0.10023162149350552,2.2555983485889213,False,below,ab_fallback,ab_test,False
practitioner,19,low_overlap_b2,low_overlap-b2-1030,1030,ips,0.583632732793302,0.5574434179206151,0.6115753434509291,,0.8290501527677075,0.11450776963832705,109.47280891474932,0.0,distrust,0.9315855211387958,pass,0.6191477992039056,fail,0.009860064648512164,pass,0.23185890814934965,pass,0.07228239733682128,0.04024489349268799,1.5521113946861338,False,below,ab_fallback,ab_test,False
practitioner,19,low_overlap_b2,low_overlap-b2-1030,1030,snips,0.6264939928218863,0.5778453495112202,0.6672873669177191,,0.8290501527677075,0.11450776963832705,109.47280891474932,0.0,distrust,0.9315855211387958,pass,0.6191477992039056,fail,0.009860064648512164,pass,0.23185890814934965,pass,0.07228239733682128,0.04024489349268799,1.5521113946861338,False,below,ab_fallback,ab_test,False
practitioner,19,low_overlap_b2,low_overlap-b2-1030,1030,clipped_ips,0.48123577968407727,0.472350929000315,0.4910670021733625,1.3464211538227022,0.8290501527677075,0.11450776963832705,109.47280891474932,0.0,distrust,0.9315855211387958,pass,0.6191477992039056,fail,0.009860064648512164,pass,0.23185890814934965,pass,0.07228239733682128,0.04024489349268799,1.5521113946861338,False,below,ab_fallback,ab_test,False
practitioner,19,low_overlap_b2,low_overlap-b2-1030,1030,dm,0.6912768405459282,0.6888440545430008,0.6936872344396543,,0.8290501527677075,0.11450776963832705,109.47280891474932,0.0,distrust,0.9315855211387958,pass,0.6191477992039056,fail,0.009860064648512164,pass,0.23185890814934965,pass,0.07228239733682128,0.04024489349268799,1.5521113946861338,False,below,ab_fallback,ab_test,False
practitioner,19,low_overlap_b2,low_overlap-b2-1030,1030,dr,0.6189944432091069,0.5851644390547708,0.647163641196733,,0.8290501527677075,0.11450776963832705,109.47280891474932,0.0,distrust,0.9315855211387958,pass,0.6191477992039056,fail,0.009860064648512164,pass,0.23185890814934965,pass,0.07228239733682128,0.04024489349268799,1.5521113946861338,False,below,ab_fallback,ab_test,False
practitioner,19,low_overlap_b2,low_overlap-b2-1030,1030,switch_dr,0.6912346107385562,0.6831950023351498,0.6999752411320777,2.3710839426472483,0.8290501527677075,0.11450776963832705,109.47280891474932,0.0,distrust,0.9315855211387958,pass,0.6191477992039056,fail,0.009860064648512164,pass,0.23185890814934965,pass,0.07228239733682128,0.04024489349268799,1.5521113946861338,False,below,ab_fallback,ab_test,False
practitioner,19,low_overlap_b2,low_overlap-b2-1030,1030,dros,0.6923722563859653,0.6862942476880622,0.6983979276075826,1.8128499234612567,0.8290501527677075,0.11450776963832705,109.47280891474932,0.0,distrust,0.9315855211387958,pass,0.6191477992039056,fail,0.009860064648512164,pass,0.23185890814934965,pass,0.07228239733682128,0.04024489349268799,1.5521113946861338,False,below,ab_fallback,ab_test,False
practitioner,19,low_overlap_b8,low_overlap-b8-1030,1030,ips,0.7522188775092498,0.7311376351809676,0.7763061226162734,,0.8290501527677075,0.2710829896272448,60.16075247814045,0.0,trust,0.9959168730862837,pass,0.6191477992039056,fail,0.0038232607408986,pass,0.09291354826057403,pass,0.04902893402665524,0.02005074369367299,1.1784909264340309,False,below,ab_fallback,ab_test,True
practitioner,19,low_overlap_b8,low_overlap-b8-1030,1030,snips,0.7553028750061948,0.724101946080308,0.783943535238663,,0.8290501527677075,0.2710829896272448,60.16075247814045,0.0,trust,0.9959168730862837,pass,0.6191477992039056,fail,0.0038232607408986,pass,0.09291354826057403,pass,0.04902893402665524,0.02005074369367299,1.1784909264340309,False,below,ab_fallback,ab_test,True
practitioner,19,low_overlap_b8,low_overlap-b8-1030,1030,clipped_ips,0.6851250048779564,0.6720803187523037,0.6984160403449725,1.6205446047231806,0.8290501527677075,0.2710829896272448,60.16075247814045,0.0,trust,0.9959168730862837,pass,0.6191477992039056,fail,0.0038232607408986,pass,0.09291354826057403,pass,0.04902893402665524,0.02005074369367299,1.1784909264340309,False,below,ab_fallback,ab_test,True
practitioner,19,low_overlap_b8,low_overlap-b8-1030,1030,dm,0.8044259938862824,0.80150546438811,0.8076934884308117,,0.8290501527677075,0.2710829896272448,60.16075247814045,0.0,trust,0.9959168730862837,pass,0.6191477992039056,fail,0.0038232607408986,pass,0.09291354826057403,pass,0.04902893402665524,0.02005074369367299,1.1784909264340309,False,below,ab_fallback,ab_test,True
practitioner,19,low_overlap_b8,low_overlap-b8-1030,1030,dr,0.7553970598596272,0.7301422849001419,0.7784926205045375,,0.8290501527677075,0.2710829896272448,60.16075247814045,0.0,trust,0.9959168730862837,pass,0.6191477992039056,fail,0.0038232607408986,pass,0.09291354826057403,pass,0.04902893402665524,0.02005074369367299,1.1784909264340309,False,below,ab_fallback,ab_test,True
practitioner,19,low_overlap_b8,low_overlap-b8-1030,1030,switch_dr,0.8017331999268775,0.791769669992307,0.8121416718392852,2.155966643953387,0.8290501527677075,0.2710829896272448,60.16075247814045,0.0,trust,0.9959168730862837,pass,0.6191477992039056,fail,0.0038232607408986,pass,0.09291354826057403,pass,0.04902893402665524,0.02005074369367299,1.1784909264340309,False,below,ab_fallback,ab_test,True
practitioner,19,low_overlap_b8,low_overlap-b8-1030,1030,dros,0.8040534057316302,0.7965593179776083,0.8118851134173016,2.62616481589741,0.8290501527677075,0.2710829896272448,60.16075247814045,0.0,trust,0.9959168730862837,pass,0.6191477992039056,fail,0.0038232607408986,pass,0.09291354826057403,pass,0.04902893402665524,0.02005074369367299,1.1784909264340309,False,below,ab_fallback,ab_test,True
practitioner,19,low_overlap_b-2,low_overlap-b-2-1031,1031,ips,0.4014568228292129,0.2840552721961324,0.5014319926894647,,0.8297812541376779,0.022860127846176477,228.6390467906885,0.0,distrust,0.8728574638448321,pass,0.4315376925199208,fail,-0.017398653047595698,pass,0.46721018762716293,pass,0.11992844156024401,0.1203002746087497,2.1656186443382266,False,below,ab_fallback,ab_test,False
practitioner,19,low_overlap_b-2,low_overlap-b-2-1031,1031,snips,0.45993399776962884,0.29661865337279764,0.5818703547487529,,0.8297812541376779,0.022860127846176477,228.6390467906885,0.0,distrust,0.8728574638448321,pass,0.4315376925199208,fail,-0.017398653047595698,pass,0.46721018762716293,pass,0.11992844156024401,0.1203002746087497,2.1656186443382266,False,below,ab_fallback,ab_test,False
practitioner,19,low_overlap_b-2,low_overlap-b-2-1031,1031,clipped_ips,0.2450481483755694,0.238191186450734,0.2520262403671985,1.0795999454139042,0.8297812541376779,0.022860127846176477,228.6390467906885,0.0,distrust,0.8728574638448321,pass,0.4315376925199208,fail,-0.017398653047595698,pass,0.46721018762716293,pass,0.11992844156024401,0.1203002746087497,2.1656186443382266,False,below,ab_fallback,ab_test,False
practitioner,19,low_overlap_b-2,low_overlap-b-2-1031,1031,dm,0.5383678480466523,0.535703300420864,0.5409437104578178,,0.8297812541376779,0.022860127846176477,228.6390467906885,0.0,distrust,0.8728574638448321,pass,0.4315376925199208,fail,-0.017398653047595698,pass,0.46721018762716293,pass,0.11992844156024401,0.1203002746087497,2.1656186443382266,False,below,ab_fallback,ab_test,False
practitioner,19,low_overlap_b-2,low_overlap-b-2-1031,1031,dr,0.41843940648640826,0.2547979877181873,0.5229990492781597,,0.8297812541376779,0.022860127846176477,228.6390467906885,0.0,distrust,0.8728574638448321,pass,0.4315376925199208,fail,-0.017398653047595698,pass,0.46721018762716293,pass,0.11992844156024401,0.1203002746087497,2.1656186443382266,False,below,ab_fallback,ab_test,False
practitioner,19,low_overlap_b-2,low_overlap-b-2-1031,1031,switch_dr,0.5359438789281566,0.530030929112647,0.5419418508537373,2.2754187711470997,0.8297812541376779,0.022860127846176477,228.6390467906885,0.0,distrust,0.8728574638448321,pass,0.4315376925199208,fail,-0.017398653047595698,pass,0.46721018762716293,pass,0.11992844156024401,0.1203002746087497,2.1656186443382266,False,below,ab_fallback,ab_test,False
practitioner,19,low_overlap_b-2,low_overlap-b-2-1031,1031,dros,0.5375897069364791,0.5341329716618254,0.5414476940533459,1.165536042137705,0.8297812541376779,0.022860127846176477,228.6390467906885,0.0,distrust,0.8728574638448321,pass,0.4315376925199208,fail,-0.017398653047595698,pass,0.46721018762716293,pass,0.11992844156024401,0.1203002746087497,2.1656186443382266,False,below,ab_fallback,ab_test,False
practitioner,19,low_overlap_b2,low_overlap-b2-1031,1031,ips,0.6384573789222298,0.5781997027913772,0.7075156614490312,,0.8297812541376779,0.06758827324073133,133.3744189201635,0.0,distrust,1.0024812241656411,pass,0.4315376925199208,fail,0.0037834420883980165,pass,0.24004146233727328,pass,0.06408868896611505,0.051882640475206895,1.5300858479059105,False,below,ab_fallback,ab_test,False
practitioner,19,low_overlap_b2,low_overlap-b2-1031,1031,snips,0.6368771439620866,0.5582708935376268,0.6957209325797723,,0.8297812541376779,0.06758827324073133,133.3744189201635,0.0,distrust,1.0024812241656411,pass,0.4315376925199208,fail,0.0037834420883980165,pass,0.24004146233727328,pass,0.06408868896611505,0.051882640475206895,1.5300858479059105,False,below,ab_fallback,ab_test,False
practitioner,19,low_overlap_b2,low_overlap-b2-1031,1031,clipped_ips,0.4855804579563844,0.47616861227895874,0.4942789505567148,1.3692368953432479,0.8297812541376779,0.06758827324073133,133.3744189201635,0.0,distrust,1.0024812241656411,pass,0.4315376925199208,fail,0.0037834420883980165,pass,0.24004146233727328,pass,0.06408868896611505,0.051882640475206895,1.5300858479059105,False,below,ab_fallback,ab_test,False
practitioner,19,low_overlap_b2,low_overlap-b2-1031,1031,dm,0.6908258952457174,0.6882963482742417,0.6931890323043963,,0.8297812541376779,0.06758827324073133,133.3744189201635,0.0,distrust,1.0024812241656411,pass,0.4315376925199208,fail,0.0037834420883980165,pass,0.24004146233727328,pass,0.06408868896611505,0.051882640475206895,1.5300858479059105,False,below,ab_fallback,ab_test,False
practitioner,19,low_overlap_b2,low_overlap-b2-1031,1031,dr,0.6267372062796023,0.5512595884659188,0.6857251722332577,,0.8297812541376779,0.06758827324073133,133.3744189201635,0.0,distrust,1.0024812241656411,pass,0.4315376925199208,fail,0.0037834420883980165,pass,0.24004146233727328,pass,0.06408868896611505,0.051882640475206895,1.5300858479059105,False,below,ab_fallback,ab_test,False
practitioner,19,low_overlap_b2,low_overlap-b2-1031,1031,switch_dr,0.6886775508591928,0.6810068375292186,0.6957277084173153,2.32632949945126,0.8297812541376779,0.06758827324073133,133.3744189201635,0.0,distrust,1.0024812241656411,pass,0.4315376925199208,fail,0.0037834420883980165,pass,0.24004146233727328,pass,0.06408868896611505,0.051882640475206895,1.5300858479059105,False,below,ab_fallback,ab_test,False
practitioner,19,low_overlap_b2,low_overlap-b2-1031,1031,dros,0.6896869272768522,0.6841445494255359,0.6951580733720766,1.8748096755692163,0.8297812541376779,0.06758827324073133,133.3744189201635,0.0,distrust,1.0024812241656411,pass,0.4315376925199208,fail,0.0037834420883980165,pass,0.24004146233727328,pass,0.06408868896611505,0.051882640475206895,1.5300858479059105,False,below,ab_fallback,ab_test,False
practitioner,19,low_overlap_b8,low_overlap-b8-1031,1031,ips,0.8036385804910811,0.7750444281944692,0.8381839927885265,,0.8297812541376779,0.3164888754996411,43.72780842803824,0.0,trust,1.0233585985140017,pass,0.4315376925199208,fail,0.010374634298616648,pass,0.11836714688995235,pass,0.023269131958871103,0.01815951746900233,1.1101212891011938,False,below,ab_fallback,ab_test,True
practitioner,19,low_overlap_b8,low_overlap-b8-1031,1031,snips,0.7852951855371406,0.763796315229533,0.8065455471703511,,0.8297812541376779,0.3164888754996411,43.72780842803824,0.0,trust,1.0233585985140017,pass,0.4315376925199208,fail,0.010374634298616648,pass,0.11836714688995235,pass,0.023269131958871103,0.01815951746900233,1.1101212891011938,False,below,ab_fallback,ab_test,True
practitioner,19,low_overlap_b8,low_overlap-b8-1031,1031,clipped_ips,0.710685429912634,0.6963585692501137,0.7241697447385926,1.6961046685066492,0.8297812541376779,0.3164888754996411,43.72780842803824,0.0,trust,1.0233585985140017,pass,0.4315376925199208,fail,0.010374634298616648,pass,0.11836714688995235,pass,0.023269131958871103,0.01815951746900233,1.1101212891011938,False,below,ab_fallback,ab_test,True
practitioner,19,low_overlap_b8,low_overlap-b8-1031,1031,dm,0.8101355080491875,0.8066795233258792,0.813425069772696,,0.8297812541376779,0.3164888754996411,43.72780842803824,0.0,trust,1.0233585985140017,pass,0.4315376925199208,fail,0.010374634298616648,pass,0.11836714688995235,pass,0.023269131958871103,0.01815951746900233,1.1101212891011938,False,below,ab_fallback,ab_test,True
practitioner,19,low_overlap_b8,low_overlap-b8-1031,1031,dr,0.7868663760903164,0.7646475110841214,0.8077579448019436,,0.8297812541376779,0.3164888754996411,43.72780842803824,0.0,trust,1.0233585985140017,pass,0.4315376925199208,fail,0.010374634298616648,pass,0.11836714688995235,pass,0.023269131958871103,0.01815951746900233,1.1101212891011938,False,below,ab_fallback,ab_test,True
practitioner,19,low_overlap_b8,low_overlap-b8-1031,1031,switch_dr,0.8078794803511701,0.7978925805984771,0.8178595871504278,2.2228186935428487,0.8297812541376779,0.3164888754996411,43.72780842803824,0.0,trust,1.0233585985140017,pass,0.4315376925199208,fail,0.010374634298616648,pass,0.11836714688995235,pass,0.023269131958871103,0.01815951746900233,1.1101212891011938,False,below,ab_fallback,ab_test,True
practitioner,19,low_overlap_b8,low_overlap-b8-1031,1031,dros,0.80698294243718,0.7992493298192983,0.8143765439549197,2.8767710465300502,0.8297812541376779,0.3164888754996411,43.72780842803824,0.0,trust,1.0233585985140017,pass,0.4315376925199208,fail,0.010374634298616648,pass,0.11836714688995235,pass,0.023269131958871103,0.01815951746900233,1.1101212891011938,False,below,ab_fallback,ab_test,True
practitioner,19,low_overlap_b-2,low_overlap-b-2-1032,1032,ips,0.5087426862771239,0.37052060623304967,0.7170510655704385,,0.834632007482477,0.004202383350771117,1133.9620726731234,0.0,ab_fallback,0.9724382876542468,pass,1.6140063551289197,fail,0.1012120840518893,pass,0.5280630345657972,fail,0.1071752979069373,0.3201065297077191,2.233298859536136,False,below,ab_fallback,ab_test,False
practitioner,19,low_overlap_b-2,low_overlap-b-2-1032,1032,snips,0.5231619247575419,0.4669123807716631,0.589970323487185,,0.834632007482477,0.004202383350771117,1133.9620726731234,0.0,ab_fallback,0.9724382876542468,pass,1.6140063551289197,fail,0.1012120840518893,pass,0.5280630345657972,fail,0.1071752979069373,0.3201065297077191,2.233298859536136,False,below,ab_fallback,ab_test,False
practitioner,19,low_overlap_b-2,low_overlap-b-2-1032,1032,clipped_ips,0.24689945120079107,0.23922859662495852,0.25381825684865666,1.0328637379295338,0.834632007482477,0.004202383350771117,1133.9620726731234,0.0,ab_fallback,0.9724382876542468,pass,1.6140063551289197,fail,0.1012120840518893,pass,0.5280630345657972,fail,0.1071752979069373,0.3201065297077191,2.233298859536136,False,below,ab_fallback,ab_test,False
practitioner,19,low_overlap_b-2,low_overlap-b-2-1032,1032,dm,0.569456830314507,0.5670807420110853,0.5718768323139028,,0.834632007482477,0.004202383350771117,1133.9620726731234,0.0,ab_fallback,0.9724382876542468,pass,1.6140063551289197,fail,0.1012120840518893,pass,0.5280630345657972,fail,0.1071752979069373,0.3201065297077191,2.233298859536136,False,below,ab_fallback,ab_test,False
practitioner,19,low_overlap_b-2,low_overlap-b-2-1032,1032,dr,0.4622815324075697,0.3752463837455775,0.5272133345942641,,0.834632007482477,0.004202383350771117,1133.9620726731234,0.0,ab_fallback,0.9724382876542468,pass,1.6140063551289197,fail,0.1012120840518893,pass,0.5280630345657972,fail,0.1071752979069373,0.3201065297077191,2.233298859536136,False,below,ab_fallback,ab_test,False
practitioner,19,low_overlap_b-2,low_overlap-b-2-1032,1032,switch_dr,0.5690411592321009,0.563056655324953,0.5747617850856953,1.9700662493225034,0.834632007482477,0.004202383350771117,1133.9620726731234,0.0,ab_fallback,0.9724382876542468,pass,1.6140063551289197,fail,0.1012120840518893,pass,0.5280630345657972,fail,0.1071752979069373,0.3201065297077191,2.233298859536136,False,below,ab_fallback,ab_test,False
practitioner,19,low_overlap_b-2,low_overlap-b-2-1032,1032,dros,0.5692262455799061,0.564978975849711,0.5732250263719384,1.0668075011297686,0.834632007482477,0.004202383350771117,1133.9620726731234,0.0,ab_fallback,0.9724382876542468,pass,1.6140063551289197,fail,0.1012120840518893,pass,0.5280630345657972,fail,0.1071752979069373,0.3201065297077191,2.233298859536136,False,below,ab_fallback,ab_test,False
practitioner,19,low_overlap_b2,low_overlap-b2-1032,1032,ips,0.6316153019992884,0.5822401209986177,0.6898510815324923,,0.834632007482477,0.05344559087348639,207.14625300946042,0.0,distrust,0.9602222612291792,pass,1.6140063551289197,fail,0.0017528940783666797,pass,0.2577555858795342,pass,0.06853670773606317,0.0717002236402003,1.5098475984545512,False,below,ab_fallback,ab_test,False
practitioner,19,low_overlap_b2,low_overlap-b2-1032,1032,snips,0.6577803155602314,0.6186671761628917,0.6985566249141565,,0.834632007482477,0.05344559087348639,207.14625300946042,0.0,distrust,0.9602222612291792,pass,1.6140063551289197,fail,0.0017528940783666797,pass,0.2577555858795342,pass,0.06853670773606317,0.0717002236402003,1.5098475984545512,False,below,ab_fallback,ab_test,False
practitioner,19,low_overlap_b2,low_overlap-b2-1032,1032,clipped_ips,0.4882337649429791,0.47701477259956376,0.497495844918039,1.3540226157447182,0.834632007482477,0.05344559087348639,207.14625300946042,0.0,distrust,0.9602222612291792,pass,1.6140063551289197,fail,0.0017528940783666797,pass,0.2577555858795342,pass,0.06853670773606317,0.0717002236402003,1.5098475984545512,False,below,ab_fallback,ab_test,False
practitioner,19,low_overlap_b2,low_overlap-b2-1032,1032,dm,0.7102595729274079,0.7080296343890919,0.7124304563963035,,0.834632007482477,0.05344559087348639,207.14625300946042,0.0,distrust,0.9602222612291792,pass,1.6140063551289197,fail,0.0017528940783666797,pass,0.2577555858795342,pass,0.06853670773606317,0.0717002236402003,1.5098475984545512,False,below,ab_fallback,ab_test,False
practitioner,19,low_overlap_b2,low_overlap-b2-1032,1032,dr,0.6417228651913448,0.6041683453553186,0.6756191080621775,,0.834632007482477,0.05344559087348639,207.14625300946042,0.0,distrust,0.9602222612291792,pass,1.6140063551289197,fail,0.0017528940783666797,pass,0.2577555858795342,pass,0.06853670773606317,0.0717002236402003,1.5098475984545512,False,below,ab_fallback,ab_test,False
practitioner,19,low_overlap_b2,low_overlap-b2-1032,1032,switch_dr,0.7081635282527873,0.6990606382645065,0.7154724018814089,2.20347953686965,0.834632007482477,0.05344559087348639,207.14625300946042,0.0,distrust,0.9602222612291792,pass,1.6140063551289197,fail,0.0017528940783666797,pass,0.2577555858795342,pass,0.06853670773606317,0.0717002236402003,1.5098475984545512,False,below,ab_fallback,ab_test,False
practitioner,19,low_overlap_b2,low_overlap-b2-1032,1032,dros,0.7087405729511997,0.7024668846891188,0.7148207263315993,1.8333772439481686,0.834632007482477,0.05344559087348639,207.14625300946042,0.0,distrust,0.9602222612291792,pass,1.6140063551289197,fail,0.0017528940783666797,pass,0.2577555858795342,pass,0.06853670773606317,0.0717002236402003,1.5098475984545512,False,below,ab_fallback,ab_test,False
practitioner,19,low_overlap_b8,low_overlap-b8-1032,1032,ips,0.7750675285477794,0.755260414656052,0.7943793863127143,,0.834632007482477,0.45632293729663503,29.201443287319847,0.0,trust,0.9706864056849471,pass,1.6140063551289197,fail,-0.011787042809481394,pass,0.11255205082696372,pass,0.031071308989573845,0.006834218902102665,1.0881628169302382,False,below,ab_fallback,ab_test,True
practitioner,19,low_overlap_b8,low_overlap-b8-1032,1032,snips,0.7984736615332191,0.7794041603118314,0.8159986171641261,,0.834632007482477,0.45632293729663503,29.201443287319847,0.0,trust,0.9706864056849471,pass,1.6140063551289197,fail,-0.011787042809481394,pass,0.11255205082696372,pass,0.031071308989573845,0.006834218902102665,1.0881628169302382,False,below,ab_fallback,ab_test,True
practitioner,19,low_overlap_b8,low_overlap-b8-1032,1032,clipped_ips,0.7086038133963404,0.6945098279487647,0.7220005219883401,1.6057333613780629,0.834632007482477,0.45632293729663503,29.201443287319847,0.0,trust,0.9706864056849471,pass,1.6140063551289197,fail,-0.011787042809481394,pass,0.11255205082696372,pass,0.031071308989573845,0.006834218902102665,1.0881628169302382,False,below,ab_fallback,ab_test,True
practitioner,19,low_overlap_b8,low_overlap-b8-1032,1032,dm,0.8252573209249936,0.8223758136749104,0.8279094914913121,,0.834632007482477,0.45632293729663503,29.201443287319847,0.0,trust,0.9706864056849471,pass,1.6140063551289197,fail,-0.011787042809481394,pass,0.11255205082696372,pass,0.031071308989573845,0.006834218902102665,1.0881628169302382,False,below,ab_fallback,ab_test,True
practitioner,19,low_overlap_b8,low_overlap-b8-1032,1032,dr,0.7941860119354197,0.7757312890780483,0.8100320126763371,,0.834632007482477,0.45632293729663503,29.201443287319847,0.0,trust,0.9706864056849471,pass,1.6140063551289197,fail,-0.011787042809481394,pass,0.11255205082696372,pass,0.031071308989573845,0.006834218902102665,1.0881628169302382,False,below,ab_fallback,ab_test,True
practitioner,19,low_overlap_b8,low_overlap-b8-1032,1032,switch_dr,0.8242896295748535,0.8130785995518014,0.8348374762399838,2.0598949459696176,0.834632007482477,0.45632293729663503,29.201443287319847,0.0,trust,0.9706864056849471,pass,1.6140063551289197,fail,-0.011787042809481394,pass,0.11255205082696372,pass,0.031071308989573845,0.006834218902102665,1.0881628169302382,False,below,ab_fallback,ab_test,True
practitioner,19,low_overlap_b8,low_overlap-b8-1032,1032,dros,0.8238341765632103,0.8156015971234074,0.8315504912298678,2.5783796278424926,0.834632007482477,0.45632293729663503,29.201443287319847,0.0,trust,0.9706864056849471,pass,1.6140063551289197,fail,-0.011787042809481394,pass,0.11255205082696372,pass,0.031071308989573845,0.006834218902102665,1.0881628169302382,False,below,ab_fallback,ab_test,True
practitioner,19,low_overlap_b-2,low_overlap-b-2-1033,1033,ips,0.40251516108070945,0.3026258685099344,0.5061404467582354,,0.8438884708011036,0.00623849960932673,872.7738539756978,0.0,ab_fallback,0.9976371230993906,pass,1.4977002222212068,fail,0.10445865932476675,fail,0.43474020812862985,pass,0.17014729383809826,0.12182738468748364,2.5744201338749932,False,below,ab_fallback,ab_test,False
practitioner,19,low_overlap_b-2,low_overlap-b-2-1033,1033,snips,0.403468507497198,0.2720892191415008,0.547693823147316,,0.8438884708011036,0.00623849960932673,872.7738539756978,0.0,ab_fallback,0.9976371230993906,pass,1.4977002222212068,fail,0.10445865932476675,fail,0.43474020812862985,pass,0.17014729383809826,0.12182738468748364,2.5744201338749932,False,below,ab_fallback,ab_test,False
practitioner,19,low_overlap_b-2,low_overlap-b-2-1033,1033,clipped_ips,0.22806452457451848,0.22112615288778323,0.23482524000065383,0.9382104651465206,0.8438884708011036,0.00623849960932673,872.7738539756978,0.0,ab_fallback,0.9976371230993906,pass,1.4977002222212068,fail,0.10445865932476675,fail,0.43474020812862985,pass,0.17014729383809826,0.12182738468748364,2.5744201338749932,False,below,ab_fallback,ab_test,False
practitioner,19,low_overlap_b-2,low_overlap-b-2-1033,1033,dm,0.5637582773711342,0.5611797693495545,0.5661815459546833,,0.8438884708011036,0.00623849960932673,872.7738539756978,0.0,ab_fallback,0.9976371230993906,pass,1.4977002222212068,fail,0.10445865932476675,fail,0.43474020812862985,pass,0.17014729383809826,0.12182738468748364,2.5744201338749932,False,below,ab_fallback,ab_test,False
practitioner,19,low_overlap_b-2,low_overlap-b-2-1033,1033,dr,0.3936109835330359,0.27369266122752256,0.49150367263759887,,0.8438884708011036,0.00623849960932673,872.7738539756978,0.0,ab_fallback,0.9976371230993906,pass,1.4977002222212068,fail,0.10445865932476675,fail,0.43474020812862985,pass,0.17014729383809826,0.12182738468748364,2.5744201338749932,False,below,ab_fallback,ab_test,False
practitioner,19,low_overlap_b-2,low_overlap-b-2-1033,1033,switch_dr,0.5606745485166938,0.5551871075950319,0.5658891165261439,1.9023214947881852,0.8438884708011036,0.00623849960932673,872.7738539756978,0.0,ab_fallback,0.9976371230993906,pass,1.4977002222212068,fail,0.10445865932476675,fail,0.43474020812862985,pass,0.17014729383809826,0.12182738468748364,2.5744201338749932,False,below,ab_fallback,ab_test,False
practitioner,19,low_overlap_b-2,low_overlap-b-2-1033,1033,dros,0.5630344832655915,0.5589702204709407,0.5665870473919551,0.8802388769104506,0.8438884708011036,0.00623849960932673,872.7738539756978,0.0,ab_fallback,0.9976371230993906,pass,1.4977002222212068,fail,0.10445865932476675,fail,0.43474020812862985,pass,0.17014729383809826,0.12182738468748364,2.5744201338749932,False,below,ab_fallback,ab_test,False
practitioner,19,low_overlap_b2,low_overlap-b2-1033,1033,ips,0.6380692681179619,0.5766871790684632,0.6988386581709327,,0.8438884708011036,0.0434528259032316,210.61839125398683,0.0,distrust,1.005629647263692,pass,1.4977002222212068,fail,0.02701287482570955,pass,0.2309321235086882,pass,0.09513262631174374,0.09988320871657926,1.592681948546475,False,below,ab_fallback,ab_test,False
practitioner,19,low_overlap_b2,low_overlap-b2-1033,1033,snips,0.6344972722852212,0.5727689149199974,0.6906120228171325,,0.8438884708011036,0.0434528259032316,210.61839125398683,0.0,distrust,1.005629647263692,pass,1.4977002222212068,fail,0.02701287482570955,pass,0.2309321235086882,pass,0.09513262631174374,0.09988320871657926,1.592681948546475,False,below,ab_fallback,ab_test,False
practitioner,19,low_overlap_b2,low_overlap-b2-1033,1033,clipped_ips,0.49154346566866547,0.48241292299059135,0.5010701992520262,1.3068211722850034,0.8438884708011036,0.0434528259032316,210.61839125398683,0.0,distrust,1.005629647263692,pass,1.4977002222212068,fail,0.02701287482570955,pass,0.2309321235086882,pass,0.09513262631174374,0.09988320871657926,1.592681948546475,False,below,ab_fallback,ab_test,False
practitioner,19,low_overlap_b2,low_overlap-b2-1033,1033,dm,0.7201486884019362,0.7178001237557696,0.7223101642024071,,0.8438884708011036,0.0434528259032316,210.61839125398683,0.0,distrust,1.005629647263692,pass,1.4977002222212068,fail,0.02701287482570955,pass,0.2309321235086882,pass,0.09513262631174374,0.09988320871657926,1.592681948546475,False,below,ab_fallback,ab_test,False
practitioner,19,low_overlap_b2,low_overlap-b2-1033,1033,dr,0.6250160620901926,0.5740949763747798,0.669055010869774,,0.8438884708011036,0.0434528259032316,210.61839125398683,0.0,distrust,1.005629647263692,pass,1.4977002222212068,fail,0.02701287482570955,pass,0.2309321235086882,pass,0.09513262631174374,0.09988320871657926,1.592681948546475,False,below,ab_fallback,ab_test,False
practitioner,19,low_overlap_b2,low_overlap-b2-1033,1033,switch_dr,0.7195337641277971,0.7115807553504018,0.7274158225221004,2.0896585420692344,0.8438884708011036,0.0434528259032316,210.61839125398683,0.0,distrust,1.005629647263692,pass,1.4977002222212068,fail,0.02701287482570955,pass,0.2309321235086882,pass,0.09513262631174374,0.09988320871657926,1.592681948546475,False,below,ab_fallback,ab_test,False
practitioner,19,low_overlap_b2,low_overlap-b2-1033,1033,dros,0.7187486901875966,0.7133169308985129,0.7239773770484703,1.7077815763323505,0.8438884708011036,0.0434528259032316,210.61839125398683,0.0,distrust,1.005629647263692,pass,1.4977002222212068,fail,0.02701287482570955,pass,0.2309321235086882,pass,0.09513262631174374,0.09988320871657926,1.592681948546475,False,below,ab_fallback,ab_test,False
practitioner,19,low_overlap_b8,low_overlap-b8-1033,1033,ips,0.8150242834180649,0.7700549733591746,0.8650848517391719,,0.8438884708011036,0.12484996015825947,167.95049460909192,0.0,distrust,1.0255471879553861,pass,1.4977002222212068,fail,-0.006418764510448211,pass,0.1319137444914402,pass,0.046998191481702555,0.04273419195004153,1.1222240459841455,False,below,ab_fallback,ab_test,True
practitioner,19,low_overlap_b8,low_overlap-b8-1033,1033,snips,0.7947213867778851,0.7662647045979061,0.820345152946554,,0.8438884708011036,0.12484996015825947,167.95049460909192,0.0,distrust,1.0255471879553861,pass,1.4977002222212068,fail,-0.006418764510448211,pass,0.1319137444914402,pass,0.046998191481702555,0.04273419195004153,1.1222240459841455,False,below,ab_fallback,ab_test,True
practitioner,19,low_overlap_b8,low_overlap-b8-1033,1033,clipped_ips,0.7101896094607639,0.6970547472345615,0.7235986485297455,1.5506931347570954,0.8438884708011036,0.12484996015825947,167.95049460909192,0.0,distrust,1.0255471879553861,pass,1.4977002222212068,fail,-0.006418764510448211,pass,0.1319137444914402,pass,0.046998191481702555,0.04273419195004153,1.1222240459841455,False,below,ab_fallback,ab_test,True
practitioner,19,low_overlap_b8,low_overlap-b8-1033,1033,dm,0.8380455932349161,0.835303553908175,0.8405277012998211,,0.8438884708011036,0.12484996015825947,167.95049460909192,0.0,distrust,1.0255471879553861,pass,1.4977002222212068,fail,-0.006418764510448211,pass,0.1319137444914402,pass,0.046998191481702555,0.04273419195004153,1.1222240459841455,False,below,ab_fallback,ab_test,True
practitioner,19,low_overlap_b8,low_overlap-b8-1033,1033,dr,0.7910474017532135,0.7657904430612025,0.8147436743074855,,0.8438884708011036,0.12484996015825947,167.95049460909192,0.0,distrust,1.0255471879553861,pass,1.4977002222212068,fail,-0.006418764510448211,pass,0.1319137444914402,pass,0.046998191481702555,0.04273419195004153,1.1222240459841455,False,below,ab_fallback,ab_test,True
practitioner,19,low_overlap_b8,low_overlap-b8-1033,1033,switch_dr,0.83355311996628,0.8230257574061588,0.8438191276286878,1.9859048822659129,0.8438884708011036,0.12484996015825947,167.95049460909192,0.0,distrust,1.0255471879553861,pass,1.4977002222212068,fail,-0.006418764510448211,pass,0.1319137444914402,pass,0.046998191481702555,0.04273419195004153,1.1222240459841455,False,below,ab_fallback,ab_test,True
practitioner,19,low_overlap_b8,low_overlap-b8-1033,1033,dros,0.8362254027819069,0.8295554822725859,0.8431711825147076,2.404649198182787,0.8438884708011036,0.12484996015825947,167.95049460909192,0.0,distrust,1.0255471879553861,pass,1.4977002222212068,fail,-0.006418764510448211,pass,0.1319137444914402,pass,0.046998191481702555,0.04273419195004153,1.1222240459841455,False,below,ab_fallback,ab_test,True
practitioner,19,low_overlap_b-2,low_overlap-b-2-1034,1034,ips,0.40554823995086997,0.36024084981982585,0.45779305704738193,,0.8425766072462013,0.008562306132037298,693.9042351142363,0.0,ab_fallback,0.8638646925669324,pass,0.753973072406663,pass,-0.03255331727520074,pass,0.47493998389357134,pass,0.1171784884511938,0.11317158120788526,2.249321219248324,False,below,ab_fallback,ab_test,False
practitioner,19,low_overlap_b-2,low_overlap-b-2-1034,1034,snips,0.4694580568466143,0.3955407089238716,0.5596985474850997,,0.8425766072462013,0.008562306132037298,693.9042351142363,0.0,ab_fallback,0.8638646925669324,pass,0.753973072406663,pass,-0.03255331727520074,pass,0.47493998389357134,pass,0.1171784884511938,0.11317158120788526,2.249321219248324,False,below,ab_fallback,ab_test,False
practitioner,19,low_overlap_b-2,low_overlap-b-2-1034,1034,clipped_ips,0.246493654889176,0.24010248611759213,0.253916378949976,1.0297102879464137,0.8425766072462013,0.008562306132037298,693.9042351142363,0.0,ab_fallback,0.8638646925669324,pass,0.753973072406663,pass,-0.03255331727520074,pass,0.47493998389357134,pass,0.1171784884511938,0.11317158120788526,2.249321219248324,False,below,ab_fallback,ab_test,False
practitioner,19,low_overlap_b-2,low_overlap-b-2-1034,1034,dm,0.563381366815164,0.5606295817440762,0.5661427632318441,,0.8425766072462013,0.008562306132037298,693.9042351142363,0.0,ab_fallback,0.8638646925669324,pass,0.753973072406663,pass,-0.03255331727520074,pass,0.47493998389357134,pass,0.1171784884511938,0.11317158120788526,2.249321219248324,False,below,ab_fallback,ab_test,False
practitioner,19,low_overlap_b-2,low_overlap-b-2-1034,1034,dr,0.4462028783639702,0.38319213273383235,0.5016484768116665,,0.8425766072462013,0.008562306132037298,693.9042351142363,0.0,ab_fallback,0.8638646925669324,pass,0.753973072406663,pass,-0.03255331727520074,pass,0.47493998389357134,pass,0.1171784884511938,0.11317158120788526,2.249321219248324,False,below,ab_fallback,ab_test,False
practitioner,19,low_overlap_b-2,low_overlap-b-2-1034,1034,switch_dr,0.5617813062803153,0.5568743485503365,0.5679310979488346,2.0214186407525103,0.8425766072462013,0.008562306132037298,693.9042351142363,0.0,ab_fallback,0.8638646925669324,pass,0.753973072406663,pass,-0.03255331727520074,pass,0.47493998389357134,pass,0.1171784884511938,0.11317158120788526,2.249321219248324,False,below,ab_fallback,ab_test,False
practitioner,19,low_overlap_b-2,low_overlap-b-2-1034,1034,dros,0.5633841487670337,0.5599247132666718,0.5678229827150879,1.0603032771026863,0.8425766072462013,0.008562306132037298,693.9042351142363,0.0,ab_fallback,0.8638646925669324,pass,0.753973072406663,pass,-0.03255331727520074,pass,0.47493998389357134,pass,0.1171784884511938,0.11317158120788526,2.249321219248324,False,below,ab_fallback,ab_test,False
practitioner,19,low_overlap_b2,low_overlap-b2-1034,1034,ips,0.578270348612556,0.5518304858549632,0.608679264289571,,0.8425766072462013,0.08112460260788058,156.51814218306612,0.0,distrust,0.9409145277362111,pass,0.753973072406663,pass,0.009057603719340376,pass,0.218397098070938,pass,0.09338475229322421,0.07719289859900605,1.629855992064785,False,below,distrust,ab_test,False
practitioner,19,low_overlap_b2,low_overlap-b2-1034,1034,snips,0.6145832927076201,0.5702666766582329,0.6661451945607415,,0.8425766072462013,0.08112460260788058,156.51814218306612,0.0,distrust,0.9409145277362111,pass,0.753973072406663,pass,0.009057603719340376,pass,0.218397098070938,pass,0.09338475229322421,0.07719289859900605,1.629855992064785,False,below,distrust,ab_test,False
practitioner,19,low_overlap_b2,low_overlap-b2-1034,1034,clipped_ips,0.480360085057394,0.47190007441873394,0.49088307602769427,1.3310589543558757,0.8425766072462013,0.08112460260788058,156.51814218306612,0.0,distrust,0.9409145277362111,pass,0.753973072406663,pass,0.009057603719340376,pass,0.218397098070938,pass,0.09338475229322421,0.07719289859900605,1.629855992064785,False,below,distrust,ab_test,False
practitioner,19,low_overlap_b2,low_overlap-b2-1034,1034,dm,0.698761879622683,0.6963988114849518,0.7012082413715307,,0.8425766072462013,0.08112460260788058,156.51814218306612,0.0,distrust,0.9409145277362111,pass,0.753973072406663,pass,0.009057603719340376,pass,0.218397098070938,pass,0.09338475229322421,0.07719289859900605,1.629855992064785,False,below,distrust,ab_test,False
practitioner,19,low_overlap_b2,low_overlap-b2-1034,1034,dr,0.6053771273294588,0.5662141414068783,0.6447169463973283,,0.8425766072462013,0.08112460260788058,156.51814218306612,0.0,distrust,0.9409145277362111,pass,0.753973072406663,pass,0.009057603719340376,pass,0.218397098070938,pass,0.09338475229322421,0.07719289859900605,1.629855992064785,False,below,distrust,ab_test,False
practitioner,19,low_overlap_b2,low_overlap-b2-1034,1034,switch_dr,0.6970651006717963,0.68969862269422,0.7061969047277141,2.192214230887388,0.8425766072462013,0.08112460260788058,156.51814218306612,0.0,distrust,0.9409145277362111,pass,0.753973072406663,pass,0.009057603719340376,pass,0.218397098070938,pass,0.09338475229322421,0.07719289859900605,1.629855992064785,False,below,distrust,ab_test,False
practitioner,19,low_overlap_b2,low_overlap-b2-1034,1034,dros,0.6983973303199698,0.6929134657162725,0.7045029351764013,1.7717179399709573,0.8425766072462013,0.08112460260788058,156.51814218306612,0.0,distrust,0.9409145277362111,pass,0.753973072406663,pass,0.009057603719340376,pass,0.218397098070938,pass,0.09338475229322421,0.07719289859900605,1.629855992064785,False,below,distrust,ab_test,False
practitioner,19,low_overlap_b8,low_overlap-b8-1034,1034,ips,0.7253819786601524,0.7052882491128147,0.7471268154977094,,0.8425766072462013,0.2868196000152289,53.60061607147537,0.0,trust,0.9793006323200918,pass,0.753973072406663,pass,-7.286597967101471e-05,pass,0.09795263202087205,pass,0.060252918745151776,0.04649798086919141,1.2542190070974295,False,below,trust,no_go,True
practitioner,19,low_overlap_b8,low_overlap-b8-1034,1034,snips,0.740714296223446,0.7129113099594777,0.7719978633492379,,0.8425766072462013,0.2868196000152289,53.60061607147537,0.0,trust,0.9793006323200918,pass,0.753973072406663,pass,-7.286597967101471e-05,pass,0.09795263202087205,pass,0.060252918745151776,0.04649798086919141,1.2542190070974295,False,below,trust,no_go,True
practitioner,19,low_overlap_b8,low_overlap-b8-1034,1034,clipped_ips,0.6681593813328716,0.6565246875566649,0.6814181871498369,1.5522673137157383,0.8425766072462013,0.2868196000152289,53.60061607147537,0.0,trust,0.9793006323200918,pass,0.753973072406663,pass,-7.286597967101471e-05,pass,0.09795263202087205,pass,0.060252918745151776,0.04649798086919141,1.2542190070974295,False,below,trust,no_go,True
practitioner,19,low_overlap_b8,low_overlap-b8-1034,1034,dm,0.7971381315126604,0.7938039407871772,0.8000706111481415,,0.8425766072462013,0.2868196000152289,53.60061607147537,0.0,trust,0.9793006323200918,pass,0.753973072406663,pass,-7.286597967101471e-05,pass,0.09795263202087205,pass,0.060252918745151776,0.04649798086919141,1.2542190070974295,False,below,trust,no_go,True
practitioner,19,low_overlap_b8,low_overlap-b8-1034,1034,dr,0.7368852127675086,0.7142308921424466,0.7619600798313424,,0.8425766072462013,0.2868196000152289,53.60061607147537,0.0,trust,0.9793006323200918,pass,0.753973072406663,pass,-7.286597967101471e-05,pass,0.09795263202087205,pass,0.060252918745151776,0.04649798086919141,1.2542190070974295,False,below,trust,no_go,True
practitioner,19,low_overlap_b8,low_overlap-b8-1034,1034,switch_dr,0.796080099122476,0.7857944309495529,0.8069567696653036,2.1394331239448694,0.8425766072462013,0.2868196000152289,53.60061607147537,0.0,trust,0.9793006323200918,pass,0.753973072406663,pass,-7.286597967101471e-05,pass,0.09795263202087205,pass,0.060252918745151776,0.04649798086919141,1.2542190070974295,False,below,trust,no_go,True
practitioner,19,low_overlap_b8,low_overlap-b8-1034,1034,dros,0.796251183924058,0.7889979518186528,0.8042580431413893,2.4095338132302744,0.8425766072462013,0.2868196000152289,53.60061607147537,0.0,trust,0.9793006323200918,pass,0.753973072406663,pass,-7.286597967101471e-05,pass,0.09795263202087205,pass,0.060252918745151776,0.04649798086919141,1.2542190070974295,False,below,trust,no_go,True
practitioner,19,low_overlap_b-2,low_overlap-b-2-1035,1035,ips,0.504825105795871,0.35098240393472596,0.6951290455500002,,0.8312871421879033,0.00586279093494984,921.2193946585022,0.0,ab_fallback,1.2317431561522754,pass,1.4397762353496426,pass,0.153446532356863,pass,0.6179321610949345,fail,0.10061503975798512,0.40868189112401365,2.650819552656448,False,below,ab_fallback,ab_test,False
practitioner,19,low_overlap_b-2,low_overlap-b-2-1035,1035,snips,0.40984608136394757,0.2544395233791368,0.5375092357996537,,0.8312871421879033,0.00586279093494984,921.2193946585022,0.0,ab_fallback,1.2317431561522754,pass,1.4397762353496426,pass,0.153446532356863,pass,0.6179321610949345,fail,0.10061503975798512,0.40868189112401365,2.650819552656448,False,below,ab_fallback,ab_test,False
practitioner,19,low_overlap_b-2,low_overlap-b-2-1035,1035,clipped_ips,0.25156803102235653,0.24402897672162668,0.25873162437771613,1.0642959232297828,0.8312871421879033,0.00586279093494984,921.2193946585022,0.0,ab_fallback,1.2317431561522754,pass,1.4397762353496426,pass,0.153446532356863,pass,0.6179321610949345,fail,0.10061503975798512,0.40868189112401365,2.650819552656448,False,below,ab_fallback,ab_test,False
practitioner,19,low_overlap_b-2,low_overlap-b-2-1035,1035,dm,0.5503710299414551,0.5475455508050633,0.5529114175128456,,0.8312871421879033,0.00586279093494984,921.2193946585022,0.0,ab_fallback,1.2317431561522754,pass,1.4397762353496426,pass,0.153446532356863,pass,0.6179321610949345,fail,0.10061503975798512,0.40868189112401365,2.650819552656448,False,below,ab_fallback,ab_test,False
practitioner,19,low_overlap_b-2,low_overlap-b-2-1035,1035,dr,0.44975599018347,0.24093698986582193,0.6693707813265221,,0.8312871421879033,0.00586279093494984,921.2193946585022,0.0,ab_fallback,1.2317431561522754,pass,1.4397762353496426,pass,0.153446532356863,pass,0.6179321610949345,fail,0.10061503975798512,0.40868189112401365,2.650819552656448,False,below,ab_fallback,ab_test,False
practitioner,19,low_overlap_b-2,low_overlap-b-2-1035,1035,switch_dr,0.5514545736721455,0.5443259154138074,0.557529060310045,2.2830682753247378,0.8312871421879033,0.00586279093494984,921.2193946585022,0.0,ab_fallback,1.2317431561522754,pass,1.4397762353496426,pass,0.153446532356863,pass,0.6179321610949345,fail,0.10061503975798512,0.40868189112401365,2.650819552656448,False,below,ab_fallback,ab_test,False
practitioner,19,low_overlap_b-2,low_overlap-b-2-1035,1035,dros,0.5503634131640354,0.5455864306515454,0.5545184595638818,1.1327258122035357,0.8312871421879033,0.00586279093494984,921.2193946585022,0.0,ab_fallback,1.2317431561522754,pass,1.4397762353496426,pass,0.153446532356863,pass,0.6179321610949345,fail,0.10061503975798512,0.40868189112401365,2.650819552656448,False,below,ab_fallback,ab_test,False
practitioner,19,low_overlap_b2,low_overlap-b2-1035,1035,ips,0.5899195669175885,0.5444254741809814,0.6365573444673945,,0.8312871421879033,0.07204267124678604,139.74480687969654,0.0,distrust,1.026912656098479,pass,1.4397762353496426,pass,0.03799931207836858,fail,0.1876279722693944,pass,0.11328298142103238,0.052395897329324474,1.7151188678369917,False,below,distrust,ab_test,False
practitioner,19,low_overlap_b2,low_overlap-b2-1035,1035,snips,0.5744593402508581,0.5162354331045602,0.6316155443361658,,0.8312871421879033,0.07204267124678604,139.74480687969654,0.0,distrust,1.026912656098479,pass,1.4397762353496426,pass,0.03799931207836858,fail,0.1876279722693944,pass,0.11328298142103238,0.052395897329324474,1.7151188678369917,False,below,distrust,ab_test,False
practitioner,19,low_overlap_b2,low_overlap-b2-1035,1035,clipped_ips,0.4821349257551059,0.4724535302582016,0.4917604430901107,1.3770993581670468,0.8312871421879033,0.07204267124678604,139.74480687969654,0.0,distrust,1.026912656098479,pass,1.4397762353496426,pass,0.03799931207836858,fail,0.1876279722693944,pass,0.11328298142103238,0.052395897329324474,1.7151188678369917,False,below,distrust,ab_test,False
practitioner,19,low_overlap_b2,low_overlap-b2-1035,1035,dm,0.6887592455022846,0.6865058618043347,0.691136685783046,,0.8312871421879033,0.07204267124678604,139.74480687969654,0.0,distrust,1.026912656098479,pass,1.4397762353496426,pass,0.03799931207836858,fail,0.1876279722693944,pass,0.11328298142103238,0.052395897329324474,1.7151188678369917,False,below,distrust,ab_test,False
practitioner,19,low_overlap_b2,low_overlap-b2-1035,1035,dr,0.5754762640812523,0.5202042695785869,0.6261464529771839,,0.8312871421879033,0.07204267124678604,139.74480687969654,0.0,distrust,1.026912656098479,pass,1.4397762353496426,pass,0.03799931207836858,fail,0.1876279722693944,pass,0.11328298142103238,0.052395897329324474,1.7151188678369917,False,below,distrust,ab_test,False
practitioner,19,low_overlap_b2,low_overlap-b2-1035,1035,switch_dr,0.6864900600428238,0.6779115222652882,0.6946437422851182,2.3447372647121796,0.8312871421879033,0.07204267124678604,139.74480687969654,0.0,distrust,1.026912656098479,pass,1.4397762353496426,pass,0.03799931207836858,fail,0.1876279722693944,pass,0.11328298142103238,0.052395897329324474,1.7151188678369917,False,below,distrust,ab_test,False
practitioner,19,low_overlap_b2,low_overlap-b2-1035,1035,dros,0.6878582828991086,0.682240580783584,0.6934494872315188,1.896402642264092,0.8312871421879033,0.07204267124678604,139.74480687969654,0.0,distrust,1.026912656098479,pass,1.4397762353496426,pass,0.03799931207836858,fail,0.1876279722693944,pass,0.11328298142103238,0.052395897329324474,1.7151188678369917,False,below,distrust,ab_test,False
practitioner,19,low_overlap_b8,low_overlap-b8-1035,1035,ips,0.7351119842112979,0.7050569458411649,0.7669283860729502,,0.8312871421879033,0.27808423289860335,50.55419115284675,0.0,trust,1.0062892761203392,pass,1.4397762353496426,pass,0.02237428809404525,fail,0.07905881490631654,pass,0.07044024838075759,0.03595199416358183,1.2428570972307946,False,below,distrust,ab_test,True
practitioner,19,low_overlap_b8,low_overlap-b8-1035,1035,snips,0.7305175575809156,0.6936012911656385,0.7693725730187059,,0.8312871421879033,0.27808423289860335,50.55419115284675,0.0,trust,1.0062892761203392,pass,1.4397762353496426,pass,0.02237428809404525,fail,0.07905881490631654,pass,0.07044024838075759,0.03595199416358183,1.2428570972307946,False,below,distrust,ab_test,True
practitioner,19,low_overlap_b8,low_overlap-b8-1035,1035,clipped_ips,0.6773581318406938,0.6652909475930293,0.6914569283292831,1.5710622984510156,0.8312871421879033,0.27808423289860335,50.55419115284675,0.0,trust,1.0062892761203392,pass,1.4397762353496426,pass,0.02237428809404525,fail,0.07905881490631654,pass,0.07044024838075759,0.03595199416358183,1.2428570972307946,False,below,distrust,ab_test,True
practitioner,19,low_overlap_b8,low_overlap-b8-1035,1035,dm,0.8018619177399924,0.798790598881055,0.805030886396933,,0.8312871421879033,0.27808423289860335,50.55419115284675,0.0,trust,1.0062892761203392,pass,1.4397762353496426,pass,0.02237428809404525,fail,0.07905881490631654,pass,0.07044024838075759,0.03595199416358183,1.2428570972307946,False,below,distrust,ab_test,True
practitioner,19,low_overlap_b8,low_overlap-b8-1035,1035,dr,0.7314216693592348,0.6975812422642446,0.7640767941570046,,0.8312871421879033,0.27808423289860335,50.55419115284675,0.0,trust,1.0062892761203392,pass,1.4397762353496426,pass,0.02237428809404525,fail,0.07905881490631654,pass,0.07044024838075759,0.03595199416358183,1.2428570972307946,False,below,distrust,ab_test,True
practitioner,19,low_overlap_b8,low_overlap-b8-1035,1035,switch_dr,0.8013265927324905,0.791758393273497,0.8116897717747139,2.1087173169929407,0.8312871421879033,0.27808423289860335,50.55419115284675,0.0,trust,1.0062892761203392,pass,1.4397762353496426,pass,0.02237428809404525,fail,0.07905881490631654,pass,0.07044024838075759,0.03595199416358183,1.2428570972307946,False,below,distrust,ab_test,True
practitioner,19,low_overlap_b8,low_overlap-b8-1035,1035,dros,0.8015550324764712,0.7946259157554189,0.8087240504345953,2.4682367456141883,0.8312871421879033,0.27808423289860335,50.55419115284675,0.0,trust,1.0062892761203392,pass,1.4397762353496426,pass,0.02237428809404525,fail,0.07905881490631654,pass,0.07044024838075759,0.03595199416358183,1.2428570972307946,False,below,distrust,ab_test,True
practitioner,19,low_overlap_b-2,low_overlap-b-2-1036,1036,ips,0.49373906812964197,0.3559536472841281,0.6996569580124157,,0.8321359297110344,0.0027185573638501396,1868.838343515785,0.0,ab_fallback,1.2378856277036276,pass,2.0513477655110273,fail,-0.022704754099335665,pass,0.6040851528698371,fail,0.08549738951712188,0.6609448541428862,2.7010664873723877,False,below,ab_fallback,ab_test,False
practitioner,19,low_overlap_b-2,low_overlap-b-2-1036,1036,snips,0.39885677406689474,0.3054120315300734,0.5377917611323824,,0.8321359297110344,0.0027185573638501396,1868.838343515785,0.0,ab_fallback,1.2378856277036276,pass,2.0513477655110273,fail,-0.022704754099335665,pass,0.6040851528698371,fail,0.08549738951712188,0.6609448541428862,2.7010664873723877,False,below,ab_fallback,ab_test,False
practitioner,19,low_overlap_b-2,low_overlap-b-2-1036,1036,clipped_ips,0.25279561279427176,0.24595438479328297,0.2605430010073346,1.0927174004647109,0.8321359297110344,0.0027185573638501396,1868.838343515785,0.0,ab_fallback,1.2378856277036276,pass,2.0513477655110273,fail,-0.022704754099335665,pass,0.6040851528698371,fail,0.08549738951712188,0.6609448541428862,2.7010664873723877,False,below,ab_fallback,ab_test,False
practitioner,19,low_overlap_b-2,low_overlap-b-2-1036,1036,dm,0.56496122124549,0.5621858540512368,0.5677050348322645,,0.8321359297110344,0.0027185573638501396,1868.838343515785,0.0,ab_fallback,1.2378856277036276,pass,2.0513477655110273,fail,-0.022704754099335665,pass,0.6040851528698371,fail,0.08549738951712188,0.6609448541428862,2.7010664873723877,False,below,ab_fallback,ab_test,False
practitioner,19,low_overlap_b-2,low_overlap-b-2-1036,1036,dr,0.4794638317283681,0.32039251333159174,0.6536633205595873,,0.8321359297110344,0.0027185573638501396,1868.838343515785,0.0,ab_fallback,1.2378856277036276,pass,2.0513477655110273,fail,-0.022704754099335665,pass,0.6040851528698371,fail,0.08549738951712188,0.6609448541428862,2.7010664873723877,False,below,ab_fallback,ab_test,False
practitioner,19,low_overlap_b-2,low_overlap-b-2-1036,1036,switch_dr,0.5643415708796584,0.5579090193924423,0.5705081752791629,2.3037861652051976,0.8321359297110344,0.0027185573638501396,1868.838343515785,0.0,ab_fallback,1.2378856277036276,pass,2.0513477655110273,fail,-0.022704754099335665,pass,0.6040851528698371,fail,0.08549738951712188,0.6609448541428862,2.7010664873723877,False,below,ab_fallback,ab_test,False
practitioner,19,low_overlap_b-2,low_overlap-b-2-1036,1036,dros,0.5647171015561017,0.5603863470670561,0.5685803401557107,1.1940313172783554,0.8321359297110344,0.0027185573638501396,1868.838343515785,0.0,ab_fallback,1.2378856277036276,pass,2.0513477655110273,fail,-0.022704754099335665,pass,0.6040851528698371,fail,0.08549738951712188,0.6609448541428862,2.7010664873723877,False,below,ab_fallback,ab_test,False
practitioner,19,low_overlap_b2,low_overlap-b2-1036,1036,ips,0.6258555522866799,0.5835325565478215,0.6724550070102764,,0.8321359297110344,0.04942779173035096,278.78594596830504,0.0,distrust,1.010378464196807,pass,2.0513477655110273,fail,0.001192332347892686,pass,0.22531375426927308,pass,0.0576273467260381,0.1043747258649067,1.6150949759150623,False,below,ab_fallback,ab_test,False
practitioner,19,low_overlap_b2,low_overlap-b2-1036,1036,snips,0.6194268528716109,0.5675589211978421,0.6746195654348419,,0.8321359297110344,0.04942779173035096,278.78594596830504,0.0,distrust,1.010378464196807,pass,2.0513477655110273,fail,0.001192332347892686,pass,0.22531375426927308,pass,0.0576273467260381,0.1043747258649067,1.6150949759150623,False,below,ab_fallback,ab_test,False
practitioner,19,low_overlap_b2,low_overlap-b2-1036,1036,clipped_ips,0.48629016257097657,0.4760360765608736,0.4962125606145881,1.3999456857395336,0.8321359297110344,0.04942779173035096,278.78594596830504,0.0,distrust,1.010378464196807,pass,2.0513477655110273,fail,0.001192332347892686,pass,0.22531375426927308,pass,0.0576273467260381,0.1043747258649067,1.6150949759150623,False,below,ab_fallback,ab_test,False
practitioner,19,low_overlap_b2,low_overlap-b2-1036,1036,dm,0.6958249235209755,0.6934605454146022,0.6982113120777123,,0.8321359297110344,0.04942779173035096,278.78594596830504,0.0,distrust,1.010378464196807,pass,2.0513477655110273,fail,0.001192332347892686,pass,0.22531375426927308,pass,0.0576273467260381,0.1043747258649067,1.6150949759150623,False,below,ab_fallback,ab_test,False
practitioner,19,low_overlap_b2,low_overlap-b2-1036,1036,dr,0.6381975767949374,0.5956004679959667,0.6818259370536958,,0.8321359297110344,0.04942779173035096,278.78594596830504,0.0,distrust,1.010378464196807,pass,2.0513477655110273,fail,0.001192332347892686,pass,0.22531375426927308,pass,0.0576273467260381,0.1043747258649067,1.6150949759150623,False,below,ab_fallback,ab_test,False
practitioner,19,low_overlap_b2,low_overlap-b2-1036,1036,switch_dr,0.6916626137644241,0.6832653813786727,0.6999271531544027,2.4132963754927834,0.8321359297110344,0.04942779173035096,278.78594596830504,0.0,distrust,1.010378464196807,pass,2.0513477655110273,fail,0.001192332347892686,pass,0.22531375426927308,pass,0.0576273467260381,0.1043747258649067,1.6150949759150623,False,below,ab_fallback,ab_test,False
practitioner,19,low_overlap_b2,low_overlap-b2-1036,1036,dros,0.6943599303068466,0.6885756331906682,0.700492094553999,1.9598479230207329,0.8321359297110344,0.04942779173035096,278.78594596830504,0.0,distrust,1.010378464196807,pass,2.0513477655110273,fail,0.001192332347892686,pass,0.22531375426927308,pass,0.0576273467260381,0.1043747258649067,1.6150949759150623,False,below,ab_fallback,ab_test,False
practitioner,19,low_overlap_b8,low_overlap-b8-1036,1036,ips,0.7695083176009674,0.7458284203874906,0.7909814408009145,,0.8321359297110344,0.4135846703830828,37.57951449549127,0.0,trust,0.9830524010896081,pass,2.0513477655110273,fail,0.0055352095169676156,pass,0.11329274793759533,pass,0.02429264075090769,0.03125604507605323,1.124322763836729,False,below,ab_fallback,ab_test,True
practitioner,19,low_overlap_b8,low_overlap-b8-1036,1036,snips,0.7827744652757574,0.7627103396468468,0.8022416521379104,,0.8321359297110344,0.4135846703830828,37.57951449549127,0.0,trust,0.9830524010896081,pass,2.0513477655110273,fail,0.0055352095169676156,pass,0.11329274793759533,pass,0.02429264075090769,0.03125604507605323,1.124322763836729,False,below,ab_fallback,ab_test,True
practitioner,19,low_overlap_b8,low_overlap-b8-1036,1036,clipped_ips,0.6940917950892851,0.6804557208651615,0.7076777601869929,1.6175956934807563,0.8321359297110344,0.4135846703830828,37.57951449549127,0.0,trust,0.9830524010896081,pass,2.0513477655110273,fail,0.0055352095169676156,pass,0.11329274793759533,pass,0.02429264075090769,0.03125604507605323,1.124322763836729,False,below,ab_fallback,ab_test,True
practitioner,19,low_overlap_b8,low_overlap-b8-1036,1036,dm,0.8059546249869048,0.8029012777278304,0.8088341901000307,,0.8321359297110344,0.4135846703830828,37.57951449549127,0.0,trust,0.9830524010896081,pass,2.0513477655110273,fail,0.0055352095169676156,pass,0.11329274793759533,pass,0.02429264075090769,0.03125604507605323,1.124322763836729,False,below,ab_fallback,ab_test,True
practitioner,19,low_overlap_b8,low_overlap-b8-1036,1036,dr,0.7816619842359972,0.7639392226770017,0.7989546327644255,,0.8321359297110344,0.4135846703830828,37.57951449549127,0.0,trust,0.9830524010896081,pass,2.0513477655110273,fail,0.0055352095169676156,pass,0.11329274793759533,pass,0.02429264075090769,0.03125604507605323,1.124322763836729,False,below,ab_fallback,ab_test,True
practitioner,19,low_overlap_b8,low_overlap-b8-1036,1036,switch_dr,0.8015070109237786,0.7908849237552932,0.8123496317679133,2.1530304525662323,0.8321359297110344,0.4135846703830828,37.57951449549127,0.0,trust,0.9830524010896081,pass,2.0513477655110273,fail,0.0055352095169676156,pass,0.11329274793759533,pass,0.02429264075090769,0.03125604507605323,1.124322763836729,False,below,ab_fallback,ab_test,True
practitioner,19,low_overlap_b8,low_overlap-b8-1036,1036,dros,0.8030455729014685,0.795471418006364,0.8111367343655168,2.6166158275674887,0.8321359297110344,0.4135846703830828,37.57951449549127,0.0,trust,0.9830524010896081,pass,2.0513477655110273,fail,0.0055352095169676156,pass,0.11329274793759533,pass,0.02429264075090769,0.03125604507605323,1.124322763836729,False,below,ab_fallback,ab_test,True
practitioner,19,low_overlap_b-2,low_overlap-b-2-1037,1037,ips,0.4443935290194099,0.3407174969781181,0.5733125195612908,,0.8252572640813027,0.008145259466992578,693.2290536669909,0.0,ab_fallback,1.0170915453117182,pass,1.54047887646492,fail,-0.022291963222570113,pass,0.4348014053748944,pass,0.09999863637080429,0.14250410679958148,2.3847924562263207,False,below,ab_fallback,ab_test,False
practitioner,19,low_overlap_b-2,low_overlap-b-2-1037,1037,snips,0.43692579204678395,0.327129802729473,0.5458960404689016,,0.8252572640813027,0.008145259466992578,693.2290536669909,0.0,ab_fallback,1.0170915453117182,pass,1.54047887646492,fail,-0.022291963222570113,pass,0.4348014053748944,pass,0.09999863637080429,0.14250410679958148,2.3847924562263207,False,below,ab_fallback,ab_test,False
practitioner,19,low_overlap_b-2,low_overlap-b-2-1037,1037,clipped_ips,0.2544175805929294,0.24768268256231518,0.26155840071191866,1.0878727497796594,0.8252572640813027,0.008145259466992578,693.2290536669909,0.0,ab_fallback,1.0170915453117182,pass,1.54047887646492,fail,-0.022291963222570113,pass,0.4348014053748944,pass,0.09999863637080429,0.14250410679958148,2.3847924562263207,False,below,ab_fallback,ab_test,False
practitioner,19,low_overlap_b-2,low_overlap-b-2-1037,1037,dm,0.5559174191191915,0.5534122316943046,0.5586040076842853,,0.8252572640813027,0.008145259466992578,693.2290536669909,0.0,ab_fallback,1.0170915453117182,pass,1.54047887646492,fail,-0.022291963222570113,pass,0.4348014053748944,pass,0.09999863637080429,0.14250410679958148,2.3847924562263207,False,below,ab_fallback,ab_test,False
practitioner,19,low_overlap_b-2,low_overlap-b-2-1037,1037,dr,0.45591878274838715,0.32075934225347236,0.587691024373944,,0.8252572640813027,0.008145259466992578,693.2290536669909,0.0,ab_fallback,1.0170915453117182,pass,1.54047887646492,fail,-0.022291963222570113,pass,0.4348014053748944,pass,0.09999863637080429,0.14250410679958148,2.3847924562263207,False,below,ab_fallback,ab_test,False
practitioner,19,low_overlap_b-2,low_overlap-b-2-1037,1037,switch_dr,0.551355575194413,0.5449261424671419,0.557389620461718,2.2321595027219012,0.8252572640813027,0.008145259466992578,693.2290536669909,0.0,ab_fallback,1.0170915453117182,pass,1.54047887646492,fail,-0.022291963222570113,pass,0.4348014053748944,pass,0.09999863637080429,0.14250410679958148,2.3847924562263207,False,below,ab_fallback,ab_test,False
practitioner,19,low_overlap_b-2,low_overlap-b-2-1037,1037,dros,0.5549587536425564,0.551009755490063,0.5591013685388823,1.1834671197131574,0.8252572640813027,0.008145259466992578,693.2290536669909,0.0,ab_fallback,1.0170915453117182,pass,1.54047887646492,fail,-0.022291963222570113,pass,0.4348014053748944,pass,0.09999863637080429,0.14250410679958148,2.3847924562263207,False,below,ab_fallback,ab_test,False
practitioner,19,low_overlap_b2,low_overlap-b2-1037,1037,ips,0.612093211541152,0.5600528622320705,0.6655998068779861,,0.8252572640813027,0.04452819941170183,271.5310949986801,0.0,distrust,1.0018310680995683,pass,1.54047887646492,fail,0.003829664875524438,pass,0.229668469244917,pass,0.061862449636197935,0.03881791938626464,1.6147209908472364,False,below,ab_fallback,ab_test,False
practitioner,19,low_overlap_b2,low_overlap-b2-1037,1037,snips,0.6109744756691038,0.5524366901674741,0.6620831852549002,,0.8252572640813027,0.04452819941170183,271.5310949986801,0.0,distrust,1.0018310680995683,pass,1.54047887646492,fail,0.003829664875524438,pass,0.229668469244917,pass,0.061862449636197935,0.03881791938626464,1.6147209908472364,False,below,ab_fallback,ab_test,False
practitioner,19,low_overlap_b2,low_overlap-b2-1037,1037,clipped_ips,0.4717716389665132,0.46277048303577556,0.48041276152232926,1.3292677498592265,0.8252572640813027,0.04452819941170183,271.5310949986801,0.0,distrust,1.0018310680995683,pass,1.54047887646492,fail,0.003829664875524438,pass,0.229668469244917,pass,0.061862449636197935,0.03881791938626464,1.6147209908472364,False,below,ab_fallback,ab_test,False
practitioner,19,low_overlap_b2,low_overlap-b2-1037,1037,dm,0.6839325082241435,0.6814713502088785,0.6864657465411442,,0.8252572640813027,0.04452819941170183,271.5310949986801,0.0,distrust,1.0018310680995683,pass,1.54047887646492,fail,0.003829664875524438,pass,0.229668469244917,pass,0.061862449636197935,0.03881791938626464,1.6147209908472364,False,below,ab_fallback,ab_test,False
practitioner,19,low_overlap_b2,low_overlap-b2-1037,1037,dr,0.6220700585879456,0.5674848434403743,0.6731022307170988,,0.8252572640813027,0.04452819941170183,271.5310949986801,0.0,distrust,1.0018310680995683,pass,1.54047887646492,fail,0.003829664875524438,pass,0.229668469244917,pass,0.061862449636197935,0.03881791938626464,1.6147209908472364,False,below,ab_fallback,ab_test,False
practitioner,19,low_overlap_b2,low_overlap-b2-1037,1037,switch_dr,0.6794022500289305,0.6714139325700758,0.6871951224724718,2.3504675211965873,0.8252572640813027,0.04452819941170183,271.5310949986801,0.0,distrust,1.0018310680995683,pass,1.54047887646492,fail,0.003829664875524438,pass,0.229668469244917,pass,0.061862449636197935,0.03881791938626464,1.6147209908472364,False,below,ab_fallback,ab_test,False
practitioner,19,low_overlap_b2,low_overlap-b2-1037,1037,dros,0.6823645989217915,0.677214128267256,0.6879010268050231,1.7669527508158112,0.8252572640813027,0.04452819941170183,271.5310949986801,0.0,distrust,1.0018310680995683,pass,1.54047887646492,fail,0.003829664875524438,pass,0.229668469244917,pass,0.061862449636197935,0.03881791938626464,1.6147209908472364,False,below,ab_fallback,ab_test,False
practitioner,19,low_overlap_b8,low_overlap-b8-1037,1037,ips,0.7650948544104387,0.7404300102443551,0.7914132132706342,,0.8252572640813027,0.3022262916381243,66.47368454194961,0.0,trust,0.9905111543424041,pass,1.54047887646492,fail,0.008419531250836535,pass,0.10778040361689453,pass,0.03157744999943548,0.023420028213118754,1.1317096461744605,False,below,ab_fallback,ab_test,True
practitioner,19,low_overlap_b8,low_overlap-b8-1037,1037,snips,0.7724242690819384,0.7508874961426018,0.7920490817544285,,0.8252572640813027,0.3022262916381243,66.47368454194961,0.0,trust,0.9905111543424041,pass,1.54047887646492,fail,0.008419531250836535,pass,0.10778040361689453,pass,0.03157744999943548,0.023420028213118754,1.1317096461744605,False,below,ab_fallback,ab_test,True
practitioner,19,low_overlap_b8,low_overlap-b8-1037,1037,clipped_ips,0.6891720695968023,0.676020601484039,0.7028697752823498,1.6365381083369164,0.8252572640813027,0.3022262916381243,66.47368454194961,0.0,trust,0.9905111543424041,pass,1.54047887646492,fail,0.008419531250836535,pass,0.10778040361689453,pass,0.03157744999943548,0.023420028213118754,1.1317096461744605,False,below,ab_fallback,ab_test,True
practitioner,19,low_overlap_b8,low_overlap-b8-1037,1037,dm,0.8030206578472683,0.7997360981901009,0.8064936617014232,,0.8252572640813027,0.3022262916381243,66.47368454194961,0.0,trust,0.9905111543424041,pass,1.54047887646492,fail,0.008419531250836535,pass,0.10778040361689453,pass,0.03157744999943548,0.023420028213118754,1.1317096461744605,False,below,ab_fallback,ab_test,True
practitioner,19,low_overlap_b8,low_overlap-b8-1037,1037,dr,0.7714432078478328,0.7535807071043231,0.7868818278735119,,0.8252572640813027,0.3022262916381243,66.47368454194961,0.0,trust,0.9905111543424041,pass,1.54047887646492,fail,0.008419531250836535,pass,0.10778040361689453,pass,0.03157744999943548,0.023420028213118754,1.1317096461744605,False,below,ab_fallback,ab_test,True
practitioner,19,low_overlap_b8,low_overlap-b8-1037,1037,switch_dr,0.8007643520054792,0.7898910403404863,0.8116257181337077,2.0949001259245494,0.8252572640813027,0.3022262916381243,66.47368454194961,0.0,trust,0.9905111543424041,pass,1.54047887646492,fail,0.008419531250836535,pass,0.10778040361689453,pass,0.03157744999943548,0.023420028213118754,1.1317096461744605,False,below,ab_fallback,ab_test,True
practitioner,19,low_overlap_b8,low_overlap-b8-1037,1037,dros,0.8010702773883832,0.7932526593234775,0.8085450310122756,2.678256980038973,0.8252572640813027,0.3022262916381243,66.47368454194961,0.0,trust,0.9905111543424041,pass,1.54047887646492,fail,0.008419531250836535,pass,0.10778040361689453,pass,0.03157744999943548,0.023420028213118754,1.1317096461744605,False,below,ab_fallback,ab_test,True
practitioner,19,low_overlap_b-2,low_overlap-b-2-1038,1038,ips,0.414718282885118,0.34046647251876544,0.5157724279724671,,0.8329817916470643,0.018363516501855685,334.452499077426,0.0,distrust,0.8106724970476276,fail,0.6208554485791112,fail,0.08413052595742167,pass,0.5156190311839168,fail,0.09967915855413705,0.04753554585279741,1.9988504502388722,False,below,ab_fallback,ab_test,False
practitioner,19,low_overlap_b-2,low_overlap-b-2-1038,1038,snips,0.5115731499409101,0.40731872441914385,0.6065990733206211,,0.8329817916470643,0.018363516501855685,334.452499077426,0.0,distrust,0.8106724970476276,fail,0.6208554485791112,fail,0.08413052595742167,pass,0.5156190311839168,fail,0.09967915855413705,0.04753554585279741,1.9988504502388722,False,below,ab_fallback,ab_test,False
practitioner,19,low_overlap_b-2,low_overlap-b-2-1038,1038,clipped_ips,0.24779629798867342,0.24093393319097964,0.2547745362665246,1.045246890911356,0.8329817916470643,0.018363516501855685,334.452499077426,0.0,distrust,0.8106724970476276,fail,0.6208554485791112,fail,0.08413052595742167,pass,0.5156190311839168,fail,0.09967915855413705,0.04753554585279741,1.9988504502388722,False,below,ab_fallback,ab_test,False
practitioner,19,low_overlap_b-2,low_overlap-b-2-1038,1038,dm,0.590220594811425,0.5880009205799279,0.5923985179797208,,0.8329817916470643,0.018363516501855685,334.452499077426,0.0,distrust,0.8106724970476276,fail,0.6208554485791112,fail,0.08413052595742167,pass,0.5156190311839168,fail,0.09967915855413705,0.04753554585279741,1.9988504502388722,False,below,ab_fallback,ab_test,False
practitioner,19,low_overlap_b-2,low_overlap-b-2-1038,1038,dr,0.4905414362572879,0.39154408339621294,0.5920448816103523,,0.8329817916470643,0.018363516501855685,334.452499077426,0.0,distrust,0.8106724970476276,fail,0.6208554485791112,fail,0.08413052595742167,pass,0.5156190311839168,fail,0.09967915855413705,0.04753554585279741,1.9988504502388722,False,below,ab_fallback,ab_test,False
practitioner,19,low_overlap_b-2,low_overlap-b-2-1038,1038,switch_dr,0.5889230189611427,0.583483239834309,0.594603137066559,1.9981135492682542,0.8329817916470643,0.018363516501855685,334.452499077426,0.0,distrust,0.8106724970476276,fail,0.6208554485791112,fail,0.08413052595742167,pass,0.5156190311839168,fail,0.09967915855413705,0.04753554585279741,1.9988504502388722,False,below,ab_fallback,ab_test,False
practitioner,19,low_overlap_b-2,low_overlap-b-2-1038,1038,dros,0.5904080914702019,0.5867866975113907,0.594239449382756,1.092541062959856,0.8329817916470643,0.018363516501855685,334.452499077426,0.0,distrust,0.8106724970476276,fail,0.6208554485791112,fail,0.08413052595742167,pass,0.5156190311839168,fail,0.09967915855413705,0.04753554585279741,1.9988504502388722,False,below,ab_fallback,ab_test,False
practitioner,19,low_overlap_b2,low_overlap-b2-1038,1038,ips,0.6197439192338422,0.5817705075395471,0.660025275662921,,0.8329817916470643,0.1056534043934544,107.03851479722587,0.0,distrust,0.9591913509377736,pass,0.6208554485791112,fail,0.040440438102431836,fail,0.21007853916405117,pass,0.0814973907691272,0.04015983477998987,1.4995259186686332,False,below,ab_fallback,ab_test,True
practitioner,19,low_overlap_b2,low_overlap-b2-1038,1038,snips,0.646110829322988,0.5891076547247068,0.6980845225018706,,0.8329817916470643,0.1056534043934544,107.03851479722587,0.0,distrust,0.9591913509377736,pass,0.6208554485791112,fail,0.040440438102431836,fail,0.21007853916405117,pass,0.0814973907691272,0.04015983477998987,1.4995259186686332,False,below,ab_fallback,ab_test,True
practitioner,19,low_overlap_b2,low_overlap-b2-1038,1038,clipped_ips,0.5103768101607411,0.5003245543627473,0.5202149470169573,1.354766823954507,0.8329817916470643,0.1056534043934544,107.03851479722587,0.0,distrust,0.9591913509377736,pass,0.6208554485791112,fail,0.040440438102431836,fail,0.21007853916405117,pass,0.0814973907691272,0.04015983477998987,1.4995259186686332,False,below,ab_fallback,ab_test,True
practitioner,19,low_overlap_b2,low_overlap-b2-1038,1038,dm,0.7141465765099313,0.7118883250113208,0.716598408041878,,0.8329817916470643,0.1056534043934544,107.03851479722587,0.0,distrust,0.9591913509377736,pass,0.6208554485791112,fail,0.040440438102431836,fail,0.21007853916405117,pass,0.0814973907691272,0.04015983477998987,1.4995259186686332,False,below,ab_fallback,ab_test,True
practitioner,19,low_overlap_b2,low_overlap-b2-1038,1038,dr,0.6326491857408041,0.5777957126541055,0.6790148471162323,,0.8329817916470643,0.1056534043934544,107.03851479722587,0.0,distrust,0.9591913509377736,pass,0.6208554485791112,fail,0.040440438102431836,fail,0.21007853916405117,pass,0.0814973907691272,0.04015983477998987,1.4995259186686332,False,below,ab_fallback,ab_test,True
practitioner,19,low_overlap_b2,low_overlap-b2-1038,1038,switch_dr,0.7138063739466509,0.7053958166548147,0.7225452273901417,2.294555431686785,0.8329817916470643,0.1056534043934544,107.03851479722587,0.0,distrust,0.9591913509377736,pass,0.6208554485791112,fail,0.040440438102431836,fail,0.21007853916405117,pass,0.0814973907691272,0.04015983477998987,1.4995259186686332,False,below,ab_fallback,ab_test,True
practitioner,19,low_overlap_b2,low_overlap-b2-1038,1038,dros,0.7141781727064942,0.7079872025031333,0.7206814678873071,1.835393147287782,0.8329817916470643,0.1056534043934544,107.03851479722587,0.0,distrust,0.9591913509377736,pass,0.6208554485791112,fail,0.040440438102431836,fail,0.21007853916405117,pass,0.0814973907691272,0.04015983477998987,1.4995259186686332,False,below,ab_fallback,ab_test,True
practitioner,19,low_overlap_b8,low_overlap-b8-1038,1038,ips,0.80442400472475,0.785399522339114,0.8239280658935508,,0.8329817916470643,0.4893990447586158,33.152032923179426,0.0,trust,1.019863084775308,pass,0.6208554485791112,fail,0.003875648107914864,pass,0.057284597145778895,pass,0.03824824505875373,0.0077407258521164585,1.106893378255351,False,below,ab_fallback,ab_test,True
practitioner,19,low_overlap_b8,low_overlap-b8-1038,1038,snips,0.7887568603406968,0.7628952233493981,0.8122184938314806,,0.8329817916470643,0.4893990447586158,33.152032923179426,0.0,trust,1.019863084775308,pass,0.6208554485791112,fail,0.003875648107914864,pass,0.057284597145778895,pass,0.03824824505875373,0.0077407258521164585,1.106893378255351,False,below,ab_fallback,ab_test,True
practitioner,19,low_overlap_b8,low_overlap-b8-1038,1038,clipped_ips,0.7592403857341637,0.7445924656078496,0.7736162351173258,1.7194354956780233,0.8329817916470643,0.4893990447586158,33.152032923179426,0.0,trust,1.019863084775308,pass,0.6208554485791112,fail,0.003875648107914864,pass,0.057284597145778895,pass,0.03824824505875373,0.0077407258521164585,1.106893378255351,False,below,ab_fallback,ab_test,True
practitioner,19,low_overlap_b8,low_overlap-b8-1038,1038,dm,0.8246741992337324,0.821422310058023,0.8275989821495413,,0.8329817916470643,0.4893990447586158,33.152032923179426,0.0,trust,1.019863084775308,pass,0.6208554485791112,fail,0.003875648107914864,pass,0.057284597145778895,pass,0.03824824505875373,0.0077407258521164585,1.106893378255351,False,below,ab_fallback,ab_test,True
practitioner,19,low_overlap_b8,low_overlap-b8-1038,1038,dr,0.7864259541749787,0.7620413613887703,0.8104010825395569,,0.8329817916470643,0.4893990447586158,33.152032923179426,0.0,trust,1.019863084775308,pass,0.6208554485791112,fail,0.003875648107914864,pass,0.057284597145778895,pass,0.03824824505875373,0.0077407258521164585,1.106893378255351,False,below,ab_fallback,ab_test,True
practitioner,19,low_overlap_b8,low_overlap-b8-1038,1038,switch_dr,0.821644247069745,0.8090841425847921,0.833274596904043,2.138168725866504,0.8329817916470643,0.4893990447586158,33.152032923179426,0.0,trust,1.019863084775308,pass,0.6208554485791112,fail,0.003875648107914864,pass,0.057284597145778895,pass,0.03824824505875373,0.0077407258521164585,1.106893378255351,False,below,ab_fallback,ab_test,True
practitioner,19,low_overlap_b8,low_overlap-b8-1038,1038,dros,0.8237464422631204,0.8149224943724874,0.8328775711799067,2.95645842379753,0.8329817916470643,0.4893990447586158,33.152032923179426,0.0,trust,1.019863084775308,pass,0.6208554485791112,fail,0.003875648107914864,pass,0.057284597145778895,pass,0.03824824505875373,0.0077407258521164585,1.106893378255351,False,below,ab_fallback,ab_test,True
practitioner,19,low_overlap_b-2,low_overlap-b-2-1039,1039,ips,0.36204243346250214,0.24727171859788796,0.4475524232358634,,0.8384223470744893,0.016090430022275715,363.89540327822635,0.0,distrust,0.8880723375379992,pass,0.5312890596984436,fail,-0.06419109097039964,pass,0.37542014244140004,pass,0.18753698280639333,0.17029407170369878,2.4472891343809784,False,below,ab_fallback,ab_test,False
practitioner,19,low_overlap_b-2,low_overlap-b-2-1039,1039,snips,0.4076722336225352,0.257659104915281,0.5484777929738786,,0.8384223470744893,0.016090430022275715,363.89540327822635,0.0,distrust,0.8880723375379992,pass,0.5312890596984436,fail,-0.06419109097039964,pass,0.37542014244140004,pass,0.18753698280639333,0.17029407170369878,2.4472891343809784,False,below,ab_fallback,ab_test,False
practitioner,19,low_overlap_b-2,low_overlap-b-2-1039,1039,clipped_ips,0.2546238656065593,0.2476464914904311,0.2616133108681047,1.0728129373296311,0.8384223470744893,0.016090430022275715,363.89540327822635,0.0,distrust,0.8880723375379992,pass,0.5312890596984436,fail,-0.06419109097039964,pass,0.37542014244140004,pass,0.18753698280639333,0.17029407170369878,2.4472891343809784,False,below,ab_fallback,ab_test,False
practitioner,19,low_overlap_b-2,low_overlap-b-2-1039,1039,dm,0.5681909798695036,0.5656962214185255,0.5704393585845166,,0.8384223470744893,0.016090430022275715,363.89540327822635,0.0,distrust,0.8880723375379992,pass,0.5312890596984436,fail,-0.06419109097039964,pass,0.37542014244140004,pass,0.18753698280639333,0.17029407170369878,2.4472891343809784,False,below,ab_fallback,ab_test,False
practitioner,19,low_overlap_b-2,low_overlap-b-2-1039,1039,dr,0.3806539970631103,0.23332950741453193,0.49179845695258834,,0.8384223470744893,0.016090430022275715,363.89540327822635,0.0,distrust,0.8880723375379992,pass,0.5312890596984436,fail,-0.06419109097039964,pass,0.37542014244140004,pass,0.18753698280639333,0.17029407170369878,2.4472891343809784,False,below,ab_fallback,ab_test,False
practitioner,19,low_overlap_b-2,low_overlap-b-2-1039,1039,switch_dr,0.568411210181171,0.5621785981678912,0.5744354364019555,2.164993223102364,0.8384223470744893,0.016090430022275715,363.89540327822635,0.0,distrust,0.8880723375379992,pass,0.5312890596984436,fail,-0.06419109097039964,pass,0.37542014244140004,pass,0.18753698280639333,0.17029407170369878,2.4472891343809784,False,below,ab_fallback,ab_test,False
practitioner,19,low_overlap_b-2,low_overlap-b-2-1039,1039,dros,0.5684905903626658,0.5642804559276606,0.5724941762345395,1.150927598501831,0.8384223470744893,0.016090430022275715,363.89540327822635,0.0,distrust,0.8880723375379992,pass,0.5312890596984436,fail,-0.06419109097039964,pass,0.37542014244140004,pass,0.18753698280639333,0.17029407170369878,2.4472891343809784,False,below,ab_fallback,ab_test,False
practitioner,19,low_overlap_b2,low_overlap-b2-1039,1039,ips,0.5749485976749819,0.530029681292077,0.6137278577738267,,0.8384223470744893,0.06302185068113099,181.14913725880777,0.0,distrust,0.9597017492314488,pass,0.5312890596984436,fail,-0.04158048024871728,fail,0.20272101795138142,pass,0.11459228483531693,0.064343209657184,1.6680222127215563,False,below,ab_fallback,ab_test,False
practitioner,19,low_overlap_b2,low_overlap-b2-1039,1039,snips,0.5990909135420602,0.5338612050270682,0.6593563572565854,,0.8384223470744893,0.06302185068113099,181.14913725880777,0.0,distrust,0.9597017492314488,pass,0.5312890596984436,fail,-0.04158048024871728,fail,0.20272101795138142,pass,0.11459228483531693,0.064343209657184,1.6680222127215563,False,below,ab_fallback,ab_test,False
practitioner,19,low_overlap_b2,low_overlap-b2-1039,1039,clipped_ips,0.47764259370339074,0.4681161495738026,0.48753799376485885,1.3282247859126564,0.8384223470744893,0.06302185068113099,181.14913725880777,0.0,distrust,0.9597017492314488,pass,0.5312890596984436,fail,-0.04158048024871728,fail,0.20272101795138142,pass,0.11459228483531693,0.064343209657184,1.6680222127215563,False,below,ab_fallback,ab_test,False
practitioner,19,low_overlap_b2,low_overlap-b2-1039,1039,dm,0.6968903914736659,0.694503420867683,0.6992754750391303,,0.8384223470744893,0.06302185068113099,181.14913725880777,0.0,distrust,0.9597017492314488,pass,0.5312890596984436,fail,-0.04158048024871728,fail,0.20272101795138142,pass,0.11459228483531693,0.064343209657184,1.6680222127215563,False,below,ab_fallback,ab_test,False
practitioner,19,low_overlap_b2,low_overlap-b2-1039,1039,dr,0.582298106638349,0.5248992114203358,0.6294578995504799,,0.8384223470744893,0.06302185068113099,181.14913725880777,0.0,distrust,0.9597017492314488,pass,0.5312890596984436,fail,-0.04158048024871728,fail,0.20272101795138142,pass,0.11459228483531693,0.064343209657184,1.6680222127215563,False,below,ab_fallback,ab_test,False
practitioner,19,low_overlap_b2,low_overlap-b2-1039,1039,switch_dr,0.6974018546995057,0.6890909648391229,0.7057733326840174,2.288646686811924,0.8384223470744893,0.06302185068113099,181.14913725880777,0.0,distrust,0.9597017492314488,pass,0.5312890596984436,fail,-0.04158048024871728,fail,0.20272101795138142,pass,0.11459228483531693,0.064343209657184,1.6680222127215563,False,below,ab_fallback,ab_test,False
practitioner,19,low_overlap_b2,low_overlap-b2-1039,1039,dros,0.6970058885381955,0.6909348930645485,0.7029066484270079,1.7641810819127217,0.8384223470744893,0.06302185068113099,181.14913725880777,0.0,distrust,0.9597017492314488,pass,0.5312890596984436,fail,-0.04158048024871728,fail,0.20272101795138142,pass,0.11459228483531693,0.064343209657184,1.6680222127215563,False,below,ab_fallback,ab_test,False
practitioner,19,low_overlap_b8,low_overlap-b8-1039,1039,ips,0.7524024452177959,0.7309269426647131,0.7761889442253649,,0.8384223470744893,0.2858534918172637,48.8005125850623,0.0,trust,0.9860627416712515,pass,0.5312890596984436,fail,-0.018484623132972354,pass,0.1063206990665078,pass,0.05402536894216616,0.047948363060028816,1.1858640886103888,False,below,ab_fallback,ab_test,True
practitioner,19,low_overlap_b8,low_overlap-b8-1039,1039,snips,0.7630370902591543,0.7391466498907063,0.7877013905103465,,0.8384223470744893,0.2858534918172637,48.8005125850623,0.0,trust,0.9860627416712515,pass,0.5312890596984436,fail,-0.018484623132972354,pass,0.1063206990665078,pass,0.05402536894216616,0.047948363060028816,1.1858640886103888,False,below,ab_fallback,ab_test,True
practitioner,19,low_overlap_b8,low_overlap-b8-1039,1039,clipped_ips,0.681910453409127,0.6683426345299436,0.695011140298795,1.5314714914861005,0.8384223470744893,0.2858534918172637,48.8005125850623,0.0,trust,0.9860627416712515,pass,0.5312890596984436,fail,-0.018484623132972354,pass,0.1063206990665078,pass,0.05402536894216616,0.047948363060028816,1.1858640886103888,False,below,ab_fallback,ab_test,True
practitioner,19,low_overlap_b8,low_overlap-b8-1039,1039,dm,0.8061513912221552,0.8032058247756857,0.8091626598351397,,0.8384223470744893,0.2858534918172637,48.8005125850623,0.0,trust,0.9860627416712515,pass,0.5312890596984436,fail,-0.018484623132972354,pass,0.1063206990665078,pass,0.05402536894216616,0.047948363060028816,1.1858640886103888,False,below,ab_fallback,ab_test,True
practitioner,19,low_overlap_b8,low_overlap-b8-1039,1039,dr,0.752126022279989,0.732191589172274,0.7694345883354843,,0.8384223470744893,0.2858534918172637,48.8005125850623,0.0,trust,0.9860627416712515,pass,0.5312890596984436,fail,-0.018484623132972354,pass,0.1063206990665078,pass,0.05402536894216616,0.047948363060028816,1.1858640886103888,False,below,ab_fallback,ab_test,True
practitioner,19,low_overlap_b8,low_overlap-b8-1039,1039,switch_dr,0.8017985304142649,0.7915100575749698,0.811377229441428,2.051064018322523,0.8384223470744893,0.2858534918172637,48.8005125850623,0.0,trust,0.9860627416712515,pass,0.5312890596984436,fail,-0.018484623132972354,pass,0.1063206990665078,pass,0.05402536894216616,0.047948363060028816,1.1858640886103888,False,below,ab_fallback,ab_test,True
practitioner,19,low_overlap_b8,low_overlap-b8-1039,1039,dros,0.8051829951340386,0.7974123526991314,0.8123981004503055,2.345404929234661,0.8384223470744893,0.2858534918172637,48.8005125850623,0.0,trust,0.9860627416712515,pass,0.5312890596984436,fail,-0.018484623132972354,pass,0.1063206990665078,pass,0.05402536894216616,0.047948363060028816,1.1858640886103888,False,below,ab_fallback,ab_test,True
practitioner,19,noised_b-2,noised-b-2-1000,1000,ips,0.6232239130150832,0.5815052221952538,0.6640334315956097,,0.59919598439328,0.20444883807656297,100.33034851148946,0.0,distrust,1.6830814804051986,fail,1.9269509065506731,fail,-0.011703119183589095,pass,0.6830814804051987,fail,0.042051816742150076,0.07617497866153757,1.6306102042234012,False,below,ab_fallback,ab_test,False
practitioner,19,noised_b-2,noised-b-2-1000,1000,snips,0.3702874283097947,0.34142936271762997,0.3968452708374627,,0.59919598439328,0.20444883807656297,100.33034851148946,0.0,distrust,1.6830814804051986,fail,1.9269509065506731,fail,-0.011703119183589095,pass,0.6830814804051987,fail,0.042051816742150076,0.07617497866153757,1.6306102042234012,False,below,ab_fallback,ab_test,False
practitioner,19,noised_b-2,noised-b-2-1000,1000,clipped_ips,0.5459460837984854,0.5213662013087019,0.5692600477711168,3.828486764169154,0.59919598439328,0.20444883807656297,100.33034851148946,0.0,distrust,1.6830814804051986,fail,1.9269509065506731,fail,-0.011703119183589095,pass,0.6830814804051987,fail,0.042051816742150076,0.07617497866153757,1.6306102042234012,False,below,ab_fallback,ab_test,False
practitioner,19,noised_b-2,noised-b-2-1000,1000,dm,0.39285446065400453,0.38917827125885845,0.39658855336147253,,0.59919598439328,0.20444883807656297,100.33034851148946,0.0,distrust,1.6830814804051986,fail,1.9269509065506731,fail,-0.011703119183589095,pass,0.6830814804051987,fail,0.042051816742150076,0.07617497866153757,1.6306102042234012,False,below,ab_fallback,ab_test,False
practitioner,19,noised_b-2,noised-b-2-1000,1000,dr,0.35080264391185445,0.3085305541439447,0.39092720927660635,,0.59919598439328,0.20444883807656297,100.33034851148946,0.0,distrust,1.6830814804051986,fail,1.9269509065506731,fail,-0.011703119183589095,pass,0.6830814804051987,fail,0.042051816742150076,0.07617497866153757,1.6306102042234012,False,below,ab_fallback,ab_test,False
practitioner,19,noised_b-2,noised-b-2-1000,1000,switch_dr,0.3964249596450385,0.37697004992808286,0.4164851455914919,6.30447178077662,0.59919598439328,0.20444883807656297,100.33034851148946,0.0,distrust,1.6830814804051986,fail,1.9269509065506731,fail,-0.011703119183589095,pass,0.6830814804051987,fail,0.042051816742150076,0.07617497866153757,1.6306102042234012,False,below,ab_fallback,ab_test,False
practitioner,19,noised_b-2,noised-b-2-1000,1000,dros,0.3926505064700617,0.3800443060302437,0.40563051265812294,14.657310903418399,0.59919598439328,0.20444883807656297,100.33034851148946,0.0,distrust,1.6830814804051986,fail,1.9269509065506731,fail,-0.011703119183589095,pass,0.6830814804051987,fail,0.042051816742150076,0.07617497866153757,1.6306102042234012,False,below,ab_fallback,ab_test,False
practitioner,19,noised_b2,noised-b2-1000,1000,ips,1.095533760118993,1.0493519930889905,1.1526859382154933,,0.59919598439328,0.33896096576183943,37.867861007380405,0.0,trust,1.672474013449012,fail,1.9269509065506731,fail,0.02590501958752379,pass,0.6724740134490119,fail,0.018160624777967024,0.033919538436606965,1.1277147280964872,False,above,ab_fallback,ab_test,True
practitioner,19,noised_b2,noised-b2-1000,1000,snips,0.6550378369465721,0.6339725942006784,0.6750756964098388,,0.59919598439328,0.33896096576183943,37.867861007380405,0.0,trust,1.672474013449012,fail,1.9269509065506731,fail,0.02590501958752379,pass,0.6724740134490119,fail,0.018160624777967024,0.033919538436606965,1.1277147280964872,False,above,ab_fallback,ab_test,True
practitioner,19,noised_b2,noised-b2-1000,1000,clipped_ips,0.8717430255022638,0.8437100507051112,0.9021723278170385,3.6048972118766054,0.59919598439328,0.33896096576183943,37.867861007380405,0.0,trust,1.672474013449012,fail,1.9269509065506731,fail,0.02590501958752379,pass,0.6724740134490119,fail,0.018160624777967024,0.033919538436606965,1.1277147280964872,False,above,ab_fallback,ab_test,True
practitioner,19,noised_b2,noised-b2-1000,1000,dm,0.6689940466674233,0.665406671643203,0.6728140767520382,,0.59919598439328,0.33896096576183943,37.867861007380405,0.0,trust,1.672474013449012,fail,1.9269509065506731,fail,0.02590501958752379,pass,0.6724740134490119,fail,0.018160624777967024,0.033919538436606965,1.1277147280964872,False,above,ab_fallback,ab_test,True
practitioner,19,noised_b2,noised-b2-1000,1000,dr,0.6508334218894564,0.61927480060782,0.6827733573560908,,0.59919598439328,0.33896096576183943,37.867861007380405,0.0,trust,1.672474013449012,fail,1.9269509065506731,fail,0.02590501958752379,pass,0.6724740134490119,fail,0.018160624777967024,0.033919538436606965,1.1277147280964872,False,above,ab_fallback,ab_test,True
practitioner,19,noised_b2,noised-b2-1000,1000,switch_dr,0.659550309450386,0.6410225648663561,0.6787150980816951,5.3407511717874385,0.59919598439328,0.33896096576183943,37.867861007380405,0.0,trust,1.672474013449012,fail,1.9269509065506731,fail,0.02590501958752379,pass,0.6724740134490119,fail,0.018160624777967024,0.033919538436606965,1.1277147280964872,False,above,ab_fallback,ab_test,True
practitioner,19,noised_b2,noised-b2-1000,1000,dros,0.6656482659330215,0.652273594983309,0.6781731771973427,12.995283908195724,0.59919598439328,0.33896096576183943,37.867861007380405,0.0,trust,1.672474013449012,fail,1.9269509065506731,fail,0.02590501958752379,pass,0.6724740134490119,fail,0.018160624777967024,0.033919538436606965,1.1277147280964872,False,above,ab_fallback,ab_test,True
practitioner,19,noised_b8,noised-b8-1000,1000,ips,1.38876864806627,1.2919714401537101,1.5022050026986038,,0.59919598439328,0.13770547043120784,72.31063367476156,0.0,trust,1.6431881266178712,fail,1.9269509065506731,fail,0.05802248482771088,pass,0.6747972287617776,fail,0.010953475276020948,0.08849794198162086,1.7961840624526029,False,above,ab_fallback,ab_test,False
practitioner,19,noised_b8,noised-b8-1000,1000,snips,0.8451671634974227,0.8170343278800666,0.8745875384176695,,0.59919598439328,0.13770547043120784,72.31063367476156,0.0,trust,1.6431881266178712,fail,1.9269509065506731,fail,0.05802248482771088,pass,0.6747972287617776,fail,0.010953475276020948,0.08849794198162086,1.7961840624526029,False,above,ab_fallback,ab_test,False
practitioner,19,noised_b8,noised-b8-1000,1000,clipped_ips,0.8184521882977569,0.7834642102472644,0.8550155967077018,4.068375281397973,0.59919598439328,0.13770547043120784,72.31063367476156,0.0,trust,1.6431881266178712,fail,1.9269509065506731,fail,0.05802248482771088,pass,0.6747972287617776,fail,0.010953475276020948,0.08849794198162086,1.7961840624526029,False,above,ab_fallback,ab_test,False
practitioner,19,noised_b8,noised-b8-1000,1000,dm,0.8523455025987361,0.847626452311891,0.8578452060705719,,0.59919598439328,0.13770547043120784,72.31063367476156,0.0,trust,1.6431881266178712,fail,1.9269509065506731,fail,0.05802248482771088,pass,0.6747972287617776,fail,0.010953475276020948,0.08849794198162086,1.7961840624526029,False,above,ab_fallback,ab_test,False
practitioner,19,noised_b8,noised-b8-1000,1000,dr,0.8413920273227151,0.7945033792714522,0.8895076770677889,,0.59919598439328,0.13770547043120784,72.31063367476156,0.0,trust,1.6431881266178712,fail,1.9269509065506731,fail,0.05802248482771088,pass,0.6747972287617776,fail,0.010953475276020948,0.08849794198162086,1.7961840624526029,False,above,ab_fallback,ab_test,False
practitioner,19,noised_b8,noised-b8-1000,1000,switch_dr,0.8484870827208865,0.8284954251936926,0.8692002385394189,7.362510347569471,0.59919598439328,0.13770547043120784,72.31063367476156,0.0,trust,1.6431881266178712,fail,1.9269509065506731,fail,0.05802248482771088,pass,0.6747972287617776,fail,0.010953475276020948,0.08849794198162086,1.7961840624526029,False,above,ab_fallback,ab_test,False
practitioner,19,noised_b8,noised-b8-1000,1000,dros,0.8540379121030242,0.8426121537956501,0.8657169510899675,16.551677430290034,0.59919598439328,0.13770547043120784,72.31063367476156,0.0,trust,1.6431881266178712,fail,1.9269509065506731,fail,0.05802248482771088,pass,0.6747972287617776,fail,0.010953475276020948,0.08849794198162086,1.7961840624526029,False,above,ab_fallback,ab_test,False
practitioner,19,noised_b-2,noised-b-2-1001,1001,ips,0.6442599968512257,0.6002908744943541,0.6898867554582687,,0.5910080428574608,0.21056257010517093,73.44626968506523,0.0,trust,1.6723806189997048,fail,2.131340282076603,fail,-0.027767444120778587,pass,0.6723806189997049,fail,0.01604796172669936,0.042394899989357096,1.546020506104035,False,below,ab_fallback,ab_test,False
practitioner,19,noised_b-2,noised-b-2-1001,1001,snips,0.38523526853389073,0.3591311617974807,0.413731880338183,,0.5910080428574608,0.21056257010517093,73.44626968506523,0.0,trust,1.6723806189997048,fail,2.131340282076603,fail,-0.027767444120778587,pass,0.6723806189997049,fail,0.01604796172669936,0.042394899989357096,1.546020506104035,False,below,ab_fallback,ab_test,False
practitioner,19,noised_b-2,noised-b-2-1001,1001,clipped_ips,0.5513418273187393,0.5283804624634058,0.5759472362625592,3.8339893925767945,0.5910080428574608,0.21056257010517093,73.44626968506523,0.0,trust,1.6723806189997048,fail,2.131340282076603,fail,-0.027767444120778587,pass,0.6723806189997049,fail,0.01604796172669936,0.042394899989357096,1.546020506104035,False,below,ab_fallback,ab_test,False
practitioner,19,noised_b-2,noised-b-2-1001,1001,dm,0.3997513279229043,0.3960409764185419,0.4030092852613169,,0.5910080428574608,0.21056257010517093,73.44626968506523,0.0,trust,1.6723806189997048,fail,2.131340282076603,fail,-0.027767444120778587,pass,0.6723806189997049,fail,0.01604796172669936,0.042394899989357096,1.546020506104035,False,below,ab_fallback,ab_test,False
practitioner,19,noised_b-2,noised-b-2-1001,1001,dr,0.38370336619620493,0.34664860532354497,0.425164732371642,,0.5910080428574608,0.21056257010517093,73.44626968506523,0.0,trust,1.6723806189997048,fail,2.131340282076603,fail,-0.027767444120778587,pass,0.6723806189997049,fail,0.01604796172669936,0.042394899989357096,1.546020506104035,False,below,ab_fallback,ab_test,False
practitioner,19,noised_b-2,noised-b-2-1001,1001,switch_dr,0.38847184829075,0.3683681983596979,0.40847770886720425,5.97832134052686,0.5910080428574608,0.21056257010517093,73.44626968506523,0.0,trust,1.6723806189997048,fail,2.131340282076603,fail,-0.027767444120778587,pass,0.6723806189997049,fail,0.01604796172669936,0.042394899989357096,1.546020506104035,False,below,ab_fallback,ab_test,False
practitioner,19,noised_b-2,noised-b-2-1001,1001,dros,0.39449676877015766,0.3808382918131424,0.4075959409156923,14.699474662391378,0.5910080428574608,0.21056257010517093,73.44626968506523,0.0,trust,1.6723806189997048,fail,2.131340282076603,fail,-0.027767444120778587,pass,0.6723806189997049,fail,0.01604796172669936,0.042394899989357096,1.546020506104035,False,below,ab_fallback,ab_test,False
practitioner,19,noised_b2,noised-b2-1001,1001,ips,1.094987872786728,1.039905670131981,1.1524939760403454,,0.5910080428574608,0.302438903157218,73.84548912458663,0.0,trust,1.7028409435639567,fail,2.131340282076603,fail,-0.04695088894314259,fail,0.7028409435639567,fail,0.0161355066300932,0.04183600226771849,1.1152977791460874,False,above,ab_fallback,ab_test,True
practitioner,19,noised_b2,noised-b2-1001,1001,snips,0.6430359082716063,0.617165205022468,0.6693856482562663,,0.5910080428574608,0.302438903157218,73.84548912458663,0.0,trust,1.7028409435639567,fail,2.131340282076603,fail,-0.04695088894314259,fail,0.7028409435639567,fail,0.0161355066300932,0.04183600226771849,1.1152977791460874,False,above,ab_fallback,ab_test,True
practitioner,19,noised_b2,noised-b2-1001,1001,clipped_ips,0.865661483291966,0.8347246566484527,0.8944007070232345,3.702491732776384,0.5910080428574608,0.302438903157218,73.84548912458663,0.0,trust,1.7028409435639567,fail,2.131340282076603,fail,-0.04695088894314259,fail,0.7028409435639567,fail,0.0161355066300932,0.04183600226771849,1.1152977791460874,False,above,ab_fallback,ab_test,True
practitioner,19,noised_b2,noised-b2-1001,1001,dm,0.6444689601432783,0.640471621937379,0.6479008869083969,,0.5910080428574608,0.302438903157218,73.84548912458663,0.0,trust,1.7028409435639567,fail,2.131340282076603,fail,-0.04695088894314259,fail,0.7028409435639567,fail,0.0161355066300932,0.04183600226771849,1.1152977791460874,False,above,ab_fallback,ab_test,True
practitioner,19,noised_b2,noised-b2-1001,1001,dr,0.628333453513185,0.5914248657825786,0.6650716836183049,,0.5910080428574608,0.302438903157218,73.84548912458663,0.0,trust,1.7028409435639567,fail,2.131340282076603,fail,-0.04695088894314259,fail,0.7028409435639567,fail,0.0161355066300932,0.04183600226771849,1.1152977791460874,False,above,ab_fallback,ab_test,True
practitioner,19,noised_b2,noised-b2-1001,1001,switch_dr,0.6483040165919093,0.6277063710271514,0.667412620145331,5.299822454396713,0.5910080428574608,0.302438903157218,73.84548912458663,0.0,trust,1.7028409435639567,fail,2.131340282076603,fail,-0.04695088894314259,fail,0.7028409435639567,fail,0.0161355066300932,0.04183600226771849,1.1152977791460874,False,above,ab_fallback,ab_test,True
practitioner,19,noised_b2,noised-b2-1001,1001,dros,0.6431449864614042,0.6281502952619856,0.6564464238159472,13.708445031277472,0.5910080428574608,0.302438903157218,73.84548912458663,0.0,trust,1.7028409435639567,fail,2.131340282076603,fail,-0.04695088894314259,fail,0.7028409435639567,fail,0.0161355066300932,0.04183600226771849,1.1152977791460874,False,above,ab_fallback,ab_test,True
practitioner,19,noised_b8,noised-b8-1001,1001,ips,1.4666502129892502,1.3551405127924077,1.5776197533645695,,0.5910080428574608,0.12145287797490714,138.55058986878595,0.0,distrust,1.7795434662371277,fail,2.131340282076603,fail,-0.07582255557446325,fail,0.7795434662371276,fail,0.012456190269540035,0.13136702156752925,1.6967054003626685,False,above,ab_fallback,ab_test,False
practitioner,19,noised_b8,noised-b8-1001,1001,snips,0.824172177199192,0.7883884545604567,0.864070534156465,,0.5910080428574608,0.12145287797490714,138.55058986878595,0.0,distrust,1.7795434662371277,fail,2.131340282076603,fail,-0.07582255557446325,fail,0.7795434662371276,fail,0.012456190269540035,0.13136702156752925,1.6967054003626685,False,above,ab_fallback,ab_test,False
practitioner,19,noised_b8,noised-b8-1001,1001,clipped_ips,0.86722984799795,0.8310102160563461,0.9039266839017774,4.276324694118181,0.5910080428574608,0.12145287797490714,138.55058986878595,0.0,distrust,1.7795434662371277,fail,2.131340282076603,fail,-0.07582255557446325,fail,0.7795434662371276,fail,0.012456190269540035,0.13136702156752925,1.6967054003626685,False,above,ab_fallback,ab_test,False
practitioner,19,noised_b8,noised-b8-1001,1001,dm,0.826371113792533,0.8211421451582842,0.8309716468220699,,0.5910080428574608,0.12145287797490714,138.55058986878595,0.0,distrust,1.7795434662371277,fail,2.131340282076603,fail,-0.07582255557446325,fail,0.7795434662371276,fail,0.012456190269540035,0.13136702156752925,1.6967054003626685,False,above,ab_fallback,ab_test,False
practitioner,19,noised_b8,noised-b8-1001,1001,dr,0.813914923522993,0.7528925944375956,0.8795417233366414,,0.5910080428574608,0.12145287797490714,138.55058986878595,0.0,distrust,1.7795434662371277,fail,2.131340282076603,fail,-0.07582255557446325,fail,0.7795434662371276,fail,0.012456190269540035,0.13136702156752925,1.6967054003626685,False,above,ab_fallback,ab_test,False
practitioner,19,noised_b8,noised-b8-1001,1001,switch_dr,0.8306737155029671,0.8084610538777387,0.8508405945892018,7.409086605986885,0.5910080428574608,0.12145287797490714,138.55058986878595,0.0,distrust,1.7795434662371277,fail,2.131340282076603,fail,-0.07582255557446325,fail,0.7795434662371276,fail,0.012456190269540035,0.13136702156752925,1.6967054003626685,False,above,ab_fallback,ab_test,False
practitioner,19,noised_b8,noised-b8-1001,1001,dros,0.832639102154772,0.818708934414606,0.8447681245075909,18.286952889524958,0.5910080428574608,0.12145287797490714,138.55058986878595,0.0,distrust,1.7795434662371277,fail,2.131340282076603,fail,-0.07582255557446325,fail,0.7795434662371276,fail,0.012456190269540035,0.13136702156752925,1.6967054003626685,False,above,ab_fallback,ab_test,False
practitioner,19,noised_b-2,noised-b-2-1002,1002,ips,0.6536479186344707,0.6099681230760164,0.6971377429193303,,0.6016001047508682,0.2082360236991027,121.36023720618853,0.0,distrust,1.645535246391882,fail,1.753939417321098,fail,0.018380411068093346,pass,0.6455352463918821,fail,0.029526244262653916,0.05621024710201694,1.576901783079451,False,below,ab_fallback,ab_test,False
practitioner,19,noised_b-2,noised-b-2-1002,1002,snips,0.39722510962175117,0.36872189345371154,0.4261672113003849,,0.6016001047508682,0.2082360236991027,121.36023720618853,0.0,distrust,1.645535246391882,fail,1.753939417321098,fail,0.018380411068093346,pass,0.6455352463918821,fail,0.029526244262653916,0.05621024710201694,1.576901783079451,False,below,ab_fallback,ab_test,False
practitioner,19,noised_b-2,noised-b-2-1002,1002,clipped_ips,0.5591854403394244,0.5368838712235213,0.5833189594925849,3.7900437582370654,0.6016001047508682,0.2082360236991027,121.36023720618853,0.0,distrust,1.645535246391882,fail,1.753939417321098,fail,0.018380411068093346,pass,0.6455352463918821,fail,0.029526244262653916,0.05621024710201694,1.576901783079451,False,below,ab_fallback,ab_test,False
practitioner,19,noised_b-2,noised-b-2-1002,1002,dm,0.4099848245412968,0.4063065122529012,0.4135541931285128,,0.6016001047508682,0.2082360236991027,121.36023720618853,0.0,distrust,1.645535246391882,fail,1.753939417321098,fail,0.018380411068093346,pass,0.6455352463918821,fail,0.029526244262653916,0.05621024710201694,1.576901783079451,False,below,ab_fallback,ab_test,False
practitioner,19,noised_b-2,noised-b-2-1002,1002,dr,0.3804585802786429,0.34364542368104073,0.4210677926289553,,0.6016001047508682,0.2082360236991027,121.36023720618853,0.0,distrust,1.645535246391882,fail,1.753939417321098,fail,0.018380411068093346,pass,0.6455352463918821,fail,0.029526244262653916,0.05621024710201694,1.576901783079451,False,below,ab_fallback,ab_test,False
practitioner,19,noised_b-2,noised-b-2-1002,1002,switch_dr,0.41418679040002865,0.3953561494970636,0.4324592056364396,6.027473925011982,0.6016001047508682,0.2082360236991027,121.36023720618853,0.0,distrust,1.645535246391882,fail,1.753939417321098,fail,0.018380411068093346,pass,0.6455352463918821,fail,0.029526244262653916,0.05621024710201694,1.576901783079451,False,below,ab_fallback,ab_test,False
practitioner,19,noised_b-2,noised-b-2-1002,1002,dros,0.40788347691003274,0.39555177870594277,0.4200067365459195,14.36443168935174,0.6016001047508682,0.2082360236991027,121.36023720618853,0.0,distrust,1.645535246391882,fail,1.753939417321098,fail,0.018380411068093346,pass,0.6455352463918821,fail,0.029526244262653916,0.05621024710201694,1.576901783079451,False,below,ab_fallback,ab_test,False
practitioner,19,noised_b2,noised-b2-1002,1002,ips,1.071834506401659,1.0276009284852503,1.1191804388358808,,0.6016001047508682,0.36009710395828415,31.22922832215305,0.0,trust,1.6530690994886956,fail,1.753939417321098,fail,0.02915387836634107,pass,0.6530690994886957,fail,0.022928254675936097,0.020452116038092442,1.109206807635669,False,above,ab_fallback,ab_test,True
practitioner,19,noised_b2,noised-b2-1002,1002,snips,0.6483906248886897,0.6286413576308616,0.6692661798568116,,0.6016001047508682,0.36009710395828415,31.22922832215305,0.0,trust,1.6530690994886956,fail,1.753939417321098,fail,0.02915387836634107,pass,0.6530690994886957,fail,0.022928254675936097,0.020452116038092442,1.109206807635669,False,above,ab_fallback,ab_test,True
practitioner,19,noised_b2,noised-b2-1002,1002,clipped_ips,0.8716023412379486,0.8441662358862452,0.9022411515491475,3.7292316751935384,0.6016001047508682,0.36009710395828415,31.22922832215305,0.0,trust,1.6530690994886956,fail,1.753939417321098,fail,0.02915387836634107,pass,0.6530690994886957,fail,0.022928254675936097,0.020452116038092442,1.109206807635669,False,above,ab_fallback,ab_test,True
practitioner,19,noised_b2,noised-b2-1002,1002,dm,0.6630729136944905,0.6600244412989824,0.6664224469827378,,0.6016001047508682,0.36009710395828415,31.22922832215305,0.0,trust,1.6530690994886956,fail,1.753939417321098,fail,0.02915387836634107,pass,0.6530690994886957,fail,0.022928254675936097,0.020452116038092442,1.109206807635669,False,above,ab_fallback,ab_test,True
practitioner,19,noised_b2,noised-b2-1002,1002,dr,0.6401446590185544,0.6095002215920998,0.6735480985876542,,0.6016001047508682,0.36009710395828415,31.22922832215305,0.0,trust,1.6530690994886956,fail,1.753939417321098,fail,0.02915387836634107,pass,0.6530690994886957,fail,0.022928254675936097,0.020452116038092442,1.109206807635669,False,above,ab_fallback,ab_test,True
practitioner,19,noised_b2,noised-b2-1002,1002,switch_dr,0.6649276295017487,0.6447883396853464,0.6848793101134768,5.386244867831055,0.6016001047508682,0.36009710395828415,31.22922832215305,0.0,trust,1.6530690994886956,fail,1.753939417321098,fail,0.02915387836634107,pass,0.6530690994886957,fail,0.022928254675936097,0.020452116038092442,1.109206807635669,False,above,ab_fallback,ab_test,True
practitioner,19,noised_b2,noised-b2-1002,1002,dros,0.6609798993149023,0.6471804397730542,0.6739673497671039,13.907168887266804,0.6016001047508682,0.36009710395828415,31.22922832215305,0.0,trust,1.6530690994886956,fail,1.753939417321098,fail,0.02915387836634107,pass,0.6530690994886957,fail,0.022928254675936097,0.020452116038092442,1.109206807635669,False,above,ab_fallback,ab_test,True
practitioner,19,noised_b8,noised-b8-1002,1002,ips,1.3566614716312018,1.264945895558708,1.4541361351348088,,0.6016001047508682,0.14891701956612205,98.09912367914103,0.0,trust,1.6619593740671061,fail,1.753939417321098,fail,0.018686055699391368,pass,0.6619593740671061,fail,0.03593500898762214,0.03388285053414677,1.6835136066152094,False,above,ab_fallback,ab_test,False
practitioner,19,noised_b8,noised-b8-1002,1002,snips,0.8163024276046009,0.7888074248831747,0.8439368721090794,,0.6016001047508682,0.14891701956612205,98.09912367914103,0.0,trust,1.6619593740671061,fail,1.753939417321098,fail,0.018686055699391368,pass,0.6619593740671061,fail,0.03593500898762214,0.03388285053414677,1.6835136066152094,False,above,ab_fallback,ab_test,False
practitioner,19,noised_b8,noised-b8-1002,1002,clipped_ips,0.8374961452186013,0.8052718654463817,0.872459988835134,4.188455497406017,0.6016001047508682,0.14891701956612205,98.09912367914103,0.0,trust,1.6619593740671061,fail,1.753939417321098,fail,0.018686055699391368,pass,0.6619593740671061,fail,0.03593500898762214,0.03388285053414677,1.6835136066152094,False,above,ab_fallback,ab_test,False
practitioner,19,noised_b8,noised-b8-1002,1002,dm,0.8377282394068875,0.8333400840345553,0.8426434701233607,,0.6016001047508682,0.14891701956612205,98.09912367914103,0.0,trust,1.6619593740671061,fail,1.753939417321098,fail,0.018686055699391368,pass,0.6619593740671061,fail,0.03593500898762214,0.03388285053414677,1.6835136066152094,False,above,ab_fallback,ab_test,False
practitioner,19,noised_b8,noised-b8-1002,1002,dr,0.8017932304192653,0.7525485041042431,0.8511341647400327,,0.6016001047508682,0.14891701956612205,98.09912367914103,0.0,trust,1.6619593740671061,fail,1.753939417321098,fail,0.018686055699391368,pass,0.6619593740671061,fail,0.03593500898762214,0.03388285053414677,1.6835136066152094,False,above,ab_fallback,ab_test,False
practitioner,19,noised_b8,noised-b8-1002,1002,switch_dr,0.8524371538535166,0.8325454089361537,0.8736963894941757,7.350626950369146,0.6016001047508682,0.14891701956612205,98.09912367914103,0.0,trust,1.6619593740671061,fail,1.753939417321098,fail,0.018686055699391368,pass,0.6619593740671061,fail,0.03593500898762214,0.03388285053414677,1.6835136066152094,False,above,ab_fallback,ab_test,False
practitioner,19,noised_b8,noised-b8-1002,1002,dros,0.8451827895739412,0.8332334140954047,0.8581109666610318,17.543159453750686,0.6016001047508682,0.14891701956612205,98.09912367914103,0.0,trust,1.6619593740671061,fail,1.753939417321098,fail,0.018686055699391368,pass,0.6619593740671061,fail,0.03593500898762214,0.03388285053414677,1.6835136066152094,False,above,ab_fallback,ab_test,False
practitioner,19,noised_b-2,noised-b-2-1003,1003,ips,0.6732375301045902,0.6200456833001813,0.7292049182846254,,0.595012771191484,0.1992766602439788,69.42553639652166,0.0,trust,1.6911651985685738,fail,1.909629703318365,fail,0.022154006946840554,pass,0.6911651985685738,fail,0.0024207460342099453,0.06741636457605786,1.5259844973687946,False,below,ab_fallback,ab_test,False
practitioner,19,noised_b-2,noised-b-2-1003,1003,snips,0.39809093202392526,0.36625203531377787,0.4274518044278299,,0.595012771191484,0.1992766602439788,69.42553639652166,0.0,trust,1.6911651985685738,fail,1.909629703318365,fail,0.022154006946840554,pass,0.6911651985685738,fail,0.0024207460342099453,0.06741636457605786,1.5259844973687946,False,below,ab_fallback,ab_test,False
practitioner,19,noised_b-2,noised-b-2-1003,1003,clipped_ips,0.5536011609873588,0.5309488843621966,0.5770972119845862,3.887223537773426,0.595012771191484,0.1992766602439788,69.42553639652166,0.0,trust,1.6911651985685738,fail,1.909629703318365,fail,0.022154006946840554,pass,0.6911651985685738,fail,0.0024207460342099453,0.06741636457605786,1.5259844973687946,False,below,ab_fallback,ab_test,False
practitioner,19,noised_b-2,noised-b-2-1003,1003,dm,0.4030201565280012,0.39901992509301,0.4068745124839964,,0.595012771191484,0.1992766602439788,69.42553639652166,0.0,trust,1.6911651985685738,fail,1.909629703318365,fail,0.022154006946840554,pass,0.6911651985685738,fail,0.0024207460342099453,0.06741636457605786,1.5259844973687946,False,below,ab_fallback,ab_test,False
practitioner,19,noised_b-2,noised-b-2-1003,1003,dr,0.40544090256221116,0.3625093135846817,0.4520424387167905,,0.595012771191484,0.1992766602439788,69.42553639652166,0.0,trust,1.6911651985685738,fail,1.909629703318365,fail,0.022154006946840554,pass,0.6911651985685738,fail,0.0024207460342099453,0.06741636457605786,1.5259844973687946,False,below,ab_fallback,ab_test,False
practitioner,19,noised_b-2,noised-b-2-1003,1003,switch_dr,0.3824241069512233,0.36294745949548407,0.40168262763141127,5.942779577925163,0.595012771191484,0.1992766602439788,69.42553639652166,0.0,trust,1.6911651985685738,fail,1.909629703318365,fail,0.022154006946840554,pass,0.6911651985685738,fail,0.0024207460342099453,0.06741636457605786,1.5259844973687946,False,below,ab_fallback,ab_test,False
practitioner,19,noised_b-2,noised-b-2-1003,1003,dros,0.39791052052122183,0.38434701109477426,0.41117574541798046,15.110506832619748,0.595012771191484,0.1992766602439788,69.42553639652166,0.0,trust,1.6911651985685738,fail,1.909629703318365,fail,0.022154006946840554,pass,0.6911651985685738,fail,0.0024207460342099453,0.06741636457605786,1.5259844973687946,False,below,ab_fallback,ab_test,False
practitioner,19,noised_b2,noised-b2-1003,1003,ips,1.1102722178386986,1.0512788212918505,1.1752943120415085,,0.595012771191484,0.3263387304259066,51.88939502508411,0.0,trust,1.6712147613069905,fail,1.909629703318365,fail,0.0008445936837014197,pass,0.6712147613069908,fail,0.004497298286048,0.0642360646118625,1.1613208981723904,False,above,ab_fallback,ab_test,True
practitioner,19,noised_b2,noised-b2-1003,1003,snips,0.6643504135700661,0.6409735727390882,0.6869908740733126,,0.595012771191484,0.3263387304259066,51.88939502508411,0.0,trust,1.6712147613069905,fail,1.909629703318365,fail,0.0008445936837014197,pass,0.6712147613069908,fail,0.004497298286048,0.0642360646118625,1.1613208981723904,False,above,ab_fallback,ab_test,True
practitioner,19,noised_b2,noised-b2-1003,1003,clipped_ips,0.8706242336654139,0.8419236423963374,0.9001256832457637,3.625180788119413,0.595012771191484,0.3263387304259066,51.88939502508411,0.0,trust,1.6712147613069905,fail,1.909629703318365,fail,0.0008445936837014197,pass,0.6712147613069908,fail,0.004497298286048,0.0642360646118625,1.1613208981723904,False,above,ab_fallback,ab_test,True
practitioner,19,noised_b2,noised-b2-1003,1003,dm,0.6555391432975103,0.6520472907466945,0.6589303687968083,,0.595012771191484,0.3263387304259066,51.88939502508411,0.0,trust,1.6712147613069905,fail,1.909629703318365,fail,0.0008445936837014197,pass,0.6712147613069908,fail,0.004497298286048,0.0642360646118625,1.1613208981723904,False,above,ab_fallback,ab_test,True
practitioner,19,noised_b2,noised-b2-1003,1003,dr,0.6600364415835582,0.6255963001908037,0.6957907240693131,,0.595012771191484,0.3263387304259066,51.88939502508411,0.0,trust,1.6712147613069905,fail,1.909629703318365,fail,0.0008445936837014197,pass,0.6712147613069908,fail,0.004497298286048,0.0642360646118625,1.1613208981723904,False,above,ab_fallback,ab_test,True
practitioner,19,noised_b2,noised-b2-1003,1003,switch_dr,0.6596660824083727,0.6393291786495702,0.6800157672663866,5.277474142262861,0.595012771191484,0.3263387304259066,51.88939502508411,0.0,trust,1.6712147613069905,fail,1.909629703318365,fail,0.0008445936837014197,pass,0.6712147613069908,fail,0.004497298286048,0.0642360646118625,1.1613208981723904,False,above,ab_fallback,ab_test,True
practitioner,19,noised_b2,noised-b2-1003,1003,dros,0.6578268948388197,0.6443044641391971,0.671198969147428,13.14193574655009,0.595012771191484,0.3263387304259066,51.88939502508411,0.0,trust,1.6712147613069905,fail,1.909629703318365,fail,0.0008445936837014197,pass,0.6712147613069908,fail,0.004497298286048,0.0642360646118625,1.1613208981723904,False,above,ab_fallback,ab_test,True
practitioner,19,noised_b8,noised-b8-1003,1003,ips,1.4081285745464371,1.2994500153782105,1.5249996492803894,,0.595012771191484,0.139193896047633,101.64464382031356,0.0,distrust,1.672225076726656,fail,1.909629703318365,fail,-0.019627558712754584,pass,0.672225076726656,fail,0.00770675135477327,0.12083515388907881,1.778252086926273,False,above,ab_fallback,ab_test,False
practitioner,19,noised_b8,noised-b8-1003,1003,snips,0.8420688064927349,0.8083004221452108,0.8740614051797577,,0.595012771191484,0.139193896047633,101.64464382031356,0.0,distrust,1.672225076726656,fail,1.909629703318365,fail,-0.019627558712754584,pass,0.672225076726656,fail,0.00770675135477327,0.12083515388907881,1.778252086926273,False,above,ab_fallback,ab_test,False
practitioner,19,noised_b8,noised-b8-1003,1003,clipped_ips,0.8491886229257831,0.8136774667236936,0.8854813392164584,4.140990135772519,0.595012771191484,0.139193896047633,101.64464382031356,0.0,distrust,1.672225076726656,fail,1.909629703318365,fail,-0.019627558712754584,pass,0.672225076726656,fail,0.00770675135477327,0.12083515388907881,1.778252086926273,False,above,ab_fallback,ab_test,False
practitioner,19,noised_b8,noised-b8-1003,1003,dm,0.8309390421994864,0.8262953451042434,0.8359264152059832,,0.595012771191484,0.139193896047633,101.64464382031356,0.0,distrust,1.672225076726656,fail,1.909629703318365,fail,-0.019627558712754584,pass,0.672225076726656,fail,0.00770675135477327,0.12083515388907881,1.778252086926273,False,above,ab_fallback,ab_test,False
practitioner,19,noised_b8,noised-b8-1003,1003,dr,0.8386457935542597,0.7841658594067602,0.8880518853475449,,0.595012771191484,0.139193896047633,101.64464382031356,0.0,distrust,1.672225076726656,fail,1.909629703318365,fail,-0.019627558712754584,pass,0.672225076726656,fail,0.00770675135477327,0.12083515388907881,1.778252086926273,False,above,ab_fallback,ab_test,False
practitioner,19,noised_b8,noised-b8-1003,1003,switch_dr,0.8461138090274064,0.8243800613476376,0.8668645152554867,7.290628184588187,0.595012771191484,0.139193896047633,101.64464382031356,0.0,distrust,1.672225076726656,fail,1.909629703318365,fail,-0.019627558712754584,pass,0.672225076726656,fail,0.00770675135477327,0.12083515388907881,1.778252086926273,False,above,ab_fallback,ab_test,False
practitioner,19,noised_b8,noised-b8-1003,1003,dros,0.8411543112281816,0.8272307666985926,0.8534982693818219,17.147799304565304,0.595012771191484,0.139193896047633,101.64464382031356,0.0,distrust,1.672225076726656,fail,1.909629703318365,fail,-0.019627558712754584,pass,0.672225076726656,fail,0.00770675135477327,0.12083515388907881,1.778252086926273,False,above,ab_fallback,ab_test,False
practitioner,19,noised_b-2,noised-b-2-1004,1004,ips,0.6383802829760751,0.5963854358213209,0.6885719541791853,,0.5918777220797313,0.17510588585526646,154.45504694704383,0.0,distrust,1.7551598872231409,fail,1.8182394848567447,fail,-0.05727728929431875,pass,0.7551598872231408,fail,0.008177634454365198,0.055015624807296014,1.6345713494257255,False,below,ab_fallback,ab_test,False
practitioner,19,noised_b-2,noised-b-2-1004,1004,snips,0.3637163130397562,0.3351884620175275,0.3935624370221632,,0.5918777220797313,0.17510588585526646,154.45504694704383,0.0,distrust,1.7551598872231409,fail,1.8182394848567447,fail,-0.05727728929431875,pass,0.7551598872231408,fail,0.008177634454365198,0.055015624807296014,1.6345713494257255,False,below,ab_fallback,ab_test,False
practitioner,19,noised_b-2,noised-b-2-1004,1004,clipped_ips,0.541821586343436,0.5176359251255882,0.566495490998136,3.9709206634731755,0.5918777220797313,0.17510588585526646,154.45504694704383,0.0,distrust,1.7551598872231409,fail,1.8182394848567447,fail,-0.05727728929431875,pass,0.7551598872231408,fail,0.008177634454365198,0.055015624807296014,1.6345713494257255,False,below,ab_fallback,ab_test,False
practitioner,19,noised_b-2,noised-b-2-1004,1004,dm,0.38724971176994283,0.38369986313918775,0.391055665959463,,0.5918777220797313,0.17510588585526646,154.45504694704383,0.0,distrust,1.7551598872231409,fail,1.8182394848567447,fail,-0.05727728929431875,pass,0.7551598872231408,fail,0.008177634454365198,0.055015624807296014,1.6345713494257255,False,below,ab_fallback,ab_test,False
practitioner,19,noised_b-2,noised-b-2-1004,1004,dr,0.3790720773155776,0.3399208577097568,0.42467292436179105,,0.5918777220797313,0.17510588585526646,154.45504694704383,0.0,distrust,1.7551598872231409,fail,1.8182394848567447,fail,-0.05727728929431875,pass,0.7551598872231408,fail,0.008177634454365198,0.055015624807296014,1.6345713494257255,False,below,ab_fallback,ab_test,False
practitioner,19,noised_b-2,noised-b-2-1004,1004,switch_dr,0.3727790266175896,0.3514006030118357,0.39143154421971765,6.416557805409213,0.5918777220797313,0.17510588585526646,154.45504694704383,0.0,distrust,1.7551598872231409,fail,1.8182394848567447,fail,-0.05727728929431875,pass,0.7551598872231408,fail,0.008177634454365198,0.055015624807296014,1.6345713494257255,False,below,ab_fallback,ab_test,False
practitioner,19,noised_b-2,noised-b-2-1004,1004,dros,0.38133701051983854,0.36771551836038013,0.3942840808498309,15.768210915598244,0.5918777220797313,0.17510588585526646,154.45504694704383,0.0,distrust,1.7551598872231409,fail,1.8182394848567447,fail,-0.05727728929431875,pass,0.7551598872231408,fail,0.008177634454365198,0.055015624807296014,1.6345713494257255,False,below,ab_fallback,ab_test,False
practitioner,19,noised_b2,noised-b2-1004,1004,ips,1.1010978264664573,1.044362303072499,1.1662756268271957,,0.5918777220797313,0.31592449231899905,67.33817142639234,0.0,trust,1.6889953298231917,fail,1.8182394848567447,fail,-0.03503687706767202,pass,0.6889953298231917,fail,0.012254006265353801,0.03775274536175289,1.13516602344316,False,above,ab_fallback,ab_test,True
practitioner,19,noised_b2,noised-b2-1004,1004,snips,0.6519247312434683,0.6293627422974603,0.6784421332224759,,0.5918777220797313,0.31592449231899905,67.33817142639234,0.0,trust,1.6889953298231917,fail,1.8182394848567447,fail,-0.03503687706767202,pass,0.6889953298231917,fail,0.012254006265353801,0.03775274536175289,1.13516602344316,False,above,ab_fallback,ab_test,True
practitioner,19,noised_b2,noised-b2-1004,1004,clipped_ips,0.8745873226146352,0.8472214777121901,0.9043056313024037,3.7467436827946283,0.5918777220797313,0.31592449231899905,67.33817142639234,0.0,trust,1.6889953298231917,fail,1.8182394848567447,fail,-0.03503687706767202,pass,0.6889953298231917,fail,0.012254006265353801,0.03775274536175289,1.13516602344316,False,above,ab_fallback,ab_test,True
practitioner,19,noised_b2,noised-b2-1004,1004,dm,0.6601627268329526,0.6567018434668406,0.663687376178987,,0.5918777220797313,0.31592449231899905,67.33817142639234,0.0,trust,1.6889953298231917,fail,1.8182394848567447,fail,-0.03503687706767202,pass,0.6889953298231917,fail,0.012254006265353801,0.03775274536175289,1.13516602344316,False,above,ab_fallback,ab_test,True
practitioner,19,noised_b2,noised-b2-1004,1004,dr,0.6479087205675989,0.6105845830955418,0.688121361451122,,0.5918777220797313,0.31592449231899905,67.33817142639234,0.0,trust,1.6889953298231917,fail,1.8182394848567447,fail,-0.03503687706767202,pass,0.6889953298231917,fail,0.012254006265353801,0.03775274536175289,1.13516602344316,False,above,ab_fallback,ab_test,True
practitioner,19,noised_b2,noised-b2-1004,1004,switch_dr,0.6558178841712387,0.6360782254166188,0.6755298835397576,5.397707118203623,0.5918777220797313,0.31592449231899905,67.33817142639234,0.0,trust,1.6889953298231917,fail,1.8182394848567447,fail,-0.03503687706767202,pass,0.6889953298231917,fail,0.012254006265353801,0.03775274536175289,1.13516602344316,False,above,ab_fallback,ab_test,True
practitioner,19,noised_b2,noised-b2-1004,1004,dros,0.6564937485249108,0.6423675936617209,0.6696341242760618,14.038088224561454,0.5918777220797313,0.31592449231899905,67.33817142639234,0.0,trust,1.6889953298231917,fail,1.8182394848567447,fail,-0.03503687706767202,pass,0.6889953298231917,fail,0.012254006265353801,0.03775274536175289,1.13516602344316,False,above,ab_fallback,ab_test,True
practitioner,19,noised_b8,noised-b8-1004,1004,ips,1.4602053149842396,1.3343610687792733,1.5916727591552369,,0.5918777220797313,0.11283333442749494,139.52741047512598,0.0,distrust,1.6998620836228002,fail,1.8182394848567447,fail,-0.036329079135318,pass,0.7174011301699854,fail,0.0019259158802587056,0.10850753843113681,1.845931922014416,False,above,ab_fallback,ab_test,False
practitioner,19,noised_b8,noised-b8-1004,1004,snips,0.8590139924011974,0.8195606899084444,0.8992609543844542,,0.5918777220797313,0.11283333442749494,139.52741047512598,0.0,distrust,1.6998620836228002,fail,1.8182394848567447,fail,-0.036329079135318,pass,0.7174011301699854,fail,0.0019259158802587056,0.10850753843113681,1.845931922014416,False,above,ab_fallback,ab_test,False
practitioner,19,noised_b8,noised-b8-1004,1004,clipped_ips,0.8439477060037893,0.8078580594092778,0.8774010007224939,4.071673261320059,0.5918777220797313,0.11283333442749494,139.52741047512598,0.0,distrust,1.6998620836228002,fail,1.8182394848567447,fail,-0.036329079135318,pass,0.7174011301699854,fail,0.0019259158802587056,0.10850753843113681,1.845931922014416,False,above,ab_fallback,ab_test,False
practitioner,19,noised_b8,noised-b8-1004,1004,dm,0.8502537196750025,0.8457330677820754,0.8547969535582439,,0.5918777220797313,0.11283333442749494,139.52741047512598,0.0,distrust,1.6998620836228002,fail,1.8182394848567447,fail,-0.036329079135318,pass,0.7174011301699854,fail,0.0019259158802587056,0.10850753843113681,1.845931922014416,False,above,ab_fallback,ab_test,False
practitioner,19,noised_b8,noised-b8-1004,1004,dr,0.8521796355552612,0.7862810379406605,0.9212965778723117,,0.5918777220797313,0.11283333442749494,139.52741047512598,0.0,distrust,1.6998620836228002,fail,1.8182394848567447,fail,-0.036329079135318,pass,0.7174011301699854,fail,0.0019259158802587056,0.10850753843113681,1.845931922014416,False,above,ab_fallback,ab_test,False
practitioner,19,noised_b8,noised-b8-1004,1004,switch_dr,0.8565992010808778,0.8373650265493747,0.8774513021275704,7.410076112615995,0.5918777220797313,0.11283333442749494,139.52741047512598,0.0,distrust,1.6998620836228002,fail,1.8182394848567447,fail,-0.036329079135318,pass,0.7174011301699854,fail,0.0019259158802587056,0.10850753843113681,1.845931922014416,False,above,ab_fallback,ab_test,False
practitioner,19,noised_b8,noised-b8-1004,1004,dros,0.8577564101417563,0.8453214644024513,0.869566785868313,16.578523146948722,0.5918777220797313,0.11283333442749494,139.52741047512598,0.0,distrust,1.6998620836228002,fail,1.8182394848567447,fail,-0.036329079135318,pass,0.7174011301699854,fail,0.0019259158802587056,0.10850753843113681,1.845931922014416,False,above,ab_fallback,ab_test,False
practitioner,19,noised_b-2,noised-b-2-1005,1005,ips,0.6049602182956388,0.5490006241908073,0.6538852038448786,,0.5757651591216644,0.19994529102629427,109.08718510757812,0.0,distrust,1.6429217575034905,fail,1.872403752941618,fail,0.04014562390625336,pass,0.6429217575034903,fail,0.006607819492499607,0.06431388079610835,1.5578256644079722,False,below,ab_fallback,ab_test,False
practitioner,19,noised_b-2,noised-b-2-1005,1005,snips,0.368222172195777,0.3357592967609443,0.39903748644692294,,0.5757651591216644,0.19994529102629427,109.08718510757812,0.0,distrust,1.6429217575034905,fail,1.872403752941618,fail,0.04014562390625336,pass,0.6429217575034903,fail,0.006607819492499607,0.06431388079610835,1.5578256644079722,False,below,ab_fallback,ab_test,False
practitioner,19,noised_b-2,noised-b-2-1005,1005,clipped_ips,0.515677189177337,0.4905976823712833,0.5394312437483656,3.6943836209300023,0.5757651591216644,0.19994529102629427,109.08718510757812,0.0,distrust,1.6429217575034905,fail,1.872403752941618,fail,0.04014562390625336,pass,0.6429217575034903,fail,0.006607819492499607,0.06431388079610835,1.5578256644079722,False,below,ab_fallback,ab_test,False
practitioner,19,noised_b-2,noised-b-2-1005,1005,dm,0.372613960026319,0.3689284844254838,0.3767450946455681,,0.5757651591216644,0.19994529102629427,109.08718510757812,0.0,distrust,1.6429217575034905,fail,1.872403752941618,fail,0.04014562390625336,pass,0.6429217575034903,fail,0.006607819492499607,0.06431388079610835,1.5578256644079722,False,below,ab_fallback,ab_test,False
practitioner,19,noised_b-2,noised-b-2-1005,1005,dr,0.37922177951881864,0.3264126538926549,0.43055158647420244,,0.5757651591216644,0.19994529102629427,109.08718510757812,0.0,distrust,1.6429217575034905,fail,1.872403752941618,fail,0.04014562390625336,pass,0.6429217575034903,fail,0.006607819492499607,0.06431388079610835,1.5578256644079722,False,below,ab_fallback,ab_test,False
practitioner,19,noised_b-2,noised-b-2-1005,1005,switch_dr,0.3636628780727269,0.3455836081216347,0.38322881404209186,6.005707123972129,0.5757651591216644,0.19994529102629427,109.08718510757812,0.0,distrust,1.6429217575034905,fail,1.872403752941618,fail,0.04014562390625336,pass,0.6429217575034903,fail,0.006607819492499607,0.06431388079610835,1.5578256644079722,False,below,ab_fallback,ab_test,False
practitioner,19,noised_b-2,noised-b-2-1005,1005,dros,0.36849583803158825,0.35606716998904225,0.3817029539760474,13.648470338595875,0.5757651591216644,0.19994529102629427,109.08718510757812,0.0,distrust,1.6429217575034905,fail,1.872403752941618,fail,0.04014562390625336,pass,0.6429217575034903,fail,0.006607819492499607,0.06431388079610835,1.5578256644079722,False,below,ab_fallback,ab_test,False
practitioner,19,noised_b2,noised-b2-1005,1005,ips,1.0484817461134335,0.9941100911688138,1.1026401550611982,,0.5757651591216644,0.34099329376347576,44.68186722141983,0.0,trust,1.645176953217593,fail,1.872403752941618,fail,0.01702549966474744,pass,0.6451769532175929,fail,0.014391662399474415,0.015621123774692536,1.141656762926605,False,above,ab_fallback,ab_test,True
practitioner,19,noised_b2,noised-b2-1005,1005,snips,0.6373063663837747,0.6142346095969285,0.6600751790276789,,0.5757651591216644,0.34099329376347576,44.68186722141983,0.0,trust,1.645176953217593,fail,1.872403752941618,fail,0.01702549966474744,pass,0.6451769532175929,fail,0.014391662399474415,0.015621123774692536,1.141656762926605,False,above,ab_fallback,ab_test,True
practitioner,19,noised_b2,noised-b2-1005,1005,clipped_ips,0.8400879358457001,0.809635520109318,0.8709514422020818,3.7428259396351584,0.5757651591216644,0.34099329376347576,44.68186722141983,0.0,trust,1.645176953217593,fail,1.872403752941618,fail,0.01702549966474744,pass,0.6451769532175929,fail,0.014391662399474415,0.015621123774692536,1.141656762926605,False,above,ab_fallback,ab_test,True
practitioner,19,noised_b2,noised-b2-1005,1005,dm,0.6442695615120015,0.6406360520852112,0.6476844405914777,,0.5757651591216644,0.34099329376347576,44.68186722141983,0.0,trust,1.645176953217593,fail,1.872403752941618,fail,0.01702549966474744,pass,0.6451769532175929,fail,0.014391662399474415,0.015621123774692536,1.141656762926605,False,above,ab_fallback,ab_test,True
practitioner,19,noised_b2,noised-b2-1005,1005,dr,0.6298778991125271,0.5913440150087922,0.6631128617941434,,0.5757651591216644,0.34099329376347576,44.68186722141983,0.0,trust,1.645176953217593,fail,1.872403752941618,fail,0.01702549966474744,pass,0.6451769532175929,fail,0.014391662399474415,0.015621123774692536,1.141656762926605,False,above,ab_fallback,ab_test,True
practitioner,19,noised_b2,noised-b2-1005,1005,switch_dr,0.6459117549833191,0.626037593114461,0.6661850312394958,5.284258448864076,0.5757651591216644,0.34099329376347576,44.68186722141983,0.0,trust,1.645176953217593,fail,1.872403752941618,fail,0.01702549966474744,pass,0.6451769532175929,fail,0.014391662399474415,0.015621123774692536,1.141656762926605,False,above,ab_fallback,ab_test,True
practitioner,19,noised_b2,noised-b2-1005,1005,dros,0.6429867460192222,0.6291068383692588,0.6565671404948966,14.008746014405807,0.5757651591216644,0.34099329376347576,44.68186722141983,0.0,trust,1.645176953217593,fail,1.872403752941618,fail,0.01702549966474744,pass,0.6451769532175929,fail,0.014391662399474415,0.015621123774692536,1.141656762926605,False,above,ab_fallback,ab_test,True
practitioner,19,noised_b8,noised-b8-1005,1005,ips,1.3829096651361867,1.2628097641454172,1.5068878057086055,,0.5757651591216644,0.11385478205963918,106.3494068304189,0.0,distrust,1.6791474177699384,fail,1.872403752941618,fail,0.014618165907915268,pass,0.737400859775392,fail,0.021407172318435193,0.06135659330124045,1.779995690352595,False,above,ab_fallback,ab_test,False
practitioner,19,noised_b8,noised-b8-1005,1005,snips,0.823578472325448,0.7850075130884503,0.8602119004584483,,0.5757651591216644,0.11385478205963918,106.3494068304189,0.0,distrust,1.6791474177699384,fail,1.872403752941618,fail,0.014618165907915268,pass,0.737400859775392,fail,0.021407172318435193,0.06135659330124045,1.779995690352595,False,above,ab_fallback,ab_test,False
practitioner,19,noised_b8,noised-b8-1005,1005,clipped_ips,0.7756021915508975,0.7452753144702622,0.811262286688179,4.061344994249444,0.5757651591216644,0.11385478205963918,106.3494068304189,0.0,distrust,1.6791474177699384,fail,1.872403752941618,fail,0.014618165907915268,pass,0.737400859775392,fail,0.021407172318435193,0.06135659330124045,1.779995690352595,False,above,ab_fallback,ab_test,False
practitioner,19,noised_b8,noised-b8-1005,1005,dm,0.8353765178856117,0.8304456547866633,0.8402595453925653,,0.5757651591216644,0.11385478205963918,106.3494068304189,0.0,distrust,1.6791474177699384,fail,1.872403752941618,fail,0.014618165907915268,pass,0.737400859775392,fail,0.021407172318435193,0.06135659330124045,1.779995690352595,False,above,ab_fallback,ab_test,False
practitioner,19,noised_b8,noised-b8-1005,1005,dr,0.8139693455671766,0.7518496636556888,0.8790432565443836,,0.5757651591216644,0.11385478205963918,106.3494068304189,0.0,distrust,1.6791474177699384,fail,1.872403752941618,fail,0.014618165907915268,pass,0.737400859775392,fail,0.021407172318435193,0.06135659330124045,1.779995690352595,False,above,ab_fallback,ab_test,False
practitioner,19,noised_b8,noised-b8-1005,1005,switch_dr,0.8396588564091324,0.8188371218691578,0.8592118810184164,7.437205592666707,0.5757651591216644,0.11385478205963918,106.3494068304189,0.0,distrust,1.6791474177699384,fail,1.872403752941618,fail,0.014618165907915268,pass,0.737400859775392,fail,0.021407172318435193,0.06135659330124045,1.779995690352595,False,above,ab_fallback,ab_test,False
practitioner,19,noised_b8,noised-b8-1005,1005,dros,0.8397286846600605,0.8282508611067707,0.8513492042203022,16.494523162315016,0.5757651591216644,0.11385478205963918,106.3494068304189,0.0,distrust,1.6791474177699384,fail,1.872403752941618,fail,0.014618165907915268,pass,0.737400859775392,fail,0.021407172318435193,0.06135659330124045,1.779995690352595,False,above,ab_fallback,ab_test,False
practitioner,19,noised_b-2,noised-b-2-1006,1006,ips,0.6138430988276528,0.5542639894814487,0.6701415935290376,,0.5892530618648668,0.19037965593308162,96.81317756724195,0.0,trust,1.6458000300740143,fail,1.7215560903376144,fail,-0.027237393352121258,pass,0.6458000300740141,fail,0.009821528471935735,0.07113137872355638,1.5730324213517815,False,below,ab_fallback,ab_test,False
practitioner,19,noised_b-2,noised-b-2-1006,1006,snips,0.37297550590034156,0.3357050601892956,0.40886449273994446,,0.5892530618648668,0.19037965593308162,96.81317756724195,0.0,trust,1.6458000300740143,fail,1.7215560903376144,fail,-0.027237393352121258,pass,0.6458000300740141,fail,0.009821528471935735,0.07113137872355638,1.5730324213517815,False,below,ab_fallback,ab_test,False
practitioner,19,noised_b-2,noised-b-2-1006,1006,clipped_ips,0.5255655994001055,0.5022320563773054,0.54931892723234,3.6928810914012034,0.5892530618648668,0.19037965593308162,96.81317756724195,0.0,trust,1.6458000300740143,fail,1.7215560903376144,fail,-0.027237393352121258,pass,0.6458000300740141,fail,0.009821528471935735,0.07113137872355638,1.5730324213517815,False,below,ab_fallback,ab_test,False
practitioner,19,noised_b-2,noised-b-2-1006,1006,dm,0.3840214632644071,0.37987514908260056,0.38783076959667107,,0.5892530618648668,0.19037965593308162,96.81317756724195,0.0,trust,1.6458000300740143,fail,1.7215560903376144,fail,-0.027237393352121258,pass,0.6458000300740141,fail,0.009821528471935735,0.07113137872355638,1.5730324213517815,False,below,ab_fallback,ab_test,False
practitioner,19,noised_b-2,noised-b-2-1006,1006,dr,0.3741999347924714,0.3205119889541737,0.4277851997102006,,0.5892530618648668,0.19037965593308162,96.81317756724195,0.0,trust,1.6458000300740143,fail,1.7215560903376144,fail,-0.027237393352121258,pass,0.6458000300740141,fail,0.009821528471935735,0.07113137872355638,1.5730324213517815,False,below,ab_fallback,ab_test,False
practitioner,19,noised_b-2,noised-b-2-1006,1006,switch_dr,0.38741627829474934,0.36719299130688693,0.4048440512156262,6.020620345539282,0.5892530618648668,0.19037965593308162,96.81317756724195,0.0,trust,1.6458000300740143,fail,1.7215560903376144,fail,-0.027237393352121258,pass,0.6458000300740141,fail,0.009821528471935735,0.07113137872355638,1.5730324213517815,False,below,ab_fallback,ab_test,False
practitioner,19,noised_b-2,noised-b-2-1006,1006,dros,0.38351989111888735,0.37107885137972985,0.39568740695153576,13.637370755228543,0.5892530618648668,0.19037965593308162,96.81317756724195,0.0,trust,1.6458000300740143,fail,1.7215560903376144,fail,-0.027237393352121258,pass,0.6458000300740141,fail,0.009821528471935735,0.07113137872355638,1.5730324213517815,False,below,ab_fallback,ab_test,False
practitioner,19,noised_b2,noised-b2-1006,1006,ips,1.0506860380644583,0.9867758454678451,1.1197921069192551,,0.5892530618648668,0.3248759574991077,68.04083433133195,0.0,trust,1.6044903904754262,fail,1.7215560903376144,fail,-0.006336205330339392,pass,0.6044903904754262,fail,0.008634306826000152,0.01622476653561757,1.1473799488877323,False,above,ab_fallback,ab_test,True
practitioner,19,noised_b2,noised-b2-1006,1006,snips,0.6548409665159352,0.629578945843585,0.6801989690395557,,0.5892530618648668,0.3248759574991077,68.04083433133195,0.0,trust,1.6044903904754262,fail,1.7215560903376144,fail,-0.006336205330339392,pass,0.6044903904754262,fail,0.008634306826000152,0.01622476653561757,1.1473799488877323,False,above,ab_fallback,ab_test,True
practitioner,19,noised_b2,noised-b2-1006,1006,clipped_ips,0.8264861287644023,0.7978713620066864,0.8551959323909433,3.5043257078106875,0.5892530618648668,0.3248759574991077,68.04083433133195,0.0,trust,1.6044903904754262,fail,1.7215560903376144,fail,-0.006336205330339392,pass,0.6044903904754262,fail,0.008634306826000152,0.01622476653561757,1.1473799488877323,False,above,ab_fallback,ab_test,True
practitioner,19,noised_b2,noised-b2-1006,1006,dm,0.6562826087387242,0.6518154307532779,0.660353673842303,,0.5892530618648668,0.3248759574991077,68.04083433133195,0.0,trust,1.6044903904754262,fail,1.7215560903376144,fail,-0.006336205330339392,pass,0.6044903904754262,fail,0.008634306826000152,0.01622476653561757,1.1473799488877323,False,above,ab_fallback,ab_test,True
practitioner,19,noised_b2,noised-b2-1006,1006,dr,0.6649169155647244,0.632210862208843,0.6995621370503485,,0.5892530618648668,0.3248759574991077,68.04083433133195,0.0,trust,1.6044903904754262,fail,1.7215560903376144,fail,-0.006336205330339392,pass,0.6044903904754262,fail,0.008634306826000152,0.01622476653561757,1.1473799488877323,False,above,ab_fallback,ab_test,True
practitioner,19,noised_b2,noised-b2-1006,1006,switch_dr,0.6538965130671934,0.6352079538826645,0.6736899454873275,5.095989650710394,0.5892530618648668,0.3248759574991077,68.04083433133195,0.0,trust,1.6044903904754262,fail,1.7215560903376144,fail,-0.006336205330339392,pass,0.6044903904754262,fail,0.008634306826000152,0.01622476653561757,1.1473799488877323,False,above,ab_fallback,ab_test,True
practitioner,19,noised_b2,noised-b2-1006,1006,dros,0.6564299523027141,0.6437685101812702,0.668848853580818,12.280298666422876,0.5892530618648668,0.3248759574991077,68.04083433133195,0.0,trust,1.6044903904754262,fail,1.7215560903376144,fail,-0.006336205330339392,pass,0.6044903904754262,fail,0.008634306826000152,0.01622476653561757,1.1473799488877323,False,above,ab_fallback,ab_test,True
practitioner,19,noised_b8,noised-b8-1006,1006,ips,1.348832498752761,1.226917272113415,1.4801136928065994,,0.5892530618648668,0.116847930125456,165.95637397045724,0.0,distrust,1.5665426212578974,fail,1.7215560903376144,fail,-0.0027145000640303504,pass,0.6378086536714312,fail,0.045287874273615296,0.04272472807730881,1.8499167699576913,False,above,ab_fallback,ab_test,False
practitioner,19,noised_b8,noised-b8-1006,1006,snips,0.8610250882734871,0.8250771512578895,0.9022725434428918,,0.5892530618648668,0.116847930125456,165.95637397045724,0.0,distrust,1.5665426212578974,fail,1.7215560903376144,fail,-0.0027145000640303504,pass,0.6378086536714312,fail,0.045287874273615296,0.04272472807730881,1.8499167699576913,False,above,ab_fallback,ab_test,False
practitioner,19,noised_b8,noised-b8-1006,1006,clipped_ips,0.7996632464237229,0.7680613045983377,0.8298758243719608,3.781924845832148,0.5892530618648668,0.116847930125456,165.95637397045724,0.0,distrust,1.5665426212578974,fail,1.7215560903376144,fail,-0.0027145000640303504,pass,0.6378086536714312,fail,0.045287874273615296,0.04272472807730881,1.8499167699576913,False,above,ab_fallback,ab_test,False
practitioner,19,noised_b8,noised-b8-1006,1006,dm,0.8446318674523997,0.8388562190122089,0.850062909260443,,0.5892530618648668,0.116847930125456,165.95637397045724,0.0,distrust,1.5665426212578974,fail,1.7215560903376144,fail,-0.0027145000640303504,pass,0.6378086536714312,fail,0.045287874273615296,0.04272472807730881,1.8499167699576913,False,above,ab_fallback,ab_test,False
practitioner,19,noised_b8,noised-b8-1006,1006,dr,0.889919741726015,0.8310599025182646,0.9542524429423781,,0.5892530618648668,0.116847930125456,165.95637397045724,0.0,distrust,1.5665426212578974,fail,1.7215560903376144,fail,-0.0027145000640303504,pass,0.6378086536714312,fail,0.045287874273615296,0.04272472807730881,1.8499167699576913,False,above,ab_fallback,ab_test,False
practitioner,19,noised_b8,noised-b8-1006,1006,switch_dr,0.8581203077535013,0.8378228290929345,0.8765614616216287,6.566771852366084,0.5892530618648668,0.116847930125456,165.95637397045724,0.0,distrust,1.5665426212578974,fail,1.7215560903376144,fail,-0.0027145000640303504,pass,0.6378086536714312,fail,0.045287874273615296,0.04272472807730881,1.8499167699576913,False,above,ab_fallback,ab_test,False
practitioner,19,noised_b8,noised-b8-1006,1006,dros,0.8581591667003755,0.8462879152541868,0.8697304339955256,14.302955539522516,0.5892530618648668,0.116847930125456,165.95637397045724,0.0,distrust,1.5665426212578974,fail,1.7215560903376144,fail,-0.0027145000640303504,pass,0.6378086536714312,fail,0.045287874273615296,0.04272472807730881,1.8499167699576913,False,above,ab_fallback,ab_test,False
practitioner,19,noised_b-2,noised-b-2-1007,1007,ips,0.6804655092945578,0.6336347750800825,0.7332461989683199,,0.6036279812483629,0.2204768338373709,58.235704518763434,0.0,trust,1.6352678410438624,fail,1.9402764699848591,fail,-0.029720260405013337,pass,0.6352678410438624,fail,0.017807893970927312,0.045372234756252475,1.4886309833915807,False,below,ab_fallback,ab_test,True
practitioner,19,noised_b-2,noised-b-2-1007,1007,snips,0.4161186884591256,0.3891725009202755,0.446329184177669,,0.6036279812483629,0.2204768338373709,58.235704518763434,0.0,trust,1.6352678410438624,fail,1.9402764699848591,fail,-0.029720260405013337,pass,0.6352678410438624,fail,0.017807893970927312,0.045372234756252475,1.4886309833915807,False,below,ab_fallback,ab_test,True
practitioner,19,noised_b-2,noised-b-2-1007,1007,clipped_ips,0.5421251938476966,0.5183387721320485,0.5666320476629223,3.7168659034699383,0.6036279812483629,0.2204768338373709,58.235704518763434,0.0,trust,1.6352678410438624,fail,1.9402764699848591,fail,-0.029720260405013337,pass,0.6352678410438624,fail,0.017807893970927312,0.045372234756252475,1.4886309833915807,False,below,ab_fallback,ab_test,True
practitioner,19,noised_b-2,noised-b-2-1007,1007,dm,0.3944117413302104,0.3906738110915827,0.3984207446211522,,0.6036279812483629,0.2204768338373709,58.235704518763434,0.0,trust,1.6352678410438624,fail,1.9402764699848591,fail,-0.029720260405013337,pass,0.6352678410438624,fail,0.017807893970927312,0.045372234756252475,1.4886309833915807,False,below,ab_fallback,ab_test,True
practitioner,19,noised_b-2,noised-b-2-1007,1007,dr,0.4122196353011377,0.37167948187999467,0.45393041849004645,,0.6036279812483629,0.2204768338373709,58.235704518763434,0.0,trust,1.6352678410438624,fail,1.9402764699848591,fail,-0.029720260405013337,pass,0.6352678410438624,fail,0.017807893970927312,0.045372234756252475,1.4886309833915807,False,below,ab_fallback,ab_test,True
practitioner,19,noised_b-2,noised-b-2-1007,1007,switch_dr,0.3812346346182339,0.3621104568717813,0.3987721504912606,6.142553812841329,0.6036279812483629,0.2204768338373709,58.235704518763434,0.0,trust,1.6352678410438624,fail,1.9402764699848591,fail,-0.029720260405013337,pass,0.6352678410438624,fail,0.017807893970927312,0.045372234756252475,1.4886309833915807,False,below,ab_fallback,ab_test,True
practitioner,19,noised_b-2,noised-b-2-1007,1007,dros,0.389005445948361,0.37740940422184716,0.3996988393679233,13.8150921443774,0.6036279812483629,0.2204768338373709,58.235704518763434,0.0,trust,1.6352678410438624,fail,1.9402764699848591,fail,-0.029720260405013337,pass,0.6352678410438624,fail,0.017807893970927312,0.045372234756252475,1.4886309833915807,False,below,ab_fallback,ab_test,True
practitioner,19,noised_b2,noised-b2-1007,1007,ips,1.1305185636628552,1.0751670664500936,1.190579822411452,,0.6036279812483629,0.3316026077577886,51.491381430484275,0.0,trust,1.667477277093808,fail,1.9402764699848591,fail,0.0019499886807402373,pass,0.6674772770938082,fail,0.017503638300694315,0.025413400978240484,1.1713395739072423,False,above,ab_fallback,ab_test,True
practitioner,19,noised_b2,noised-b2-1007,1007,snips,0.6779813909267772,0.6563900745215064,0.7018381222576596,,0.6036279812483629,0.3316026077577886,51.491381430484275,0.0,trust,1.667477277093808,fail,1.9402764699848591,fail,0.0019499886807402373,pass,0.6674772770938082,fail,0.017503638300694315,0.025413400978240484,1.1713395739072423,False,above,ab_fallback,ab_test,True
practitioner,19,noised_b2,noised-b2-1007,1007,clipped_ips,0.8739573758065994,0.8453005904031049,0.9015542899817439,3.6399016191581453,0.6036279812483629,0.3316026077577886,51.491381430484275,0.0,trust,1.667477277093808,fail,1.9402764699848591,fail,0.0019499886807402373,pass,0.6674772770938082,fail,0.017503638300694315,0.025413400978240484,1.1713395739072423,False,above,ab_fallback,ab_test,True
practitioner,19,noised_b2,noised-b2-1007,1007,dm,0.6674614718914168,0.6640212598364044,0.6709466850865019,,0.6036279812483629,0.3316026077577886,51.491381430484275,0.0,trust,1.667477277093808,fail,1.9402764699848591,fail,0.0019499886807402373,pass,0.6674772770938082,fail,0.017503638300694315,0.025413400978240484,1.1713395739072423,False,above,ab_fallback,ab_test,True
practitioner,19,noised_b2,noised-b2-1007,1007,dr,0.6849651101921111,0.6491303613198937,0.7245566421097994,,0.6036279812483629,0.3316026077577886,51.491381430484275,0.0,trust,1.667477277093808,fail,1.9402764699848591,fail,0.0019499886807402373,pass,0.6674772770938082,fail,0.017503638300694315,0.025413400978240484,1.1713395739072423,False,above,ab_fallback,ab_test,True
practitioner,19,noised_b2,noised-b2-1007,1007,switch_dr,0.6583276636087327,0.6380202041076201,0.6784590614589638,5.4160806442406075,0.6036279812483629,0.3316026077577886,51.491381430484275,0.0,trust,1.667477277093808,fail,1.9402764699848591,fail,0.0019499886807402373,pass,0.6674772770938082,fail,0.017503638300694315,0.025413400978240484,1.1713395739072423,False,above,ab_fallback,ab_test,True
practitioner,19,noised_b2,noised-b2-1007,1007,dros,0.6646528563869675,0.6512703087931927,0.6764727888363831,13.248883797150087,0.6036279812483629,0.3316026077577886,51.491381430484275,0.0,trust,1.667477277093808,fail,1.9402764699848591,fail,0.0019499886807402373,pass,0.6674772770938082,fail,0.017503638300694315,0.025413400978240484,1.1713395739072423,False,above,ab_fallback,ab_test,True
practitioner,19,noised_b8,noised-b8-1007,1007,ips,1.442812878021248,1.3247829823988262,1.564294172872962,,0.6036279812483629,0.1246665507748757,126.71836406715106,0.0,distrust,1.6955854811895796,fail,1.9402764699848591,fail,0.028712798788236002,pass,0.6955854811895795,fail,0.011641882852673046,0.04556126537490995,1.7585070736587491,False,above,ab_fallback,ab_test,False
practitioner,19,noised_b8,noised-b8-1007,1007,snips,0.850923114185318,0.8153471928731105,0.8907088517163252,,0.6036279812483629,0.1246665507748757,126.71836406715106,0.0,distrust,1.6955854811895796,fail,1.9402764699848591,fail,0.028712798788236002,pass,0.6955854811895795,fail,0.011641882852673046,0.04556126537490995,1.7585070736587491,False,above,ab_fallback,ab_test,False
practitioner,19,noised_b8,noised-b8-1007,1007,clipped_ips,0.8597031998309697,0.8271782524100203,0.8951199632890886,4.2040190040070415,0.6036279812483629,0.1246665507748757,126.71836406715106,0.0,distrust,1.6955854811895796,fail,1.9402764699848591,fail,0.028712798788236002,pass,0.6955854811895795,fail,0.011641882852673046,0.04556126537490995,1.7585070736587491,False,above,ab_fallback,ab_test,False
practitioner,19,noised_b8,noised-b8-1007,1007,dm,0.8479247357443007,0.8435305694453843,0.8528145886306105,,0.6036279812483629,0.1246665507748757,126.71836406715106,0.0,distrust,1.6955854811895796,fail,1.9402764699848591,fail,0.028712798788236002,pass,0.6955854811895795,fail,0.011641882852673046,0.04556126537490995,1.7585070736587491,False,above,ab_fallback,ab_test,False
practitioner,19,noised_b8,noised-b8-1007,1007,dr,0.8595666185969738,0.7997491688124834,0.9288158200613712,,0.6036279812483629,0.1246665507748757,126.71836406715106,0.0,distrust,1.6955854811895796,fail,1.9402764699848591,fail,0.028712798788236002,pass,0.6955854811895795,fail,0.011641882852673046,0.04556126537490995,1.7585070736587491,False,above,ab_fallback,ab_test,False
practitioner,19,noised_b8,noised-b8-1007,1007,switch_dr,0.8495415825455108,0.8298888707165633,0.8696908114176507,7.268147847301468,0.6036279812483629,0.1246665507748757,126.71836406715106,0.0,distrust,1.6955854811895796,fail,1.9402764699848591,fail,0.028712798788236002,pass,0.6955854811895795,fail,0.011641882852673046,0.04556126537490995,1.7585070736587491,False,above,ab_fallback,ab_test,False
practitioner,19,noised_b8,noised-b8-1007,1007,dros,0.8514996278172328,0.8394468686151856,0.8636273446048841,17.673775786052357,0.6036279812483629,0.1246665507748757,126.71836406715106,0.0,distrust,1.6955854811895796,fail,1.9402764699848591,fail,0.028712798788236002,pass,0.6955854811895795,fail,0.011641882852673046,0.04556126537490995,1.7585070736587491,False,above,ab_fallback,ab_test,False
practitioner,19,noised_b-2,noised-b-2-1008,1008,ips,0.6857757607706163,0.6356288508447533,0.7419259710926216,,0.6036273415485965,0.21496091898970315,101.6663096891917,0.0,distrust,1.6645649277347487,fail,1.8651073577162351,fail,0.05494733640784948,fail,0.6645649277347486,fail,0.026421566888865527,0.06780341946459588,1.516356261830974,False,below,ab_fallback,ab_test,False
practitioner,19,noised_b-2,noised-b-2-1008,1008,snips,0.41198498739479383,0.383852664129183,0.4399037111692316,,0.6036273415485965,0.21496091898970315,101.6663096891917,0.0,distrust,1.6645649277347487,fail,1.8651073577162351,fail,0.05494733640784948,fail,0.6645649277347486,fail,0.026421566888865527,0.06780341946459588,1.516356261830974,False,below,ab_fallback,ab_test,False
practitioner,19,noised_b-2,noised-b-2-1008,1008,clipped_ips,0.5581927028509949,0.5344230483808409,0.5835433352542778,3.83297883258617,0.6036273415485965,0.21496091898970315,101.6663096891917,0.0,distrust,1.6645649277347487,fail,1.8651073577162351,fail,0.05494733640784948,fail,0.6645649277347486,fail,0.026421566888865527,0.06780341946459588,1.516356261830974,False,below,ab_fallback,ab_test,False
practitioner,19,noised_b-2,noised-b-2-1008,1008,dm,0.39396138991375623,0.3903045101257521,0.397726368079342,,0.6036273415485965,0.21496091898970315,101.6663096891917,0.0,distrust,1.6645649277347487,fail,1.8651073577162351,fail,0.05494733640784948,fail,0.6645649277347486,fail,0.026421566888865527,0.06780341946459588,1.516356261830974,False,below,ab_fallback,ab_test,False
practitioner,19,noised_b-2,noised-b-2-1008,1008,dr,0.4203829568026218,0.38086970970902145,0.4679215449663557,,0.6036273415485965,0.21496091898970315,101.6663096891917,0.0,distrust,1.6645649277347487,fail,1.8651073577162351,fail,0.05494733640784948,fail,0.6645649277347486,fail,0.026421566888865527,0.06780341946459588,1.516356261830974,False,below,ab_fallback,ab_test,False
practitioner,19,noised_b-2,noised-b-2-1008,1008,switch_dr,0.38247468463671563,0.36274322323090236,0.40363431226542806,6.126436221054024,0.6036273415485965,0.21496091898970315,101.6663096891917,0.0,distrust,1.6645649277347487,fail,1.8651073577162351,fail,0.05494733640784948,fail,0.6645649277347486,fail,0.026421566888865527,0.06780341946459588,1.516356261830974,False,below,ab_fallback,ab_test,False
practitioner,19,noised_b-2,noised-b-2-1008,1008,dros,0.38934987676029537,0.37736343711485315,0.4024092039852164,14.691726731053638,0.6036273415485965,0.21496091898970315,101.6663096891917,0.0,distrust,1.6645649277347487,fail,1.8651073577162351,fail,0.05494733640784948,fail,0.6645649277347486,fail,0.026421566888865527,0.06780341946459588,1.516356261830974,False,below,ab_fallback,ab_test,False
practitioner,19,noised_b2,noised-b2-1008,1008,ips,1.1273586599836596,1.07306633137229,1.1862075894946853,,0.6036273415485965,0.34620959421488356,47.315428003716264,0.0,trust,1.6724602281227416,fail,1.8651073577162351,fail,0.016789757990910172,pass,0.6724602281227416,fail,0.017709638207864236,0.03822067596528409,1.1670821935389777,False,above,ab_fallback,ab_test,True
practitioner,19,noised_b2,noised-b2-1008,1008,snips,0.6740720293534674,0.653510668454985,0.6971468697515061,,0.6036273415485965,0.34620959421488356,47.315428003716264,0.0,trust,1.6724602281227416,fail,1.8651073577162351,fail,0.016789757990910172,pass,0.6724602281227416,fail,0.017709638207864236,0.03822067596528409,1.1670821935389777,False,above,ab_fallback,ab_test,True
practitioner,19,noised_b2,noised-b2-1008,1008,clipped_ips,0.8965886790698022,0.8647645783670117,0.9279612090980957,3.812923032138386,0.6036273415485965,0.34620959421488356,47.315428003716264,0.0,trust,1.6724602281227416,fail,1.8651073577162351,fail,0.016789757990910172,pass,0.6724602281227416,fail,0.017709638207864236,0.03822067596528409,1.1670821935389777,False,above,ab_fallback,ab_test,True
practitioner,19,noised_b2,noised-b2-1008,1008,dm,0.6691240316053996,0.665632573507519,0.6727301975202887,,0.6036273415485965,0.34620959421488356,47.315428003716264,0.0,trust,1.6724602281227416,fail,1.8651073577162351,fail,0.016789757990910172,pass,0.6724602281227416,fail,0.017709638207864236,0.03822067596528409,1.1670821935389777,False,above,ab_fallback,ab_test,True
practitioner,19,noised_b2,noised-b2-1008,1008,dr,0.6868336698132638,0.6507871551111258,0.7242134034731289,,0.6036273415485965,0.34620959421488356,47.315428003716264,0.0,trust,1.6724602281227416,fail,1.8651073577162351,fail,0.016789757990910172,pass,0.6724602281227416,fail,0.017709638207864236,0.03822067596528409,1.1670821935389777,False,above,ab_fallback,ab_test,True
practitioner,19,noised_b2,noised-b2-1008,1008,switch_dr,0.6573398649444044,0.6370157751222654,0.6760999940449561,5.445430022172628,0.6036273415485965,0.34620959421488356,47.315428003716264,0.0,trust,1.6724602281227416,fail,1.8651073577162351,fail,0.016789757990910172,pass,0.6724602281227416,fail,0.017709638207864236,0.03822067596528409,1.1670821935389777,False,above,ab_fallback,ab_test,True
practitioner,19,noised_b2,noised-b2-1008,1008,dros,0.6675106685699135,0.6537759573712875,0.68200241906792,14.538382049011382,0.6036273415485965,0.34620959421488356,47.315428003716264,0.0,trust,1.6724602281227416,fail,1.8651073577162351,fail,0.016789757990910172,pass,0.6724602281227416,fail,0.017709638207864236,0.03822067596528409,1.1670821935389777,False,above,ab_fallback,ab_test,True
practitioner,19,noised_b8,noised-b8-1008,1008,ips,1.3872720132643939,1.2976905934533973,1.4920569699738033,,0.6036273415485965,0.15898456085991558,62.38394260425982,0.0,trust,1.6220703867388717,fail,1.8651073577162351,fail,-0.020099924947791635,pass,0.6220703867388716,fail,0.01786467574365946,0.09759363437628314,1.8134005139759715,False,above,ab_fallback,ab_test,False
practitioner,19,noised_b8,noised-b8-1008,1008,snips,0.8552477282157074,0.8265465220553229,0.8867319598234148,,0.6036273415485965,0.15898456085991558,62.38394260425982,0.0,trust,1.6220703867388717,fail,1.8651073577162351,fail,-0.020099924947791635,pass,0.6220703867388716,fail,0.01786467574365946,0.09759363437628314,1.8134005139759715,False,above,ab_fallback,ab_test,False
practitioner,19,noised_b8,noised-b8-1008,1008,clipped_ips,0.8573411942251429,0.8220813188548435,0.8907204344418139,4.176293914393328,0.6036273415485965,0.15898456085991558,62.38394260425982,0.0,trust,1.6220703867388717,fail,1.8651073577162351,fail,-0.020099924947791635,pass,0.6220703867388716,fail,0.01786467574365946,0.09759363437628314,1.8134005139759715,False,above,ab_fallback,ab_test,False
practitioner,19,noised_b8,noised-b8-1008,1008,dm,0.8513185475366172,0.846805264332265,0.8558656978574478,,0.6036273415485965,0.15898456085991558,62.38394260425982,0.0,trust,1.6220703867388717,fail,1.8651073577162351,fail,-0.020099924947791635,pass,0.6220703867388716,fail,0.01786467574365946,0.09759363437628314,1.8134005139759715,False,above,ab_fallback,ab_test,False
practitioner,19,noised_b8,noised-b8-1008,1008,dr,0.8691832232802766,0.8217520564664664,0.9187547452749786,,0.6036273415485965,0.15898456085991558,62.38394260425982,0.0,trust,1.6220703867388717,fail,1.8651073577162351,fail,-0.020099924947791635,pass,0.6220703867388716,fail,0.01786467574365946,0.09759363437628314,1.8134005139759715,False,above,ab_fallback,ab_test,False
practitioner,19,noised_b8,noised-b8-1008,1008,switch_dr,0.8617704692540971,0.8403316423027579,0.8811017694348571,6.9429623726816425,0.6036273415485965,0.15898456085991558,62.38394260425982,0.0,trust,1.6220703867388717,fail,1.8651073577162351,fail,-0.020099924947791635,pass,0.6220703867388716,fail,0.01786467574365946,0.09759363437628314,1.8134005139759715,False,above,ab_fallback,ab_test,False
practitioner,19,noised_b8,noised-b8-1008,1008,dros,0.8599829936622517,0.8471986380208425,0.8721140382285331,17.44143085939875,0.6036273415485965,0.15898456085991558,62.38394260425982,0.0,trust,1.6220703867388717,fail,1.8651073577162351,fail,-0.020099924947791635,pass,0.6220703867388716,fail,0.01786467574365946,0.09759363437628314,1.8134005139759715,False,above,ab_fallback,ab_test,False
practitioner,19,noised_b-2,noised-b-2-1009,1009,ips,0.6573366602204326,0.6085609532813706,0.7093369365056976,,0.5918684596124373,0.21091532429326196,96.04224020726116,0.0,trust,1.668661620920696,fail,1.8272288853263774,fail,-0.009996294253223672,pass,0.6686616209206958,fail,0.00048767244157477813,0.03358444279656717,1.5309666084655564,False,below,ab_fallback,ab_test,False
practitioner,19,noised_b-2,noised-b-2-1009,1009,snips,0.39393047216951177,0.35886849438039936,0.4254475778231219,,0.5918684596124373,0.21091532429326196,96.04224020726116,0.0,trust,1.668661620920696,fail,1.8272288853263774,fail,-0.009996294253223672,pass,0.6686616209206958,fail,0.00048767244157477813,0.03358444279656717,1.5309666084655564,False,below,ab_fallback,ab_test,False
practitioner,19,noised_b-2,noised-b-2-1009,1009,clipped_ips,0.5415576477944473,0.5174158162185108,0.5637969563971532,3.781071527436118,0.5918684596124373,0.21091532429326196,96.04224020726116,0.0,trust,1.668661620920696,fail,1.8272288853263774,fail,-0.009996294253223672,pass,0.6686616209206958,fail,0.00048767244157477813,0.03358444279656717,1.5309666084655564,False,below,ab_fallback,ab_test,False
practitioner,19,noised_b-2,noised-b-2-1009,1009,dm,0.39701588043509695,0.39351614822064385,0.4010459226366474,,0.5918684596124373,0.21091532429326196,96.04224020726116,0.0,trust,1.668661620920696,fail,1.8272288853263774,fail,-0.009996294253223672,pass,0.6686616209206958,fail,0.00048767244157477813,0.03358444279656717,1.5309666084655564,False,below,ab_fallback,ab_test,False
practitioner,19,noised_b-2,noised-b-2-1009,1009,dr,0.3965282079935222,0.34310733435499113,0.44521720324322334,,0.5918684596124373,0.21091532429326196,96.04224020726116,0.0,trust,1.668661620920696,fail,1.8272288853263774,fail,-0.009996294253223672,pass,0.6686616209206958,fail,0.00048767244157477813,0.03358444279656717,1.5309666084655564,False,below,ab_fallback,ab_test,False
practitioner,19,noised_b-2,noised-b-2-1009,1009,switch_dr,0.38681832489745044,0.3673740082089241,0.4053799340348662,5.992930813883694,0.5918684596124373,0.21091532429326196,96.04224020726116,0.0,trust,1.668661620920696,fail,1.8272288853263774,fail,-0.009996294253223672,pass,0.6686616209206958,fail,0.00048767244157477813,0.03358444279656717,1.5309666084655564,False,below,ab_fallback,ab_test,False
practitioner,19,noised_b-2,noised-b-2-1009,1009,dros,0.388587307072095,0.37615872956858115,0.4010968706120958,14.2965018955881,0.5918684596124373,0.21091532429326196,96.04224020726116,0.0,trust,1.668661620920696,fail,1.8272288853263774,fail,-0.009996294253223672,pass,0.6686616209206958,fail,0.00048767244157477813,0.03358444279656717,1.5309666084655564,False,below,ab_fallback,ab_test,False
practitioner,19,noised_b2,noised-b2-1009,1009,ips,1.0896356627907464,1.0336856964759422,1.152670526946188,,0.5918684596124373,0.3135423402600998,67.01963332018433,0.0,trust,1.6659475865500233,fail,1.8272288853263774,fail,-0.005151431711325624,pass,0.6659475865500233,fail,0.009973870705268213,0.025067022378763754,1.1449045848210921,False,above,ab_fallback,ab_test,True
practitioner,19,noised_b2,noised-b2-1009,1009,snips,0.6540635921489286,0.6291376248737323,0.6783859435936286,,0.5918684596124373,0.3135423402600998,67.01963332018433,0.0,trust,1.6659475865500233,fail,1.8272288853263774,fail,-0.005151431711325624,pass,0.6659475865500233,fail,0.009973870705268213,0.025067022378763754,1.1449045848210921,False,above,ab_fallback,ab_test,True
practitioner,19,noised_b2,noised-b2-1009,1009,clipped_ips,0.8585843676598295,0.8318877121848064,0.8878420930288689,3.74901916543051,0.5918684596124373,0.3135423402600998,67.01963332018433,0.0,trust,1.6659475865500233,fail,1.8272288853263774,fail,-0.005151431711325624,pass,0.6659475865500233,fail,0.009973870705268213,0.025067022378763754,1.1449045848210921,False,above,ab_fallback,ab_test,True
practitioner,19,noised_b2,noised-b2-1009,1009,dm,0.6549320035381282,0.6513898724710434,0.6583887079962322,,0.5918684596124373,0.3135423402600998,67.01963332018433,0.0,trust,1.6659475865500233,fail,1.8272288853263774,fail,-0.005151431711325624,pass,0.6659475865500233,fail,0.009973870705268213,0.025067022378763754,1.1449045848210921,False,above,ab_fallback,ab_test,True
practitioner,19,noised_b2,noised-b2-1009,1009,dr,0.64495813283286,0.6051941980441742,0.6822934155050624,,0.5918684596124373,0.3135423402600998,67.01963332018433,0.0,trust,1.6659475865500233,fail,1.8272288853263774,fail,-0.005151431711325624,pass,0.6659475865500233,fail,0.009973870705268213,0.025067022378763754,1.1449045848210921,False,above,ab_fallback,ab_test,True
practitioner,19,noised_b2,noised-b2-1009,1009,switch_dr,0.6472975758246431,0.6296941962319552,0.6654090510992902,5.423538506554249,0.5918684596124373,0.3135423402600998,67.01963332018433,0.0,trust,1.6659475865500233,fail,1.8272288853263774,fail,-0.005151431711325624,pass,0.6659475865500233,fail,0.009973870705268213,0.025067022378763754,1.1449045848210921,False,above,ab_fallback,ab_test,True
practitioner,19,noised_b2,noised-b2-1009,1009,dros,0.6526573736762068,0.6392289736947184,0.6663238246313468,14.055144702765276,0.5918684596124373,0.3135423402600998,67.01963332018433,0.0,trust,1.6659475865500233,fail,1.8272288853263774,fail,-0.005151431711325624,pass,0.6659475865500233,fail,0.009973870705268213,0.025067022378763754,1.1449045848210921,False,above,ab_fallback,ab_test,True
practitioner,19,noised_b8,noised-b8-1009,1009,ips,1.3913090316001118,1.293664013256849,1.509765531726288,,0.5918684596124373,0.12904452277588316,178.80893127932148,0.0,distrust,1.6706197460742758,fail,1.8272288853263774,fail,0.008325228338997622,pass,0.6706197460742758,fail,0.022103155974714187,0.11056183874227145,1.785175637735053,False,above,ab_fallback,ab_test,False
practitioner,19,noised_b8,noised-b8-1009,1009,snips,0.8328101202380103,0.7997324386943157,0.8618785699989063,,0.5918684596124373,0.12904452277588316,178.80893127932148,0.0,distrust,1.6706197460742758,fail,1.8272288853263774,fail,0.008325228338997622,pass,0.6706197460742758,fail,0.022103155974714187,0.11056183874227145,1.785175637735053,False,above,ab_fallback,ab_test,False
practitioner,19,noised_b8,noised-b8-1009,1009,clipped_ips,0.8572815545536648,0.827246571435955,0.893760091472208,4.188951159170688,0.5918684596124373,0.12904452277588316,178.80893127932148,0.0,distrust,1.6706197460742758,fail,1.8272288853263774,fail,0.008325228338997622,pass,0.6706197460742758,fail,0.022103155974714187,0.11056183874227145,1.785175637735053,False,above,ab_fallback,ab_test,False
practitioner,19,noised_b8,noised-b8-1009,1009,dm,0.8368149736453824,0.8319314076192112,0.8420475217057731,,0.5918684596124373,0.12904452277588316,178.80893127932148,0.0,distrust,1.6706197460742758,fail,1.8272288853263774,fail,0.008325228338997622,pass,0.6706197460742758,fail,0.022103155974714187,0.11056183874227145,1.785175637735053,False,above,ab_fallback,ab_test,False
practitioner,19,noised_b8,noised-b8-1009,1009,dr,0.8147118176706681,0.7596878513909173,0.8623181602998681,,0.5918684596124373,0.12904452277588316,178.80893127932148,0.0,distrust,1.6706197460742758,fail,1.8272288853263774,fail,0.008325228338997622,pass,0.6706197460742758,fail,0.022103155974714187,0.11056183874227145,1.785175637735053,False,above,ab_fallback,ab_test,False
practitioner,19,noised_b8,noised-b8-1009,1009,switch_dr,0.8444668875527973,0.8244352710222964,0.8650017369705232,7.331196703011344,0.5918684596124373,0.12904452277588316,178.80893127932148,0.0,distrust,1.6706197460742758,fail,1.8272288853263774,fail,0.008325228338997622,pass,0.6706197460742758,fail,0.022103155974714187,0.11056183874227145,1.785175637735053,False,above,ab_fallback,ab_test,False
practitioner,19,noised_b8,noised-b8-1009,1009,dros,0.844070030164323,0.8309166866575394,0.8566997016595114,17.547311813917446,0.5918684596124373,0.12904452277588316,178.80893127932148,0.0,distrust,1.6706197460742758,fail,1.8272288853263774,fail,0.008325228338997622,pass,0.6706197460742758,fail,0.022103155974714187,0.11056183874227145,1.785175637735053,False,above,ab_fallback,ab_test,False
practitioner,19,noised_b-2,noised-b-2-1010,1010,ips,0.6426900190669066,0.6024320674372682,0.6856700138323101,,0.6043521266863723,0.20992983624966438,76.44316599738082,0.0,trust,1.575902997140377,fail,1.8021410470395305,fail,-0.011955927534203348,pass,0.575902997140377,fail,0.008077560153467073,0.059760129541320595,1.5323074855231227,False,below,ab_fallback,ab_test,False
practitioner,19,noised_b-2,noised-b-2-1010,1010,snips,0.40782333699036527,0.37784301617546734,0.4339478084701128,,0.6043521266863723,0.20992983624966438,76.44316599738082,0.0,trust,1.575902997140377,fail,1.8021410470395305,fail,-0.011955927534203348,pass,0.575902997140377,fail,0.008077560153467073,0.059760129541320595,1.5323074855231227,False,below,ab_fallback,ab_test,False
practitioner,19,noised_b-2,noised-b-2-1010,1010,clipped_ips,0.5379628896987066,0.5159977528929838,0.5592307429928403,3.6117290402288926,0.6043521266863723,0.20992983624966438,76.44316599738082,0.0,trust,1.575902997140377,fail,1.8021410470395305,fail,-0.011955927534203348,pass,0.575902997140377,fail,0.008077560153467073,0.059760129541320595,1.5323074855231227,False,below,ab_fallback,ab_test,False
practitioner,19,noised_b-2,noised-b-2-1010,1010,dm,0.4081136368577254,0.4044969203906316,0.41163628512153416,,0.6043521266863723,0.20992983624966438,76.44316599738082,0.0,trust,1.575902997140377,fail,1.8021410470395305,fail,-0.011955927534203348,pass,0.575902997140377,fail,0.008077560153467073,0.059760129541320595,1.5323074855231227,False,below,ab_fallback,ab_test,False
practitioner,19,noised_b-2,noised-b-2-1010,1010,dr,0.40003607670425834,0.36111710568034233,0.4349666019852099,,0.6043521266863723,0.20992983624966438,76.44316599738082,0.0,trust,1.575902997140377,fail,1.8021410470395305,fail,-0.011955927534203348,pass,0.575902997140377,fail,0.008077560153467073,0.059760129541320595,1.5323074855231227,False,below,ab_fallback,ab_test,False
practitioner,19,noised_b-2,noised-b-2-1010,1010,switch_dr,0.3982663085148348,0.3814811657819173,0.4159367628370523,5.58383549757577,0.6043521266863723,0.20992983624966438,76.44316599738082,0.0,trust,1.575902997140377,fail,1.8021410470395305,fail,-0.011955927534203348,pass,0.575902997140377,fail,0.008077560153467073,0.059760129541320595,1.5323074855231227,False,below,ab_fallback,ab_test,False
practitioner,19,noised_b-2,noised-b-2-1010,1010,dros,0.40472905553598576,0.3925838852199208,0.41713660322181567,13.044586660032717,0.6043521266863723,0.20992983624966438,76.44316599738082,0.0,trust,1.575902997140377,fail,1.8021410470395305,fail,-0.011955927534203348,pass,0.575902997140377,fail,0.008077560153467073,0.059760129541320595,1.5323074855231227,False,below,ab_fallback,ab_test,False
practitioner,19,noised_b2,noised-b2-1010,1010,ips,1.0448823673752632,0.991336820211878,1.0931406249270277,,0.6043521266863723,0.36036395352071143,39.5579487754766,0.0,trust,1.611437896499332,fail,1.8021410470395305,fail,0.005049755675670048,pass,0.6114378964993318,fail,0.006869123623612343,0.03563913253540238,1.1019615440989194,False,above,ab_fallback,ab_test,True
practitioner,19,noised_b2,noised-b2-1010,1010,snips,0.6484161565550575,0.6262919872761787,0.6681935596353756,,0.6043521266863723,0.36036395352071143,39.5579487754766,0.0,trust,1.611437896499332,fail,1.8021410470395305,fail,0.005049755675670048,pass,0.6114378964993318,fail,0.006869123623612343,0.03563913253540238,1.1019615440989194,False,above,ab_fallback,ab_test,True
practitioner,19,noised_b2,noised-b2-1010,1010,clipped_ips,0.8462875917123012,0.8161826560438725,0.8746588487688285,3.538397080958691,0.6043521266863723,0.36036395352071143,39.5579487754766,0.0,trust,1.611437896499332,fail,1.8021410470395305,fail,0.005049755675670048,pass,0.6114378964993318,fail,0.006869123623612343,0.03563913253540238,1.1019615440989194,False,above,ab_fallback,ab_test,True
practitioner,19,noised_b2,noised-b2-1010,1010,dm,0.6528897729242176,0.6492641165802353,0.6565427333505823,,0.6043521266863723,0.36036395352071143,39.5579487754766,0.0,trust,1.611437896499332,fail,1.8021410470395305,fail,0.005049755675670048,pass,0.6114378964993318,fail,0.006869123623612343,0.03563913253540238,1.1019615440989194,False,above,ab_fallback,ab_test,True
practitioner,19,noised_b2,noised-b2-1010,1010,dr,0.6460206493006052,0.6148464246743907,0.6756309859712878,,0.6043521266863723,0.36036395352071143,39.5579487754766,0.0,trust,1.611437896499332,fail,1.8021410470395305,fail,0.005049755675670048,pass,0.6114378964993318,fail,0.006869123623612343,0.03563913253540238,1.1019615440989194,False,above,ab_fallback,ab_test,True
practitioner,19,noised_b2,noised-b2-1010,1010,switch_dr,0.6503996204915818,0.6288772749098033,0.6695529481908524,5.054735781950842,0.6043521266863723,0.36036395352071143,39.5579487754766,0.0,trust,1.611437896499332,fail,1.8021410470395305,fail,0.005049755675670048,pass,0.6114378964993318,fail,0.006869123623612343,0.03563913253540238,1.1019615440989194,False,above,ab_fallback,ab_test,True
practitioner,19,noised_b2,noised-b2-1010,1010,dros,0.6510958470680149,0.6372788851870074,0.6637032615229186,12.520253902536986,0.6043521266863723,0.36036395352071143,39.5579487754766,0.0,trust,1.611437896499332,fail,1.8021410470395305,fail,0.005049755675670048,pass,0.6114378964993318,fail,0.006869123623612343,0.03563913253540238,1.1019615440989194,False,above,ab_fallback,ab_test,True
practitioner,19,noised_b8,noised-b8-1010,1010,ips,1.3052717513909533,1.2143206634669632,1.3968115646611499,,0.6043521266863723,0.16227903991572531,72.29502674888435,0.0,trust,1.6191795114091827,fail,1.8021410470395305,fail,0.03426995620623361,pass,0.6191795114091828,fail,0.023664184653610112,0.0691701204399591,1.603327333278446,False,above,ab_fallback,ab_test,False
practitioner,19,noised_b8,noised-b8-1010,1010,snips,0.8061315883715491,0.7747558917622034,0.8364403454670258,,0.6043521266863723,0.16227903991572531,72.29502674888435,0.0,trust,1.6191795114091827,fail,1.8021410470395305,fail,0.03426995620623361,pass,0.6191795114091828,fail,0.023664184653610112,0.0691701204399591,1.603327333278446,False,above,ab_fallback,ab_test,False
practitioner,19,noised_b8,noised-b8-1010,1010,clipped_ips,0.8477379224802719,0.8136071413325663,0.8820566573574911,4.041127606994635,0.6043521266863723,0.16227903991572531,72.29502674888435,0.0,trust,1.6191795114091827,fail,1.8021410470395305,fail,0.03426995620623361,pass,0.6191795114091828,fail,0.023664184653610112,0.0691701204399591,1.603327333278446,False,above,ab_fallback,ab_test,False
practitioner,19,noised_b8,noised-b8-1010,1010,dm,0.8270092332052533,0.822266691411062,0.8318711278198377,,0.6043521266863723,0.16227903991572531,72.29502674888435,0.0,trust,1.6191795114091827,fail,1.8021410470395305,fail,0.03426995620623361,pass,0.6191795114091828,fail,0.023664184653610112,0.0691701204399591,1.603327333278446,False,above,ab_fallback,ab_test,False
practitioner,19,noised_b8,noised-b8-1010,1010,dr,0.8033450485516432,0.7545638600913949,0.8521662788017904,,0.6043521266863723,0.16227903991572531,72.29502674888435,0.0,trust,1.6191795114091827,fail,1.8021410470395305,fail,0.03426995620623361,pass,0.6191795114091828,fail,0.023664184653610112,0.0691701204399591,1.603327333278446,False,above,ab_fallback,ab_test,False
practitioner,19,noised_b8,noised-b8-1010,1010,switch_dr,0.8303399584336111,0.810411739333988,0.8496864728831816,6.686524625833952,0.6043521266863723,0.16227903991572531,72.29502674888435,0.0,trust,1.6191795114091827,fail,1.8021410470395305,fail,0.03426995620623361,pass,0.6191795114091828,fail,0.023664184653610112,0.0691701204399591,1.603327333278446,False,above,ab_fallback,ab_test,False
practitioner,19,noised_b8,noised-b8-1010,1010,dros,0.8322934335831927,0.819518368974394,0.8439161966162992,16.330712336014187,0.6043521266863723,0.16227903991572531,72.29502674888435,0.0,trust,1.6191795114091827,fail,1.8021410470395305,fail,0.03426995620623361,pass,0.6191795114091828,fail,0.023664184653610112,0.0691701204399591,1.603327333278446,False,above,ab_fallback,ab_test,False
practitioner,19,noised_b-2,noised-b-2-1011,1011,ips,0.6580062023368507,0.6077554335330846,0.7053621201119509,,0.5894627651684752,0.23800557041109638,50.13281858665279,0.0,trust,1.6868739505499237,fail,1.9165039341255878,fail,0.038032542715887775,pass,0.6868739505499236,fail,0.010586520921647588,0.10412758539692084,1.5156160987679672,False,below,ab_fallback,ab_test,False
practitioner,19,noised_b-2,noised-b-2-1011,1011,snips,0.3900743159394569,0.3641199150945004,0.4154941729194352,,0.5894627651684752,0.23800557041109638,50.13281858665279,0.0,trust,1.6868739505499237,fail,1.9165039341255878,fail,0.038032542715887775,pass,0.6868739505499236,fail,0.010586520921647588,0.10412758539692084,1.5156160987679672,False,below,ab_fallback,ab_test,False
practitioner,19,noised_b-2,noised-b-2-1011,1011,clipped_ips,0.5507537920232375,0.5263969241244586,0.57683402439924,3.8891181206455028,0.5894627651684752,0.23800557041109638,50.13281858665279,0.0,trust,1.6868739505499237,fail,1.9165039341255878,fail,0.038032542715887775,pass,0.6868739505499236,fail,0.010586520921647588,0.10412758539692084,1.5156160987679672,False,below,ab_fallback,ab_test,False
practitioner,19,noised_b-2,noised-b-2-1011,1011,dm,0.4004433818868916,0.3968322361805338,0.40399253698208126,,0.5894627651684752,0.23800557041109638,50.13281858665279,0.0,trust,1.6868739505499237,fail,1.9165039341255878,fail,0.038032542715887775,pass,0.6868739505499236,fail,0.010586520921647588,0.10412758539692084,1.5156160987679672,False,below,ab_fallback,ab_test,False
practitioner,19,noised_b-2,noised-b-2-1011,1011,dr,0.389856860965244,0.3438680589424324,0.4351669193039973,,0.5894627651684752,0.23800557041109638,50.13281858665279,0.0,trust,1.6868739505499237,fail,1.9165039341255878,fail,0.038032542715887775,pass,0.6868739505499236,fail,0.010586520921647588,0.10412758539692084,1.5156160987679672,False,below,ab_fallback,ab_test,False
practitioner,19,noised_b-2,noised-b-2-1011,1011,switch_dr,0.3945569203463486,0.3735629575434807,0.41459151099369046,6.347329401599168,0.5894627651684752,0.23800557041109638,50.13281858665279,0.0,trust,1.6868739505499237,fail,1.9165039341255878,fail,0.038032542715887775,pass,0.6868739505499236,fail,0.010586520921647588,0.10412758539692084,1.5156160987679672,False,below,ab_fallback,ab_test,False
practitioner,19,noised_b-2,noised-b-2-1011,1011,dros,0.3969483048074589,0.383389845793965,0.41035645143852556,15.125239756333208,0.5894627651684752,0.23800557041109638,50.13281858665279,0.0,trust,1.6868739505499237,fail,1.9165039341255878,fail,0.038032542715887775,pass,0.6868739505499236,fail,0.010586520921647588,0.10412758539692084,1.5156160987679672,False,below,ab_fallback,ab_test,False
practitioner,19,noised_b2,noised-b2-1011,1011,ips,1.0288737642297405,0.9799886710618915,1.083823385776283,,0.5894627651684752,0.3498642642801737,50.46304029875458,0.0,trust,1.6531768091191539,fail,1.9165039341255878,fail,0.006222237361066054,pass,0.6531768091191539,fail,0.02117737704379804,0.03839788060084285,1.0719012367301979,False,above,ab_fallback,ab_test,True
practitioner,19,noised_b2,noised-b2-1011,1011,snips,0.6223616001351636,0.5993857232257815,0.6463851967220604,,0.5894627651684752,0.3498642642801737,50.46304029875458,0.0,trust,1.6531768091191539,fail,1.9165039341255878,fail,0.006222237361066054,pass,0.6531768091191539,fail,0.02117737704379804,0.03839788060084285,1.0719012367301979,False,above,ab_fallback,ab_test,True
practitioner,19,noised_b2,noised-b2-1011,1011,clipped_ips,0.8319386396314338,0.8028637690299332,0.8592302621795613,3.663187271002403,0.5894627651684752,0.3498642642801737,50.46304029875458,0.0,trust,1.6531768091191539,fail,1.9165039341255878,fail,0.006222237361066054,pass,0.6531768091191539,fail,0.02117737704379804,0.03839788060084285,1.0719012367301979,False,above,ab_fallback,ab_test,True
practitioner,19,noised_b2,noised-b2-1011,1011,dm,0.6410781313105539,0.6377343726545016,0.6444379272322506,,0.5894627651684752,0.3498642642801737,50.46304029875458,0.0,trust,1.6531768091191539,fail,1.9165039341255878,fail,0.006222237361066054,pass,0.6531768091191539,fail,0.02117737704379804,0.03839788060084285,1.0719012367301979,False,above,ab_fallback,ab_test,True
practitioner,19,noised_b2,noised-b2-1011,1011,dr,0.6199007542667558,0.5847130963147508,0.6555397889041014,,0.5894627651684752,0.3498642642801737,50.46304029875458,0.0,trust,1.6531768091191539,fail,1.9165039341255878,fail,0.006222237361066054,pass,0.6531768091191539,fail,0.02117737704379804,0.03839788060084285,1.0719012367301979,False,above,ab_fallback,ab_test,True
practitioner,19,noised_b2,noised-b2-1011,1011,switch_dr,0.6417494734640101,0.6215332555575964,0.6613681459581979,5.334854703547935,0.5894627651684752,0.3498642642801737,50.46304029875458,0.0,trust,1.6531768091191539,fail,1.9165039341255878,fail,0.006222237361066054,pass,0.6531768091191539,fail,0.02117737704379804,0.03839788060084285,1.0719012367301979,False,above,ab_fallback,ab_test,True
practitioner,19,noised_b2,noised-b2-1011,1011,dros,0.6398743490412944,0.6259644241618703,0.652969556343222,13.418940982434032,0.5894627651684752,0.3498642642801737,50.46304029875458,0.0,trust,1.6531768091191539,fail,1.9165039341255878,fail,0.006222237361066054,pass,0.6531768091191539,fail,0.02117737704379804,0.03839788060084285,1.0719012367301979,False,above,ab_fallback,ab_test,True
practitioner,19,noised_b8,noised-b8-1011,1011,ips,1.2921930803253148,1.1923268578307278,1.4035855201997547,,0.5894627651684752,0.1391257638686158,164.23059892816087,0.0,distrust,1.6173952471340323,fail,1.9165039341255878,fail,0.013567847363242277,pass,0.6173952471340324,fail,0.04209343311579601,0.0501169948178459,1.6022555722759235,False,above,ab_fallback,ab_test,False
practitioner,19,noised_b8,noised-b8-1011,1011,snips,0.7989346343233267,0.7679207080956453,0.8335219098401087,,0.5894627651684752,0.1391257638686158,164.23059892816087,0.0,distrust,1.6173952471340323,fail,1.9165039341255878,fail,0.013567847363242277,pass,0.6173952471340324,fail,0.04209343311579601,0.0501169948178459,1.6022555722759235,False,above,ab_fallback,ab_test,False
practitioner,19,noised_b8,noised-b8-1011,1011,clipped_ips,0.8273845467311146,0.7924775373732369,0.8571708417867164,4.123972206505216,0.5894627651684752,0.1391257638686158,164.23059892816087,0.0,distrust,1.6173952471340323,fail,1.9165039341255878,fail,0.013567847363242277,pass,0.6173952471340324,fail,0.04209343311579601,0.0501169948178459,1.6022555722759235,False,above,ab_fallback,ab_test,False
practitioner,19,noised_b8,noised-b8-1011,1011,dm,0.8221989432328737,0.8174233674474625,0.8265569843225944,,0.5894627651684752,0.1391257638686158,164.23059892816087,0.0,distrust,1.6173952471340323,fail,1.9165039341255878,fail,0.013567847363242277,pass,0.6173952471340324,fail,0.04209343311579601,0.0501169948178459,1.6022555722759235,False,above,ab_fallback,ab_test,False
practitioner,19,noised_b8,noised-b8-1011,1011,dr,0.7801055101170776,0.7309237843691342,0.8289286633859995,,0.5894627651684752,0.1391257638686158,164.23059892816087,0.0,distrust,1.6173952471340323,fail,1.9165039341255878,fail,0.013567847363242277,pass,0.6173952471340324,fail,0.04209343311579601,0.0501169948178459,1.6022555722759235,False,above,ab_fallback,ab_test,False
practitioner,19,noised_b8,noised-b8-1011,1011,switch_dr,0.8310980704660706,0.8092728787446472,0.8488094868656638,6.898139164350951,0.5894627651684752,0.1391257638686158,164.23059892816087,0.0,distrust,1.6173952471340323,fail,1.9165039341255878,fail,0.013567847363242277,pass,0.6173952471340324,fail,0.04209343311579601,0.0501169948178459,1.6022555722759235,False,above,ab_fallback,ab_test,False
practitioner,19,noised_b8,noised-b8-1011,1011,dros,0.8254148198512384,0.8125474071350827,0.8377820127754932,17.0071467600275,0.5894627651684752,0.1391257638686158,164.23059892816087,0.0,distrust,1.6173952471340323,fail,1.9165039341255878,fail,0.013567847363242277,pass,0.6173952471340324,fail,0.04209343311579601,0.0501169948178459,1.6022555722759235,False,above,ab_fallback,ab_test,False
practitioner,19,noised_b-2,noised-b-2-1012,1012,ips,0.6677157999174165,0.6124773925034316,0.7223124369936516,,0.6048515446501727,0.18662011033291626,114.70351208698445,0.0,distrust,1.603871839461454,fail,1.9020605131993245,fail,-0.0634955077042817,fail,0.603871839461454,fail,0.011387183406654228,0.07298525046194994,1.5097469129460932,False,below,ab_fallback,ab_test,False
practitioner,19,noised_b-2,noised-b-2-1012,1012,snips,0.4163149345783272,0.38677877271969796,0.4458664532373281,,0.6048515446501727,0.18662011033291626,114.70351208698445,0.0,distrust,1.603871839461454,fail,1.9020605131993245,fail,-0.0634955077042817,fail,0.603871839461454,fail,0.011387183406654228,0.07298525046194994,1.5097469129460932,False,below,ab_fallback,ab_test,False
practitioner,19,noised_b-2,noised-b-2-1012,1012,clipped_ips,0.5419260156068364,0.518506857421141,0.5655203395875286,3.579310939131482,0.6048515446501727,0.18662011033291626,114.70351208698445,0.0,distrust,1.603871839461454,fail,1.9020605131993245,fail,-0.0634955077042817,fail,0.603871839461454,fail,0.011387183406654228,0.07298525046194994,1.5097469129460932,False,below,ab_fallback,ab_test,False
practitioner,19,noised_b-2,noised-b-2-1012,1012,dm,0.3998081447748912,0.39612347484736543,0.40343869306975344,,0.6048515446501727,0.18662011033291626,114.70351208698445,0.0,distrust,1.603871839461454,fail,1.9020605131993245,fail,-0.0634955077042817,fail,0.603871839461454,fail,0.011387183406654228,0.07298525046194994,1.5097469129460932,False,below,ab_fallback,ab_test,False
practitioner,19,noised_b-2,noised-b-2-1012,1012,dr,0.4111953281815454,0.364797566894725,0.464524401352862,,0.6048515446501727,0.18662011033291626,114.70351208698445,0.0,distrust,1.603871839461454,fail,1.9020605131993245,fail,-0.0634955077042817,fail,0.603871839461454,fail,0.011387183406654228,0.07298525046194994,1.5097469129460932,False,below,ab_fallback,ab_test,False
practitioner,19,noised_b-2,noised-b-2-1012,1012,switch_dr,0.3873983323301812,0.3690655179249078,0.4055489141133048,5.772411351591566,0.6048515446501727,0.18662011033291626,114.70351208698445,0.0,distrust,1.603871839461454,fail,1.9020605131993245,fail,-0.0634955077042817,fail,0.603871839461454,fail,0.011387183406654228,0.07298525046194994,1.5097469129460932,False,below,ab_fallback,ab_test,False
practitioner,19,noised_b-2,noised-b-2-1012,1012,dros,0.39432133015309584,0.3818845691329542,0.40676252278152203,12.811466798986292,0.6048515446501727,0.18662011033291626,114.70351208698445,0.0,distrust,1.603871839461454,fail,1.9020605131993245,fail,-0.0634955077042817,fail,0.603871839461454,fail,0.011387183406654228,0.07298525046194994,1.5097469129460932,False,below,ab_fallback,ab_test,False
practitioner,19,noised_b2,noised-b2-1012,1012,ips,1.1042650032686738,1.0549593228079528,1.1610284548916647,,0.6048515446501727,0.32689478714865616,74.03748441844716,0.0,trust,1.6909494683490935,fail,1.9020605131993245,fail,-0.031783362169745435,pass,0.6909494683490938,fail,0.02059933500362982,0.02838129557533175,1.1133748559857615,False,above,ab_fallback,ab_test,True
practitioner,19,noised_b2,noised-b2-1012,1012,snips,0.6530443540378464,0.6340497831677724,0.6732415838527936,,0.6048515446501727,0.32689478714865616,74.03748441844716,0.0,trust,1.6909494683490935,fail,1.9020605131993245,fail,-0.031783362169745435,pass,0.6909494683490938,fail,0.02059933500362982,0.02838129557533175,1.1133748559857615,False,above,ab_fallback,ab_test,True
practitioner,19,noised_b2,noised-b2-1012,1012,clipped_ips,0.894602795532925,0.8660951371093956,0.9229630528376435,3.8078303197097947,0.6048515446501727,0.32689478714865616,74.03748441844716,0.0,trust,1.6909494683490935,fail,1.9020605131993245,fail,-0.031783362169745435,pass,0.6909494683490938,fail,0.02059933500362982,0.02838129557533175,1.1133748559857615,False,above,ab_fallback,ab_test,True
practitioner,19,noised_b2,noised-b2-1012,1012,dm,0.6602450329251245,0.6567272044994282,0.663561184932893,,0.6048515446501727,0.32689478714865616,74.03748441844716,0.0,trust,1.6909494683490935,fail,1.9020605131993245,fail,-0.031783362169745435,pass,0.6909494683490938,fail,0.02059933500362982,0.02838129557533175,1.1133748559857615,False,above,ab_fallback,ab_test,True
practitioner,19,noised_b2,noised-b2-1012,1012,dr,0.6396456979214946,0.605534138752855,0.6753407487208831,,0.6048515446501727,0.32689478714865616,74.03748441844716,0.0,trust,1.6909494683490935,fail,1.9020605131993245,fail,-0.031783362169745435,pass,0.6909494683490938,fail,0.02059933500362982,0.02838129557533175,1.1133748559857615,False,above,ab_fallback,ab_test,True
practitioner,19,noised_b2,noised-b2-1012,1012,switch_dr,0.6619444539553992,0.6412170759890783,0.6836982575154718,5.576121897524763,0.6048515446501727,0.32689478714865616,74.03748441844716,0.0,trust,1.6909494683490935,fail,1.9020605131993245,fail,-0.031783362169745435,pass,0.6909494683490938,fail,0.02059933500362982,0.02838129557533175,1.1133748559857615,False,above,ab_fallback,ab_test,True
practitioner,19,noised_b2,noised-b2-1012,1012,dros,0.6600260840289924,0.6465100214006668,0.67433856528964,14.499571743701198,0.6048515446501727,0.32689478714865616,74.03748441844716,0.0,trust,1.6909494683490935,fail,1.9020605131993245,fail,-0.031783362169745435,pass,0.6909494683490938,fail,0.02059933500362982,0.02838129557533175,1.1133748559857615,False,above,ab_fallback,ab_test,True
practitioner,19,noised_b8,noised-b8-1012,1012,ips,1.4027068044030386,1.3199969317637787,1.4909137732829332,,0.6048515446501727,0.14881409845178514,96.83360718918716,0.0,trust,1.6951860093928146,fail,1.9020605131993245,fail,-0.016429872555406396,pass,0.6951860093928145,fail,0.044891436681381944,0.08586114865981691,1.684179436066912,False,above,ab_fallback,ab_test,False
practitioner,19,noised_b8,noised-b8-1012,1012,snips,0.827464830780112,0.7962365571383688,0.8565672197507668,,0.6048515446501727,0.14881409845178514,96.83360718918716,0.0,trust,1.6951860093928146,fail,1.9020605131993245,fail,-0.016429872555406396,pass,0.6951860093928145,fail,0.044891436681381944,0.08586114865981691,1.684179436066912,False,above,ab_fallback,ab_test,False
practitioner,19,noised_b8,noised-b8-1012,1012,clipped_ips,0.8695570325386317,0.8376193049785962,0.9062938595632501,4.214523128885054,0.6048515446501727,0.14881409845178514,96.83360718918716,0.0,trust,1.6951860093928146,fail,1.9020605131993245,fail,-0.016429872555406396,pass,0.6951860093928145,fail,0.044891436681381944,0.08586114865981691,1.684179436066912,False,above,ab_fallback,ab_test,False
practitioner,19,noised_b8,noised-b8-1012,1012,dm,0.8458000084581662,0.8406784562591805,0.8502284564892829,,0.6048515446501727,0.14881409845178514,96.83360718918716,0.0,trust,1.6951860093928146,fail,1.9020605131993245,fail,-0.016429872555406396,pass,0.6951860093928145,fail,0.044891436681381944,0.08586114865981691,1.684179436066912,False,above,ab_fallback,ab_test,False
practitioner,19,noised_b8,noised-b8-1012,1012,dr,0.8009085717767842,0.7451480324832921,0.8569476932814014,,0.6048515446501727,0.14881409845178514,96.83360718918716,0.0,trust,1.6951860093928146,fail,1.9020605131993245,fail,-0.016429872555406396,pass,0.6951860093928145,fail,0.044891436681381944,0.08586114865981691,1.684179436066912,False,above,ab_fallback,ab_test,False
practitioner,19,noised_b8,noised-b8-1012,1012,switch_dr,0.862976566570206,0.842429093854337,0.8842404077390531,7.661202200736947,0.6048515446501727,0.14881409845178514,96.83360718918716,0.0,trust,1.6951860093928146,fail,1.9020605131993245,fail,-0.016429872555406396,pass,0.6951860093928145,fail,0.044891436681381944,0.08586114865981691,1.684179436066912,False,above,ab_fallback,ab_test,False
practitioner,19,noised_b8,noised-b8-1012,1012,dros,0.8596454434689353,0.8470478216662779,0.8721061834301982,17.76220520390707,0.6048515446501727,0.14881409845178514,96.83360718918716,0.0,trust,1.6951860093928146,fail,1.9020605131993245,fail,-0.016429872555406396,pass,0.6951860093928145,fail,0.044891436681381944,0.08586114865981691,1.684179436066912,False,above,ab_fallback,ab_test,False
practitioner,19,noised_b-2,noised-b-2-1013,1013,ips,0.628982581268133,0.5821061311627617,0.6751780790403414,,0.5921397894984285,0.240315990225358,61.59672654761918,0.0,trust,1.6294638948974143,fail,1.8108427701799001,fail,0.021977423194299316,pass,0.6294638948974141,fail,0.020189358901833244,0.050154062799263134,1.5589976040101128,False,below,ab_fallback,ab_test,False
practitioner,19,noised_b-2,noised-b-2-1013,1013,snips,0.38600584108537844,0.35728636682200365,0.4129948712044788,,0.5921397894984285,0.240315990225358,61.59672654761918,0.0,trust,1.6294638948974143,fail,1.8108427701799001,fail,0.021977423194299316,pass,0.6294638948974141,fail,0.020189358901833244,0.050154062799263134,1.5589976040101128,False,below,ab_fallback,ab_test,False
practitioner,19,noised_b-2,noised-b-2-1013,1013,clipped_ips,0.5345991422150063,0.5125199256506464,0.5598211716653776,3.8189420061806953,0.5921397894984285,0.240315990225358,61.59672654761918,0.0,trust,1.6294638948974143,fail,1.8108427701799001,fail,0.021977423194299316,pass,0.6294638948974141,fail,0.020189358901833244,0.050154062799263134,1.5589976040101128,False,below,ab_fallback,ab_test,False
practitioner,19,noised_b-2,noised-b-2-1013,1013,dm,0.39079884309869795,0.386938513884798,0.39477066519026716,,0.5921397894984285,0.240315990225358,61.59672654761918,0.0,trust,1.6294638948974143,fail,1.8108427701799001,fail,0.021977423194299316,pass,0.6294638948974141,fail,0.020189358901833244,0.050154062799263134,1.5589976040101128,False,below,ab_fallback,ab_test,False
practitioner,19,noised_b-2,noised-b-2-1013,1013,dr,0.3706094841968647,0.33152895235376756,0.4077877486979424,,0.5921397894984285,0.240315990225358,61.59672654761918,0.0,trust,1.6294638948974143,fail,1.8108427701799001,fail,0.021977423194299316,pass,0.6294638948974141,fail,0.020189358901833244,0.050154062799263134,1.5589976040101128,False,below,ab_fallback,ab_test,False
practitioner,19,noised_b-2,noised-b-2-1013,1013,switch_dr,0.38173166458458674,0.36314285122877804,0.40448450513552353,6.030551305423911,0.5921397894984285,0.240315990225358,61.59672654761918,0.0,trust,1.6294638948974143,fail,1.8108427701799001,fail,0.021977423194299316,pass,0.6294638948974141,fail,0.020189358901833244,0.050154062799263134,1.5589976040101128,False,below,ab_fallback,ab_test,False
practitioner,19,noised_b-2,noised-b-2-1013,1013,dros,0.38472759944244816,0.37342691241630244,0.39875865658896015,14.584318046571434,0.5921397894984285,0.240315990225358,61.59672654761918,0.0,trust,1.6294638948974143,fail,1.8108427701799001,fail,0.021977423194299316,pass,0.6294638948974141,fail,0.020189358901833244,0.050154062799263134,1.5589976040101128,False,below,ab_fallback,ab_test,False
practitioner,19,noised_b2,noised-b2-1013,1013,ips,1.0618392839118223,1.014493384571078,1.116925358458039,,0.5921397894984285,0.34136279598625513,54.581529454207214,0.0,trust,1.627086124106082,fail,1.8108427701799001,fail,-0.010960733217167546,pass,0.6270861241060823,fail,0.01454906161875443,0.07885289470289117,1.145221731856988,False,above,ab_fallback,ab_test,True
practitioner,19,noised_b2,noised-b2-1013,1013,snips,0.6526017696175699,0.6331961663861895,0.6751227885341616,,0.5921397894984285,0.34136279598625513,54.581529454207214,0.0,trust,1.627086124106082,fail,1.8108427701799001,fail,-0.010960733217167546,pass,0.6270861241060823,fail,0.01454906161875443,0.07885289470289117,1.145221731856988,False,above,ab_fallback,ab_test,True
practitioner,19,noised_b2,noised-b2-1013,1013,clipped_ips,0.8429187424885626,0.8191168059399413,0.8738893285305277,3.6313161812498493,0.5921397894984285,0.34136279598625513,54.581529454207214,0.0,trust,1.627086124106082,fail,1.8108427701799001,fail,-0.010960733217167546,pass,0.6270861241060823,fail,0.01454906161875443,0.07885289470289117,1.145221731856988,False,above,ab_fallback,ab_test,True
practitioner,19,noised_b2,noised-b2-1013,1013,dm,0.6651420989271734,0.6614061245555873,0.6686138169116386,,0.5921397894984285,0.34136279598625513,54.581529454207214,0.0,trust,1.627086124106082,fail,1.8108427701799001,fail,-0.010960733217167546,pass,0.6270861241060823,fail,0.01454906161875443,0.07885289470289117,1.145221731856988,False,above,ab_fallback,ab_test,True
practitioner,19,noised_b2,noised-b2-1013,1013,dr,0.6505930373084189,0.6207280402095279,0.6827956175581312,,0.5921397894984285,0.34136279598625513,54.581529454207214,0.0,trust,1.627086124106082,fail,1.8108427701799001,fail,-0.010960733217167546,pass,0.6270861241060823,fail,0.01454906161875443,0.07885289470289117,1.145221731856988,False,above,ab_fallback,ab_test,True
practitioner,19,noised_b2,noised-b2-1013,1013,switch_dr,0.6453740524877903,0.6282746021290327,0.6651506277964206,5.110323379485238,0.5921397894984285,0.34136279598625513,54.581529454207214,0.0,trust,1.627086124106082,fail,1.8108427701799001,fail,-0.010960733217167546,pass,0.6270861241060823,fail,0.01454906161875443,0.07885289470289117,1.145221731856988,False,above,ab_fallback,ab_test,True
practitioner,19,noised_b2,noised-b2-1013,1013,dros,0.657603459446991,0.6464892212036372,0.6713953166835774,13.186457208206988,0.5921397894984285,0.34136279598625513,54.581529454207214,0.0,trust,1.627086124106082,fail,1.8108427701799001,fail,-0.010960733217167546,pass,0.6270861241060823,fail,0.01454906161875443,0.07885289470289117,1.145221731856988,False,above,ab_fallback,ab_test,True
practitioner,19,noised_b8,noised-b8-1013,1013,ips,1.3259611513836511,1.2343440224520297,1.4310457464752355,,0.5921397894984285,0.12811560775006892,161.38827235375973,0.0,distrust,1.6107684424438726,fail,1.8108427701799001,fail,-0.04221117289529765,pass,0.6184847640271608,fail,0.03747072775162427,0.07634632516962007,1.7684656680682522,False,above,ab_fallback,ab_test,False
practitioner,19,noised_b8,noised-b8-1013,1013,snips,0.8231854538768407,0.7964080933418795,0.85555643896566,,0.5921397894984285,0.12811560775006892,161.38827235375973,0.0,distrust,1.6107684424438726,fail,1.8108427701799001,fail,-0.04221117289529765,pass,0.6184847640271608,fail,0.03747072775162427,0.07634632516962007,1.7684656680682522,False,above,ab_fallback,ab_test,False
practitioner,19,noised_b8,noised-b8-1013,1013,clipped_ips,0.816833490192042,0.7860833061500028,0.8525191251145712,4.194313502186094,0.5921397894984285,0.12811560775006892,161.38827235375973,0.0,distrust,1.6107684424438726,fail,1.8108427701799001,fail,-0.04221117289529765,pass,0.6184847640271608,fail,0.03747072775162427,0.07634632516962007,1.7684656680682522,False,above,ab_fallback,ab_test,False
practitioner,19,noised_b8,noised-b8-1013,1013,dm,0.8498471386181108,0.8452541590600307,0.8541691521574138,,0.5921397894984285,0.12811560775006892,161.38827235375973,0.0,distrust,1.6107684424438726,fail,1.8108427701799001,fail,-0.04221117289529765,pass,0.6184847640271608,fail,0.03747072775162427,0.07634632516962007,1.7684656680682522,False,above,ab_fallback,ab_test,False
practitioner,19,noised_b8,noised-b8-1013,1013,dr,0.8123764108664865,0.7619534939264974,0.8688254000027789,,0.5921397894984285,0.12811560775006892,161.38827235375973,0.0,distrust,1.6107684424438726,fail,1.8108427701799001,fail,-0.04221117289529765,pass,0.6184847640271608,fail,0.03747072775162427,0.07634632516962007,1.7684656680682522,False,above,ab_fallback,ab_test,False
practitioner,19,noised_b8,noised-b8-1013,1013,switch_dr,0.8535080050686021,0.8363176670875105,0.8714804401355557,6.99907023123397,0.5921397894984285,0.12811560775006892,161.38827235375973,0.0,distrust,1.6107684424438726,fail,1.8108427701799001,fail,-0.04221117289529765,pass,0.6184847640271608,fail,0.03747072775162427,0.07634632516962007,1.7684656680682522,False,above,ab_fallback,ab_test,False
practitioner,19,noised_b8,noised-b8-1013,1013,dros,0.8527397974275653,0.8418559656898144,0.864853482937661,17.592265754620577,0.5921397894984285,0.12811560775006892,161.38827235375973,0.0,distrust,1.6107684424438726,fail,1.8108427701799001,fail,-0.04221117289529765,pass,0.6184847640271608,fail,0.03747072775162427,0.07634632516962007,1.7684656680682522,False,above,ab_fallback,ab_test,False
practitioner,19,noised_b-2,noised-b-2-1014,1014,ips,0.6514623679469005,0.6010679511317812,0.7021952492965853,,0.592302127498907,0.18927093344476817,93.66220826826542,0.0,trust,1.7164764049362238,fail,1.855322444452812,fail,0.016541756115596894,pass,0.7164764049362238,fail,0.014798333632013001,0.07226253222817354,1.5868850725353962,False,below,ab_fallback,ab_test,False
practitioner,19,noised_b-2,noised-b-2-1014,1014,snips,0.3795347061418568,0.3537017153988032,0.4043109851901922,,0.592302127498907,0.18927093344476817,93.66220826826542,0.0,trust,1.7164764049362238,fail,1.855322444452812,fail,0.016541756115596894,pass,0.7164764049362238,fail,0.014798333632013001,0.07226253222817354,1.5868850725353962,False,below,ab_fallback,ab_test,False
practitioner,19,noised_b-2,noised-b-2-1014,1014,clipped_ips,0.54495654710649,0.5188865455026324,0.5710942054058972,3.948430321346662,0.592302127498907,0.18927093344476817,93.66220826826542,0.0,trust,1.7164764049362238,fail,1.855322444452812,fail,0.016541756115596894,pass,0.7164764049362238,fail,0.014798333632013001,0.07226253222817354,1.5868850725353962,False,below,ab_fallback,ab_test,False
practitioner,19,noised_b-2,noised-b-2-1014,1014,dm,0.38945461402294834,0.3857207905744198,0.3935856483833418,,0.592302127498907,0.18927093344476817,93.66220826826542,0.0,trust,1.7164764049362238,fail,1.855322444452812,fail,0.016541756115596894,pass,0.7164764049362238,fail,0.014798333632013001,0.07226253222817354,1.5868850725353962,False,below,ab_fallback,ab_test,False
practitioner,19,noised_b-2,noised-b-2-1014,1014,dr,0.37465628039093535,0.32854743699171174,0.41708117124803873,,0.592302127498907,0.18927093344476817,93.66220826826542,0.0,trust,1.7164764049362238,fail,1.855322444452812,fail,0.016541756115596894,pass,0.7164764049362238,fail,0.014798333632013001,0.07226253222817354,1.5868850725353962,False,below,ab_fallback,ab_test,False
practitioner,19,noised_b-2,noised-b-2-1014,1014,switch_dr,0.38544092204525243,0.36568937515143585,0.4075122819849717,6.232031369995774,0.592302127498907,0.18927093344476817,93.66220826826542,0.0,trust,1.7164764049362238,fail,1.855322444452812,fail,0.016541756115596894,pass,0.7164764049362238,fail,0.014798333632013001,0.07226253222817354,1.5868850725353962,False,below,ab_fallback,ab_test,False
practitioner,19,noised_b-2,noised-b-2-1014,1014,dros,0.3836695871005179,0.37036847553384394,0.3974898307344834,15.590102002529703,0.592302127498907,0.18927093344476817,93.66220826826542,0.0,trust,1.7164764049362238,fail,1.855322444452812,fail,0.016541756115596894,pass,0.7164764049362238,fail,0.014798333632013001,0.07226253222817354,1.5868850725353962,False,below,ab_fallback,ab_test,False
practitioner,19,noised_b2,noised-b2-1014,1014,ips,1.0644998264069319,1.0166900056673946,1.1114792409402605,,0.592302127498907,0.3436893880093994,61.26515488243172,0.0,trust,1.6732175805572458,fail,1.855322444452812,fail,-0.007201633033598613,pass,0.6732175805572457,fail,0.02325790543751106,0.022417676546366668,1.0984174152100314,False,above,ab_fallback,ab_test,True
practitioner,19,noised_b2,noised-b2-1014,1014,snips,0.6361992838088711,0.6114973722278533,0.6600096972882116,,0.592302127498907,0.3436893880093994,61.26515488243172,0.0,trust,1.6732175805572458,fail,1.855322444452812,fail,-0.007201633033598613,pass,0.6732175805572457,fail,0.02325790543751106,0.022417676546366668,1.0984174152100314,False,above,ab_fallback,ab_test,True
practitioner,19,noised_b2,noised-b2-1014,1014,clipped_ips,0.8647366860704085,0.833960795078899,0.8950585163261016,3.6709782943473543,0.592302127498907,0.3436893880093994,61.26515488243172,0.0,trust,1.6732175805572458,fail,1.855322444452812,fail,-0.007201633033598613,pass,0.6732175805572457,fail,0.02325790543751106,0.022417676546366668,1.0984174152100314,False,above,ab_fallback,ab_test,True
practitioner,19,noised_b2,noised-b2-1014,1014,dm,0.6537037726474714,0.6501066125219431,0.6573456103758613,,0.592302127498907,0.3436893880093994,61.26515488243172,0.0,trust,1.6732175805572458,fail,1.855322444452812,fail,-0.007201633033598613,pass,0.6732175805572457,fail,0.02325790543751106,0.022417676546366668,1.0984174152100314,False,above,ab_fallback,ab_test,True
practitioner,19,noised_b2,noised-b2-1014,1014,dr,0.6304458672099603,0.593416255002808,0.6683398266808777,,0.592302127498907,0.3436893880093994,61.26515488243172,0.0,trust,1.6732175805572458,fail,1.855322444452812,fail,-0.007201633033598613,pass,0.6732175805572457,fail,0.02325790543751106,0.022417676546366668,1.0984174152100314,False,above,ab_fallback,ab_test,True
practitioner,19,noised_b2,noised-b2-1014,1014,switch_dr,0.6464158831669743,0.6258900328978755,0.6643412970967716,5.305831767359185,0.592302127498907,0.3436893880093994,61.26515488243172,0.0,trust,1.6732175805572458,fail,1.855322444452812,fail,-0.007201633033598613,pass,0.6732175805572457,fail,0.02325790543751106,0.022417676546366668,1.0984174152100314,False,above,ab_fallback,ab_test,True
practitioner,19,noised_b2,noised-b2-1014,1014,dros,0.6492756303936964,0.6356626152341962,0.662289867084764,13.476081637569411,0.592302127498907,0.3436893880093994,61.26515488243172,0.0,trust,1.6732175805572458,fail,1.855322444452812,fail,-0.007201633033598613,pass,0.6732175805572457,fail,0.02325790543751106,0.022417676546366668,1.0984174152100314,False,above,ab_fallback,ab_test,True
practitioner,19,noised_b8,noised-b8-1014,1014,ips,1.3316542817259167,1.243422704936735,1.4123132440023183,,0.592302127498907,0.16013808771303226,61.38135572126047,0.0,trust,1.6221788443072396,fail,1.855322444452812,fail,-0.006364094549509044,pass,0.6221788443072396,fail,0.023281621810937715,0.06816694511595486,1.7107370166375955,False,above,ab_fallback,ab_test,False
practitioner,19,noised_b8,noised-b8-1014,1014,snips,0.8209047272433189,0.790882542373547,0.8485722411481359,,0.592302127498907,0.16013808771303226,61.38135572126047,0.0,trust,1.6221788443072396,fail,1.855322444452812,fail,-0.006364094549509044,pass,0.6221788443072396,fail,0.023281621810937715,0.06816694511595486,1.7107370166375955,False,above,ab_fallback,ab_test,False
practitioner,19,noised_b8,noised-b8-1014,1014,clipped_ips,0.8452361449736817,0.807084693202946,0.8808658711623437,4.180164879526265,0.592302127498907,0.16013808771303226,61.38135572126047,0.0,trust,1.6221788443072396,fail,1.855322444452812,fail,-0.006364094549509044,pass,0.6221788443072396,fail,0.023281621810937715,0.06816694511595486,1.7107370166375955,False,above,ab_fallback,ab_test,False
practitioner,19,noised_b8,noised-b8-1014,1014,dm,0.8402124381968463,0.8351985770216958,0.8454610859478783,,0.592302127498907,0.16013808771303226,61.38135572126047,0.0,trust,1.6221788443072396,fail,1.855322444452812,fail,-0.006364094549509044,pass,0.6221788443072396,fail,0.023281621810937715,0.06816694511595486,1.7107370166375955,False,above,ab_fallback,ab_test,False
practitioner,19,noised_b8,noised-b8-1014,1014,dr,0.8169308163859086,0.7687970490041989,0.8637858683560709,,0.592302127498907,0.16013808771303226,61.38135572126047,0.0,trust,1.6221788443072396,fail,1.855322444452812,fail,-0.006364094549509044,pass,0.6221788443072396,fail,0.023281621810937715,0.06816694511595486,1.7107370166375955,False,above,ab_fallback,ab_test,False
practitioner,19,noised_b8,noised-b8-1014,1014,switch_dr,0.8417267182468225,0.8203529664101554,0.8621543915257946,7.135182477368926,0.592302127498907,0.16013808771303226,61.38135572126047,0.0,trust,1.6221788443072396,fail,1.855322444452812,fail,-0.006364094549509044,pass,0.6221788443072396,fail,0.023281621810937715,0.06816694511595486,1.7107370166375955,False,above,ab_fallback,ab_test,False
practitioner,19,noised_b8,noised-b8-1014,1014,dros,0.843620535715744,0.8305626637364579,0.8550981721796077,17.473778420024832,0.592302127498907,0.16013808771303226,61.38135572126047,0.0,trust,1.6221788443072396,fail,1.855322444452812,fail,-0.006364094549509044,pass,0.6221788443072396,fail,0.023281621810937715,0.06816694511595486,1.7107370166375955,False,above,ab_fallback,ab_test,False
practitioner,19,noised_b-2,noised-b-2-1015,1015,ips,0.6427333521006666,0.5899038855227036,0.6957512961923269,,0.5903827049947573,0.19485969858008273,95.00664682769876,0.0,trust,1.7115950199556194,fail,1.8018341959659125,fail,-0.02284605218789511,pass,0.7115950199556196,fail,0.02167325852917738,0.05067871758870491,1.5733967261383313,False,below,ab_fallback,ab_test,False
practitioner,19,noised_b-2,noised-b-2-1015,1015,snips,0.3755171898766872,0.33948683348763653,0.4113684023739858,,0.5903827049947573,0.19485969858008273,95.00664682769876,0.0,trust,1.7115950199556194,fail,1.8018341959659125,fail,-0.02284605218789511,pass,0.7115950199556196,fail,0.02167325852917738,0.05067871758870491,1.5733967261383313,False,below,ab_fallback,ab_test,False
practitioner,19,noised_b-2,noised-b-2-1015,1015,clipped_ips,0.544033580773528,0.5199451217266984,0.5696478468732349,3.953098380253799,0.5903827049947573,0.19485969858008273,95.00664682769876,0.0,trust,1.7115950199556194,fail,1.8018341959659125,fail,-0.02284605218789511,pass,0.7115950199556196,fail,0.02167325852917738,0.05067871758870491,1.5733967261383313,False,below,ab_fallback,ab_test,False
practitioner,19,noised_b-2,noised-b-2-1015,1015,dm,0.40095218352660633,0.3976024508594934,0.4045561205430605,,0.5903827049947573,0.19485969858008273,95.00664682769876,0.0,trust,1.7115950199556194,fail,1.8018341959659125,fail,-0.02284605218789511,pass,0.7115950199556196,fail,0.02167325852917738,0.05067871758870491,1.5733967261383313,False,below,ab_fallback,ab_test,False
practitioner,19,noised_b-2,noised-b-2-1015,1015,dr,0.37927892499742893,0.327428455467132,0.43018565215546944,,0.5903827049947573,0.19485969858008273,95.00664682769876,0.0,trust,1.7115950199556194,fail,1.8018341959659125,fail,-0.02284605218789511,pass,0.7115950199556196,fail,0.02167325852917738,0.05067871758870491,1.5733967261383313,False,below,ab_fallback,ab_test,False
practitioner,19,noised_b-2,noised-b-2-1015,1015,switch_dr,0.3826186627273154,0.36099081912257874,0.40314586814779,6.364068914989568,0.5903827049947573,0.19485969858008273,95.00664682769876,0.0,trust,1.7115950199556194,fail,1.8018341959659125,fail,-0.02284605218789511,pass,0.7115950199556196,fail,0.02167325852917738,0.05067871758870491,1.5733967261383313,False,below,ab_fallback,ab_test,False
practitioner,19,noised_b-2,noised-b-2-1015,1015,dros,0.3926101544821049,0.3790873810079619,0.4045186136601051,15.626986803965208,0.5903827049947573,0.19485969858008273,95.00664682769876,0.0,trust,1.7115950199556194,fail,1.8018341959659125,fail,-0.02284605218789511,pass,0.7115950199556196,fail,0.02167325852917738,0.05067871758870491,1.5733967261383313,False,below,ab_fallback,ab_test,False
practitioner,19,noised_b2,noised-b2-1015,1015,ips,1.0486919466887967,1.00006727405622,1.100082001277721,,0.5903827049947573,0.3534435147340051,35.79621358470747,0.0,trust,1.6561489448753939,fail,1.8018341959659125,fail,-0.01414530518651484,pass,0.6561489448753937,fail,0.016052652632279497,0.03711112036044826,1.0980162291597053,False,above,ab_fallback,ab_test,True
practitioner,19,noised_b2,noised-b2-1015,1015,snips,0.6332111311206365,0.6097181414590698,0.6555677789919819,,0.5903827049947573,0.3534435147340051,35.79621358470747,0.0,trust,1.6561489448753939,fail,1.8018341959659125,fail,-0.01414530518651484,pass,0.6561489448753937,fail,0.016052652632279497,0.03711112036044826,1.0980162291597053,False,above,ab_fallback,ab_test,True
practitioner,19,noised_b2,noised-b2-1015,1015,clipped_ips,0.8452712866687905,0.816202261014582,0.8734606805746655,3.6429953585686365,0.5903827049947573,0.3534435147340051,35.79621358470747,0.0,trust,1.6561489448753939,fail,1.8018341959659125,fail,-0.01414530518651484,pass,0.6561489448753937,fail,0.016052652632279497,0.03711112036044826,1.0980162291597053,False,above,ab_fallback,ab_test,True
practitioner,19,noised_b2,noised-b2-1015,1015,dm,0.6453691620326583,0.6419694084525536,0.6488150551734533,,0.5903827049947573,0.3534435147340051,35.79621358470747,0.0,trust,1.6561489448753939,fail,1.8018341959659125,fail,-0.01414530518651484,pass,0.6561489448753937,fail,0.016052652632279497,0.03711112036044826,1.0980162291597053,False,above,ab_fallback,ab_test,True
practitioner,19,noised_b2,noised-b2-1015,1015,dr,0.6293165094003788,0.5955978782146787,0.6654292055121419,,0.5903827049947573,0.3534435147340051,35.79621358470747,0.0,trust,1.6561489448753939,fail,1.8018341959659125,fail,-0.01414530518651484,pass,0.6561489448753937,fail,0.016052652632279497,0.03711112036044826,1.0980162291597053,False,above,ab_fallback,ab_test,True
practitioner,19,noised_b2,noised-b2-1015,1015,switch_dr,0.6378141406286649,0.6192917570739062,0.655699167350142,5.14278733481566,0.5903827049947573,0.3534435147340051,35.79621358470747,0.0,trust,1.6561489448753939,fail,1.8018341959659125,fail,-0.01414530518651484,pass,0.6561489448753937,fail,0.016052652632279497,0.03711112036044826,1.0980162291597053,False,above,ab_fallback,ab_test,True
practitioner,19,noised_b2,noised-b2-1015,1015,dros,0.6411311693775957,0.6283008256730552,0.6541560733100538,13.271415182552628,0.5903827049947573,0.3534435147340051,35.79621358470747,0.0,trust,1.6561489448753939,fail,1.8018341959659125,fail,-0.01414530518651484,pass,0.6561489448753937,fail,0.016052652632279497,0.03711112036044826,1.0980162291597053,False,above,ab_fallback,ab_test,True
practitioner,19,noised_b8,noised-b8-1015,1015,ips,1.3242649871519852,1.2353574954064028,1.4227506157033631,,0.5903827049947573,0.1499179338978917,85.32494008118742,0.0,trust,1.6454082639409757,fail,1.8018341959659125,fail,-0.04942753444726897,pass,0.645408263940976,fail,0.03899882182465921,0.04533697054647061,1.656988931577888,False,above,ab_fallback,ab_test,False
practitioner,19,noised_b8,noised-b8-1015,1015,snips,0.8048245631027712,0.7715959983952092,0.8360660391327872,,0.5903827049947573,0.1499179338978917,85.32494008118742,0.0,trust,1.6454082639409757,fail,1.8018341959659125,fail,-0.04942753444726897,pass,0.645408263940976,fail,0.03899882182465921,0.04533697054647061,1.656988931577888,False,above,ab_fallback,ab_test,False
practitioner,19,noised_b8,noised-b8-1015,1015,clipped_ips,0.8399240592055535,0.8093580639539745,0.8738283654814867,4.169993664158059,0.5903827049947573,0.1499179338978917,85.32494008118742,0.0,trust,1.6454082639409757,fail,1.8018341959659125,fail,-0.04942753444726897,pass,0.645408263940976,fail,0.03899882182465921,0.04533697054647061,1.656988931577888,False,above,ab_fallback,ab_test,False
practitioner,19,noised_b8,noised-b8-1015,1015,dm,0.82458567635804,0.8200577215939371,0.8295016091195673,,0.5903827049947573,0.1499179338978917,85.32494008118742,0.0,trust,1.6454082639409757,fail,1.8018341959659125,fail,-0.04942753444726897,pass,0.645408263940976,fail,0.03899882182465921,0.04533697054647061,1.656988931577888,False,above,ab_fallback,ab_test,False
practitioner,19,noised_b8,noised-b8-1015,1015,dr,0.7855868545333808,0.7312852778565699,0.8462762458557501,,0.5903827049947573,0.1499179338978917,85.32494008118742,0.0,trust,1.6454082639409757,fail,1.8018341959659125,fail,-0.04942753444726897,pass,0.645408263940976,fail,0.03899882182465921,0.04533697054647061,1.656988931577888,False,above,ab_fallback,ab_test,False
practitioner,19,noised_b8,noised-b8-1015,1015,switch_dr,0.836477579306714,0.8171544149472746,0.8554046906543655,7.0762942804846745,0.5903827049947573,0.1499179338978917,85.32494008118742,0.0,trust,1.6454082639409757,fail,1.8018341959659125,fail,-0.04942753444726897,pass,0.645408263940976,fail,0.03899882182465921,0.04533697054647061,1.656988931577888,False,above,ab_fallback,ab_test,False
practitioner,19,noised_b8,noised-b8-1015,1015,dros,0.8309084193029002,0.8194640350717628,0.8436219914073922,17.388847159118356,0.5903827049947573,0.1499179338978917,85.32494008118742,0.0,trust,1.6454082639409757,fail,1.8018341959659125,fail,-0.04942753444726897,pass,0.645408263940976,fail,0.03899882182465921,0.04533697054647061,1.656988931577888,False,above,ab_fallback,ab_test,False
practitioner,19,noised_b-2,noised-b-2-1016,1016,ips,0.6448238625497962,0.5994215604547564,0.6905304220432948,,0.6038085844354685,0.22918466389177083,59.63173788683086,0.0,trust,1.6504537939940565,fail,1.7831434714221788,fail,-0.04758506439026551,pass,0.6504537939940563,fail,0.023755362844862463,0.031489372778010595,1.5806516511551818,False,below,ab_fallback,ab_test,False
practitioner,19,noised_b-2,noised-b-2-1016,1016,snips,0.3906948894275548,0.3650890775341115,0.421603366047663,,0.6038085844354685,0.22918466389177083,59.63173788683086,0.0,trust,1.6504537939940565,fail,1.7831434714221788,fail,-0.04758506439026551,pass,0.6504537939940563,fail,0.023755362844862463,0.031489372778010595,1.5806516511551818,False,below,ab_fallback,ab_test,False
practitioner,19,noised_b-2,noised-b-2-1016,1016,clipped_ips,0.5541547941281368,0.5300285278056529,0.5821814526939522,3.798196911668304,0.6038085844354685,0.22918466389177083,59.63173788683086,0.0,trust,1.6504537939940565,fail,1.7831434714221788,fail,-0.04758506439026551,pass,0.6504537939940563,fail,0.023755362844862463,0.031489372778010595,1.5806516511551818,False,below,ab_fallback,ab_test,False
practitioner,19,noised_b-2,noised-b-2-1016,1016,dm,0.4072889399334792,0.40351121126384193,0.4108295273066324,,0.6038085844354685,0.22918466389177083,59.63173788683086,0.0,trust,1.6504537939940565,fail,1.7831434714221788,fail,-0.04758506439026551,pass,0.6504537939940563,fail,0.023755362844862463,0.031489372778010595,1.5806516511551818,False,below,ab_fallback,ab_test,False
practitioner,19,noised_b-2,noised-b-2-1016,1016,dr,0.38353357708861674,0.3437840636605022,0.4280526303789994,,0.6038085844354685,0.22918466389177083,59.63173788683086,0.0,trust,1.6504537939940565,fail,1.7831434714221788,fail,-0.04758506439026551,pass,0.6504537939940563,fail,0.023755362844862463,0.031489372778010595,1.5806516511551818,False,below,ab_fallback,ab_test,False
practitioner,19,noised_b-2,noised-b-2-1016,1016,switch_dr,0.4018970638611659,0.38275708885718496,0.4242160247258701,5.9086337245760685,0.6038085844354685,0.22918466389177083,59.63173788683086,0.0,trust,1.6504537939940565,fail,1.7831434714221788,fail,-0.04758506439026551,pass,0.6504537939940563,fail,0.023755362844862463,0.031489372778010595,1.5806516511551818,False,below,ab_fallback,ab_test,False
practitioner,19,noised_b-2,noised-b-2-1016,1016,dros,0.403479824914096,0.3919995944114972,0.4169227331269712,14.42629977980664,0.6038085844354685,0.22918466389177083,59.63173788683086,0.0,trust,1.6504537939940565,fail,1.7831434714221788,fail,-0.04758506439026551,pass,0.6504537939940563,fail,0.023755362844862463,0.031489372778010595,1.5806516511551818,False,below,ab_fallback,ab_test,False
practitioner,19,noised_b2,noised-b2-1016,1016,ips,1.048030567040018,1.0019829916287613,1.0976440324713246,,0.6038085844354685,0.3483033564438595,40.4339719887445,0.0,trust,1.627961281266739,fail,1.7831434714221788,fail,-0.03081114728498675,pass,0.6279612812667391,fail,0.02645598957182855,0.028919198596274263,1.0911977778554216,False,above,ab_fallback,ab_test,True
practitioner,19,noised_b2,noised-b2-1016,1016,snips,0.6437687303131258,0.6230327387768848,0.6661397255208628,,0.6038085844354685,0.3483033564438595,40.4339719887445,0.0,trust,1.627961281266739,fail,1.7831434714221788,fail,-0.03081114728498675,pass,0.6279612812667391,fail,0.02645598957182855,0.028919198596274263,1.0911977778554216,False,above,ab_fallback,ab_test,True
practitioner,19,noised_b2,noised-b2-1016,1016,clipped_ips,0.8527258722973319,0.8254698818705433,0.8815362343624911,3.529360756221694,0.6038085844354685,0.3483033564438595,40.4339719887445,0.0,trust,1.627961281266739,fail,1.7831434714221788,fail,-0.03081114728498675,pass,0.6279612812667391,fail,0.02645598957182855,0.028919198596274263,1.0911977778554216,False,above,ab_fallback,ab_test,True
practitioner,19,noised_b2,noised-b2-1016,1016,dm,0.6594467010534819,0.6558633682781936,0.663035889643674,,0.6038085844354685,0.3483033564438595,40.4339719887445,0.0,trust,1.627961281266739,fail,1.7831434714221788,fail,-0.03081114728498675,pass,0.6279612812667391,fail,0.02645598957182855,0.028919198596274263,1.0911977778554216,False,above,ab_fallback,ab_test,True
practitioner,19,noised_b2,noised-b2-1016,1016,dr,0.6329907114816533,0.5991873976731301,0.6652311856979152,,0.6038085844354685,0.3483033564438595,40.4339719887445,0.0,trust,1.627961281266739,fail,1.7831434714221788,fail,-0.03081114728498675,pass,0.6279612812667391,fail,0.02645598957182855,0.028919198596274263,1.0911977778554216,False,above,ab_fallback,ab_test,True
practitioner,19,noised_b2,noised-b2-1016,1016,switch_dr,0.6642137840070336,0.646211603120599,0.6858641751984234,5.1112422574747125,0.6038085844354685,0.3483033564438595,40.4339719887445,0.0,trust,1.627961281266739,fail,1.7831434714221788,fail,-0.03081114728498675,pass,0.6279612812667391,fail,0.02645598957182855,0.028919198596274263,1.0911977778554216,False,above,ab_fallback,ab_test,True
practitioner,19,noised_b2,noised-b2-1016,1016,dros,0.6596367535319851,0.6472365088392447,0.6740134990247948,12.456387347557769,0.6038085844354685,0.3483033564438595,40.4339719887445,0.0,trust,1.627961281266739,fail,1.7831434714221788,fail,-0.03081114728498675,pass,0.6279612812667391,fail,0.02645598957182855,0.028919198596274263,1.0911977778554216,False,above,ab_fallback,ab_test,True
practitioner,19,noised_b8,noised-b8-1016,1016,ips,1.3083179731992487,1.231218406191362,1.3935787252955645,,0.6038085844354685,0.14690548992762076,90.35533681465424,0.0,trust,1.608341126277127,fail,1.7831434714221788,fail,-0.0014071081369949516,pass,0.6083411262771269,fail,0.058467624676912563,0.06742178673529303,1.6391348418107652,False,above,ab_fallback,ab_test,False
practitioner,19,noised_b8,noised-b8-1016,1016,snips,0.8134580107564927,0.7835189615098573,0.8431558606596795,,0.6038085844354685,0.14690548992762076,90.35533681465424,0.0,trust,1.608341126277127,fail,1.7831434714221788,fail,-0.0014071081369949516,pass,0.6083411262771269,fail,0.058467624676912563,0.06742178673529303,1.6391348418107652,False,above,ab_fallback,ab_test,False
practitioner,19,noised_b8,noised-b8-1016,1016,clipped_ips,0.8282093519507022,0.7998910396743591,0.8601050000638981,4.0108393963075075,0.6038085844354685,0.14690548992762076,90.35533681465424,0.0,trust,1.608341126277127,fail,1.7831434714221788,fail,-0.0014071081369949516,pass,0.6083411262771269,fail,0.058467624676912563,0.06742178673529303,1.6391348418107652,False,above,ab_fallback,ab_test,False
practitioner,19,noised_b8,noised-b8-1016,1016,dm,0.8473322151406116,0.8422912579184414,0.8525601380553555,,0.6038085844354685,0.14690548992762076,90.35533681465424,0.0,trust,1.608341126277127,fail,1.7831434714221788,fail,-0.0014071081369949516,pass,0.6083411262771269,fail,0.058467624676912563,0.06742178673529303,1.6391348418107652,False,above,ab_fallback,ab_test,False
practitioner,19,noised_b8,noised-b8-1016,1016,dr,0.7888645904636991,0.736218626129501,0.8371988526244478,,0.6038085844354685,0.14690548992762076,90.35533681465424,0.0,trust,1.608341126277127,fail,1.7831434714221788,fail,-0.0014071081369949516,pass,0.6083411262771269,fail,0.058467624676912563,0.06742178673529303,1.6391348418107652,False,above,ab_fallback,ab_test,False
practitioner,19,noised_b8,noised-b8-1016,1016,switch_dr,0.857340501424806,0.8378334737846833,0.877539612458428,6.773495677812588,0.6038085844354685,0.14690548992762076,90.35533681465424,0.0,trust,1.608341126277127,fail,1.7831434714221788,fail,-0.0014071081369949516,pass,0.6083411262771269,fail,0.058467624676912563,0.06742178673529303,1.6391348418107652,False,above,ab_fallback,ab_test,False
practitioner,19,noised_b8,noised-b8-1016,1016,dros,0.8543058960847558,0.8429038914176136,0.8670430515900425,16.08683266297237,0.6038085844354685,0.14690548992762076,90.35533681465424,0.0,trust,1.608341126277127,fail,1.7831434714221788,fail,-0.0014071081369949516,pass,0.6083411262771269,fail,0.058467624676912563,0.06742178673529303,1.6391348418107652,False,above,ab_fallback,ab_test,False
practitioner,19,noised_b-2,noised-b-2-1017,1017,ips,0.6566095260977606,0.6077874817647698,0.7015533169118722,,0.5925486615841746,0.20946434513905296,73.77061851573279,0.0,trust,1.6647901353705012,fail,1.8226140630401608,fail,-0.0042243676111577665,pass,0.6647901353705011,fail,0.00844941132363966,0.060944865693451776,1.5214326581818316,False,below,ab_fallback,ab_test,False
practitioner,19,noised_b-2,noised-b-2-1017,1017,snips,0.39440978904625196,0.3655029504819819,0.4186638693232587,,0.5925486615841746,0.20946434513905296,73.77061851573279,0.0,trust,1.6647901353705012,fail,1.8226140630401608,fail,-0.0042243676111577665,pass,0.6647901353705011,fail,0.00844941132363966,0.060944865693451776,1.5214326581818316,False,below,ab_fallback,ab_test,False
practitioner,19,noised_b-2,noised-b-2-1017,1017,clipped_ips,0.5511481364284891,0.526190431571711,0.5767520783527608,3.8469270396291435,0.5925486615841746,0.20946434513905296,73.77061851573279,0.0,trust,1.6647901353705012,fail,1.8226140630401608,fail,-0.0042243676111577665,pass,0.6647901353705011,fail,0.00844941132363966,0.060944865693451776,1.5214326581818316,False,below,ab_fallback,ab_test,False
practitioner,19,noised_b-2,noised-b-2-1017,1017,dm,0.39961999466412657,0.3961780033874661,0.4031291049539173,,0.5925486615841746,0.20946434513905296,73.77061851573279,0.0,trust,1.6647901353705012,fail,1.8226140630401608,fail,-0.0042243676111577665,pass,0.6647901353705011,fail,0.00844941132363966,0.060944865693451776,1.5214326581818316,False,below,ab_fallback,ab_test,False
practitioner,19,noised_b-2,noised-b-2-1017,1017,dr,0.39117058334048693,0.3472760661072726,0.43361114963589303,,0.5925486615841746,0.20946434513905296,73.77061851573279,0.0,trust,1.6647901353705012,fail,1.8226140630401608,fail,-0.0042243676111577665,pass,0.6647901353705011,fail,0.00844941132363966,0.060944865693451776,1.5214326581818316,False,below,ab_fallback,ab_test,False
practitioner,19,noised_b-2,noised-b-2-1017,1017,switch_dr,0.39631595244617657,0.3764396420389328,0.41581918856079375,5.9404198931149725,0.5925486615841746,0.20946434513905296,73.77061851573279,0.0,trust,1.6647901353705012,fail,1.8226140630401608,fail,-0.0042243676111577665,pass,0.6647901353705011,fail,0.00844941132363966,0.060944865693451776,1.5214326581818316,False,below,ab_fallback,ab_test,False
practitioner,19,noised_b-2,noised-b-2-1017,1017,dros,0.3964270801124387,0.38248383097072597,0.4083910916428574,14.798847648229845,0.5925486615841746,0.20946434513905296,73.77061851573279,0.0,trust,1.6647901353705012,fail,1.8226140630401608,fail,-0.0042243676111577665,pass,0.6647901353705011,fail,0.00844941132363966,0.060944865693451776,1.5214326581818316,False,below,ab_fallback,ab_test,False
practitioner,19,noised_b2,noised-b2-1017,1017,ips,1.0723899065050468,1.0169055924090946,1.130072191787945,,0.5925486615841746,0.35383090165245035,39.54592141970257,0.0,trust,1.6739581742632792,fail,1.8226140630401608,fail,-0.005203627926325221,pass,0.673958174263279,fail,0.009050032749583707,0.03281392939723221,1.1083346614832974,False,above,ab_fallback,ab_test,True
practitioner,19,noised_b2,noised-b2-1017,1017,snips,0.6406312433564915,0.6169212724763861,0.6657116393632196,,0.5925486615841746,0.35383090165245035,39.54592141970257,0.0,trust,1.6739581742632792,fail,1.8226140630401608,fail,-0.005203627926325221,pass,0.673958174263279,fail,0.009050032749583707,0.03281392939723221,1.1083346614832974,False,above,ab_fallback,ab_test,True
practitioner,19,noised_b2,noised-b2-1017,1017,clipped_ips,0.8683714954025171,0.8387526117919905,0.8981882073257863,3.820446006206682,0.5925486615841746,0.35383090165245035,39.54592141970257,0.0,trust,1.6739581742632792,fail,1.8226140630401608,fail,-0.005203627926325221,pass,0.673958174263279,fail,0.009050032749583707,0.03281392939723221,1.1083346614832974,False,above,ab_fallback,ab_test,True
practitioner,19,noised_b2,noised-b2-1017,1017,dm,0.6486929081666645,0.6450000932061711,0.6521212721404367,,0.5925486615841746,0.35383090165245035,39.54592141970257,0.0,trust,1.6739581742632792,fail,1.8226140630401608,fail,-0.005203627926325221,pass,0.673958174263279,fail,0.009050032749583707,0.03281392939723221,1.1083346614832974,False,above,ab_fallback,ab_test,True
practitioner,19,noised_b2,noised-b2-1017,1017,dr,0.6396428754170808,0.6051109345216844,0.67512772384162,,0.5925486615841746,0.35383090165245035,39.54592141970257,0.0,trust,1.6739581742632792,fail,1.8226140630401608,fail,-0.005203627926325221,pass,0.673958174263279,fail,0.009050032749583707,0.03281392939723221,1.1083346614832974,False,above,ab_fallback,ab_test,True
practitioner,19,noised_b2,noised-b2-1017,1017,switch_dr,0.6480875258260662,0.627606717188185,0.6689236459976147,5.472000419072375,0.5925486615841746,0.35383090165245035,39.54592141970257,0.0,trust,1.6739581742632792,fail,1.8226140630401608,fail,-0.005203627926325221,pass,0.673958174263279,fail,0.009050032749583707,0.03281392939723221,1.1083346614832974,False,above,ab_fallback,ab_test,True
practitioner,19,noised_b2,noised-b2-1017,1017,dros,0.6478216994136096,0.6339356300734548,0.6615482716564167,14.595807686340585,0.5925486615841746,0.35383090165245035,39.54592141970257,0.0,trust,1.6739581742632792,fail,1.8226140630401608,fail,-0.005203627926325221,pass,0.673958174263279,fail,0.009050032749583707,0.03281392939723221,1.1083346614832974,False,above,ab_fallback,ab_test,True
practitioner,19,noised_b8,noised-b8-1017,1017,ips,1.3279764388941018,1.2310723594803465,1.4334427644235481,,0.5925486615841746,0.14540543212433393,117.17097033375941,0.0,distrust,1.649144847215422,fail,1.8226140630401608,fail,-0.023025695340696206,pass,0.6491448472154219,fail,0.025849238116310833,0.05947379412560151,1.623207918715931,False,above,ab_fallback,ab_test,False
practitioner,19,noised_b8,noised-b8-1017,1017,snips,0.8052515466645562,0.7698504161579077,0.8452616088651574,,0.5925486615841746,0.14540543212433393,117.17097033375941,0.0,distrust,1.649144847215422,fail,1.8226140630401608,fail,-0.023025695340696206,pass,0.6491448472154219,fail,0.025849238116310833,0.05947379412560151,1.623207918715931,False,above,ab_fallback,ab_test,False
practitioner,19,noised_b8,noised-b8-1017,1017,clipped_ips,0.8383795108732482,0.801642733689007,0.8723018816870753,4.297774423116898,0.5925486615841746,0.14540543212433393,117.17097033375941,0.0,distrust,1.649144847215422,fail,1.8226140630401608,fail,-0.023025695340696206,pass,0.6491448472154219,fail,0.025849238116310833,0.05947379412560151,1.623207918715931,False,above,ab_fallback,ab_test,False
practitioner,19,noised_b8,noised-b8-1017,1017,dm,0.8205931479425812,0.8157714709693117,0.8253485467295202,,0.5925486615841746,0.14540543212433393,117.17097033375941,0.0,distrust,1.649144847215422,fail,1.8226140630401608,fail,-0.023025695340696206,pass,0.6491448472154219,fail,0.025849238116310833,0.05947379412560151,1.623207918715931,False,above,ab_fallback,ab_test,False
practitioner,19,noised_b8,noised-b8-1017,1017,dr,0.7947439098262704,0.7357659930833375,0.8562696496804985,,0.5925486615841746,0.14540543212433393,117.17097033375941,0.0,distrust,1.649144847215422,fail,1.8226140630401608,fail,-0.023025695340696206,pass,0.6491448472154219,fail,0.025849238116310833,0.05947379412560151,1.623207918715931,False,above,ab_fallback,ab_test,False
practitioner,19,noised_b8,noised-b8-1017,1017,switch_dr,0.8237905845502358,0.8024323110933947,0.8461564874741712,7.2928011797912236,0.5925486615841746,0.14540543212433393,117.17097033375941,0.0,distrust,1.649144847215422,fail,1.8226140630401608,fail,-0.023025695340696206,pass,0.6491448472154219,fail,0.025849238116310833,0.05947379412560151,1.623207918715931,False,above,ab_fallback,ab_test,False
practitioner,19,noised_b8,noised-b8-1017,1017,dros,0.8254203282895325,0.8127310542402315,0.838590933291811,18.47086499199779,0.5925486615841746,0.14540543212433393,117.17097033375941,0.0,distrust,1.649144847215422,fail,1.8226140630401608,fail,-0.023025695340696206,pass,0.6491448472154219,fail,0.025849238116310833,0.05947379412560151,1.623207918715931,False,above,ab_fallback,ab_test,False
practitioner,19,noised_b-2,noised-b-2-1018,1018,ips,0.6063807550295869,0.5588769152784259,0.6521404387030421,,0.5882396692916544,0.22169382613233643,71.85470731864018,0.0,trust,1.6569810482485332,fail,1.826544518351531,fail,-0.00104882961216082,pass,0.656981048248533,fail,0.01692164152109312,0.09697663842845548,1.6004171178130753,False,below,ab_fallback,ab_test,False
practitioner,19,noised_b-2,noised-b-2-1018,1018,snips,0.3659551542068301,0.3388911253574531,0.3937222355747928,,0.5882396692916544,0.22169382613233643,71.85470731864018,0.0,trust,1.6569810482485332,fail,1.826544518351531,fail,-0.00104882961216082,pass,0.656981048248533,fail,0.01692164152109312,0.09697663842845548,1.6004171178130753,False,below,ab_fallback,ab_test,False
practitioner,19,noised_b-2,noised-b-2-1018,1018,clipped_ips,0.5324851829194595,0.5110085238730782,0.5566399857029354,3.8747438562930023,0.5882396692916544,0.22169382613233643,71.85470731864018,0.0,trust,1.6569810482485332,fail,1.826544518351531,fail,-0.00104882961216082,pass,0.656981048248533,fail,0.01692164152109312,0.09697663842845548,1.6004171178130753,False,below,ab_fallback,ab_test,False
practitioner,19,noised_b-2,noised-b-2-1018,1018,dm,0.38596078633599845,0.3822648364927278,0.3897944788034329,,0.5882396692916544,0.22169382613233643,71.85470731864018,0.0,trust,1.6569810482485332,fail,1.826544518351531,fail,-0.00104882961216082,pass,0.656981048248533,fail,0.01692164152109312,0.09697663842845548,1.6004171178130753,False,below,ab_fallback,ab_test,False
practitioner,19,noised_b-2,noised-b-2-1018,1018,dr,0.36903914481490535,0.32393986705639366,0.40958918649581394,,0.5882396692916544,0.22169382613233643,71.85470731864018,0.0,trust,1.6569810482485332,fail,1.826544518351531,fail,-0.00104882961216082,pass,0.656981048248533,fail,0.01692164152109312,0.09697663842845548,1.6004171178130753,False,below,ab_fallback,ab_test,False
practitioner,19,noised_b-2,noised-b-2-1018,1018,switch_dr,0.3814320841374761,0.3626834786817386,0.4004812873088918,6.026481312697064,0.5882396692916544,0.22169382613233643,71.85470731864018,0.0,trust,1.6569810482485332,fail,1.826544518351531,fail,-0.00104882961216082,pass,0.656981048248533,fail,0.01692164152109312,0.09697663842845548,1.6004171178130753,False,below,ab_fallback,ab_test,False
practitioner,19,noised_b-2,noised-b-2-1018,1018,dros,0.38423778224625815,0.37090754695857225,0.39706432478154097,15.013639951880366,0.5882396692916544,0.22169382613233643,71.85470731864018,0.0,trust,1.6569810482485332,fail,1.826544518351531,fail,-0.00104882961216082,pass,0.656981048248533,fail,0.01692164152109312,0.09697663842845548,1.6004171178130753,False,below,ab_fallback,ab_test,False
practitioner,19,noised_b2,noised-b2-1018,1018,ips,1.0394199832607955,0.9948167383833125,1.0967026411067193,,0.5882396692916544,0.36564985098549596,39.590172251105336,0.0,trust,1.6293836055954076,fail,1.826544518351531,fail,0.0032917690042116895,pass,0.6293836055954076,fail,0.009658622499128137,0.0341441044580778,1.1125971375123538,False,above,ab_fallback,ab_test,True
practitioner,19,noised_b2,noised-b2-1018,1018,snips,0.6379222054839393,0.6185419391474761,0.6594264208883398,,0.5882396692916544,0.36564985098549596,39.590172251105336,0.0,trust,1.6293836055954076,fail,1.826544518351531,fail,0.0032917690042116895,pass,0.6293836055954076,fail,0.009658622499128137,0.0341441044580778,1.1125971375123538,False,above,ab_fallback,ab_test,True
practitioner,19,noised_b2,noised-b2-1018,1018,clipped_ips,0.8450294892851739,0.8190609430159665,0.8742257235319525,3.625819277284975,0.5882396692916544,0.36564985098549596,39.590172251105336,0.0,trust,1.6293836055954076,fail,1.826544518351531,fail,0.0032917690042116895,pass,0.6293836055954076,fail,0.009658622499128137,0.0341441044580778,1.1125971375123538,False,above,ab_fallback,ab_test,True
practitioner,19,noised_b2,noised-b2-1018,1018,dm,0.6516910680766708,0.6479981254219719,0.6554275624325732,,0.5882396692916544,0.36564985098549596,39.590172251105336,0.0,trust,1.6293836055954076,fail,1.826544518351531,fail,0.0032917690042116895,pass,0.6293836055954076,fail,0.009658622499128137,0.0341441044580778,1.1125971375123538,False,above,ab_fallback,ab_test,True
practitioner,19,noised_b2,noised-b2-1018,1018,dr,0.6420324455775426,0.6134586084014131,0.677034108237598,,0.5882396692916544,0.36564985098549596,39.590172251105336,0.0,trust,1.6293836055954076,fail,1.826544518351531,fail,0.0032917690042116895,pass,0.6293836055954076,fail,0.009658622499128137,0.0341441044580778,1.1125971375123538,False,above,ab_fallback,ab_test,True
practitioner,19,noised_b2,noised-b2-1018,1018,switch_dr,0.6544592325603358,0.634762971879434,0.6754091131283321,5.207851702085437,0.5882396692916544,0.36564985098549596,39.590172251105336,0.0,trust,1.6293836055954076,fail,1.826544518351531,fail,0.0032917690042116895,pass,0.6293836055954076,fail,0.009658622499128137,0.0341441044580778,1.1125971375123538,False,above,ab_fallback,ab_test,True
practitioner,19,noised_b2,noised-b2-1018,1018,dros,0.6509062514128267,0.6377347287579201,0.6644003230235451,13.146565431531338,0.5882396692916544,0.36564985098549596,39.590172251105336,0.0,trust,1.6293836055954076,fail,1.826544518351531,fail,0.0032917690042116895,pass,0.6293836055954076,fail,0.009658622499128137,0.0341441044580778,1.1125971375123538,False,above,ab_fallback,ab_test,True
practitioner,19,noised_b8,noised-b8-1018,1018,ips,1.302004543309325,1.2196546246270608,1.4050865546031952,,0.5882396692916544,0.16593121564368812,73.9711079858566,0.0,trust,1.5867988566210791,fail,1.826544518351531,fail,0.0020214388310618413,pass,0.586798856621079,fail,0.009384217637796403,0.05874623781901872,1.7085289403307253,False,above,ab_fallback,ab_test,False
practitioner,19,noised_b8,noised-b8-1018,1018,snips,0.8205227385163401,0.7881054298236091,0.8559855329681147,,0.5882396692916544,0.16593121564368812,73.9711079858566,0.0,trust,1.5867988566210791,fail,1.826544518351531,fail,0.0020214388310618413,pass,0.586798856621079,fail,0.009384217637796403,0.05874623781901872,1.7085289403307253,False,above,ab_fallback,ab_test,False
practitioner,19,noised_b8,noised-b8-1018,1018,clipped_ips,0.8280026852457917,0.7967405807447232,0.8624235140660242,4.033030468077691,0.5882396692916544,0.16593121564368812,73.9711079858566,0.0,trust,1.5867988566210791,fail,1.826544518351531,fail,0.0020214388310618413,pass,0.586798856621079,fail,0.009384217637796403,0.05874623781901872,1.7085289403307253,False,above,ab_fallback,ab_test,False
practitioner,19,noised_b8,noised-b8-1018,1018,dm,0.8337936666940291,0.8285957612635136,0.8385651720793024,,0.5882396692916544,0.16593121564368812,73.9711079858566,0.0,trust,1.5867988566210791,fail,1.826544518351531,fail,0.0020214388310618413,pass,0.586798856621079,fail,0.009384217637796403,0.05874623781901872,1.7085289403307253,False,above,ab_fallback,ab_test,False
practitioner,19,noised_b8,noised-b8-1018,1018,dr,0.8244094490562327,0.7734264515262385,0.8846761319529552,,0.5882396692916544,0.16593121564368812,73.9711079858566,0.0,trust,1.5867988566210791,fail,1.826544518351531,fail,0.0020214388310618413,pass,0.586798856621079,fail,0.009384217637796403,0.05874623781901872,1.7085289403307253,False,above,ab_fallback,ab_test,False
practitioner,19,noised_b8,noised-b8-1018,1018,switch_dr,0.8455658235468784,0.8259023651976414,0.866789451313148,6.778720703658089,0.5882396692916544,0.16593121564368812,73.9711079858566,0.0,trust,1.5867988566210791,fail,1.826544518351531,fail,0.0020214388310618413,pass,0.586798856621079,fail,0.009384217637796403,0.05874623781901872,1.7085289403307253,False,above,ab_fallback,ab_test,False
practitioner,19,noised_b8,noised-b8-1018,1018,dros,0.8399582027005967,0.8266929627386231,0.8532198397893366,16.26533475644296,0.5882396692916544,0.16593121564368812,73.9711079858566,0.0,trust,1.5867988566210791,fail,1.826544518351531,fail,0.0020214388310618413,pass,0.586798856621079,fail,0.009384217637796403,0.05874623781901872,1.7085289403307253,False,above,ab_fallback,ab_test,False
practitioner,19,noised_b-2,noised-b-2-1019,1019,ips,0.6414001046580371,0.5880474107294793,0.6818660645147576,,0.599934704564563,0.21830885210936238,97.42766826583319,0.0,trust,1.6670543307333008,fail,1.80532935080217,fail,0.026138578939353986,pass,0.6670543307333007,fail,0.02304827811468516,0.07198469299916953,1.5830697967740928,False,below,ab_fallback,ab_test,False
practitioner,19,noised_b-2,noised-b-2-1019,1019,snips,0.38475057041236277,0.34896329842922075,0.4101936570277205,,0.599934704564563,0.21830885210936238,97.42766826583319,0.0,trust,1.6670543307333008,fail,1.80532935080217,fail,0.026138578939353986,pass,0.6670543307333007,fail,0.02304827811468516,0.07198469299916953,1.5830697967740928,False,below,ab_fallback,ab_test,False
practitioner,19,noised_b-2,noised-b-2-1019,1019,clipped_ips,0.5461787136832769,0.5205065529295375,0.5680913624190086,3.8948744856620263,0.599934704564563,0.21830885210936238,97.42766826583319,0.0,trust,1.6670543307333008,fail,1.80532935080217,fail,0.026138578939353986,pass,0.6670543307333007,fail,0.02304827811468516,0.07198469299916953,1.5830697967740928,False,below,ab_fallback,ab_test,False
practitioner,19,noised_b-2,noised-b-2-1019,1019,dm,0.40166927395471963,0.3980664877495327,0.4058156271398394,,0.599934704564563,0.21830885210936238,97.42766826583319,0.0,trust,1.6670543307333008,fail,1.80532935080217,fail,0.026138578939353986,pass,0.6670543307333007,fail,0.02304827811468516,0.07198469299916953,1.5830697967740928,False,below,ab_fallback,ab_test,False
practitioner,19,noised_b-2,noised-b-2-1019,1019,dr,0.37862099584003445,0.32862912485808127,0.41747393919579107,,0.599934704564563,0.21830885210936238,97.42766826583319,0.0,trust,1.6670543307333008,fail,1.80532935080217,fail,0.026138578939353986,pass,0.6670543307333007,fail,0.02304827811468516,0.07198469299916953,1.5830697967740928,False,below,ab_fallback,ab_test,False
practitioner,19,noised_b-2,noised-b-2-1019,1019,switch_dr,0.38931353575574584,0.3684404038108286,0.4075055714317186,6.0746963704222185,0.599934704564563,0.21830885210936238,97.42766826583319,0.0,trust,1.6670543307333008,fail,1.80532935080217,fail,0.026138578939353986,pass,0.6670543307333007,fail,0.02304827811468516,0.07198469299916953,1.5830697967740928,False,below,ab_fallback,ab_test,False
practitioner,19,noised_b-2,noised-b-2-1019,1019,dros,0.39538486613740864,0.3815507905066851,0.40762758237433555,15.170047259061034,0.599934704564563,0.21830885210936238,97.42766826583319,0.0,trust,1.6670543307333008,fail,1.80532935080217,fail,0.026138578939353986,pass,0.6670543307333007,fail,0.02304827811468516,0.07198469299916953,1.5830697967740928,False,below,ab_fallback,ab_test,False
practitioner,19,noised_b2,noised-b2-1019,1019,ips,1.0524165095565359,1.0011887644107313,1.1001310913510587,,0.599934704564563,0.33092040381127286,65.78943284097119,0.0,trust,1.6441509336240843,fail,1.80532935080217,fail,0.03095244324718994,pass,0.6441509336240844,fail,0.018859389586057075,0.03163677184619466,1.0906959225322215,False,above,ab_fallback,ab_test,True
practitioner,19,noised_b2,noised-b2-1019,1019,snips,0.6400972611661445,0.616162524099736,0.6628899020436868,,0.599934704564563,0.33092040381127286,65.78943284097119,0.0,trust,1.6441509336240843,fail,1.80532935080217,fail,0.03095244324718994,pass,0.6441509336240844,fail,0.018859389586057075,0.03163677184619466,1.0906959225322215,False,above,ab_fallback,ab_test,True
practitioner,19,noised_b2,noised-b2-1019,1019,clipped_ips,0.8426999072352667,0.8165419163019981,0.8683132141162464,3.5838727036965436,0.599934704564563,0.33092040381127286,65.78943284097119,0.0,trust,1.6441509336240843,fail,1.80532935080217,fail,0.03095244324718994,pass,0.6441509336240844,fail,0.018859389586057075,0.03163677184619466,1.0906959225322215,False,above,ab_fallback,ab_test,True
practitioner,19,noised_b2,noised-b2-1019,1019,dm,0.6558950661669829,0.6521969807688951,0.6595687835988358,,0.599934704564563,0.33092040381127286,65.78943284097119,0.0,trust,1.6441509336240843,fail,1.80532935080217,fail,0.03095244324718994,pass,0.6441509336240844,fail,0.018859389586057075,0.03163677184619466,1.0906959225322215,False,above,ab_fallback,ab_test,True
practitioner,19,noised_b2,noised-b2-1019,1019,dr,0.6370356765809259,0.5986434359654919,0.6682259156232676,,0.599934704564563,0.33092040381127286,65.78943284097119,0.0,trust,1.6441509336240843,fail,1.80532935080217,fail,0.03095244324718994,pass,0.6441509336240844,fail,0.018859389586057075,0.03163677184619466,1.0906959225322215,False,above,ab_fallback,ab_test,True
practitioner,19,noised_b2,noised-b2-1019,1019,switch_dr,0.6469024827212764,0.6261061446275186,0.664702364750557,5.175355603154971,0.599934704564563,0.33092040381127286,65.78943284097119,0.0,trust,1.6441509336240843,fail,1.80532935080217,fail,0.03095244324718994,pass,0.6441509336240844,fail,0.018859389586057075,0.03163677184619466,1.0906959225322215,False,above,ab_fallback,ab_test,True
practitioner,19,noised_b2,noised-b2-1019,1019,dros,0.6509543258912106,0.63561226651526,0.6634259512237124,12.844143556301173,0.599934704564563,0.33092040381127286,65.78943284097119,0.0,trust,1.6441509336240843,fail,1.80532935080217,fail,0.03095244324718994,pass,0.6441509336240844,fail,0.018859389586057075,0.03163677184619466,1.0906959225322215,False,above,ab_fallback,ab_test,True
practitioner,19,noised_b8,noised-b8-1019,1019,ips,1.3661914182462187,1.2713914190886741,1.4580871933383062,,0.599934704564563,0.15993508033861342,67.6615729108295,0.0,trust,1.646828546729361,fail,1.80532935080217,fail,0.048742898694546025,pass,0.646828546729361,fail,0.018258882323500498,0.06529253419519007,1.726840097410074,False,above,ab_fallback,ab_test,False
practitioner,19,noised_b8,noised-b8-1019,1019,snips,0.829589346723134,0.7973638723905558,0.859119210818842,,0.599934704564563,0.15993508033861342,67.6615729108295,0.0,trust,1.646828546729361,fail,1.80532935080217,fail,0.048742898694546025,pass,0.646828546729361,fail,0.018258882323500498,0.06529253419519007,1.726840097410074,False,above,ab_fallback,ab_test,False
practitioner,19,noised_b8,noised-b8-1019,1019,clipped_ips,0.8470153694957021,0.8170253830491346,0.8785334640243476,4.068048474736123,0.599934704564563,0.15993508033861342,67.6615729108295,0.0,trust,1.646828546729361,fail,1.80532935080217,fail,0.048742898694546025,pass,0.646828546729361,fail,0.018258882323500498,0.06529253419519007,1.726840097410074,False,above,ab_fallback,ab_test,False
practitioner,19,noised_b8,noised-b8-1019,1019,dm,0.8410823549571991,0.8364425344907129,0.8462191373245701,,0.599934704564563,0.15993508033861342,67.6615729108295,0.0,trust,1.646828546729361,fail,1.80532935080217,fail,0.048742898694546025,pass,0.646828546729361,fail,0.018258882323500498,0.06529253419519007,1.726840097410074,False,above,ab_fallback,ab_test,False
practitioner,19,noised_b8,noised-b8-1019,1019,dr,0.8228234726336986,0.7649793552201318,0.8660437248222004,,0.599934704564563,0.15993508033861342,67.6615729108295,0.0,trust,1.646828546729361,fail,1.80532935080217,fail,0.048742898694546025,pass,0.646828546729361,fail,0.018258882323500498,0.06529253419519007,1.726840097410074,False,above,ab_fallback,ab_test,False
practitioner,19,noised_b8,noised-b8-1019,1019,switch_dr,0.8455613347834162,0.8239895063628084,0.8655711426436786,6.90899477073743,0.599934704564563,0.15993508033861342,67.6615729108295,0.0,trust,1.646828546729361,fail,1.80532935080217,fail,0.048742898694546025,pass,0.646828546729361,fail,0.018258882323500498,0.06529253419519007,1.726840097410074,False,above,ab_fallback,ab_test,False
practitioner,19,noised_b8,noised-b8-1019,1019,dros,0.8442807637447938,0.8313435594278346,0.8562292384291017,16.5490183928029,0.599934704564563,0.15993508033861342,67.6615729108295,0.0,trust,1.646828546729361,fail,1.80532935080217,fail,0.048742898694546025,pass,0.646828546729361,fail,0.018258882323500498,0.06529253419519007,1.726840097410074,False,above,ab_fallback,ab_test,False
practitioner,19,noised_b-2,noised-b-2-1020,1020,ips,0.6469400479945568,0.6008792143591312,0.6858531879787335,,0.5899742702539147,0.2501296387420535,52.81651746582086,0.0,trust,1.6174654838581746,fail,1.7743353717330803,fail,-0.001573304590456246,pass,0.6174654838581746,fail,0.002151384602069442,0.03718979295497025,1.5175056533267526,False,below,ab_fallback,ab_test,False
practitioner,19,noised_b-2,noised-b-2-1020,1020,snips,0.39997147045845893,0.3728332668018667,0.4254469342445282,,0.5899742702539147,0.2501296387420535,52.81651746582086,0.0,trust,1.6174654838581746,fail,1.7743353717330803,fail,-0.001573304590456246,pass,0.6174654838581746,fail,0.002151384602069442,0.03718979295497025,1.5175056533267526,False,below,ab_fallback,ab_test,False
practitioner,19,noised_b-2,noised-b-2-1020,1020,clipped_ips,0.5486112072356565,0.5240105386338133,0.5709162785829092,3.7334688732605157,0.5899742702539147,0.2501296387420535,52.81651746582086,0.0,trust,1.6174654838581746,fail,1.7743353717330803,fail,-0.001573304590456246,pass,0.6174654838581746,fail,0.002151384602069442,0.03718979295497025,1.5175056533267526,False,below,ab_fallback,ab_test,False
practitioner,19,noised_b-2,noised-b-2-1020,1020,dm,0.39556172712151483,0.3918294912841303,0.399192794957625,,0.5899742702539147,0.2501296387420535,52.81651746582086,0.0,trust,1.6174654838581746,fail,1.7743353717330803,fail,-0.001573304590456246,pass,0.6174654838581746,fail,0.002151384602069442,0.03718979295497025,1.5175056533267526,False,below,ab_fallback,ab_test,False
practitioner,19,noised_b-2,noised-b-2-1020,1020,dr,0.3934103425194454,0.35432193027182435,0.42933313666405276,,0.5899742702539147,0.2501296387420535,52.81651746582086,0.0,trust,1.6174654838581746,fail,1.7743353717330803,fail,-0.001573304590456246,pass,0.6174654838581746,fail,0.002151384602069442,0.03718979295497025,1.5175056533267526,False,below,ab_fallback,ab_test,False
practitioner,19,noised_b-2,noised-b-2-1020,1020,switch_dr,0.3927004740407214,0.37362954068075266,0.4110666436462177,5.986296298003967,0.5899742702539147,0.2501296387420535,52.81651746582086,0.0,trust,1.6174654838581746,fail,1.7743353717330803,fail,-0.001573304590456246,pass,0.6174654838581746,fail,0.002151384602069442,0.03718979295497025,1.5175056533267526,False,below,ab_fallback,ab_test,False
practitioner,19,noised_b-2,noised-b-2-1020,1020,dros,0.39438268152840267,0.3830984444950758,0.4059013428654717,13.938789827605145,0.5899742702539147,0.2501296387420535,52.81651746582086,0.0,trust,1.6174654838581746,fail,1.7743353717330803,fail,-0.001573304590456246,pass,0.6174654838581746,fail,0.002151384602069442,0.03718979295497025,1.5175056533267526,False,below,ab_fallback,ab_test,False
practitioner,19,noised_b2,noised-b2-1020,1020,ips,1.0268325328030112,0.9747625803119425,1.0725600422768549,,0.5899742702539147,0.379999446712323,38.60430301626636,0.0,trust,1.6237954618038286,fail,1.7743353717330803,fail,0.016304206614554194,pass,0.6237954618038287,fail,0.004733706005698287,0.03984540485942602,1.0986516548736442,False,above,ab_fallback,ab_test,True
practitioner,19,noised_b2,noised-b2-1020,1020,snips,0.6323656870319935,0.6080802932431826,0.6518205582464283,,0.5899742702539147,0.379999446712323,38.60430301626636,0.0,trust,1.6237954618038286,fail,1.7743353717330803,fail,0.016304206614554194,pass,0.6237954618038287,fail,0.004733706005698287,0.03984540485942602,1.0986516548736442,False,above,ab_fallback,ab_test,True
practitioner,19,noised_b2,noised-b2-1020,1020,clipped_ips,0.8399824328476685,0.8074594199648693,0.8662742734054518,3.5795437053198125,0.5899742702539147,0.379999446712323,38.60430301626636,0.0,trust,1.6237954618038286,fail,1.7743353717330803,fail,0.016304206614554194,pass,0.6237954618038287,fail,0.004733706005698287,0.03984540485942602,1.0986516548736442,False,above,ab_fallback,ab_test,True
practitioner,19,noised_b2,noised-b2-1020,1020,dm,0.6360536913951715,0.632598840673508,0.6392414258799212,,0.5899742702539147,0.379999446712323,38.60430301626636,0.0,trust,1.6237954618038286,fail,1.7743353717330803,fail,0.016304206614554194,pass,0.6237954618038287,fail,0.004733706005698287,0.03984540485942602,1.0986516548736442,False,above,ab_fallback,ab_test,True
practitioner,19,noised_b2,noised-b2-1020,1020,dr,0.6407873974008699,0.6095979767873172,0.6691465318968882,,0.5899742702539147,0.379999446712323,38.60430301626636,0.0,trust,1.6237954618038286,fail,1.7743353717330803,fail,0.016304206614554194,pass,0.6237954618038287,fail,0.004733706005698287,0.03984540485942602,1.0986516548736442,False,above,ab_fallback,ab_test,True
practitioner,19,noised_b2,noised-b2-1020,1020,switch_dr,0.6382309919775522,0.6199987039971526,0.6555367891773438,5.219061895568109,0.5899742702539147,0.379999446712323,38.60430301626636,0.0,trust,1.6237954618038286,fail,1.7743353717330803,fail,0.016304206614554194,pass,0.6237954618038287,fail,0.004733706005698287,0.03984540485942602,1.0986516548736442,False,above,ab_fallback,ab_test,True
practitioner,19,noised_b2,noised-b2-1020,1020,dros,0.6359989345734776,0.6234898726338887,0.6475824901328594,12.813133138294692,0.5899742702539147,0.379999446712323,38.60430301626636,0.0,trust,1.6237954618038286,fail,1.7743353717330803,fail,0.016304206614554194,pass,0.6237954618038287,fail,0.004733706005698287,0.03984540485942602,1.0986516548736442,False,above,ab_fallback,ab_test,True
practitioner,19,noised_b8,noised-b8-1020,1020,ips,1.2799588530389139,1.1939298933185871,1.3648592926662944,,0.5899742702539147,0.17230941284876897,108.1345108806574,0.0,distrust,1.587039314797121,fail,1.7743353717330803,fail,0.018435905531584328,pass,0.5870393147971207,fail,0.00536137605413202,0.09994854617351076,1.6874685830422296,False,above,ab_fallback,ab_test,False
practitioner,19,noised_b8,noised-b8-1020,1020,snips,0.8065073379751386,0.7775971830392111,0.8344568691657345,,0.5899742702539147,0.17230941284876897,108.1345108806574,0.0,distrust,1.587039314797121,fail,1.7743353717330803,fail,0.018435905531584328,pass,0.5870393147971207,fail,0.00536137605413202,0.09994854617351076,1.6874685830422296,False,above,ab_fallback,ab_test,False
practitioner,19,noised_b8,noised-b8-1020,1020,clipped_ips,0.8410464491515519,0.8068414567607514,0.8736340484341789,3.998186741784457,0.5899742702539147,0.17230941284876897,108.1345108806574,0.0,distrust,1.587039314797121,fail,1.7743353717330803,fail,0.018435905531584328,pass,0.5870393147971207,fail,0.00536137605413202,0.09994854617351076,1.6874685830422296,False,above,ab_fallback,ab_test,False
practitioner,19,noised_b8,noised-b8-1020,1020,dm,0.8142228633193632,0.809315643669548,0.8188245840892673,,0.5899742702539147,0.17230941284876897,108.1345108806574,0.0,distrust,1.587039314797121,fail,1.7743353717330803,fail,0.018435905531584328,pass,0.5870393147971207,fail,0.00536137605413202,0.09994854617351076,1.6874685830422296,False,above,ab_fallback,ab_test,False
practitioner,19,noised_b8,noised-b8-1020,1020,dr,0.8195842393734952,0.7746053559500949,0.864208640236377,,0.5899742702539147,0.17230941284876897,108.1345108806574,0.0,distrust,1.587039314797121,fail,1.7743353717330803,fail,0.018435905531584328,pass,0.5870393147971207,fail,0.00536137605413202,0.09994854617351076,1.6874685830422296,False,above,ab_fallback,ab_test,False
practitioner,19,noised_b8,noised-b8-1020,1020,switch_dr,0.8238540176586473,0.804216223163568,0.8418092422465278,6.65723512742016,0.5899742702539147,0.17230941284876897,108.1345108806574,0.0,distrust,1.587039314797121,fail,1.7743353717330803,fail,0.018435905531584328,pass,0.5870393147971207,fail,0.00536137605413202,0.09994854617351076,1.6874685830422296,False,above,ab_fallback,ab_test,False
practitioner,19,noised_b8,noised-b8-1020,1020,dros,0.8183432325885716,0.8057060358899113,0.829543148956809,15.985497222181012,0.5899742702539147,0.17230941284876897,108.1345108806574,0.0,distrust,1.587039314797121,fail,1.7743353717330803,fail,0.018435905531584328,pass,0.5870393147971207,fail,0.00536137605413202,0.09994854617351076,1.6874685830422296,False,above,ab_fallback,ab_test,False
practitioner,19,noised_b-2,noised-b-2-1021,1021,ips,0.6601673575477642,0.6201645091255935,0.7023208874119105,,0.5939796752235387,0.14247019030899072,237.5901189921946,0.0,distrust,1.6638633380661882,fail,1.8844556047155177,fail,-0.007331126456344495,pass,0.6638633380661884,fail,0.00201746177844888,0.13647240310867476,1.513640239721519,False,below,ab_fallback,ab_test,False
practitioner,19,noised_b-2,noised-b-2-1021,1021,snips,0.3967677768025338,0.3645495688342252,0.42739570992403936,,0.5939796752235387,0.14247019030899072,237.5901189921946,0.0,distrust,1.6638633380661882,fail,1.8844556047155177,fail,-0.007331126456344495,pass,0.6638633380661884,fail,0.00201746177844888,0.13647240310867476,1.513640239721519,False,below,ab_fallback,ab_test,False
practitioner,19,noised_b-2,noised-b-2-1021,1021,clipped_ips,0.548807269432067,0.5253056899792777,0.5716983925559976,3.706010684066973,0.5939796752235387,0.14247019030899072,237.5901189921946,0.0,distrust,1.6638633380661882,fail,1.8844556047155177,fail,-0.007331126456344495,pass,0.6638633380661884,fail,0.00201746177844888,0.13647240310867476,1.513640239721519,False,below,ab_fallback,ab_test,False
practitioner,19,noised_b-2,noised-b-2-1021,1021,dm,0.40145645840972805,0.3978216888627401,0.4051956504892079,,0.5939796752235387,0.14247019030899072,237.5901189921946,0.0,distrust,1.6638633380661882,fail,1.8844556047155177,fail,-0.007331126456344495,pass,0.6638633380661884,fail,0.00201746177844888,0.13647240310867476,1.513640239721519,False,below,ab_fallback,ab_test,False
practitioner,19,noised_b-2,noised-b-2-1021,1021,dr,0.3994389966312792,0.36210918405737336,0.4371930998753226,,0.5939796752235387,0.14247019030899072,237.5901189921946,0.0,distrust,1.6638633380661882,fail,1.8844556047155177,fail,-0.007331126456344495,pass,0.6638633380661884,fail,0.00201746177844888,0.13647240310867476,1.513640239721519,False,below,ab_fallback,ab_test,False
practitioner,19,noised_b-2,noised-b-2-1021,1021,switch_dr,0.3943684640481985,0.37636901722001187,0.4148262797973045,5.7925311963349575,0.5939796752235387,0.14247019030899072,237.5901189921946,0.0,distrust,1.6638633380661882,fail,1.8844556047155177,fail,-0.007331126456344495,pass,0.6638633380661884,fail,0.00201746177844888,0.13647240310867476,1.513640239721519,False,below,ab_fallback,ab_test,False
practitioner,19,noised_b-2,noised-b-2-1021,1021,dros,0.3961315005982841,0.3850583478167449,0.40914905770426213,13.734515190418552,0.5939796752235387,0.14247019030899072,237.5901189921946,0.0,distrust,1.6638633380661882,fail,1.8844556047155177,fail,-0.007331126456344495,pass,0.6638633380661884,fail,0.00201746177844888,0.13647240310867476,1.513640239721519,False,below,ab_fallback,ab_test,False
practitioner,19,noised_b2,noised-b2-1021,1021,ips,1.0339637632972294,0.9862057807815066,1.0840858976066223,,0.5939796752235387,0.35440654004423533,34.99890585197449,0.0,trust,1.6317833573413025,fail,1.8844556047155177,fail,-0.017852176837716085,pass,0.6317833573413025,fail,0.0056631021083677156,0.03350701106457792,1.0881755476683292,False,above,ab_fallback,ab_test,True
practitioner,19,noised_b2,noised-b2-1021,1021,snips,0.6336403411920363,0.6129439367744839,0.6548729036561606,,0.5939796752235387,0.35440654004423533,34.99890585197449,0.0,trust,1.6317833573413025,fail,1.8844556047155177,fail,-0.017852176837716085,pass,0.6317833573413025,fail,0.0056631021083677156,0.03350701106457792,1.0881755476683292,False,above,ab_fallback,ab_test,True
practitioner,19,noised_b2,noised-b2-1021,1021,clipped_ips,0.8365065785720808,0.8068225248161844,0.8645292828925645,3.5674443287386035,0.5939796752235387,0.35440654004423533,34.99890585197449,0.0,trust,1.6317833573413025,fail,1.8844556047155177,fail,-0.017852176837716085,pass,0.6317833573413025,fail,0.0056631021083677156,0.03350701106457792,1.0881755476683292,False,above,ab_fallback,ab_test,True
practitioner,19,noised_b2,noised-b2-1021,1021,dm,0.6472350791582184,0.6438637137084484,0.650600529709246,,0.5939796752235387,0.35440654004423533,34.99890585197449,0.0,trust,1.6317833573413025,fail,1.8844556047155177,fail,-0.017852176837716085,pass,0.6317833573413025,fail,0.0056631021083677156,0.03350701106457792,1.0881755476683292,False,above,ab_fallback,ab_test,True
practitioner,19,noised_b2,noised-b2-1021,1021,dr,0.6415719770498507,0.6086064331290305,0.67410280270224,,0.5939796752235387,0.35440654004423533,34.99890585197449,0.0,trust,1.6317833573413025,fail,1.8844556047155177,fail,-0.017852176837716085,pass,0.6317833573413025,fail,0.0056631021083677156,0.03350701106457792,1.0881755476683292,False,above,ab_fallback,ab_test,True
practitioner,19,noised_b2,noised-b2-1021,1021,switch_dr,0.6456906958620391,0.6253484337812691,0.6644007251978751,5.125191610998018,0.5939796752235387,0.35440654004423533,34.99890585197449,0.0,trust,1.6317833573413025,fail,1.8844556047155177,fail,-0.017852176837716085,pass,0.6317833573413025,fail,0.0056631021083677156,0.03350701106457792,1.0881755476683292,False,above,ab_fallback,ab_test,True
practitioner,19,noised_b2,noised-b2-1021,1021,dros,0.6429368672625755,0.6300923664652708,0.6561774812301165,12.726659038649226,0.5939796752235387,0.35440654004423533,34.99890585197449,0.0,trust,1.6317833573413025,fail,1.8844556047155177,fail,-0.017852176837716085,pass,0.6317833573413025,fail,0.0056631021083677156,0.03350701106457792,1.0881755476683292,False,above,ab_fallback,ab_test,True
practitioner,19,noised_b8,noised-b8-1021,1021,ips,1.2508085983915491,1.171958455147481,1.3264057700880478,,0.5939796752235387,0.1626456318942877,90.9714815848676,0.0,trust,1.5577666824463428,fail,1.8844556047155177,fail,-0.022385462095466338,pass,0.5577666824463429,fail,0.005240728723101544,0.07442298067672529,1.6213110467767264,False,above,ab_fallback,ab_test,False
practitioner,19,noised_b8,noised-b8-1021,1021,snips,0.8029498977518625,0.7748403264352455,0.8293982547443215,,0.5939796752235387,0.1626456318942877,90.9714815848676,0.0,trust,1.5577666824463428,fail,1.8844556047155177,fail,-0.022385462095466338,pass,0.5577666824463429,fail,0.005240728723101544,0.07442298067672529,1.6213110467767264,False,above,ab_fallback,ab_test,False
practitioner,19,noised_b8,noised-b8-1021,1021,clipped_ips,0.8221125422051087,0.7881622388138805,0.8561910952304447,3.9610206645367843,0.5939796752235387,0.1626456318942877,90.9714815848676,0.0,trust,1.5577666824463428,fail,1.8844556047155177,fail,-0.022385462095466338,pass,0.5577666824463429,fail,0.005240728723101544,0.07442298067672529,1.6213110467767264,False,above,ab_fallback,ab_test,False
practitioner,19,noised_b8,noised-b8-1021,1021,dm,0.8269228812144125,0.8223925554372157,0.831644758133897,,0.5939796752235387,0.1626456318942877,90.9714815848676,0.0,trust,1.5577666824463428,fail,1.8844556047155177,fail,-0.022385462095466338,pass,0.5577666824463429,fail,0.005240728723101544,0.07442298067672529,1.6213110467767264,False,above,ab_fallback,ab_test,False
practitioner,19,noised_b8,noised-b8-1021,1021,dr,0.8216821524913109,0.7756605219674739,0.8633543809921759,,0.5939796752235387,0.1626456318942877,90.9714815848676,0.0,trust,1.5577666824463428,fail,1.8844556047155177,fail,-0.022385462095466338,pass,0.5577666824463429,fail,0.005240728723101544,0.07442298067672529,1.6213110467767264,False,above,ab_fallback,ab_test,False
practitioner,19,noised_b8,noised-b8-1021,1021,switch_dr,0.8364216941971803,0.8164001136434123,0.8532191283818061,6.544527174313959,0.5939796752235387,0.1626456318942877,90.9714815848676,0.0,trust,1.5577666824463428,fail,1.8844556047155177,fail,-0.022385462095466338,pass,0.5577666824463429,fail,0.005240728723101544,0.07442298067672529,1.6213110467767264,False,above,ab_fallback,ab_test,False
practitioner,19,noised_b8,noised-b8-1021,1021,dros,0.8337973846728362,0.8220432936130694,0.8453462088198213,15.689684704887428,0.5939796752235387,0.1626456318942877,90.9714815848676,0.0,trust,1.5577666824463428,fail,1.8844556047155177,fail,-0.022385462095466338,pass,0.5577666824463429,fail,0.005240728723101544,0.07442298067672529,1.6213110467767264,False,above,ab_fallback,ab_test,False
practitioner,19,noised_b-2,noised-b-2-1022,1022,ips,0.5879035554138492,0.5341179365757649,0.6395845263268132,,0.5892649817973151,0.19699370297748878,105.94711234390665,0.0,distrust,1.65644536151579,fail,1.8081135063370815,fail,0.0035973098685629697,pass,0.6564453615157898,fail,0.04117102619263174,0.07585396951143493,1.6404626611840798,False,below,ab_fallback,ab_test,False
practitioner,19,noised_b-2,noised-b-2-1022,1022,snips,0.35491877309847814,0.3178380867182888,0.389306474913396,,0.5892649817973151,0.19699370297748878,105.94711234390665,0.0,distrust,1.65644536151579,fail,1.8081135063370815,fail,0.0035973098685629697,pass,0.6564453615157898,fail,0.04117102619263174,0.07585396951143493,1.6404626611840798,False,below,ab_fallback,ab_test,False
practitioner,19,noised_b-2,noised-b-2-1022,1022,clipped_ips,0.5201042644997975,0.49693323792386285,0.5432260883315003,3.8279904221827064,0.5892649817973151,0.19699370297748878,105.94711234390665,0.0,distrust,1.65644536151579,fail,1.8081135063370815,fail,0.0035973098685629697,pass,0.6564453615157898,fail,0.04117102619263174,0.07585396951143493,1.6404626611840798,False,below,ab_fallback,ab_test,False
practitioner,19,noised_b-2,noised-b-2-1022,1022,dm,0.37415055615262316,0.37045017908192324,0.37829943298823476,,0.5892649817973151,0.19699370297748878,105.94711234390665,0.0,distrust,1.65644536151579,fail,1.8081135063370815,fail,0.0035973098685629697,pass,0.6564453615157898,fail,0.04117102619263174,0.07585396951143493,1.6404626611840798,False,below,ab_fallback,ab_test,False
practitioner,19,noised_b-2,noised-b-2-1022,1022,dr,0.3329795299599914,0.28609476675444556,0.3775208572311912,,0.5892649817973151,0.19699370297748878,105.94711234390665,0.0,distrust,1.65644536151579,fail,1.8081135063370815,fail,0.0035973098685629697,pass,0.6564453615157898,fail,0.04117102619263174,0.07585396951143493,1.6404626611840798,False,below,ab_fallback,ab_test,False
practitioner,19,noised_b-2,noised-b-2-1022,1022,switch_dr,0.36674324380994305,0.34816103763493844,0.3849232192942837,6.222437597552648,0.5892649817973151,0.19699370297748878,105.94711234390665,0.0,distrust,1.65644536151579,fail,1.8081135063370815,fail,0.0035973098685629697,pass,0.6564453615157898,fail,0.04117102619263174,0.07585396951143493,1.6404626611840798,False,below,ab_fallback,ab_test,False
practitioner,19,noised_b-2,noised-b-2-1022,1022,dros,0.3698245621586432,0.3580399528229316,0.38229767617551746,14.653510672322534,0.5892649817973151,0.19699370297748878,105.94711234390665,0.0,distrust,1.65644536151579,fail,1.8081135063370815,fail,0.0035973098685629697,pass,0.6564453615157898,fail,0.04117102619263174,0.07585396951143493,1.6404626611840798,False,below,ab_fallback,ab_test,False
practitioner,19,noised_b2,noised-b2-1022,1022,ips,1.079590857300257,1.0322457291173404,1.1296358138640963,,0.5892649817973151,0.35282588637424045,56.81699291243308,0.0,trust,1.6564679763483172,fail,1.8081135063370815,fail,0.01719230126902116,pass,0.656467976348317,fail,0.012865911416784536,0.02563036646615475,1.145878603848269,False,above,ab_fallback,ab_test,True
practitioner,19,noised_b2,noised-b2-1022,1022,snips,0.6517426673591449,0.6299212117540582,0.6721673558849387,,0.5892649817973151,0.35282588637424045,56.81699291243308,0.0,trust,1.6564679763483172,fail,1.8081135063370815,fail,0.01719230126902116,pass,0.656467976348317,fail,0.012865911416784536,0.02563036646615475,1.145878603848269,False,above,ab_fallback,ab_test,True
practitioner,19,noised_b2,noised-b2-1022,1022,clipped_ips,0.8623896412611367,0.8343481189128366,0.8914047674606458,3.674433449700299,0.5892649817973151,0.35282588637424045,56.81699291243308,0.0,trust,1.6564679763483172,fail,1.8081135063370815,fail,0.01719230126902116,pass,0.656467976348317,fail,0.012865911416784536,0.02563036646615475,1.145878603848269,False,above,ab_fallback,ab_test,True
practitioner,19,noised_b2,noised-b2-1022,1022,dm,0.6554587463435677,0.6522806233484442,0.6591294468390666,,0.5892649817973151,0.35282588637424045,56.81699291243308,0.0,trust,1.6564679763483172,fail,1.8081135063370815,fail,0.01719230126902116,pass,0.656467976348317,fail,0.012865911416784536,0.02563036646615475,1.145878603848269,False,above,ab_fallback,ab_test,True
practitioner,19,noised_b2,noised-b2-1022,1022,dr,0.6425928349267832,0.6106106054399142,0.6774436893903845,,0.5892649817973151,0.35282588637424045,56.81699291243308,0.0,trust,1.6564679763483172,fail,1.8081135063370815,fail,0.01719230126902116,pass,0.656467976348317,fail,0.012865911416784536,0.02563036646615475,1.145878603848269,False,above,ab_fallback,ab_test,True
practitioner,19,noised_b2,noised-b2-1022,1022,switch_dr,0.6522116048986687,0.6332198892866021,0.6717784995589763,5.460270037097033,0.5892649817973151,0.35282588637424045,56.81699291243308,0.0,trust,1.6564679763483172,fail,1.8081135063370815,fail,0.01719230126902116,pass,0.656467976348317,fail,0.012865911416784536,0.02563036646615475,1.145878603848269,False,above,ab_fallback,ab_test,True
practitioner,19,noised_b2,noised-b2-1022,1022,dros,0.6509027343734269,0.6385702442352691,0.6643721591786554,13.501461176276438,0.5892649817973151,0.35282588637424045,56.81699291243308,0.0,trust,1.6564679763483172,fail,1.8081135063370815,fail,0.01719230126902116,pass,0.656467976348317,fail,0.012865911416784536,0.02563036646615475,1.145878603848269,False,above,ab_fallback,ab_test,True
practitioner,19,noised_b8,noised-b8-1022,1022,ips,1.3764414569736836,1.2893372702075827,1.4747188083821652,,0.5892649817973151,0.14513466495240898,112.88075249150192,0.0,distrust,1.6440924570748172,fail,1.8081135063370815,fail,0.04496455465753773,pass,0.6440924570748172,fail,0.005311575179197429,0.062455399567837404,1.8114525082257016,False,above,ab_fallback,ab_test,False
practitioner,19,noised_b8,noised-b8-1022,1022,snips,0.8372044108897985,0.8064233143410356,0.8648181898847583,,0.5892649817973151,0.14513466495240898,112.88075249150192,0.0,distrust,1.6440924570748172,fail,1.8081135063370815,fail,0.04496455465753773,pass,0.6440924570748172,fail,0.005311575179197429,0.062455399567837404,1.8114525082257016,False,above,ab_fallback,ab_test,False
practitioner,19,noised_b8,noised-b8-1022,1022,clipped_ips,0.8502632770911922,0.8154062775885268,0.8854993200561034,4.165849615563866,0.5892649817973151,0.14513466495240898,112.88075249150192,0.0,distrust,1.6440924570748172,fail,1.8081135063370815,fail,0.04496455465753773,pass,0.6440924570748172,fail,0.005311575179197429,0.062455399567837404,1.8114525082257016,False,above,ab_fallback,ab_test,False
practitioner,19,noised_b8,noised-b8-1022,1022,dm,0.8358230085775735,0.8311105712414745,0.8405922746304053,,0.5892649817973151,0.14513466495240898,112.88075249150192,0.0,distrust,1.6440924570748172,fail,1.8081135063370815,fail,0.04496455465753773,pass,0.6440924570748172,fail,0.005311575179197429,0.062455399567837404,1.8114525082257016,False,above,ab_fallback,ab_test,False
practitioner,19,noised_b8,noised-b8-1022,1022,dr,0.8305114333983761,0.7698375817266707,0.8844951399913741,,0.5892649817973151,0.14513466495240898,112.88075249150192,0.0,distrust,1.6440924570748172,fail,1.8081135063370815,fail,0.04496455465753773,pass,0.6440924570748172,fail,0.005311575179197429,0.062455399567837404,1.8114525082257016,False,above,ab_fallback,ab_test,False
practitioner,19,noised_b8,noised-b8-1022,1022,switch_dr,0.8461145586241788,0.8282431049963589,0.8654311050937431,6.892467230840062,0.5892649817973151,0.14513466495240898,112.88075249150192,0.0,distrust,1.6440924570748172,fail,1.8081135063370815,fail,0.04496455465753773,pass,0.6440924570748172,fail,0.005311575179197429,0.062455399567837404,1.8114525082257016,False,above,ab_fallback,ab_test,False
practitioner,19,noised_b8,noised-b8-1022,1022,dros,0.8427161457822396,0.831232177050676,0.8549472507479333,17.354303019493614,0.5892649817973151,0.14513466495240898,112.88075249150192,0.0,distrust,1.6440924570748172,fail,1.8081135063370815,fail,0.04496455465753773,pass,0.6440924570748172,fail,0.005311575179197429,0.062455399567837404,1.8114525082257016,False,above,ab_fallback,ab_test,False
practitioner,19,noised_b-2,noised-b-2-1023,1023,ips,0.6094229586350604,0.5653247340649028,0.652101945369833,,0.5932357239968744,0.1990868325250213,67.00760562660687,0.0,trust,1.605564997121238,fail,1.8708498034436596,fail,-0.0037799779595000483,pass,0.605564997121238,fail,0.00291735900453602,0.047025671144801565,1.5813042197996212,False,below,ab_fallback,ab_test,False
practitioner,19,noised_b-2,noised-b-2-1023,1023,snips,0.3795691608422889,0.35169001802385047,0.4061664699949719,,0.5932357239968744,0.1990868325250213,67.00760562660687,0.0,trust,1.605564997121238,fail,1.8708498034436596,fail,-0.0037799779595000483,pass,0.605564997121238,fail,0.00291735900453602,0.047025671144801565,1.5813042197996212,False,below,ab_fallback,ab_test,False
practitioner,19,noised_b-2,noised-b-2-1023,1023,clipped_ips,0.5194422048962534,0.4949906901577056,0.5430422351263393,3.6447595751956943,0.5932357239968744,0.1990868325250213,67.00760562660687,0.0,trust,1.605564997121238,fail,1.8708498034436596,fail,-0.0037799779595000483,pass,0.605564997121238,fail,0.00291735900453602,0.047025671144801565,1.5813042197996212,False,below,ab_fallback,ab_test,False
practitioner,19,noised_b-2,noised-b-2-1023,1023,dm,0.3844025719399532,0.38025342981164545,0.3882837682514009,,0.5932357239968744,0.1990868325250213,67.00760562660687,0.0,trust,1.605564997121238,fail,1.8708498034436596,fail,-0.0037799779595000483,pass,0.605564997121238,fail,0.00291735900453602,0.047025671144801565,1.5813042197996212,False,below,ab_fallback,ab_test,False
practitioner,19,noised_b-2,noised-b-2-1023,1023,dr,0.38148521293541715,0.34029893360024815,0.4255953161522773,,0.5932357239968744,0.1990868325250213,67.00760562660687,0.0,trust,1.605564997121238,fail,1.8708498034436596,fail,-0.0037799779595000483,pass,0.605564997121238,fail,0.00291735900453602,0.047025671144801565,1.5813042197996212,False,below,ab_fallback,ab_test,False
practitioner,19,noised_b-2,noised-b-2-1023,1023,switch_dr,0.3756724357041239,0.35388091009808875,0.39543573861103987,5.749826543076537,0.5932357239968744,0.1990868325250213,67.00760562660687,0.0,trust,1.605564997121238,fail,1.8708498034436596,fail,-0.0037799779595000483,pass,0.605564997121238,fail,0.00291735900453602,0.047025671144801565,1.5813042197996212,False,below,ab_fallback,ab_test,False
practitioner,19,noised_b-2,noised-b-2-1023,1023,dros,0.3783048510790165,0.3652791657110465,0.39101283552049393,13.284272360980697,0.5932357239968744,0.1990868325250213,67.00760562660687,0.0,trust,1.605564997121238,fail,1.8708498034436596,fail,-0.0037799779595000483,pass,0.605564997121238,fail,0.00291735900453602,0.047025671144801565,1.5813042197996212,False,below,ab_fallback,ab_test,False
practitioner,19,noised_b2,noised-b2-1023,1023,ips,1.0526552103867597,1.0047633146752541,1.1088921354766859,,0.5932357239968744,0.3109477667294307,73.39031022058312,0.0,trust,1.621190739942576,fail,1.8708498034436596,fail,0.008279194859595511,pass,0.621190739942576,fail,0.03054231927533503,0.027156926170872845,1.1296639176495251,False,above,ab_fallback,ab_test,True
practitioner,19,noised_b2,noised-b2-1023,1023,snips,0.6493099081136163,0.6297560132717913,0.6692598751757646,,0.5932357239968744,0.3109477667294307,73.39031022058312,0.0,trust,1.621190739942576,fail,1.8708498034436596,fail,0.008279194859595511,pass,0.621190739942576,fail,0.03054231927533503,0.027156926170872845,1.1296639176495251,False,above,ab_fallback,ab_test,True
practitioner,19,noised_b2,noised-b2-1023,1023,clipped_ips,0.8421023686788859,0.8147065458775588,0.8727514398462285,3.50045836373403,0.5932357239968744,0.3109477667294307,73.39031022058312,0.0,trust,1.621190739942576,fail,1.8708498034436596,fail,0.008279194859595511,pass,0.621190739942576,fail,0.03054231927533503,0.027156926170872845,1.1296639176495251,False,above,ab_fallback,ab_test,True
practitioner,19,noised_b2,noised-b2-1023,1023,dm,0.66132254901734,0.6576466983337628,0.6645811742626808,,0.5932357239968744,0.3109477667294307,73.39031022058312,0.0,trust,1.621190739942576,fail,1.8708498034436596,fail,0.008279194859595511,pass,0.621190739942576,fail,0.03054231927533503,0.027156926170872845,1.1296639176495251,False,above,ab_fallback,ab_test,True
practitioner,19,noised_b2,noised-b2-1023,1023,dr,0.630780229742005,0.590496534332019,0.6668347956178001,,0.5932357239968744,0.3109477667294307,73.39031022058312,0.0,trust,1.621190739942576,fail,1.8708498034436596,fail,0.008279194859595511,pass,0.621190739942576,fail,0.03054231927533503,0.027156926170872845,1.1296639176495251,False,above,ab_fallback,ab_test,True
practitioner,19,noised_b2,noised-b2-1023,1023,switch_dr,0.6646672561307639,0.647189415577543,0.6843801669147735,5.086053075510581,0.5932357239968744,0.3109477667294307,73.39031022058312,0.0,trust,1.621190739942576,fail,1.8708498034436596,fail,0.008279194859595511,pass,0.621190739942576,fail,0.03054231927533503,0.027156926170872845,1.1296639176495251,False,above,ab_fallback,ab_test,True
practitioner,19,noised_b2,noised-b2-1023,1023,dros,0.660834713326407,0.6482914750885864,0.6745189778494689,12.253208756235523,0.5932357239968744,0.3109477667294307,73.39031022058312,0.0,trust,1.621190739942576,fail,1.8708498034436596,fail,0.008279194859595511,pass,0.621190739942576,fail,0.03054231927533503,0.027156926170872845,1.1296639176495251,False,above,ab_fallback,ab_test,True
practitioner,19,noised_b8,noised-b8-1023,1023,ips,1.34505084159692,1.2485733816457114,1.456963622244679,,0.5932357239968744,0.09398979463436834,242.22099225495435,0.0,distrust,1.6364770099222006,fail,1.8708498034436596,fail,0.029571553464058372,pass,0.6364770099222005,fail,0.05254187935546111,0.0932570679485281,1.735782026550266,False,above,ab_fallback,ab_test,False
practitioner,19,noised_b8,noised-b8-1023,1023,snips,0.8219185686335214,0.7887737560921726,0.8532828135791338,,0.5932357239968744,0.09398979463436834,242.22099225495435,0.0,distrust,1.6364770099222006,fail,1.8708498034436596,fail,0.029571553464058372,pass,0.6364770099222005,fail,0.05254187935546111,0.0932570679485281,1.735782026550266,False,above,ab_fallback,ab_test,False
practitioner,19,noised_b8,noised-b8-1023,1023,clipped_ips,0.8221354301255125,0.7903795720462966,0.8549495583499017,4.0658444907930855,0.5932357239968744,0.09398979463436834,242.22099225495435,0.0,distrust,1.6364770099222006,fail,1.8708498034436596,fail,0.029571553464058372,pass,0.6364770099222005,fail,0.05254187935546111,0.0932570679485281,1.735782026550266,False,above,ab_fallback,ab_test,False
practitioner,19,noised_b8,noised-b8-1023,1023,dm,0.844850381780773,0.8396304710126169,0.8491641142447596,,0.5932357239968744,0.09398979463436834,242.22099225495435,0.0,distrust,1.6364770099222006,fail,1.8708498034436596,fail,0.029571553464058372,pass,0.6364770099222005,fail,0.05254187935546111,0.0932570679485281,1.735782026550266,False,above,ab_fallback,ab_test,False
practitioner,19,noised_b8,noised-b8-1023,1023,dr,0.7923085024253119,0.7186839296114891,0.8554011953065906,,0.5932357239968744,0.09398979463436834,242.22099225495435,0.0,distrust,1.6364770099222006,fail,1.8708498034436596,fail,0.029571553464058372,pass,0.6364770099222005,fail,0.05254187935546111,0.0932570679485281,1.735782026550266,False,above,ab_fallback,ab_test,False
practitioner,19,noised_b8,noised-b8-1023,1023,switch_dr,0.8549973371797658,0.8377955327671581,0.8754670731916384,6.990519101679413,0.5932357239968744,0.09398979463436834,242.22099225495435,0.0,distrust,1.6364770099222006,fail,1.8708498034436596,fail,0.029571553464058372,pass,0.6364770099222005,fail,0.05254187935546111,0.0932570679485281,1.735782026550266,False,above,ab_fallback,ab_test,False
practitioner,19,noised_b8,noised-b8-1023,1023,dros,0.8550093027996035,0.8442017410486887,0.8682738884921384,16.531091423312485,0.5932357239968744,0.09398979463436834,242.22099225495435,0.0,distrust,1.6364770099222006,fail,1.8708498034436596,fail,0.029571553464058372,pass,0.6364770099222005,fail,0.05254187935546111,0.0932570679485281,1.735782026550266,False,above,ab_fallback,ab_test,False
practitioner,19,noised_b-2,noised-b-2-1024,1024,ips,0.6347914442978412,0.5909929423469392,0.6834990321302299,,0.5937493980699211,0.2253519976554962,62.2408889874109,0.0,trust,1.6389613596182264,fail,1.8522514634183036,fail,-0.014876423059610115,pass,0.6389613596182264,fail,0.012911869573394517,0.023617821690040144,1.5400703127236413,False,below,ab_fallback,ab_test,False
practitioner,19,noised_b-2,noised-b-2-1024,1024,snips,0.38731324602167994,0.36132246693339165,0.4163965519307242,,0.5937493980699211,0.2253519976554962,62.2408889874109,0.0,trust,1.6389613596182264,fail,1.8522514634183036,fail,-0.014876423059610115,pass,0.6389613596182264,fail,0.012911869573394517,0.023617821690040144,1.5400703127236413,False,below,ab_fallback,ab_test,False
practitioner,19,noised_b-2,noised-b-2-1024,1024,clipped_ips,0.5430104949537782,0.5203383222610175,0.5668658092334675,3.8053911489948344,0.5937493980699211,0.2253519976554962,62.2408889874109,0.0,trust,1.6389613596182264,fail,1.8522514634183036,fail,-0.014876423059610115,pass,0.6389613596182264,fail,0.012911869573394517,0.023617821690040144,1.5400703127236413,False,below,ab_fallback,ab_test,False
practitioner,19,noised_b-2,noised-b-2-1024,1024,dm,0.38958291654446164,0.38550468041986696,0.39382221878194856,,0.5937493980699211,0.2253519976554962,62.2408889874109,0.0,trust,1.6389613596182264,fail,1.8522514634183036,fail,-0.014876423059610115,pass,0.6389613596182264,fail,0.012911869573394517,0.023617821690040144,1.5400703127236413,False,below,ab_fallback,ab_test,False
practitioner,19,noised_b-2,noised-b-2-1024,1024,dr,0.3766710469710671,0.3369973485341929,0.41780525753911163,,0.5937493980699211,0.2253519976554962,62.2408889874109,0.0,trust,1.6389613596182264,fail,1.8522514634183036,fail,-0.014876423059610115,pass,0.6389613596182264,fail,0.012911869573394517,0.023617821690040144,1.5400703127236413,False,below,ab_fallback,ab_test,False
practitioner,19,noised_b-2,noised-b-2-1024,1024,switch_dr,0.3830522362329289,0.362475580106496,0.4026997110402819,6.073498501004457,0.5937493980699211,0.2253519976554962,62.2408889874109,0.0,trust,1.6389613596182264,fail,1.8522514634183036,fail,-0.014876423059610115,pass,0.6389613596182264,fail,0.012911869573394517,0.023617821690040144,1.5400703127236413,False,below,ab_fallback,ab_test,False
practitioner,19,noised_b-2,noised-b-2-1024,1024,dros,0.38448883052938065,0.371061846134956,0.3970671568051231,14.481001796848226,0.5937493980699211,0.2253519976554962,62.2408889874109,0.0,trust,1.6389613596182264,fail,1.8522514634183036,fail,-0.014876423059610115,pass,0.6389613596182264,fail,0.012911869573394517,0.023617821690040144,1.5400703127236413,False,below,ab_fallback,ab_test,False
practitioner,19,noised_b2,noised-b2-1024,1024,ips,1.0927457921029389,1.034526029847122,1.1536855233439969,,0.5937493980699211,0.33023614655804095,59.4003957178112,0.0,trust,1.6555424322859769,fail,1.8522514634183036,fail,-0.012589008533315365,pass,0.6555424322859766,fail,0.0073444957560992565,0.06901395632923828,1.1512843787006102,False,above,ab_fallback,ab_test,True
practitioner,19,noised_b2,noised-b2-1024,1024,snips,0.6600530260007127,0.6362104947492955,0.6852867251485577,,0.5937493980699211,0.33023614655804095,59.4003957178112,0.0,trust,1.6555424322859769,fail,1.8522514634183036,fail,-0.012589008533315365,pass,0.6555424322859766,fail,0.0073444957560992565,0.06901395632923828,1.1512843787006102,False,above,ab_fallback,ab_test,True
practitioner,19,noised_b2,noised-b2-1024,1024,clipped_ips,0.8610333762000381,0.8318133116596161,0.8917578162899719,3.5869396478774083,0.5937493980699211,0.33023614655804095,59.4003957178112,0.0,trust,1.6555424322859769,fail,1.8522514634183036,fail,-0.012589008533315365,pass,0.6555424322859766,fail,0.0073444957560992565,0.06901395632923828,1.1512843787006102,False,above,ab_fallback,ab_test,True
practitioner,19,noised_b2,noised-b2-1024,1024,dm,0.6552127562899704,0.6514606839324595,0.6589349821184709,,0.5937493980699211,0.33023614655804095,59.4003957178112,0.0,trust,1.6555424322859769,fail,1.8522514634183036,fail,-0.012589008533315365,pass,0.6555424322859766,fail,0.0073444957560992565,0.06901395632923828,1.1512843787006102,False,above,ab_fallback,ab_test,True
practitioner,19,noised_b2,noised-b2-1024,1024,dr,0.6478682605338711,0.6112257102720619,0.6842023579753801,,0.5937493980699211,0.33023614655804095,59.4003957178112,0.0,trust,1.6555424322859769,fail,1.8522514634183036,fail,-0.012589008533315365,pass,0.6555424322859766,fail,0.0073444957560992565,0.06901395632923828,1.1512843787006102,False,above,ab_fallback,ab_test,True
practitioner,19,noised_b2,noised-b2-1024,1024,switch_dr,0.6542555589944313,0.6339581656439724,0.6774674149316613,5.231343237739631,0.5937493980699211,0.33023614655804095,59.4003957178112,0.0,trust,1.6555424322859769,fail,1.8522514634183036,fail,-0.012589008533315365,pass,0.6555424322859766,fail,0.0073444957560992565,0.06901395632923828,1.1512843787006102,False,above,ab_fallback,ab_test,True
practitioner,19,noised_b2,noised-b2-1024,1024,dros,0.6543742788491917,0.6404451248556098,0.6686478848619462,12.866136037514906,0.5937493980699211,0.33023614655804095,59.4003957178112,0.0,trust,1.6555424322859769,fail,1.8522514634183036,fail,-0.012589008533315365,pass,0.6555424322859766,fail,0.0073444957560992565,0.06901395632923828,1.1512843787006102,False,above,ab_fallback,ab_test,True
practitioner,19,noised_b8,noised-b8-1024,1024,ips,1.3974578138284552,1.2896604209261986,1.5200046364386364,,0.5937493980699211,0.11798758481957661,131.7715350373352,0.0,distrust,1.666462418461269,fail,1.8522514634183036,fail,0.002086917231327813,pass,0.6784581290156235,fail,0.0224252462658137,0.16260265764400791,1.7537983224768343,False,above,ab_fallback,ab_test,False
practitioner,19,noised_b8,noised-b8-1024,1024,snips,0.8385774550612429,0.7947240245571958,0.8744474344491386,,0.5937493980699211,0.11798758481957661,131.7715350373352,0.0,distrust,1.666462418461269,fail,1.8522514634183036,fail,0.002086917231327813,pass,0.6784581290156235,fail,0.0224252462658137,0.16260265764400791,1.7537983224768343,False,above,ab_fallback,ab_test,False
practitioner,19,noised_b8,noised-b8-1024,1024,clipped_ips,0.8285181226329212,0.7944222524090784,0.8629204295902052,4.141989784537136,0.5937493980699211,0.11798758481957661,131.7715350373352,0.0,distrust,1.666462418461269,fail,1.8522514634183036,fail,0.002086917231327813,pass,0.6784581290156235,fail,0.0224252462658137,0.16260265764400791,1.7537983224768343,False,above,ab_fallback,ab_test,False
practitioner,19,noised_b8,noised-b8-1024,1024,dm,0.8332312708252257,0.8282448265485008,0.8380144287381052,,0.5937493980699211,0.11798758481957661,131.7715350373352,0.0,distrust,1.666462418461269,fail,1.8522514634183036,fail,0.002086917231327813,pass,0.6784581290156235,fail,0.0224252462658137,0.16260265764400791,1.7537983224768343,False,above,ab_fallback,ab_test,False
practitioner,19,noised_b8,noised-b8-1024,1024,dr,0.8108060245594121,0.7383168544112735,0.8720487619496881,,0.5937493980699211,0.11798758481957661,131.7715350373352,0.0,distrust,1.666462418461269,fail,1.8522514634183036,fail,0.002086917231327813,pass,0.6784581290156235,fail,0.0224252462658137,0.16260265764400791,1.7537983224768343,False,above,ab_fallback,ab_test,False
practitioner,19,noised_b8,noised-b8-1024,1024,switch_dr,0.8462296582866543,0.8255904187653041,0.8663384643717827,7.530180001220966,0.5937493980699211,0.11798758481957661,131.7715350373352,0.0,distrust,1.666462418461269,fail,1.8522514634183036,fail,0.002086917231327813,pass,0.6784581290156235,fail,0.0224252462658137,0.16260265764400791,1.7537983224768343,False,above,ab_fallback,ab_test,False
practitioner,19,noised_b8,noised-b8-1024,1024,dros,0.8394652893494233,0.8271867808120187,0.8521866110061004,17.15607937520999,0.5937493980699211,0.11798758481957661,131.7715350373352,0.0,distrust,1.666462418461269,fail,1.8522514634183036,fail,0.002086917231327813,pass,0.6784581290156235,fail,0.0224252462658137,0.16260265764400791,1.7537983224768343,False,above,ab_fallback,ab_test,False
practitioner,19,noised_b-2,noised-b-2-1025,1025,ips,0.5927654726593709,0.5457282473241741,0.6458184596676688,,0.5933557027599691,0.22025781619661913,60.30043117254258,0.0,trust,1.637333492497753,fail,1.7796916217655512,fail,0.05100985113364288,fail,0.6373334924977531,fail,0.059504445082410894,0.11841481509483372,1.6198281140270065,False,below,ab_fallback,ab_test,False
practitioner,19,noised_b-2,noised-b-2-1025,1025,snips,0.3620309945258048,0.3282843742690007,0.3976730439654706,,0.5933557027599691,0.22025781619661913,60.30043117254258,0.0,trust,1.637333492497753,fail,1.7796916217655512,fail,0.05100985113364288,fail,0.6373334924977531,fail,0.059504445082410894,0.11841481509483372,1.6198281140270065,False,below,ab_fallback,ab_test,False
practitioner,19,noised_b-2,noised-b-2-1025,1025,clipped_ips,0.5256799003310717,0.5010812482718802,0.5468668482892529,3.775893253947378,0.5933557027599691,0.22025781619661913,60.30043117254258,0.0,trust,1.637333492497753,fail,1.7796916217655512,fail,0.05100985113364288,fail,0.6373334924977531,fail,0.059504445082410894,0.11841481509483372,1.6198281140270065,False,below,ab_fallback,ab_test,False
practitioner,19,noised_b-2,noised-b-2-1025,1025,dm,0.40766509595442496,0.4040807963211919,0.4115474656292316,,0.5933557027599691,0.22025781619661913,60.30043117254258,0.0,trust,1.637333492497753,fail,1.7796916217655512,fail,0.05100985113364288,fail,0.6373334924977531,fail,0.059504445082410894,0.11841481509483372,1.6198281140270065,False,below,ab_fallback,ab_test,False
practitioner,19,noised_b-2,noised-b-2-1025,1025,dr,0.3481606508720141,0.29552473701722104,0.39799081568891403,,0.5933557027599691,0.22025781619661913,60.30043117254258,0.0,trust,1.637333492497753,fail,1.7796916217655512,fail,0.05100985113364288,fail,0.6373334924977531,fail,0.059504445082410894,0.11841481509483372,1.6198281140270065,False,below,ab_fallback,ab_test,False
practitioner,19,noised_b-2,noised-b-2-1025,1025,switch_dr,0.3819416647180466,0.36176459259165966,0.40074054093422196,5.914913644316709,0.5933557027599691,0.22025781619661913,60.30043117254258,0.0,trust,1.637333492497753,fail,1.7796916217655512,fail,0.05100985113364288,fail,0.6373334924977531,fail,0.059504445082410894,0.11841481509483372,1.6198281140270065,False,below,ab_fallback,ab_test,False
practitioner,19,noised_b-2,noised-b-2-1025,1025,dros,0.39647909933454056,0.3837255948670397,0.408425443383327,14.25736986520532,0.5933557027599691,0.22025781619661913,60.30043117254258,0.0,trust,1.637333492497753,fail,1.7796916217655512,fail,0.05100985113364288,fail,0.6373334924977531,fail,0.059504445082410894,0.11841481509483372,1.6198281140270065,False,below,ab_fallback,ab_test,False
practitioner,19,noised_b2,noised-b2-1025,1025,ips,1.033250850445116,0.9822883396738421,1.0892905585338828,,0.5933557027599691,0.35145765479532814,41.30969418513543,0.0,trust,1.6310289297142513,fail,1.7796916217655512,fail,0.034112936409593904,fail,0.6310289297142511,fail,0.035498152648906184,0.06394853337594474,1.0886984029957893,False,above,ab_fallback,ab_test,True
practitioner,19,noised_b2,noised-b2-1025,1025,snips,0.6334963357309285,0.6082158943994542,0.6580705003956338,,0.5933557027599691,0.35145765479532814,41.30969418513543,0.0,trust,1.6310289297142513,fail,1.7796916217655512,fail,0.034112936409593904,fail,0.6310289297142511,fail,0.035498152648906184,0.06394853337594474,1.0886984029957893,False,above,ab_fallback,ab_test,True
practitioner,19,noised_b2,noised-b2-1025,1025,clipped_ips,0.8405550762429943,0.8112756480062792,0.8699681918484041,3.673927988646758,0.5933557027599691,0.35145765479532814,41.30969418513543,0.0,trust,1.6310289297142513,fail,1.7796916217655512,fail,0.034112936409593904,fail,0.6310289297142511,fail,0.035498152648906184,0.06394853337594474,1.0886984029957893,False,above,ab_fallback,ab_test,True
practitioner,19,noised_b2,noised-b2-1025,1025,dm,0.6523948372915279,0.6490169953873514,0.6557187382169017,,0.5933557027599691,0.35145765479532814,41.30969418513543,0.0,trust,1.6310289297142513,fail,1.7796916217655512,fail,0.034112936409593904,fail,0.6310289297142511,fail,0.035498152648906184,0.06394853337594474,1.0886984029957893,False,above,ab_fallback,ab_test,True
practitioner,19,noised_b2,noised-b2-1025,1025,dr,0.6168966846426217,0.5796234918680184,0.6548182413147591,,0.5933557027599691,0.35145765479532814,41.30969418513543,0.0,trust,1.6310289297142513,fail,1.7796916217655512,fail,0.034112936409593904,fail,0.6310289297142511,fail,0.035498152648906184,0.06394853337594474,1.0886984029957893,False,above,ab_fallback,ab_test,True
practitioner,19,noised_b2,noised-b2-1025,1025,switch_dr,0.6436345669490273,0.6220706219730735,0.6662127031071974,5.247450108975289,0.5933557027599691,0.35145765479532814,41.30969418513543,0.0,trust,1.6310289297142513,fail,1.7796916217655512,fail,0.034112936409593904,fail,0.6310289297142511,fail,0.035498152648906184,0.06394853337594474,1.0886984029957893,False,above,ab_fallback,ab_test,True
practitioner,19,noised_b2,noised-b2-1025,1025,dros,0.6424397830866719,0.6279321979165947,0.657194691217015,13.497746865762014,0.5933557027599691,0.35145765479532814,41.30969418513543,0.0,trust,1.6310289297142513,fail,1.7796916217655512,fail,0.034112936409593904,fail,0.6310289297142511,fail,0.035498152648906184,0.06394853337594474,1.0886984029957893,False,above,ab_fallback,ab_test,True
practitioner,19,noised_b8,noised-b8-1025,1025,ips,1.350491451381742,1.2532650832769237,1.447163760966898,,0.5933557027599691,0.1573031007260449,72.78361327072746,0.0,trust,1.6479742622299283,fail,1.7796916217655512,fail,0.05110466086428111,fail,0.6479742622299283,fail,0.038092308180834915,0.07980523936905758,1.6859764965541422,False,above,ab_fallback,ab_test,False
practitioner,19,noised_b8,noised-b8-1025,1025,snips,0.8194857664550826,0.7893667814453463,0.8491774205661322,,0.5933557027599691,0.1573031007260449,72.78361327072746,0.0,trust,1.6479742622299283,fail,1.7796916217655512,fail,0.05110466086428111,fail,0.6479742622299283,fail,0.038092308180834915,0.07980523936905758,1.6859764965541422,False,above,ab_fallback,ab_test,False
practitioner,19,noised_b8,noised-b8-1025,1025,clipped_ips,0.8430364311912173,0.8077722080127884,0.8807844248547089,4.3793236416667805,0.5933557027599691,0.1573031007260449,72.78361327072746,0.0,trust,1.6479742622299283,fail,1.7796916217655512,fail,0.05110466086428111,fail,0.6479742622299283,fail,0.038092308180834915,0.07980523936905758,1.6859764965541422,False,above,ab_fallback,ab_test,False
practitioner,19,noised_b8,noised-b8-1025,1025,dm,0.8332380306401594,0.828575226753688,0.8378225506486051,,0.5933557027599691,0.1573031007260449,72.78361327072746,0.0,trust,1.6479742622299283,fail,1.7796916217655512,fail,0.05110466086428111,fail,0.6479742622299283,fail,0.038092308180834915,0.07980523936905758,1.6859764965541422,False,above,ab_fallback,ab_test,False
practitioner,19,noised_b8,noised-b8-1025,1025,dr,0.7951457224593246,0.7435902019529586,0.8417983184139091,,0.5933557027599691,0.1573031007260449,72.78361327072746,0.0,trust,1.6479742622299283,fail,1.7796916217655512,fail,0.05110466086428111,fail,0.6479742622299283,fail,0.038092308180834915,0.07980523936905758,1.6859764965541422,False,above,ab_fallback,ab_test,False
practitioner,19,noised_b8,noised-b8-1025,1025,switch_dr,0.8257273277465469,0.804657796660831,0.8474710541512516,7.355613154110604,0.5933557027599691,0.1573031007260449,72.78361327072746,0.0,trust,1.6479742622299283,fail,1.7796916217655512,fail,0.05110466086428111,fail,0.6479742622299283,fail,0.038092308180834915,0.07980523936905758,1.6859764965541422,False,above,ab_fallback,ab_test,False
practitioner,19,noised_b8,noised-b8-1025,1025,dros,0.8320672483211671,0.8182158169642104,0.8455305055396624,19.178475558461592,0.5933557027599691,0.1573031007260449,72.78361327072746,0.0,trust,1.6479742622299283,fail,1.7796916217655512,fail,0.05110466086428111,fail,0.6479742622299283,fail,0.038092308180834915,0.07980523936905758,1.6859764965541422,False,above,ab_fallback,ab_test,False
practitioner,19,noised_b-2,noised-b-2-1026,1026,ips,0.5808649484409971,0.5347329364667616,0.6290628386448444,,0.5975714798393511,0.19249655874400104,95.63247708119927,0.0,trust,1.6112286810854302,fail,1.7071824920997696,fail,-0.01283228929586091,pass,0.6112286810854302,fail,0.04046334348207528,0.04577968205495465,1.6574965212603443,False,below,ab_fallback,ab_test,False
practitioner,19,noised_b-2,noised-b-2-1026,1026,snips,0.3605105564839425,0.32912082179405633,0.39191725926142196,,0.5975714798393511,0.19249655874400104,95.63247708119927,0.0,trust,1.6112286810854302,fail,1.7071824920997696,fail,-0.01283228929586091,pass,0.6112286810854302,fail,0.04046334348207528,0.04577968205495465,1.6574965212603443,False,below,ab_fallback,ab_test,False
practitioner,19,noised_b-2,noised-b-2-1026,1026,clipped_ips,0.5159133402685574,0.4934672724474312,0.5399194193303636,3.7539768845953994,0.5975714798393511,0.19249655874400104,95.63247708119927,0.0,trust,1.6112286810854302,fail,1.7071824920997696,fail,-0.01283228929586091,pass,0.6112286810854302,fail,0.04046334348207528,0.04577968205495465,1.6574965212603443,False,below,ab_fallback,ab_test,False
practitioner,19,noised_b-2,noised-b-2-1026,1026,dm,0.3807662733005685,0.3770959322240151,0.3842666530561458,,0.5975714798393511,0.19249655874400104,95.63247708119927,0.0,trust,1.6112286810854302,fail,1.7071824920997696,fail,-0.01283228929586091,pass,0.6112286810854302,fail,0.04046334348207528,0.04577968205495465,1.6574965212603443,False,below,ab_fallback,ab_test,False
practitioner,19,noised_b-2,noised-b-2-1026,1026,dr,0.3403029298184932,0.29403265077862667,0.3828373723437188,,0.5975714798393511,0.19249655874400104,95.63247708119927,0.0,trust,1.6112286810854302,fail,1.7071824920997696,fail,-0.01283228929586091,pass,0.6112286810854302,fail,0.04046334348207528,0.04577968205495465,1.6574965212603443,False,below,ab_fallback,ab_test,False
practitioner,19,noised_b-2,noised-b-2-1026,1026,switch_dr,0.3790246052291791,0.3607425796651874,0.3984068825610735,5.9397083340795165,0.5975714798393511,0.19249655874400104,95.63247708119927,0.0,trust,1.6112286810854302,fail,1.7071824920997696,fail,-0.01283228929586091,pass,0.6112286810854302,fail,0.04046334348207528,0.04577968205495465,1.6574965212603443,False,below,ab_fallback,ab_test,False
practitioner,19,noised_b-2,noised-b-2-1026,1026,dros,0.3753636707377184,0.36323567744017243,0.38764461886792584,14.09234245007658,0.5975714798393511,0.19249655874400104,95.63247708119927,0.0,trust,1.6112286810854302,fail,1.7071824920997696,fail,-0.01283228929586091,pass,0.6112286810854302,fail,0.04046334348207528,0.04577968205495465,1.6574965212603443,False,below,ab_fallback,ab_test,False
practitioner,19,noised_b2,noised-b2-1026,1026,ips,1.0785711193913285,1.0236738031369643,1.132195331470618,,0.5975714798393511,0.34513164372941013,53.20223502655535,0.0,trust,1.641701804097645,fail,1.7071824920997696,fail,-0.01330151870196872,pass,0.6417018040976448,fail,0.012418203619052206,0.03640443378305124,1.1371829167126855,False,above,ab_fallback,ab_test,True
practitioner,19,noised_b2,noised-b2-1026,1026,snips,0.6569835744221291,0.6325217799766918,0.6796519931251802,,0.5975714798393511,0.34513164372941013,53.20223502655535,0.0,trust,1.641701804097645,fail,1.7071824920997696,fail,-0.01330151870196872,pass,0.6417018040976448,fail,0.012418203619052206,0.03640443378305124,1.1371829167126855,False,above,ab_fallback,ab_test,True
practitioner,19,noised_b2,noised-b2-1026,1026,clipped_ips,0.8607554412743188,0.8301102778500202,0.8882587794440769,3.711234193127676,0.5975714798393511,0.34513164372941013,53.20223502655535,0.0,trust,1.641701804097645,fail,1.7071824920997696,fail,-0.01330151870196872,pass,0.6417018040976448,fail,0.012418203619052206,0.03640443378305124,1.1371829167126855,False,above,ab_fallback,ab_test,True
practitioner,19,noised_b2,noised-b2-1026,1026,dm,0.6681851014405383,0.6646059021765212,0.6720883316105855,,0.5975714798393511,0.34513164372941013,53.20223502655535,0.0,trust,1.641701804097645,fail,1.7071824920997696,fail,-0.01330151870196872,pass,0.6417018040976448,fail,0.012418203619052206,0.03640443378305124,1.1371829167126855,False,above,ab_fallback,ab_test,True
practitioner,19,noised_b2,noised-b2-1026,1026,dr,0.6557668978214861,0.6215358245549014,0.6922288161977206,,0.5975714798393511,0.34513164372941013,53.20223502655535,0.0,trust,1.641701804097645,fail,1.7071824920997696,fail,-0.01330151870196872,pass,0.6417018040976448,fail,0.012418203619052206,0.03640443378305124,1.1371829167126855,False,above,ab_fallback,ab_test,True
practitioner,19,noised_b2,noised-b2-1026,1026,switch_dr,0.6691019436997426,0.6489495927707312,0.6876542367151077,5.323926941486999,0.5975714798393511,0.34513164372941013,53.20223502655535,0.0,trust,1.641701804097645,fail,1.7071824920997696,fail,-0.01330151870196872,pass,0.6417018040976448,fail,0.012418203619052206,0.03640443378305124,1.1371829167126855,False,above,ab_fallback,ab_test,True
practitioner,19,noised_b2,noised-b2-1026,1026,dros,0.6662354830869132,0.6539893064954075,0.678512058951083,13.773259236240033,0.5975714798393511,0.34513164372941013,53.20223502655535,0.0,trust,1.641701804097645,fail,1.7071824920997696,fail,-0.01330151870196872,pass,0.6417018040976448,fail,0.012418203619052206,0.03640443378305124,1.1371829167126855,False,above,ab_fallback,ab_test,True
practitioner,19,noised_b8,noised-b8-1026,1026,ips,1.3382850378059408,1.2473841835480648,1.4434606978330324,,0.5975714798393511,0.14281580404829672,92.1553015991219,0.0,trust,1.6213959396451993,fail,1.7071824920997696,fail,0.021142988732146973,pass,0.6213959396451992,fail,0.016666795970306,0.05653412529608025,1.7039031694627698,False,above,ab_fallback,ab_test,False
practitioner,19,noised_b8,noised-b8-1026,1026,snips,0.8253906433852239,0.7942523564100532,0.8596931211258617,,0.5975714798393511,0.14281580404829672,92.1553015991219,0.0,trust,1.6213959396451993,fail,1.7071824920997696,fail,0.021142988732146973,pass,0.6213959396451992,fail,0.016666795970306,0.05653412529608025,1.7039031694627698,False,above,ab_fallback,ab_test,False
practitioner,19,noised_b8,noised-b8-1026,1026,clipped_ips,0.8398612339857344,0.8027432098978068,0.8772030152484555,4.235163890536126,0.5975714798393511,0.14281580404829672,92.1553015991219,0.0,trust,1.6213959396451993,fail,1.7071824920997696,fail,0.021142988732146973,pass,0.6213959396451992,fail,0.016666795970306,0.05653412529608025,1.7039031694627698,False,above,ab_fallback,ab_test,False
practitioner,19,noised_b8,noised-b8-1026,1026,dm,0.845109850987825,0.8402563015272346,0.8503325042140729,,0.5975714798393511,0.14281580404829672,92.1553015991219,0.0,trust,1.6213959396451993,fail,1.7071824920997696,fail,0.021142988732146973,pass,0.6213959396451992,fail,0.016666795970306,0.05653412529608025,1.7039031694627698,False,above,ab_fallback,ab_test,False
practitioner,19,noised_b8,noised-b8-1026,1026,dr,0.828443055017519,0.7783243135429868,0.8825747060884047,,0.5975714798393511,0.14281580404829672,92.1553015991219,0.0,trust,1.6213959396451993,fail,1.7071824920997696,fail,0.021142988732146973,pass,0.6213959396451992,fail,0.016666795970306,0.05653412529608025,1.7039031694627698,False,above,ab_fallback,ab_test,False
practitioner,19,noised_b8,noised-b8-1026,1026,switch_dr,0.8570641254886765,0.8361924472506256,0.8767286435147964,7.096266019625218,0.5975714798393511,0.14281580404829672,92.1553015991219,0.0,trust,1.6213959396451993,fail,1.7071824920997696,fail,0.021142988732146973,pass,0.6213959396451992,fail,0.016666795970306,0.05653412529608025,1.7039031694627698,False,above,ab_fallback,ab_test,False
practitioner,19,noised_b8,noised-b8-1026,1026,dros,0.8530226077993508,0.8414119865195689,0.8648024697653021,17.936613179701094,0.5975714798393511,0.14281580404829672,92.1553015991219,0.0,trust,1.6213959396451993,fail,1.7071824920997696,fail,0.021142988732146973,pass,0.6213959396451992,fail,0.016666795970306,0.05653412529608025,1.7039031694627698,False,above,ab_fallback,ab_test,False
practitioner,19,noised_b-2,noised-b-2-1027,1027,ips,0.5958282907856969,0.5472625583239209,0.6440497731062088,,0.5877395534929795,0.2006939784839176,87.93701212180076,0.0,trust,1.6262513967500938,fail,1.7901045441332994,fail,0.009952329101093487,pass,0.6262513967500938,fail,0.033117405926946876,0.04904735106722582,1.58787889114689,False,below,ab_fallback,ab_test,False
practitioner,19,noised_b-2,noised-b-2-1027,1027,snips,0.366381416782425,0.33719555978227456,0.3980240156001438,,0.5877395534929795,0.2006939784839176,87.93701212180076,0.0,trust,1.6262513967500938,fail,1.7901045441332994,fail,0.009952329101093487,pass,0.6262513967500938,fail,0.033117405926946876,0.04904735106722582,1.58787889114689,False,below,ab_fallback,ab_test,False
practitioner,19,noised_b-2,noised-b-2-1027,1027,clipped_ips,0.5249081375146055,0.5009775170889015,0.548005046490228,3.6690168736778803,0.5877395534929795,0.2006939784839176,87.93701212180076,0.0,trust,1.6262513967500938,fail,1.7901045441332994,fail,0.009952329101093487,pass,0.6262513967500938,fail,0.033117405926946876,0.04904735106722582,1.58787889114689,False,below,ab_fallback,ab_test,False
practitioner,19,noised_b-2,noised-b-2-1027,1027,dm,0.39000066350960205,0.38580103449866765,0.39384930858867584,,0.5877395534929795,0.2006939784839176,87.93701212180076,0.0,trust,1.6262513967500938,fail,1.7901045441332994,fail,0.009952329101093487,pass,0.6262513967500938,fail,0.033117405926946876,0.04904735106722582,1.58787889114689,False,below,ab_fallback,ab_test,False
practitioner,19,noised_b-2,noised-b-2-1027,1027,dr,0.35688325758265516,0.3136810439456052,0.40412068128532935,,0.5877395534929795,0.2006939784839176,87.93701212180076,0.0,trust,1.6262513967500938,fail,1.7901045441332994,fail,0.009952329101093487,pass,0.6262513967500938,fail,0.033117405926946876,0.04904735106722582,1.58787889114689,False,below,ab_fallback,ab_test,False
practitioner,19,noised_b-2,noised-b-2-1027,1027,switch_dr,0.37782033114885893,0.35668956017230513,0.39644946730089337,5.723253582285603,0.5877395534929795,0.2006939784839176,87.93701212180076,0.0,trust,1.6262513967500938,fail,1.7901045441332994,fail,0.009952329101093487,pass,0.6262513967500938,fail,0.033117405926946876,0.04904735106722582,1.58787889114689,False,below,ab_fallback,ab_test,False
practitioner,19,noised_b-2,noised-b-2-1027,1027,dros,0.38347201073676845,0.3689840262289284,0.3962872849911585,13.461684819333007,0.5877395534929795,0.2006939784839176,87.93701212180076,0.0,trust,1.6262513967500938,fail,1.7901045441332994,fail,0.009952329101093487,pass,0.6262513967500938,fail,0.033117405926946876,0.04904735106722582,1.58787889114689,False,below,ab_fallback,ab_test,False
practitioner,19,noised_b2,noised-b2-1027,1027,ips,1.0686963851389937,1.0140220185969226,1.1326718846676178,,0.5877395534929795,0.34742554116149177,41.31270897270502,0.0,trust,1.6467403451442786,fail,1.7901045441332994,fail,-0.028680928968271076,pass,0.6467403451442785,fail,0.01883465915475946,0.07417122848029696,1.1372897929930486,False,above,ab_fallback,ab_test,True
practitioner,19,noised_b2,noised-b2-1027,1027,snips,0.6489768640758967,0.6269353416505185,0.6727809813071896,,0.5877395534929795,0.34742554116149177,41.31270897270502,0.0,trust,1.6467403451442786,fail,1.7901045441332994,fail,-0.028680928968271076,pass,0.6467403451442785,fail,0.01883465915475946,0.07417122848029696,1.1372897929930486,False,above,ab_fallback,ab_test,True
practitioner,19,noised_b2,noised-b2-1027,1027,clipped_ips,0.8432497472295624,0.8130654393090505,0.8738113038633091,3.6596072737864365,0.5877395534929795,0.34742554116149177,41.31270897270502,0.0,trust,1.6467403451442786,fail,1.7901045441332994,fail,-0.028680928968271076,pass,0.6467403451442785,fail,0.01883465915475946,0.07417122848029696,1.1372897929930486,False,above,ab_fallback,ab_test,True
practitioner,19,noised_b2,noised-b2-1027,1027,dm,0.6528887451467239,0.6494104458165504,0.6574651366838271,,0.5877395534929795,0.34742554116149177,41.31270897270502,0.0,trust,1.6467403451442786,fail,1.7901045441332994,fail,-0.028680928968271076,pass,0.6467403451442785,fail,0.01883465915475946,0.07417122848029696,1.1372897929930486,False,above,ab_fallback,ab_test,True
practitioner,19,noised_b2,noised-b2-1027,1027,dr,0.6340540859919644,0.6045595278997287,0.6654074521760955,,0.5877395534929795,0.34742554116149177,41.31270897270502,0.0,trust,1.6467403451442786,fail,1.7901045441332994,fail,-0.028680928968271076,pass,0.6467403451442785,fail,0.01883465915475946,0.07417122848029696,1.1372897929930486,False,above,ab_fallback,ab_test,True
practitioner,19,noised_b2,noised-b2-1027,1027,switch_dr,0.6424843984904116,0.6230385128359132,0.662361462833184,5.267503032533748,0.5877395534929795,0.34742554116149177,41.31270897270502,0.0,trust,1.6467403451442786,fail,1.7901045441332994,fail,-0.028680928968271076,pass,0.6467403451442785,fail,0.01883465915475946,0.07417122848029696,1.1372897929930486,False,above,ab_fallback,ab_test,True
practitioner,19,noised_b2,noised-b2-1027,1027,dros,0.6479390271682711,0.6337211555725004,0.6616453050968713,13.392725398350594,0.5877395534929795,0.34742554116149177,41.31270897270502,0.0,trust,1.6467403451442786,fail,1.7901045441332994,fail,-0.028680928968271076,pass,0.6467403451442785,fail,0.01883465915475946,0.07417122848029696,1.1372897929930486,False,above,ab_fallback,ab_test,True
practitioner,19,noised_b8,noised-b8-1027,1027,ips,1.4360868156535285,1.3240325989388846,1.5617253046939141,,0.5877395534929795,0.13658155090978125,76.6961585476617,0.0,trust,1.6893179101250009,fail,1.7901045441332994,fail,-0.0531581599489062,fail,0.720826871655161,fail,0.009817425876657846,0.13524038030391988,1.8113629125729778,False,above,ab_fallback,ab_test,False
practitioner,19,noised_b8,noised-b8-1027,1027,snips,0.8500986149772515,0.8192952928618402,0.885251159263113,,0.5877395534929795,0.13658155090978125,76.6961585476617,0.0,trust,1.6893179101250009,fail,1.7901045441332994,fail,-0.0531581599489062,fail,0.720826871655161,fail,0.009817425876657846,0.13524038030391988,1.8113629125729778,False,above,ab_fallback,ab_test,False
practitioner,19,noised_b8,noised-b8-1027,1027,clipped_ips,0.8233128904210911,0.7884057021975192,0.8568925616640045,4.147778492531093,0.5877395534929795,0.13658155090978125,76.6961585476617,0.0,trust,1.6893179101250009,fail,1.7901045441332994,fail,-0.0531581599489062,fail,0.720826871655161,fail,0.009817425876657846,0.13524038030391988,1.8113629125729778,False,above,ab_fallback,ab_test,False
practitioner,19,noised_b8,noised-b8-1027,1027,dm,0.8435673823375234,0.8391066744155188,0.8491874459205075,,0.5877395534929795,0.13658155090978125,76.6961585476617,0.0,trust,1.6893179101250009,fail,1.7901045441332994,fail,-0.0531581599489062,fail,0.720826871655161,fail,0.009817425876657846,0.13524038030391988,1.8113629125729778,False,above,ab_fallback,ab_test,False
practitioner,19,noised_b8,noised-b8-1027,1027,dr,0.8337499564608656,0.782866381203208,0.8873599157040754,,0.5877395534929795,0.13658155090978125,76.6961585476617,0.0,trust,1.6893179101250009,fail,1.7901045441332994,fail,-0.0531581599489062,fail,0.720826871655161,fail,0.009817425876657846,0.13524038030391988,1.8113629125729778,False,above,ab_fallback,ab_test,False
practitioner,19,noised_b8,noised-b8-1027,1027,switch_dr,0.8476189586776451,0.829816495317685,0.8680936695274507,7.155057572245666,0.5877395534929795,0.13658155090978125,76.6961585476617,0.0,trust,1.6893179101250009,fail,1.7901045441332994,fail,-0.0531581599489062,fail,0.720826871655161,fail,0.009817425876657846,0.13524038030391988,1.8113629125729778,False,above,ab_fallback,ab_test,False
practitioner,19,noised_b8,noised-b8-1027,1027,dros,0.8457431892878555,0.8342517656956577,0.8588127477654203,17.204066423103505,0.5877395534929795,0.13658155090978125,76.6961585476617,0.0,trust,1.6893179101250009,fail,1.7901045441332994,fail,-0.0531581599489062,fail,0.720826871655161,fail,0.009817425876657846,0.13524038030391988,1.8113629125729778,False,above,ab_fallback,ab_test,False
practitioner,19,noised_b-2,noised-b-2-1028,1028,ips,0.6195708083947785,0.5761404419844232,0.6629803109029342,,0.590143846918677,0.25867072034488453,48.495468731049904,0.0,trust,1.599715142595193,fail,1.9218062156514117,fail,0.02475127052125095,pass,0.5997151425951929,fail,0.020700640968091117,0.06109720320596147,1.5477015086281891,False,below,ab_fallback,ab_test,False
practitioner,19,noised_b-2,noised-b-2-1028,1028,snips,0.3873007086684561,0.360479770149722,0.4136197306935273,,0.590143846918677,0.25867072034488453,48.495468731049904,0.0,trust,1.599715142595193,fail,1.9218062156514117,fail,0.02475127052125095,pass,0.5997151425951929,fail,0.020700640968091117,0.06109720320596147,1.5477015086281891,False,below,ab_fallback,ab_test,False
practitioner,19,noised_b-2,noised-b-2-1028,1028,clipped_ips,0.5288764629071756,0.5039391205651192,0.5514793118871489,3.73510361412297,0.590143846918677,0.25867072034488453,48.495468731049904,0.0,trust,1.599715142595193,fail,1.9218062156514117,fail,0.02475127052125095,pass,0.5997151425951929,fail,0.020700640968091117,0.06109720320596147,1.5477015086281891,False,below,ab_fallback,ab_test,False
practitioner,19,noised_b-2,noised-b-2-1028,1028,dm,0.3920975107387596,0.3883379254684642,0.3958570980358811,,0.590143846918677,0.25867072034488453,48.495468731049904,0.0,trust,1.599715142595193,fail,1.9218062156514117,fail,0.02475127052125095,pass,0.5997151425951929,fail,0.020700640968091117,0.06109720320596147,1.5477015086281891,False,below,ab_fallback,ab_test,False
practitioner,19,noised_b-2,noised-b-2-1028,1028,dr,0.3713968697706685,0.3329785222471277,0.40795513882156015,,0.590143846918677,0.25867072034488453,48.495468731049904,0.0,trust,1.599715142595193,fail,1.9218062156514117,fail,0.02475127052125095,pass,0.5997151425951929,fail,0.020700640968091117,0.06109720320596147,1.5477015086281891,False,below,ab_fallback,ab_test,False
practitioner,19,noised_b-2,noised-b-2-1028,1028,switch_dr,0.37761277613119437,0.356635996054927,0.3954598627333809,5.960818382816822,0.590143846918677,0.25867072034488453,48.495468731049904,0.0,trust,1.599715142595193,fail,1.9218062156514117,fail,0.02475127052125095,pass,0.5997151425951929,fail,0.020700640968091117,0.06109720320596147,1.5477015086281891,False,below,ab_fallback,ab_test,False
practitioner,19,noised_b-2,noised-b-2-1028,1028,dros,0.382308364818047,0.36945481535092,0.39467550250405137,13.950999008234472,0.590143846918677,0.25867072034488453,48.495468731049904,0.0,trust,1.599715142595193,fail,1.9218062156514117,fail,0.02475127052125095,pass,0.5997151425951929,fail,0.020700640968091117,0.06109720320596147,1.5477015086281891,False,below,ab_fallback,ab_test,False
practitioner,19,noised_b2,noised-b2-1028,1028,ips,1.040167117658539,0.9912948994958947,1.0859428624620133,,0.590143846918677,0.3716277951120667,34.402107471399134,0.0,trust,1.6262086583354998,fail,1.9218062156514117,fail,0.03459355443626941,pass,0.6262086583354998,fail,0.03123063065808573,0.02573994694712032,1.115598477182171,False,above,ab_fallback,ab_test,True
practitioner,19,noised_b2,noised-b2-1028,1028,snips,0.6396270935632568,0.6189934497260621,0.659179817693355,,0.590143846918677,0.3716277951120667,34.402107471399134,0.0,trust,1.6262086583354998,fail,1.9218062156514117,fail,0.03459355443626941,pass,0.6262086583354998,fail,0.03123063065808573,0.02573994694712032,1.115598477182171,False,above,ab_fallback,ab_test,True
practitioner,19,noised_b2,noised-b2-1028,1028,clipped_ips,0.8449976866488889,0.8146260840330984,0.8724506555492813,3.617086550413395,0.590143846918677,0.3716277951120667,34.402107471399134,0.0,trust,1.6262086583354998,fail,1.9218062156514117,fail,0.03459355443626941,pass,0.6262086583354998,fail,0.03123063065808573,0.02573994694712032,1.115598477182171,False,above,ab_fallback,ab_test,True
practitioner,19,noised_b2,noised-b2-1028,1028,dm,0.6562678802952719,0.6525634743708568,0.6598482644337974,,0.590143846918677,0.3716277951120667,34.402107471399134,0.0,trust,1.6262086583354998,fail,1.9218062156514117,fail,0.03459355443626941,pass,0.6262086583354998,fail,0.03123063065808573,0.02573994694712032,1.115598477182171,False,above,ab_fallback,ab_test,True
practitioner,19,noised_b2,noised-b2-1028,1028,dr,0.6250372496371862,0.5941187557992439,0.6539586774203979,,0.590143846918677,0.3716277951120667,34.402107471399134,0.0,trust,1.6262086583354998,fail,1.9218062156514117,fail,0.03459355443626941,pass,0.6262086583354998,fail,0.03123063065808573,0.02573994694712032,1.115598477182171,False,above,ab_fallback,ab_test,True
practitioner,19,noised_b2,noised-b2-1028,1028,switch_dr,0.6508935627085931,0.6310531851715898,0.6703719513651505,5.253383457454976,0.590143846918677,0.3716277951120667,34.402107471399134,0.0,trust,1.6262086583354998,fail,1.9218062156514117,fail,0.03459355443626941,pass,0.6262086583354998,fail,0.03123063065808573,0.02573994694712032,1.115598477182171,False,above,ab_fallback,ab_test,True
practitioner,19,noised_b2,noised-b2-1028,1028,dros,0.6524545537276014,0.6389146315140883,0.6655467866021937,13.083315113181472,0.590143846918677,0.3716277951120667,34.402107471399134,0.0,trust,1.6262086583354998,fail,1.9218062156514117,fail,0.03459355443626941,pass,0.6262086583354998,fail,0.03123063065808573,0.02573994694712032,1.115598477182171,False,above,ab_fallback,ab_test,True
practitioner,19,noised_b8,noised-b8-1028,1028,ips,1.320133102813852,1.24074371840162,1.411863182408026,,0.590143846918677,0.15783971206439218,61.61830006950372,0.0,trust,1.6193632653375467,fail,1.9218062156514117,fail,0.028218397532227737,pass,0.6193632653375468,fail,0.050029336369760764,0.084439237612091,1.7435269025183133,False,above,ab_fallback,ab_test,False
practitioner,19,noised_b8,noised-b8-1028,1028,snips,0.8152173950535293,0.7893152237130521,0.8412773845497236,,0.590143846918677,0.15783971206439218,61.61830006950372,0.0,trust,1.6193632653375467,fail,1.9218062156514117,fail,0.028218397532227737,pass,0.6193632653375468,fail,0.050029336369760764,0.084439237612091,1.7435269025183133,False,above,ab_fallback,ab_test,False
practitioner,19,noised_b8,noised-b8-1028,1028,clipped_ips,0.8286124167797878,0.7963905064024174,0.8627255980955517,4.076857906288912,0.590143846918677,0.15783971206439218,61.61830006950372,0.0,trust,1.6193632653375467,fail,1.9218062156514117,fail,0.028218397532227737,pass,0.6193632653375468,fail,0.050029336369760764,0.084439237612091,1.7435269025183133,False,above,ab_fallback,ab_test,False
practitioner,19,noised_b8,noised-b8-1028,1028,dm,0.8366834351335722,0.8319566865764099,0.8412166984792087,,0.590143846918677,0.15783971206439218,61.61830006950372,0.0,trust,1.6193632653375467,fail,1.9218062156514117,fail,0.028218397532227737,pass,0.6193632653375468,fail,0.050029336369760764,0.084439237612091,1.7435269025183133,False,above,ab_fallback,ab_test,False
practitioner,19,noised_b8,noised-b8-1028,1028,dr,0.7866540987638114,0.7383596598651405,0.8318309445050196,,0.590143846918677,0.15783971206439218,61.61830006950372,0.0,trust,1.6193632653375467,fail,1.9218062156514117,fail,0.028218397532227737,pass,0.6193632653375468,fail,0.050029336369760764,0.084439237612091,1.7435269025183133,False,above,ab_fallback,ab_test,False
practitioner,19,noised_b8,noised-b8-1028,1028,switch_dr,0.8459869271943469,0.8253180167829796,0.8661253026710812,7.149904918502657,0.590143846918677,0.15783971206439218,61.61830006950372,0.0,trust,1.6193632653375467,fail,1.9218062156514117,fail,0.028218397532227737,pass,0.6193632653375468,fail,0.050029336369760764,0.084439237612091,1.7435269025183133,False,above,ab_fallback,ab_test,False
practitioner,19,noised_b8,noised-b8-1028,1028,dros,0.8422929735606689,0.8295402188195047,0.8546208877291812,16.62077038807041,0.590143846918677,0.15783971206439218,61.61830006950372,0.0,trust,1.6193632653375467,fail,1.9218062156514117,fail,0.028218397532227737,pass,0.6193632653375468,fail,0.050029336369760764,0.084439237612091,1.7435269025183133,False,above,ab_fallback,ab_test,False
practitioner,19,noised_b-2,noised-b-2-1029,1029,ips,0.5977787856557429,0.5545255969432445,0.6451626245985623,,0.5894537454268061,0.22456748269994847,52.46057829364756,0.0,trust,1.6363576936525428,fail,1.8043756054858344,fail,-0.036565242282371145,pass,0.6363576936525428,fail,0.0502264196006237,0.05251729723628905,1.6081197679667685,False,below,ab_fallback,ab_test,False
practitioner,19,noised_b-2,noised-b-2-1029,1029,snips,0.3653105845833929,0.33633303863757263,0.39486579212170086,,0.5894537454268061,0.22456748269994847,52.46057829364756,0.0,trust,1.6363576936525428,fail,1.8043756054858344,fail,-0.036565242282371145,pass,0.6363576936525428,fail,0.0502264196006237,0.05251729723628905,1.6081197679667685,False,below,ab_fallback,ab_test,False
practitioner,19,noised_b-2,noised-b-2-1029,1029,clipped_ips,0.5251003518387007,0.5007164360159871,0.5495716118727838,3.725254907511849,0.5894537454268061,0.22456748269994847,52.46057829364756,0.0,trust,1.6363576936525428,fail,1.8043756054858344,fail,-0.036565242282371145,pass,0.6363576936525428,fail,0.0502264196006237,0.05251729723628905,1.6081197679667685,False,below,ab_fallback,ab_test,False
practitioner,19,noised_b-2,noised-b-2-1029,1029,dm,0.3940684555216845,0.3903077936322309,0.39797347865750304,,0.5894537454268061,0.22456748269994847,52.46057829364756,0.0,trust,1.6363576936525428,fail,1.8043756054858344,fail,-0.036565242282371145,pass,0.6363576936525428,fail,0.0502264196006237,0.05251729723628905,1.6081197679667685,False,below,ab_fallback,ab_test,False
practitioner,19,noised_b-2,noised-b-2-1029,1029,dr,0.34384203592106083,0.3020282775996186,0.38981949498931756,,0.5894537454268061,0.22456748269994847,52.46057829364756,0.0,trust,1.6363576936525428,fail,1.8043756054858344,fail,-0.036565242282371145,pass,0.6363576936525428,fail,0.0502264196006237,0.05251729723628905,1.6081197679667685,False,below,ab_fallback,ab_test,False
practitioner,19,noised_b-2,noised-b-2-1029,1029,switch_dr,0.39155587775065137,0.37186778913882423,0.4091841023038386,5.87866596540235,0.5894537454268061,0.22456748269994847,52.46057829364756,0.0,trust,1.6363576936525428,fail,1.8043756054858344,fail,-0.036565242282371145,pass,0.6363576936525428,fail,0.0502264196006237,0.05251729723628905,1.6081197679667685,False,below,ab_fallback,ab_test,False
practitioner,19,noised_b-2,noised-b-2-1029,1029,dros,0.3894451247853668,0.37727081569394394,0.40138972503054643,13.877524125941113,0.5894537454268061,0.22456748269994847,52.46057829364756,0.0,trust,1.6363576936525428,fail,1.8043756054858344,fail,-0.036565242282371145,pass,0.6363576936525428,fail,0.0502264196006237,0.05251729723628905,1.6081197679667685,False,below,ab_fallback,ab_test,False
practitioner,19,noised_b2,noised-b2-1029,1029,ips,1.0513879759086169,0.9878723142577008,1.119927522937787,,0.5894537454268061,0.3154403962544856,75.2969072790605,0.0,trust,1.6480404656602414,fail,1.8043756054858344,fail,-0.00828280647091319,pass,0.6480404656602414,fail,0.024444835065844626,0.03353936729082842,1.1093535620536432,False,above,ab_fallback,ab_test,True
practitioner,19,noised_b2,noised-b2-1029,1029,snips,0.637962475931929,0.610784559562584,0.665108302279208,,0.5894537454268061,0.3154403962544856,75.2969072790605,0.0,trust,1.6480404656602414,fail,1.8043756054858344,fail,-0.00828280647091319,pass,0.6480404656602414,fail,0.024444835065844626,0.03353936729082842,1.1093535620536432,False,above,ab_fallback,ab_test,True
practitioner,19,noised_b2,noised-b2-1029,1029,clipped_ips,0.84212330266474,0.8151070470690682,0.8702969718037574,3.6195450895392653,0.5894537454268061,0.3154403962544856,75.2969072790605,0.0,trust,1.6480404656602414,fail,1.8043756054858344,fail,-0.00828280647091319,pass,0.6480404656602414,fail,0.024444835065844626,0.03353936729082842,1.1093535620536432,False,above,ab_fallback,ab_test,True
practitioner,19,noised_b2,noised-b2-1029,1029,dm,0.6477819174919277,0.644393455305686,0.6512855341304189,,0.5894537454268061,0.3154403962544856,75.2969072790605,0.0,trust,1.6480404656602414,fail,1.8043756054858344,fail,-0.00828280647091319,pass,0.6480404656602414,fail,0.024444835065844626,0.03353936729082842,1.1093535620536432,False,above,ab_fallback,ab_test,True
practitioner,19,noised_b2,noised-b2-1029,1029,dr,0.6233370824260831,0.5858086375594053,0.6686954738876894,,0.5894537454268061,0.3154403962544856,75.2969072790605,0.0,trust,1.6480404656602414,fail,1.8043756054858344,fail,-0.00828280647091319,pass,0.6480404656602414,fail,0.024444835065844626,0.03353936729082842,1.1093535620536432,False,above,ab_fallback,ab_test,True
practitioner,19,noised_b2,noised-b2-1029,1029,switch_dr,0.6492843949364382,0.6306845524897146,0.6694725334504873,5.093921842323449,0.5894537454268061,0.3154403962544856,75.2969072790605,0.0,trust,1.6480404656602414,fail,1.8043756054858344,fail,-0.00828280647091319,pass,0.6480404656602414,fail,0.024444835065844626,0.03353936729082842,1.1093535620536432,False,above,ab_fallback,ab_test,True
practitioner,19,noised_b2,noised-b2-1029,1029,dros,0.6453420317585211,0.633298941268507,0.6591359429317005,13.101106655207808,0.5894537454268061,0.3154403962544856,75.2969072790605,0.0,trust,1.6480404656602414,fail,1.8043756054858344,fail,-0.00828280647091319,pass,0.6480404656602414,fail,0.024444835065844626,0.03353936729082842,1.1093535620536432,False,above,ab_fallback,ab_test,True
practitioner,19,noised_b8,noised-b8-1029,1029,ips,1.4003443229294883,1.2669371458643237,1.5500063988254609,,0.5894537454268061,0.09664612898388768,225.43802393097877,0.0,distrust,1.707990877400505,fail,1.8043756054858344,fail,0.024156397443170354,pass,0.707990877400505,fail,0.03369370292123559,0.08681917090498463,1.716654580591953,False,above,ab_fallback,ab_test,False
practitioner,19,noised_b8,noised-b8-1029,1029,snips,0.81987810441983,0.7838287393533224,0.8620640869469479,,0.5894537454268061,0.09664612898388768,225.43802393097877,0.0,distrust,1.707990877400505,fail,1.8043756054858344,fail,0.024156397443170354,pass,0.707990877400505,fail,0.03369370292123559,0.08681917090498463,1.716654580591953,False,above,ab_fallback,ab_test,False
practitioner,19,noised_b8,noised-b8-1029,1029,clipped_ips,0.8384718202687662,0.8018538716933614,0.8727911251050794,4.121609038301687,0.5894537454268061,0.09664612898388768,225.43802393097877,0.0,distrust,1.707990877400505,fail,1.8043756054858344,fail,0.024156397443170354,pass,0.707990877400505,fail,0.03369370292123559,0.08681917090498463,1.716654580591953,False,above,ab_fallback,ab_test,False
practitioner,19,noised_b8,noised-b8-1029,1029,dm,0.8281687008804423,0.8234418301570947,0.8329241401199098,,0.5894537454268061,0.09664612898388768,225.43802393097877,0.0,distrust,1.707990877400505,fail,1.8043756054858344,fail,0.024156397443170354,pass,0.707990877400505,fail,0.03369370292123559,0.08681917090498463,1.716654580591953,False,above,ab_fallback,ab_test,False
practitioner,19,noised_b8,noised-b8-1029,1029,dr,0.7944749979592066,0.717951061567321,0.8789994391308865,,0.5894537454268061,0.09664612898388768,225.43802393097877,0.0,distrust,1.707990877400505,fail,1.8043756054858344,fail,0.024156397443170354,pass,0.707990877400505,fail,0.03369370292123559,0.08681917090498463,1.716654580591953,False,above,ab_fallback,ab_test,False
practitioner,19,noised_b8,noised-b8-1029,1029,switch_dr,0.8333088976687549,0.8128163134933108,0.8529254063924627,7.023646621643268,0.5894537454268061,0.09664612898388768,225.43802393097877,0.0,distrust,1.707990877400505,fail,1.8043756054858344,fail,0.024156397443170354,pass,0.707990877400505,fail,0.03369370292123559,0.08681917090498463,1.716654580591953,False,above,ab_fallback,ab_test,False
practitioner,19,noised_b8,noised-b8-1029,1029,dros,0.8325533500938296,0.8202325648572356,0.8454607571211566,16.987661064610155,0.5894537454268061,0.09664612898388768,225.43802393097877,0.0,distrust,1.707990877400505,fail,1.8043756054858344,fail,0.024156397443170354,pass,0.707990877400505,fail,0.03369370292123559,0.08681917090498463,1.716654580591953,False,above,ab_fallback,ab_test,False
practitioner,19,noised_b-2,noised-b-2-1030,1030,ips,0.6210514996082627,0.5811238155336381,0.6676985994956877,,0.5781168851048011,0.22849660334173863,63.68037825497276,0.0,trust,1.6088883745822258,fail,1.7238732242017214,fail,0.0167496931206249,pass,0.608888374582226,fail,0.009916191725212055,0.039391772647883655,1.5238643141458428,False,below,ab_fallback,ab_test,False
practitioner,19,noised_b-2,noised-b-2-1030,1030,snips,0.38601279580351794,0.3613105136991054,0.41064725425909165,,0.5781168851048011,0.22849660334173863,63.68037825497276,0.0,trust,1.6088883745822258,fail,1.7238732242017214,fail,0.0167496931206249,pass,0.608888374582226,fail,0.009916191725212055,0.039391772647883655,1.5238643141458428,False,below,ab_fallback,ab_test,False
practitioner,19,noised_b-2,noised-b-2-1030,1030,clipped_ips,0.5166794855251402,0.4941781759125221,0.538875471557748,3.790058338060434,0.5781168851048011,0.22849660334173863,63.68037825497276,0.0,trust,1.6088883745822258,fail,1.7238732242017214,fail,0.0167496931206249,pass,0.608888374582226,fail,0.009916191725212055,0.039391772647883655,1.5238643141458428,False,below,ab_fallback,ab_test,False
practitioner,19,noised_b-2,noised-b-2-1030,1030,dm,0.37728314941343544,0.3736180040289553,0.38068206192732273,,0.5781168851048011,0.22849660334173863,63.68037825497276,0.0,trust,1.6088883745822258,fail,1.7238732242017214,fail,0.0167496931206249,pass,0.608888374582226,fail,0.009916191725212055,0.039391772647883655,1.5238643141458428,False,below,ab_fallback,ab_test,False
practitioner,19,noised_b-2,noised-b-2-1030,1030,dr,0.3871993411386475,0.35019764986337887,0.42499777018257107,,0.5781168851048011,0.22849660334173863,63.68037825497276,0.0,trust,1.6088883745822258,fail,1.7238732242017214,fail,0.0167496931206249,pass,0.608888374582226,fail,0.009916191725212055,0.039391772647883655,1.5238643141458428,False,below,ab_fallback,ab_test,False
practitioner,19,noised_b-2,noised-b-2-1030,1030,switch_dr,0.36796337540370405,0.35052617577726863,0.38679674964569255,5.858943027268725,0.5781168851048011,0.22849660334173863,63.68037825497276,0.0,trust,1.6088883745822258,fail,1.7238732242017214,fail,0.0167496931206249,pass,0.608888374582226,fail,0.009916191725212055,0.039391772647883655,1.5238643141458428,False,below,ab_fallback,ab_test,False
practitioner,19,noised_b-2,noised-b-2-1030,1030,dros,0.37315764351873,0.36181341247207005,0.3852860622897019,14.364542205901419,0.5781168851048011,0.22849660334173863,63.68037825497276,0.0,trust,1.6088883745822258,fail,1.7238732242017214,fail,0.0167496931206249,pass,0.608888374582226,fail,0.009916191725212055,0.039391772647883655,1.5238643141458428,False,below,ab_fallback,ab_test,False
practitioner,19,noised_b2,noised-b2-1030,1030,ips,1.0487459434479418,0.9968001870948314,1.108227485031797,,0.5781168851048011,0.34945126591844133,51.04359576353698,0.0,trust,1.614344740389313,fail,1.7238732242017214,fail,0.002134098991730512,pass,0.6143447403893132,fail,0.004721398787491008,0.06272278254179334,1.1664724869676053,False,above,ab_fallback,ab_test,True
practitioner,19,noised_b2,noised-b2-1030,1030,snips,0.6496418746314543,0.6286880972083337,0.67226857554966,,0.5781168851048011,0.34945126591844133,51.04359576353698,0.0,trust,1.614344740389313,fail,1.7238732242017214,fail,0.002134098991730512,pass,0.6143447403893132,fail,0.004721398787491008,0.06272278254179334,1.1664724869676053,False,above,ab_fallback,ab_test,True
practitioner,19,noised_b2,noised-b2-1030,1030,clipped_ips,0.8333421286579887,0.8067173988237972,0.8636229237166432,3.5844752623067473,0.5781168851048011,0.34945126591844133,51.04359576353698,0.0,trust,1.614344740389313,fail,1.7238732242017214,fail,0.002134098991730512,pass,0.6143447403893132,fail,0.004721398787491008,0.06272278254179334,1.1664724869676053,False,above,ab_fallback,ab_test,True
practitioner,19,noised_b2,noised-b2-1030,1030,dm,0.6503497650842156,0.6467721929241586,0.6541992347425551,,0.5781168851048011,0.34945126591844133,51.04359576353698,0.0,trust,1.614344740389313,fail,1.7238732242017214,fail,0.002134098991730512,pass,0.6143447403893132,fail,0.004721398787491008,0.06272278254179334,1.1664724869676053,False,above,ab_fallback,ab_test,True
practitioner,19,noised_b2,noised-b2-1030,1030,dr,0.6456283662967246,0.6146288406392358,0.6800992991422047,,0.5781168851048011,0.34945126591844133,51.04359576353698,0.0,trust,1.614344740389313,fail,1.7238732242017214,fail,0.002134098991730512,pass,0.6143447403893132,fail,0.004721398787491008,0.06272278254179334,1.1664724869676053,False,above,ab_fallback,ab_test,True
practitioner,19,noised_b2,noised-b2-1030,1030,switch_dr,0.6558814451018976,0.6372020173647678,0.6753642560478468,5.065700051966045,0.5781168851048011,0.34945126591844133,51.04359576353698,0.0,trust,1.614344740389313,fail,1.7238732242017214,fail,0.002134098991730512,pass,0.6143447403893132,fail,0.004721398787491008,0.06272278254179334,1.1664724869676053,False,above,ab_fallback,ab_test,True
practitioner,19,noised_b2,noised-b2-1030,1030,dros,0.6502038831736339,0.6369706366601617,0.6633207421183406,12.848462906089026,0.5781168851048011,0.34945126591844133,51.04359576353698,0.0,trust,1.614344740389313,fail,1.7238732242017214,fail,0.002134098991730512,pass,0.6143447403893132,fail,0.004721398787491008,0.06272278254179334,1.1664724869676053,False,above,ab_fallback,ab_test,True
practitioner,19,noised_b8,noised-b8-1030,1030,ips,1.3303516160114377,1.228746555410303,1.4474462816608007,,0.5781168851048011,0.12491217532623018,134.65533400231152,0.0,distrust,1.5958373663183978,fail,1.7238732242017214,fail,0.00835888437188447,pass,0.6476985235423723,fail,0.02513327465988851,0.10652930891876718,1.7944438225766883,False,above,ab_fallback,ab_test,False
practitioner,19,noised_b8,noised-b8-1030,1030,snips,0.8336385925594433,0.7986519872258169,0.8689445847703795,,0.5781168851048011,0.12491217532623018,134.65533400231152,0.0,distrust,1.5958373663183978,fail,1.7238732242017214,fail,0.00835888437188447,pass,0.6476985235423723,fail,0.02513327465988851,0.10652930891876718,1.7944438225766883,False,above,ab_fallback,ab_test,False
practitioner,19,noised_b8,noised-b8-1030,1030,clipped_ips,0.790405130442745,0.7571879294651743,0.8251357118125412,4.055145888150096,0.5781168851048011,0.12491217532623018,134.65533400231152,0.0,distrust,1.5958373663183978,fail,1.7238732242017214,fail,0.00835888437188447,pass,0.6476985235423723,fail,0.02513327465988851,0.10652930891876718,1.7944438225766883,False,above,ab_fallback,ab_test,False
practitioner,19,noised_b8,noised-b8-1030,1030,dm,0.8380006660931739,0.8336854746044612,0.8430604565709372,,0.5781168851048011,0.12491217532623018,134.65533400231152,0.0,distrust,1.5958373663183978,fail,1.7238732242017214,fail,0.00835888437188447,pass,0.6476985235423723,fail,0.02513327465988851,0.10652930891876718,1.7944438225766883,False,above,ab_fallback,ab_test,False
practitioner,19,noised_b8,noised-b8-1030,1030,dr,0.8128673914332855,0.7439580675335898,0.8695259064189027,,0.5781168851048011,0.12491217532623018,134.65533400231152,0.0,distrust,1.5958373663183978,fail,1.7238732242017214,fail,0.00835888437188447,pass,0.6476985235423723,fail,0.02513327465988851,0.10652930891876718,1.7944438225766883,False,above,ab_fallback,ab_test,False
practitioner,19,noised_b8,noised-b8-1030,1030,switch_dr,0.8506705608938164,0.8311229385152604,0.8693697992548012,7.19584468379381,0.5781168851048011,0.12491217532623018,134.65533400231152,0.0,distrust,1.5958373663183978,fail,1.7238732242017214,fail,0.00835888437188447,pass,0.6476985235423723,fail,0.02513327465988851,0.10652930891876718,1.7944438225766883,False,above,ab_fallback,ab_test,False
practitioner,19,noised_b8,noised-b8-1030,1030,dros,0.845876332958883,0.8345953821951904,0.8583044192941588,16.44420817418063,0.5781168851048011,0.12491217532623018,134.65533400231152,0.0,distrust,1.5958373663183978,fail,1.7238732242017214,fail,0.00835888437188447,pass,0.6476985235423723,fail,0.02513327465988851,0.10652930891876718,1.7944438225766883,False,above,ab_fallback,ab_test,False
practitioner,19,noised_b-2,noised-b-2-1031,1031,ips,0.6044437702173446,0.5554246630336593,0.6485383399509183,,0.5875725299920929,0.22943995158969419,66.18833332497135,0.0,trust,1.596482021471464,fail,1.8516669162604285,fail,-0.0017266336475207282,pass,0.5964820214714638,fail,0.02315272195238336,0.0463717995222552,1.583429061450622,False,below,ab_fallback,ab_test,False
practitioner,19,noised_b-2,noised-b-2-1031,1031,snips,0.37860981964597007,0.34797079000984416,0.4068323176456801,,0.5875725299920929,0.22943995158969419,66.18833332497135,0.0,trust,1.596482021471464,fail,1.8516669162604285,fail,-0.0017266336475207282,pass,0.5964820214714638,fail,0.02315272195238336,0.0463717995222552,1.583429061450622,False,below,ab_fallback,ab_test,False
practitioner,19,noised_b-2,noised-b-2-1031,1031,clipped_ips,0.5228910003135139,0.5017323753297291,0.5446572733244257,3.7461539500935492,0.5875725299920929,0.22943995158969419,66.18833332497135,0.0,trust,1.596482021471464,fail,1.8516669162604285,fail,-0.0017266336475207282,pass,0.5964820214714638,fail,0.02315272195238336,0.0463717995222552,1.583429061450622,False,below,ab_fallback,ab_test,False
practitioner,19,noised_b-2,noised-b-2-1031,1031,dm,0.38111188181503936,0.3772441932525388,0.3846387820807787,,0.5875725299920929,0.22943995158969419,66.18833332497135,0.0,trust,1.596482021471464,fail,1.8516669162604285,fail,-0.0017266336475207282,pass,0.5964820214714638,fail,0.02315272195238336,0.0463717995222552,1.583429061450622,False,below,ab_fallback,ab_test,False
practitioner,19,noised_b-2,noised-b-2-1031,1031,dr,0.357959159862656,0.3146342052190153,0.3973298580011032,,0.5875725299920929,0.22943995158969419,66.18833332497135,0.0,trust,1.596482021471464,fail,1.8516669162604285,fail,-0.0017266336475207282,pass,0.5964820214714638,fail,0.02315272195238336,0.0463717995222552,1.583429061450622,False,below,ab_fallback,ab_test,False
practitioner,19,noised_b-2,noised-b-2-1031,1031,switch_dr,0.3718817212793859,0.35459406027568835,0.3910928377073334,5.615045661913963,0.5875725299920929,0.22943995158969419,66.18833332497135,0.0,trust,1.596482021471464,fail,1.8516669162604285,fail,-0.0017266336475207282,pass,0.5964820214714638,fail,0.02315272195238336,0.0463717995222552,1.583429061450622,False,below,ab_fallback,ab_test,False
practitioner,19,noised_b-2,noised-b-2-1031,1031,dros,0.3766371243193792,0.36496728160481773,0.38870320551722864,14.033669417801502,0.5875725299920929,0.22943995158969419,66.18833332497135,0.0,trust,1.596482021471464,fail,1.8516669162604285,fail,-0.0017266336475207282,pass,0.5964820214714638,fail,0.02315272195238336,0.0463717995222552,1.583429061450622,False,below,ab_fallback,ab_test,False
practitioner,19,noised_b2,noised-b2-1031,1031,ips,1.0152427136926927,0.9668355381445717,1.0707848825575954,,0.5875725299920929,0.3578316543305073,31.79918847264634,0.0,trust,1.623088558852368,fail,1.8516669162604285,fail,0.01637144690800315,pass,0.623088558852368,fail,0.02561362177133249,0.08444792329612756,1.0865519692884356,False,above,ab_fallback,ab_test,True
practitioner,19,noised_b2,noised-b2-1031,1031,snips,0.6255005052900731,0.6053401376206651,0.6473840387118496,,0.5875725299920929,0.3578316543305073,31.79918847264634,0.0,trust,1.623088558852368,fail,1.8516669162604285,fail,0.01637144690800315,pass,0.623088558852368,fail,0.02561362177133249,0.08444792329612756,1.0865519692884356,False,above,ab_fallback,ab_test,True
practitioner,19,noised_b2,noised-b2-1031,1031,clipped_ips,0.8276108503916116,0.803267830789585,0.8549030108071412,3.557562717527927,0.5875725299920929,0.3578316543305073,31.79918847264634,0.0,trust,1.623088558852368,fail,1.8516669162604285,fail,0.01637144690800315,pass,0.623088558852368,fail,0.02561362177133249,0.08444792329612756,1.0865519692884356,False,above,ab_fallback,ab_test,True
practitioner,19,noised_b2,noised-b2-1031,1031,dm,0.6447919150556457,0.6407817888167624,0.6485870081671875,,0.5875725299920929,0.3578316543305073,31.79918847264634,0.0,trust,1.623088558852368,fail,1.8516669162604285,fail,0.01637144690800315,pass,0.623088558852368,fail,0.02561362177133249,0.08444792329612756,1.0865519692884356,False,above,ab_fallback,ab_test,True
practitioner,19,noised_b2,noised-b2-1031,1031,dr,0.6191782932843132,0.5875069636657309,0.6491637579999056,,0.5875725299920929,0.3578316543305073,31.79918847264634,0.0,trust,1.623088558852368,fail,1.8516669162604285,fail,0.01637144690800315,pass,0.623088558852368,fail,0.02561362177133249,0.08444792329612756,1.0865519692884356,False,above,ab_fallback,ab_test,True
practitioner,19,noised_b2,noised-b2-1031,1031,switch_dr,0.6385919751526963,0.6203071299088608,0.6566008899935942,5.1666298818333924,0.5875725299920929,0.3578316543305073,31.79918847264634,0.0,trust,1.623088558852368,fail,1.8516669162604285,fail,0.01637144690800315,pass,0.623088558852368,fail,0.02561362177133249,0.08444792329612756,1.0865519692884356,False,above,ab_fallback,ab_test,True
practitioner,19,noised_b2,noised-b2-1031,1031,dros,0.6418337345652311,0.6291406305035572,0.6534107007567144,12.65625248914469,0.5875725299920929,0.3578316543305073,31.79918847264634,0.0,trust,1.623088558852368,fail,1.8516669162604285,fail,0.01637144690800315,pass,0.623088558852368,fail,0.02561362177133249,0.08444792329612756,1.0865519692884356,False,above,ab_fallback,ab_test,True
practitioner,19,noised_b8,noised-b8-1031,1031,ips,1.2942610695477796,1.207629321110044,1.3889508723639767,,0.5875725299920929,0.1638526274079241,78.6656980043518,0.0,trust,1.6193708755927951,fail,1.8516669162604285,fail,0.018258948710717662,pass,0.6193708755927951,fail,0.04654083494009975,0.16558449441625592,1.6365702208834554,False,above,ab_fallback,ab_test,False
practitioner,19,noised_b8,noised-b8-1031,1031,snips,0.7992369685381651,0.7708665172050925,0.8278843388861182,,0.5875725299920929,0.1638526274079241,78.6656980043518,0.0,trust,1.6193708755927951,fail,1.8516669162604285,fail,0.018258948710717662,pass,0.6193708755927951,fail,0.04654083494009975,0.16558449441625592,1.6365702208834554,False,above,ab_fallback,ab_test,False
practitioner,19,noised_b8,noised-b8-1031,1031,clipped_ips,0.8331112486683588,0.7997948223143325,0.8677438478683458,4.132717192627383,0.5875725299920929,0.1638526274079241,78.6656980043518,0.0,trust,1.6193708755927951,fail,1.8516669162604285,fail,0.018258948710717662,pass,0.6193708755927951,fail,0.04654083494009975,0.16558449441625592,1.6365702208834554,False,above,ab_fallback,ab_test,False
practitioner,19,noised_b8,noised-b8-1031,1031,dm,0.8325382780599374,0.8271247148712741,0.8376705799859138,,0.5875725299920929,0.1638526274079241,78.6656980043518,0.0,trust,1.6193708755927951,fail,1.8516669162604285,fail,0.018258948710717662,pass,0.6193708755927951,fail,0.04654083494009975,0.16558449441625592,1.6365702208834554,False,above,ab_fallback,ab_test,False
practitioner,19,noised_b8,noised-b8-1031,1031,dr,0.7859974431198377,0.7376405244216312,0.8340259465890548,,0.5875725299920929,0.1638526274079241,78.6656980043518,0.0,trust,1.6193708755927951,fail,1.8516669162604285,fail,0.018258948710717662,pass,0.6193708755927951,fail,0.04654083494009975,0.16558449441625592,1.6365702208834554,False,above,ab_fallback,ab_test,False
practitioner,19,noised_b8,noised-b8-1031,1031,switch_dr,0.8355411320087459,0.8166542939953587,0.8547492551919132,7.1514470609219085,0.5875725299920929,0.1638526274079241,78.6656980043518,0.0,trust,1.6193708755927951,fail,1.8516669162604285,fail,0.018258948710717662,pass,0.6193708755927951,fail,0.04654083494009975,0.16558449441625592,1.6365702208834554,False,above,ab_fallback,ab_test,False
practitioner,19,noised_b8,noised-b8-1031,1031,dros,0.8337323511701772,0.8221785925123934,0.8456599083551806,17.079351394237957,0.5875725299920929,0.1638526274079241,78.6656980043518,0.0,trust,1.6193708755927951,fail,1.8516669162604285,fail,0.018258948710717662,pass,0.6193708755927951,fail,0.04654083494009975,0.16558449441625592,1.6365702208834554,False,above,ab_fallback,ab_test,False
practitioner,19,noised_b-2,noised-b-2-1032,1032,ips,0.6207905147280965,0.5701577199852028,0.6617836558516964,,0.5858816668833913,0.2111841472763034,65.1072011807853,0.0,trust,1.6899615730257076,fail,1.8664852595463186,fail,0.0009446173175159507,pass,0.6899615730257076,fail,0.013529430566794497,0.05456725755347805,1.5862856549854745,False,below,ab_fallback,ab_test,False
practitioner,19,noised_b-2,noised-b-2-1032,1032,snips,0.3673400180435068,0.33703316933625094,0.3943757615150083,,0.5858816668833913,0.2111841472763034,65.1072011807853,0.0,trust,1.6899615730257076,fail,1.8664852595463186,fail,0.0009446173175159507,pass,0.6899615730257076,fail,0.013529430566794497,0.05456725755347805,1.5862856549854745,False,below,ab_fallback,ab_test,False
practitioner,19,noised_b-2,noised-b-2-1032,1032,clipped_ips,0.529734893445657,0.5039539258009663,0.5550499351677817,3.786763289545782,0.5858816668833913,0.2111841472763034,65.1072011807853,0.0,trust,1.6899615730257076,fail,1.8664852595463186,fail,0.0009446173175159507,pass,0.6899615730257076,fail,0.013529430566794497,0.05456725755347805,1.5862856549854745,False,below,ab_fallback,ab_test,False
practitioner,19,noised_b-2,noised-b-2-1032,1032,dm,0.3867473643867893,0.38266069427761207,0.39037648017477616,,0.5858816668833913,0.2111841472763034,65.1072011807853,0.0,trust,1.6899615730257076,fail,1.8664852595463186,fail,0.0009446173175159507,pass,0.6899615730257076,fail,0.013529430566794497,0.05456725755347805,1.5862856549854745,False,below,ab_fallback,ab_test,False
practitioner,19,noised_b-2,noised-b-2-1032,1032,dr,0.3732179338199948,0.3346473887740367,0.41225142054637215,,0.5858816668833913,0.2111841472763034,65.1072011807853,0.0,trust,1.6899615730257076,fail,1.8664852595463186,fail,0.0009446173175159507,pass,0.6899615730257076,fail,0.013529430566794497,0.05456725755347805,1.5862856549854745,False,below,ab_fallback,ab_test,False
practitioner,19,noised_b-2,noised-b-2-1032,1032,switch_dr,0.37348733205853224,0.3532060124868184,0.3931995300192271,6.3580139895419325,0.5858816668833913,0.2111841472763034,65.1072011807853,0.0,trust,1.6899615730257076,fail,1.8664852595463186,fail,0.0009446173175159507,pass,0.6899615730257076,fail,0.013529430566794497,0.05456725755347805,1.5862856549854745,False,below,ab_fallback,ab_test,False
practitioner,19,noised_b-2,noised-b-2-1032,1032,dros,0.37960572214642413,0.3670371633590718,0.3925974820219372,14.339576211051593,0.5858816668833913,0.2111841472763034,65.1072011807853,0.0,trust,1.6899615730257076,fail,1.8664852595463186,fail,0.0009446173175159507,pass,0.6899615730257076,fail,0.013529430566794497,0.05456725755347805,1.5862856549854745,False,below,ab_fallback,ab_test,False
practitioner,19,noised_b2,noised-b2-1032,1032,ips,1.0334550863724032,0.9815677935989893,1.077700435564717,,0.5858816668833913,0.37440079233865514,26.858642816214168,0.0,trust,1.629576784116835,fail,1.8664852595463186,fail,0.016187639117631013,pass,0.6295767841168349,fail,0.011594824553435098,0.03304467990119502,1.1098350322461554,False,above,ab_fallback,ab_test,True
practitioner,19,noised_b2,noised-b2-1032,1032,snips,0.6341861865272549,0.6116828711256567,0.655617367287991,,0.5858816668833913,0.37440079233865514,26.858642816214168,0.0,trust,1.629576784116835,fail,1.8664852595463186,fail,0.016187639117631013,pass,0.6295767841168349,fail,0.011594824553435098,0.03304467990119502,1.1098350322461554,False,above,ab_fallback,ab_test,True
practitioner,19,noised_b2,noised-b2-1032,1032,clipped_ips,0.8338899887263618,0.8044845169739676,0.8631296336011806,3.5687865816678928,0.5858816668833913,0.37440079233865514,26.858642816214168,0.0,trust,1.629576784116835,fail,1.8664852595463186,fail,0.016187639117631013,pass,0.6295767841168349,fail,0.011594824553435098,0.03304467990119502,1.1098350322461554,False,above,ab_fallback,ab_test,True
practitioner,19,noised_b2,noised-b2-1032,1032,dm,0.650433297610118,0.6469003200282459,0.653808081360663,,0.5858816668833913,0.37440079233865514,26.858642816214168,0.0,trust,1.629576784116835,fail,1.8664852595463186,fail,0.016187639117631013,pass,0.6295767841168349,fail,0.011594824553435098,0.03304467990119502,1.1098350322461554,False,above,ab_fallback,ab_test,True
practitioner,19,noised_b2,noised-b2-1032,1032,dr,0.638838473056683,0.6090032336280077,0.6704420774242527,,0.5858816668833913,0.37440079233865514,26.858642816214168,0.0,trust,1.629576784116835,fail,1.8664852595463186,fail,0.016187639117631013,pass,0.6295767841168349,fail,0.011594824553435098,0.03304467990119502,1.1098350322461554,False,above,ab_fallback,ab_test,True
practitioner,19,noised_b2,noised-b2-1032,1032,switch_dr,0.6471545348663896,0.6272274076664859,0.6661053345281059,5.200010956123156,0.5858816668833913,0.37440079233865514,26.858642816214168,0.0,trust,1.629576784116835,fail,1.8664852595463186,fail,0.016187639117631013,pass,0.6295767841168349,fail,0.011594824553435098,0.03304467990119502,1.1098350322461554,False,above,ab_fallback,ab_test,True
practitioner,19,noised_b2,noised-b2-1032,1032,dros,0.6467195777516943,0.6337828631255273,0.6602594739863628,12.736237665492803,0.5858816668833913,0.37440079233865514,26.858642816214168,0.0,trust,1.629576784116835,fail,1.8664852595463186,fail,0.016187639117631013,pass,0.6295767841168349,fail,0.011594824553435098,0.03304467990119502,1.1098350322461554,False,above,ab_fallback,ab_test,True
practitioner,19,noised_b8,noised-b8-1032,1032,ips,1.265846111336727,1.175470353441033,1.344089051422016,,0.5858816668833913,0.16206602984432597,62.00535237606181,0.0,trust,1.564322785677318,fail,1.8664852595463186,fail,-0.0020330855813577215,pass,0.5787543643867853,fail,0.027014818536967782,0.09313878956056461,1.6830810316529548,False,above,ab_fallback,ab_test,False
practitioner,19,noised_b8,noised-b8-1032,1032,snips,0.8091975153252292,0.7778227090251082,0.8392793744751672,,0.5858816668833913,0.16206602984432597,62.00535237606181,0.0,trust,1.564322785677318,fail,1.8664852595463186,fail,-0.0020330855813577215,pass,0.5787543643867853,fail,0.027014818536967782,0.09313878956056461,1.6830810316529548,False,above,ab_fallback,ab_test,False
practitioner,19,noised_b8,noised-b8-1032,1032,clipped_ips,0.797519517691308,0.7606970196724708,0.8273480315845164,3.924963113625148,0.5858816668833913,0.16206602984432597,62.00535237606181,0.0,trust,1.564322785677318,fail,1.8664852595463186,fail,-0.0020330855813577215,pass,0.5787543643867853,fail,0.027014818536967782,0.09313878956056461,1.6830810316529548,False,above,ab_fallback,ab_test,False
practitioner,19,noised_b8,noised-b8-1032,1032,dm,0.8340243131232741,0.8291336914054799,0.8385816927604769,,0.5858816668833913,0.16206602984432597,62.00535237606181,0.0,trust,1.564322785677318,fail,1.8664852595463186,fail,-0.0020330855813577215,pass,0.5787543643867853,fail,0.027014818536967782,0.09313878956056461,1.6830810316529548,False,above,ab_fallback,ab_test,False
practitioner,19,noised_b8,noised-b8-1032,1032,dr,0.8070094945863063,0.7635781685536576,0.8519841389346108,,0.5858816668833913,0.16206602984432597,62.00535237606181,0.0,trust,1.564322785677318,fail,1.8664852595463186,fail,-0.0020330855813577215,pass,0.5787543643867853,fail,0.027014818536967782,0.09313878956056461,1.6830810316529548,False,above,ab_fallback,ab_test,False
practitioner,19,noised_b8,noised-b8-1032,1032,switch_dr,0.8389396223202935,0.8180470575843704,0.8556632856470199,6.784051126049574,0.5858816668833913,0.16206602984432597,62.00535237606181,0.0,trust,1.564322785677318,fail,1.8664852595463186,fail,-0.0020330855813577215,pass,0.5787543643867853,fail,0.027014818536967782,0.09313878956056461,1.6830810316529548,False,above,ab_fallback,ab_test,False
practitioner,19,noised_b8,noised-b8-1032,1032,dros,0.837810839422037,0.8260868420967219,0.8482241728706594,15.405335443318016,0.5858816668833913,0.16206602984432597,62.00535237606181,0.0,trust,1.564322785677318,fail,1.8664852595463186,fail,-0.0020330855813577215,pass,0.5787543643867853,fail,0.027014818536967782,0.09313878956056461,1.6830810316529548,False,above,ab_fallback,ab_test,False
practitioner,19,noised_b-2,noised-b-2-1033,1033,ips,0.6353574583966859,0.5882390111890308,0.683108571600471,,0.5925067870435354,0.2014759561914077,93.23071490976419,0.0,trust,1.649537559442019,fail,1.9059747324979242,fail,-0.0009348072309462216,pass,0.6495375594420189,fail,0.001462649723666324,0.09875501792817463,1.5573084768957013,False,below,ab_fallback,ab_test,False
practitioner,19,noised_b-2,noised-b-2-1033,1033,snips,0.3851730776058262,0.3569110957304688,0.41072621423053735,,0.5925067870435354,0.2014759561914077,93.23071490976419,0.0,trust,1.649537559442019,fail,1.9059747324979242,fail,-0.0009348072309462216,pass,0.6495375594420189,fail,0.001462649723666324,0.09875501792817463,1.5573084768957013,False,below,ab_fallback,ab_test,False
practitioner,19,noised_b-2,noised-b-2-1033,1033,clipped_ips,0.5315453038599226,0.5074641327165308,0.5548932328102615,3.7086278485435735,0.5925067870435354,0.2014759561914077,93.23071490976419,0.0,trust,1.649537559442019,fail,1.9059747324979242,fail,-0.0009348072309462216,pass,0.6495375594420189,fail,0.001462649723666324,0.09875501792817463,1.5573084768957013,False,below,ab_fallback,ab_test,False
practitioner,19,noised_b-2,noised-b-2-1033,1033,dm,0.3957650267599411,0.3918833253429873,0.39978297764662446,,0.5925067870435354,0.2014759561914077,93.23071490976419,0.0,trust,1.649537559442019,fail,1.9059747324979242,fail,-0.0009348072309462216,pass,0.6495375594420189,fail,0.001462649723666324,0.09875501792817463,1.5573084768957013,False,below,ab_fallback,ab_test,False
practitioner,19,noised_b-2,noised-b-2-1033,1033,dr,0.39430237703627474,0.3523404282300794,0.4371703218400681,,0.5925067870435354,0.2014759561914077,93.23071490976419,0.0,trust,1.649537559442019,fail,1.9059747324979242,fail,-0.0009348072309462216,pass,0.6495375594420189,fail,0.001462649723666324,0.09875501792817463,1.5573084768957013,False,below,ab_fallback,ab_test,False
practitioner,19,noised_b-2,noised-b-2-1033,1033,switch_dr,0.3851975160811036,0.3678331959951098,0.40326316776404253,6.007401367956523,0.5925067870435354,0.2014759561914077,93.23071490976419,0.0,trust,1.649537559442019,fail,1.9059747324979242,fail,-0.0009348072309462216,pass,0.6495375594420189,fail,0.001462649723666324,0.09875501792817463,1.5573084768957013,False,below,ab_fallback,ab_test,False
practitioner,19,noised_b-2,noised-b-2-1033,1033,dros,0.39247839964860526,0.3800574760324792,0.4042853093057625,13.753920518992935,0.5925067870435354,0.2014759561914077,93.23071490976419,0.0,trust,1.649537559442019,fail,1.9059747324979242,fail,-0.0009348072309462216,pass,0.6495375594420189,fail,0.001462649723666324,0.09875501792817463,1.5573084768957013,False,below,ab_fallback,ab_test,False
practitioner,19,noised_b2,noised-b2-1033,1033,ips,1.0828618703449193,1.03447416931305,1.1380478645730674,,0.5925067870435354,0.34732390406342234,44.0490043194751,0.0,trust,1.6484925954545964,fail,1.9059747324979242,fail,-0.011215160202268907,pass,0.6484925954545964,fail,0.0015033148854204613,0.05078622929961124,1.1493304735361283,False,above,ab_fallback,ab_test,True
practitioner,19,noised_b2,noised-b2-1033,1033,snips,0.6568800329044269,0.6342117480838071,0.6798208557795428,,0.5925067870435354,0.34732390406342234,44.0490043194751,0.0,trust,1.6484925954545964,fail,1.9059747324979242,fail,-0.011215160202268907,pass,0.6484925954545964,fail,0.0015033148854204613,0.05078622929961124,1.1493304735361283,False,above,ab_fallback,ab_test,True
practitioner,19,noised_b2,noised-b2-1033,1033,clipped_ips,0.865996256496066,0.8373975918984001,0.8944810360851372,3.6595168074324267,0.5925067870435354,0.34732390406342234,44.0490043194751,0.0,trust,1.6484925954545964,fail,1.9059747324979242,fail,-0.011215160202268907,pass,0.6484925954545964,fail,0.0015033148854204613,0.05078622929961124,1.1493304735361283,False,above,ab_fallback,ab_test,True
practitioner,19,noised_b2,noised-b2-1033,1033,dm,0.6591390513730663,0.6554481682314662,0.6624925054880412,,0.5925067870435354,0.34732390406342234,44.0490043194751,0.0,trust,1.6484925954545964,fail,1.9059747324979242,fail,-0.011215160202268907,pass,0.6484925954545964,fail,0.0015033148854204613,0.05078622929961124,1.1493304735361283,False,above,ab_fallback,ab_test,True
practitioner,19,noised_b2,noised-b2-1033,1033,dr,0.6576357364876458,0.6230269665761007,0.6946100670147174,,0.5925067870435354,0.34732390406342234,44.0490043194751,0.0,trust,1.6484925954545964,fail,1.9059747324979242,fail,-0.011215160202268907,pass,0.6484925954545964,fail,0.0015033148854204613,0.05078622929961124,1.1493304735361283,False,above,ab_fallback,ab_test,True
practitioner,19,noised_b2,noised-b2-1033,1033,switch_dr,0.6583036469642065,0.6385883802904613,0.6780895021232751,5.301901543955573,0.5925067870435354,0.34732390406342234,44.0490043194751,0.0,trust,1.6484925954545964,fail,1.9059747324979242,fail,-0.011215160202268907,pass,0.6484925954545964,fail,0.0015033148854204613,0.05078622929961124,1.1493304735361283,False,above,ab_fallback,ab_test,True
practitioner,19,noised_b2,noised-b2-1033,1033,dros,0.6579601385002067,0.6450861864082192,0.6699316426548003,13.39206326388042,0.5925067870435354,0.34732390406342234,44.0490043194751,0.0,trust,1.6484925954545964,fail,1.9059747324979242,fail,-0.011215160202268907,pass,0.6484925954545964,fail,0.0015033148854204613,0.05078622929961124,1.1493304735361283,False,above,ab_fallback,ab_test,True
practitioner,19,noised_b8,noised-b8-1033,1033,ips,1.3796678055822618,1.2900558914514013,1.4775092953124758,,0.5925067870435354,0.1571008855209586,80.86803379842152,0.0,trust,1.6486873939719597,fail,1.9059747324979242,fail,-0.00985413350446498,pass,0.6486873939719597,fail,0.014391925442392746,0.07791837967878003,1.7735352683931815,False,above,ab_fallback,ab_test,False
practitioner,19,noised_b8,noised-b8-1033,1033,snips,0.8368280188389229,0.8074986456054856,0.8680191807433437,,0.5925067870435354,0.1571008855209586,80.86803379842152,0.0,trust,1.6486873939719597,fail,1.9059747324979242,fail,-0.00985413350446498,pass,0.6486873939719597,fail,0.014391925442392746,0.07791837967878003,1.7735352683931815,False,above,ab_fallback,ab_test,False
practitioner,19,noised_b8,noised-b8-1033,1033,clipped_ips,0.8624925616318105,0.8284748027151843,0.8964297227584287,4.249174538509111,0.5925067870435354,0.1571008855209586,80.86803379842152,0.0,trust,1.6486873939719597,fail,1.9059747324979242,fail,-0.00985413350446498,pass,0.6486873939719597,fail,0.014391925442392746,0.07791837967878003,1.7735352683931815,False,above,ab_fallback,ab_test,False
practitioner,19,noised_b8,noised-b8-1033,1033,dm,0.8423855435405859,0.8377866961537461,0.8472791958999644,,0.5925067870435354,0.1571008855209586,80.86803379842152,0.0,trust,1.6486873939719597,fail,1.9059747324979242,fail,-0.00985413350446498,pass,0.6486873939719597,fail,0.014391925442392746,0.07791837967878003,1.7735352683931815,False,above,ab_fallback,ab_test,False
practitioner,19,noised_b8,noised-b8-1033,1033,dr,0.8279936180981932,0.770825324558285,0.8846866217121954,,0.5925067870435354,0.1571008855209586,80.86803379842152,0.0,trust,1.6486873939719597,fail,1.9059747324979242,fail,-0.00985413350446498,pass,0.6486873939719597,fail,0.014391925442392746,0.07791837967878003,1.7735352683931815,False,above,ab_fallback,ab_test,False
practitioner,19,noised_b8,noised-b8-1033,1033,switch_dr,0.8555512795210417,0.8337647496032985,0.8770441804207822,7.329983921481108,0.5925067870435354,0.1571008855209586,80.86803379842152,0.0,trust,1.6486873939719597,fail,1.9059747324979242,fail,-0.00985413350446498,pass,0.6486873939719597,fail,0.014391925442392746,0.07791837967878003,1.7735352683931815,False,above,ab_fallback,ab_test,False
practitioner,19,noised_b8,noised-b8-1033,1033,dros,0.850530586257158,0.8382771158612354,0.8638967001078891,18.055484258714117,0.5925067870435354,0.1571008855209586,80.86803379842152,0.0,trust,1.6486873939719597,fail,1.9059747324979242,fail,-0.00985413350446498,pass,0.6486873939719597,fail,0.014391925442392746,0.07791837967878003,1.7735352683931815,False,above,ab_fallback,ab_test,False
practitioner,19,noised_b-2,noised-b-2-1034,1034,ips,0.63952811372772,0.5855205362661832,0.7022682708218374,,0.5952711597163929,0.19371053762589355,89.29611336129246,0.0,trust,1.676830409419077,fail,1.7553108305701428,fail,0.03535833529872236,pass,0.6768304094190767,fail,0.007495253786085798,0.035872161897416266,1.5804678625751303,False,below,ab_fallback,ab_test,False
practitioner,19,noised_b-2,noised-b-2-1034,1034,snips,0.3813910519128043,0.34679428316584804,0.41696649154971044,,0.5952711597163929,0.19371053762589355,89.29611336129246,0.0,trust,1.676830409419077,fail,1.7553108305701428,fail,0.03535833529872236,pass,0.6768304094190767,fail,0.007495253786085798,0.035872161897416266,1.5804678625751303,False,below,ab_fallback,ab_test,False
practitioner,19,noised_b-2,noised-b-2-1034,1034,clipped_ips,0.5229875461085517,0.5014560413231524,0.5485710672878273,3.835103127726053,0.5952711597163929,0.19371053762589355,89.29611336129246,0.0,trust,1.676830409419077,fail,1.7553108305701428,fail,0.03535833529872236,pass,0.6768304094190767,fail,0.007495253786085798,0.035872161897416266,1.5804678625751303,False,below,ab_fallback,ab_test,False
practitioner,19,noised_b-2,noised-b-2-1034,1034,dm,0.39693805981228497,0.3932156612235413,0.4009252710152722,,0.5952711597163929,0.19371053762589355,89.29611336129246,0.0,trust,1.676830409419077,fail,1.7553108305701428,fail,0.03535833529872236,pass,0.6768304094190767,fail,0.007495253786085798,0.035872161897416266,1.5804678625751303,False,below,ab_fallback,ab_test,False
practitioner,19,noised_b-2,noised-b-2-1034,1034,dr,0.3894428060261992,0.33238258778984564,0.44993431540404727,,0.5952711597163929,0.19371053762589355,89.29611336129246,0.0,trust,1.676830409419077,fail,1.7553108305701428,fail,0.03535833529872236,pass,0.6768304094190767,fail,0.007495253786085798,0.035872161897416266,1.5804678625751303,False,below,ab_fallback,ab_test,False
practitioner,19,noised_b-2,noised-b-2-1034,1034,switch_dr,0.3905948264107175,0.3730248754475388,0.40913286210867505,6.300773564948663,0.5952711597163929,0.19371053762589355,89.29611336129246,0.0,trust,1.676830409419077,fail,1.7553108305701428,fail,0.03535833529872236,pass,0.6768304094190767,fail,0.007495253786085798,0.035872161897416266,1.5804678625751303,False,below,ab_fallback,ab_test,False
practitioner,19,noised_b-2,noised-b-2-1034,1034,dros,0.3894585395974576,0.3775261905225931,0.40232210814604025,14.708016000294155,0.5952711597163929,0.19371053762589355,89.29611336129246,0.0,trust,1.676830409419077,fail,1.7553108305701428,fail,0.03535833529872236,pass,0.6768304094190767,fail,0.007495253786085798,0.035872161897416266,1.5804678625751303,False,below,ab_fallback,ab_test,False
practitioner,19,noised_b2,noised-b2-1034,1034,ips,1.0722298111664388,1.0212156133943033,1.1284308199139015,,0.5952711597163929,0.31672945445507666,50.64029954624487,0.0,trust,1.645588003220746,fail,1.7553108305701428,fail,0.020333374706716152,pass,0.6455880032207462,fail,0.02062220213866704,0.048432280498959784,1.1285391821180344,False,above,ab_fallback,ab_test,True
practitioner,19,noised_b2,noised-b2-1034,1034,snips,0.6515785294179769,0.6267737936874176,0.6772678927306052,,0.5952711597163929,0.31672945445507666,50.64029954624487,0.0,trust,1.645588003220746,fail,1.7553108305701428,fail,0.020333374706716152,pass,0.6455880032207462,fail,0.02062220213866704,0.048432280498959784,1.1285391821180344,False,above,ab_fallback,ab_test,True
practitioner,19,noised_b2,noised-b2-1034,1034,clipped_ips,0.8401846192997088,0.812684124648607,0.8705571576038607,3.6891232455276626,0.5952711597163929,0.31672945445507666,50.64029954624487,0.0,trust,1.645588003220746,fail,1.7553108305701428,fail,0.020333374706716152,pass,0.6455880032207462,fail,0.02062220213866704,0.048432280498959784,1.1285391821180344,False,above,ab_fallback,ab_test,True
practitioner,19,noised_b2,noised-b2-1034,1034,dm,0.6599554279845485,0.6562950836956051,0.6635196246566962,,0.5952711597163929,0.31672945445507666,50.64029954624487,0.0,trust,1.645588003220746,fail,1.7553108305701428,fail,0.020333374706716152,pass,0.6455880032207462,fail,0.02062220213866704,0.048432280498959784,1.1285391821180344,False,above,ab_fallback,ab_test,True
practitioner,19,noised_b2,noised-b2-1034,1034,dr,0.6393332258458815,0.6025086885633872,0.6783178471253943,,0.5952711597163929,0.31672945445507666,50.64029954624487,0.0,trust,1.645588003220746,fail,1.7553108305701428,fail,0.020333374706716152,pass,0.6455880032207462,fail,0.02062220213866704,0.048432280498959784,1.1285391821180344,False,above,ab_fallback,ab_test,True
practitioner,19,noised_b2,noised-b2-1034,1034,switch_dr,0.6520969427818164,0.6347413328015785,0.6722875469684418,5.407378416240292,0.5952711597163929,0.31672945445507666,50.64029954624487,0.0,trust,1.645588003220746,fail,1.7553108305701428,fail,0.020333374706716152,pass,0.6455880032207462,fail,0.02062220213866704,0.048432280498959784,1.1285391821180344,False,above,ab_fallback,ab_test,True
practitioner,19,noised_b2,noised-b2-1034,1034,dros,0.6545231754160503,0.6427990255770498,0.6679004027271132,13.609630320692554,0.5952711597163929,0.31672945445507666,50.64029954624487,0.0,trust,1.645588003220746,fail,1.7553108305701428,fail,0.020333374706716152,pass,0.6455880032207462,fail,0.02062220213866704,0.048432280498959784,1.1285391821180344,False,above,ab_fallback,ab_test,True
practitioner,19,noised_b8,noised-b8-1034,1034,ips,1.4364596018277784,1.3244266972292196,1.558808918331419,,0.5952711597163929,0.127640158644279,118.15682925860462,0.0,distrust,1.6924386964149343,fail,1.7553108305701428,fail,0.010851982370536202,pass,0.7112098855860061,fail,0.00867419318563581,0.05885923817433417,1.8010708563817297,False,above,ab_fallback,ab_test,False
practitioner,19,noised_b8,noised-b8-1034,1034,snips,0.8487513343145648,0.8156415107960359,0.8833138637498377,,0.5952711597163929,0.127640158644279,118.15682925860462,0.0,distrust,1.6924386964149343,fail,1.7553108305701428,fail,0.010851982370536202,pass,0.7112098855860061,fail,0.00867419318563581,0.05885923817433417,1.8010708563817297,False,above,ab_fallback,ab_test,False
practitioner,19,noised_b8,noised-b8-1034,1034,clipped_ips,0.8328192624589468,0.7979763679218738,0.8679551014617835,4.099202755789203,0.5952711597163929,0.127640158644279,118.15682925860462,0.0,distrust,1.6924386964149343,fail,1.7553108305701428,fail,0.010851982370536202,pass,0.7112098855860061,fail,0.00867419318563581,0.05885923817433417,1.8010708563817297,False,above,ab_fallback,ab_test,False
practitioner,19,noised_b8,noised-b8-1034,1034,dm,0.8413216577125516,0.8363045139564756,0.8461648132975285,,0.5952711597163929,0.127640158644279,118.15682925860462,0.0,distrust,1.6924386964149343,fail,1.7553108305701428,fail,0.010851982370536202,pass,0.7112098855860061,fail,0.00867419318563581,0.05885923817433417,1.8010708563817297,False,above,ab_fallback,ab_test,False
practitioner,19,noised_b8,noised-b8-1034,1034,dr,0.8326474645269158,0.7755968067023861,0.891149647868694,,0.5952711597163929,0.127640158644279,118.15682925860462,0.0,distrust,1.6924386964149343,fail,1.7553108305701428,fail,0.010851982370536202,pass,0.7112098855860061,fail,0.00867419318563581,0.05885923817433417,1.8010708563817297,False,above,ab_fallback,ab_test,False
practitioner,19,noised_b8,noised-b8-1034,1034,switch_dr,0.8576470620174194,0.8381986531133608,0.8784525283532678,7.561923529516064,0.5952711597163929,0.127640158644279,118.15682925860462,0.0,distrust,1.6924386964149343,fail,1.7553108305701428,fail,0.010851982370536202,pass,0.7112098855860061,fail,0.00867419318563581,0.05885923817433417,1.8010708563817297,False,above,ab_fallback,ab_test,False
practitioner,19,noised_b8,noised-b8-1034,1034,dros,0.8477662223119171,0.8361371208285217,0.861381443170425,16.803463233069795,0.5952711597163929,0.127640158644279,118.15682925860462,0.0,distrust,1.6924386964149343,fail,1.7553108305701428,fail,0.010851982370536202,pass,0.7112098855860061,fail,0.00867419318563581,0.05885923817433417,1.8010708563817297,False,above,ab_fallback,ab_test,False
practitioner,19,noised_b-2,noised-b-2-1035,1035,ips,0.6241179504537598,0.5815464955816739,0.6661563776993079,,0.5887389143394121,0.2625394932691702,65.81901534289662,0.0,trust,1.6398747641093687,fail,1.8239546347339346,fail,0.041065030241565256,fail,0.6398747641093686,fail,0.040041783472222384,0.054366423857272944,1.5634769056552231,False,below,ab_fallback,ab_test,False
practitioner,19,noised_b-2,noised-b-2-1035,1035,snips,0.3805887889205516,0.35597643688634467,0.40786582831731377,,0.5887389143394121,0.2625394932691702,65.81901534289662,0.0,trust,1.6398747641093687,fail,1.8239546347339346,fail,0.041065030241565256,fail,0.6398747641093686,fail,0.040041783472222384,0.054366423857272944,1.5634769056552231,False,below,ab_fallback,ab_test,False
practitioner,19,noised_b-2,noised-b-2-1035,1035,clipped_ips,0.5509995571409207,0.5278703385498245,0.5713906796153284,3.861294515696965,0.5887389143394121,0.2625394932691702,65.81901534289662,0.0,trust,1.6398747641093687,fail,1.8239546347339346,fail,0.041065030241565256,fail,0.6398747641093686,fail,0.040041783472222384,0.054366423857272944,1.5634769056552231,False,below,ab_fallback,ab_test,False
practitioner,19,noised_b-2,noised-b-2-1035,1035,dm,0.3926497764623498,0.3886814215413093,0.3961389025663237,,0.5887389143394121,0.2625394932691702,65.81901534289662,0.0,trust,1.6398747641093687,fail,1.8239546347339346,fail,0.041065030241565256,fail,0.6398747641093686,fail,0.040041783472222384,0.054366423857272944,1.5634769056552231,False,below,ab_fallback,ab_test,False
practitioner,19,noised_b-2,noised-b-2-1035,1035,dr,0.3526079929901274,0.3134747246223426,0.38842360855104474,,0.5887389143394121,0.2625394932691702,65.81901534289662,0.0,trust,1.6398747641093687,fail,1.8239546347339346,fail,0.041065030241565256,fail,0.6398747641093686,fail,0.040041783472222384,0.054366423857272944,1.5634769056552231,False,below,ab_fallback,ab_test,False
practitioner,19,noised_b-2,noised-b-2-1035,1035,switch_dr,0.3910147773113387,0.3708862050100814,0.4107213851899246,5.933989689818975,0.5887389143394121,0.2625394932691702,65.81901534289662,0.0,trust,1.6398747641093687,fail,1.8239546347339346,fail,0.041065030241565256,fail,0.6398747641093686,fail,0.040041783472222384,0.054366423857272944,1.5634769056552231,False,below,ab_fallback,ab_test,False
practitioner,19,noised_b-2,noised-b-2-1035,1035,dros,0.38833983366623953,0.37534235658121484,0.4009240163386392,14.90959533695146,0.5887389143394121,0.2625394932691702,65.81901534289662,0.0,trust,1.6398747641093687,fail,1.8239546347339346,fail,0.041065030241565256,fail,0.6398747641093686,fail,0.040041783472222384,0.054366423857272944,1.5634769056552231,False,below,ab_fallback,ab_test,False
practitioner,19,noised_b2,noised-b2-1035,1035,ips,1.0515176895143608,0.9995839167241597,1.100906127824973,,0.5887389143394121,0.3638616386258476,46.33178095144625,0.0,trust,1.6511084684277293,fail,1.8239546347339346,fail,0.04177753194368781,fail,0.6511084684277291,fail,0.008917438163347354,0.049680721575644265,1.1080222550724252,False,above,ab_fallback,ab_test,True
practitioner,19,noised_b2,noised-b2-1035,1035,snips,0.636855609199116,0.6131143466162444,0.65821359150417,,0.5887389143394121,0.3638616386258476,46.33178095144625,0.0,trust,1.6511084684277293,fail,1.8239546347339346,fail,0.04177753194368781,fail,0.6511084684277291,fail,0.008917438163347354,0.049680721575644265,1.1080222550724252,False,above,ab_fallback,ab_test,True
practitioner,19,noised_b2,noised-b2-1035,1035,clipped_ips,0.8457147300659887,0.8146850397695155,0.8739006829859725,3.691378561443971,0.5887389143394121,0.3638616386258476,46.33178095144625,0.0,trust,1.6511084684277293,fail,1.8239546347339346,fail,0.04177753194368781,fail,0.6511084684277291,fail,0.008917438163347354,0.049680721575644265,1.1080222550724252,False,above,ab_fallback,ab_test,True
practitioner,19,noised_b2,noised-b2-1035,1035,dm,0.6482471901347815,0.6448653671471669,0.6518081120103383,,0.5887389143394121,0.3638616386258476,46.33178095144625,0.0,trust,1.6511084684277293,fail,1.8239546347339346,fail,0.04177753194368781,fail,0.6511084684277291,fail,0.008917438163347354,0.049680721575644265,1.1080222550724252,False,above,ab_fallback,ab_test,True
practitioner,19,noised_b2,noised-b2-1035,1035,dr,0.6393297519714342,0.6042160801131928,0.6721010813154297,,0.5887389143394121,0.3638616386258476,46.33178095144625,0.0,trust,1.6511084684277293,fail,1.8239546347339346,fail,0.04177753194368781,fail,0.6511084684277291,fail,0.008917438163347354,0.049680721575644265,1.1080222550724252,False,above,ab_fallback,ab_test,True
practitioner,19,noised_b2,noised-b2-1035,1035,switch_dr,0.6345808595506929,0.6145003169615343,0.6542890409655008,5.373747629436371,0.5887389143394121,0.3638616386258476,46.33178095144625,0.0,trust,1.6511084684277293,fail,1.8239546347339346,fail,0.04177753194368781,fail,0.6511084684277291,fail,0.008917438163347354,0.049680721575644265,1.1080222550724252,False,above,ab_fallback,ab_test,True
practitioner,19,noised_b2,noised-b2-1035,1035,dros,0.6414427458003229,0.6273275228445545,0.6549290443162584,13.626275683888162,0.5887389143394121,0.3638616386258476,46.33178095144625,0.0,trust,1.6511084684277293,fail,1.8239546347339346,fail,0.04177753194368781,fail,0.6511084684277291,fail,0.008917438163347354,0.049680721575644265,1.1080222550724252,False,above,ab_fallback,ab_test,True
practitioner,19,noised_b8,noised-b8-1035,1035,ips,1.3317956617126143,1.2442771882762111,1.408925918193276,,0.5887389143394121,0.15947824221701637,119.59113123210047,0.0,distrust,1.608998596863866,fail,1.8239546347339346,fail,0.047091215354953524,fail,0.608998596863866,fail,0.0013293703027880974,0.09425802746872686,1.7303344379224659,False,above,ab_fallback,ab_test,False
practitioner,19,noised_b8,noised-b8-1035,1035,snips,0.8277171057255401,0.7973182435726353,0.8579638320165981,,0.5887389143394121,0.15947824221701637,119.59113123210047,0.0,distrust,1.608998596863866,fail,1.8239546347339346,fail,0.047091215354953524,fail,0.608998596863866,fail,0.0013293703027880974,0.09425802746872686,1.7303344379224659,False,above,ab_fallback,ab_test,False
practitioner,19,noised_b8,noised-b8-1035,1035,clipped_ips,0.8513494596076624,0.8133762200847061,0.8842395163710615,4.142054405519161,0.5887389143394121,0.15947824221701637,119.59113123210047,0.0,distrust,1.608998596863866,fail,1.8239546347339346,fail,0.047091215354953524,fail,0.608998596863866,fail,0.0013293703027880974,0.09425802746872686,1.7303344379224659,False,above,ab_fallback,ab_test,False
practitioner,19,noised_b8,noised-b8-1035,1035,dm,0.836720962331853,0.8319702575850201,0.8419172078682673,,0.5887389143394121,0.15947824221701637,119.59113123210047,0.0,distrust,1.608998596863866,fail,1.8239546347339346,fail,0.047091215354953524,fail,0.608998596863866,fail,0.0013293703027880974,0.09425802746872686,1.7303344379224659,False,above,ab_fallback,ab_test,False
practitioner,19,noised_b8,noised-b8-1035,1035,dr,0.8353915920290649,0.7750393625908996,0.8871647250153718,,0.5887389143394121,0.15947824221701637,119.59113123210047,0.0,distrust,1.608998596863866,fail,1.8239546347339346,fail,0.047091215354953524,fail,0.608998596863866,fail,0.0013293703027880974,0.09425802746872686,1.7303344379224659,False,above,ab_fallback,ab_test,False
practitioner,19,noised_b8,noised-b8-1035,1035,switch_dr,0.838821504672659,0.819657417214203,0.8586453616732194,6.774630559056094,0.5887389143394121,0.15947824221701637,119.59113123210047,0.0,distrust,1.608998596863866,fail,1.8239546347339346,fail,0.047091215354953524,fail,0.608998596863866,fail,0.0013293703027880974,0.09425802746872686,1.7303344379224659,False,above,ab_fallback,ab_test,False
practitioner,19,noised_b8,noised-b8-1035,1035,dros,0.8387038654146892,0.8269904505010067,0.851132033248415,17.15661469828069,0.5887389143394121,0.15947824221701637,119.59113123210047,0.0,distrust,1.608998596863866,fail,1.8239546347339346,fail,0.047091215354953524,fail,0.608998596863866,fail,0.0013293703027880974,0.09425802746872686,1.7303344379224659,False,above,ab_fallback,ab_test,False
practitioner,19,noised_b-2,noised-b-2-1036,1036,ips,0.6176215728034352,0.569420386988055,0.6617224984131509,,0.5853739634565801,0.20237161023404163,126.97362324967328,0.0,distrust,1.6713176608335296,fail,1.8329444725512074,fail,0.043445975433542845,pass,0.6713176608335297,fail,0.04034972925910987,0.02813505891891669,1.5912439507829763,False,below,ab_fallback,ab_test,False
practitioner,19,noised_b-2,noised-b-2-1036,1036,snips,0.3695417019020856,0.33851757505893354,0.3980894666884008,,0.5853739634565801,0.20237161023404163,126.97362324967328,0.0,distrust,1.6713176608335296,fail,1.8329444725512074,fail,0.043445975433542845,pass,0.6713176608335297,fail,0.04034972925910987,0.02813505891891669,1.5912439507829763,False,below,ab_fallback,ab_test,False
practitioner,19,noised_b-2,noised-b-2-1036,1036,clipped_ips,0.5406499609218397,0.5158491325101866,0.5648242605799529,3.755664368605204,0.5853739634565801,0.20237161023404163,126.97362324967328,0.0,distrust,1.6713176608335296,fail,1.8329444725512074,fail,0.043445975433542845,pass,0.6713176608335297,fail,0.04034972925910987,0.02813505891891669,1.5912439507829763,False,below,ab_fallback,ab_test,False
practitioner,19,noised_b-2,noised-b-2-1036,1036,dm,0.40143017609998577,0.3973196520177406,0.404918008637702,,0.5853739634565801,0.20237161023404163,126.97362324967328,0.0,distrust,1.6713176608335296,fail,1.8329444725512074,fail,0.043445975433542845,pass,0.6713176608335297,fail,0.04034972925910987,0.02813505891891669,1.5912439507829763,False,below,ab_fallback,ab_test,False
practitioner,19,noised_b-2,noised-b-2-1036,1036,dr,0.3610804468408759,0.3160042361210274,0.4032247020527702,,0.5853739634565801,0.20237161023404163,126.97362324967328,0.0,distrust,1.6713176608335296,fail,1.8329444725512074,fail,0.043445975433542845,pass,0.6713176608335297,fail,0.04034972925910987,0.02813505891891669,1.5912439507829763,False,below,ab_fallback,ab_test,False
practitioner,19,noised_b-2,noised-b-2-1036,1036,switch_dr,0.39198417541055225,0.37130393140765683,0.4123585793471045,5.97515307388922,0.5853739634565801,0.20237161023404163,126.97362324967328,0.0,distrust,1.6713176608335296,fail,1.8329444725512074,fail,0.043445975433542845,pass,0.6713176608335297,fail,0.04034972925910987,0.02813505891891669,1.5912439507829763,False,below,ab_fallback,ab_test,False
practitioner,19,noised_b-2,noised-b-2-1036,1036,dros,0.39377922575115976,0.3808099547728782,0.40633112061587073,14.105014849610725,0.5853739634565801,0.20237161023404163,126.97362324967328,0.0,distrust,1.6713176608335296,fail,1.8329444725512074,fail,0.043445975433542845,pass,0.6713176608335297,fail,0.04034972925910987,0.02813505891891669,1.5912439507829763,False,below,ab_fallback,ab_test,False
practitioner,19,noised_b2,noised-b2-1036,1036,ips,1.052080007126882,1.0028593862407198,1.1036403569252327,,0.5853739634565801,0.3645937891011203,35.78131923145393,0.0,trust,1.653127997554332,fail,1.8329444725512074,fail,-0.010649159426633298,pass,0.6531279975543318,fail,0.014044730288934671,0.04848104373573066,1.1168356329780662,False,above,ab_fallback,ab_test,True
practitioner,19,noised_b2,noised-b2-1036,1036,snips,0.6364177539085593,0.6130884753520569,0.6589197890151528,,0.5853739634565801,0.3645937891011203,35.78131923145393,0.0,trust,1.653127997554332,fail,1.8329444725512074,fail,-0.010649159426633298,pass,0.6531279975543318,fail,0.014044730288934671,0.04848104373573066,1.1168356329780662,False,above,ab_fallback,ab_test,True
practitioner,19,noised_b2,noised-b2-1036,1036,clipped_ips,0.844757732188166,0.8134767211368927,0.8730582328616628,3.675173532912994,0.5853739634565801,0.3645937891011203,35.78131923145393,0.0,trust,1.653127997554332,fail,1.8329444725512074,fail,-0.010649159426633298,pass,0.6531279975543318,fail,0.014044730288934671,0.04848104373573066,1.1168356329780662,False,above,ab_fallback,ab_test,True
practitioner,19,noised_b2,noised-b2-1036,1036,dm,0.6432311798601363,0.6397997374011484,0.6467814833213283,,0.5853739634565801,0.3645937891011203,35.78131923145393,0.0,trust,1.653127997554332,fail,1.8329444725512074,fail,-0.010649159426633298,pass,0.6531279975543318,fail,0.014044730288934671,0.04848104373573066,1.1168356329780662,False,above,ab_fallback,ab_test,True
practitioner,19,noised_b2,noised-b2-1036,1036,dr,0.6291864495712016,0.5955859761054951,0.661666602004653,,0.5853739634565801,0.3645937891011203,35.78131923145393,0.0,trust,1.653127997554332,fail,1.8329444725512074,fail,-0.010649159426633298,pass,0.6531279975543318,fail,0.014044730288934671,0.04848104373573066,1.1168356329780662,False,above,ab_fallback,ab_test,True
practitioner,19,noised_b2,noised-b2-1036,1036,switch_dr,0.6221647134738815,0.601227626057666,0.6433924900010994,5.201177129099755,0.5853739634565801,0.3645937891011203,35.78131923145393,0.0,trust,1.653127997554332,fail,1.8329444725512074,fail,-0.010649159426633298,pass,0.6531279975543318,fail,0.014044730288934671,0.04848104373573066,1.1168356329780662,False,above,ab_fallback,ab_test,True
practitioner,19,noised_b2,noised-b2-1036,1036,dros,0.6350887261756383,0.6212653593474327,0.6483658423968816,13.50690049702418,0.5853739634565801,0.3645937891011203,35.78131923145393,0.0,trust,1.653127997554332,fail,1.8329444725512074,fail,-0.010649159426633298,pass,0.6531279975543318,fail,0.014044730288934671,0.04848104373573066,1.1168356329780662,False,above,ab_fallback,ab_test,True
practitioner,19,noised_b8,noised-b8-1036,1036,ips,1.3334583740954127,1.2267353996294221,1.441156324784683,,0.5853739634565801,0.14377116713011287,99.54203195759678,0.0,trust,1.6271228334067196,fail,1.8329444725512074,fail,-0.033420896200301316,pass,0.6282328588110172,fail,0.0044366102325760475,0.11017046513862262,1.7414015324647452,False,above,ab_fallback,ab_test,False
practitioner,19,noised_b8,noised-b8-1036,1036,snips,0.8195191823985044,0.7881179547646371,0.8529614198509246,,0.5853739634565801,0.14377116713011287,99.54203195759678,0.0,trust,1.6271228334067196,fail,1.8329444725512074,fail,-0.033420896200301316,pass,0.6282328588110172,fail,0.0044366102325760475,0.11017046513862262,1.7414015324647452,False,above,ab_fallback,ab_test,False
practitioner,19,noised_b8,noised-b8-1036,1036,clipped_ips,0.8186094952867328,0.7833128674219875,0.8539685542109839,4.120861342955457,0.5853739634565801,0.14377116713011287,99.54203195759678,0.0,trust,1.6271228334067196,fail,1.8329444725512074,fail,-0.033420896200301316,pass,0.6282328588110172,fail,0.0044366102325760475,0.11017046513862262,1.7414015324647452,False,above,ab_fallback,ab_test,False
practitioner,19,noised_b8,noised-b8-1036,1036,dm,0.8153305837469158,0.810837506871471,0.8202077271670727,,0.5853739634565801,0.14377116713011287,99.54203195759678,0.0,trust,1.6271228334067196,fail,1.8329444725512074,fail,-0.033420896200301316,pass,0.6282328588110172,fail,0.0044366102325760475,0.11017046513862262,1.7414015324647452,False,above,ab_fallback,ab_test,False
practitioner,19,noised_b8,noised-b8-1036,1036,dr,0.8197671939794918,0.7684729136302445,0.8758537091343113,,0.5853739634565801,0.14377116713011287,99.54203195759678,0.0,trust,1.6271228334067196,fail,1.8329444725512074,fail,-0.033420896200301316,pass,0.6282328588110172,fail,0.0044366102325760475,0.11017046513862262,1.7414015324647452,False,above,ab_fallback,ab_test,False
practitioner,19,noised_b8,noised-b8-1036,1036,switch_dr,0.8204220840498055,0.8001935048478084,0.8408244826086004,7.24614445740888,0.5853739634565801,0.14377116713011287,99.54203195759678,0.0,trust,1.6271228334067196,fail,1.8329444725512074,fail,-0.033420896200301316,pass,0.6282328588110172,fail,0.0044366102325760475,0.11017046513862262,1.7414015324647452,False,above,ab_fallback,ab_test,False
practitioner,19,noised_b8,noised-b8-1036,1036,dros,0.8188488035391978,0.8076055625086237,0.8314397214712933,16.98149820786465,0.5853739634565801,0.14377116713011287,99.54203195759678,0.0,trust,1.6271228334067196,fail,1.8329444725512074,fail,-0.033420896200301316,pass,0.6282328588110172,fail,0.0044366102325760475,0.11017046513862262,1.7414015324647452,False,above,ab_fallback,ab_test,False
practitioner,19,noised_b-2,noised-b-2-1037,1037,ips,0.5769921484474574,0.5401295866417908,0.6197214389532996,,0.5801209935847557,0.2333024699403781,75.99096771229257,0.0,trust,1.5714037768368077,fail,1.772054316247032,fail,-0.020619052149094753,pass,0.5714037768368075,fail,0.016595226600611628,0.05662416822077552,1.5887787266438937,False,below,ab_fallback,ab_test,False
practitioner,19,noised_b-2,noised-b-2-1037,1037,snips,0.36718261528486756,0.34191446017312865,0.394626350436073,,0.5801209935847557,0.2333024699403781,75.99096771229257,0.0,trust,1.5714037768368077,fail,1.772054316247032,fail,-0.020619052149094753,pass,0.5714037768368075,fail,0.016595226600611628,0.05662416822077552,1.5887787266438937,False,below,ab_fallback,ab_test,False
practitioner,19,noised_b-2,noised-b-2-1037,1037,clipped_ips,0.5040479519158898,0.48205569093888057,0.5272136680723515,3.6042553963689405,0.5801209935847557,0.2333024699403781,75.99096771229257,0.0,trust,1.5714037768368077,fail,1.772054316247032,fail,-0.020619052149094753,pass,0.5714037768368075,fail,0.016595226600611628,0.05662416822077552,1.5887787266438937,False,below,ab_fallback,ab_test,False
practitioner,19,noised_b-2,noised-b-2-1037,1037,dm,0.3824494582287446,0.3784500134806315,0.3862195502774578,,0.5801209935847557,0.2333024699403781,75.99096771229257,0.0,trust,1.5714037768368077,fail,1.772054316247032,fail,-0.020619052149094753,pass,0.5714037768368075,fail,0.016595226600611628,0.05662416822077552,1.5887787266438937,False,below,ab_fallback,ab_test,False
practitioner,19,noised_b-2,noised-b-2-1037,1037,dr,0.36585423162813296,0.33234048264153676,0.4013559939175811,,0.5801209935847557,0.2333024699403781,75.99096771229257,0.0,trust,1.5714037768368077,fail,1.772054316247032,fail,-0.020619052149094753,pass,0.5714037768368075,fail,0.016595226600611628,0.05662416822077552,1.5887787266438937,False,below,ab_fallback,ab_test,False
practitioner,19,noised_b-2,noised-b-2-1037,1037,switch_dr,0.3794426116103683,0.360902418999669,0.3987493008894114,5.861972082219536,0.5801209935847557,0.2333024699403781,75.99096771229257,0.0,trust,1.5714037768368077,fail,1.772054316247032,fail,-0.020619052149094753,pass,0.5714037768368075,fail,0.016595226600611628,0.05662416822077552,1.5887787266438937,False,below,ab_fallback,ab_test,False
practitioner,19,noised_b-2,noised-b-2-1037,1037,dros,0.37586166146459177,0.36379352189200487,0.38785432616686843,12.99065696225463,0.5801209935847557,0.2333024699403781,75.99096771229257,0.0,trust,1.5714037768368077,fail,1.772054316247032,fail,-0.020619052149094753,pass,0.5714037768368075,fail,0.016595226600611628,0.05662416822077552,1.5887787266438937,False,below,ab_fallback,ab_test,False
practitioner,19,noised_b2,noised-b2-1037,1037,ips,0.9987600916151236,0.9534233158219537,1.045283893088311,,0.5801209935847557,0.3797611734754507,31.337196951010867,0.0,trust,1.573566851979699,fail,1.772054316247032,fail,0.022372429224574726,pass,0.5735668519796989,fail,0.008945618162875809,0.03214831468040951,1.1296951804456827,False,above,ab_fallback,ab_test,True
practitioner,19,noised_b2,noised-b2-1037,1037,snips,0.6347109373577532,0.6145856520404467,0.6530969600839028,,0.5801209935847557,0.3797611734754507,31.337196951010867,0.0,trust,1.573566851979699,fail,1.772054316247032,fail,0.022372429224574726,pass,0.5735668519796989,fail,0.008945618162875809,0.03214831468040951,1.1296951804456827,False,above,ab_fallback,ab_test,True
practitioner,19,noised_b2,noised-b2-1037,1037,clipped_ips,0.8201112044316644,0.794088985327863,0.8466985248122153,3.5337166710934667,0.5801209935847557,0.3797611734754507,31.337196951010867,0.0,trust,1.573566851979699,fail,1.772054316247032,fail,0.022372429224574726,pass,0.5735668519796989,fail,0.008945618162875809,0.03214831468040951,1.1296951804456827,False,above,ab_fallback,ab_test,True
practitioner,19,noised_b2,noised-b2-1037,1037,dm,0.6430308714593809,0.6391626672918925,0.647153687724427,,0.5801209935847557,0.3797611734754507,31.337196951010867,0.0,trust,1.573566851979699,fail,1.772054316247032,fail,0.022372429224574726,pass,0.5735668519796989,fail,0.008945618162875809,0.03214831468040951,1.1296951804456827,False,above,ab_fallback,ab_test,True
practitioner,19,noised_b2,noised-b2-1037,1037,dr,0.6340852532965051,0.6078786857354574,0.6603824909073165,,0.5801209935847557,0.3797611734754507,31.337196951010867,0.0,trust,1.573566851979699,fail,1.772054316247032,fail,0.022372429224574726,pass,0.5735668519796989,fail,0.008945618162875809,0.03214831468040951,1.1296951804456827,False,above,ab_fallback,ab_test,True
practitioner,19,noised_b2,noised-b2-1037,1037,switch_dr,0.636789526564014,0.6183018104514441,0.6553185597563863,5.010445858633339,0.5801209935847557,0.3797611734754507,31.337196951010867,0.0,trust,1.573566851979699,fail,1.772054316247032,fail,0.022372429224574726,pass,0.5735668519796989,fail,0.008945618162875809,0.03214831468040951,1.1296951804456827,False,above,ab_fallback,ab_test,True
practitioner,19,noised_b2,noised-b2-1037,1037,dros,0.6387861188027225,0.6269838627780093,0.6510831617273567,12.487153511563891,0.5801209935847557,0.3797611734754507,31.337196951010867,0.0,trust,1.573566851979699,fail,1.772054316247032,fail,0.022372429224574726,pass,0.5735668519796989,fail,0.008945618162875809,0.03214831468040951,1.1296951804456827,False,above,ab_fallback,ab_test,True
practitioner,19,noised_b8,noised-b8-1037,1037,ips,1.221887028374468,1.1495592462786133,1.3061969763465038,,0.5801209935847557,0.17738020058695855,61.75804177748747,0.0,trust,1.525120830619801,fail,1.772054316247032,fail,0.044776111551775924,fail,0.525120830619801,fail,0.03298220854981651,0.041965573609285156,1.7173094570318965,False,above,ab_fallback,ab_test,False
practitioner,19,noised_b8,noised-b8-1037,1037,snips,0.8011739160876189,0.77481452338115,0.8268539111985768,,0.5801209935847557,0.17738020058695855,61.75804177748747,0.0,trust,1.525120830619801,fail,1.772054316247032,fail,0.044776111551775924,fail,0.525120830619801,fail,0.03298220854981651,0.041965573609285156,1.7173094570318965,False,above,ab_fallback,ab_test,False
practitioner,19,noised_b8,noised-b8-1037,1037,clipped_ips,0.8093681346384808,0.7764468880116622,0.8393832896270826,4.01746253092039,0.5801209935847557,0.17738020058695855,61.75804177748747,0.0,trust,1.525120830619801,fail,1.772054316247032,fail,0.044776111551775924,fail,0.525120830619801,fail,0.03298220854981651,0.041965573609285156,1.7173094570318965,False,above,ab_fallback,ab_test,False
practitioner,19,noised_b8,noised-b8-1037,1037,dm,0.822928875432772,0.8182005369722836,0.8279642452809772,,0.5801209935847557,0.17738020058695855,61.75804177748747,0.0,trust,1.525120830619801,fail,1.772054316247032,fail,0.044776111551775924,fail,0.525120830619801,fail,0.03298220854981651,0.041965573609285156,1.7173094570318965,False,above,ab_fallback,ab_test,False
practitioner,19,noised_b8,noised-b8-1037,1037,dr,0.7899466668829556,0.7519913028771413,0.8286796595594004,,0.5801209935847557,0.17738020058695855,61.75804177748747,0.0,trust,1.525120830619801,fail,1.772054316247032,fail,0.044776111551775924,fail,0.525120830619801,fail,0.03298220854981651,0.041965573609285156,1.7173094570318965,False,above,ab_fallback,ab_test,False
practitioner,19,noised_b8,noised-b8-1037,1037,switch_dr,0.8344937017432934,0.8153238442166658,0.8518155621328041,6.475875145279224,0.5801209935847557,0.17738020058695855,61.75804177748747,0.0,trust,1.525120830619801,fail,1.772054316247032,fail,0.044776111551775924,fail,0.525120830619801,fail,0.03298220854981651,0.041965573609285156,1.7173094570318965,False,above,ab_fallback,ab_test,False
practitioner,19,noised_b8,noised-b8-1037,1037,dros,0.8267778404142605,0.8143880190536479,0.8379364818432615,16.140005187349267,0.5801209935847557,0.17738020058695855,61.75804177748747,0.0,trust,1.525120830619801,fail,1.772054316247032,fail,0.044776111551775924,fail,0.525120830619801,fail,0.03298220854981651,0.041965573609285156,1.7173094570318965,False,above,ab_fallback,ab_test,False
practitioner,19,noised_b-2,noised-b-2-1038,1038,ips,0.6221231139650579,0.5755639634550286,0.6659809419937469,,0.5890144719075281,0.2131609479435751,117.0187564733323,0.0,distrust,1.642398116342246,fail,1.755852295673885,fail,0.007060429275969325,pass,0.642398116342246,fail,0.0006327909053177945,0.053850441160986105,1.5912814339030341,False,below,ab_fallback,ab_test,False
practitioner,19,noised_b-2,noised-b-2-1038,1038,snips,0.37878947118532785,0.35383653987651364,0.40732130052235827,,0.5890144719075281,0.2131609479435751,117.0187564733323,0.0,distrust,1.642398116342246,fail,1.755852295673885,fail,0.007060429275969325,pass,0.642398116342246,fail,0.0006327909053177945,0.053850441160986105,1.5912814339030341,False,below,ab_fallback,ab_test,False
practitioner,19,noised_b-2,noised-b-2-1038,1038,clipped_ips,0.5331060782061816,0.5083211137978081,0.5563553944328671,3.8460797968391236,0.5890144719075281,0.2131609479435751,117.0187564733323,0.0,distrust,1.642398116342246,fail,1.755852295673885,fail,0.007060429275969325,pass,0.642398116342246,fail,0.0006327909053177945,0.053850441160986105,1.5912814339030341,False,below,ab_fallback,ab_test,False
practitioner,19,noised_b-2,noised-b-2-1038,1038,dm,0.39102607693948316,0.3874135822565793,0.39475677734769593,,0.5890144719075281,0.2131609479435751,117.0187564733323,0.0,distrust,1.642398116342246,fail,1.755852295673885,fail,0.007060429275969325,pass,0.642398116342246,fail,0.0006327909053177945,0.053850441160986105,1.5912814339030341,False,below,ab_fallback,ab_test,False
practitioner,19,noised_b-2,noised-b-2-1038,1038,dr,0.39039328603416534,0.34656687507607303,0.4392250862896638,,0.5890144719075281,0.2131609479435751,117.0187564733323,0.0,distrust,1.642398116342246,fail,1.755852295673885,fail,0.007060429275969325,pass,0.642398116342246,fail,0.0006327909053177945,0.053850441160986105,1.5912814339030341,False,below,ab_fallback,ab_test,False
practitioner,19,noised_b-2,noised-b-2-1038,1038,switch_dr,0.3917945684784285,0.3723237647842321,0.4108161210258587,6.196066927106313,0.5890144719075281,0.2131609479435751,117.0187564733323,0.0,distrust,1.642398116342246,fail,1.755852295673885,fail,0.007060429275969325,pass,0.642398116342246,fail,0.0006327909053177945,0.053850441160986105,1.5912814339030341,False,below,ab_fallback,ab_test,False
practitioner,19,noised_b-2,noised-b-2-1038,1038,dros,0.39038310154805655,0.3770417865375983,0.4024926528003493,14.792329803654074,0.5890144719075281,0.2131609479435751,117.0187564733323,0.0,distrust,1.642398116342246,fail,1.755852295673885,fail,0.007060429275969325,pass,0.642398116342246,fail,0.0006327909053177945,0.053850441160986105,1.5912814339030341,False,below,ab_fallback,ab_test,False
practitioner,19,noised_b2,noised-b2-1038,1038,ips,1.043070419766709,0.9930214035407656,1.089979104744148,,0.5890144719075281,0.3611600290433086,43.60228394831391,0.0,trust,1.625808377168427,fail,1.755852295673885,fail,-0.019749957944367093,pass,0.6258083771684271,fail,0.011713183420254656,0.031406068670631886,1.1224174251341454,False,above,ab_fallback,ab_test,True
practitioner,19,noised_b2,noised-b2-1038,1038,snips,0.6415703316668611,0.6205779892172155,0.6616501784606694,,0.5890144719075281,0.3611600290433086,43.60228394831391,0.0,trust,1.625808377168427,fail,1.755852295673885,fail,-0.019749957944367093,pass,0.6258083771684271,fail,0.011713183420254656,0.031406068670631886,1.1224174251341454,False,above,ab_fallback,ab_test,True
practitioner,19,noised_b2,noised-b2-1038,1038,clipped_ips,0.8510063891649639,0.8216188021983369,0.8796035378959636,3.5990525008039187,0.5890144719075281,0.3611600290433086,43.60228394831391,0.0,trust,1.625808377168427,fail,1.755852295673885,fail,-0.019749957944367093,pass,0.6258083771684271,fail,0.011713183420254656,0.031406068670631886,1.1224174251341454,False,above,ab_fallback,ab_test,True
practitioner,19,noised_b2,noised-b2-1038,1038,dm,0.6523889853951644,0.6486502231625346,0.6561204360821209,,0.5890144719075281,0.3611600290433086,43.60228394831391,0.0,trust,1.625808377168427,fail,1.755852295673885,fail,-0.019749957944367093,pass,0.6258083771684271,fail,0.011713183420254656,0.031406068670631886,1.1224174251341454,False,above,ab_fallback,ab_test,True
practitioner,19,noised_b2,noised-b2-1038,1038,dr,0.6406758019749098,0.6095640337205804,0.6707406273200879,,0.5890144719075281,0.3611600290433086,43.60228394831391,0.0,trust,1.625808377168427,fail,1.755852295673885,fail,-0.019749957944367093,pass,0.6258083771684271,fail,0.011713183420254656,0.031406068670631886,1.1224174251341454,False,above,ab_fallback,ab_test,True
practitioner,19,noised_b2,noised-b2-1038,1038,switch_dr,0.6593704350857004,0.6375746929874379,0.6796432132353449,5.286349662882778,0.5890144719075281,0.3611600290433086,43.60228394831391,0.0,trust,1.625808377168427,fail,1.755852295673885,fail,-0.019749957944367093,pass,0.6258083771684271,fail,0.011713183420254656,0.031406068670631886,1.1224174251341454,False,above,ab_fallback,ab_test,True
practitioner,19,noised_b2,noised-b2-1038,1038,dros,0.6536745069531387,0.6404196403116307,0.6668992143292546,12.953178903542941,0.5890144719075281,0.3611600290433086,43.60228394831391,0.0,trust,1.625808377168427,fail,1.755852295673885,fail,-0.019749957944367093,pass,0.6258083771684271,fail,0.011713183420254656,0.031406068670631886,1.1224174251341454,False,above,ab_fallback,ab_test,True
practitioner,19,noised_b8,noised-b8-1038,1038,ips,1.3180993696931511,1.231152306427074,1.4228590611574776,,0.5890144719075281,0.14846302000802883,84.92598971865456,0.0,trust,1.628045823770968,fail,1.755852295673885,fail,-0.04338822125321603,pass,0.628045823770968,fail,0.01976301975284551,0.07295047899019103,1.6763233768034704,False,above,ab_fallback,ab_test,False
practitioner,19,noised_b8,noised-b8-1038,1038,snips,0.8096205588612352,0.7800632995628126,0.8380810891653703,,0.5890144719075281,0.14846302000802883,84.92598971865456,0.0,trust,1.628045823770968,fail,1.755852295673885,fail,-0.04338822125321603,pass,0.628045823770968,fail,0.01976301975284551,0.07295047899019103,1.6763233768034704,False,above,ab_fallback,ab_test,False
practitioner,19,noised_b8,noised-b8-1038,1038,clipped_ips,0.8338091540753942,0.802455477425611,0.8697331378423722,4.140457121238995,0.5890144719075281,0.14846302000802883,84.92598971865456,0.0,trust,1.628045823770968,fail,1.755852295673885,fail,-0.04338822125321603,pass,0.628045823770968,fail,0.01976301975284551,0.07295047899019103,1.6763233768034704,False,above,ab_fallback,ab_test,False
practitioner,19,noised_b8,noised-b8-1038,1038,dm,0.8244140032507348,0.8191324175562512,0.8290878973022499,,0.5890144719075281,0.14846302000802883,84.92598971865456,0.0,trust,1.628045823770968,fail,1.755852295673885,fail,-0.04338822125321603,pass,0.628045823770968,fail,0.01976301975284551,0.07295047899019103,1.6763233768034704,False,above,ab_fallback,ab_test,False
practitioner,19,noised_b8,noised-b8-1038,1038,dr,0.8046509834978892,0.7610942906491189,0.8490724401991844,,0.5890144719075281,0.14846302000802883,84.92598971865456,0.0,trust,1.628045823770968,fail,1.755852295673885,fail,-0.04338822125321603,pass,0.628045823770968,fail,0.01976301975284551,0.07295047899019103,1.6763233768034704,False,above,ab_fallback,ab_test,False
practitioner,19,noised_b8,noised-b8-1038,1038,switch_dr,0.8319174954396511,0.8138581191445278,0.8507577426050271,7.042221442131547,0.5890144719075281,0.14846302000802883,84.92598971865456,0.0,trust,1.628045823770968,fail,1.755852295673885,fail,-0.04338822125321603,pass,0.628045823770968,fail,0.01976301975284551,0.07295047899019103,1.6763233768034704,False,above,ab_fallback,ab_test,False
practitioner,19,noised_b8,noised-b8-1038,1038,dros,0.8310392542842661,0.8196179721168523,0.8436189556849175,17.143385172818707,0.5890144719075281,0.14846302000802883,84.92598971865456,0.0,trust,1.628045823770968,fail,1.755852295673885,fail,-0.04338822125321603,pass,0.628045823770968,fail,0.01976301975284551,0.07295047899019103,1.6763233768034704,False,above,ab_fallback,ab_test,False
practitioner,19,noised_b-2,noised-b-2-1039,1039,ips,0.6077499891973844,0.5586970828092572,0.653038055191119,,0.594265257431859,0.2093480453124487,92.97688795603956,0.0,trust,1.6467897009689358,fail,1.779927237634202,fail,-0.00836001599423716,pass,0.6467897009689358,fail,0.03184742862796013,0.07989142060328495,1.6018695436402999,False,below,ab_fallback,ab_test,False
practitioner,19,noised_b-2,noised-b-2-1039,1039,snips,0.3690513663279515,0.33674907290575407,0.40122745660222814,,0.594265257431859,0.2093480453124487,92.97688795603956,0.0,trust,1.6467897009689358,fail,1.779927237634202,fail,-0.00836001599423716,pass,0.6467897009689358,fail,0.03184742862796013,0.07989142060328495,1.6018695436402999,False,below,ab_fallback,ab_test,False
practitioner,19,noised_b-2,noised-b-2-1039,1039,clipped_ips,0.5328289110747539,0.5079146485874697,0.5542024828243128,3.8227634761193476,0.594265257431859,0.2093480453124487,92.97688795603956,0.0,trust,1.6467897009689358,fail,1.779927237634202,fail,-0.00836001599423716,pass,0.6467897009689358,fail,0.03184742862796013,0.07989142060328495,1.6018695436402999,False,below,ab_fallback,ab_test,False
practitioner,19,noised_b-2,noised-b-2-1039,1039,dm,0.3840770557905363,0.3802280089128656,0.3879011024894733,,0.594265257431859,0.2093480453124487,92.97688795603956,0.0,trust,1.6467897009689358,fail,1.779927237634202,fail,-0.00836001599423716,pass,0.6467897009689358,fail,0.03184742862796013,0.07989142060328495,1.6018695436402999,False,below,ab_fallback,ab_test,False
practitioner,19,noised_b-2,noised-b-2-1039,1039,dr,0.35222962716257616,0.3048187514757141,0.39433094744756514,,0.594265257431859,0.2093480453124487,92.97688795603956,0.0,trust,1.6467897009689358,fail,1.779927237634202,fail,-0.00836001599423716,pass,0.6467897009689358,fail,0.03184742862796013,0.07989142060328495,1.6018695436402999,False,below,ab_fallback,ab_test,False
practitioner,19,noised_b-2,noised-b-2-1039,1039,switch_dr,0.3810794303517936,0.3615254557515765,0.4006534656360394,6.025842708623879,0.594265257431859,0.2093480453124487,92.97688795603956,0.0,trust,1.6467897009689358,fail,1.779927237634202,fail,-0.00836001599423716,pass,0.6467897009689358,fail,0.03184742862796013,0.07989142060328495,1.6018695436402999,False,below,ab_fallback,ab_test,False
practitioner,19,noised_b-2,noised-b-2-1039,1039,dros,0.38266393189199943,0.3703012533543754,0.3955536910049432,14.613520594352078,0.594265257431859,0.2093480453124487,92.97688795603956,0.0,trust,1.6467897009689358,fail,1.779927237634202,fail,-0.00836001599423716,pass,0.6467897009689358,fail,0.03184742862796013,0.07989142060328495,1.6018695436402999,False,below,ab_fallback,ab_test,False
practitioner,19,noised_b2,noised-b2-1039,1039,ips,1.0985103123400592,1.0456921350839712,1.1549447670200144,,0.594265257431859,0.354368230566662,46.23268844423747,0.0,trust,1.676753317676592,fail,1.779927237634202,fail,-0.037187586236087894,pass,0.6767533176765923,fail,0.003774982351498171,0.0454236858420151,1.1402426875422633,False,above,ab_fallback,ab_test,True
practitioner,19,noised_b2,noised-b2-1039,1039,snips,0.6551412785407335,0.6303411800546781,0.6777745805904093,,0.594265257431859,0.354368230566662,46.23268844423747,0.0,trust,1.676753317676592,fail,1.779927237634202,fail,-0.037187586236087894,pass,0.6767533176765923,fail,0.003774982351498171,0.0454236858420151,1.1402426875422633,False,above,ab_fallback,ab_test,True
practitioner,19,noised_b2,noised-b2-1039,1039,clipped_ips,0.8779205474657205,0.8472727588630214,0.9088305881895975,3.685450872881464,0.594265257431859,0.354368230566662,46.23268844423747,0.0,trust,1.676753317676592,fail,1.779927237634202,fail,-0.037187586236087894,pass,0.6767533176765923,fail,0.003774982351498171,0.0454236858420151,1.1402426875422633,False,above,ab_fallback,ab_test,True
practitioner,19,noised_b2,noised-b2-1039,1039,dm,0.6597053987596739,0.6559126491658271,0.6636868649552998,,0.594265257431859,0.354368230566662,46.23268844423747,0.0,trust,1.676753317676592,fail,1.779927237634202,fail,-0.037187586236087894,pass,0.6767533176765923,fail,0.003774982351498171,0.0454236858420151,1.1402426875422633,False,above,ab_fallback,ab_test,True
practitioner,19,noised_b2,noised-b2-1039,1039,dr,0.6559304164081757,0.6200072828997635,0.6871304704838491,,0.594265257431859,0.354368230566662,46.23268844423747,0.0,trust,1.676753317676592,fail,1.779927237634202,fail,-0.037187586236087894,pass,0.6767533176765923,fail,0.003774982351498171,0.0454236858420151,1.1402426875422633,False,above,ab_fallback,ab_test,True
practitioner,19,noised_b2,noised-b2-1039,1039,switch_dr,0.6587851380342924,0.636765745164237,0.6793440900859785,5.445531625815009,0.594265257431859,0.354368230566662,46.23268844423747,0.0,trust,1.676753317676592,fail,1.779927237634202,fail,-0.037187586236087894,pass,0.6767533176765923,fail,0.003774982351498171,0.0454236858420151,1.1402426875422633,False,above,ab_fallback,ab_test,True
practitioner,19,noised_b2,noised-b2-1039,1039,dros,0.6573384300110355,0.6433473054744326,0.6714964496257231,13.582548136422744,0.594265257431859,0.354368230566662,46.23268844423747,0.0,trust,1.676753317676592,fail,1.779927237634202,fail,-0.037187586236087894,pass,0.6767533176765923,fail,0.003774982351498171,0.0454236858420151,1.1402426875422633,False,above,ab_fallback,ab_test,True
practitioner,19,noised_b8,noised-b8-1039,1039,ips,1.4336080552834338,1.3294164301104223,1.5591167728683846,,0.594265257431859,0.14622852574626108,87.7625247492401,0.0,trust,1.7068679343014947,fail,1.779927237634202,fail,-0.031481455449127435,pass,0.706867934301495,fail,0.00624384104934141,0.0555234155715963,1.7864842975465367,False,above,ab_fallback,ab_test,False
practitioner,19,noised_b8,noised-b8-1039,1039,snips,0.8399056696030277,0.807416273851378,0.8727406235281815,,0.594265257431859,0.14622852574626108,87.7625247492401,0.0,trust,1.7068679343014947,fail,1.779927237634202,fail,-0.031481455449127435,pass,0.706867934301495,fail,0.00624384104934141,0.0555234155715963,1.7864842975465367,False,above,ab_fallback,ab_test,False
practitioner,19,noised_b8,noised-b8-1039,1039,clipped_ips,0.8584402512967284,0.822835334875718,0.8933090732282521,4.268132815110443,0.594265257431859,0.14622852574626108,87.7625247492401,0.0,trust,1.7068679343014947,fail,1.779927237634202,fail,-0.031481455449127435,pass,0.706867934301495,fail,0.00624384104934141,0.0555234155715963,1.7864842975465367,False,above,ab_fallback,ab_test,False
practitioner,19,noised_b8,noised-b8-1039,1039,dm,0.8505026030817623,0.8460002230282544,0.8559425016107718,,0.594265257431859,0.14622852574626108,87.7625247492401,0.0,trust,1.7068679343014947,fail,1.779927237634202,fail,-0.031481455449127435,pass,0.706867934301495,fail,0.00624384104934141,0.0555234155715963,1.7864842975465367,False,above,ab_fallback,ab_test,False
practitioner,19,noised_b8,noised-b8-1039,1039,dr,0.8442587620324209,0.7873063602216182,0.895462160162772,,0.594265257431859,0.14622852574626108,87.7625247492401,0.0,trust,1.7068679343014947,fail,1.779927237634202,fail,-0.031481455449127435,pass,0.706867934301495,fail,0.00624384104934141,0.0555234155715963,1.7864842975465367,False,above,ab_fallback,ab_test,False
practitioner,19,noised_b8,noised-b8-1039,1039,switch_dr,0.8526245057786321,0.8290653200452416,0.8728776013026357,7.642254200178404,0.594265257431859,0.14622852574626108,87.7625247492401,0.0,trust,1.7068679343014947,fail,1.779927237634202,fail,-0.031481455449127435,pass,0.706867934301495,fail,0.00624384104934141,0.0555234155715963,1.7864842975465367,False,above,ab_fallback,ab_test,False
practitioner,19,noised_b8,noised-b8-1039,1039,dros,0.8552299790194058,0.8414117955858758,0.867493059372281,18.216957727422592,0.594265257431859,0.14622852574626108,87.7625247492401,0.0,trust,1.7068679343014947,fail,1.779927237634202,fail,-0.031481455449127435,pass,0.706867934301495,fail,0.00624384104934141,0.0555234155715963,1.7864842975465367,False,above,ab_fallback,ab_test,False
